t,x_follower,v_follower,a_follower,x_leader,v_leader,a_leader,leader_length,spacing,dv
551.1,58.58242322,29.38438162,-1.697528616,136.0684449,28.67410293,-1.652578117,14.8,62.686021679999996,0.7102786899999991
551.2,61.57448504,29.21462876,-1.714389872,138.9257589,28.51251199,-1.579240595,14.8,62.55127386000001,0.70211677
551.3000000000001,64.52989849,29.04937223,-1.996567326,141.7672805,28.35825481,-1.505903073,14.8,62.43738201000001,0.6911174200000012
551.4,67.45001246,28.88861204,-2.154710063,144.593743,28.21133138,-1.432565551,14.8,62.343730539999996,0.677280660000001
551.5,70.33617586,28.69862567,-2.348338305,147.4058799,28.0717417,-1.359228029,14.8,62.26970404000001,0.626883969999998
551.6,73.1897376,28.38609796,-2.521964813,150.2044245,27.93948577,-1.285890507,14.8,62.21468689999999,0.44661218999999974
551.7,76.01204656,28.09155558,-2.696224824,152.9901101,27.8145636,-1.212552985,14.8,62.17806354000001,0.2769919800000018
551.8000000000001,78.80445164,27.81499855,-2.776811193,155.7636703,27.69697517,-1.139215463,14.8,62.15921866000001,0.11802337999999679
551.9,81.56830176,27.53619334,-2.678453868,158.5258383,27.5867205,-1.065877941,14.8,62.15753654000001,-0.050527159999997906
552.0,84.30494581,27.27087714,-2.559488343,161.2773475,27.48379959,-0.992540419,14.8,62.17240168999999,-0.21292245000000065
552.1,87.01573269,27.01904995,-2.450826918,164.0189313,27.38821242,-0.919202897,14.8,62.20319861,-0.36916246999999913
552.2,89.7020113,26.78071176,-2.315936873,166.7513231,27.29995901,-0.845865375,14.8,62.249311800000015,-0.5192472499999994
552.3000000000001,92.36513054,26.55586258,-2.181046828,169.4752563,27.21903935,-0.772527853,14.8,62.31012576000002,-0.6631767699999997
552.4,95.00643931,26.34450239,-2.046156783,172.1914641,27.14545344,-0.699416738,14.8,62.38502478999999,-0.8009510500000019
552.5,97.62728652,26.14663122,-1.911266738,174.9006801,27.07920128,-0.627664068,14.8,62.47339357999999,-0.9325700599999998
552.6,100.2290211,25.96224905,-1.776376693,177.6036375,27.02028287,-0.558628288,14.8,62.5746164,-1.0580338199999986
552.7,102.8129918,25.79135588,-1.641486648,180.3010698,26.96856238,-0.493667842,14.8,62.68807799999999,-1.1772065000000005
552.8000000000001,105.3805477,25.63395172,-1.506596603,182.9937103,26.92336057,-0.434141176,14.8,62.81316260000001,-1.289408850000001
552.9,107.9330377,25.49003656,-1.371706558,185.6822924,26.88386237,-0.381406734,14.8,62.9492547,-1.3938258099999992
553.0,110.4718105,25.35961041,-1.236816513,188.3675494,26.84925273,-0.336596553,14.8,63.0957389,-1.4896423200000015
553.1,112.9982152,25.24267326,-1.101926468,191.0501062,26.81871657,-0.29993704,14.8,63.251890999999986,-1.5760433099999993
553.2,115.5136007,25.13922511,-0.967036423,193.7301526,26.79143883,-0.27120179,14.8,63.4165519,-1.6522137199999989
553.3000000000001,118.0193158,25.04926597,-0.832146378,196.40777,26.76660445,-0.249258763,14.8,63.5884542,-1.7173384799999987
553.4,120.5167094,24.97279584,-0.697256333,199.0830397,26.74339834,-0.232749516,14.8,63.76633030000001,-1.770602499999999
553.5,123.0071304,24.90981471,-0.562366288,201.756043,26.7211413,-0.220315603,14.8,63.948912600000014,-1.8113265900000002
553.6,125.4919278,24.86032258,-0.427476243,204.4268613,26.69969747,-0.210598579,14.8,64.13493350000002,-1.839374890000002
553.7,127.9724504,24.82431946,-0.292586199,207.0955759,26.67906686,-0.202240001,14.8,64.3231255,-1.8547473999999973
553.8000000000001,130.4500472,24.80180534,-0.157696154,209.7622681,26.65924947,-0.19410783,14.8,64.5122209,-1.8574441299999975
553.9,132.926067,24.79278023,-0.022806109,212.4270192,26.6402453,-0.185975659,14.8,64.7009522,-1.8474650699999984
554.0,135.4018587,24.79724412,0.112083936,215.0899106,26.62205434,-0.177843487,14.8,64.88805190000001,-1.8248102199999998
554.1,137.8787713,24.81519701,0.246973981,217.7510235,26.6046766,-0.169711316,14.8,65.0722522,-1.7894795900000027
554.2,140.3581536,24.84663891,0.381864026,220.4104393,26.58811208,-0.161579145,14.8,65.2522857,-1.741473169999999
554.3000000000001,142.8413546,24.89156982,0.516754071,223.0682393,26.57236077,-0.153446974,14.8,65.4268847,-1.6807909499999987
554.4,145.3297231,24.94998973,0.651644116,225.7245048,26.55742268,-0.144284248,14.8,65.59478170000001,-1.6074329499999997
554.5,147.8246081,25.02189864,0.786227258,228.3793172,26.54329781,-0.128938188,14.8,65.7547091,-1.5213991699999987
554.6,150.3273583,25.10729656,0.918968981,231.0327578,26.52998616,-0.101225461,14.8,65.90539950000003,-1.4226895999999982
554.7,152.8393229,25.20618348,1.048027868,233.6849078,26.51810605,-0.054962735,14.8,66.04558489999998,-1.3119225700000001
554.8000000000001,155.3618505,25.31837527,1.1715625,236.3358487,26.51074917,0.016033324,14.8,66.17399820000001,-1.1923738999999998
554.9,157.8962902,25.44295121,1.287731458,238.9856617,26.5116255,0.117946049,14.8,66.2893715,-1.0686742900000006
555.0,160.4439909,25.57880645,1.394693324,241.6344282,26.52444504,0.255928218,14.8,66.39043730000002,-0.9456385900000015
555.1,163.0063014,25.72483614,1.490913583,244.2827241,26.55291781,0.431010386,14.8,66.47642269999999,-0.8280816699999995
555.2,165.5844233,25.87993544,1.576085332,246.9331041,26.60075379,0.642161998,14.8,66.54868080000001,-0.7208183499999983
555.3000000000001,168.178969,26.04299948,1.650515473,249.5886176,26.67166298,0.884230276,14.8,66.6096486,-0.6286635000000018
555.4,170.7904035,26.21292342,1.715738523,252.2523138,26.7693554,1.151031888,14.8,66.6619103,-0.5564319799999993
555.5,173.4191918,26.38860241,1.773595899,254.9272421,26.89692269,1.436383499,14.8,66.70805030000001,-0.5083202799999995
555.6,176.0657989,26.56911573,1.82592902,257.6164517,27.05498321,1.734101776,14.8,66.75065280000003,-0.4858674799999996
555.7,178.7306898,26.75427926,1.874579305,260.3229921,27.24353694,2.038003387,14.8,66.79230230000003,-0.4892576799999979
555.8000000000001,181.4143296,26.94409297,1.921388171,263.0499125,27.46258388,2.342935553,14.8,66.8355829,-0.5184909100000006
555.9,184.1171833,27.13855689,1.967890134,265.8002623,27.71212405,2.647867719,14.8,66.883079,-0.5735671599999996
556.0,186.8397159,27.337671,2.014392096,268.5770907,27.99215743,2.952799885,14.8,66.9373748,-0.6544864299999986
556.1,189.5823924,27.54143531,2.060894059,271.3834471,28.30268403,3.257732051,14.8,67.00105470000001,-0.7612487200000011
556.2,192.3456779,27.74984981,2.107396022,274.2223809,28.64370384,3.562664218,14.8,67.07670300000002,-0.89385403
556.3000000000001,195.1300373,27.96291451,2.153897985,277.0969413,29.01521687,3.867596384,14.8,67.16690400000003,-1.0523023599999988
556.4,197.9359357,28.18062941,2.200399948,280.0101777,29.41722312,4.17252855,14.8,67.274242,-1.2365937099999975
556.5,200.7638381,28.4029945,2.246901911,282.9651393,29.84972258,4.474379219,14.8,67.40130119999999,-1.4467280800000033
556.6,203.6142095,28.63000979,2.293434931,285.9648756,30.31271526,4.757740906,14.8,67.55066610000004,-1.682705470000002
556.7,206.4875149,28.86167528,2.340154297,289.0124358,30.80620116,4.995163381,14.8,67.72492089999999,-1.9445258800000005
556.8000000000001,209.3842194,29.09799096,2.387246355,292.1108692,31.32833137,5.195041404,14.8,67.92664980000002,-2.23034041
556.9,212.304788,29.33897547,2.434897449,295.2632252,31.86986141,5.312002251,14.8,68.15843720000002,-2.5308859399999974
557.0,215.2496857,29.58472199,2.483293926,298.4725531,32.41432114,5.336518186,14.8,68.42286740000004,-2.82959915
557.1,218.2193775,29.83534232,2.532622131,301.7419022,32.96674742,5.253181726,14.8,68.72252470000002,-3.1314050999999985
557.2,221.2143284,30.09094826,2.583037352,305.0728428,33.49991661,5.058911371,14.8,69.05851439999999,-3.4089683499999985
557.3000000000001,224.2350185,30.35165163,2.634570647,308.4610285,34.00811207,4.765749868,14.8,69.42601,-3.6564604400000036
557.4,227.2819871,30.61756424,2.687190958,311.9006339,34.48024041,4.362220959,14.8,69.8186468,-3.8626761700000003
557.5,230.3557888,30.88879788,2.740742997,315.3858337,34.90520824,3.893697368,14.8,70.23004489999998,-4.016410360000002
557.6,233.456978,31.16546438,2.795040419,318.9108025,35.27377107,3.36970683,14.8,70.6538245,-4.108306690000003
557.7,236.5861093,31.44765689,2.849896877,322.4697149,35.58408,2.808738328,14.8,71.08360559999998,-4.136423109999999
557.8000000000001,239.7437371,31.73539406,2.905126027,326.0567454,35.83613503,2.229280844,14.8,71.51300830000001,-4.10074097
557.9,242.9304158,32.02867588,2.960541522,329.6660688,36.02993617,1.646741862,14.8,71.93565300000002,-4.001260289999998
558.0,246.1466999,32.32750236,3.015988076,333.2918596,36.1654834,1.064202881,14.8,72.34515970000002,-3.8379810400000025
558.1,249.393144,32.6318735,3.071434629,336.9282924,36.24277674,0.4816639,14.8,72.73514839999997,-3.610903239999999
558.2,252.6703023,32.94178929,3.126881182,340.5695419,36.26181618,-0.100875082,14.8,73.09923959999999,-3.320026889999994
558.3000000000001,255.9787295,33.25724974,3.182327735,344.2097826,36.22260173,-0.683414063,14.8,73.4310531,-2.965351990000002
558.4,259.3189799,33.57825484,3.237774288,347.8431892,36.12513337,-1.265953045,14.8,73.7242093,-2.5468785300000008
558.5,262.6916081,33.90480459,3.293220841,351.4639363,35.96941112,-1.845411991,14.8,73.9723282,-2.064606529999999
558.6,266.0971685,34.23689901,3.33788612,355.0661984,35.75543496,-2.40639073,14.8,74.16902990000001,-1.5185359500000004
558.7,269.5362156,34.57453807,3.381011217,358.6441502,35.48320491,-2.930409054,14.8,74.30793460000002,-0.9086668399999951
558.8000000000001,273.0093038,34.91772179,3.411797544,362.1919663,35.15456899,-3.398986754,14.8,74.3826625,-0.2368471999999997
558.9,276.5169876,35.25998141,3.401791157,365.7038213,34.77876729,-3.802546862,14.8,74.38683370000003,0.4812141200000042
559.0,280.0598215,35.60686157,3.349328809,369.1738899,34.36688794,-4.095899454,14.8,74.31406840000001,1.2399736300000015
559.1,283.63836,35.95188312,3.243796509,372.5963466,33.93001906,-4.290354073,14.8,74.15798660000003,2.0218640599999986
559.2,287.2531574,36.2779737,3.085361542,375.9668444,33.47390685,-4.373927445,14.8,73.913687,2.804066849999998
559.3000000000001,290.9039192,36.58413536,2.854168825,379.2869501,33.02566524,-4.349699605,14.8,73.5830309,3.5584701199999955
559.4,294.5869541,36.8639997,2.552171953,382.5597087,32.58035654,-4.233070727,14.8,73.17275459999998,4.283643160000004
559.5,298.2977221,37.11119833,2.206055873,385.7881655,32.15441082,-4.03361778,14.8,72.6904434,4.956787509999998
559.6,302.0316828,37.31936286,1.817483833,388.9753653,31.75706817,-3.796530685,14.8,72.14368250000003,5.562294689999998
559.7,305.7842959,37.48318629,1.397069821,392.1243535,31.39017663,-3.513579937,14.8,71.54005759999997,6.09300966
559.8000000000001,309.5510213,37.60160722,0.955427829,395.2381751,31.05373618,-3.212148982,14.8,70.88715379999998,6.547871039999997
559.9,313.3273186,37.67462566,0.503171846,398.3198752,30.74774683,-2.907637991,14.8,70.1925566,6.926878829999996
560.0,317.1086477,37.70224159,0.049146865,401.3724989,30.47220858,-2.603127001,14.8,69.46385119999998,7.23003301
560.1,320.8904682,37.68445503,-0.404878116,404.3990914,30.22712143,-2.298616011,14.8,68.70862319999999,7.457333600000002
560.2,324.6682399,37.62126597,-0.858903096,407.4026977,30.01248538,-1.99410502,14.8,67.93445779999998,7.608780590000002
560.3000000000001,328.4374226,37.51267441,-1.312928077,410.3863629,29.82830043,-1.68959403,14.8,67.1489403,7.684373980000004
560.4,332.1934761,37.35868035,-1.766953058,413.3531322,29.67456657,-1.38508304,14.8,66.35965610000001,7.684113780000001
560.5,335.9318599,37.1592838,-2.220978039,416.3060507,29.55128382,-1.080572049,14.8,65.57419080000001,7.607999979999999
560.6,339.6480341,36.91448475,-2.672412688,419.2481634,29.45845216,-0.777557223,14.8,64.8001293,7.4560325899999995
560.7,343.3374581,36.6242832,-3.108305343,422.1825156,29.39607161,-0.483519378,14.8,64.0450575,7.228211590000001
560.8000000000001,346.9955919,36.28867915,-3.51311401,425.1121522,29.36414215,-0.207435499,14.8,63.316560300000006,6.924537000000001
560.9,350.6178952,35.9092268,-3.871296696,428.0401184,29.36176609,0.041717433,14.8,62.622223199999965,6.547460709999999
561.0,354.1998277,35.49369715,-4.167311407,430.9694594,29.38445495,0.259686398,14.8,61.969631699999994,6.109242200000004
561.1,357.7368492,35.05141539,-4.385616149,433.9032202,29.42682252,0.423322527,14.8,61.36637100000003,5.624592870000001
561.2,361.2244194,34.59170673,-4.51325926,436.8444459,29.48348262,0.539316887,14.8,60.8200265,5.108224109999998
561.3000000000001,364.6592414,34.12389635,-4.547650409,439.7954636,29.55188345,0.601449353,14.8,60.33622220000002,4.572012900000004
561.4,368.0429918,33.65730946,-4.491379928,442.7557274,29.61813567,0.611216088,14.8,59.91273560000003,4.0391737899999995
561.5,371.3785905,33.20127124,-4.357399478,445.7239736,29.68535623,0.576097912,14.8,59.54538310000005,3.515915009999997
561.6,374.6689573,32.7651069,-4.161251052,448.6989383,29.74532456,0.500347844,14.8,59.22998100000002,3.019782339999999
561.7,377.9170123,32.35658744,-3.918476645,451.6793577,29.79355217,0.407114752,14.8,58.96234540000002,2.5630352699999968
561.8000000000001,381.1256753,31.97726704,-3.644618251,454.6639679,29.82914137,0.291203734,14.8,58.73829259999998,2.1481256700000024
561.9,384.2978662,31.62714572,-3.355217863,457.6515052,29.85209215,0.166315734,14.8,58.55363899999999,1.7750535700000007
562.0,387.4365049,31.30622347,-3.063227143,460.6407056,29.86240452,0.03993157,14.8,58.404200700000004,1.4438189500000007
562.1,390.5445113,31.01450029,-2.771236422,463.6303053,29.86007847,-0.086452595,14.8,58.28579399999997,1.1544218199999996
562.2,393.6248054,30.75197619,-2.479245702,466.6190405,29.845114,-0.212836759,14.8,58.19423509999997,0.9068621900000018
562.3000000000001,396.680307,30.51865115,-2.187254982,469.6056473,29.81751111,-0.339220923,14.8,58.12534029999996,0.7011400399999985
562.4,399.7139361,30.31452519,-1.895264261,472.5888619,29.77726981,-0.465605087,14.8,58.074925799999974,0.5372553800000013
562.5,402.7286125,30.1395983,-1.603273541,475.5674205,29.7243901,-0.591989252,14.8,58.03880800000003,0.4152081999999986
562.6,405.7272562,29.99387048,-1.312574229,478.5400591,29.65887196,-0.718192566,14.8,58.01280290000001,0.3349985199999992
562.7,408.7127871,29.87734173,-1.029623367,481.5055141,29.58071541,-0.843310778,14.8,57.992727000000016,0.29662632000000144
562.8000000000001,411.688125,29.79001206,-0.762169406,484.4625214,29.48992045,-0.966258789,14.8,57.9743964,0.30009160999999906
562.9,414.65619,29.73110661,-0.517960796,487.4098174,29.38659558,-1.085951496,14.8,57.95362740000003,0.3445110299999996
563.0,417.6199018,29.69675117,-0.304745987,490.3461381,29.27128335,-1.201303799,14.8,57.92623630000004,0.42546781999999794
563.1,420.5821804,29.68229666,-0.123339923,493.2702196,29.14463482,-1.311230596,14.8,57.888039199999994,0.5376618399999984
563.2,423.5459458,29.683094,-0.001000165,496.1807983,29.00730107,-1.414827636,14.8,57.83485249999997,0.6757929300000001
563.3000000000001,426.5134978,29.69449414,0.081782397,499.0766969,28.85993313,-1.51191407,14.8,57.76319910000002,0.834561009999998
563.4,429.4846572,29.71600811,0.119365666,501.9570858,28.70318209,-1.602670747,14.8,57.6724286,1.012826020000002
563.5,432.4586244,29.73050651,0.118206683,504.8212219,28.53769899,-1.688001918,14.8,57.562597499999995,1.1928075200000023
563.6,435.4346002,29.74582061,0.086053899,507.6683623,28.36413491,-1.768992685,14.8,57.43376210000004,1.3816856999999985
563.7,438.4117853,29.75391605,0.023722258,510.4977639,28.18303238,-1.846728148,14.8,57.28597859999998,1.5708836700000006
563.8000000000001,441.3893802,29.75401801,-0.040239271,513.3086837,27.99449992,-1.922293409,14.8,57.11930349999996,1.7595180900000003
563.9,444.3665856,29.74612648,-0.118882756,516.1003788,27.79853752,-1.996773569,14.8,56.93379320000004,1.947588960000001
564.0,447.3426022,29.73024146,-0.19881765,518.8721062,27.5951452,-2.071072879,14.8,56.72950399999998,2.1350962599999974
564.1,450.3166307,29.70636295,-0.278752544,521.6231228,27.38432295,-2.145372189,14.8,56.50649210000002,2.3220399999999977
564.2,453.2878716,29.67449095,-0.358687438,524.3526858,27.16607076,-2.219671498,14.8,56.2648142,2.508420189999999
564.3000000000001,456.2555256,29.63462546,-0.438622332,527.060052,26.94038865,-2.293970808,14.8,56.004526400000046,2.6942368099999996
564.4,459.2187934,29.58676649,-0.518557226,529.7444784,26.7072766,-2.368270118,14.8,55.72568500000007,2.8794898899999986
564.5,462.1768756,29.53091402,-0.59849212,532.4052222,26.46673462,-2.442569428,14.8,55.42834660000001,3.0641794000000004
564.6,465.128973,29.46706806,-0.678112959,535.0415403,26.21876272,-2.516395134,14.8,55.11256729999998,3.248305339999998
564.7,468.074286,29.39522862,-0.755849464,537.6526897,25.96336088,-2.587379218,14.8,54.77840370000003,3.4318677400000013
564.8000000000001,471.0120154,29.31539568,-0.829817302,540.2379275,25.70052911,-2.652680058,14.8,54.42591209999996,3.6148665700000002
564.9,473.9413619,29.22775769,-0.89813214,542.7965105,25.43055157,-2.709456032,14.8,54.05514859999995,3.797206120000002
565.0,476.861526,29.13325681,-0.958909645,545.3276959,25.15484907,-2.754865519,14.8,53.66616989999996,3.978407739999998
565.1,479.7717085,29.03302364,-1.011908361,547.8307407,24.87512659,-2.786066896,14.8,53.25903219999999,4.157897049999999
565.2,482.67111,28.92818878,-1.052163764,550.3049017,24.5930891,-2.800692144,14.8,52.83379169999996,4.335099679999999
565.3000000000001,485.5590818,28.81988283,-1.079687267,552.7496635,24.31044157,-2.798267661,14.8,52.3905817,4.509441260000003
565.4,488.4355784,28.70825066,-1.097753215,555.1654196,24.02888897,-2.77926705,14.8,51.929841199999956,4.67936169
565.5,491.3007049,28.59645943,-1.106397495,557.552791,23.75013628,-2.746058329,14.8,51.45208609999993,4.84632315
565.6,494.1545665,28.48544445,-1.107504442,559.9123988,23.47588847,-2.70148312,14.8,50.95783230000002,5.009555979999998
565.7,496.9972682,28.37437171,-1.101315511,562.2448638,23.20756636,-2.648383045,14.8,50.44759559999996,5.166805349999997
565.8000000000001,499.8289151,28.26435028,-1.093109281,564.5508071,22.9454541,-2.589599726,14.8,49.92189200000003,5.318896179999999
565.9,502.6496126,28.15538016,-1.084444616,566.8308497,22.68955169,-2.527974785,14.8,49.381237100000035,5.465828470000002
566.0,505.4594655,28.04746136,-1.073931507,569.0856125,22.43985914,-2.465876241,14.8,48.826147000000006,5.60760222
566.1,508.2585792,27.94059386,-1.063418398,571.3157166,22.19637645,-2.403777697,14.8,48.25713739999999,5.744217410000001
566.2,511.0470586,27.83477768,-1.052905289,573.5217829,21.9591036,-2.341679152,14.8,47.67472429999994,5.87567408
566.3000000000001,513.825009,27.7300128,-1.04239218,575.7044324,21.72804062,-2.279580608,14.8,47.07942339999995,6.001972179999999
566.4,516.5925355,27.62629924,-1.031879071,577.8642861,21.50318748,-2.217482064,14.8,46.47175059999991,6.1231117600000005
566.5,519.3497432,27.52363699,-1.021365962,580.0019649,21.2845442,-2.155383519,14.8,45.85222169999993,6.239092790000001
566.6,522.0967373,27.42202605,-1.010957444,582.11809,21.07211078,-2.093284975,14.8,45.22135270000008,6.34991527
566.7,524.8336228,27.32146642,-1.001176467,584.2132822,20.86588721,-2.03101316,14.8,44.57965940000004,6.45557921
566.8000000000001,527.5605049,27.2219581,-0.992986481,586.2881625,20.66587349,-1.967701724,14.8,43.927657600000046,6.556084609999999
566.9,530.2774888,27.12343834,-0.986007305,588.3433519,20.47206963,-1.902311044,14.8,43.265863100000004,6.65136871
567.0,532.9846795,27.02559336,-0.981874205,590.3794715,20.28457959,-1.833801499,14.8,42.594792000000055,6.741013769999999
567.1,535.6821822,26.9278451,-0.980878813,592.3971421,20.10392317,-1.761133467,14.8,41.91495989999994,6.823921929999997
567.2,538.370102,26.83042167,-0.983544081,594.3969849,19.93072415,-1.683267327,14.8,41.226882900000035,6.89969752
567.3000000000001,541.0484939,26.7323419,-0.9899746,596.3796206,19.76560631,-1.599336726,14.8,40.531126699999916,6.9667355900000025
567.4,543.717212,26.63343081,-0.999729872,598.3457537,19.60919341,-1.509168395,14.8,39.82854170000003,7.0242374000000005
567.5,546.3760601,26.53331189,-1.013294668,600.2964207,19.46210923,-1.412935604,14.8,39.120360599999984,7.071202660000001
567.6,549.0248422,26.4316086,-1.029033723,602.2327418,19.32497755,-1.311504705,14.8,38.40789960000002,7.106631050000001
567.7,551.6633623,26.32800718,-1.046655404,604.155837,19.19842213,-1.205915318,14.8,37.692474700000005,7.129585049999999
567.8000000000001,554.2914241,26.22244487,-1.065532168,606.0668262,19.08296279,-1.097207066,14.8,36.97540210000007,7.1394820800000005
567.9,556.9088317,26.11492166,-1.085036474,607.9668295,18.97870349,-0.986419571,14.8,36.25799780000007,7.136218169999999
568.0,559.5153889,26.00543757,-1.104645371,609.8569669,18.88564422,-0.874592454,14.8,35.54157800000003,7.119793350000002
568.1,562.1108997,25.89399259,-1.124254267,611.7383584,18.80378499,-0.762592067,14.8,34.82745870000004,7.090207599999999
568.2,564.6951679,25.78058672,-1.143863164,613.6121239,18.73312581,-0.65059168,14.8,34.11695600000003,7.047460909999998
568.3000000000001,567.2679974,25.66521996,-1.16347206,615.4793835,18.67366666,-0.538591293,14.8,33.41138610000003,6.991553300000003
568.4,569.8291923,25.54789231,-1.183080957,617.3412572,18.62540755,-0.426590906,14.8,32.71206489999993,6.922484760000003
568.5,572.3785563,25.42860376,-1.202689853,619.198865,18.58834848,-0.314590519,14.8,32.020308699999944,6.840255280000001
568.6,574.9158935,25.30735433,-1.222298749,621.0533269,18.56248944,-0.202590132,14.8,31.337433399999963,6.744864889999999
568.7,577.4410077,25.18414401,-1.241845842,622.9057629,18.54783045,-0.091046173,14.8,30.664755200000013,6.636313560000001
568.8000000000001,579.9537027,25.05897281,-1.261022113,624.7572929,18.5443715,0.017759214,14.8,30.00359020000003,6.51460131
568.9,582.4537827,24.93184071,-1.279456739,626.6090371,18.55211258,0.121087458,14.8,29.35525439999999,6.37972813
569.0,584.9410513,24.8027848,-1.296778899,628.4621154,18.57077984,0.216199987,14.8,28.72106409999999,6.232004960000001
569.1,587.4153127,24.6719905,-1.31261777,630.3176479,18.59900401,0.300358231,14.8,28.102335200000038,6.072986489999998
569.2,589.8763705,24.53968029,-1.326602531,632.1767544,18.63514192,0.37365587,14.8,27.500383900000042,5.904538370000001
569.3000000000001,592.3240289,24.40607668,-1.338424163,634.040555,18.67755044,0.425314003,14.8,26.91652610000001,5.728526240000001
569.4,594.7581213,24.27140214,-1.348020861,635.9099507,18.72458643,0.46337296,14.8,26.351829399999996,5.546815710000001
569.5,597.1786001,24.13587919,-1.355454431,637.7849661,18.7763061,0.485456916,14.8,25.80636599999998,5.359573090000001
569.6,599.585447,23.9997303,-1.36103389,639.6654065,18.82596825,0.493848015,14.8,25.279959499999972,5.173762050000001
569.7,601.978644,23.86317798,-1.365130061,641.5510775,18.87702778,0.491284828,14.8,24.772433499999988,4.986150200000001
569.8000000000001,604.358173,23.72640763,-1.368113765,643.4417846,18.92641607,0.477673674,14.8,24.28361160000004,4.799991560000002
569.9,606.724016,23.58945634,-1.370355824,645.3373333,18.97385925,0.464249882,14.8,23.813317299999948,4.615597090000001
570.0,609.0761548,23.45232411,-1.372227062,647.237529,19.01935733,0.445255266,14.8,23.361374199999954,4.432966780000001
570.1,611.4145713,23.31501093,-1.374036496,649.1421773,19.06291031,0.425804222,14.8,22.927605999999923,4.25210062
570.2,613.7392474,23.17751681,-1.37584593,651.0510836,19.10451818,0.406353177,14.8,22.511836200000015,4.072998630000001
570.3000000000001,616.0501651,23.03984174,-1.377655364,652.9640535,19.14418094,0.386902133,14.8,22.113888400000018,3.8956608000000017
570.4,618.3473063,22.90198573,-1.379464798,654.8808923,19.1818986,0.367451088,14.8,21.733586000000013,3.7200871299999996
570.5,620.6306528,22.76394878,-1.381274232,656.8014057,19.21767116,0.348000044,14.8,21.370752900000024,3.5462776200000015
570.6,622.9001865,22.62573089,-1.382529916,658.7253991,19.25149861,0.328548999,14.8,21.025212599999985,3.374232280000001
570.7,625.1558894,22.48733205,-1.384062475,660.652678,19.28338096,0.309097955,14.8,20.69678860000006,3.2039510900000003
570.8000000000001,627.3977434,22.34875227,-1.384364047,662.5830479,19.3133182,0.293732171,14.8,20.38530450000003,3.0354340699999973
570.9,629.6257303,22.21032379,-1.380619575,664.5163142,19.34131034,0.278300468,14.8,20.090583900000023,2.8690134500000006
571.0,631.8398322,22.07150223,-1.371613508,666.4522825,19.36735738,0.273081917,14.8,19.812450299999977,2.7041448499999987
571.1,634.0400308,21.93333036,-1.355591981,668.3907582,19.39391046,0.284240966,14.8,19.550727400000095,2.5394198999999986
571.2,636.2263081,21.79735914,-1.331354879,670.3315469,19.41847889,0.315255211,14.8,19.30523880000005,2.3788802500000017
571.3000000000001,638.398646,21.66436395,-1.296241017,672.274454,19.44723011,0.371088451,14.8,19.075808000000006,2.217133839999999
571.4,640.5571667,21.53539708,-1.250234475,674.219285,19.48386278,0.452619224,14.8,18.862118299999974,2.0515343
571.5,642.7025537,21.41151087,-1.194458674,676.1662426,19.53046347,0.568962509,14.8,18.66368890000008,1.8810474
571.6,644.8356307,21.29375762,-1.129913548,678.1171176,19.59001045,0.713975734,14.8,18.481486900000004,1.7037471699999998
571.7,646.9572215,21.18318967,-1.058352961,680.0740983,19.665482,0.882321751,14.8,18.3168768,1.51770767
571.8000000000001,649.0681498,21.08068394,-0.98153078,682.0393727,19.7598564,1.070522964,14.8,18.17122289999993,1.3208275399999998
571.9,651.1692395,20.98641582,-0.901200868,684.015129,19.87561555,1.273615573,14.8,18.045889499999998,1.1108002700000021
572.0,653.2613142,20.9003853,-0.819117092,686.0035553,20.01325583,1.486635781,14.8,17.9422411,0.8871294700000014
572.1,655.3451977,20.8225924,-0.736741004,688.0068396,20.17277725,1.704619787,14.8,17.861641900000063,0.649815150000002
572.2,657.4217139,20.7530371,-0.654364917,690.0271701,20.35417979,1.923431093,14.8,17.805456200000048,0.39885731000000035
572.3000000000001,659.4916863,20.69171941,-0.571988829,692.066735,20.55746346,2.142242399,14.8,17.775048700000024,0.13425595
572.4,661.5559389,20.63863934,-0.489612742,694.1277223,20.78262827,2.361053706,14.8,17.771783399999958,-0.14398892999999902
572.5,663.6152954,20.59379687,-0.407236654,696.2123201,21.02967421,2.579865012,14.8,17.79702470000002,-0.4358773400000011
572.6,665.6705795,20.55719201,-0.324860567,698.3227165,21.29860127,2.798676318,14.8,17.852136999999924,-0.7414092599999975
572.7,667.722615,20.52882475,-0.242258062,700.4610998,21.58940947,3.017487624,14.8,17.938484800000037,-1.0605847200000014
572.8000000000001,669.7722256,20.50869511,-0.158297054,702.6296579,21.9020988,3.235319546,14.8,18.057432300000027,-1.3934036899999995
572.9,671.8202352,20.49680307,-0.071619038,704.830579,22.23666926,3.447275159,14.8,18.210343799999986,-1.7398661900000008
573.0,673.8674675,20.4932845,0.019134489,707.0660512,22.59312084,3.647478156,14.8,18.39858369999997,-2.0998363399999995
573.1,675.9147461,20.49881863,0.11532203,709.3382626,22.97086593,3.830052227,14.8,18.623516500000004,-2.4720473
573.2,677.962895,20.51422058,0.21830209,711.6494013,23.36696637,3.989121066,14.8,18.88650630000002,-2.85274579
573.3000000000001,680.0127379,20.54030545,0.329206755,714.0016555,23.77789636,4.122948801,14.8,19.18891759999992,-3.237590909999998
573.4,682.0652071,20.57788833,0.448262441,716.3972132,24.20013013,4.214217194,14.8,19.532006100000057,-3.622241800000001
573.5,684.1216699,20.62778433,0.575242732,718.8377925,24.63014189,4.274368176,14.8,19.916122599999948,-4.00235756
573.6,686.1836021,20.69080855,0.709015542,721.323231,25.06689013,4.300240693,14.8,20.339628899999934,-4.376081580000001
573.7,688.2524796,20.7677761,0.848222366,723.8528961,25.49939625,4.296731668,14.8,20.800416499999937,-4.731620150000001
573.8000000000001,690.3297781,20.85936622,0.991504701,726.4261553,25.93158727,4.26971741,14.8,21.296377200000006,-5.072221050000003
573.9,692.4169736,20.96571477,1.137504044,729.0423761,26.35804078,4.220933789,14.8,21.82540249999995,-5.392326009999998
574.0,694.5155419,21.08682175,1.28486189,731.700926,26.77816913,4.168678428,14.8,22.385384099999964,-5.69134738
574.1,696.6269587,21.22268715,1.432446154,734.4011725,27.19197234,4.10640632,14.8,22.974213799999983,-5.969285190000001
574.2,698.7527001,21.37331098,1.580030417,737.142483,27.5994504,4.043154828,14.8,23.5897829,-6.226139419999999
574.3000000000001,700.8942417,21.53869323,1.727614681,739.9242251,28.00060331,3.979903335,14.8,24.22998339999999,-6.461910079999999
574.4,703.0530595,21.71883391,1.875198944,742.7457663,28.39543107,3.916651843,14.8,24.892706799999996,-6.67659716
574.5,705.2306293,21.91373302,2.022783208,745.6064739,28.78393368,3.85340035,14.8,25.575844599999936,-6.870200660000002
574.6,707.4284269,22.12339056,2.170367471,748.5057156,29.16611114,3.790148858,14.8,26.277288700000053,-7.042720580000001
574.7,709.6479282,22.34780652,2.317324203,751.4428587,29.54196345,3.726897365,14.8,26.994930499999963,-7.194156930000002
574.8000000000001,711.890609,22.5869809,2.460515745,754.4172709,29.91149061,3.663645873,14.8,27.726661899999907,-7.324509710000001
574.9,714.1579452,22.84091372,2.596176906,757.4283194,30.27469262,3.600571512,14.8,28.47037419999999,-7.4337789
575.0,716.4514125,23.10922844,2.720542495,760.475372,30.63156948,3.538559941,14.8,29.223959500000046,-7.522341040000001
575.1,718.7724869,23.39004247,2.829847324,763.5577959,30.9821212,3.478673948,14.8,29.985308999999983,-7.592078730000001
575.2,721.1226442,23.6810967,2.923666816,766.6749588,31.32645404,3.421976325,14.8,30.752314600000044,-7.64535734
575.3000000000001,723.5033603,23.98013201,2.988841467,769.826228,31.66509941,3.36952986,14.8,31.52286769999996,-7.6849674000000014
575.4,725.9158097,24.2848893,3.034765592,773.0109712,31.99869498,3.322397344,14.8,32.29516150000002,-7.71380568
575.5,728.3599622,24.59511381,3.058726107,776.2285557,32.32787842,3.281464433,14.8,33.06859349999998,-7.732764609999997
575.6,730.8354864,24.90253332,3.063860669,779.4784341,32.6532874,3.24690826,14.8,33.842947699999925,-7.750754080000004
575.7,733.3420508,25.21090182,3.053934471,782.760399,32.97555961,3.218551693,14.8,34.61834819999997,-7.764657789999998
575.8000000000001,735.879324,25.51633236,3.029372086,786.0743279,33.2953327,3.195509075,14.8,35.39500389999996,-7.779000340000003
575.9,738.4469745,25.81844842,3.003960551,789.4200986,33.61324437,3.176717614,14.8,36.17312409999995,-7.7947959499999975
576.0,741.0446709,26.11724998,2.971443211,792.7975887,33.92982599,3.161114523,14.8,36.95291779999998,-7.812576009999997
576.1,743.6720817,26.41273706,2.938298339,796.2066757,34.24518386,3.147637011,14.8,37.73459399999997,-7.832446799999996
576.2,746.3288755,26.70490965,2.905153467,799.6472373,34.55931797,3.135222288,14.8,38.51836180000005,-7.854408320000001
576.3000000000001,749.0147209,26.99376775,2.872008595,803.1191512,34.87222832,3.122984697,14.8,39.30443029999999,-7.878460569999998
576.4,751.7292863,27.27931137,2.838863722,806.6222949,35.18391491,3.110747106,14.8,40.09300860000003,-7.90460354
576.5,754.4722404,27.5615405,2.80571885,810.156546,35.49437774,3.098509515,14.8,40.88430560000002,-7.932837239999998
576.6,757.2432517,27.84045514,2.772573978,813.7217823,35.80361681,3.086271924,14.8,41.6785306,-7.963161670000002
576.7,760.0419887,28.11605529,2.739301799,817.3178813,36.11163212,3.074034333,14.8,42.47589259999991,-7.9955768300000045
576.8000000000001,762.86812,28.38834096,2.705265779,820.9447206,36.41842368,3.061796742,14.8,43.27660060000001,-8.030082719999996
576.9,765.7213141,28.65731214,2.669702077,824.6021779,36.72399147,3.04837167,14.8,44.080863800000046,-8.066679330000003
577.0,768.6012397,28.92289245,2.631846852,828.2901308,37.02833551,3.027821712,14.8,44.888891100000095,-8.105443059999999
577.1,771.5075651,29.18469996,2.590936264,832.0084569,37.33145579,2.993021984,14.8,45.70089180000009,-8.14675583
577.2,774.4399591,29.44227638,2.54620647,835.7570338,37.63263981,2.936847599,14.8,46.51707470000004,-8.190363430000001
577.3000000000001,777.3980901,29.6951634,2.497020938,839.5357392,37.92832515,2.852173673,14.8,47.33764909999998,-8.23316175
577.4,780.3815656,29.94290272,2.443252359,843.3444507,38.21423687,2.731875319,14.8,48.1628851,-8.271334150000001
577.5,783.3897487,30.18503602,2.385028042,847.1830459,38.48610003,2.570015133,14.8,48.993297199999986,-8.301064010000005
577.6,786.4219411,30.42110501,2.32298452,851.0508325,38.73963971,2.365405634,14.8,49.82889139999993,-8.318534699999997
577.7,789.4774448,30.65065138,2.257885633,854.944838,38.97058098,2.119234304,14.8,50.66739320000006,-8.319929600000002
577.8000000000001,792.5555618,30.87329321,2.190495224,858.8615203,39.17464889,1.837438546,14.8,51.50595850000009,-8.30135568
577.9,795.6555939,31.08895411,2.121577133,862.7973369,39.34756853,1.527143246,14.8,52.34174300000002,-8.258614419999997
578.0,798.7768431,31.2976341,2.051895201,866.7487456,39.48577745,1.19547329,14.8,53.17190250000006,-8.18814335
578.1,801.9186112,31.49933315,1.982085963,870.712204,39.58856316,0.849553563,14.8,53.99359280000006,-8.089230010000001
578.2,805.0802002,31.69405129,1.912276724,874.6841698,39.65592566,0.49650895,14.8,54.80396959999992,-7.96187437
578.3000000000001,808.2609119,31.8817885,1.842467485,878.6611007,39.68786495,0.142276857,14.8,55.600188800000026,-7.806076449999999
578.4,811.4600484,32.06254479,1.772658246,882.6394544,39.68438103,-0.211955237,14.8,56.379405999999975,-7.62183624
578.5,814.6769114,32.23632015,1.702849007,886.6156886,39.6454739,-0.56618733,14.8,57.13877720000001,-7.4091537500000015
578.6,817.9108029,32.40311459,1.633039768,890.5862608,39.57114357,-0.920419424,14.8,57.87545789999997,-7.168028979999995
578.7,821.1610247,32.5629281,1.56284814,894.5476289,39.46139002,-1.274651517,14.8,58.58660419999997,-6.898461920000003
578.8000000000001,824.4268789,32.71576069,1.490362173,898.4962504,39.31621326,-1.628883611,14.8,59.26937149999999,-6.6004525699999945
578.9,827.7076673,32.86161236,1.413287529,902.4285831,39.1356133,-1.983115704,14.8,59.920915799999946,-6.2740009400000005
579.0,831.0026919,33.00025367,1.32932987,906.3410847,38.91959012,-2.33661769,14.8,60.53839280000007,-5.919336450000003
579.1,834.3112544,33.13053745,1.236194857,910.2302128,38.66814374,-2.685739029,14.8,61.118958399999954,-5.537606289999999
579.2,837.6326569,33.2510871,1.131588153,914.092425,38.38127414,-3.026099075,14.8,61.65976810000002,-5.130187040000003
579.3000000000001,840.9662013,33.36052602,1.013597807,917.9241792,38.0594194,-3.353317182,14.8,62.15797790000006,-4.698893380000001
579.4,844.3110058,33.45747761,0.881841431,921.7219329,37.70476984,-3.663012702,14.8,62.610927099999984,-4.247292229999999
579.5,847.6654547,33.54056525,0.736701414,925.4821439,37.31995385,-3.95080499,14.8,63.01668919999993,-3.779388599999997
579.6,851.0277486,33.60841235,0.580089706,929.2012697,36.90759981,-4.213043506,14.8,63.37352110000002,-3.299187459999999
579.7,854.3960882,33.65964231,0.414300643,932.8761187,36.47033612,-4.448998143,14.8,63.6800305,-2.8106938099999965
579.8000000000001,857.768674,33.69310795,0.241628566,936.5049006,36.01079115,-4.659399009,14.8,63.93622660000001,-2.3176832000000047
579.9,861.1437066,33.70857985,0.064367811,940.0861758,35.5315933,-4.847896642,14.8,64.14246920000001,-1.8230134499999977
580.0,864.5193868,33.70605799,-0.115187282,943.6185049,35.03537096,-5.018871689,14.8,64.29911809999994,-1.3293129700000037
580.1,867.8939151,33.68554239,-0.295124765,947.1004481,34.52431445,-5.176704796,14.8,64.40653300000004,-0.8387720599999966
580.2,871.2654922,33.64703304,-0.475062247,950.5305658,33.99886183,-5.32577661,14.8,64.46507359999994,-0.3518287900000061
580.3000000000001,874.6323186,33.59052994,-0.65499973,953.9074185,33.4590131,-5.470467778,14.8,64.47509989999999,0.1315168400000033
580.4,877.992595,33.51603309,-0.834937213,957.2295665,32.90476827,-5.614428838,14.8,64.43697149999998,0.6112648200000024
580.5,881.3445221,33.4235425,-1.014874695,960.4955702,32.33612733,-5.758389897,14.8,64.35104810000003,1.087415170000007
580.6,884.6863004,33.31305816,-1.194812178,963.70399,31.75309029,-5.902350957,14.8,64.21768959999993,1.5599678699999977
580.7,888.0161306,33.18458006,-1.374749661,966.8533863,31.15565714,-6.046312017,14.8,64.03725570000002,2.028922920000003
580.8000000000001,891.3322133,33.03810822,-1.554256773,969.9423195,30.54382789,-6.190273077,14.8,63.81010620000002,2.4942803299999987
580.9,894.6327491,32.87364263,-1.731181664,972.96935,29.91760253,-6.334234137,14.8,63.53660090000001,2.956040099999999
581.0,897.9159387,32.6911833,-1.902942111,975.9330381,29.27698106,-6.476862612,14.8,63.21709940000001,3.414202239999998
581.1,901.1799826,32.49098844,-2.066955894,978.8319442,28.62196349,-6.611495582,14.8,62.85196159999994,3.8690249500000036
581.2,904.4230816,32.27434916,-2.220640791,981.6646288,27.95254981,-6.730137538,14.8,62.4415471999999,4.321799349999999
581.3000000000001,907.6434362,32.0428148,-2.36141458,984.4296522,27.26953958,-6.824792975,14.8,61.98621599999997,4.773275220000002
581.4,910.839247,31.79793469,-2.48712541,987.1255749,26.57693054,-6.887466387,14.8,61.48632789999995,5.221004150000002
581.5,914.0089213,31.54125816,-2.59734291,989.7509571,25.87952,-6.910162267,14.8,60.942035800000056,5.661738160000002
581.6,917.1516926,31.27433455,-2.692497451,992.3043593,25.18210528,-6.886217693,14.8,60.35266669999994,6.092229270000001
581.7,920.2670009,30.99871319,-2.774740884,994.7849816,24.48948366,-6.814300081,14.8,59.71798070000007,6.509229529999999
581.8000000000001,923.3542864,30.71594341,-2.846655431,997.1945825,23.80645245,-6.695742015,14.8,59.04029610000005,6.909490960000003
581.9,926.4129892,30.42731633,-2.910823313,999.5355602,23.13780896,-6.537206417,14.8,58.322570999999996,7.289507369999999
582.0,929.4425492,30.13309016,-2.969826752,1001.810313,22.48835049,-6.346688793,14.8,57.56776379999992,7.64473967
582.1,932.4424067,29.8332649,-3.026247969,1004.021239,21.8620748,-6.132184651,14.8,56.77883230000005,7.971190100000001
582.2,935.4120018,29.52784056,-3.082238817,1006.170737,21.25978143,-5.901689496,14.8,55.95873520000005,8.268059130000001
582.3000000000001,938.3507744,29.21681714,-3.138229664,1008.261204,20.68147038,-5.663198834,14.8,55.110429600000046,8.53534676
582.4,941.2581647,28.90019463,-3.194220511,1010.29504,20.12714166,-5.423375588,14.8,54.23687530000002,8.773052970000002
582.5,944.1336129,28.57797304,-3.250211358,1012.274641,19.59679526,-5.183552342,14.8,53.341028099999974,8.98117778
582.6,946.9765589,28.25015236,-3.306202205,1014.202408,19.09043119,-4.943729096,14.8,52.42584910000001,9.159721170000001
582.7,949.7864429,27.9167326,-3.362193053,1016.080737,18.60804944,-4.70390585,14.8,51.494294100000005,9.308683160000001
582.8000000000001,952.5627049,27.57771375,-3.418355296,1017.912026,18.14965002,-4.464082604,14.8,50.5493211,9.428063730000002
582.9,955.3047852,27.23309582,-3.475545919,1019.698675,17.71523292,-4.224259358,14.8,49.593889800000014,9.5178629
583.0,958.0121236,26.8828788,-3.5347933,1021.443082,17.30479815,-3.985879564,14.8,48.63095840000001,9.57808065
583.1,960.6841605,26.52695986,-3.597125818,1023.147644,16.9183457,-3.756160483,14.8,47.663483500000055,9.608614160000002
583.2,963.3203357,26.16482481,-3.663571852,1024.81476,16.55587558,-3.543762828,14.8,46.694424299999994,9.60894923
583.3000000000001,965.9200895,25.79585662,-3.735159782,1026.446828,16.2165217,-3.357347311,14.8,45.72673850000008,9.579334919999997
583.4,968.4828619,25.41943826,-3.81274659,1028.046246,15.89595373,-3.205574646,14.8,44.763384100000124,9.52348453
583.5,971.0080108,25.0349527,-3.896503672,1029.615413,15.58897523,-3.097105544,14.8,43.80740220000003,9.44597747
583.6,973.4945648,24.64178293,-3.986259632,1031.156727,15.29038976,-3.039157268,14.8,42.862162200000014,9.351393170000001
583.7,975.9414705,24.2393119,-4.081157487,1032.671893,14.99500091,-3.033173268,14.8,41.93042249999992,9.24431099
583.8000000000001,978.3476742,23.8269226,-4.180168858,1034.159845,14.69761225,-3.077710093,14.8,41.01217079999988,9.129310349999999
583.9,980.7121226,23.40410084,-4.282265367,1035.618824,14.39302734,-3.165550483,14.8,40.106701399999864,9.011073500000002
584.0,983.0337621,22.97074376,-4.386418634,1037.047072,14.07604977,-3.288033724,14.8,39.213309900000084,8.894693990000002
584.1,985.311539,22.52685139,-4.49160028,1038.442829,13.74234917,-3.436499103,14.8,38.33129000000004,8.78450222
584.2,987.5444,22.07242371,-4.596953322,1039.804336,13.39105947,-3.602285908,14.8,37.45993599999993,8.681364239999999
584.3000000000001,989.7312914,21.60746072,-4.702306365,1041.129835,13.02218068,-3.776733426,14.8,36.59854359999993,8.585280039999999
584.4,991.8711598,21.13196244,-4.807659407,1042.417567,12.63571279,-3.952624396,14.8,35.74640719999998,8.49624965
584.5,993.9629516,20.64592884,-4.91301245,1043.665772,12.2316558,-4.128515366,14.8,34.90282040000007,8.41427304
584.6,996.0056132,20.14935995,-5.018365492,1044.872692,11.81000971,-4.304406336,14.8,34.06707879999995,8.339350240000002
584.7,997.9980912,19.64225574,-5.123718535,1046.036569,11.37077453,-4.480297306,14.8,33.238477800000126,8.27148121
584.8000000000001,999.939332,19.12461624,-5.228632509,1047.155642,10.91395025,-4.656188275,14.8,32.41630999999991,8.210665990000003
584.9,1001.828282,18.59644143,-5.330912077,1048.228153,10.43953688,-4.832079245,14.8,31.599871000000075,8.156904549999998
585.0,1003.663888,18.05773131,-5.427922831,1049.252344,9.947534404,-5.007970215,14.8,30.78845599999995,8.110196906
585.1,1005.445096,17.50874934,-5.517030364,1050.226455,9.437942834,-5.182148141,14.8,29.98135899999995,8.070806506000002
585.2,1007.170853,16.9508127,-5.595600269,1051.148727,8.910762167,-5.3460478,14.8,29.177874000000042,8.040050533
585.3000000000001,1008.840105,16.38550205,-5.664497774,1052.017402,8.365992403,-5.485437885,14.8,28.377296999999952,8.019509647
585.4,1010.451798,15.81439802,-5.711028636,1052.83072,7.804661369,-5.60189925,14.8,27.578921999999874,8.009736651
585.5,1012.005091,15.23908127,-5.745252691,1053.586923,7.231908197,-5.673294509,14.8,26.781832000000076,8.007173073
585.6,1013.499982,14.65903265,-5.764109372,1054.284252,6.656271673,-5.693298434,14.8,25.984269999999878,8.002760977000001
585.7,1014.936684,14.08213216,-5.769794019,1054.920947,6.076803284,-5.653345803,14.8,25.184263000000055,8.005328876
585.8000000000001,1016.315406,13.50366108,-5.764941038,1055.496073,5.506785462,-5.551723573,14.8,24.38066699999997,7.996875618000001
585.9,1017.636361,12.92703642,-5.748685201,1056.011981,4.950013343,-5.394097826,14.8,23.57562000000014,7.977023077
586.0,1018.899759,12.35252161,-5.734159819,1056.471847,4.412653887,-5.177174666,14.8,22.772088000000007,7.939867723
586.1,1020.10581,11.78011664,-5.713500396,1056.878844,3.900874054,-4.923091479,14.8,21.97303400000005,7.879242585999999
586.2,1021.254727,11.20982153,-5.692401905,1057.236148,3.419812977,-4.638173493,14.8,21.181420999999954,7.790008553
586.3000000000001,1022.34672,10.64163626,-5.671303415,1057.546933,2.970498484,-4.332698972,14.8,20.400213000000075,7.671137776
586.4,1023.381999,10.07556085,-5.650204924,1057.814375,2.552930574,-4.016946185,14.8,19.632375999999976,7.522630276000001
586.5,1024.360777,9.511595279,-5.629106433,1058.041646,2.167109247,-3.699480354,14.8,18.8808689999998,7.344486032
586.6,1025.283264,8.94973956,-5.608007942,1058.231923,1.813034503,-3.382014523,14.8,18.148659000000134,7.1367050569999995
586.7,1026.14967,8.38999369,-5.586909451,1058.38838,1.490706342,-3.064548691,14.8,17.438710000000082,6.8992873480000005
586.8000000000001,1026.960207,7.83235767,-5.564840991,1058.514191,1.200124765,-2.74708286,14.8,16.7539839999999,6.632232905
586.9,1027.715087,7.276831498,-5.536952713,1058.612532,0.94128977,-2.418910623,14.8,16.09744500000006,6.335541728
587.0,1028.414519,6.723415176,-5.497424799,1058.686576,0.714201359,-2.086777398,14.8,15.472057000000131,6.009213816999999
587.1,1029.058715,6.172690684,-5.440437433,1058.739499,0.518859531,-1.762566147,14.8,14.88078400000013,5.653831153
587.2,1029.647886,5.627567932,-5.360170795,1058.774474,0.36168813,-1.43492987,14.8,14.326588000000083,5.265879802
587.3000000000001,1030.182242,5.091538811,-5.250805069,1058.794678,0.238855264,-1.129161177,14.8,13.812435999999888,4.852683547000001
587.4,1030.661996,4.56809521,-5.107490407,1058.803284,0.146392611,-0.845528049,14.8,13.34128800000003,4.421702599
587.5,1031.087823,4.060729021,-4.929256838,1058.803468,0.080331849,-0.601350764,14.8,12.915644999999994,3.9803971720000004
587.6,1031.462262,3.572932134,-4.717074333,1058.803542,0.036704653,-0.396856708,14.8,12.541280000000096,3.536227481
587.7,1031.788318,3.10819644,-4.47579274,1058.803616,0.011542701,-0.242752287,14.8,12.215298000000029,3.0966537389999997
587.8000000000001,1032.068995,2.670013829,-4.211231875,1058.80369,0.000877671,-0.132651015,14.8,11.934694999999873,2.669136158
587.9,1032.307298,2.261294211,-3.929211558,1058.803764,0.000741239,-0.059939023,14.8,11.696466000000054,2.260552972
588.0,1032.506231,1.882619567,-3.635551605,1058.803838,0.000741239,-0.018002437,14.8,11.49760699999997,1.8818783280000002
588.1,1032.668799,1.533989896,-3.319535136,1058.803912,0.000741239,-0.000227386,14.8,11.335113000000046,1.5332486570000001
588.2,1032.798007,1.2154052,-2.976862788,1058.803986,0.000741239,-9.47e-13,14.8,11.205978999999797,1.214663961
588.3000000000001,1032.896858,0.926865477,-2.614763901,1058.804061,0.000741239,-3.25e-13,14.8,11.10720299999998,0.926124238
588.4,1032.968357,0.678292748,-2.239497843,1058.804135,0.000741239,-2.03e-13,14.8,11.035778000000118,0.6775515089999999
588.5,1033.01551,0.475176538,-1.857323984,1058.804209,0.000741239,-1.95e-13,14.8,10.98869899999995,0.474435299
588.6,1033.041319,0.313761226,-1.474501694,1058.804283,0.000741239,-1.35e-13,14.8,10.96296400000001,0.313019987
588.7,1033.04879,0.190291191,-1.113827041,1058.804357,0.000741239,-1.02e-13,14.8,10.955566999999927,0.189549952
588.8000000000001,1033.048866,0.101010809,-0.790708606,1058.804431,0.000741239,0.0,14.8,10.955564999999932,0.10026956999999999
588.9,1033.048941,0.042164461,-0.521683086,1058.804505,0.000741239,1.36e-19,14.8,10.955564000000049,0.041423222
589.0,1033.049016,0.009996523,-0.315899693,1058.804579,0.000741239,2.03e-13,14.8,10.955563000000165,0.009255284
589.1,1033.049091,0.000751375,-0.167099058,1058.804654,0.000741239,1.08e-12,14.8,10.955562999999938,1.0136e-05
589.2,1033.049166,0.000751375,-0.06902181,1058.804728,0.000741239,0.009563372,14.8,10.955562000000054,1.0136e-05
589.3000000000001,1033.049241,0.000751375,-0.015408581,1058.804802,0.000741239,0.019103898,14.8,10.95556100000017,1.0136e-05
589.4,1033.049316,0.000751375,-3.06e-11,1058.804876,0.000741239,0.028556053,14.8,10.955559999999831,1.0136e-05
589.5,1033.049391,0.000751375,-1.56e-11,1058.80495,0.006479262,0.037854311,14.8,10.955558999999948,-0.005727887
589.6,1033.049467,0.000751375,-7.26e-12,1058.805024,0.012203578,0.046933149,14.8,10.955556999999953,-0.011452203
589.7,1033.049542,0.000751375,0.0,1058.805098,0.017874871,0.055727039,14.8,10.955556000000069,-0.017123496000000002
589.8000000000001,1033.049617,0.000751375,-7.11e-13,1058.805172,0.023453826,0.054607085,14.8,10.955555000000185,-0.022702451000000002
589.9,1033.049692,0.000751375,0.0,1058.809837,0.028901128,0.053093979,14.8,10.960144999999965,-0.028149753000000003
590.0,1033.049767,0.000751375,0.0,1058.814491,0.034177463,0.04162435,14.8,10.964724000000114,-0.033426088
590.1,1033.049842,0.000751375,0.0,1058.819102,0.039243513,0.029784414,14.8,10.96926000000003,-0.038492138
590.2,1033.049917,0.000751375,0.0,1058.823639,0.044059965,0.017639697,14.8,10.973721999999906,-0.04330859
590.3000000000001,1033.049993,0.000751375,0.0,1058.828071,0.042849481,0.005255725,14.8,10.978077999999822,-0.042098106
590.4,1033.050068,0.000751375,2.84e-13,1058.832366,0.041324475,-0.007301978,14.8,10.982298000000082,-0.0405731
590.5,1033.050143,0.000751375,0.0,1058.836493,0.039484947,-0.019967885,14.8,10.986350000000083,-0.038733572
590.6,1033.050218,0.000751375,0.0,1058.84042,0.037330898,-0.023113101,14.8,10.990201999999908,-0.036579523
590.7,1033.050293,0.000751375,0.0,1058.844117,0.034862327,-0.026258317,14.8,10.993824000000085,-0.034110952
590.8000000000001,1033.050368,0.000751375,0.0,1058.84755,0.032079234,-0.029403533,14.8,10.99718200000002,-0.031327859
590.9,1033.050443,0.000751375,0.0,1058.85069,0.02898162,-0.031937179,14.8,11.000246999999899,-0.028230245
591.0,1033.050519,0.000751375,0.0,1058.853504,0.025569484,-0.034383458,14.8,11.002985000000034,-0.024818109
591.1,1033.050594,0.000751375,0.0,1058.855961,0.021842827,-0.035764227,14.8,11.005366999999932,-0.021091452
591.2,1033.050669,0.000751375,0.0,1058.85803,0.01816859,-0.035502988,14.8,11.007361000000127,-0.017417215
591.3000000000001,1033.050744,0.000751375,-2.84e-13,1058.859678,0.014232252,-0.033908397,14.8,11.008934000000135,-0.013480877
591.4,1033.050819,0.000751375,0.0,1058.860876,0.010620698,-0.030914929,14.8,11.010056999999914,-0.009869323
591.5,1033.050894,0.000751375,0.0,1058.861591,0.007679827,-0.02698126,14.8,11.010697000000118,-0.006928452
591.6,1033.050969,0.000751375,0.0,1058.861791,0.005224446,-0.021733211,14.8,11.010822000000143,-0.0044730709999999995
591.7,1033.051044,0.000751375,0.0,1058.861896,0.00329387,-0.016485161,14.8,11.01085199999984,-0.002542495
591.8000000000001,1033.05112,0.000751375,0.0,1058.862,0.001927414,-0.011059507,14.8,11.010879999999997,-0.0011760389999999998
591.9,1033.051195,0.000751375,0.0,1058.862105,0.001164393,-0.006967205,14.8,11.010909999999921,-0.0004130179999999999
592.0,1033.05127,0.000751375,0.0,1058.862209,0.001044123,-0.003749578,14.8,11.010938999999961,-0.0002927480000000001
592.1,1033.051345,0.000751375,2.84e-13,1058.862313,0.001044123,-0.001472151,14.8,11.010968000000002,-0.0002927480000000001
592.2,1033.05142,0.000751375,0.0,1058.862418,0.001044123,-0.00020045,14.8,11.010997999999926,-0.0002927480000000001
592.3000000000001,1033.051495,0.000751375,0.0,1058.862522,0.001044123,-3.45e-11,14.8,11.011026999999967,-0.0002927480000000001
592.4,1033.05157,0.000751375,0.0,1058.862627,0.001044123,-1.54e-11,14.8,11.01105699999989,-0.0002927480000000001
592.5,1033.051646,0.000751375,0.0,1058.862731,0.001044123,-3.98e-12,14.8,11.011085000000048,-0.0002927480000000001
592.6,1033.051721,0.000751375,0.0,1058.862836,0.001044123,4.67e-12,14.8,11.011114999999972,-0.0002927480000000001
592.7,1033.051796,0.000751375,0.0,1058.86294,0.001044123,2.4e-11,14.8,11.011144000000012,-0.0002927480000000001
592.8000000000001,1033.051871,0.000751375,0.0,1058.863044,0.001044123,0.018115232,14.8,11.011173000000053,-0.0002927480000000001
592.9,1033.051946,0.000751375,0.0,1058.863149,0.001044123,0.040180742,14.8,11.011202999999977,-0.0002927480000000001
593.0,1033.052021,0.000751375,-2.84e-13,1058.863253,0.001044123,0.066503478,14.8,11.011232000000017,-0.0002927480000000001
593.1,1033.052096,0.000751375,0.0,1058.863358,0.011913262,0.104310758,14.8,11.011262000000169,-0.011161887
593.2,1033.052172,0.000751375,0.0,1058.863462,0.025152568,0.139081011,14.8,11.011290000000098,-0.024401193
593.3000000000001,1033.052247,0.000751375,0.0,1058.863566,0.04094621,0.17162893,14.8,11.011318999999911,-0.040194835
593.4,1033.052322,0.000751375,0.0,1058.863671,0.059478354,0.200524429,14.8,11.011349000000063,-0.058726979
593.5,1033.052397,0.000751375,0.0,1058.872471,0.08449273,0.226240342,14.8,11.020073999999976,-0.083741355
593.6,1033.052472,0.000751375,0.0,1058.883166,0.107612557,0.231484303,14.8,11.030693999999993,-0.106861182
593.7,1033.052547,0.000751375,0.0,1058.895906,0.13222792,0.2290218,14.8,11.043358999999963,-0.131476545
593.8000000000001,1033.052622,0.000751375,2.84e-13,1058.910836,0.160896774,0.211213818,14.8,11.058214000000088,-0.160145399
593.9,1033.052698,0.000751375,0.0,1058.928104,0.179836792,0.179973303,14.8,11.075406000000111,-0.179085417
594.0,1033.052773,0.000751375,0.0,1058.947746,0.196891434,0.152722741,14.8,11.094973000000163,-0.196140059
594.1,1033.052848,0.000751375,0.0,1058.969349,0.211221021,0.116733555,14.8,11.116500999999925,-0.210469646
594.2,1033.052923,0.000751375,0.0,1058.992388,0.22198587,0.076296619,14.8,11.139464999999927,-0.221234495
594.3000000000001,1033.052998,0.000751375,0.0,1059.01634,0.228346302,0.032485687,14.8,11.16334200000001,-0.227594927
594.4,1033.053073,0.000751375,0.0,1059.04068,0.229602582,-0.015523648,14.8,11.187607000000025,-0.228851207
594.5,1033.053148,0.000751375,0.0,1059.064883,0.225614763,-0.066098675,14.8,11.211735000000044,-0.224863388
594.6,1033.053223,0.000751375,0.0,1059.088425,0.216382847,-0.117918776,14.8,11.235202000000026,-0.215631472
594.7,1033.053299,0.000751375,-2.84e-13,1059.110781,0.201906832,-0.149130232,14.8,11.257482000000163,-0.201155457
594.8000000000001,1033.053374,0.000751375,0.0,1059.131428,0.182186718,-0.178789483,14.8,11.278053999999837,-0.181435343
594.9,1033.053449,0.000751375,0.0,1059.149841,0.157595036,-0.191007264,14.8,11.296391999999923,-0.156843661
595.0,1033.053524,0.000751375,0.0,1059.165495,0.140124442,-0.189830264,14.8,11.311971000000039,-0.139373067
595.1,1033.053599,0.000751375,0.0,1059.177865,0.118341074,-0.173965907,14.8,11.324266000000033,-0.117589699
595.2,1033.053674,0.000751375,1.42e-12,1059.186429,0.101778488,-0.139379457,14.8,11.332755000000088,-0.101027113
595.3000000000001,1033.053749,0.000751375,7.26e-12,1059.190661,0.088008673,-0.110261801,14.8,11.336912000000165,-0.087257298
595.4,1033.053825,0.000751375,1.56e-11,1059.198057,0.07768714,-0.073956187,14.8,11.344232000000101,-0.076935765
595.5,1033.0539,0.000751375,3.2e-11,1059.205454,0.073967361,-0.046351878,14.8,11.351553999999805,-0.073215986
595.6,1033.053975,0.000751375,0.022666718,1059.212851,0.073967361,-0.023402186,14.8,11.358875999999963,-0.073215986
595.7,1033.05405,0.000751375,0.043579067,1059.220248,0.073967361,-0.006199632,14.8,11.366198000000121,-0.073215986
595.8000000000001,1033.054125,0.000751375,0.058473804,1059.227644,0.073967361,-5.72e-11,14.8,11.373518999999941,-0.073215986
595.9,1033.0542,0.014351405,0.077965073,1059.235041,0.073967361,-1.48e-11,14.8,11.380840999999872,-0.059615956
596.0,1033.054275,0.026898815,0.090350934,1059.242438,0.073967361,9.47e-13,14.8,11.38816300000003,-0.047068545999999996
596.1,1033.054351,0.035614628,0.098806839,1059.249834,0.073967361,0.0,14.8,11.395482999999967,-0.03835273299999999
596.2,1033.054426,0.047530418,0.080122173,1059.257231,0.073967361,3.16e-13,14.8,11.402805000000125,-0.026436942999999997
596.3000000000001,1033.065381,0.054961935,0.0625253,1059.264628,0.073967361,5.94e-12,14.8,11.399247000000013,-0.019005425999999992
596.4,1033.075494,0.060035478,0.025261644,1059.272025,0.073967361,5.53e-11,14.8,11.39653100000005,-0.013931882999999992
596.5,1033.084504,0.062424709,0.00121653,1059.279421,0.073967361,0.403458101,14.8,11.394917000000031,-0.011542651999999994
596.6,1033.092149,0.064849113,-0.030623472,1059.286818,0.073967361,0.907277384,14.8,11.394668999999976,-0.009118247999999995
596.7,1033.09817,0.050771615,-0.050068367,1059.294215,0.073967361,1.520460427,14.8,11.396044999999912,-0.023195745999999996
596.8000000000001,1033.102304,0.044886544,-0.06165335,1059.301612,0.316042222,2.463730745,14.8,11.399307999999973,-0.27115567799999996
596.9,1033.10429,0.036587852,-0.063347289,1059.309008,0.618333792,3.284974327,14.8,11.404717999999956,-0.58174594
597.0,1033.106661,0.029994458,-0.051424588,1059.316405,0.986243618,4.034197278,14.8,11.409744,-0.95624916
597.1,1033.109032,0.025432699,-0.033827716,1059.323802,1.425173248,4.975471603,14.8,11.414769999999816,-1.399740549
597.2,1033.111403,0.023709442,-0.021464017,1059.524858,2.044951958,5.49491178,14.8,11.613454999999885,-2.021242516
597.3000000000001,1033.113774,0.023709442,-0.010475026,1059.774088,2.690736285,6.035552915,14.8,11.86031399999997,-2.667026843
597.4,1033.116145,0.023709442,-0.002872095,1060.075813,3.301325184,6.231286196,14.8,12.159667999999964,-3.277615742
597.5,1033.118516,0.023709442,-5.62e-11,1060.434353,3.91528086,6.531250913,14.8,12.5158370000001,-3.8915714180000003
597.6,1033.120887,0.023709442,-9.47e-13,1060.854031,4.607575367,6.612488746,14.8,12.933144000000038,-4.583865925
597.7,1033.123258,0.023709442,4.74e-13,1061.339167,5.289700195,6.722696283,14.8,13.41590900000001,-5.265990753
597.8000000000001,1033.125629,0.023709442,5.65e-11,1061.894082,5.971272574,6.797595282,14.8,13.968453000000135,-5.947563132
597.9,1033.128,0.023709442,0.192468229,1062.523098,6.656575485,6.688580644,14.8,14.595097999999961,-6.632866043
598.0,1033.130371,0.023709442,0.440967614,1063.228865,7.334942954,6.52227163,14.8,15.298494000000073,-7.311233511999999
598.1,1033.132742,0.023709442,0.751344729,1064.007345,7.993838029,6.265227087,14.8,16.07460299999998,-7.970128587
598.2,1033.135113,0.139190379,1.2673249,1064.852831,8.620723753,5.906826226,14.8,16.917717999999876,-8.481533374
598.3000000000001,1033.137484,0.288290011,1.676629502,1065.759614,9.203063173,5.464845668,14.8,17.82212999999997,-8.914773162
598.4,1033.139854,0.47451628,2.082975308,1066.721985,9.730408826,4.960180336,14.8,18.78213099999989,-9.255892546
598.5,1033.142225,0.701377129,2.584832183,1067.734237,10.20067122,4.413725156,14.8,19.79201199999984,-9.499294091
598.6,1033.236981,1.037569363,2.951390589,1068.790661,10.61385036,3.846375051,14.8,20.753679999999985,-9.576280997000001
598.7,1033.358632,1.365013044,3.262601631,1069.885549,10.96994623,3.275542458,14.8,21.72691700000014,-9.604933186
598.8000000000001,1033.509984,1.690089689,3.494138874,1071.013192,11.26895885,2.704709865,14.8,22.703207999999858,-9.578869161
598.9,1033.693843,2.059124364,3.720430027,1072.167882,11.5108882,2.133877273,14.8,23.674038999999947,-9.451763836
599.0,1033.913017,2.452497158,3.930855448,1073.343911,11.6957343,1.56304468,14.8,24.630893999999852,-9.243237142
599.1,1034.170311,2.847732664,4.086651107,1074.535571,11.82349714,0.992212088,14.8,25.565259999999807,-8.975764476
599.2,1034.468532,3.269827379,4.288513689,1075.737152,11.89417672,0.421379495,14.8,26.468619999999827,-8.624349341
599.3000000000001,1034.810486,3.712759617,4.403040167,1076.942948,11.90777304,-0.149453098,14.8,27.332461999999804,-8.195013423
599.4,1035.198979,4.169303357,4.501017851,1078.147249,11.8642861,-0.71821361,14.8,28.148270000000092,-7.694982742999999
599.5,1035.636818,4.632232578,4.52874255,1079.344347,11.7637159,-1.274541643,14.8,28.90752900000002,-7.131483321999999
599.6,1036.125846,5.094321258,4.484207035,1080.528533,11.60606244,-1.806004715,14.8,29.602687000000014,-6.511741182000001
599.7,1036.664051,5.548343375,4.369418534,1081.694101,11.39256897,-2.300170347,14.8,30.230050000000073,-5.844225594999999
599.8000000000001,1037.24846,5.987072909,4.194413188,1082.83534,11.12945173,-2.744606058,14.8,30.786880000000064,-5.142378820999999
599.9,1037.876097,6.403283838,3.971234366,1083.946544,10.82417021,-3.126879369,14.8,31.27044699999983,-4.420886372
600.0,1038.543989,6.790954478,3.711925436,1085.022002,10.48418389,-3.44319995,14.8,31.67801299999992,-3.693229412000001
600.1,1039.24916,7.14888049,3.428529769,1086.057003,10.11695227,-3.676826763,14.8,32.00784299999982,-2.9680717800000007
600.2,1039.988637,7.477061877,3.133090733,1087.05081,9.729934821,-3.834418337,14.8,32.26217300000003,-2.252872944000001
600.3000000000001,1040.759445,7.775498637,2.835644469,1088.003683,9.326649004,-3.934888765,14.8,32.444238,-1.551150367
600.4,1041.558609,8.044190771,2.538198204,1088.915881,8.923355675,-3.985629273,14.8,32.55727199999997,-0.8791649039999996
600.5,1042.383155,8.283138278,2.24075194,1089.787663,8.523519208,-3.99907234,14.8,32.60450800000008,-0.2403809300000006
600.6,1043.230109,8.492341159,1.943305675,1090.619288,8.123250632,-3.981080376,14.8,32.589179000000016,0.3690905270000009
600.7,1044.096496,8.671799413,1.645859411,1091.411016,7.725574702,-3.958754819,14.8,32.51452000000013,0.9462247110000002
600.8000000000001,1044.979341,8.821513041,1.348413146,1092.163107,7.330491417,-3.937869621,14.8,32.38376600000011,1.4910216239999992
600.9,1045.875671,8.941482042,1.051410487,1092.875818,6.938000778,-3.911943168,14.8,32.20014699999997,2.0034812640000004
601.0,1046.78251,9.031706417,0.757069455,1093.549411,6.548102784,-3.886016715,14.8,31.96690099999996,2.4836036330000004
601.1,1047.696884,9.092186166,0.468051679,1094.184143,6.160797435,-3.860090262,14.8,31.687258999999994,2.9313887309999993
601.2,1048.61582,9.123187451,0.187018787,1094.780274,5.776084732,-3.834163808,14.8,31.364453999999977,3.3471027189999996
601.3000000000001,1049.536341,9.126041086,-0.083367593,1095.338063,5.393964673,-3.808237355,14.8,31.001721999999926,3.7320764130000006
601.4,1050.455474,9.102344048,-0.340445834,1095.85777,5.01443726,-3.781697303,14.8,30.602295999999978,4.087906788000001
601.5,1051.370245,9.053693314,-0.581997911,1096.339654,4.637502493,-3.751475654,14.8,30.16940900000004,4.416190821
601.6,1052.277891,8.981685861,-0.80758022,1096.783975,4.263160371,-3.713890811,14.8,29.7060840000001,4.718525490000001
601.7,1053.176504,8.887918666,-1.017636367,1097.19099,3.891779053,-3.665261178,14.8,29.214486000000033,4.996139612999999
601.8000000000001,1054.064385,8.773988704,-1.214384373,1097.56096,3.525199339,-3.601905159,14.8,28.69657500000012,5.248789365
601.9,1054.939839,8.641492954,-1.400485868,1097.894145,3.165630187,-3.520141155,14.8,28.154306000000087,5.475862767000001
602.0,1055.801168,8.491762228,-1.578602478,1098.190802,2.815280554,-3.416901172,14.8,27.589634000000114,5.676481674000001
602.1,1056.646676,8.325062691,-1.751395833,1098.451486,2.476359398,-3.291571608,14.8,27.00480999999986,5.848703293
602.2,1057.474665,8.141394341,-1.92152756,1098.67793,2.151075677,-3.144766063,14.8,26.4032650000001,5.990318664
602.3000000000001,1058.283439,7.940757179,-2.091215682,1098.872159,1.84163835,-2.979552535,14.8,25.788719999999966,6.099118829
602.4,1059.071301,7.723151204,-2.260903805,1099.036199,1.550256375,-2.79961262,14.8,25.164897999999948,6.172894829
602.5,1059.836554,7.488576418,-2.430591927,1099.172078,1.278770549,-2.598556149,14.8,24.535524000000077,6.209805869
602.6,1060.577501,7.237032819,-2.600280049,1099.281821,1.027549033,-2.365239922,14.8,23.90432000000005,6.209483786000001
602.7,1061.292445,6.968520408,-2.769968171,1099.367455,0.796591826,-2.107567266,14.8,23.27501000000002,6.171928582
602.8000000000001,1061.979689,6.683039185,-2.939656294,1099.431007,0.591941988,-1.832827908,14.8,22.6513179999999,6.091097197
602.9,1062.637537,6.380589149,-3.108063229,1099.474503,0.422494397,-1.540881015,14.8,22.036965999999847,5.958094752
603.0,1063.264292,6.061170301,-3.268783043,1099.499969,0.285716016,-1.250876816,14.8,21.435676999999895,5.7754542849999995
603.1,1063.858256,5.724782641,-3.414128614,1099.509432,0.179073804,-0.962180307,14.8,20.851176000000077,5.545708837
603.2,1064.417732,5.372194881,-3.53641282,1099.509753,0.100034724,-0.698814185,14.8,20.292021000000158,5.272160157
603.3000000000001,1064.941025,5.007250582,-3.62794854,1099.510073,0.046065737,-0.470850216,14.8,19.769047999999838,4.961184845
603.4,1065.426437,4.634562016,-3.681048653,1099.510394,0.014633804,-0.293113197,14.8,19.283956999999827,4.6199282120000005
603.5,1065.872271,4.258741457,-3.689307224,1099.510714,0.003205886,-0.161381397,14.8,18.83844300000005,4.255535571
603.6,1066.277445,3.884401177,-3.651443066,1099.511035,0.003205886,-0.071433085,14.8,18.43359000000005,3.881195291
603.7,1066.643338,3.516153449,-3.568737366,1099.511355,0.003205886,-0.019046529,14.8,18.068017000000008,3.512947563
603.8000000000001,1066.971941,3.158610547,-3.447596059,1099.511676,0.003205886,-1.08e-12,14.8,17.739735000000064,3.155404661
603.9,1067.265249,2.816384742,-3.295706265,1099.511997,0.003205886,-2.03e-13,14.8,17.446748000000024,2.813178856
604.0,1067.525253,2.493319597,-3.120755107,1099.512317,0.003205886,-1.02e-13,14.8,17.187063999999918,2.4901137110000002
604.1,1067.753948,2.190183822,-2.930429706,1099.512638,0.003205886,0.0,14.8,16.958689999999887,2.186977936
604.2,1067.953325,1.906977418,-2.732417184,1099.512958,0.003205886,0.0,14.8,16.759633000000075,1.9037715320000002
604.3000000000001,1068.125379,1.643700385,-2.533123475,1099.513279,0.003205886,0.0,14.8,16.587899999999944,1.640494499
604.4,1068.272101,1.400352723,-2.333829765,1099.5136,0.003205886,8.12e-14,14.8,16.441498999999975,1.397146837
604.5,1068.395485,1.176934432,-2.134536056,1099.51392,0.003205886,1.02e-13,14.8,16.31843500000009,1.173728546
604.6,1068.497523,0.973445512,-1.935242347,1099.514241,0.003205886,1.35e-13,14.8,16.216718000000082,0.9702396259999999
604.7,1068.580209,0.789885963,-1.735948637,1099.514561,0.003205886,2.03e-13,14.8,16.13435199999999,0.786680077
604.8000000000001,1068.645536,0.626255784,-1.535658794,1099.514882,0.003205886,2.03e-13,14.8,16.06934599999995,0.623049898
604.9,1068.695496,0.482554977,-1.334315261,1099.515203,0.003205886,2.71e-13,14.8,16.01970699999988,0.479349091
605.0,1068.732082,0.358783541,-1.134260062,1099.515523,0.003205886,3.38e-13,14.8,15.983441000000038,0.355577655
605.1,1068.757288,0.255539155,-0.933697203,1099.515844,0.003205886,3.16e-13,14.8,15.958555999999998,0.252333269
605.2,1068.773105,0.173994128,-0.74651916,1099.516164,0.003205886,1.42e-13,14.8,15.943058999999902,0.170788242
605.3000000000001,1068.781529,0.111657288,-0.572998948,1099.516485,0.003205886,0.0,14.8,15.93495600000001,0.10845140199999999
605.4,1068.78455,0.066037462,-0.418284652,1099.516806,0.003205886,-1.02e-13,14.8,15.932256000000006,0.062831576
605.5,1068.78464,0.034643481,-0.28848207,1099.517126,0.003205886,-3.79e-13,14.8,15.93248599999988,0.031437595
605.6,1068.784731,0.014984172,-0.184587336,1099.517447,0.003205886,-6.77e-13,14.8,15.932715999999981,0.011778286
605.7,1068.784821,0.004568364,-0.108554294,1099.517767,0.003205886,-6.5e-13,14.8,15.932946000000083,0.0013624780000000003
605.8000000000001,1068.784912,0.000904886,-0.056230991,1099.518088,0.003205886,-3.38e-13,14.8,15.933175999999957,-0.0023009999999999997
605.9,1068.785002,0.000904886,-0.018836087,1099.518408,0.003205886,-2.03e-13,14.8,15.933405999999831,-0.0023009999999999997
606.0,1068.785093,0.000904886,1.5e-10,1099.518729,0.003205886,-1.35e-13,14.8,15.933635999999932,-0.0023009999999999997
606.1,1068.785183,0.000904886,0.01388817,1099.51905,0.003205886,-1.02e-13,14.8,15.933867000000145,-0.0023009999999999997
606.2,1068.785274,0.00368252,0.021829543,1099.51937,0.003205886,0.0,14.8,15.934095999999908,0.0004766340000000001
606.3000000000001,1068.785364,0.006815726,0.028694928,1099.519691,0.003205886,0.0,14.8,15.934326999999893,0.0036098400000000004
606.4,1068.785455,0.010267944,0.035446945,1099.520011,0.003205886,0.0,14.8,15.93455600000011,0.0070620579999999995
606.5,1068.785545,0.014002612,0.03808864,1099.520332,0.003205886,0.0,14.8,15.934787000000096,0.010796726
606.6,1068.787858,0.018121843,0.040364724,1099.520653,0.003205886,0.0,14.8,15.932795000000123,0.014915956999999999
606.7,1068.790455,0.022173053,0.037645806,1099.520973,0.003205886,0.0,14.8,15.930517999999847,0.018967167
606.8000000000001,1068.793307,0.026535704,0.033968655,1099.521294,0.003205886,0.0,14.8,15.927986999999984,0.023329818000000002
606.9,1068.796385,0.031034561,0.029163083,1099.521614,0.003205886,8.12e-14,14.8,15.925228999999899,0.027828674999999997
607.0,1068.79966,0.032855428,0.023610965,1099.521935,0.003205886,1.02e-13,14.8,15.92227500000008,0.029649542
607.1,1068.803103,0.034383805,0.017817484,1099.522256,0.003205886,1.35e-13,14.8,15.919153000000005,0.031177919000000005
607.2,1068.806683,0.035619693,0.010965027,1099.522576,0.003205886,1.95e-13,14.8,15.91589300000005,0.032413807
607.3000000000001,1068.810373,0.036564615,0.008134135,1099.522897,0.003205886,2.03e-13,14.8,15.91252400000003,0.033358729000000004
607.4,1068.814142,0.037226195,0.005364217,1099.523217,0.003205886,2.71e-13,14.8,15.909074999999984,0.034020309
607.5,1068.817962,0.037613577,0.002670517,1099.523538,0.003205886,3.38e-13,14.8,15.905575999999837,0.034407691000000004
607.6,1068.821803,0.037735908,6.57e-05,1099.523858,0.003205886,6.5e-13,14.8,15.902054999999972,0.034530022
607.7,1068.825637,0.037602335,-0.002447578,1099.524179,0.003205886,7.11e-13,14.8,15.898542000000088,0.034396449
607.8000000000001,1068.829441,0.037222003,-0.004871973,1099.5245,0.003205886,3.79e-13,14.8,15.8950589999999,0.034016117
607.9,1068.833194,0.036604059,-0.00722015,1099.52482,0.003205886,0.0,14.8,15.891626000000041,0.033398173
608.0,1068.836872,0.035757648,-0.009507353,1099.525141,0.003205886,0.0,14.8,15.88826899999999,0.032551762000000005
608.1,1068.840455,0.034690393,-0.011748824,1099.525461,0.003205886,-4.74e-13,14.8,15.88500599999993,0.031484507
608.2,1068.84392,0.033403818,-0.013959809,1099.525782,0.003205886,-7.11e-13,14.8,15.88186199999991,0.030197932000000004
608.3000000000001,1068.847245,0.031897923,-0.016155549,1099.526103,0.003205886,-6.5e-13,14.8,15.87885799999999,0.028692037000000004
608.4,1068.850409,0.030172708,-0.01834875,1099.526423,0.003205886,-2.71e-13,14.8,15.876014000000122,0.026966822
608.5,1068.853389,0.028228174,-0.02054195,1099.526744,0.003205886,-2.03e-13,14.8,15.8733549999999,0.025022288000000004
608.6,1068.856164,0.026064319,-0.02273515,1099.527064,0.003205886,-2.03e-13,14.8,15.870900000000074,0.022858432999999997
608.7,1068.858712,0.023681144,-0.024829049,1099.527385,0.003205886,-1.35e-13,14.8,15.868673000000125,0.020475258000000003
608.8000000000001,1068.86101,0.021078649,-0.026390484,1099.527706,0.003205886,-1.02e-13,14.8,15.866696000000001,0.017872763
608.9,1068.863037,0.018256833,-0.027768729,1099.528026,0.003205886,-8.12e-14,14.8,15.864988999999877,0.015050947
609.0,1068.864771,0.015275279,-0.027815915,1099.528347,0.003205886,0.0,14.8,15.86357599999992,0.012069393
609.1,1068.86619,0.012393883,-0.026886845,1099.528667,0.003205886,0.0,14.8,15.86247700000008,0.009187997
609.2,1068.867272,0.009403081,-0.024935825,1099.528988,0.003205886,0.0,14.8,15.861716000000069,0.006197195000000001
609.3000000000001,1068.867995,0.006991594,-0.022016465,1099.529308,0.003205886,0.0,14.8,15.861312999999836,0.0037857080000000005
609.4,1068.868337,0.004946542,-0.018344204,1099.529629,0.003205886,8.12e-14,14.8,15.861292000000002,0.0017406560000000001
609.5,1068.868435,0.003295339,-0.014268635,1099.52995,0.003205886,1.02e-13,14.8,15.861515000000008,8.945300000000019e-05
609.6,1068.868533,0.0020654,-0.010055991,1099.53027,0.003205886,1.35e-13,14.8,15.861736999999902,-0.001140486
609.7,1068.868631,0.00128414,-0.006612611,1099.530591,0.003205886,1.35e-13,14.8,15.861959999999907,-0.0019217459999999998
609.8000000000001,1068.868729,0.000978975,-0.003860605,1099.530911,0.003205886,1.02e-13,14.8,15.862182000000029,-0.002226911
609.9,1068.868826,0.000978975,-0.001810707,1099.531232,0.003205886,8.12e-14,14.8,15.862406000000146,-0.002226911
610.0,1068.868924,0.000978975,-0.000508608,1099.531553,0.003205886,0.0,14.8,15.862628999999924,-0.002226911
610.1,1068.869022,0.000978975,-9.47e-13,1099.531873,0.003205886,0.0,14.8,15.862850999999818,-0.002226911
610.2,1068.86912,0.000978975,-1.89e-13,1099.532194,0.003205886,0.0,14.8,15.863073999999823,-0.002226911
610.3000000000001,1068.869218,0.000978975,1.89e-13,1099.532514,0.003205886,-8.12e-14,14.8,15.863295999999945,-0.002226911
610.4,1068.869316,0.000978975,9.47e-13,1099.532835,0.003205886,-1.02e-13,14.8,15.86351899999995,-0.002226911
610.5,1068.869414,0.000978975,0.011959393,1099.533156,0.003205886,0.0,14.8,15.863741999999956,-0.002226911
610.6,1068.869512,0.000978975,0.026723869,1099.533476,0.003205886,4.34e-19,14.8,15.863964000000077,-0.002226911
610.7,1068.86961,0.000978975,0.044526906,1099.533797,0.003205886,5.42e-19,14.8,15.864187000000083,-0.002226911
610.8000000000001,1068.869707,0.008154611,0.070989127,1099.534117,0.003205886,1.35e-13,14.8,15.864409999999861,0.004948725000000001
610.9,1068.869805,0.017013297,0.094652169,1099.534438,0.003205886,1.08e-18,14.8,15.864632999999866,0.013807411
611.0,1068.869903,0.027695119,0.116634337,1099.534758,0.003205886,0.0,14.8,15.864854999999988,0.024489233
611.1,1068.870001,0.040340164,0.13733923,1099.535079,0.003205886,5.42e-19,14.8,15.865077999999993,0.037134278
611.2,1068.87584,0.057770277,0.15552072,1099.5354,0.003205886,4.34e-19,14.8,15.859560000000055,0.054564391000000004
611.3000000000001,1068.883024,0.073876811,0.15977859,1099.53572,0.003205886,0.0,14.8,15.852696000000105,0.070670925
611.4,1068.891668,0.090558149,0.158145452,1099.536041,0.003205886,-4.34e-19,14.8,15.844373000000086,0.087352263
611.5,1068.901882,0.110325729,0.144796532,1099.536361,0.003205886,-5.42e-19,14.8,15.834479000000055,0.10711984299999999
611.6,1068.913778,0.123562273,0.12450853,1099.536682,0.003205886,0.0,14.8,15.822903999999834,0.120356387
611.7,1068.92738,0.135227435,0.102064521,1099.537003,0.003205886,-1.08e-18,14.8,15.809622999999828,0.13202154900000002
611.8000000000001,1068.94235,0.144648196,0.070957575,1099.537323,0.003205886,-1.35e-13,14.8,15.794972999999981,0.14144231000000002
611.9,1068.958262,0.151151538,0.039603228,1099.537644,0.003205886,-1.02e-13,14.8,15.779381999999895,0.147945652
612.0,1068.974689,0.15406444,0.003885787,1099.537964,0.003205886,-1.02e-13,14.8,15.763275000000203,0.150858554
612.1,1068.991206,0.152826054,-0.033981575,1099.538285,0.003205886,-8.12e-14,14.8,15.747079000000166,0.149620168
612.2,1069.007386,0.14732421,-0.076335732,1099.538606,0.003205886,0.0,14.8,15.731220000000075,0.14411832400000002
612.3000000000001,1069.022803,0.137558907,-0.104758786,1099.538926,0.003205886,0.0,14.8,15.716122999999879,0.13435302100000002
612.4,1069.03703,0.123530147,-0.131636214,1099.539247,0.003205886,0.0,14.8,15.702216999999973,0.120324261
612.5,1069.049641,0.105237929,-0.145354097,1099.539567,0.003205886,0.0,14.8,15.689925999999968,0.10203204299999999
612.6,1069.060209,0.091209168,-0.148599449,1099.539888,0.003205886,8.12e-14,14.8,15.679679000000032,0.08800328199999999
612.7,1069.068309,0.073844326,-0.140484048,1099.540208,0.003205886,1.02e-13,14.8,15.671898999999893,0.07063844
612.8000000000001,1069.073514,0.060111751,-0.120119673,1099.540529,0.003205886,1.35e-13,14.8,15.667015000000173,0.056905865
612.9,1069.075397,0.048399238,-0.098001209,1099.54085,0.003205886,1.35e-13,14.8,15.665453000000024,0.045193352
613.0,1069.078638,0.039239718,-0.072829486,1099.54117,0.003205886,1.02e-13,14.8,15.66253200000001,0.036033832
613.1,1069.081878,0.033166125,-0.046172181,1099.541491,0.003205886,8.12e-14,14.8,15.65961299999999,0.029960239
613.2,1069.085119,0.032408443,-0.026651326,1099.541811,0.003205886,0.0,14.8,15.656691999999975,0.029202557000000004
613.3000000000001,1069.08836,0.032408443,-0.011385459,1099.542132,0.003205886,0.0,14.8,15.653772000000071,0.029202557000000004
613.4,1069.091601,0.032408443,-0.001262803,1099.542453,0.003205886,0.0,14.8,15.65085199999994,0.029202557000000004
613.5,1069.094842,0.032408443,-6.59e-11,1099.542773,0.003205886,-2.17e-18,14.8,15.647930999999925,0.029202557000000004
613.6,1069.098083,0.032408443,-3.88e-12,1099.543094,0.003205886,0.0,14.8,15.645011000000022,0.029202557000000004
613.7,1069.101323,0.032408443,0.0,1099.543414,0.003205886,2.17e-18,14.8,15.64209099999989,0.029202557000000004
613.8000000000001,1069.104564,0.032408443,0.0,1099.543735,0.003205886,2.08e-11,14.8,15.639170999999987,0.029202557000000004
613.9,1069.107805,0.032408443,3.88e-12,1099.544056,0.003205886,8.43e-11,14.8,15.636250999999856,0.029202557000000004
614.0,1069.111046,0.032408443,4.07e-12,1099.544376,0.003205886,0.306409309,14.8,15.633330000000068,0.029202557000000004
614.1,1069.114287,0.032408443,4.36e-12,1099.544697,0.003205886,0.684401491,14.8,15.630409999999937,0.029202557000000004
614.2,1069.117528,0.032408443,2.91e-12,1099.545017,0.003205886,1.145672738,14.8,15.627488999999922,0.029202557000000004
614.3000000000001,1069.120769,0.032408443,2.33e-12,1099.545338,0.187051472,1.88767369,14.8,15.624568999999791,-0.154643029
614.4000000000001,1069.124009,0.032408443,0.0,1099.545658,0.41384678,2.517790285,14.8,15.621649000000115,-0.381438337
614.5,1069.12725,0.032408443,0.0,1099.545979,0.690609529,3.087641846,14.8,15.618728999999984,-0.658201086
614.6,1069.130491,0.032408443,0.0,1099.5463,1.024357433,3.810446485,14.8,15.61580900000008,-0.99194899
614.7,1069.133732,0.032408443,0.0,1099.693697,1.513344838,4.369316496,14.8,15.75996499999992,-1.480936395
614.8000000000001,1069.136973,0.032408443,7.11e-13,1099.875454,2.017438114,4.799872623,14.8,15.938481000000092,-1.985029671
614.9000000000001,1069.140214,0.032408443,7.11e-12,1100.097184,2.473319363,5.209565191,14.8,16.156969999999955,-2.44091092
615.0,1069.143454,0.032408443,6.35e-11,1100.364503,3.035436678,5.640831974,14.8,16.421048999999993,-3.003028235
615.1,1069.146695,0.032408443,0.384755275,1100.683024,3.60964879,5.962355797,14.8,16.736329000000023,-3.577240347
615.2,1069.149936,0.032408443,0.831884013,1101.058362,4.20588437,6.418507372,14.8,17.108425999999962,-4.173475927
615.3000000000001,1069.153177,0.032408443,1.346391615,1101.49613,4.858261682,6.861345556,14.8,17.54295300000008,-4.825853239000001
615.4000000000001,1069.156418,0.263261608,2.019587422,1102.001944,5.566780726,7.365899104,14.8,18.045526000000063,-5.3035191180000005
615.5,1069.159659,0.531538851,2.69278323,1102.581416,6.331441503,7.927316427,14.8,18.62175700000007,-5.799902652
615.6,1069.1629,0.840243412,3.304198404,1103.240161,7.152244011,8.48873375,14.8,19.277260999999907,-6.312000598999999
615.7,1069.16614,1.192378532,3.793563402,1103.983794,8.029188253,9.046142203,14.8,20.017653999999947,-6.836809720999999
615.8000000000001,1069.354064,1.648078381,4.172809579,1104.817928,8.962274226,9.579497442,14.8,20.66386399999983,-7.314195845
615.9000000000001,1069.571926,2.110460453,4.317462509,1105.748178,9.951501932,10.06474625,14.8,21.376251999999976,-7.841041478999999
616.0,1069.822131,2.539399649,4.456606341,1106.780157,10.99446605,10.47783541,14.8,22.158026000000017,-8.455066401
616.1,1070.10708,3.035224598,4.449564789,1107.919481,12.07913997,10.79471171,14.8,23.012400999999908,-9.043915372
616.2,1070.429176,3.430720917,4.446044012,1109.171763,13.19109176,10.99132193,14.8,23.942586999999957,-9.760370843
616.3000000000001,1070.790821,3.886282048,4.522609651,1110.542617,14.3158895,11.04762173,14.8,24.951796000000012,-10.429607452
616.4000000000001,1071.194419,4.317817254,4.555611305,1112.035734,15.43910125,10.95960223,14.8,26.04131500000012,-11.121283995999999
616.5,1071.642372,4.773378384,4.750821942,1113.647106,16.54629509,10.73127231,14.8,27.20473399999987,-11.772916706
616.6,1072.137082,5.25296544,4.916000174,1115.370801,17.62303908,10.38267632,14.8,28.433719000000064,-12.370073640000001
616.7,1072.680952,5.756578419,5.156259419,1117.200889,18.65490131,9.937867459,14.8,29.719937000000026,-12.898322891
616.8000000000001,1073.276385,6.284217323,5.396518665,1119.131438,19.62985515,9.420898954,14.8,31.055052999999997,-13.345637827000001
616.9000000000001,1073.925783,6.835882152,5.63677791,1121.156517,20.54549529,8.855824019,14.8,32.43073399999999,-13.709613138000002
617.0,1074.631548,7.411572906,5.877037156,1123.270194,21.40182173,8.266695868,14.8,33.83864599999988,-13.990248824000002
617.1,1075.396084,8.011289583,6.115623472,1125.466538,22.19883446,7.673558847,14.8,35.27045399999993,-14.187544877
617.2,1076.221793,8.635032186,6.344172211,1127.739618,22.9365335,7.080421827,14.8,36.71782500000013,-14.301501314
617.3000000000001,1077.111078,9.282800713,6.552645796,1130.083502,23.61491883,6.487284807,14.8,38.17242400000005,-14.332118117
617.4000000000001,1078.06634,9.953591407,6.731006651,1132.492259,24.23399046,5.894147786,14.8,39.625919000000025,-14.280399053000002
617.5,1079.089984,10.64238548,6.869217198,1134.959957,24.79374838,5.301010766,14.8,41.069973000000076,-14.1513629
617.6,1080.18441,11.34316038,6.957239861,1137.480665,25.29419261,4.707873745,14.8,42.49625499999998,-13.95103223
617.7,1081.352023,12.04989357,6.986709991,1140.048452,25.73532313,4.114736725,14.8,43.89642900000008,-13.685429560000001
617.8000000000001,1082.594421,12.7565625,6.955954661,1142.657387,26.11713996,3.523918456,14.8,45.26296599999996,-13.36057746
617.9000000000001,1083.909993,13.45714463,6.866646798,1145.301537,26.43964307,2.947012696,14.8,46.59154400000007,-12.982498439999999
618.0,1085.296321,14.1456174,6.727151051,1147.974972,26.70283249,2.397931952,14.8,47.87865099999995,-12.557215089999998
618.1,1086.750992,14.81595828,6.547504996,1150.67176,26.90809946,1.890588734,14.8,49.120767999999956,-12.092141179999999
618.2,1088.27159,15.46314846,6.337746211,1153.385971,27.06240023,1.438895549,14.8,50.31438099999987,-11.599251770000002
618.3000000000001,1089.855699,16.0861842,6.107912271,1156.111671,27.1740823,1.044205175,14.8,51.45597199999993,-11.087898099999997
618.4000000000001,1091.500904,16.6850655,5.868040755,1158.842931,27.2514932,0.743591435,14.8,52.54202699999992,-10.566427699999998
618.5,1093.20479,17.25979236,5.62649631,1161.574932,27.3029804,0.538291272,14.8,53.57014199999999,-10.04318804
618.6,1094.96494,17.81036476,5.384951864,1164.307307,27.3293556,0.401948279,14.8,54.54236699999997,-9.51899084
618.7,1096.77894,18.33678273,5.143407418,1167.040803,27.35425432,0.335167829,14.8,55.46186300000018,-9.01747159
618.8000000000001,1098.644374,18.83904625,4.901862973,1169.776167,27.38537499,0.324037412,14.8,56.33179300000002,-8.54632874
618.9000000000001,1100.558826,19.31715532,4.660318527,1172.514145,27.41525127,0.367204253,14.8,57.15531900000015,-8.098095949999998
619.0,1102.519882,19.77110995,4.418774082,1175.255484,27.45259389,0.425275775,14.8,57.935601999999975,-7.68148394
619.1,1104.525126,20.20091014,4.177280324,1178.00093,27.49740285,0.485421279,14.8,58.67580399999993,-7.296492709999999
619.2,1106.572141,20.60655588,3.936090694,1180.751231,27.54967815,0.560084665,14.8,59.37908999999986,-6.94312227
619.3000000000001,1108.658514,20.98804718,3.695509319,1183.507133,27.60941978,0.63474805,14.8,60.0486190000001,-6.621372600000001
619.4000000000001,1110.781828,21.34541444,3.455840326,1186.269382,27.67662776,0.709411435,14.8,60.68755400000005,-6.33121332
619.5,1112.939668,21.67880974,3.217387844,1189.038725,27.75130207,0.78407482,14.8,61.29905700000013,-6.072492330000003
619.6,1115.129619,21.98841554,2.980455999,1191.815909,27.83344272,0.858738206,14.8,61.886289999999875,-5.845027180000002
619.7,1117.349264,22.27441433,2.745298231,1194.601681,27.92304971,0.933401591,14.8,62.45241700000015,-5.648635380000002
619.8000000000001,1119.596214,22.53698859,2.511965228,1197.396786,28.02012304,1.00736046,14.8,63.000572000000105,-5.483134450000001
619.9000000000001,1121.868173,22.77632078,2.280406302,1200.201972,28.12466271,1.077092235,14.8,63.533799,-5.34834193
620.0,1124.162874,22.99259338,2.050368014,1203.017985,28.23666871,1.13836982,14.8,64.05511099999985,-5.244075330000001
620.1,1126.478045,23.18598888,1.821546236,1205.845573,28.35571835,1.18696612,14.8,64.567528,-5.16972947
620.2,1128.811419,23.35665933,1.59363684,1208.68548,28.47969806,1.218654042,14.8,65.07406100000021,-5.123038730000001
620.3000000000001,1131.160725,23.50463514,1.3663357,1211.538455,28.6060716,1.229206489,14.8,65.57773000000016,-5.101436459999999
620.4000000000001,1133.523693,23.62991633,1.139338687,1214.405244,28.73230271,1.215100883,14.8,66.08155099999995,-5.102386379999999
620.5,1135.898055,23.73250288,0.912392362,1217.286255,28.85585513,1.175632708,14.8,66.58819999999987,-5.12335225
620.6,1138.281541,23.8123948,0.685446037,1220.180544,28.97419261,1.11150648,14.8,67.099003,-5.1617978099999995
620.7,1140.671881,23.86959209,0.458499712,1223.086829,29.08477888,1.026244778,14.8,67.6149480000001,-5.215186789999997
620.8000000000001,1143.066807,23.90409474,0.231553387,1226.003827,29.18507769,0.924074696,14.8,68.13702000000008,-5.2809829499999985
620.9000000000001,1145.464048,23.91590277,0.004607061,1228.930257,29.27297549,0.809223331,14.8,68.66620899999994,-5.3570727200000015
621.0,1147.861335,23.90501616,-0.222339264,1231.864834,29.34804958,0.685917775,14.8,69.20349899999992,-5.443033420000003
621.1,1150.256398,23.87143491,-0.447422809,1234.806278,29.41029995,0.558385125,14.8,69.74988000000003,-5.5388650399999975
621.2,1152.646969,23.81515904,-0.661329678,1237.753306,29.4597266,0.430147959,14.8,70.30633700000017,-5.644567559999999
621.3000000000001,1155.030777,23.73618853,-0.852883193,1240.704636,29.49632954,0.301910792,14.8,70.873859,-5.760141010000002
621.4000000000001,1157.405554,23.63564106,-1.010906678,1243.658984,29.52010876,0.173673626,14.8,71.45342999999998,-5.884467699999998
621.5,1159.769029,23.51910496,-1.124223455,1246.615069,29.53106427,0.04543646,14.8,72.0460399999999,-6.011959310000002
621.6,1162.118934,23.39328624,-1.181656847,1249.571609,29.52919606,-0.082800706,14.8,72.652675,-6.135909820000002
621.7,1164.452999,23.26489091,-1.173892959,1252.52732,29.51450413,-0.211037872,14.8,73.27432099999983,-6.2496132200000005
621.8000000000001,1166.769848,23.14062496,-1.099069009,1255.480921,29.48698848,-0.339275038,14.8,73.91107300000017,-6.346363520000001
621.9000000000001,1169.071682,23.02719442,-0.959047777,1258.43113,29.44664912,-0.467570301,14.8,74.55944799999993,-6.419454699999999
622.0,1171.361598,22.93130528,-0.763143162,1261.376663,29.39348604,-0.59621414,14.8,75.21506500000005,-6.462180759999999
622.1,1173.64269,22.85966355,-0.522531838,1264.316239,29.32749924,-0.725555134,14.8,75.8735490000001,-6.467835690000001
622.2,1175.918054,22.81785757,-0.248390485,1267.248575,29.24865387,-0.855941859,14.8,76.53052100000009,-6.430796299999997
622.3000000000001,1178.190785,22.80700501,0.048104223,1270.172389,29.15677564,-0.987722892,14.8,77.18160400000006,-6.349770629999998
622.4000000000001,1180.463978,22.82710586,0.355775607,1273.086398,29.0516554,-1.121246811,14.8,77.82241999999992,-6.224549540000002
622.5,1182.740729,22.87816013,0.665309771,1275.98932,28.933084,-1.256804097,14.8,78.44859099999981,-6.05492387
622.6,1185.024134,22.96016782,0.974843935,1278.879845,28.8008523,-1.394452845,14.8,79.05571099999993,-5.84068448
622.7,1187.317286,23.07312892,1.284378099,1281.75655,28.65475116,-1.534134959,14.8,79.6392640000001,-5.5816222400000015
622.8000000000001,1189.623283,23.21704344,1.593912262,1284.617987,28.49457142,-1.67555996,14.8,80.19470400000019,-5.277527979999999
622.9000000000001,1191.945218,23.39191137,1.903446426,1287.462706,28.32010394,-1.818379268,14.8,80.71748799999996,-4.92819257
623.0,1194.286188,23.59773272,2.21298059,1290.289257,28.13117442,-1.962244308,14.8,81.20306899999987,-4.533441700000001
623.1,1196.649288,23.83450749,2.519972098,1293.096189,27.92774803,-2.106806502,14.8,81.64690100000003,-4.09324054
623.2,1199.037613,24.10223567,2.811707675,1295.882055,27.70982474,-2.251717274,14.8,82.04444200000007,-3.6075890699999995
623.3000000000001,1201.454258,24.40091727,3.072931388,1298.645403,27.47740457,-2.396686141,14.8,82.39114500000001,-3.0764873
623.4000000000001,1203.90232,24.72902669,3.288387305,1301.384784,27.23048752,-2.541655008,14.8,82.68246400000017,-2.501460829999999
623.5,1206.384892,25.07893597,3.442819494,1304.098749,26.96907357,-2.686623876,14.8,82.91385699999996,-1.8901375999999992
623.6,1208.905071,25.44149155,3.520972025,1306.785847,26.69316274,-2.831592743,14.8,83.0807760000002,-1.2516711900000033
623.7,1211.465952,25.80753987,3.510131619,1309.44463,26.40275502,-2.976561611,14.8,83.17867799999995,-0.5952151500000014
623.8000000000001,1214.06941,26.16792737,3.407755622,1312.073647,26.09785042,-3.121530478,14.8,83.20423699999988,0.07007695000000069
623.9000000000001,1216.712437,26.51350049,3.216386689,1314.671448,25.77844893,-3.265882713,14.8,83.15901100000015,0.7350515599999987
624.0,1219.390806,26.83510567,2.948738096,1317.236585,25.44455055,-3.406535153,14.8,83.045779,1.390555120000002
624.1,1222.10029,27.12358935,2.620065776,1319.767607,25.09615528,-3.539788003,14.8,82.86731699999991,2.027434069999998
624.2,1224.836662,27.37132357,2.24562566,1322.263064,24.73363311,-3.661941468,14.8,82.62640200000006,2.6376904600000017
624.3000000000001,1227.595693,27.57678273,1.840673681,1324.721508,24.35883393,-3.769295753,14.8,82.3258150000001,3.217948800000002
624.4000000000001,1230.373156,27.73996683,1.420465769,1327.141488,23.97397762,-3.861404717,14.8,81.96833199999988,3.7659892100000008
624.5,1233.164824,27.86087588,0.997715202,1329.521554,23.58128405,-3.925424237,14.8,81.55672999999997,4.2795918299999975
624.6,1235.966468,27.93950987,0.574964636,1331.860553,23.1829731,-3.97049864,14.8,81.09408499999991,4.756536769999997
624.7,1238.773863,27.97586881,0.152214069,1334.158515,22.77931245,-3.993990905,14.8,80.58465200000019,5.196556360000002
624.8000000000001,1241.58278,27.96995269,-0.270536498,1336.415767,22.37837857,-3.998984196,14.8,80.032987,5.591574120000001
624.9000000000001,1244.388991,27.92176151,-0.693287065,1338.632634,21.97653475,-3.989178307,14.8,79.44364300000002,5.945226760000001
625.0,1247.18827,27.83129528,-1.116037631,1340.809443,21.57758307,-3.965019379,14.8,78.821173,6.25371221
625.1,1249.976388,27.69855398,-1.537026519,1342.94652,21.18189353,-3.939968168,14.8,78.17013199999992,6.51666045
625.2,1252.749118,27.52353764,-1.947445328,1345.044191,20.78946611,-3.907963509,14.8,77.495073,6.734071530000001
625.3000000000001,1255.502233,27.30624623,-2.336723983,1347.102782,20.40030083,-3.875342218,14.8,76.800549,6.9059454
625.4000000000001,1258.231505,27.04773678,-2.694292405,1349.12262,20.01439767,-3.842720926,14.8,76.09111500000013,7.03333911
625.5,1260.932706,26.75329431,-3.009580517,1351.10403,19.63175664,-3.810099634,14.8,75.37132399999992,7.121537670000002
625.6,1263.60161,26.42926089,-3.286082492,1353.04734,19.25237774,-3.777478343,14.8,74.64573000000014,7.176883149999998
625.7,1266.233988,26.08197854,-3.47279718,1354.952875,18.87626097,-3.744857051,14.8,73.918887,7.205717570000001
625.8000000000001,1268.826459,25.71778933,-3.610155653,1356.820961,18.50340633,-3.71223576,14.8,73.19450199999979,7.214382999999998
625.9000000000001,1271.379023,25.33459674,-3.685855341,1358.651925,18.13381382,-3.679614468,14.8,72.47290199999993,7.200782919999998
626.0,1273.892527,24.96405847,-3.708704642,1360.446093,17.76748344,-3.646668107,14.8,71.75356600000005,7.196575030000002
626.1,1276.367816,24.58720092,-3.689273632,1362.203791,17.40441519,-3.611771327,14.8,71.03597499999997,7.182785729999999
626.2,1278.805736,24.21774768,-3.624068139,1363.925345,17.04460906,-3.57297371,14.8,70.31960900000009,7.17313862
626.3000000000001,1281.207134,23.85675576,-3.565850992,1365.611081,16.68826011,-3.528324838,14.8,69.60394700000002,7.168495649999997
626.4000000000001,1283.572857,23.50422515,-3.482999517,1367.261327,16.33634354,-3.475874292,14.8,68.88846999999983,7.1678816099999985
626.5,1285.903749,23.16015585,-3.398386363,1368.876407,15.99002959,-3.413671654,14.8,68.17265799999991,7.170126259999998
626.6,1288.200657,22.82454787,-3.313773208,1370.456648,15.65048854,-3.340091575,14.8,67.455991,7.17405933
626.7,1290.464428,22.49740121,-3.229160054,1372.002533,15.31889061,-3.254808986,14.8,66.73810500000009,7.178510599999999
626.8000000000001,1292.695907,22.17871586,-3.144546899,1373.515168,14.99640607,-3.158148955,14.8,66.01926099999987,7.18230979
626.9000000000001,1294.89594,21.86849183,-3.059933745,1374.995814,14.68420516,-3.051736832,14.8,65.299874,7.1842866700000005
627.0,1297.065374,21.56672911,-2.975320591,1376.445736,14.38345814,-2.937523035,14.8,64.58036199999988,7.183270970000001
627.1,1299.205055,21.27342771,-2.890954281,1377.866194,14.09514022,-2.817457983,14.8,63.86113900000005,7.178287490000001
627.2,1301.315829,20.98858763,-2.808069038,1379.258452,13.81944644,-2.693492094,14.8,63.14262300000014,7.169141190000001
627.3000000000001,1303.398542,20.71220886,-2.72814593,1380.623771,13.55637679,-2.567575787,14.8,62.42522900000013,7.155832070000001
627.4000000000001,1305.45404,20.44414329,-2.652666025,1381.963415,13.30593128,-2.44133441,14.8,61.709374999999866,7.13821201
627.5,1307.48317,20.18365041,-2.583110388,1383.278645,13.06810991,-2.315093033,14.8,60.99547500000013,7.115540499999998
627.6,1309.486777,19.92984156,-2.520960089,1384.570725,12.84291267,-2.188851655,14.8,60.28394799999997,7.086928889999999
627.7,1311.465707,19.6818281,-2.46744935,1385.840916,12.63033958,-2.062610278,14.8,59.575209000000044,7.051488520000001
627.8000000000001,1313.420689,19.43872139,-2.422825014,1387.090481,12.43039062,-1.936368901,14.8,58.86979199999992,7.008330770000001
627.9000000000001,1315.351976,19.1996328,-2.386840239,1388.320682,12.2430658,-1.810127524,14.8,58.168706000000114,6.956567
628.0,1317.259703,18.96367368,-2.3582608,1389.532782,12.06836511,-1.684209082,14.8,57.473079000000055,6.895308569999999
628.1,1319.144005,18.7299554,-2.335605631,1390.728043,11.90628857,-1.560228249,14.8,56.78403799999997,6.823666830000002
628.2,1321.005018,18.49773741,-2.317393664,1391.907727,11.75683616,-1.440122637,14.8,56.10270899999996,6.7409012499999985
628.3000000000001,1322.842876,18.26687162,-2.302143831,1393.073098,11.61981413,-1.325829853,14.8,55.43022200000014,6.64705749
628.4000000000001,1324.657716,18.03735802,-2.288375066,1394.225417,11.49425367,-1.219287509,14.8,54.76770100000017,6.543104349999998
628.5,1326.449672,17.8091966,-2.274853146,1395.365947,11.37899221,-1.122433213,14.8,54.116275000000044,6.43020439
628.6,1328.218879,17.58238739,-2.261331226,1396.495949,11.2728672,-1.036881641,14.8,53.4770700000001,6.309520190000001
628.7,1329.965473,17.35693036,-2.247809305,1397.616533,11.17471606,-0.962955727,14.8,52.85105999999992,6.1822143
628.8000000000001,1331.689589,17.13282552,-2.234287385,1398.728185,11.08337623,-0.900332538,14.8,52.23859599999987,6.04944929
628.9000000000001,1333.391362,16.91007288,-2.220765464,1399.831236,10.99768514,-0.847397397,14.8,51.63987399999992,5.912387740000002
629.0,1335.070927,16.68867243,-2.207243544,1400.926021,10.91648023,-0.802212695,14.8,51.05509400000001,5.772192200000001
629.1,1336.72842,16.46862417,-2.193721624,1402.012871,10.83879269,-0.762840822,14.8,50.48445099999999,5.629831479999998
629.2,1338.363976,16.24992811,-2.179865522,1403.092118,10.76442876,-0.727344169,14.8,49.92814199999994,5.4854993499999996
629.3000000000001,1339.97773,16.03258423,-2.164004336,1404.164095,10.69338844,-0.693785126,14.8,49.386365000000026,5.3391957900000016
629.4000000000001,1341.569817,15.81659255,-2.14413298,1405.229134,10.62567174,-0.660549018,14.8,48.859316999999876,5.19092081
629.5,1343.140372,15.60215357,-2.11824637,1406.287567,10.56127864,-0.62731291,14.8,48.34719500000001,5.040874930000001
629.6,1344.689531,15.39026983,-2.08433942,1407.339728,10.50020916,-0.594076801,14.8,47.85019699999994,4.890060669999999
629.7,1346.217429,15.18214439,-2.040407045,1408.385947,10.44246328,-0.560840693,14.8,47.36851799999995,4.739681109999999
629.8000000000001,1347.724202,14.97898029,-1.984778342,1409.426558,10.38804102,-0.527604585,14.8,46.90235600000001,4.590939270000002
629.9000000000001,1349.210143,14.78198058,-1.91711913,1410.461894,10.33694236,-0.494368477,14.8,46.451751000000016,4.445038220000001
630.0,1350.676192,14.59234832,-1.837763589,1411.492285,10.28916732,-0.461350983,14.8,46.01609300000014,4.303180999999999
630.1,1352.123445,14.41128656,-1.748382624,1412.518065,10.24471589,-0.429645175,14.8,45.594620000000035,4.1665706700000005
630.2,1353.553001,14.23999835,-1.650981319,1413.539566,10.20358807,-0.400562738,14.8,45.18656499999993,4.03641028
630.3000000000001,1354.965957,14.07948623,-1.54756476,1414.557121,10.16565269,-0.37541536,14.8,44.791164000000165,3.9138335400000006
630.4000000000001,1356.36341,13.92995071,-1.440138031,1415.571061,10.13025391,-0.355514726,14.8,44.40765100000017,3.7996967999999995
630.5,1357.746459,13.79139179,-1.330706217,1416.58172,10.09660472,-0.342172521,14.8,44.03526099999995,3.6947870700000003
630.6,1359.1162,13.66380947,-1.220940222,1417.589429,10.06391811,-0.336481818,14.8,43.67322900000018,3.599891360000001
630.7,1360.473732,13.54720375,-1.111174227,1418.594416,10.03140705,-0.33866123,14.8,43.320683999999986,3.515796699999999
630.8000000000001,1361.820153,13.44157462,-1.001408232,1419.596488,9.998284557,-0.348492144,14.8,42.97633500000002,3.443290063000001
630.9000000000001,1363.156559,13.3469221,-0.891642238,1420.595349,9.9637636,-0.364881488,14.8,42.63878999999993,3.3831585000000004
631.0,1364.484049,13.26324617,-0.781876243,1421.590701,9.927057174,-0.386517575,14.8,42.30665200000017,3.3361889960000006
631.1,1365.80372,13.19054685,-0.672110248,1422.582247,9.887509434,-0.412088721,14.8,41.97852699999994,3.3030374160000004
631.2,1367.11667,13.12882413,-0.562954062,1423.569689,9.844989212,-0.440283238,14.8,41.653018999999816,3.283834918
631.3000000000001,1368.423996,13.078078,-0.457456733,1424.552731,9.799496509,-0.469789441,14.8,41.32873500000001,3.278581490999999
631.4000000000001,1369.726797,13.03830847,-0.359277117,1425.531075,9.751031324,-0.499514258,14.8,41.00427800000007,3.287277146000001
631.5,1371.02617,13.00914966,-0.272074069,1426.504423,9.699593658,-0.529239076,14.8,40.678253,3.3095560020000008
631.6,1372.323212,12.98877213,-0.199506446,1427.47248,9.645183509,-0.558963893,14.8,40.349267999999896,3.3435886209999985
631.7,1373.619021,12.97498058,-0.145233105,1428.434946,9.587800879,-0.588688711,14.8,40.01592500000011,3.387179701000001
631.8000000000001,1374.914696,12.96557968,-0.112303092,1429.391526,9.527445767,-0.618413528,14.8,39.676830000000066,3.4381339129999997
631.9000000000001,1376.21104,12.95837413,-0.101326217,1430.341922,9.464118173,-0.648138346,14.8,39.33088200000016,3.494255957
632.0,1377.507688,12.95116861,-0.11169267,1431.285836,9.397818098,-0.677863163,14.8,38.978148000000104,3.5533505119999997
632.1,1378.803981,12.94176781,-0.140353405,1432.222972,9.328545541,-0.707953946,14.8,38.61899100000001,3.6132222689999995
632.2,1380.099261,12.9279764,-0.183649565,1433.153031,9.256300502,-0.740240518,14.8,38.25376999999999,3.671675898
632.3000000000001,1381.392869,12.90796498,-0.237922293,1434.075718,9.181082981,-0.776918671,14.8,37.882849000000036,3.7268819989999997
632.4000000000001,1382.684147,12.88136764,-0.299512735,1434.990734,9.1026734,-0.820184195,14.8,37.50658700000004,3.77869424
632.5,1383.972436,12.84818439,-0.364762032,1435.897783,9.019973862,-0.872232879,14.8,37.12534699999988,3.8282105279999996
632.6,1385.257077,12.80841523,-0.430621139,1436.796566,8.931666895,-0.935260514,14.8,36.739489000000006,3.8767483350000003
632.7,1386.537412,12.76206017,-0.496480246,1437.686788,8.836435024,-1.011096925,14.8,36.34937600000008,3.925625146
632.8000000000001,1387.812782,12.70911919,-0.562339353,1438.567975,8.732960774,-1.100108077,14.8,35.955192999999966,3.9761584159999988
632.9000000000001,1389.082528,12.64959229,-0.62819846,1439.438951,8.619926673,-1.201928006,14.8,35.55642300000018,4.029665616999999
633.0,1390.345993,12.58347949,-0.694057567,1440.298365,8.496015244,-1.314726885,14.8,35.1523720000002,4.087464246
633.1,1391.602517,12.51078078,-0.759916673,1441.144866,8.359909016,-1.436308924,14.8,34.74234900000006,4.150871764
633.2,1392.851442,12.43149616,-0.825975559,1441.977103,8.210510092,-1.564478335,14.8,34.32566100000004,4.220986068
633.3000000000001,1394.092109,12.34562563,-0.893233121,1442.793724,8.047598893,-1.697039325,14.8,33.90161500000018,4.298026737000001
633.4000000000001,1395.32386,12.25316918,-0.962888032,1443.593379,7.87117542,-1.831796106,14.8,33.46951899999995,4.38199376
633.5,1396.546036,12.15400696,-1.036138968,1444.374715,7.681239672,-1.966918852,14.8,33.02867899999997,4.472767288
633.6,1397.757979,12.04753962,-1.114184605,1445.136383,7.477791649,-2.102041598,14.8,32.57840400000005,4.569747971
633.7,1398.959029,11.93304796,-1.198223616,1445.87703,7.260831352,-2.237164343,14.8,32.11800100000001,4.672216607999999
633.8000000000001,1400.148528,11.80981278,-1.289254899,1446.595305,7.030358781,-2.372287089,14.8,31.64677700000011,4.779453998999999
633.9000000000001,1401.325723,11.67711486,-1.387478232,1447.289858,6.786373934,-2.507409835,14.8,31.16413500000017,4.890740925999999
634.0,1402.489474,11.53423501,-1.492693837,1447.959336,6.528876814,-2.642532581,14.8,30.66986199999992,5.0053581959999995
634.1,1403.638548,11.38045402,-1.603902816,1448.602389,6.257867418,-2.776612767,14.8,30.163841,5.122586602
634.2,1404.77171,11.21505268,-1.719906496,1449.217666,5.973345748,-2.904437599,14.8,29.645956000000023,5.241706932
634.3000000000001,1405.887728,11.03743166,-1.8395062,1449.803814,5.675311804,-3.019751719,14.8,29.116086000000177,5.362119856
634.4000000000001,1406.985367,10.84747109,-1.961503255,1450.359484,5.36439112,-3.116299774,14.8,28.57411700000007,5.483079970000001
634.5,1408.063392,10.64517097,-2.084698985,1450.883324,5.043711375,-3.187826407,14.8,28.01993199999988,5.601459595000001
634.6,1409.120571,10.43053129,-2.208094494,1451.373982,4.717025782,-3.228076264,14.8,27.45341100000014,5.713505507999999
634.7,1410.155668,10.20355207,-2.331490003,1451.830107,4.388087554,-3.231836548,14.8,26.874438999999892,5.8154645160000005
634.8000000000001,1411.167451,9.96423329,-2.454885513,1452.250849,4.060649904,-3.1980647,14.8,26.283397999999988,5.903583385999999
634.9000000000001,1412.154685,9.712574964,-2.578281022,1452.637358,3.738466046,-3.127803279,14.8,25.682672999999976,5.974108918
635.0,1413.116136,9.448577086,-2.701676531,1452.991286,3.425289192,-3.026265082,14.8,25.075149999999848,6.023287894
635.1,1414.05057,9.172239657,-2.82507204,1453.314284,3.124872555,-2.899705464,14.8,24.463713999999936,6.047367102000001
635.2,1414.956753,8.883562678,-2.947611847,1453.608004,2.840343815,-2.754379779,14.8,23.851251,6.043218863
635.3000000000001,1415.833452,8.582546148,-3.065017442,1453.874096,2.572328505,-2.596543384,14.8,23.24064399999993,6.010217643000001
635.4000000000001,1416.679432,8.269190066,-3.172154613,1454.114213,2.320826626,-2.432451634,14.8,22.634781000000157,5.94836344
635.5,1417.49346,7.944007855,-3.263889148,1454.330005,2.085838178,-2.267317324,14.8,22.036545000000114,5.858169676999999
635.6,1418.274301,7.609566621,-3.335086836,1454.523124,1.867363161,-2.102183014,14.8,21.44882300000013,5.74220346
635.7,1419.020721,7.26894689,-3.380613463,1454.695221,1.665401575,-1.937048705,14.8,20.874499999999852,5.603545315
635.8000000000001,1419.731488,6.925229189,-3.396190521,1454.847948,1.47995342,-1.771914395,14.8,20.316460000000188,5.445275769
635.9000000000001,1420.405776,6.581494046,-3.380962306,1454.982955,1.311018696,-1.606780085,14.8,19.777178999999887,5.27047535
636.0,1421.044407,6.240821989,-3.335784522,1455.101895,1.158597403,-1.441645776,14.8,19.25748799999992,5.082224586
636.1,1421.64861,5.906293543,-3.264935678,1455.206418,1.022689541,-1.276511466,14.8,18.757808000000022,4.883604002
636.2,1422.219616,5.580989237,-3.173549986,1455.298176,0.90329511,-1.111931729,14.8,18.278559999999924,4.677694127
636.3000000000001,1422.758655,5.267476176,-3.066761658,1455.37882,0.80041411,-0.950679426,14.8,17.820164999999815,4.4670620659999996
636.4000000000001,1423.266958,4.966267782,-2.949704906,1455.450002,0.714046541,-0.796081994,14.8,17.38304400000011,4.252221241
636.5,1423.745756,4.677364055,-2.827513942,1455.513373,0.643859659,-0.651466866,14.8,16.967616999999972,4.033504396
636.6,1424.196279,4.400764994,-2.704467276,1455.570584,0.588189747,-0.520161477,14.8,16.57430500000005,3.8125752470000003
636.7,1424.619757,4.1364706,-2.58142061,1455.623286,0.545040345,-0.405493262,14.8,16.20352900000007,3.591430255
636.8000000000001,1425.017421,3.884480872,-2.458373944,1455.673132,0.512414991,-0.310235084,14.8,15.855710999999882,3.372065881
636.9000000000001,1425.390501,3.644795811,-2.335327278,1455.721505,0.488317224,-0.234941515,14.8,15.531003999999893,3.1564785869999996
637.0,1425.740228,3.417415416,-2.212280612,1455.768728,0.470750583,-0.179057983,14.8,15.228500000000121,2.946664833
637.1,1426.067832,3.202339688,-2.089233946,1455.814852,0.457718608,-0.139811625,14.8,14.94702000000002,2.74462108
637.2,1426.374543,2.999568627,-1.96645638,1455.859934,0.447224838,-0.113875006,14.8,14.685391000000163,2.552343789
637.3000000000001,1426.661593,2.809102232,-1.845293408,1455.904026,0.437605555,-0.097920692,14.8,14.442432999999891,2.3714966769999997
637.4000000000001,1426.930211,2.630940504,-1.727359628,1455.947184,0.428528016,-0.088621247,14.8,14.216973000000007,2.202412488
637.5,1427.181629,2.464921983,-1.614269633,1455.989461,0.41999222,-0.082649237,14.8,14.007831999999961,2.044929763
637.6,1427.417076,2.310239371,-1.50763802,1456.030912,0.411998168,-0.0772318,14.8,13.813835999999991,1.8982412030000002
637.7,1427.637783,2.165923912,-1.409079383,1456.07159,0.40454586,-0.071814363,14.8,13.633807000000115,1.7613780519999997
637.8000000000001,1427.84498,2.031006847,-1.319939219,1456.11155,0.397635296,-0.066396925,14.8,13.46657,1.633371551
637.9000000000001,1428.039769,1.904519421,-1.240486628,1456.150846,0.391266475,-0.060979488,14.8,13.311077000000022,1.5132529460000002
638.0,1428.222735,1.785492874,-1.170452509,1456.189532,0.385439398,-0.055562051,14.8,13.166797000000042,1.400053476
638.1,1428.394332,1.672958451,-1.108491367,1456.227663,0.380154065,-0.050144613,14.8,13.033330999999816,1.292804386
638.2,1428.555017,1.565947395,-1.052988606,1456.265292,0.375410476,-0.04474504,14.8,12.910275000000137,1.190536919
638.3000000000001,1428.705244,1.463652407,-1.002329631,1456.302474,0.37120863,-0.039452647,14.8,12.79723000000008,1.0924437770000002
638.4000000000001,1428.84547,1.365912027,-0.954899847,1456.339263,0.367548528,-0.034374617,14.8,12.693793000000095,0.9983634990000001
638.5,1428.976149,1.272726257,-0.909084658,1456.375713,0.364419451,-0.02961813,14.8,12.599563999999827,0.9083068059999999
638.6,1429.097738,1.184095096,-0.863538569,1456.411878,0.36176781,-0.025290368,14.8,12.514139999999951,0.822327286
638.7,1429.210691,1.100018543,-0.817992479,1456.447813,0.359529295,-0.021498512,14.8,12.437121999999999,0.740489248
638.8000000000001,1429.315464,1.0204966,-0.77244639,1456.483571,0.357639597,-0.01833188,14.8,12.368106999999963,0.6628570030000001
638.9000000000001,1429.412513,0.945529265,-0.726900301,1456.519199,0.356034409,-0.015808334,14.8,12.30668600000008,0.589494856
639.0,1429.502293,0.87511654,-0.681354211,1456.554707,0.354649421,-0.013910012,14.8,12.252413999999998,0.5204671190000001
639.1,1429.585259,0.809258423,-0.635808122,1456.590098,0.353420324,-0.012547596,14.8,12.204838999999946,0.45583809899999994
639.2,1429.661867,0.747954915,-0.590292684,1456.625375,0.35228281,-0.011613905,14.8,12.163508000000046,0.395672105
639.3000000000001,1429.732573,0.691206017,-0.544961159,1456.660541,0.351183288,-0.011001757,14.8,12.127967999999964,0.34002272899999997
639.4000000000001,1429.797831,0.639011727,-0.499997458,1456.695598,0.35011104,-0.010603972,14.8,12.09776699999993,0.288900687
639.5,1429.858098,0.591353655,-0.455585493,1456.730549,0.349066066,-0.010313368,14.8,12.072451000000182,0.24228758900000003
639.6,1429.913828,0.548139844,-0.411909177,1456.765397,0.348048366,-0.010040628,14.8,12.051568999999926,0.20009147800000004
639.7,1429.965478,0.509259948,-0.369152422,1456.800145,0.34705794,-0.009767887,14.8,12.034666999999853,0.16220200799999995
639.8000000000001,1430.013502,0.47460362,-0.327468487,1456.834795,0.346094789,-0.009495146,14.8,12.021292999999968,0.128508831
639.9000000000001,1430.058342,0.44406051,-0.286888025,1456.869351,0.345158911,-0.009222406,14.8,12.011009000000012,0.098901599
640.0,1430.100379,0.417520274,-0.247380384,1456.903814,0.344250308,-0.008949665,14.8,12.003435000000035,0.07326996600000002
640.1,1430.139981,0.394872563,-0.208792304,1456.938187,0.343368978,-0.008676925,14.8,11.998205999999936,0.05150358500000002
640.2,1430.177514,0.376007029,-0.170939872,1456.972474,0.342514923,-0.008489415,14.8,11.994959999999946,0.033492105999999966
640.3000000000001,1430.213346,0.360831718,-0.133639176,1457.006676,0.341688141,-0.008267814,14.8,11.993329999999968,0.019143577000000023
640.4000000000001,1430.247844,0.349328237,-0.096706305,1457.040798,0.340888634,-0.008244727,14.8,11.992954000000008,0.008439602999999962
640.5,1430.281376,0.341496587,-0.059957346,1457.07484,0.340061853,-0.008888793,14.8,11.993464000000085,0.001434733999999993
640.6,1430.314308,0.337336768,-0.023239039,1457.108807,0.339303256,-0.010401412,14.8,11.994499000000086,-0.0019664879999999885
640.7,1430.347007,0.33684878,0.013479268,1457.142701,0.338422142,-0.013072104,14.8,11.995693999999911,-0.001573361999999967
640.8000000000001,1430.379842,0.340032622,0.050197575,1457.176524,0.337181647,-0.017099471,14.8,11.996681999999918,0.0028509750000000333
640.9000000000001,1430.413178,0.346888295,0.086915882,1457.21028,0.335447294,-0.02293213,14.8,11.997101999999995,0.011441001000000006
641.0,1430.447383,0.357415798,0.123634189,1457.243948,0.333045372,-0.030541762,14.8,11.9965650000001,0.024370426
641.1,1430.482825,0.371615132,0.160352496,1457.277414,0.32980217,-0.039774858,14.8,11.99458899999986,0.04181296200000001
641.2,1430.519871,0.389486297,0.197070803,1457.310543,0.325543978,-0.050455544,14.8,11.990672000000085,0.06394231899999997
641.3000000000001,1430.558887,0.411029293,0.233568411,1457.343198,0.320097085,-0.062294302,14.8,11.984311000000115,0.09093220800000001
641.4000000000001,1430.60024,0.436244119,0.268741823,1457.375244,0.313316732,-0.075001613,14.8,11.97500400000008,0.122927387
641.5,1430.644299,0.465130776,0.301266843,1457.406543,0.305173967,-0.08828796,14.8,11.962244000000009,0.15995680900000003
641.6,1430.691431,0.497556845,0.329819275,1457.43696,0.295668791,-0.101863825,14.8,11.945529000000032,0.20188805400000004
641.7,1430.742001,0.532860226,0.353074925,1457.466358,0.284801202,-0.115487943,14.8,11.924356999999826,0.24805902400000007
641.8000000000001,1430.796379,0.570246403,0.369709595,1457.494601,0.272571202,-0.129112061,14.8,11.898222000000214,0.29767520099999994
641.9000000000001,1430.85493,0.608920858,0.378619789,1457.521553,0.25897879,-0.142736178,14.8,11.866623000000072,0.34994206799999994
642.0,1430.917916,0.648089074,0.379584808,1457.547078,0.244023966,-0.156360296,14.8,11.82916199999995,0.40406510800000006
642.1,1430.985175,0.686956533,0.372825351,1457.571039,0.227706731,-0.169984414,14.8,11.7858639999999,0.45924980200000004
642.2,1431.056438,0.724728718,0.359444915,1457.593301,0.210027084,-0.183608532,14.8,11.736863000000039,0.514701634
642.3000000000001,1431.131436,0.760611111,0.340767696,1457.613726,0.190985024,-0.197054877,14.8,11.682290000000148,0.5696260870000001
642.4000000000001,1431.209902,0.793941614,0.318117889,1457.632179,0.170580554,-0.206637412,14.8,11.622276999999894,0.6233610599999999
642.5,1431.291567,0.824587807,0.29281969,1457.648523,0.148813671,-0.218151852,14.8,11.556956000000081,0.675774136
642.6,1431.376162,0.852549692,0.266197296,1457.662623,0.12579104,-0.220422539,14.8,11.486460999999917,0.726758652
642.7,1431.463419,0.877827267,0.239354202,1457.674341,0.103724284,-0.215637374,14.8,11.410921999999982,0.774102983
642.8000000000001,1431.553069,0.900420532,0.212511109,1457.683543,0.079070885,-0.203621003,14.8,11.330474000000049,0.821349647
642.9000000000001,1431.644845,0.920329488,0.185668015,1457.69009,0.058731501,-0.184267361,14.8,11.245245000000022,0.861597987
643.0,1431.738477,0.937554135,0.158824921,1457.693933,0.041198129,-0.159600653,14.8,11.155455999999912,0.896356006
643.1,1431.833698,0.952094472,0.131981827,1457.695363,0.026641069,-0.128744507,14.8,11.06166500000013,0.925453403
643.2,1431.930238,0.963950501,0.105138734,1457.695436,0.015230624,-0.09751988,14.8,10.965198000000054,0.948719877
643.3000000000001,1432.02783,0.973122219,0.078357061,1457.695508,0.007137093,-0.067449085,14.8,10.867678000000023,0.965985126
643.4000000000001,1432.126205,0.979609629,0.051943914,1457.695581,0.002424117,-0.043187319,14.8,10.76937599999992,0.977185512
643.5,1432.225094,0.983412729,0.026267818,1457.695654,0.000728678,-0.02416991,14.8,10.670560000000204,0.982684051
643.6,1432.32423,0.984568372,0.0016973,1457.695727,0.000728678,-0.010680693,14.8,10.57149700000009,0.983839694
643.7,1432.423343,0.983260821,-0.021399116,1457.6958,0.000728678,-0.002825731,14.8,10.47245700000003,0.982532143
643.8000000000001,1432.522165,0.979711192,-0.042652903,1457.695873,0.000728678,-4.95e-11,14.8,10.373707999999805,0.978982514
643.9000000000001,1432.620428,0.974140599,-0.061756957,1457.695946,0.000728678,0.0,14.8,10.275518000000101,0.9734119210000001
644.0,1432.717893,0.966770159,-0.078649856,1457.696019,0.000728678,4.12e-11,14.8,10.178125999999974,0.966041481
644.1,1432.814439,0.957820987,-0.093393022,1457.696091,0.000728678,0.037096991,14.8,10.08165200000003,0.957092309
644.2,1432.909974,0.947514198,-0.10629356,1457.696164,0.000728678,0.083255124,14.8,9.986190000000033,0.94678552
644.3000000000001,1433.004407,0.936070907,-0.117719995,1457.696237,0.000728678,0.138927524,14.8,9.891830000000208,0.935342229
644.4000000000001,1433.097646,0.923675378,-0.128040852,1457.69631,0.022986872,0.211833543,14.8,9.798664000000098,0.9006885059999999
644.5,1433.1896,0.910364463,-0.137624658,1457.696383,0.050681752,0.282444724,14.8,9.70678300000004,0.8596827109999999
644.6,1433.280176,0.896138162,-0.146839939,1457.696456,0.084085192,0.353055905,14.8,9.616279999999914,0.81205297
644.7,1433.369285,0.880996476,-0.155993798,1457.696529,0.122677849,0.399054614,14.8,9.527244000000064,0.758318627
644.8000000000001,1433.456833,0.864939403,-0.165147658,1457.714408,0.170195512,0.439859888,14.8,9.457575000000087,0.6947438910000001
644.9000000000001,1433.54273,0.847966944,-0.174301517,1457.736637,0.212562221,0.436726367,14.8,9.39390700000008,0.635404723
645.0,1433.626884,0.830079099,-0.183455377,1457.763432,0.262419641,0.417360224,14.8,9.336547999999947,0.5676594580000001
645.1,1433.709204,0.811275869,-0.192609236,1457.794379,0.314597685,0.373886771,14.8,9.285174999999935,0.496678184
645.2,1433.789597,0.791557252,-0.201763096,1457.828904,0.346121012,0.312484621,14.8,9.239307000000007,0.44543624000000004
645.3000000000001,1433.867973,0.77092325,-0.210912837,1457.866433,0.373093983,0.252694597,14.8,9.198460000000022,0.39782926699999993
645.4000000000001,1433.94424,0.749373861,-0.220037872,1457.906391,0.394527575,0.185650003,14.8,9.162150999999948,0.354846286
645.5,1434.018306,0.726909087,-0.229113491,1457.948207,0.410223984,0.128278169,14.8,9.129900999999972,0.316685103
645.6,1434.090079,0.703531397,-0.238114989,1457.991305,0.420183209,0.070906335,14.8,9.10122599999995,0.283348188
645.7,1434.159469,0.679253146,-0.247017658,1458.035112,0.424405251,0.013534501,14.8,9.075643000000081,0.254847895
645.8000000000001,1434.226384,0.654089157,-0.25579679,1458.079054,0.422890109,-0.043837334,14.8,9.052669999999988,0.23119904800000002
645.9000000000001,1434.290731,0.628054256,-0.264431796,1458.122559,0.415637784,-0.101209168,14.8,9.031827999999859,0.21241647199999997
646.0,1434.352422,0.601163266,-0.272918559,1458.165051,0.402648276,-0.158581002,14.8,9.012629000000015,0.19851499
646.1,1434.411376,0.573431013,-0.281261196,1458.205957,0.383921584,-0.215952836,14.8,8.99458099999988,0.189509429
646.2,1434.467511,0.544872319,-0.289480296,1458.244704,0.359457708,-0.27332467,14.8,8.977192999999897,0.185414611
646.3000000000001,1434.520749,0.51550201,-0.297600567,1458.280717,0.32925665,-0.328353194,14.8,8.959968000000071,0.18624535999999997
646.4000000000001,1434.57101,0.48533244,-0.305646716,1458.313423,0.293318408,-0.364938067,14.8,8.942413000000169,0.192014032
646.5,1434.618214,0.454366079,-0.313643451,1458.342249,0.251642982,-0.398598636,14.8,8.924034999999957,0.20272309699999996
646.6,1434.662281,0.422602926,-0.321615478,1458.366621,0.205636359,-0.406677231,14.8,8.904340000000001,0.216966567
646.7,1434.703133,0.390042983,-0.329583387,1458.385964,0.164958743,-0.39591385,14.8,8.882831000000078,0.22508424000000002
646.8000000000001,1434.740688,0.356686249,-0.337551297,1458.399705,0.120298527,-0.365113246,14.8,8.859016999999948,0.23638772200000002
646.9000000000001,1434.774868,0.322532724,-0.345519206,1458.407271,0.085250311,-0.315423484,14.8,8.832403000000067,0.237282413
647.0,1434.805593,0.287582407,-0.351768334,1458.408088,0.055770098,-0.259790646,14.8,8.802494999999862,0.231812309
647.1,1434.832783,0.2518353,-0.358135063,1458.408875,0.032575034,-0.19635815,14.8,8.776092000000016,0.21926026599999998
647.2,1434.856359,0.215291402,-0.360204837,1458.409662,0.016382269,-0.12896348,14.8,8.753302999999914,0.198909133
647.3000000000001,1434.87624,0.178981983,-0.350096351,1458.410449,0.007908949,-0.07982979,14.8,8.734208999999918,0.171073034
647.4000000000001,1434.892347,0.141805211,-0.330963569,1458.411237,0.007872224,-0.041171351,14.8,8.718890000000055,0.13393298699999998
647.5,1434.904601,0.106409821,-0.302640493,1458.412024,0.007872223,-0.014183409,14.8,8.707423000000016,0.098537598
647.6,1434.912922,0.077524597,-0.265763312,1458.412811,0.007872223,-6.12e-05,14.8,8.699888999999938,0.069652374
647.7,1434.917229,0.053257159,-0.218589457,1458.413598,0.007872223,-4.17e-11,14.8,8.696369000000185,0.045384936
647.8000000000001,1434.917444,0.033707107,-0.171415601,1458.414386,0.007872223,-7.96e-12,14.8,8.69694199999999,0.025834884000000002
647.9000000000001,1434.917911,0.018974039,-0.122747762,1458.415173,0.007872223,9.47e-13,14.8,8.69726200000009,0.011101816000000002
648.0,1434.918378,0.009157554,-0.080974048,1458.41596,0.007872223,3.02e-11,14.8,8.697581999999965,0.0012853310000000007
648.1,1434.918846,0.00467273,-0.048390627,1458.416747,0.007872223,6.11e-11,14.8,8.697900999999955,-0.0031994929999999994
648.2,1434.919313,0.00467273,-0.023835514,1458.417534,0.007872223,0.168972239,14.8,8.69822099999983,-0.0031994929999999994
648.3000000000001,1434.91978,0.00467273,-0.007474706,1458.418322,0.007872223,0.373591996,14.8,8.698542000000042,-0.0031994929999999994
648.4000000000001,1434.920248,0.00467273,1.94e-11,1458.419109,0.007872223,0.616801929,14.8,8.698861000000033,-0.0031994929999999994
648.5,1434.920715,0.00467273,6.11e-11,1458.419896,0.109255567,0.971396346,14.8,8.699181000000134,-0.104582837
648.6,1434.921182,0.00467273,0.099535751,1458.420683,0.232027421,1.295195127,14.8,8.699501000000009,-0.227354691
648.7,1434.921649,0.00467273,0.225954261,1458.421471,0.377953381,1.587020245,14.8,8.699822000000221,-0.37328065099999996
648.8000000000001,1434.922117,0.00467273,0.381808462,1458.422258,0.54943147,1.947054755,14.8,8.700140999999984,-0.54475874
648.9000000000001,1434.922584,0.064394181,0.63090872,1458.504152,0.7849893,2.126592367,14.8,8.78156800000006,-0.720595119
649.0,1434.923051,0.140245287,0.846028936,1458.603156,1.030615925,2.333719628,14.8,8.880104999999912,-0.890370638
649.1,1434.923518,0.233757807,1.03874987,1458.720684,1.27748842,2.414897898,14.8,8.997165999999833,-1.0437306130000001
649.2,1434.923986,0.346463501,1.285464076,1458.858654,1.507982842,2.541470666,14.8,9.134667999999873,-1.161519341
649.3000000000001,1434.97223,0.509399706,1.442185834,1459.01911,1.778185158,2.629500557,14.8,9.246879999999873,-1.2687854520000001
649.4000000000001,1435.033378,0.681495879,1.597426439,1459.204098,2.033882953,2.745816657,14.8,9.370719999999846,-1.3523870740000001
649.5,1435.108656,0.835672626,1.677635983,1459.415662,2.309871699,2.92091575,14.8,9.507006,-1.4741990729999999
649.6,1435.199287,1.005556787,1.779985468,1459.655848,2.606309505,3.066886859,14.8,9.656561000000192,-1.600752718
649.7,1435.306499,1.19221367,1.859340541,1459.9267,2.923196369,3.271113935,14.8,9.820200999999951,-1.730982699
649.8000000000001,1435.431516,1.377424895,1.963451081,1460.230263,3.260532292,3.475604524,14.8,9.99874699999982,-1.883107397
649.9000000000001,1435.575564,1.575866594,2.080454004,1460.568582,3.618317273,3.680095112,14.8,10.19301800000012,-2.042450679
650.0,1435.739912,1.787864232,2.19372295,1460.943702,3.996551314,3.884585701,14.8,10.403790000000026,-2.208687082
650.1,1435.926001,2.013743275,2.334073925,1461.357667,4.395234413,4.089076289,14.8,10.63166599999995,-2.381491138
650.2,1436.135318,2.253829189,2.477137114,1461.812524,4.814366572,4.293566877,14.8,10.877205999999841,-2.560537383
650.3000000000001,1436.369349,2.50844744,2.622370076,1462.310316,5.253947789,4.498057466,14.8,11.140967,-2.745500349
650.4000000000001,1436.629579,2.77786925,2.769230366,1462.853089,5.713978065,4.702548054,14.8,11.423510000000032,-2.936108815
650.5,1436.917494,3.062148862,2.917175543,1463.442887,6.1944574,4.905681606,14.8,11.725392999999894,-3.132308538
650.6,1437.23458,3.361286277,3.065663162,1464.081756,6.695385794,5.100672937,14.8,12.04717599999999,-3.334099517
650.7,1437.582322,3.675281495,3.214241189,1464.77174,7.216763246,5.279379827,14.8,12.389417999999932,-3.541481751
650.8000000000001,1437.962207,4.004134515,3.362819215,1465.514884,7.757775535,5.433660054,14.8,12.752676999999903,-3.7536410200000008
650.9000000000001,1438.37572,4.347845338,3.511397242,1466.313233,8.314351551,5.555371398,14.8,13.13751300000008,-3.9665062129999997
651.0,1438.824347,4.706413963,3.659975269,1467.168833,8.881605961,5.636371639,14.8,13.54448599999996,-4.175191998
651.1,1439.309574,5.079840391,3.808553295,1468.083727,9.454653432,5.669875593,14.8,13.974152999999841,-4.374813041
651.2,1439.832886,5.468124622,3.957131322,1469.05931,10.02860863,5.654526222,14.8,14.426424000000178,-4.560484008
651.3000000000001,1440.39577,5.871266656,4.104860951,1470.094369,10.59858623,5.591680563,14.8,14.89859899999983,-4.727319574
651.4000000000001,1440.999711,6.289266492,4.247500197,1471.187041,11.15970089,5.488123801,14.8,15.387329999999974,-4.8704343979999996
651.5,1441.646195,6.722124131,4.379958675,1472.335463,11.70706728,5.351998156,14.8,15.889267999999856,-4.984943149
651.6,1442.336707,7.169330534,4.497146001,1473.537771,12.2366143,5.191445849,14.8,16.401064000000087,-5.067283765999999
651.7,1443.072734,7.628340509,4.593971792,1474.792102,12.74752771,5.0146091,14.8,16.91936800000003,-5.119187201
651.8000000000001,1443.85576,8.096099827,4.665345665,1476.096593,13.23980753,4.82963013,14.8,17.440833000000065,-5.1437077030000005
651.9000000000001,1444.687273,8.569554256,4.707025632,1477.449381,13.71345374,4.643294124,14.8,17.962107999999898,-5.143899484
652.0,1445.568351,9.045649567,4.718163296,1478.848601,14.16846635,4.456958118,14.8,18.480250000000023,-5.122816782999999
652.1,1446.498443,9.52133153,4.699607055,1480.292391,14.60484536,4.270622112,14.8,18.993948,-5.083513830000001
652.2,1447.476591,9.993545913,4.655598895,1481.778887,15.02259077,4.084286106,14.8,19.50229599999984,-5.029044857000001
652.3000000000001,1448.501838,10.45923849,4.591229199,1483.306226,15.42170258,3.8979501,14.8,20.004388000000016,-4.962464089999999
652.4000000000001,1449.573226,10.91586406,4.511588353,1484.872544,15.80218079,3.711614093,14.8,20.499318000000084,-4.886316729999999
652.5,1450.689799,11.36291359,4.421766738,1486.475979,16.1640254,3.524416841,14.8,20.986180000000058,-4.80111181
652.6,1451.850597,11.80038709,4.32685474,1488.114666,16.50723641,3.33205211,14.8,21.464068999999835,-4.706849320000002
652.7,1453.054664,12.22828454,4.231094345,1489.786743,16.83181382,3.129352422,14.8,21.932078999999884,-4.60352928
652.8000000000001,1454.301042,12.64660596,4.135333949,1491.490346,17.13724088,2.911150299,14.8,22.389303999999992,-4.49063492
652.9000000000001,1455.588773,13.05535133,4.039573554,1493.223611,17.42093385,2.672278263,14.8,22.834837999999944,-4.36558252
653.0,1456.9169,13.45452067,3.943813159,1494.984676,17.67979225,2.407568835,14.8,23.267776000000094,-4.225271579999998
653.1,1458.284466,13.84411396,3.848052763,1496.771677,17.91071558,2.112715783,14.8,23.687210999999888,-4.066601620000002
653.2,1459.690511,14.22413122,3.752292368,1498.582337,18.11060337,1.786857861,14.8,24.091826000000037,-3.8864721499999995
653.3000000000001,1461.13408,14.59457244,3.656531973,1500.412726,18.27635512,1.430856315,14.8,24.47864599999998,-3.6817826800000013
653.4000000000001,1462.614214,14.95543761,3.560009866,1502.2585,18.40487035,1.049017377,14.8,24.844285999999965,-3.449432739999999
653.5,1464.129955,15.30672675,3.45891749,1504.115315,18.49304857,0.646508526,14.8,25.1853599999999,-3.18632182
653.6,1465.680347,15.64843985,3.348684578,1505.978828,18.53830604,0.228497239,14.8,25.498481000000037,-2.8898661899999976
653.7,1467.264431,15.98011988,3.22474086,1507.844695,18.54012601,-0.199849004,14.8,25.780263999999942,-2.5600061300000014
653.8000000000001,1468.881251,16.29948171,3.082516068,1509.708572,18.49850848,-0.633362725,14.8,26.027320999999983,-2.1990267700000032
653.9000000000001,1470.529847,16.60378318,2.917439933,1511.566116,18.41345346,-1.067737693,14.8,26.236268999999947,-1.8096702799999989
654.0,1472.209263,16.89028213,2.725703899,1513.412982,18.28496095,-1.502112661,14.8,26.40371900000009,-1.3946788199999993
654.1,1473.918176,17.15623639,2.506546253,1515.244827,18.11303093,-1.936487629,14.8,26.526651000000083,-0.9567945400000006
654.2,1475.653799,17.39890381,2.260728708,1517.057307,17.89766342,-2.370862597,14.8,26.6035080000001,-0.49875961000000046
654.3000000000001,1477.412982,17.61554222,1.99205982,1518.846078,17.63885841,-2.805237565,14.8,26.633095999999977,-0.023316190000002734
654.4000000000001,1479.192573,17.80340947,1.705109857,1520.606797,17.33661591,-3.239612533,14.8,26.614223999999876,0.4667935599999993
654.5,1480.98942,17.96022041,1.40444909,1522.33512,16.9909359,-3.673987501,14.8,26.54569999999985,0.9692845100000014
654.6,1482.800374,18.08551802,1.094647785,1524.026703,16.60181841,-4.105728649,14.8,26.426329000000077,1.4836996099999986
654.7,1484.622281,18.17930231,0.780276211,1525.677202,16.16926341,-4.521666877,14.8,26.25492100000015,2.0100389000000014
654.8000000000001,1486.451991,18.24157326,0.465142927,1527.282274,15.69327092,-4.905999264,14.8,26.030283000000008,2.5483023399999993
654.9000000000001,1488.286352,18.27233089,0.150009642,1528.837575,15.17542122,-5.242922892,14.8,25.751222999999936,3.0969096699999987
655.0,1490.122214,18.27157519,-0.165123643,1530.338761,14.62361578,-5.516634839,14.8,25.41654699999999,3.6479594100000003
655.1,1491.956424,18.23930616,-0.480256928,1531.781489,14.04733635,-5.711332186,14.8,25.025064999999994,4.191969810000002
655.2,1493.785831,18.17552381,-0.795390212,1533.161414,13.45606467,-5.813845832,14.8,24.575583000000005,4.719459140000001
655.3000000000001,1495.607285,18.08022812,-1.110523497,1534.475457,12.85928251,-5.821541958,14.8,24.068171999999958,5.220945610000001
655.4000000000001,1497.417634,17.95341911,-1.42504451,1535.725596,12.26647161,-5.737054383,14.8,23.507962000000088,5.686947499999999
655.5,1499.213726,17.79509677,-1.735891895,1536.915071,11.68711372,-5.573552208,14.8,22.901344999999946,6.107983050000001
655.6,1500.99241,17.60526109,-2.039392023,1538.047126,11.13069061,-5.346838353,14.8,22.25471599999987,6.474570479999999
655.7,1502.750535,17.38427946,-2.331871264,1539.125001,10.60510372,-5.072715737,14.8,21.57446600000021,6.779175739999998
655.8000000000001,1504.484949,17.13398867,-2.609655991,1540.151939,10.11193335,-4.766987281,14.8,20.86699000000017,7.0220553200000015
655.9000000000001,1506.192501,16.85659291,-2.869072575,1541.13118,9.651179496,-4.445455905,14.8,20.138679000000092,7.205413414000001
656.0,1507.87004,16.55429635,-3.107059658,1542.065966,9.222842165,-4.12129071,14.8,19.39592599999987,7.331454185000002
656.1,1509.514709,16.22930317,-3.323004969,1542.95954,8.826921354,-3.797125514,14.8,18.64483100000002,7.402381816000002
656.2,1511.124825,15.88381755,-3.51752078,1543.815142,8.463417063,-3.472960318,14.8,17.890316999999822,7.420400487
656.3000000000001,1512.699,15.52004366,-3.693668448,1544.636015,8.132329291,-3.148795122,14.8,17.137014999999973,7.387714369000001
656.4000000000001,1514.235847,15.14018569,-3.855121601,1545.4254,7.833658038,-2.824629926,14.8,16.38955300000016,7.306527651999999
656.5,1515.733977,14.74608044,-4.005553868,1546.186538,7.567403305,-2.50046473,14.8,15.652560999999832,7.178677135
656.6,1517.192003,14.33809528,-4.148638878,1546.922672,7.333565092,-2.177971626,14.8,14.930668999999806,7.0045301879999995
656.7,1518.608536,13.91623021,-4.288050259,1547.637043,7.132143399,-1.865511072,14.8,14.22850699999999,6.784086811
656.8000000000001,1519.982189,13.48048523,-4.426849369,1548.332893,6.963138224,-1.573115619,14.8,13.55070399999995,6.517347006
656.9000000000001,1521.311573,13.03086034,-4.565648479,1549.013463,6.825546315,-1.310817816,14.8,12.901890000000048,6.205314025
657.0,1522.595301,12.56735553,-4.704447588,1549.681994,6.714351395,-1.081898612,14.8,12.286692999999968,5.853004135000001
657.1,1523.831984,12.08997082,-4.843246698,1550.34173,6.623533934,-0.916645364,14.8,11.709746000000177,5.466436885999999
657.2,1525.020235,11.59870619,-4.982045808,1550.99591,6.547074402,-0.803163723,14.8,11.175675000000137,5.051631788
657.3000000000001,1526.158665,11.09356166,-5.120844918,1551.646975,6.483004231,-0.749877383,14.8,10.688310000000182,4.610557429000001
657.4000000000001,1527.245887,10.57453721,-5.258187321,1552.294153,6.413151006,-0.755114253,14.8,10.248266000000012,4.161386204000001
657.5,1528.280513,10.04163285,-5.386789486,1552.93587,6.343648081,-0.810513874,14.8,9.855357000000094,3.6979847689999987
657.6,1529.261154,9.494848582,-5.492960665,1553.570552,6.264424965,-0.912795298,14.8,9.509397999999873,3.2304236169999996
657.7,1530.186422,8.935058426,-5.582812148,1554.196625,6.170465382,-1.031671168,14.8,9.210203000000046,2.7645930439999997
657.8000000000001,1531.054931,8.366632502,-5.632752169,1554.812515,6.060766078,-1.177363741,14.8,8.957584000000178,2.3058664239999995
657.9000000000001,1531.86529,7.797785258,-5.638990997,1555.416648,5.935327052,-1.333088865,14.8,8.751357999999936,1.8624582060000003
658.0,1532.616114,7.224849921,-5.594245103,1556.00745,5.794148305,-1.49048608,14.8,8.591336000000137,1.4307016159999995
658.1,1533.306712,6.66198155,-5.497057778,1556.583348,5.637229837,-1.647883295,14.8,8.476635999999825,1.0247517130000006
658.2,1533.939193,6.111453984,-5.35383624,1557.142766,5.464571646,-1.80528051,14.8,8.403573000000005,0.6468823380000002
658.3000000000001,1534.516365,5.578511364,-5.157012491,1557.684132,5.276173735,-1.962677725,14.8,8.36776700000014,0.3023376289999993
658.4000000000001,1535.041034,5.068397835,-4.930178298,1558.205871,5.072036101,-2.12007494,14.8,8.364836999999806,-0.0036382660000002787
658.5,1535.516008,4.585483514,-4.677123391,1558.706409,4.852158747,-2.277472155,14.8,8.390400999999837,-0.26667523299999996
658.6,1535.944094,4.130642426,-4.406588007,1559.184172,4.616541671,-2.43486937,14.8,8.440078000000039,-0.4858992450000006
658.7,1536.3281,3.703874571,-4.127312384,1559.637587,4.365184873,-2.591007821,14.8,8.50948699999999,-0.6613103019999995
658.8000000000001,1536.670832,3.305179949,-3.846580055,1560.065079,4.098088354,-2.739593692,14.8,8.59424699999995,-0.7929084049999999
658.9000000000001,1536.975099,2.93455856,-3.565847726,1560.465075,3.815252113,-2.873074402,14.8,8.689976000000069,-0.880693553
659.0,1537.243707,2.592010404,-3.285115397,1560.836,3.517431409,-2.98389737,14.8,8.792292999999926,-0.925421005
659.1,1537.479464,2.277535481,-3.004383068,1561.17628,3.208402531,-3.064510016,14.8,8.896815999999898,-0.9308670499999998
659.2,1537.685178,1.991133791,-2.72365074,1561.484342,2.892697029,-3.107359758,14.8,8.999164000000018,-0.9015632379999998
659.3000000000001,1537.863655,1.732805333,-2.442918411,1561.758611,2.574846451,-3.106152781,14.8,9.094955999999865,-0.842041118
659.4000000000001,1538.017702,1.502550108,-2.163072491,1561.998118,2.259382344,-3.05963032,14.8,9.180415999999877,-0.7568322359999999
659.5,1538.150128,1.300368117,-1.888545024,1562.204309,1.950836258,-2.969051138,14.8,9.25418099999997,-0.6504681409999999
659.6,1538.263739,1.126259358,-1.624654462,1562.379237,1.65373974,-2.840709054,14.8,9.315498000000115,-0.527480382
659.7,1538.361343,0.979691987,-1.37671926,1562.524952,1.37262434,-2.674611697,14.8,9.36360899999995,-0.39293235299999996
659.8000000000001,1538.445747,0.858006776,-1.15005787,1562.643505,1.111266346,-2.459184584,14.8,9.397758000000021,-0.2532595700000001
659.9000000000001,1538.519759,0.758012656,-0.949988745,1562.736949,0.870421018,-2.206253767,14.8,9.417190000000073,-0.11240836200000004
660.0,1538.586185,0.676518552,-0.780943928,1562.807333,0.654615326,-1.9276453,14.8,9.421148000000084,0.021903225999999942
660.1,1538.647408,0.610333395,-0.64380983,1562.85671,0.475325508,-1.625726288,14.8,9.409301999999979,0.13500788699999994
660.2,1538.704108,0.556266111,-0.53770004,1562.887131,0.32998748,-1.330629515,14.8,9.383023000000048,0.226278631
660.3000000000001,1538.756538,0.51112563,-0.458182516,1562.900646,0.21603716,-1.029572855,14.8,9.34410799999996,0.29508847
660.4000000000001,1538.804954,0.471720879,-0.399938803,1562.902929,0.130910464,-0.754157027,14.8,9.297975000000132,0.340810415
660.5,1538.84961,0.435392631,-0.35765045,1562.905212,0.07204331,-0.511926981,14.8,9.255601999999907,0.36334932099999995
660.6,1538.89076,0.401609043,-0.325999002,1562.907495,0.036871613,-0.32200978,14.8,9.216734999999925,0.36473743000000003
660.7,1538.928659,0.370370113,-0.299666007,1562.909779,0.022831292,-0.180131954,14.8,9.181120000000146,0.347538821
660.8000000000001,1538.963562,0.341675841,-0.274219421,1562.912062,0.022831292,-0.08202003,14.8,9.148500000000194,0.318844549
660.9000000000001,1538.995722,0.315526229,-0.248772835,1562.914345,0.022831292,-0.023400536,14.8,9.118623000000024,0.292694937
661.0,1539.025395,0.291921274,-0.223326249,1562.916628,0.022831292,-5.78e-18,14.8,9.091233000000056,0.269089982
661.1,1539.052834,0.270860979,-0.197879663,1562.918911,0.022831292,0.0,14.8,9.066076999999904,0.248029687
661.2,1539.078295,0.252345342,-0.172433077,1562.921194,0.022831292,0.0,14.8,9.042898999999988,0.22951404999999997
661.3000000000001,1539.102031,0.236374363,-0.146986492,1562.923477,0.022831292,0.0,14.8,9.02144600000015,0.213543071
661.4000000000001,1539.124297,0.222948043,-0.121645218,1562.92576,0.022831292,-6.98e-12,14.8,9.001463000000012,0.200116751
661.5,1539.145348,0.212066382,-0.096935816,1562.928044,0.022831292,-8.73e-12,14.8,8.982695999999986,0.18923509
661.6,1539.165438,0.203729379,-0.07349016,1562.930327,0.022831292,-1.16e-11,14.8,8.964889000000039,0.18089808699999999
661.7,1539.184822,0.197873848,-0.05194012,1562.93261,0.022831292,-1.16e-11,14.8,8.947788000000127,0.175042556
661.8000000000001,1539.203753,0.194183852,-0.03291757,1562.934893,0.022831292,-8.93e-12,14.8,8.931140000000095,0.17135256
661.9000000000001,1539.222487,0.192280267,-0.016269116,1562.937176,0.022831292,-7.15e-12,14.8,8.914688999999907,0.169448975
662.0,1539.241278,0.191783971,-0.004877117,1562.939459,0.022831292,0.0,14.8,8.898180999999976,0.168952679
662.1,1539.26033,0.19231584,0.003508914,1562.941742,0.022831292,0.0,14.8,8.881411999999909,0.16948454799999998
662.2,1539.279644,0.19396791,0.008209022,1562.944026,0.022831292,6.98e-12,14.8,8.864381999999932,0.171136618
662.3000000000001,1539.299172,0.194947578,0.009749769,1562.946309,0.022831292,8.73e-12,14.8,8.847136999999929,0.172116286
662.4000000000001,1539.318865,0.1962892,0.008763026,1562.948592,0.022831292,1.16e-11,14.8,8.829727000000002,0.173457908
662.5,1539.338674,0.197205681,0.005095399,1562.950875,0.022831292,1.19e-11,14.8,8.812200999999913,0.174374389
662.6,1539.358551,0.197633832,0.00173456,1562.953158,0.022831292,8.93e-12,14.8,8.794606999999996,0.17480254
662.7,1539.378445,0.197573655,-0.003043417,1562.955441,0.022831292,7.15e-12,14.8,8.776996000000008,0.17474236299999998
662.8000000000001,1539.39831,0.197025149,-0.007926707,1562.957724,0.022831292,0.0,14.8,8.75941400000006,0.174193857
662.9000000000001,1539.418095,0.195988314,-0.012809996,1562.960007,0.022831292,0.0,14.8,8.74191199999991,0.173157022
663.0,1539.437751,0.19446315,-0.017693286,1562.962291,0.022831292,-7.15e-12,14.8,8.724540000000115,0.171631858
663.1,1539.457231,0.192449657,-0.022576575,1562.964574,0.022831292,-8.93e-12,14.8,8.707342999999991,0.169618365
663.2,1539.476485,0.189947835,-0.027459865,1562.966857,0.022831292,-1.19e-11,14.8,8.690371999999979,0.167116543
663.3000000000001,1539.495465,0.186957684,-0.032343155,1562.96914,0.022831292,-1.16e-11,14.8,8.673674999999957,0.164126392
663.4000000000001,1539.514121,0.183479204,-0.037229367,1562.971423,0.022831292,-8.73e-12,14.8,8.657302000000026,0.160647912
663.5,1539.532405,0.179512395,-0.042133116,1562.973706,0.022831292,-6.98e-12,14.8,8.641301000000066,0.156681103
663.6,1539.550268,0.175057257,-0.047071938,1562.975989,0.022831292,0.0,14.8,8.625721000000066,0.152225965
663.7,1539.567661,0.170112037,-0.052063371,1562.978272,0.022831292,0.0,14.8,8.610611000000016,0.147280745
663.8000000000001,1539.584535,0.164667965,-0.05712495,1562.980556,0.022831292,7.15e-12,14.8,8.596021000000018,0.141836673
663.9000000000001,1539.600841,0.158714521,-0.062274213,1562.982839,0.022831292,8.93e-12,14.8,8.581998000000066,0.135883229
664.0,1539.616531,0.152241181,-0.067525774,1562.985122,0.022831292,1.19e-11,14.8,8.56859100000015,0.129409889
664.1,1539.631555,0.145237425,-0.072882555,1562.987405,0.022831292,1.16e-11,14.8,8.555850000000145,0.122406133
664.2,1539.645856,0.137692729,-0.078341633,1562.989688,0.022831292,8.73e-12,14.8,8.543831999999792,0.11486143700000001
664.3000000000001,1539.659377,0.129596572,-0.083888394,1562.991971,0.022831292,6.98e-12,14.8,8.532593999999971,0.10676527999999999
664.4000000000001,1539.672061,0.120938432,-0.089461461,1562.994254,0.022831292,0.0,14.8,8.52219299999997,0.09810714
664.5,1539.683851,0.111709541,-0.095151439,1562.996537,0.022831292,-5.78e-18,14.8,8.512685999999984,0.08887824899999999
664.6,1539.694689,0.101908145,-0.100505045,1562.998821,0.022831292,-6.98e-12,14.8,8.50413199999998,0.079076853
664.7,1539.704518,0.091534243,-0.104693192,1563.001104,0.022831292,-8.73e-12,14.8,8.496585999999933,0.068702951
664.8000000000001,1539.713282,0.080587836,-0.108994573,1563.003387,0.022831292,-1.16e-11,14.8,8.490105000000039,0.05775654399999999
664.9000000000001,1539.720922,0.069293545,-0.108212564,1563.00567,0.022831292,-1.16e-11,14.8,8.484748000000035,0.046462252999999995
665.0,1539.727382,0.058122517,-0.104136242,1563.007953,0.022831292,-8.73e-12,14.8,8.480571000000008,0.035291224999999996
665.1,1539.732604,0.046312797,-0.096646335,1563.010236,0.022831292,-6.98e-12,14.8,8.477632000000039,0.023481505000000003
665.2,1539.736531,0.036980606,-0.08599794,1563.012519,0.022831292,-2.71e-13,14.8,8.475988000000097,0.014149314
665.3000000000001,1539.739106,0.029052498,-0.07154504,1563.014803,0.022831292,0.0,14.8,8.475697000000036,0.006221206
665.4000000000001,1539.740271,0.022600035,-0.056430768,1563.017086,0.022831292,6.98e-12,14.8,8.476815000000169,-0.0002312569999999986
665.5,1539.741569,0.017694781,-0.040958681,1563.019369,0.022831292,8.73e-12,14.8,8.47780000000007,-0.005136511
665.6,1539.742867,0.014408299,-0.026790992,1563.021652,0.022831292,1.19e-11,14.8,8.47878499999997,-0.008422993
665.7,1539.744164,0.012977903,-0.016036887,1563.023935,0.022831292,1.16e-11,14.8,8.479770999999982,-0.009853388999999999
665.8000000000001,1539.745462,0.012977903,-0.007861464,1563.026218,0.022831292,8.73e-12,14.8,8.480755999999882,-0.009853388999999999
665.9000000000001,1539.74676,0.012977903,-0.002383994,1563.028501,0.022831292,6.98e-12,14.8,8.48174100000001,-0.009853388999999999
666.0,1539.748058,0.012977903,-1.89e-12,1563.030784,0.022831292,0.0,14.8,8.482726000000138,-0.009853388999999999
666.1,1539.749355,0.012977903,-9.47e-13,1563.033068,0.022831292,0.0,14.8,8.483713000000034,-0.009853388999999999
666.2,1539.750653,0.012977903,8.67e-18,1563.035351,0.022831292,-6.98e-12,14.8,8.484697999999934,-0.009853388999999999
666.3000000000001,1539.751951,0.012977903,3.55e-13,1563.037634,0.022831292,-8.73e-12,14.8,8.485683000000062,-0.009853388999999999
666.4000000000001,1539.753249,0.012977903,7.11e-13,1563.039917,0.022831292,-1.16e-11,14.8,8.486667999999963,-0.009853388999999999
666.5,1539.754547,0.012977903,7.11e-13,1563.0422,0.022831292,-1.16e-11,14.8,8.48765300000009,-0.009853388999999999
666.6,1539.755844,0.012977903,2.84e-13,1563.044483,0.022831292,0.0,14.8,8.488638999999875,-0.009853388999999999
666.7,1539.757142,0.012977903,0.0,1563.046766,0.022831292,8.12e-13,14.8,8.489624000000003,-0.009853388999999999
666.8000000000001,1539.75844,0.012977903,-1.42e-13,1563.049049,0.022831292,3.49e-11,14.8,8.490608999999903,-0.009853388999999999
666.9000000000001,1539.759738,0.012977903,0.0,1563.051333,0.022831292,0.586188029,14.8,8.491595000000142,-0.009853388999999999
667.0,1539.761036,0.012977903,-7.11e-14,1563.053616,0.022831292,1.244370417,14.8,8.492579999999815,-0.009853388999999999
667.1,1539.762333,0.012977903,0.0,1563.055899,0.022831292,1.972289545,14.8,8.493566000000055,-0.009853388999999999
667.2,1539.763631,0.012977903,9.47e-14,1563.058182,0.374544109,2.76809056,14.8,8.494550999999955,-0.361566206
667.3000000000001,1539.764929,0.012977903,1.89e-13,1563.060465,0.769453542,3.690787413,14.8,8.495536000000083,-0.756475639
667.4000000000001,1539.766227,0.012977903,3.79e-13,1563.062748,1.206205019,4.551891201,14.8,8.496520999999984,-1.193227116
667.5,1539.767525,0.012977903,7.58e-13,1563.065031,1.68344397,4.94999309,14.8,8.497506000000111,-1.670466067
667.6,1539.768822,0.012977903,0.116276452,1563.348685,2.23730374,5.334549276,14.8,8.779862999999931,-2.2243258370000003
667.7,1539.77012,0.012977903,0.252416008,1563.666895,2.753966012,5.119371728,14.8,9.09677500000016,-2.740988109
667.8000000000001,1539.771418,0.012977903,0.410578014,1564.01858,3.344539963,4.818654119,14.8,9.447161999999889,-3.33156206
667.9000000000001,1539.772716,0.082743774,0.623275321,1564.402654,3.970183107,4.372174207,14.8,9.829938000000038,-3.887439333
668.0,1539.774013,0.164427507,0.831033761,1564.818035,4.277828056,3.953423102,14.8,10.24402200000004,-4.113400549
668.1,1539.775311,0.259324711,1.021517431,1565.263638,4.574636441,3.425837096,14.8,10.688326999999799,-4.31531173
668.2,1539.776609,0.368730994,1.206995416,1565.73838,4.860608264,2.805535413,14.8,11.161770999999998,-4.49187727
668.3000000000001,1539.83372,0.511598159,1.311698995,1566.241178,5.135743524,2.697169785,14.8,11.607457999999905,-4.6241453649999995
668.4000000000001,1539.900364,0.655898674,1.407329695,1566.770947,5.400042221,2.588804157,14.8,12.070582999999896,-4.744143546999999
668.5,1539.97758,0.806941023,1.470387942,1567.326605,5.653504355,2.480438528,14.8,12.549024999999983,-4.846563332
668.6,1540.066403,0.951446904,1.48619207,1567.907066,5.896129927,2.3720729,14.8,13.040662999999949,-4.944683023
668.7,1540.167869,1.103722528,1.516882055,1568.511249,6.127918935,2.263707272,14.8,13.543379999999797,-5.024196407
668.8000000000001,1540.283016,1.250963759,1.553610418,1569.138068,6.348871381,2.155341643,14.8,14.055051999999886,-5.097907622
668.9000000000001,1540.41288,1.403313402,1.618507664,1569.786441,6.558987264,2.047411495,14.8,14.57356099999988,-5.1556738619999996
669.0,1540.558496,1.566027907,1.68773011,1570.455284,6.758266584,1.94209423,14.8,15.096787999999787,-5.192238677000001
669.1,1540.720903,1.739107274,1.782617981,1571.143513,6.946709341,1.842002728,14.8,15.622610000000076,-5.207602067
669.2,1540.901135,1.922551503,1.886266602,1571.850044,7.124576824,1.749749872,14.8,16.148908999999957,-5.202025321
669.3000000000001,1541.100231,2.116360594,1.989915223,1572.573794,7.293175473,1.667948545,14.8,16.673563000000012,-5.176814879
669.4000000000001,1541.319225,2.320534547,2.093563844,1573.31368,7.454073018,1.597011234,14.8,17.194455000000016,-5.133538471
669.5,1541.559155,2.535073363,2.197345726,1574.068616,7.608837187,1.545716522,14.8,17.7094610000001,-5.073763824
669.6,1541.821057,2.75997704,2.301927172,1574.83773,7.759035711,1.50789871,14.8,18.216672999999854,-4.999058671
669.7,1542.105968,2.99524558,2.408107747,1575.620982,7.904916081,1.485322709,14.8,18.715013999999837,-4.909670500999999
669.8000000000001,1542.414924,3.240958938,2.516687016,1576.418543,8.052006737,1.475811118,14.8,19.20361900000007,-4.811047798999999
669.9000000000001,1542.748961,3.497516897,2.628464542,1577.230583,8.197914699,1.476751056,14.8,19.681622000000015,-4.7003978019999995
670.0,1543.109117,3.765399196,2.744239891,1578.057273,8.345266643,1.487730034,14.8,20.148155999999926,-4.579867447
670.1,1543.496427,4.045085572,2.864679366,1578.898783,8.494323858,1.499533988,14.8,20.602356000000054,-4.449238286
670.2,1543.911992,4.337055766,2.989916227,1579.755285,8.645086344,1.516151218,14.8,21.043292999999903,-4.3080305779999994
670.3000000000001,1544.357169,4.641789515,3.119817214,1580.626948,8.797554102,1.533203928,14.8,21.46977899999997,-4.155764586999999
670.4000000000001,1544.833377,4.959766558,3.253716024,1581.513943,8.95172713,1.550256638,14.8,21.880565999999998,-3.991960572
670.5,1545.342037,5.291466634,3.390813092,1582.416441,9.107605429,1.567309349,14.8,22.274404000000185,-3.8161387949999996
670.6,1545.884569,5.637289524,3.530308853,1583.334612,9.265189,1.584362059,14.8,22.65004300000005,-3.6278994759999996
670.7,1546.462393,5.997315187,3.671403742,1584.268626,9.424477841,1.601414769,14.8,23.00623300000002,-3.427162654
670.8000000000001,1547.07693,6.371543621,3.813298197,1585.218655,9.585471954,1.61846748,14.8,23.34172499999995,-3.213928333000001
670.9000000000001,1547.7296,6.759974826,3.955325912,1586.184868,9.748171337,1.635566627,14.8,23.65526800000016,-2.988196511000001
671.0,1548.421824,7.162608803,4.097353627,1587.167436,9.912575992,1.652944398,14.8,23.945611999999937,-2.7499671890000004
671.1,1549.155021,7.579445552,4.239381342,1588.16653,10.07868592,1.670879415,14.8,24.211508999999932,-2.4992403679999997
671.2,1549.930612,8.010485071,4.381409057,1589.182321,10.24652898,1.689650301,14.8,24.45170899999989,-2.236043909000001
671.3000000000001,1550.750016,8.455727363,4.523436772,1590.214978,10.41624448,1.70953568,14.8,24.664962000000013,-1.9605171170000002
671.4000000000001,1551.614656,8.915172426,4.665464487,1591.264672,10.5879996,1.730814175,14.8,24.85001600000005,-1.672827174
671.5,1552.525949,9.38882026,4.805123994,1592.331575,10.76196152,1.753717971,14.8,25.005625999999847,-1.3731412600000006
671.6,1553.485318,9.876670866,4.918745806,1593.415878,10.9382974,1.778293506,14.8,25.130560000000013,-1.0616265340000002
671.7,1554.494182,10.37872424,5.02760601,1594.517863,11.11717442,1.804494343,14.8,25.223681000000123,-0.7384501799999992
671.8000000000001,1555.553962,10.89355947,5.082010021,1595.637836,11.29875976,1.832088295,14.8,25.28387400000015,-0.4052002899999998
671.9000000000001,1556.666077,11.40697485,5.079577035,1596.7761,11.48322058,1.86079674,14.8,25.310022999999955,-0.07624573000000012
672.0,1557.831948,11.93173603,5.006097802,1597.932959,11.67069621,1.890341055,14.8,25.30101099999997,0.2610398200000006
672.1,1559.052996,12.43802627,4.849731282,1599.108717,11.86121449,1.920442615,14.8,25.255721000000175,0.5768117799999999
672.2,1560.329503,12.92441709,4.619937711,1600.30368,12.05477544,1.950822799,14.8,25.174177000000054,0.8696416500000002
672.3000000000001,1561.657207,13.38238293,4.283599962,1601.518151,12.25137905,1.98124942,14.8,25.060944000000017,1.1310038799999997
672.4000000000001,1563.030707,13.80339824,3.888044412,1602.752435,12.45102533,2.011676041,14.8,24.92172800000021,1.3523729099999997
672.5,1564.444603,14.17893747,3.435651865,1604.006835,12.65371426,2.042102662,14.8,24.762231999999994,1.52522321
672.6,1565.893495,14.50189601,2.94063157,1605.281656,12.85944586,2.072529283,14.8,24.58816100000008,1.6424501500000002
672.7,1567.371983,14.77085292,2.417192776,1606.577203,13.06822012,2.102955904,14.8,24.405220000000053,1.7026328
672.8000000000001,1568.874667,14.98580821,1.879544733,1607.893779,13.28003704,2.133382525,14.8,24.21911199999995,1.7057711700000002
672.9000000000001,1570.396146,15.14676187,1.339528482,1609.231689,13.49489662,2.163809146,14.8,24.035542999999915,1.6518652500000002
673.0,1571.93102,15.2537139,0.799512231,1610.591237,13.71279887,2.194235767,14.8,23.8602170000001,1.540915029999999
673.1,1573.473889,15.30666431,0.259495979,1611.972727,13.93374378,2.224662388,14.8,23.698837999999977,1.37292053
673.2,1575.019354,15.3056131,-0.280520272,1613.376464,14.15773135,2.255089009,14.8,23.55710999999992,1.1478817499999998
673.3000000000001,1576.562013,15.25056026,-0.820536523,1614.802752,14.38476158,2.28551563,14.8,23.440739000000075,0.865798680000001
673.4000000000001,1578.096467,15.14150579,-1.360552775,1616.251895,14.61483447,2.315942251,14.8,23.35542800000003,0.5266713200000002
673.5,1579.617315,14.9784497,-1.897766187,1617.724198,14.84795003,2.346368872,14.8,23.306882999999925,0.13049967000000073
673.6,1581.119157,14.76139199,-2.418162564,1619.219964,15.08410825,2.376795493,14.8,23.300806999999804,-0.32271626
673.7,1582.596594,14.49033265,-2.904924871,1620.739498,15.32330913,2.407222114,14.8,23.342903999999816,-0.832976480000001
673.8000000000001,1584.044225,14.16695339,-3.341236072,1622.283104,15.56555267,2.437648735,14.8,23.438878999999996,-1.3985992800000009
673.9000000000001,1585.456649,13.79966272,-3.719727167,1623.851087,15.81083888,2.468075357,14.8,23.594438000000036,-2.0111761599999998
674.0,1586.828467,13.39855087,-3.99523702,1625.443751,16.05916774,2.498501978,14.8,23.815283999999973,-2.66061687
674.1,1588.154279,12.97370806,-4.182095535,1627.0614,16.31053927,2.528928599,14.8,24.10712099999996,-3.3368312099999997
674.2,1589.430029,12.52955569,-4.268051839,1628.704337,16.56495346,2.55935522,14.8,24.47430799999979,-4.035397770000001
674.3000000000001,1590.657045,12.09319044,-4.255908772,1630.372869,16.82241032,2.589781841,14.8,24.91582400000011,-4.729219879999999
674.4000000000001,1591.837998,11.65769607,-4.15968053,1632.067298,17.08290983,2.620208462,14.8,25.429299999999966,-5.425213759999998
