t,x_follower,v_follower,a_follower,x_leader,v_leader,a_leader,leader_length,spacing,dv
685.9000000000001,73.39957737,31.35690669,-1.871510282,181.822089,16.48412655,-3.474681351,15.3,93.12251163,14.87278014
686.0,76.53663016,31.21484076,-2.136664408,183.4548012,16.13331252,-3.541599121,15.3,91.61817104,15.08152824
686.1,79.64595083,30.93411422,-2.40938589,185.0520974,15.77580672,-3.608516892,15.3,90.10614657,15.158307500000001
686.2,82.72685831,30.64657705,-2.689674727,186.6133084,15.41160914,-3.675273148,15.3,88.58645009,15.234967910000002
686.3000000000001,85.77867155,30.35222927,-2.977530919,188.1377651,15.04071979,-3.741060314,15.3,87.05909355,15.311509479999998
686.4000000000001,88.80070948,30.05107087,-3.045637117,189.6247983,14.66313866,-3.804909299,15.3,85.52408882000002,15.38793221
686.5,91.79229103,29.74310185,-3.113743315,191.0737387,14.27896266,-3.865851014,15.3,83.98144767000001,15.46413919
686.6,94.75273516,29.42832221,-3.181849513,192.4839173,13.88867633,-3.922916368,15.3,82.43118214,15.539645880000002
686.7,97.68136079,29.10673195,-3.249955712,193.8546648,13.49286114,-3.975136272,15.3,80.87330401,15.61387081
686.8000000000001,100.5774869,28.77833107,-3.31806191,195.1853121,13.09209854,-4.021703151,15.3,79.30782520000001,15.68623253
686.9000000000001,103.4404323,28.44311956,-3.386168108,196.4752675,12.68696997,-4.062455488,15.3,77.7348352,15.75614959
687.0,106.2695161,28.10109744,-3.454274306,197.7242495,12.27805689,-4.0975548,15.3,76.15473340000001,15.82304055
687.1,109.0640571,27.7522647,-3.522380505,198.932054,11.86594077,-4.127808661,15.3,74.5679969,15.886323930000001
687.2,111.8233743,27.39662134,-3.590486703,200.0984771,11.45120304,-4.154186161,15.3,72.9751028,15.9454183
687.3000000000001,114.5467867,27.03416736,-3.658592901,201.2233147,11.03432826,-4.177656391,15.3,71.37652800000001,15.9998391
687.4000000000001,117.2336131,26.66490276,-3.726699099,202.3063628,10.61541334,-4.199188441,15.3,69.77274969999999,16.04948942
687.5,119.8831725,26.28882754,-3.794805297,203.3474175,10.19445827,-4.219751401,15.3,68.16424500000001,16.09436927
687.6,122.4947839,25.9059417,-3.862911496,204.3462746,9.771463059,-4.240152846,15.3,66.55149069999999,16.134478641
687.7,125.0677662,25.51624524,-3.931017694,205.3027301,9.346427702,-4.260554291,15.3,64.9349639,16.169817538
687.8000000000001,127.6014383,25.11973816,-3.999123892,206.2165802,8.919352201,-4.280955735,15.3,63.315141900000015,16.200385959000002
687.9000000000001,130.0951191,24.71642047,-4.06723009,207.0876207,8.490236555,-4.30135718,15.3,61.6925016,16.226183915
688.0,132.5481277,24.30629215,-4.135336288,207.9156476,8.059080765,-4.321758625,15.3,60.06751989999999,16.247211385
688.1,134.9597829,23.88935321,-4.203442487,208.7004569,7.62588483,-4.34216007,15.3,58.440674000000016,16.26346838
688.2,137.3294036,23.46560365,-4.271548685,209.4418446,7.190648751,-4.356710554,15.3,56.81244099999999,16.274954898999997
688.3000000000001,139.6563089,23.03504347,-4.339654883,210.1396067,6.753372527,-4.374186518,15.3,55.183297800000005,16.281670943
688.4000000000001,141.9398176,22.59767267,-4.407761081,210.7935392,6.314056159,-4.377586759,15.3,53.5537216,16.283616511
688.5,144.1792488,22.15349125,-4.475867279,211.403438,5.876210223,-4.362663283,15.3,51.92418919999999,16.277281026999997
688.6,146.3739212,21.70249922,-4.543973478,211.9690992,5.434403351,-4.324826344,15.3,50.29517799999998,16.268095869
688.7,148.5231539,21.24469656,-4.612079676,212.4903187,4.999332775,-4.258347578,15.3,48.66716479999998,16.245363785000002
688.8000000000001,150.6262658,20.78008328,-4.680185874,212.9668925,4.573050781,-4.163349579,15.3,47.040626700000004,16.207032499
688.9000000000001,152.6825759,20.30865938,-4.748292072,213.3990749,4.158476721,-4.025051701,15.3,45.416499,16.150182659000002
689.0,154.691403,19.83042487,-4.81639827,213.7889531,3.759047613,-3.856509029,15.3,43.79755009999998,16.071377257
689.1,156.6520662,19.34537973,-4.884273343,214.1390729,3.378200476,-3.66018731,15.3,42.1870067,15.967179254000001
689.2,158.5638843,18.85352397,-4.950761661,214.4519798,3.01937233,-3.440952128,15.3,40.588095499999994,15.834151640000002
689.3000000000001,160.4261763,18.3548576,-5.014476469,214.7302194,2.685427358,-3.20453185,15.3,39.004043100000004,15.669430241999999
689.4000000000001,162.2382611,17.84951928,-5.074031012,214.9763373,2.376938396,-2.956654841,15.3,37.438076200000026,15.472580884
689.5,163.9994577,17.33820239,-5.128038537,215.1928791,2.093905444,-2.703049466,15.3,35.89342140000001,15.244296945999999
689.6,165.709085,16.82173899,-5.175112288,215.3823903,1.836328503,-2.448489363,15.3,34.37330530000001,14.985410487
689.7,167.366462,16.30096112,-5.214096636,215.5474168,1.604207571,-2.193929261,15.3,32.8809548,14.696753549
689.8000000000001,168.9710184,15.77670085,-5.244760456,215.6905039,1.39754265,-1.939369159,15.3,31.419485500000018,14.3791582
689.9000000000001,170.5226281,15.24979022,-5.267334872,215.8141973,1.21633374,-1.684809056,15.3,29.991569199999997,14.03345648
690.0,172.0212755,14.72106129,-5.282975515,215.9210426,1.060580839,-1.430248954,15.3,28.59976709999999,13.660480451
690.1,173.4669452,14.19134611,-5.293069139,216.0135854,0.930283949,-1.175688851,15.3,27.246640200000012,13.261062161
690.2,174.8596218,13.66133806,-5.299002498,216.0943714,0.825443069,-0.921128749,15.3,25.934749599999986,12.835894991
690.3000000000001,176.1992899,13.13117581,-5.302162348,216.165946,0.746058199,-0.667752991,15.3,24.666656099999994,12.385117611
690.4000000000001,177.485934,12.60085937,-5.303935443,216.230855,0.69212934,-0.421483298,15.3,23.444921000000004,11.908730030000001
690.5,178.7195389,12.07038872,-5.305477412,216.2916439,0.66365649,-0.189425735,15.3,22.272104999999993,11.406732230000001
690.6,179.9000889,11.53976389,-5.307019381,216.3508583,0.659929045,0.021313631,15.3,21.150769400000012,10.879834845
690.7,181.0275687,11.00898485,-5.308561351,216.4110438,0.67739397,0.207706039,15.3,20.083475099999998,10.331590879999998
690.8000000000001,182.101963,10.47805162,-5.31010332,216.4747461,0.711787628,0.350413515,15.3,19.07278309999999,9.766263992
690.9000000000001,183.1232561,9.946964185,-5.311645289,216.5445106,0.758846378,0.455746246,15.3,18.121254500000003,9.188117807000001
691.0,184.0914329,9.415722557,-5.312887431,216.6223146,0.816752963,0.518442585,15.3,17.23088170000001,8.598969594
691.1,185.0064778,8.884326733,-5.314215238,216.7078612,0.873904599,0.539686877,15.3,16.401383399999997,8.010422134
691.2,185.8683753,8.352776712,-5.315351928,216.8002851,0.933376792,0.525400842,15.3,15.631909799999999,7.419399920000001
691.3000000000001,186.6771102,7.82125239,-5.31045901,216.898721,0.988459521,0.478613243,15.3,14.921610800000007,6.8327928689999995
691.4000000000001,187.4326669,7.289522472,-5.294534859,217.0023036,1.035599754,0.418662054,15.3,14.269636700000017,6.253922718
691.5,188.1350301,6.757753028,-5.262063857,217.1101675,1.074086883,0.340421431,15.3,13.675137399999993,5.683666145
691.6,188.7841843,6.229447151,-5.207830214,217.2214475,1.103920909,0.255074744,15.3,13.137263200000017,5.125526241999999
691.7,189.3801141,5.707605817,-5.125932821,217.3352782,1.125101832,0.168543711,15.3,12.655164100000018,4.582503985000001
691.8000000000001,189.9228042,5.195538398,-5.011132843,217.4507944,1.137629651,0.082012679,15.3,12.227990200000004,4.057908747
691.9000000000001,190.4126802,4.696554262,-4.863753153,217.5671307,1.141504368,-0.004518353,15.3,11.854450499999995,3.555049894
692.0,190.8519331,4.21396278,-4.68419903,217.6834219,1.136725981,-0.091049385,15.3,11.531488800000016,3.077236799
692.1,191.2431949,3.751073322,-4.477066823,217.7988025,1.123294491,-0.177580417,15.3,11.255607600000001,2.6277788309999996
692.2,191.5890977,3.311195259,-4.247872147,217.9124073,1.101209897,-0.264111449,15.3,11.023309600000015,2.209985362
692.3000000000001,191.8922735,2.897086399,-4.00213062,218.023371,1.070472201,-0.34950361,15.3,10.83109750000001,1.826614198
692.4000000000001,192.1553545,2.509298304,-3.74535786,218.1308283,1.031081401,-0.428062542,15.3,10.675473800000002,1.478216903
692.5,192.3809728,2.147830973,-3.483069482,218.2339138,0.983037498,-0.487649949,15.3,10.552941000000015,1.1647934750000002
692.6,192.5717604,1.812684408,-3.219861835,218.3317623,0.927023815,-0.537347809,15.3,10.46000190000002,0.885660593
692.7,192.7303493,1.503858606,-2.956654187,218.4235085,0.866456965,-0.554407686,15.3,10.393159199999996,0.6374016410000001
692.8000000000001,192.8593717,1.22135357,-2.683030224,218.508287,0.808619928,-0.537301422,15.3,10.348915299999998,0.41273364199999996
692.9000000000001,192.9614596,0.965169298,-2.391677239,218.5852325,0.748063516,-0.48033466,15.3,10.323772899999977,0.21710578199999997
693.0,193.0392452,0.735305792,-2.088078726,218.6540264,0.698436789,-0.382368527,15.3,10.314781199999981,0.03686900300000007
693.1,193.0953604,0.538012839,-1.777718177,218.7165366,0.660656645,-0.249846966,15.3,10.321176200000007,-0.12264380600000002
693.2,193.1324374,0.377678064,-1.466079085,218.7751778,0.638823019,-0.072549124,15.3,10.342740400000007,-0.26114495500000007
693.3000000000001,193.1531082,0.251011371,-1.158644943,218.8323647,0.637035849,0.126776561,15.3,10.379256500000007,-0.386024478
693.4000000000001,193.160005,0.154722664,-0.871315559,218.8905118,0.658711749,0.346601932,15.3,10.4305068,-0.503989085
693.5,193.1607596,0.085521847,-0.616887132,218.9520338,0.704534041,0.580093759,15.3,10.491274200000003,-0.6190121940000001
693.6,193.1615142,0.040118826,-0.405775976,219.0193454,0.774502726,0.820418815,15.3,10.557831199999992,-0.7343839
693.7,193.1622687,0.015223504,-0.245294798,219.0948612,0.868617804,1.061882742,15.3,10.632592499999998,-0.8533942999999999
693.8000000000001,193.1630233,0.007545785,-0.129960103,219.1809958,0.986879275,1.303346669,15.3,10.717972500000013,-0.9793334899999999
693.9000000000001,193.1637779,0.007545785,-0.054288401,219.2801638,1.129287138,1.544810596,15.3,10.816385899999982,-1.121741353
694.0,193.1645325,0.007545785,-0.012796197,219.39478,1.295841394,1.786274523,15.3,10.93024749999999,-1.288295609
694.1,193.165287,0.007545785,-4.22e-12,219.5272589,1.486542042,2.02773845,15.3,11.061971899999985,-1.478996257
694.2,193.1660416,0.007545785,-7.93e-13,219.6800152,1.701389084,2.269202377,15.3,11.213973600000013,-1.693843299
694.3000000000001,193.1667962,0.007545785,-8.75e-13,219.8554635,1.940382518,2.509796758,15.3,11.38866730000002,-1.932836733
694.4000000000001,193.1675508,0.007545785,-5.84e-13,220.0560185,2.203522344,2.745173868,15.3,11.588467700000006,-2.195976559
694.5,193.1683054,0.007545785,-4.53e-13,220.2840948,2.490808564,2.970116436,15.3,11.815789399999982,-2.483262779
694.6,193.1690599,0.007545785,-3.62e-13,220.542107,2.801719449,3.179407188,15.3,12.073047099999979,-2.794173664
694.7,193.1698145,0.007545785,-2.37e-13,220.8324698,3.133646363,3.367828855,15.3,12.36265530000001,-3.126100578
694.8000000000001,193.1705691,0.007545785,-5.92e-14,221.1575979,3.483458945,3.530164164,15.3,12.687028800000018,-3.47591316
694.9000000000001,193.1713237,0.007545785,0.0,221.5199057,3.848026831,3.664519658,15.3,13.048582000000021,-3.840481046
695.0,193.1720783,0.007545785,2.96095613305791e-14,221.9213908,4.224219657,3.764406201,15.3,13.449312500000001,-4.216673872
695.1,193.1728328,0.007545785,8.605486115365049e-13,222.3623806,4.608907062,3.832826498,15.3,13.889547799999985,-4.6013612770000005
695.2,193.1735874,0.007545785,4.22378422746764e-12,222.8427857,5.000431243,3.876903654,15.3,14.369198300000004,-4.992885458000001
695.3000000000001,193.174342,0.007545785,0.139511096,223.3625163,5.392290084,3.900111723,15.3,14.888174300000014,-5.384744299
695.4000000000001,193.1750966,0.007545785,0.306599468,223.9214827,5.783154844,3.907667977,15.3,15.446386100000023,-5.775609059000001
695.5,193.1758511,0.007545785,0.510653562,224.5195955,6.174169023,3.902335421,15.3,16.04374440000002,-6.166623238000001
695.6,193.1766057,0.091252443,0.863096777,225.1567648,6.564286691,3.894950914,15.3,16.68015909999998,-6.473034248
695.7,193.1773603,0.191505466,1.141592736,225.8329011,6.953507848,3.887729024,15.3,17.355540799999982,-6.762002382
695.8000000000001,193.1781149,0.313937923,1.448403266,226.5479146,7.341832496,3.878763919,15.3,18.069799700000015,-7.027894573
695.9000000000001,193.1788695,0.46418288,1.801256071,227.3017158,7.729260632,3.869798813,15.3,18.82284630000002,-7.265077752
696.0,193.2465894,0.698023207,2.107405975,228.094215,8.115792258,3.860833708,15.3,19.547625599999986,-7.4177690510000005
696.1,193.3275464,0.912007895,2.37018064,228.9253225,8.501427374,3.851868603,15.3,20.297776100000004,-7.589419479
696.2,193.4262469,1.158341488,2.695040538,229.7949487,8.886165979,3.842903498,15.3,21.068701799999996,-7.727824491
696.3000000000001,193.5471974,1.455949051,2.939016461,230.703004,9.270008073,3.833938393,15.3,21.855806600000005,-7.8140590219999995
696.4000000000001,193.6949044,1.746045858,3.291192677,231.6493986,9.652953657,3.824196682,15.3,22.6544942,-7.906907798999999
696.5,193.8738743,2.081207202,3.664561614,232.634043,10.03500273,3.809795339,15.3,23.46016869999998,-7.953795528000001
696.6,194.0886136,2.461433083,4.027581495,233.6568474,10.41615529,3.78607473,15.3,24.2682338,-7.9547222070000005
696.7,194.3436287,2.886723501,4.478226864,234.7177223,10.79594538,3.748375223,15.3,25.07409359999998,-7.909221878999999
696.8000000000001,194.643426,3.357078456,4.928872234,235.8165779,11.17204318,3.692037185,15.3,25.873151899999993,-7.814964723999999
696.9000000000001,194.9925121,3.872497948,5.379517604,236.9533247,11.54165291,3.612400984,15.3,26.660812599999996,-7.669154962
697.0,195.3953934,4.432981977,5.830162973,238.127873,11.90197879,3.505583591,15.3,27.432479600000004,-7.4689968129999995
697.1,195.8565762,5.038530543,6.280808343,239.3397603,12.25022504,3.370808403,15.3,28.183184099999988,-7.211694497
697.2,196.3805672,5.689143645,6.731453712,240.5870332,12.58359588,3.208852023,15.3,28.906466000000005,-6.894452235000001
697.3000000000001,196.9718727,6.384821285,7.178693777,241.8673653,12.89929554,3.02359748,15.3,29.595492599999982,-6.5144742550000005
697.4000000000001,197.6349992,7.125563462,7.605502016,243.1784304,13.19452822,2.819704406,15.3,30.243431199999986,-6.068964758000001
697.5,198.3744531,7.911370175,7.9914466,244.5179023,13.46696413,2.601832434,15.3,30.84344919999999,-5.555593954999999
697.6,199.194741,8.740198243,8.316095704,245.8834546,13.71613728,2.374641196,15.3,31.3887136,-4.975939037
697.7,200.1003691,9.601831752,8.559017501,247.2727611,13.94204769,2.142790325,15.3,31.872392,-4.340215938
697.8000000000001,201.0958441,10.48401161,8.699780163,248.6834956,14.14469534,1.910162849,15.3,32.287651499999996,-3.6606837300000006
697.9000000000001,202.1856724,11.37447871,8.721357169,250.1133316,14.32408026,1.677535373,15.3,32.627659200000025,-2.9496015500000006
698.0,203.3727258,12.26097396,8.620343213,251.559943,14.48020242,1.444907898,15.3,32.887217199999995,-2.21922846
698.1,204.6533381,13.13123827,8.400143601,253.0210034,14.61306183,1.212280422,15.3,33.0676653,-1.4818235599999987
698.2,206.0222085,13.97301254,8.077784855,254.4941867,14.7226585,0.979652946,15.3,33.1719782,-0.7496459600000005
698.3000000000001,207.4740361,14.77403768,7.673698801,255.9771665,14.80899242,0.74702547,15.3,33.203130400000006,-0.03495473999999987
698.4000000000001,209.0035201,15.52409777,7.208317267,257.4676166,14.8720636,0.515482859,15.3,33.164096499999985,0.6520341699999985
698.5,210.6053598,16.22114962,6.702072079,258.9632106,14.91187202,0.290449436,15.3,33.057850800000026,1.309277599999998
698.6,212.2742542,16.86519324,6.175395064,260.4616224,14.9284177,0.07843439,15.3,32.88736820000001,1.9367755399999993
698.7,214.0049025,17.45622863,5.645312745,261.9605255,14.92235155,-0.114053091,15.3,32.655623000000034,2.533877079999998
698.8000000000001,215.792004,17.99425579,5.115230426,263.4575939,14.89692816,-0.284468123,15.3,32.36558990000002,3.0973276300000006
698.9000000000001,217.6302578,18.47927472,4.585148106,264.9505011,14.85605306,-0.414408602,15.3,32.02024329999999,3.6232216599999987
699.0,219.5143631,18.91128541,4.055065787,266.4369209,14.80363174,-0.510343121,15.3,31.62255780000002,4.107653670000001
699.1,221.439019,19.29028788,3.524983468,267.9150478,14.74119115,-0.567222509,15.3,31.176028800000022,4.5490967300000005
699.2,223.3989248,19.61628211,2.994901149,269.3851591,14.67977254,-0.586131632,15.3,30.686234300000006,4.93650957
699.3000000000001,225.3887795,19.88926811,2.464818829,270.8480531,14.61614568,-0.572494812,15.3,30.159273600000017,5.273122429999999
699.4000000000001,227.4032825,20.10924587,1.936167099,272.3045278,14.55659466,-0.528856933,15.3,29.601245300000027,5.552651209999999
699.5,229.4371328,20.27621541,1.416098899,273.7553813,14.50437408,-0.4736201,15.3,29.01824850000001,5.771841329999999
699.6,231.4850297,20.39017671,0.913197762,275.2014119,14.46013486,-0.401400584,15.3,28.41638219999997,5.9300418499999985
699.7,233.5416723,20.45198814,0.436047218,276.6434176,14.42387699,-0.32267188,15.3,27.801745300000032,6.028111150000001
699.8000000000001,235.6017598,20.46594145,-0.006769202,278.0821966,14.39560048,-0.242858311,15.3,27.180436799999978,6.070340969999998
699.9000000000001,237.6599913,20.43718676,-0.406667966,279.518547,14.37530533,-0.163044742,15.3,26.55855570000001,6.06188143
700.0,239.7110661,20.3708742,-0.756496132,280.953267,14.36299153,-0.083231174,15.3,25.94220089999997,6.007882669999999
700.1,241.7503701,20.27215389,-1.054823111,282.3871547,14.35865909,-0.003417605,15.3,25.336784599999998,5.913494799999999
700.2,243.7760357,20.14617593,-1.303079492,283.8210081,14.36230801,0.076395964,15.3,24.744972399999977,5.783867919999999
700.3000000000001,245.7868822,19.99809046,-1.508418217,285.2556256,14.37393829,0.156209533,15.3,24.168743399999965,5.62415217
700.4000000000001,247.7817291,19.83304758,-1.679422818,286.6918051,14.39354992,0.235217245,15.3,23.610076000000003,5.439497659999999
700.5,249.7593954,19.65533907,-1.824676826,288.1303449,14.42114291,0.309389818,15.3,23.070949500000022,5.23419616
700.6,251.7187005,19.46582327,-1.952763771,289.572043,14.45671725,0.37153513,15.3,22.553342499999996,5.009106020000001
700.7,253.6584637,19.2645002,-2.072267185,291.0176977,14.49978944,0.423888986,15.3,22.059233999999986,4.76471076
700.8000000000001,255.5775042,19.05136984,-2.190340011,292.4681069,14.5479419,0.454545303,15.3,21.590602700000016,4.50342794
700.9000000000001,257.4746413,18.82643219,-2.308412836,293.924069,14.59685936,0.461025922,15.3,21.1494277,4.229572829999999
701.0,259.3486943,18.58968727,-2.426485662,295.3863819,14.64788331,0.43930156,15.3,20.737687600000026,3.9418039599999997
701.1,261.1984824,18.34113506,-2.544558488,296.8554571,14.69387009,0.388566361,15.3,20.356974700000034,3.6472649699999984
701.2,263.0228249,18.08077557,-2.662631313,298.3301586,14.7333328,0.311983162,15.3,20.007333700000014,3.3474427700000007
701.3000000000001,264.8205412,17.8086088,-2.780704139,299.8089637,14.76337038,0.206510304,15.3,19.688422500000012,3.0452384199999987
701.4000000000001,266.5904503,17.52463474,-2.897216553,301.2903497,14.78108172,0.084053868,15.3,19.399899399999992,2.7435530200000002
701.5,268.3313717,17.22885341,-3.004366497,302.7727937,14.78404926,-0.052907986,15.3,19.141422000000045,2.4448041499999995
701.6,270.0421247,16.92126479,-3.085725605,304.2547732,14.77178949,-0.199540119,15.3,18.9126485,2.149475299999999
701.7,271.7215283,16.60280513,-3.153129096,305.7347653,14.74430241,-0.351007392,15.3,18.713237000000003,1.8585027200000006
701.8000000000001,273.3684021,16.27815567,-3.176016811,307.2112473,14.70158801,-0.503280522,15.3,18.5428452,1.5765676600000003
701.9000000000001,274.9815651,15.95717344,-3.152092176,308.6826965,14.6436463,-0.655553651,15.3,18.401131400000008,1.3135271399999997
702.0,276.5598368,15.63275729,-3.073553134,310.1475902,14.57047728,-0.807826781,15.3,18.287753399999996,1.0622800100000003
702.1,278.1027853,15.32324332,-2.938839272,311.6044056,14.48208095,-0.96009991,15.3,18.201620300000013,0.8411623699999993
702.2,279.6129749,15.03000948,-2.756576899,313.0516201,14.3784573,-1.112373039,15.3,18.138645199999996,0.6515521799999995
702.3000000000001,281.0937189,14.75867325,-2.513370383,314.4877108,14.25960634,-1.264646169,15.3,18.093991900000002,0.4990669099999998
702.4000000000001,282.5483305,14.51485211,-2.239779885,315.911155,14.12552807,-1.416919298,15.3,18.062824499999987,0.38932404
702.5,283.980123,14.3032273,-1.938101976,317.32043,13.97622248,-1.568385497,15.3,18.040306999999995,0.3270048199999991
702.6,285.3924097,14.12473506,-1.617699128,318.7140132,13.81168958,-1.715010113,15.3,18.021603500000037,0.3130454800000013
702.7,286.7885037,13.97937539,-1.28793381,320.0903816,13.63192937,-1.851951563,15.3,18.00187790000002,0.3474460199999996
702.8000000000001,288.1717184,13.86714829,-0.95660808,321.4480127,13.437426,-1.974368264,15.3,17.976294300000017,0.42972228999999906
702.9000000000001,289.5453671,13.78805377,-0.625282351,322.7853836,13.23060027,-2.079818211,15.3,17.940016499999967,0.5574534999999994
703.0,290.9127629,13.74209182,-0.293956621,324.1009717,13.01435713,-2.156261085,15.3,17.888208799999983,0.7277346900000001
703.1,292.2772192,13.72926245,0.037369109,325.3932543,12.79160152,-2.20686097,15.3,17.816035100000033,0.9376609299999998
703.2,293.6420491,13.74956565,0.368694838,326.6610958,12.56379865,-2.228411356,15.3,17.71904669999999,1.1857669999999985
703.3000000000001,295.010566,13.80300142,0.700020568,327.9049103,12.33817272,-2.221719175,15.3,17.5943443,1.4648287
703.4000000000001,296.3860831,13.88956976,1.031346298,329.1254989,12.11330942,-2.190819078,15.3,17.439415800000017,1.7762603400000003
703.5,297.7719137,14.00927068,1.359922758,330.3236628,11.89355346,-2.138153069,15.3,17.251749099999994,2.1157172200000005
703.6,299.171371,14.16210416,1.672003597,331.5002034,11.68132562,-2.07576147,15.3,17.028832399999953,2.4807785399999993
703.7,300.5877682,14.34807023,1.951093197,332.6559218,11.47711008,-2.001287126,15.3,16.76815359999996,2.87096015
703.8000000000001,302.0244187,14.5655193,2.180695937,333.7916193,11.28090681,-1.921971198,15.3,16.467200599999966,3.2846124900000007
703.9000000000001,303.4846357,14.80620357,2.344316198,334.908097,11.09271584,-1.84184834,15.3,16.123461299999985,3.713487729999999
704.0,304.9717325,15.06022568,2.425458358,336.0061563,10.91253714,-1.761725482,15.3,15.734423800000013,4.147688540000001
704.1,306.4890222,15.31768824,2.410376069,337.0865983,10.74037074,-1.681602624,15.3,15.297576099999969,4.577317500000001
704.2,308.0384986,15.56869388,2.296320061,338.1502243,10.57621662,-1.601479766,15.3,14.811725699999965,4.992477259999999
704.3000000000001,309.6168765,15.80334524,2.086039602,339.1978355,10.42007479,-1.521356908,15.3,14.280959000000006,5.383270450000001
704.4000000000001,311.2195515,16.01174494,1.793281044,340.2302331,10.27194524,-1.44123405,15.3,13.710681599999997,5.739799699999999
704.5,312.8419188,16.18399561,1.434540006,341.2482184,10.13182798,-1.36128326,15.3,13.10629960000001,6.05216763
704.6,314.4793738,16.31184944,1.026312109,342.2525926,9.999723,-1.282364882,15.3,12.473218799999994,6.31212644
704.7,316.1273119,16.39365686,0.585092971,343.2441569,9.875630309,-1.205511327,15.3,11.816845000000011,6.518026551
704.8000000000001,317.7811284,16.42941789,0.127378214,344.2237125,9.759446664,-1.131755006,15.3,11.142584099999976,6.6699712259999995
704.9000000000001,319.4362187,16.41913251,-0.333085814,345.1920607,9.650655857,-1.06212833,15.3,10.455842000000029,6.7684766530000005
705.0,321.0879781,16.36280072,-0.793549841,346.1500027,9.548638442,-0.997663712,15.3,9.762024600000029,6.8141622779999995
705.1,322.731802,16.26042254,-1.254013869,347.0983397,9.452774973,-0.939221493,15.3,9.06653769999998,6.807647567
705.2,324.3630858,16.11199795,-1.714477896,348.0377904,9.362446002,-0.886973742,15.3,8.374704599999983,6.749551947999999
705.3000000000001,325.9772248,15.91752696,-2.174941924,348.9687431,9.277032083,-0.840748391,15.3,7.691518299999995,6.640494877
705.4000000000001,327.5696144,15.67700957,-2.635405951,349.8915033,9.195913768,-0.799685097,15.3,7.021888900000032,6.481095801999999
705.5,329.1356499,15.39044577,-3.093313143,350.8063768,9.118471612,-0.762751449,15.3,6.370726900000033,6.271974157999999
705.6,330.6707268,15.05783557,-3.535879317,351.7136693,9.044189407,-0.728915035,15.3,5.74294249999998,6.013646163000001
705.7,332.1702403,14.67917897,-3.947763459,352.6136864,8.972963914,-0.697143443,15.3,5.143446100000016,5.706215056000001
705.8000000000001,333.6295858,14.25601006,-4.313624551,353.5067337,8.904795132,-0.666404263,15.3,4.577147900000011,5.351214927999999
705.9000000000001,335.0441586,13.79599937,-4.618121577,354.393117,8.839683062,-0.635837152,15.3,4.048958400000014,4.956316308
706.0,336.4093543,13.30835149,-4.845913521,355.273142,8.777627702,-0.605270041,15.3,3.5637876999999882,4.5307237879999995
706.1,337.720568,12.80227104,-4.984216201,356.1471142,8.718629054,-0.574702929,15.3,3.126546199999961,4.083641986
706.2,338.9744225,12.28696262,-5.030472782,357.0153394,8.662687116,-0.544135818,15.3,2.7409169000000126,3.624275504
706.3000000000001,340.1724494,11.77163086,-4.987240099,357.8781233,8.60980189,-0.513568706,15.3,2.4056739000000213,3.16182897
706.4000000000001,341.317408,11.26548034,-4.867302335,358.7357715,8.559973375,-0.483001595,15.3,2.1183634999999974,2.7055069649999997
706.5,342.4120571,10.7777157,-4.686000503,359.5885896,8.513201571,-0.452472549,15.3,1.87653249999995,2.264514129
706.6,343.4591559,10.31600743,-4.458675623,360.4368834,8.469486478,-0.422171898,15.3,1.6777275000000138,1.8465209520000005
706.7,344.4614633,9.881889638,-4.200668709,361.2809585,8.428828097,-0.392328036,15.3,1.519495200000005,1.4530615410000003
706.8000000000001,345.4217385,9.475362321,-3.927320779,362.1211207,8.391203587,-0.363169356,15.3,1.3993822000000016,1.0841587340000007
706.9000000000001,346.3427406,9.096425482,-3.651416012,362.9576755,8.356498751,-0.334924255,15.3,1.3149348999999795,0.7399267310000006
707.0,347.2272284,8.745079119,-3.375511246,363.7909286,8.324576554,-0.307821126,15.3,1.2637001999999704,0.4205025649999996
707.1,348.0779611,8.421323233,-3.09960648,364.6211858,8.295299957,-0.282050298,15.3,1.2432246999999954,0.12602327600000152
707.2,348.8976978,8.125157823,-2.823701713,365.4487343,8.268531925,-0.257649837,15.3,1.2510365000000085,-0.14337410199999923
707.3000000000001,349.6891975,7.85658289,-2.547796947,366.2737886,8.244135421,-0.234581676,15.3,1.2845911000000108,-0.387552530999999
707.4000000000001,350.4552192,7.615598434,-2.27189218,367.0965447,8.221973408,-0.212655488,15.3,1.3413254999999928,-0.6063749740000004
707.5,351.1985219,7.402204454,-1.995987414,367.9171985,8.201908849,-0.191642877,15.3,1.41867659999998,-0.7997043950000009
707.6,351.9218648,7.216400951,-1.721064389,368.7359462,8.183827548,-0.17131545,15.3,1.5140814000000198,-0.9674265970000002
707.7,352.6280069,7.058187924,-1.452031814,369.5529838,8.167706664,-0.151444812,15.3,1.6249768999999894,-1.1095187400000004
707.8000000000001,353.3197072,6.927565375,-1.194780139,370.3685073,8.153546199,-0.131802568,15.3,1.7488000999999933,-1.2259808240000005
707.9000000000001,353.9997247,6.823944256,-0.955199813,371.1827128,8.141346151,-0.11219839,15.3,1.882988099999988,-1.3174018950000006
708.0,354.6708186,6.744379345,-0.739181285,371.9957964,8.131106521,-0.092594211,15.3,2.0249777999999985,-1.386727176
708.1,355.3357478,6.685336371,-0.552615007,372.8079539,8.122827309,-0.072990033,15.3,2.1722060999999933,-1.4374909379999998
708.2,355.9972715,6.643281063,-0.398542752,373.6193816,8.116508514,-0.053385855,15.3,2.3221100999999855,-1.4732274509999996
708.3000000000001,356.6576773,6.614679153,-0.282109342,374.4302754,8.112150138,-0.033781677,15.3,2.472598100000038,-1.4974709850000005
708.4000000000001,357.3173683,6.59599637,-0.201045397,375.2408314,8.109752179,-0.014177499,15.3,2.6234630999999915,-1.5137558089999992
708.5,357.976276,6.584818606,-0.147995981,376.0512457,8.109314638,0.005348725,15.3,2.774969699999996,-1.524496032000001
708.6,358.634332,6.57511374,-0.118508363,376.8617142,8.110837515,0.024407221,15.3,2.9273822000000216,-1.5357237750000001
708.7,359.291468,6.564709132,-0.106692094,377.672433,8.114320809,0.042530262,15.3,3.0809650000000026,-1.5496116770000006
708.8000000000001,359.9476157,6.554483475,-0.10852366,378.4835981,8.119717749,0.059250121,15.3,3.2359824000000224,-1.5652342739999998
708.9000000000001,360.6027066,6.543574135,-0.113949527,379.2954056,8.12679447,0.074099071,15.3,3.392699000000004,-1.583220335
709.0,361.2566723,6.531981114,-0.119348628,380.1080516,8.135270336,0.086957881,15.3,3.5513793000000184,-1.603289222
709.1,361.9094446,6.51970441,-0.126185451,380.9217321,8.144864711,0.096554731,15.3,3.712287500000013,-1.6251603010000002
709.2,362.5609551,6.506744024,-0.133022273,381.7366056,8.155296957,0.103366823,15.3,3.8756505000000168,-1.6485529329999995
709.3000000000001,363.2111353,6.493099955,-0.139859095,382.5526812,8.166495538,0.107613951,15.3,4.041545899999971,-1.6733955829999996
709.4000000000001,363.8599169,6.478772205,-0.146695918,383.3699304,8.177650588,0.109522442,15.3,4.210013500000013,-1.6988783830000003
709.5,364.5072316,6.463760772,-0.15353274,384.1883247,8.188814564,0.109560023,15.3,4.3810930999999975,-1.7250537919999998
709.6,365.1530109,6.448065656,-0.160217174,385.0078357,8.199838707,0.107845925,15.3,4.55482479999996,-1.7517730509999998
709.7,365.7971865,6.431686859,-0.164927444,385.8284348,8.210578176,0.105729921,15.3,4.731248300000015,-1.7788913170000002
709.8000000000001,366.4396901,6.414624379,-0.169928724,386.6500936,8.221032971,0.103124583,15.3,4.910403499999983,-1.8064085919999995
709.9000000000001,367.0804532,6.396969651,-0.17112718,387.4727837,8.231203092,0.100277845,15.3,5.092330499999957,-1.8342334409999994
710.0,367.7194076,6.379815738,-0.168668317,388.2964766,8.24108854,0.097431108,15.3,5.277068999999994,-1.8612728020000002
710.1,368.3564848,6.361803537,-0.161637807,389.1211438,8.250689314,0.09458437,15.3,5.464659000000051,-1.8888857770000005
710.2,368.9916164,6.345389348,-0.149273706,389.9467568,8.260005414,0.091737632,15.3,5.655140400000004,-1.9146160659999998
710.3000000000001,369.6248073,6.330485869,-0.132483462,390.7732872,8.26903684,0.088890894,15.3,5.84847990000004,-1.9385509709999997
710.4000000000001,370.2563548,6.317641696,-0.108239959,391.6007065,8.277783593,0.086044156,15.3,6.0443517000000035,-1.9601418970000006
710.5,370.8866294,6.307405427,-0.080484642,392.4289862,8.286245672,0.083197418,15.3,6.2423567999999925,-1.9788402449999998
710.6,371.5160016,6.300325661,-0.049072007,393.258098,8.294423076,0.08040125,15.3,6.442096400000036,-1.9940974149999997
710.7,372.1448419,6.296859562,-0.014916383,394.0880132,8.302315808,0.078124901,15.3,6.64317129999996,-2.0054562459999996
710.8000000000001,372.7735209,6.297098563,0.021067901,394.9187035,8.309923865,0.076022583,15.3,6.845182599999998,-2.0128253020000004
710.9000000000001,373.4024091,6.301042664,0.057966515,395.7501403,8.31727759,0.075046918,15.3,7.047731199999998,-2.016234926
711.0,374.0318769,6.308691866,0.095017516,396.5822953,8.324658533,0.075284923,15.3,7.250418400000012,-2.015966666999999
711.1,374.6622949,6.320046168,0.132068518,397.4151398,8.331859221,0.077040014,15.3,7.452844900000013,-2.011813053
711.2,375.2940336,6.33510557,0.169119519,398.2486456,8.339451227,0.08056504,15.3,7.654611999999997,-2.004345657
711.3000000000001,375.9274635,6.353870072,0.206170521,399.0828083,8.347486761,0.085694167,15.3,7.855344800000022,-1.9936166890000004
711.4000000000001,376.5629551,6.376339674,0.243221523,399.9177209,8.356147874,0.093026032,15.3,8.054765799999995,-1.9798082
711.5,377.2008789,6.402514376,0.280272524,400.7535006,8.365616614,0.101658582,15.3,8.252621699999974,-1.9631022380000003
711.6,377.8416054,6.432394179,0.317323526,401.5902645,8.376075034,0.111504802,15.3,8.448659099999997,-1.9436808549999993
711.7,378.4855052,6.465979081,0.354369612,402.4281297,8.387674841,0.122261273,15.3,8.642624500000021,-1.9216957600000004
711.8000000000001,379.1329487,6.503269084,0.391386202,403.2672136,8.400446377,0.133624578,15.3,8.834264900000004,-1.8971772929999995
711.9000000000001,379.7843064,6.544264187,0.428343801,404.1076331,8.414389642,0.145291301,15.3,9.023326699999995,-1.8701254550000002
712.0,380.439949,6.588961441,0.465212914,404.9495056,8.429504637,0.157008594,15.3,9.209556599999996,-1.8405431960000005
712.1,381.1002468,6.637346097,0.501964045,405.7929482,8.445791361,0.168725886,15.3,9.392701400000032,-1.8084452639999995
712.2,381.7655703,6.689400459,0.538567699,406.638078,8.463249814,0.180443179,15.3,9.572507700000028,-1.7738493549999994
712.3000000000001,382.4362902,6.74510683,0.574999296,407.4850123,8.481879997,0.192160471,15.3,9.74872210000002,-1.736773167
712.4000000000001,383.1127746,6.804447511,0.61125392,408.3338682,8.501681909,0.203877764,15.3,9.92109359999996,-1.697234398
712.5,383.795382,6.867404807,0.647336487,409.1847628,8.52265555,0.215595056,15.3,10.089380799999969,-1.6552507429999999
712.6,384.484469,6.933961018,0.683271577,410.0378134,8.54480092,0.227394369,15.3,10.253344400000014,-1.6108399020000004
712.7,385.1803919,7.004098449,0.719088685,410.8931371,8.568118019,0.239685805,15.3,10.412745199999971,-1.5640195700000001
712.8000000000001,385.883507,7.077802352,0.754817307,411.7508511,8.592606848,0.252961487,15.3,10.567344099999968,-1.5148044960000009
712.9000000000001,386.5941706,7.155069776,0.790486938,412.6110726,8.618316618,0.267713538,15.3,10.716902000000015,-1.4632468419999993
713.0,387.3127392,7.235900723,0.826127073,413.4739188,8.645493392,0.28443408,15.3,10.861179599999968,-1.4095926690000002
713.1,388.039569,7.320295191,0.861762293,414.3395067,8.674432442,0.303615237,15.3,10.999937700000043,-1.354137251000001
713.2,388.7750164,7.408253181,0.897397512,415.2079536,8.705429043,0.325667111,15.3,11.132937199999969,-1.2971758620000005
713.3000000000001,389.5194379,7.499774693,0.933032732,416.0794161,8.738778467,0.350671722,15.3,11.259978199999988,-1.2390037739999995
713.4000000000001,390.2731896,7.594859728,0.968667951,416.9542081,8.77477599,0.378547051,15.3,11.381018499999993,-1.1799162619999999
713.5,391.036628,7.693508284,1.00430317,417.8326831,8.813716885,0.408882994,15.3,11.496055099999989,-1.1202086009999999
713.6,391.8101095,7.795720362,1.03993839,418.7151944,8.855896425,0.441187428,15.3,11.605084899999962,-1.0601760629999992
713.7,392.5939904,7.901495962,1.07518053,419.6020954,8.901560672,0.474968232,15.3,11.708105,-1.0000647100000002
713.8000000000001,393.3886269,8.010835083,1.108064194,420.4937396,8.950758839,0.509733281,15.3,11.805112700000006,-0.9399237560000007
713.9000000000001,394.1943756,8.123737727,1.134179483,421.3904802,9.003490924,0.544990454,15.3,11.896104600000012,-0.8797531969999994
714.0,395.0115927,8.239968045,1.157322191,422.2926708,9.059756929,0.580329646,15.3,11.981078100000001,-0.8197888840000012
714.1,395.8406346,8.3583468,1.168979573,423.2006646,9.119556854,0.615668839,15.3,12.060029999999994,-0.7612100540000011
714.2,396.6818577,8.476228051,1.168844574,424.1148152,9.182890697,0.651008032,15.3,12.132957499999986,-0.7066626459999998
714.3000000000001,397.5356182,8.595889276,1.1549518,425.0354758,9.24975846,0.686347225,15.3,12.199857599999984,-0.6538691840000013
714.4000000000001,398.4020839,8.712222827,1.126908171,425.9629999,9.320160142,0.721686418,15.3,12.26091600000002,-0.6079373150000009
714.5,399.2806678,8.825044472,1.087158189,426.8977409,9.394095744,0.75702561,15.3,12.31707309999997,-0.5690512719999994
714.6,400.1705941,8.932939126,1.031512981,427.8400521,9.471565264,0.792170409,15.3,12.369457999999963,-0.5386261379999997
714.7,401.071087,9.034491703,0.968485292,428.790287,9.552568704,0.826148843,15.3,12.4192,-0.518077001
714.8000000000001,401.981371,9.128522965,0.898382176,429.7487989,9.637106064,0.857794547,15.3,12.467427899999972,-0.5085830989999991
714.9000000000001,402.9006702,9.214797065,0.823562108,430.7159412,9.725060706,0.885941156,15.3,12.515270999999995,-0.5102636409999999
715.0,403.828209,9.293314002,0.746383565,431.6920674,9.815849448,0.909422306,15.3,12.563858399999969,-0.5225354459999991
715.1,404.7632116,9.364073778,0.668811942,432.6775308,9.908772472,0.927071631,15.3,12.614319200000022,-0.5446986940000009
715.2,405.7049023,9.427076391,0.591240319,433.6726848,10.00312996,0.93791716,15.3,12.667782499999998,-0.5760535690000008
715.3000000000001,406.6525054,9.482321841,0.513668696,434.6777895,10.09822209,0.941764501,15.3,12.725284100000021,-0.615900249000001
715.4000000000001,407.6052453,9.52981013,0.436097073,435.6927317,10.19334904,0.938808046,15.3,12.787486400000045,-0.6635389099999998
715.5,408.5623461,9.569541256,0.35852545,436.717305,10.287811,0.930019767,15.3,12.854958899999996,-0.7182697439999988
715.6,409.5230321,9.60151522,0.280953827,437.7513029,10.38090815,0.916566028,15.3,12.92827079999996,-0.7793929300000002
715.7,410.4865277,9.625732021,0.203382204,438.7945189,10.4720573,0.899613194,15.3,13.007991200000003,-0.8463252790000002
715.8000000000001,411.4520571,9.64219166,0.126056151,439.8467466,10.56114182,0.88032763,15.3,13.094689500000026,-0.9189501599999996
715.9000000000001,412.4188446,9.650894137,0.050203517,440.9077796,10.6481617,0.859875702,15.3,13.188935000000026,-0.9972675629999994
716.0,413.3861145,9.651839452,-0.022702278,441.9774113,10.73311696,0.839229379,15.3,13.291296800000008,-1.0812775079999994
716.1,414.3530911,9.645174946,-0.091187816,443.0554353,10.81600758,0.818583057,15.3,13.402344200000027,-1.1708326340000017
716.2,415.3189986,9.63163733,-0.153779676,444.1416451,10.89683357,0.797936734,15.3,13.522646500000018,-1.2651962399999999
716.3000000000001,416.2830614,9.612110654,-0.209004439,445.2358343,10.97559493,0.777290412,15.3,13.652772900000013,-1.3634842759999994
716.4000000000001,417.2445037,9.587478971,-0.255634257,446.3377964,11.05229165,0.756644089,15.3,13.793292700000006,-1.4648126790000013
716.5,418.2026676,9.558626332,-0.293423558,447.447325,11.12692374,0.735997766,15.3,13.944657399999993,-1.5682974080000012
716.6,419.1573669,9.526436788,-0.322617914,448.5642135,11.19949121,0.715351444,15.3,14.106846599999994,-1.6730544219999999
716.7,420.1085331,9.491794392,-0.344445173,449.6882555,11.26999403,0.694834328,15.3,14.279722400000036,-1.7781996380000002
716.8000000000001,421.0560977,9.455583195,-0.360378755,450.8192446,11.33843223,0.675092449,15.3,14.46314689999998,-1.8828490349999996
716.9000000000001,421.9999921,9.418539906,-0.371892079,451.9569743,11.40480579,0.656901047,15.3,14.656982200000026,-1.9862658839999998
717.0,422.940148,9.380811867,-0.380458564,453.1012381,11.46919225,0.641035358,15.3,14.861090099999966,-2.0883803830000005
717.1,423.8764969,9.342399079,-0.38755163,454.2518296,11.53197921,0.62827062,15.3,15.0753327,-2.1895801309999996
717.2,424.8089702,9.303301541,-0.394399126,455.4085422,11.59363183,0.619382072,15.3,15.299572000000023,-2.290330289
717.3000000000001,425.7374996,9.263519254,-0.401246622,456.5711696,11.65461525,0.615015745,15.3,15.53367000000004,-2.3910959960000007
717.4000000000001,426.6620164,9.223052217,-0.408094118,457.7395673,11.7153946,0.615300845,15.3,15.777550899999948,-2.4923423830000004
717.5,427.5824524,9.18190043,-0.414941614,458.9138389,11.77643504,0.620108166,15.3,16.03138649999995,-2.59453461
717.6,428.4987389,9.140063894,-0.42178911,460.0941501,11.8382017,0.628791676,15.3,16.2954112,-2.698137806
717.7,429.4108075,9.097542608,-0.428636606,461.2806665,11.90115972,0.640576138,15.3,16.56985900000002,-2.8036171120000013
717.8000000000001,430.3185898,9.054336573,-0.433611815,462.4735538,11.96569673,0.654686314,15.3,16.854964000000006,-2.911360156999999
717.9000000000001,431.2220172,9.010445788,-0.439478475,463.6729776,12.03189025,0.670346965,15.3,17.15096040000004,-3.021444462
718.0,432.1210213,8.965870253,-0.440664417,464.8791036,12.09974028,0.686782854,15.3,17.45808230000001,-3.1338700270000004
718.1,433.0155336,8.921733341,-0.435843651,466.0920974,12.16924682,0.70334795,15.3,17.776563799999973,-3.247513479
718.2,433.9054857,8.876376809,-0.423454283,467.3121247,12.24040987,0.719913045,15.3,18.10663900000004,-3.3640330610000007
718.3000000000001,434.790809,8.833143958,-0.401604162,468.5393511,12.31322943,0.736478141,15.3,18.44854209999995,-3.480085471999999
718.4000000000001,435.6714351,8.792830382,-0.370273425,469.7739423,12.3877055,0.753043237,15.3,18.80250719999999,-3.594875117999999
718.5,436.5474469,8.756373218,-0.324806183,471.0160639,12.46383808,0.769608332,15.3,19.168616999999994,-3.707464862
718.6,437.4195327,8.724907756,-0.269197813,472.2658817,12.54162717,0.786173428,15.3,19.54634900000003,-3.8167194139999996
718.7,438.2885324,8.699569286,-0.204458946,473.5235611,12.62107277,0.802592765,15.3,19.935028699999986,-3.9215034840000005
718.8000000000001,439.1552856,8.681493099,-0.132151477,474.789268,12.70217487,0.81813755,15.3,20.33398239999998,-4.020681771
718.9000000000001,440.0206322,8.67162527,-0.054167556,476.0631678,12.78493349,0.831933234,15.3,20.74253559999995,-4.11330822
719.0,440.8854119,8.670155014,0.027600667,477.3454264,12.86926116,0.843105264,15.3,21.1600145,-4.199106146
719.1,441.7504644,8.677082332,0.111261039,478.6362093,12.95472061,0.85077909,15.3,21.58574490000002,-4.277638278000001
719.2,442.6166296,8.692407222,0.195236771,479.9356822,13.04078711,0.85408016,15.3,22.019052599999963,-4.348379888
719.3000000000001,443.4847471,8.716129686,0.279212502,481.2440107,13.12693593,0.852279682,15.3,22.459263599999996,-4.410806244
719.4000000000001,444.3556567,8.748249723,0.363188233,482.5612906,13.21264233,0.845231896,15.3,22.90563390000001,-4.464392606999999
719.5,445.2301983,8.788767332,0.447163964,483.8873376,13.29738159,0.833082563,15.3,23.35713930000004,-4.508614258
719.6,446.1092114,8.837682515,0.531139695,485.2218977,13.38062897,0.816560474,15.3,23.812686300000006,-4.542946455000001
719.7,446.993536,8.894995272,0.615115426,486.5647166,13.46185975,0.79654018,15.3,24.27118059999999,-4.566864478000001
719.8000000000001,447.8840117,8.960705601,0.699091158,487.9155403,13.54063665,0.773896233,15.3,24.7315286,-4.579931048999999
719.9000000000001,448.7814783,9.034813503,0.782898213,489.2741146,13.61687221,0.749503184,15.3,25.192636300000014,-4.582058707
720.0,449.6867756,9.117318978,0.865693216,490.6401854,13.69056644,0.724235583,15.3,25.65340980000003,-4.573247461999999
720.1,450.6007433,9.208222027,0.946464113,492.0134985,13.76171933,0.698822224,15.3,26.11275520000005,-4.553497303
720.2,451.5242212,9.307421443,1.024198852,493.3937999,13.83033088,0.673408865,15.3,26.569578699999976,-4.522909436999999
720.3000000000001,452.4580491,9.414411201,1.097885378,494.7808354,13.8964011,0.647995506,15.3,27.022786300000018,-4.481989899
720.4000000000001,453.4030666,9.528584069,1.166511641,496.1743508,13.95992998,0.622582148,15.3,27.471284200000024,-4.431345910999999
720.5,454.3601136,9.649332814,1.229234262,497.574092,14.02091753,0.597168789,15.3,27.91397840000003,-4.371584716000001
720.6,455.3299488,9.776050206,1.285884565,498.979805,14.07936374,0.57175543,15.3,28.349856199999987,-4.303313533999999
720.7,456.3130073,9.908129012,1.336631227,500.3912355,14.13526861,0.54647236,15.3,28.77822820000001,-4.227139598000001
720.8000000000001,457.3096428,10.044962,1.382317624,501.8081294,14.18863215,0.521971027,15.3,29.198486599999978,-4.14367015
720.9000000000001,458.3202096,10.18594194,1.42395581,503.2302326,14.23945436,0.499033167,15.3,29.610023000000023,-4.053512420000001
721.0,459.3450614,10.3305628,1.462557837,504.6572909,14.2878134,0.478440517,15.3,30.0122295,-3.9572506
721.1,460.3845523,10.47872339,1.499135759,506.0890503,14.33410015,0.460362949,15.3,30.404498,-3.8553767599999986
721.2,461.4390362,10.63042369,1.534701627,507.5252565,14.37878364,0.44741779,15.3,30.786220300000036,-3.7483599499999993
721.3000000000001,462.5088671,10.78566371,1.57009882,508.9656555,14.42233292,0.438420898,15.3,31.15678840000005,-3.636669210000001
721.4000000000001,463.5943991,10.94444346,1.605496013,510.4100557,14.46484992,0.434114425,15.3,31.51565660000001,-3.5204064600000002
721.5,464.695986,11.10676292,1.640893206,511.8585156,14.50790503,0.434368082,15.3,31.86252959999997,-3.4011421100000003
721.6,465.8139818,11.2726221,1.676290399,513.3111563,14.55086594,0.438530421,15.3,32.197174499999974,-3.27824384
721.7,466.9487405,11.442021,1.711687592,514.7680989,14.5945688,0.44643157,15.3,32.51935840000006,-3.152547799999999
721.8000000000001,468.1006161,11.61495962,1.747084785,516.2294645,14.63940449,0.455454202,15.3,32.82884839999993,-3.02444487
721.9000000000001,469.2699626,11.79143795,1.782493696,517.6953743,14.68545118,0.46665217,15.3,33.12541170000004,-2.8940132299999988
722.0,470.4571339,11.97145601,1.817972912,519.1659493,14.73270887,0.478631874,15.3,33.408815399999995,-2.761252859999999
722.1,471.6624839,12.15501379,1.853592738,520.6413106,14.78117755,0.490741868,15.3,33.678826700000016,-2.6261637600000007
722.2,472.8863668,12.34211831,1.889423479,522.1215793,14.83085724,0.502851862,15.3,33.93521249999999,-2.4887389300000002
722.3000000000001,474.1291363,12.53280474,1.925535441,523.6068765,14.88174792,0.514961856,15.3,34.177740199999974,-2.348943180000001
722.4000000000001,475.3911466,12.72711526,1.961998929,525.0973234,14.93384961,0.52707185,15.3,34.40617680000004,-2.2067343499999996
722.5,476.6727516,12.92509204,1.998872531,526.5930409,14.98716229,0.539181844,15.3,34.62028929999998,-2.0620702500000014
722.6,477.9743108,13.12677728,2.036167963,528.0941503,15.04168598,0.551291837,15.3,34.819839500000015,-1.9149086999999998
722.7,479.2962064,13.33221315,2.073873509,529.6007726,15.09742066,0.563401831,15.3,35.00456620000001,-1.7652075099999998
722.8000000000001,480.6388261,13.54144183,2.11193058,531.113029,15.15436634,0.575456837,15.3,35.17420289999997,-1.6129245099999991
722.9000000000001,482.0025576,13.75450552,2.150268873,532.6310404,15.21252303,0.58718191,15.3,35.328482799999975,-1.4580175099999995
723.0,483.3877886,13.97143936,2.18881808,534.1549281,15.27189071,0.598247119,15.3,35.46713949999999,-1.3004513499999995
723.1,484.7949069,14.19225039,2.227507898,535.6848131,15.3324364,0.608322532,15.3,35.589906200000044,-1.1401860100000007
723.2,486.2243001,14.4169386,2.266268021,537.2208165,15.39399512,0.617146332,15.3,35.696516399999965,-0.9770565199999997
723.3000000000001,487.676356,14.64550399,2.305039862,538.7630594,15.45636893,0.624255911,15.3,35.78670339999998,-0.8108649400000001
723.4000000000001,489.1514623,14.87794657,2.343811703,540.3116629,15.51935986,0.629365661,15.3,35.8602006,-0.6414132899999991
723.5,490.6500067,15.11426633,2.382583543,541.8667218,15.58281083,0.632567489,15.3,35.91671510000005,-0.46854450000000014
723.6,492.172377,15.35446328,2.421355384,543.4282251,15.64644426,0.633844714,15.3,35.95584809999998,-0.2919809800000017
723.7,493.7189608,15.59853741,2.460127225,544.9961356,15.71005579,0.633472278,15.3,35.977174800000014,-0.1115183799999997
723.8000000000001,495.2901459,15.84648873,2.498899065,546.570416,15.77353562,0.631711997,15.3,35.9802701,0.07295311000000027
723.9000000000001,496.8863199,16.09831722,2.537670906,548.151029,15.83667576,0.629026483,15.3,35.96470910000001,0.2616414599999981
724.0,498.5078707,16.35402291,2.575744521,549.7379375,15.89944323,0.625756329,15.3,35.930066800000034,0.45457968000000193
724.1,500.1551859,16.61360577,2.60674465,551.331104,15.96183803,0.622084572,15.3,35.87591809999999,0.6517677400000004
724.2,501.8286533,16.87706582,2.635134332,552.9304914,16.02386014,0.618357827,15.3,35.80183810000007,0.8532056799999985
724.3000000000001,503.5286605,17.14398412,2.648071818,554.5360624,16.08550959,0.614631082,15.3,35.707401899999994,1.058474529999998
724.4000000000001,505.2555953,17.41053552,2.644251886,556.1477797,16.14678636,0.610904337,15.3,35.59218440000002,1.2637491599999997
724.5,507.0098454,17.67939782,2.61948518,557.765606,16.20769046,0.607177591,15.3,35.45576060000003,1.47170736
724.6,508.7917985,17.942866,2.570280572,559.3895041,16.26822188,0.603450846,15.3,35.29770559999993,1.67464412
724.7,510.6015072,18.2001569,2.498823966,561.0194367,16.32838063,0.599724101,15.3,35.11792950000002,1.871776269999998
724.8000000000001,512.4376835,18.44875693,2.397161197,562.6553665,16.3881667,0.596019763,15.3,34.91768299999997,2.060590229999999
724.9000000000001,514.2987042,18.68615247,2.277435784,564.2972564,16.4475801,0.59244987,15.3,34.698552200000066,2.23857237
725.0,516.1829461,18.9098299,2.140952953,565.9450689,16.50662082,0.589148865,15.3,34.462122800000046,2.40320908
725.1,518.088786,19.11769454,1.991902058,567.5987669,16.56530232,0.586251194,15.3,34.20998089999996,2.552392219999998
725.2,520.0146008,19.30932747,1.834472453,569.258313,16.6236918,0.583891301,15.3,33.94371220000001,2.68563567
725.3000000000001,521.9587674,19.48472868,1.672853493,570.9236701,16.68186995,0.58220363,15.3,33.66490269999993,2.8028587300000005
725.4000000000001,523.9196624,19.64389817,1.510536308,572.5948007,16.73991742,0.581300219,15.3,33.37513829999996,2.903980749999999
725.5,525.8956629,19.78683594,1.348219123,574.2716785,16.79791488,0.581203474,15.3,33.07601559999996,2.988921059999999
725.6,527.8851455,19.91354199,1.185901937,575.95432,16.855943,0.581890989,15.3,32.769174500000034,3.057598989999999
725.7,529.8864871,20.02401633,1.023584752,577.6427523,16.91408245,0.583250725,15.3,32.45626520000003,3.10993388
725.8000000000001,531.8980646,20.11825894,0.861267567,579.3370028,16.97241389,0.58514824,15.3,32.138938200000055,3.145845050000002
725.9000000000001,533.9182548,20.19626984,0.698950382,581.0370988,17.03100454,0.587449088,15.3,31.818843999999967,3.165265299999998
726.0,535.9454344,20.25804902,0.537591576,582.7430674,17.08986785,0.590018825,15.3,31.497633000000018,3.1681811700000004
726.1,537.9779804,20.30359648,0.381983047,584.454936,17.14900382,0.592723007,15.3,31.176955599999996,3.1545926599999987
726.2,540.0142696,20.33291222,0.237875071,586.1727318,17.20841245,0.595449596,15.3,30.858462199999916,3.12449977
726.3000000000001,542.0526787,20.34657127,0.111017926,587.8964822,17.26809374,0.598176184,15.3,30.543803500000035,3.078477529999997
726.4000000000001,544.0915847,20.34744877,0.007161887,589.6262143,17.32804769,0.600902773,15.3,30.234629600000016,3.0194010800000015
726.5,546.1293643,20.33899488,-0.067942768,591.3619554,17.3882743,0.603629362,15.3,29.932591100000035,2.9507205800000023
726.6,548.1643944,20.32465977,-0.109504142,593.1037328,17.44877356,0.606355951,15.3,29.639338399999996,2.875886210000001
726.7,550.1955118,20.30789361,-0.116563855,594.8515738,17.50954549,0.60908254,15.3,29.35606200000002,2.79834812
726.8000000000001,552.2233934,20.29214656,-0.090080288,596.6055056,17.57059007,0.611774159,15.3,29.08211220000005,2.7215564899999976
726.9000000000001,554.2491763,20.28086879,-0.034845337,598.3655555,17.63190731,0.614255958,15.3,28.816379199999982,2.6489614800000005
727.0,556.2739974,20.27751046,0.043390721,600.1317507,17.69349721,0.616153494,15.3,28.557753300000012,2.584013249999998
727.1,558.2989936,20.28494671,0.138877609,601.9041186,17.75533879,0.61775082,15.3,28.30512499999993,2.52960792
727.2,560.3253019,20.30375257,0.245865051,603.6826863,17.81732714,0.618344244,15.3,28.0573844,2.4864254300000006
727.3000000000001,562.3540593,20.33392804,0.358602769,605.4674812,17.87923758,0.617888569,15.3,27.813421899999934,2.4546904599999984
727.4000000000001,564.3864027,20.37547313,0.472298867,607.2585306,17.94124056,0.616208947,15.3,27.57212790000001,2.434232569999999
727.5,566.4234691,20.42838782,0.585994965,609.0558448,18.00291386,0.613270408,15.3,27.33237570000001,2.4254739600000015
727.6,568.4663955,20.49267212,0.699691063,610.8593673,18.06423036,0.609272547,15.3,27.092971800000054,2.428441760000002
727.7,570.5163188,20.56832603,0.813387161,612.6690245,18.12506416,0.603896337,15.3,26.852705699999955,2.4432618700000006
727.8000000000001,572.5743759,20.65534955,0.927083259,614.4847431,18.18528938,0.597845475,15.3,26.610367199999995,2.47006017
727.9000000000001,574.6417039,20.75374268,1.040779357,616.3064497,18.24480111,0.591165154,15.3,26.36474579999999,2.5089415699999975
728.0,576.7194396,20.86350542,1.154475454,618.1340706,18.30357836,0.584065193,15.3,26.114630999999985,2.5599270599999997
728.1,578.8087201,20.98463777,1.266950525,619.9675326,18.36162114,0.576755413,15.3,25.858812500000067,2.6230166299999986
728.2,580.9106824,21.11713973,1.372099429,621.8067621,18.41892945,0.569410664,15.3,25.596079699999972,2.6982102800000014
728.3000000000001,583.0264633,21.2610113,1.456975949,623.6516857,18.47550328,0.562065914,15.3,25.325222399999983,2.785508019999998
728.4000000000001,585.1571998,21.41551987,1.531114081,625.50223,18.53134263,0.554721164,15.3,25.04503020000011,2.8841772399999996
728.5,587.304029,21.57700234,1.570327496,627.3583215,18.58644751,0.547376414,15.3,24.754292499999973,2.9905548300000007
728.6,589.4680877,21.73769099,1.572910084,629.2198867,18.64081791,0.540031664,15.3,24.451799000000005,3.0968730800000017
728.7,591.6505129,21.90330622,1.532756707,631.0868523,18.69445384,0.532686914,15.3,24.136339400000065,3.2088523799999997
728.8000000000001,593.8518555,22.05933623,1.448646338,632.9591447,18.7473553,0.525342165,15.3,23.807289199999968,3.3119809300000007
728.9000000000001,596.070322,22.20475735,1.327420057,634.8366906,18.79952228,0.518126576,15.3,23.466368599999964,3.40523507
729.0,598.3035328,22.33517389,1.15832284,636.7194164,18.85095478,0.512253025,15.3,23.11588360000003,3.4842191100000015
729.1,600.5491083,22.44619014,0.965541016,638.6072488,18.90165281,0.506795256,15.3,22.758140500000035,3.544537329999997
729.2,602.8046688,22.53414303,0.750780695,640.5001142,18.95169386,0.504229454,15.3,22.39544540000004,3.5824491700000003
729.3000000000001,605.0678349,22.59829992,0.521368043,642.3979393,19.00180566,0.504763511,15.3,22.03010439999998,3.59649426
729.4000000000001,607.3362268,22.63866084,0.284629226,644.3006505,19.05143245,0.509172391,15.3,21.664423699999997,3.58722839
729.5,609.607465,22.65522577,0.046669381,646.2081745,19.10205995,0.518101897,15.3,21.300709499999993,3.5531658200000003
729.6,611.8791699,22.64799472,-0.191290464,648.1204998,19.15381289,0.531114117,15.3,20.94132989999998,3.4941818299999987
729.7,614.148962,22.61696768,-0.429250309,650.0378629,19.20715624,0.549781112,15.3,20.588900900000066,3.4098114399999986
729.8000000000001,616.4144615,22.56214465,-0.667210153,651.9605624,19.262555,0.571755856,15.3,20.24610089999994,3.2995896500000015
729.9000000000001,618.6732889,22.48352565,-0.905169998,653.8888967,19.32047413,0.596830458,15.3,19.915607800000043,3.16305152
730.0,620.9230646,22.38111065,-1.143129843,655.8231645,19.38130112,0.624229954,15.3,19.600099899999986,2.9998095300000003
730.1,623.161409,22.25489968,-1.379236068,657.7636643,19.44511346,0.653179379,15.3,19.30225529999991,2.8097862199999994
730.2,625.3859425,22.10489272,-1.604220575,659.7106945,19.51191116,0.682903768,15.3,19.02475199999999,2.5929815599999984
730.3000000000001,627.5942855,21.93108977,-1.806961644,661.6645538,19.58169421,0.712757319,15.3,18.770268300000065,2.3493955600000014
730.4000000000001,629.7840585,21.73460301,-1.976337559,663.6255407,19.65446262,0.742610869,15.3,18.541482199999972,2.0801403900000004
730.5,631.9528817,21.5209933,-2.101226599,665.5939537,19.73021639,0.772464419,15.3,18.341072000000008,1.7907769100000017
730.6,634.0983756,21.29693367,-2.170507047,667.5700913,19.80895551,0.80231797,15.3,18.17171569999989,1.4879781600000008
730.7,636.2181607,21.06909714,-2.174910804,669.5542521,19.89067998,0.83217152,15.3,18.036091399999986,1.1784171599999986
730.8000000000001,638.310747,20.84415676,-2.11258425,671.5467346,19.97538981,0.86202507,15.3,17.935987600000043,0.8687669500000013
730.9000000000001,640.3782036,20.62878554,-1.985381006,673.5478374,20.063085,0.891690715,15.3,17.86963380000004,0.5657005399999981
731.0,642.4234895,20.42965653,-1.802569169,675.5578589,20.15376554,0.920228928,15.3,17.83436940000008,0.2758909900000006
731.1,644.4495633,20.25344275,-1.575270458,677.5770978,20.24743143,0.946512276,15.3,17.827534500000024,0.006011320000002485
731.2,646.4593839,20.10570506,-1.314606591,679.6058525,20.34396994,0.969413328,15.3,17.846468599999934,-0.23826488000000268
731.3000000000001,648.4559101,19.98755564,-1.031699288,681.6444217,20.44281734,0.98780465,15.3,17.88851159999997,-0.4552617000000012
731.4000000000001,650.4421009,19.89899448,-0.737670266,683.6931037,20.54329718,1.000558811,15.3,17.951002800000037,-0.6443027000000008
731.5,652.4209149,19.84002159,-0.441787625,685.7521972,20.64473299,1.006736284,15.3,18.031282299999997,-0.8047114000000022
731.6,654.3953111,19.81063696,-0.145904983,687.8219106,20.74644833,1.006149163,15.3,18.126599500000065,-0.9358113699999997
731.7,656.3682482,19.81084059,0.149977658,689.9020912,20.84776672,0.998985354,15.3,18.233842999999933,-1.0369261299999977
731.8000000000001,658.342685,19.84063249,0.4458603,691.9924967,20.94801171,0.986184383,15.3,18.349811699999986,-1.1073792199999986
731.9000000000001,660.3215805,19.90001265,0.741742941,694.0928842,21.04650684,0.968873684,15.3,18.471303699999975,-1.1464941899999985
732.0,662.3078934,19.98898108,1.037625583,696.2030112,21.14268839,0.948180688,15.3,18.59511779999998,-1.1537073100000015
732.1,664.3045826,20.10753777,1.333508224,698.322635,21.23644362,0.925232827,15.3,18.718052399999987,-1.1289058499999989
732.2,666.3146069,20.25568272,1.627529168,700.4515131,21.32777254,0.901157534,15.3,18.83690620000011,-1.0720898200000022
732.3000000000001,668.340925,20.43341594,1.910379927,702.5894027,21.41667513,0.876894336,15.3,18.94847770000008,-0.9832591900000018
732.4000000000001,670.3864959,20.64073742,2.170890314,704.7360613,21.5031514,0.852631137,15.3,19.04956539999996,-0.8624139799999995
732.5,672.4542784,20.87653015,2.397890146,706.8912461,21.58720136,0.828367939,15.3,19.136967699999968,-0.710671210000001
732.6,674.5472312,21.13520903,2.580209235,709.0547147,21.66882499,0.80410474,15.3,19.20748349999992,-0.5336159600000023
732.7,676.6683133,21.41007196,2.706677397,711.2262243,21.74802231,0.779841542,15.3,19.25791099999999,-0.33795034999999984
732.8000000000001,678.8204834,21.69441681,2.767986145,713.4055323,21.8247933,0.755578344,15.3,19.28504890000006,-0.13037648999999973
732.9000000000001,681.0058067,21.98154148,2.762273779,715.5923961,21.89913797,0.731183754,15.3,19.28658939999998,0.0824035099999989
733.0,683.2227741,22.26474386,2.691401999,717.7865731,21.97105633,0.706000814,15.3,19.263799000000017,0.2936875299999997
733.1,685.4689826,22.53732184,2.564679291,719.9878206,22.04054836,0.679241176,15.3,19.21883799999996,0.49677348000000165
733.2,687.7420294,22.7925733,2.393275841,722.1958959,22.10753524,0.650116491,15.3,19.153866500000003,0.6850380600000001
733.3000000000001,690.0395116,23.02491316,2.188361835,724.4105565,22.17162279,0.617838407,15.3,19.071044900000015,0.8532903699999999
733.4000000000001,692.3590263,23.23322438,1.961107459,726.6315598,22.23233801,0.581618578,15.3,18.972533500000008,1.00088637
733.5,694.6981707,23.41750699,1.722682897,728.858663,22.28920787,0.540800044,15.3,18.860492299999986,1.1282991200000012
733.6,697.054542,23.57776096,1.482396637,731.0915605,22.34175937,0.495251414,15.3,18.737018500000044,1.2360015900000008
733.7,699.4257373,23.71398631,1.242110377,733.3296944,22.38951951,0.445104079,15.3,18.603957099999956,1.3244667999999997
733.8000000000001,701.8093536,23.82618304,1.001824117,735.5724435,22.43201527,0.391014998,15.3,18.463089899999954,1.3941677699999993
733.9000000000001,704.2029882,23.91435114,0.761537858,737.8191868,22.46877364,0.33377252,15.3,18.31619859999996,1.4455775000000024
734.0,706.6042381,23.97849061,0.521251598,740.0693034,22.49940045,0.274164994,15.3,18.16506529999999,1.479090160000002
734.1,709.0107006,24.01860146,0.280965338,742.3221721,22.52381687,0.212980769,15.3,18.011471500000038,1.4947845899999983
734.2,711.4199727,24.03468368,0.041746731,744.577172,22.54202289,0.151008195,15.3,17.8571993,1.4926607900000022
734.3000000000001,713.8296517,24.02673727,-0.191065957,746.8336819,22.55401851,0.088904229,15.3,17.704030199999988,1.472718760000003
734.4000000000001,716.2373345,23.99476224,-0.411066808,749.0910809,22.55980373,0.026800263,15.3,17.553746399999977,1.4349585100000013
734.5,718.6406184,23.93939918,-0.611849903,751.3487479,22.55937856,-0.035303703,15.3,17.40812950000004,1.3800206199999998
734.6,721.0371005,23.86385104,-0.787009325,753.6060618,22.55274299,-0.097407668,15.3,17.26896130000007,1.3111080500000014
734.7,723.424378,23.77196137,-0.936087711,755.8624017,22.53989703,-0.159511634,15.3,17.138023699999916,1.2320643400000009
734.8000000000001,725.8000479,23.66757374,-1.035901124,758.1171464,22.52084066,-0.2216156,15.3,17.017098500000042,1.1467330800000006
734.9000000000001,728.16222,23.55453168,-1.103227584,760.369675,22.49557391,-0.283719566,15.3,16.90745499999998,1.0589577699999992
735.0,730.5110536,23.43310962,-1.133186185,762.6193664,22.46409675,-0.34551312,15.3,16.80831280000002,0.9690128700000002
735.1,732.8472208,23.3178585,-1.131115194,764.8655995,22.4264092,-0.405444206,15.3,16.718378700000084,0.8914493000000014
735.2,735.1713935,23.20191449,-1.103420529,767.1077534,22.38251125,-0.461650354,15.3,16.636359899999956,0.8194032399999998
735.3000000000001,737.4842438,23.09204966,-1.050559551,769.345207,22.33258915,-0.512269096,15.3,16.560963200000014,0.7594605100000003
735.4000000000001,739.7864435,22.98890462,-0.996783851,771.5773392,22.27757414,-0.556775854,15.3,16.490895699999964,0.7113304800000009
735.5,742.0786648,22.89247936,-0.930653674,773.803529,22.21858369,-0.589294488,15.3,16.42486420000007,0.6738956700000003
735.6,744.3615795,22.80277388,-0.863455845,776.0231554,22.15673529,-0.612286612,15.3,16.361575900000002,0.6460385899999999
735.7,746.6358597,22.71978819,-0.796258016,778.2357463,22.09234369,-0.624103923,15.3,16.29988659999999,0.6274444999999993
735.8000000000001,748.9021773,22.64352228,-0.729060186,780.4414257,22.02893456,-0.625056834,15.3,16.23924840000002,0.6145877199999994
735.9000000000001,751.1612042,22.57397615,-0.661862357,782.6404665,21.96521719,-0.616697402,15.3,16.17926229999996,0.6087589599999994
736.0,753.4136126,22.51114981,-0.594664527,784.8331416,21.90311179,-0.599550204,15.3,16.11952900000001,0.6080380199999986
736.1,755.6600743,22.45504325,-0.527466698,787.0197241,21.84354959,-0.579491382,15.3,16.059649799999942,0.6114936600000007
736.2,757.9012614,22.40565647,-0.460268868,789.2004868,21.78671685,-0.554369731,15.3,15.999225400000068,0.618939619999999
736.3000000000001,760.1378457,22.36298948,-0.393376366,791.3757028,21.73261356,-0.527385612,15.3,15.937857100000041,0.6303759199999988
736.4000000000001,762.3704994,22.32704226,-0.328315824,793.5456448,21.68123973,-0.500091082,15.3,15.875145400000019,0.6458025299999974
736.5,764.5998943,22.29781483,-0.266919202,795.710586,21.63259535,-0.472796551,15.3,15.810691700000074,0.6652194800000011
736.6,766.8267024,22.27512399,-0.211018462,797.8707992,21.58668042,-0.445502021,15.3,15.74409679999992,0.6884435700000004
736.7,769.0515958,22.25805375,-0.162049273,800.0265573,21.54349494,-0.41820749,15.3,15.674961500000062,0.7145588099999998
736.8000000000001,771.2752464,22.24550495,-0.122674276,802.1781334,21.50303892,-0.39091296,15.3,15.602886999999964,0.7424660299999992
736.9000000000001,773.4983262,22.2363784,-0.094305806,804.3258004,21.46531235,-0.363618429,15.3,15.527474200000096,0.7710660499999982
737.0,775.7213606,22.2298127,-0.076570907,806.4698312,21.43031524,-0.336173202,15.3,15.448470600000018,0.7994974600000013
737.1,777.9442887,22.22421027,-0.069522445,808.6104987,21.39804757,-0.307823794,15.3,15.366209999999977,0.8261627000000011
737.2,780.1669033,22.21854051,-0.071633784,810.748076,21.36850936,-0.277666024,15.3,15.281172700000024,0.8500311499999995
737.3000000000001,782.388997,22.21211121,-0.081469255,812.8828359,21.34179102,-0.244795712,15.3,15.193838900000014,0.870320190000001
737.4000000000001,784.6103624,22.20379148,-0.096366218,815.0150514,21.31834464,-0.208308676,15.3,15.104688999999961,0.8854468400000002
737.5,786.8307921,22.19339813,-0.11460701,817.1449954,21.29871274,-0.167300737,15.3,15.014203299999917,0.8946853899999994
737.6,789.0500788,22.18093115,-0.135037953,819.2729409,21.28343781,-0.121018409,15.3,14.922862099999929,0.8974933400000005
737.7,791.2680151,22.16639054,-0.155774223,821.3992332,21.27306237,-0.069310997,15.3,14.831218100000068,0.8933281699999966
737.8000000000001,793.4843937,22.1497763,-0.176510493,823.5245069,21.26812892,-0.012329196,15.3,14.74011319999995,0.8816473800000004
737.9000000000001,795.6990072,22.13108844,-0.197246763,825.6494689,21.26917998,0.049173508,15.3,14.650461700000005,0.8619084599999987
738.0,797.9116482,22.11032695,-0.217983033,827.7748262,21.27675805,0.114292936,15.3,14.563178000000061,0.8335688999999995
738.1,800.1221094,22.08749183,-0.238719303,829.9012858,21.29131522,0.182124907,15.3,14.479176399999982,0.7961766099999998
738.2,802.3301834,22.06258309,-0.259455573,832.0295545,21.31294191,0.251765239,15.3,14.399371100000007,0.7496411800000011
738.3000000000001,804.5356629,22.03560072,-0.280383904,834.1603394,21.34163813,0.322309751,15.3,14.324676499999963,0.6939625900000017
738.4000000000001,806.7383404,22.00654472,-0.302464601,836.2943474,21.37740386,0.393004961,15.3,14.256007000000022,0.6291408599999997
738.5,808.9380086,21.97541509,-0.32685003,838.4322854,21.42023912,0.463700171,15.3,14.194276799999965,0.555175969999997
738.6,811.1344602,21.94209661,-0.354692556,840.5748604,21.4701439,0.53439538,15.3,14.140400199999998,0.47195271000000005
738.7,813.3274878,21.90601307,-0.387144546,842.7227794,21.5271182,0.60509059,15.3,14.095291600000063,0.3788948699999999
738.8000000000001,815.516884,21.86647307,-0.425358365,844.8767493,21.59116202,0.675785799,15.3,14.059865300000023,0.27531105000000267
738.9000000000001,817.7024415,21.82278518,-0.470294318,847.037477,21.66227536,0.746481009,15.3,14.035035500000003,0.16050982000000147
739.0,819.8838607,21.77425799,-0.522144466,849.2056696,21.74045822,0.816468782,15.3,14.02180889999995,0.03379976999999812
739.1,822.0604733,21.72020008,-0.580716749,851.3820339,21.8257106,0.882211934,15.3,14.021560599999997,-0.10551051999999927
739.2,824.2315188,21.65992002,-0.64505086,853.567277,21.9180325,0.937274355,15.3,14.035758199999986,-0.25811247999999765
739.3000000000001,826.3962368,21.59272639,-0.713994436,855.7621057,22.01699947,0.983985898,15.3,14.065868900000009,-0.42427307999999897
739.4000000000001,828.5538666,21.51804302,-0.786395108,857.967227,22.12048918,1.011527467,15.3,14.113360399999987,-0.6024461599999995
739.5,830.7036479,21.43575467,-0.861100513,860.1833479,22.22463997,1.017845936,15.3,14.179699999999979,-0.7888852999999969
739.6,832.84482,21.34586133,-0.936958283,862.4111753,22.33084976,0.999404119,15.3,14.26635529999994,-0.9849884299999978
739.7,834.9766226,21.24836301,-1.013008115,864.6510766,22.43262708,0.955494581,15.3,14.374453999999968,-1.1842640700000011
739.8000000000001,837.0982951,21.14325971,-1.089057946,866.902061,22.52874006,0.889016248,15.3,14.50376590000003,-1.3854803500000017
739.9000000000001,839.209077,21.03055142,-1.165107777,869.1627978,22.61664194,0.796931832,15.3,14.653720800000041,-1.5860905200000026
740.0,841.3082079,20.91023815,-1.241157609,871.4319568,22.69378592,0.690060426,15.3,14.823748900000009,-1.7835477699999984
740.1,843.3949272,20.7823199,-1.31720744,873.7082073,22.75804972,0.570455158,15.3,15.013280100000042,-1.975729819999998
740.2,845.4684744,20.64679666,-1.393257272,875.990219,22.80900885,0.442360651,15.3,15.221744600000033,-2.1622121900000018
740.3000000000001,847.528089,20.50366845,-1.469307103,878.2766614,22.84666334,0.310021523,15.3,15.448572399999943,-2.34299489
740.4000000000001,849.5730106,20.35293524,-1.544746762,880.566204,22.87101316,0.176974958,15.3,15.693193399999995,-2.5180779199999996
740.5,851.6024785,20.19459706,-1.616525383,882.8575164,22.88205833,0.043928393,15.3,15.955037900000047,-2.68746127
740.6,853.6157325,20.02865389,-1.680981931,885.149268,22.87979884,-0.089118172,15.3,16.23353549999997,-2.8511449499999983
740.7,855.6120118,19.85547184,-1.734455369,887.4401285,22.86423469,-0.222164737,15.3,16.52811670000001,-3.00876285
740.8000000000001,857.5905561,19.67688143,-1.77328466,889.7287673,22.83536589,-0.355211301,15.3,16.8382112,-3.158484459999997
740.9000000000001,859.5506048,19.49507929,-1.793808767,892.013854,22.79319243,-0.488257866,15.3,17.163249200000063,-3.2981131400000017
741.0,861.4913975,19.31226202,-1.792976825,894.2940581,22.73771432,-0.621304431,15.3,17.50266060000008,-3.4254523
741.1,863.4124665,19.13062626,-1.770178663,896.5680492,22.66893155,-0.753696277,15.3,17.855582699999967,-3.5383052900000003
741.2,865.3145157,18.95236863,-1.726024453,898.8344968,22.58684412,-0.882159812,15.3,18.219981099999995,-3.63447549
741.3000000000001,867.198542,18.77968575,-1.663565059,901.0920703,22.49145203,-1.002766723,15.3,18.59352830000007,-3.7117662800000026
741.4000000000001,869.0655421,18.61477424,-1.586461518,903.3394395,22.38314812,-1.1115887,15.3,18.97389740000001,-3.768373880000002
741.5,870.9165128,18.45946461,-1.498374866,905.5752737,22.26389655,-1.206833596,15.3,19.35876090000006,-3.804431939999997
741.6,872.752451,18.31412299,-1.402966141,907.7982426,22.13605428,-1.278164602,15.3,19.74579160000003,-3.8219312899999984
741.7,874.5743534,18.17874935,-1.303896379,910.0070156,22.00197833,-1.328716623,15.3,20.132662200000095,-3.8232289799999997
741.8000000000001,876.3832169,18.05334371,-1.204216444,912.2005766,21.86274396,-1.355698775,15.3,20.517359699999997,-3.8094002499999995
741.9000000000001,878.1800382,17.93790606,-1.104536509,914.3791664,21.72455327,-1.359765775,15.3,20.899128200000018,-3.7866472100000017
742.0,879.9658141,17.83243641,-1.004856574,916.5433402,21.58591815,-1.344191218,15.3,21.2775261,-3.7534817400000016
742.1,881.7415414,17.73693475,-0.90517664,918.693653,21.45047728,-1.310767248,15.3,21.65211160000008,-3.7135425300000016
742.2,883.508217,17.65140108,-0.805496705,920.83066,21.32019482,-1.269830675,15.3,22.02244300000002,-3.6687937400000017
742.3000000000001,885.2668377,17.57583541,-0.70581677,922.9549163,21.1954636,-1.218901314,15.3,22.38807860000004,-3.6196281900000002
742.4000000000001,887.0184001,17.51023773,-0.606170607,925.0669771,21.07628361,-1.16404364,15.3,22.748577000000022,-3.566045880000001
742.5,888.7639012,17.45460804,-0.506727073,927.1673974,20.96265487,-1.108531248,15.3,23.103496200000063,-3.5080468300000014
742.6,890.5043377,17.40894635,-0.407688797,929.2567325,20.85457736,-1.053018856,15.3,23.452394800000047,-3.4456310099999996
742.7,892.2407065,17.37323238,-0.30925841,931.3355373,20.7520511,-0.997506464,15.3,23.794830800000067,-3.378818719999998
742.8000000000001,893.9740043,17.34736484,-0.211638539,933.4043671,20.65507607,-0.941994072,15.3,24.130362799999897,-3.307711229999999
742.9000000000001,895.7052279,17.33122213,-0.115031815,935.4637769,20.56365228,-0.88648168,15.3,24.458549000000016,-3.232430149999999
743.0,897.4353741,17.32468268,-0.019607096,937.5143219,20.47777973,-0.830969288,15.3,24.778947800000036,-3.153097050000003
743.1,899.1654236,17.32762492,0.074601849,939.5565572,20.39745842,-0.775938352,15.3,25.09113359999999,-3.069833499999998
743.2,900.896292,17.33992726,0.167628789,941.591038,20.32268835,-0.723796157,15.3,25.39474600000001,-2.9827610900000003
743.3000000000001,902.6288789,17.36146813,0.259642582,943.6183193,20.25346952,-0.677431444,15.3,25.689440400000034,-2.892001390000001
743.4000000000001,904.3640839,17.39212595,0.350845859,945.6389563,20.18951306,-0.639732951,15.3,25.97487240000005,-2.797387109999999
743.5,906.1028064,17.4317994,0.441441247,947.653504,20.12937459,-0.61358942,15.3,26.250697600000034,-2.697575190000002
743.6,907.8459461,17.48046823,0.531631377,949.6625178,20.07132087,-0.601889592,15.3,26.516571700000053,-2.5908526400000014
743.7,909.5944024,17.53813243,0.621618878,951.6665525,20.01361865,-0.60704075,15.3,26.77215009999993,-2.4754862200000005
743.8000000000001,911.3490749,17.60479201,0.711572607,953.6659324,19.9545347,-0.629524351,15.3,27.01685749999997,-2.3497426899999994
743.9000000000001,913.1108631,17.68044695,0.801526336,955.6600569,19.89233577,-0.668858938,15.3,27.24919380000001,-2.2118888199999986
744.0,914.8806666,17.76509727,0.891480065,957.6480947,19.82528861,-0.722637227,15.3,27.46742809999996,-2.060191340000003
744.1,916.6593849,17.85874297,0.981433794,959.6292142,19.75165998,-0.787970478,15.3,27.669829300000014,-1.892917009999998
744.2,918.4479175,17.96138403,1.071387523,961.602584,19.67000551,-0.86196995,15.3,27.85466649999996,-1.708621479999998
744.3000000000001,920.247164,18.07302047,1.161341253,963.5673727,19.58003632,-0.941746904,15.3,28.020208699999966,-1.507015850000002
744.4000000000001,922.0580239,18.19365228,1.251294982,965.5227486,19.48175242,-1.024412597,15.3,28.164724700000033,-1.288100140000001
744.5,923.8813968,18.32327947,1.34062431,967.4678805,19.3751538,-1.107559748,15.3,28.28648370000003,-1.0518743300000004
744.6,925.7181821,18.46190202,1.426207229,969.4019368,19.26024047,-1.190706899,15.3,28.383754700000008,-0.7983384499999993
744.7,927.5692795,18.60951996,1.504297331,971.3240859,19.13701242,-1.273854049,15.3,28.454806400000006,-0.5274924600000013
744.8000000000001,929.4355884,18.76575862,1.571148208,973.2334966,19.00546966,-1.3570012,15.3,28.497908199999937,-0.23971103999999954
744.9000000000001,931.3180084,18.92874481,1.623013452,975.1293372,18.86561218,-1.440148351,15.3,28.511328799999955,0.06313263000000191
745.0,933.2174391,19.09623068,1.656146653,977.0107764,18.71743999,-1.523295501,15.3,28.493337300000075,0.37879069000000243
745.1,935.1347799,19.26596839,1.667425804,978.8769826,18.56095308,-1.604638244,15.3,28.442202700000006,0.7050153100000003
745.2,937.0706308,19.4357101,1.656226506,980.7271244,18.39615146,-1.661874086,15.3,28.356493599999975,1.0395586400000028
745.3000000000001,939.0243926,19.60320795,1.623173157,982.5603702,18.22303512,-1.724017931,15.3,28.23597759999991,1.380172830000003
745.4000000000001,940.9951666,19.7662141,1.571387767,984.3758887,18.04268671,-1.740401977,15.3,28.08072210000007,1.7235273899999974
745.5,942.9820542,19.92248071,1.504616743,986.1728484,17.86848773,-1.713480225,15.3,27.890794200000027,2.0539929800000003
745.6,944.9841565,20.07013458,1.426606493,987.9504178,17.68302923,-1.632426227,15.3,27.666261299999928,2.3871053500000023
745.7,947.0005748,20.20880105,1.341103427,989.7077653,17.51671189,-1.48821794,15.3,27.407190500000024,2.692089160000002
745.8000000000001,949.0304104,20.33848014,1.251853952,991.4449258,17.36806332,-1.292331408,15.3,27.114515399999913,2.9704168200000005
745.9000000000001,951.0727645,20.45917184,1.161980076,993.1653982,17.24357938,-1.006729686,15.3,26.792633700000078,3.21559246
746.0,953.1267384,20.57087616,1.0721062,994.8735477,17.14975595,-0.680276167,15.3,26.446809299999995,3.4211202100000015
746.1,955.1914334,20.67359308,0.982232323,996.5737398,17.09308888,-0.310516851,15.3,26.082306399999947,3.5805042
746.2,957.2659508,20.76732262,0.892358447,998.2703394,17.07899142,0.091721813,15.3,25.70438859999997,3.6883312000000004
746.3000000000001,959.3493917,20.85206477,0.802484571,999.9677119,17.10854619,0.515613376,15.3,25.318320200000084,3.74351858
746.4000000000001,961.4408574,20.92781954,0.712610695,1001.670223,17.18175321,0.950331388,15.3,24.929365599999937,3.7460663300000014
746.5,963.5394493,20.99458691,0.62345063,1003.382236,17.29861247,1.386853808,15.3,24.542786700000033,3.6959744400000005
746.6,965.6442685,21.0523669,0.538573432,1005.108119,17.45912397,1.823376229,15.3,24.163850500000034,3.593242929999999
746.7,967.7544163,21.1011595,0.46226197,1006.852235,17.66328772,2.259898649,15.3,23.797818699999947,3.437871780000002
746.8000000000001,969.8689941,21.141393,0.398799111,1008.61895,17.9111037,2.69642107,15.3,23.44995590000003,3.230289299999999
746.9000000000001,971.987103,21.17520883,0.352467722,1010.41263,18.20257193,3.13294349,15.3,23.125526999999988,2.9726368999999977
747.0,974.1078443,21.20517672,0.327550671,1012.237639,18.5376924,3.569465911,15.3,22.829794699999933,2.66748432
747.1,976.2303193,21.23386638,0.327617014,1014.098342,18.91646511,4.005988331,15.3,22.568022699999982,2.3174012699999977
747.2,978.3539718,21.26384753,0.353380563,1015.999105,19.33889007,4.439493772,15.3,22.34513320000003,1.9249574599999981
747.3000000000001,980.4796163,21.2976899,0.404127507,1017.944294,19.80496726,4.854897333,15.3,22.164677700000038,1.4927226400000002
747.4000000000001,982.6084099,21.33796321,0.476288788,1019.938273,20.3146967,5.234097136,15.3,22.02986310000001,1.0232665100000027
747.5,984.7415094,21.38723717,0.56558154,1021.985407,20.86626819,5.558991301,15.3,21.943897599999968,0.5209689799999992
747.6,986.8800721,21.44765322,0.667722895,1024.090062,21.4506308,5.811477949,15.3,21.90998989999998,-0.002977579999999591
747.7,989.0252549,21.51963965,0.778429984,1026.256604,22.05692339,5.973455201,15.3,21.931349099999874,-0.537283740000003
747.8000000000001,991.1782148,21.60319646,0.893419942,1028.489396,22.67428485,6.029838157,15.3,22.011181199999964,-1.07108839
747.9000000000001,993.340109,21.69832364,1.009123711,1030.791357,23.29185403,5.977609838,15.3,22.151248000000077,-1.593530389999998
748.0,995.5120944,21.8050212,1.124827479,1033.15961,23.89876982,5.819787223,15.3,22.347515599999905,-2.0937486199999995
748.1,997.695328,21.92328913,1.240531248,1035.589833,24.48417109,5.571455212,15.3,22.59450499999998,-2.5608819599999997
748.2,999.890967,22.05312745,1.356235017,1038.077701,25.0371967,5.250715684,15.3,22.886733999999887,-2.9840692499999975
748.3000000000001,1002.100168,22.19453614,1.471938786,1040.61889,25.54879573,4.875670518,15.3,23.21872199999991,-3.354259589999998
748.4000000000001,1004.324089,22.34751521,1.587642554,1043.209078,26.01715797,4.464421594,15.3,23.58498900000013,-3.6696427599999986
748.5,1006.563886,22.51206465,1.703346323,1045.84394,26.44228344,4.03507079,15.3,23.98005399999995,-3.9302187900000014
748.6,1008.820717,22.68818447,1.818386349,1048.519153,26.82417213,3.602703007,15.3,24.398436000000014,-4.135987660000001
748.7,1011.095738,22.87587467,1.929443919,1051.230393,27.16282404,3.170335223,15.3,24.834655000000065,-4.2869493699999985
748.8000000000001,1013.390107,23.07513524,2.032536577,1053.973336,27.45823918,2.73796744,15.3,25.283229000000073,-4.383103939999998
748.9000000000001,1015.70498,23.28556795,2.123681867,1056.743659,27.71041753,2.305599656,15.3,25.738679,-4.42484958
749.0,1018.041515,23.50518156,2.198897333,1059.537038,27.91935911,1.873231873,15.3,26.195522999999934,-4.414177549999998
749.1,1020.400868,23.7315866,2.254200519,1062.34915,28.08506391,1.440864089,15.3,26.648282000000062,-4.353477309999999
749.2,1022.784197,23.96239359,2.286272712,1065.17567,28.20753193,1.010901252,15.3,27.091473000000132,-4.245138339999997
749.3000000000001,1025.192341,24.19521307,2.294450169,1068.012274,28.28676317,0.595368095,15.3,27.51993299999999,-4.091550099999999
749.4000000000001,1027.624862,24.42765555,2.279396633,1070.854641,28.32275763,0.208694296,15.3,27.929779000000007,-3.895102080000001
749.5,1030.081007,24.65733157,2.244430816,1073.698444,28.31695828,-0.134690464,15.3,28.31743700000011,-3.6596267100000013
749.6,1032.560021,24.88185166,2.193535176,1076.539362,28.27657996,-0.420356506,15.3,28.679340999999976,-3.3947283000000006
749.7,1035.06115,25.09922457,2.130692168,1079.37307,28.21028048,-0.633874151,15.3,29.0119200000001,-3.111055910000001
749.8000000000001,1037.583639,25.30905208,2.059884247,1082.195244,28.12671765,-0.763218665,15.3,29.311605000000053,-2.817665569999999
749.9000000000001,1040.126733,25.51133417,1.985093871,1085.002716,28.03454926,-0.805985103,15.3,29.575982999999905,-2.523215089999997
750.0,1042.689679,25.70607085,1.909639752,1087.796934,27.94243314,-0.76457841,15.3,29.807254999999895,-2.236362289999999
750.1,1045.27172,25.89326212,1.834185633,1090.580499,27.85902708,-0.65102332,15.3,30.008778999999958,-1.9657649600000013
750.2,1047.872104,26.07290798,1.758731514,1093.356015,27.7929889,-0.479749512,15.3,30.183911000000034,-1.720080920000001
750.3000000000001,1050.490075,26.24500843,1.683277395,1096.126084,27.75153344,-0.265186666,15.3,30.336009000000058,-1.5065250100000007
750.4000000000001,1053.124878,26.40956346,1.607823276,1098.893309,27.73610365,-0.02176446,15.3,30.468430999999963,-1.3265401899999993
750.5,1055.77576,26.56657308,1.532369157,1101.660292,27.74669956,0.236087425,15.3,30.584532000000035,-1.1801264799999984
750.6,1058.441965,26.71603729,1.457471822,1104.429636,27.78332114,0.496344256,15.3,30.68767100000009,-1.0672838500000026
750.7,1061.12274,26.85795609,1.38591519,1107.203943,27.84596841,0.756601087,15.3,30.78120299999996,-0.9880123200000028
750.8000000000001,1063.817329,26.99232948,1.321039964,1109.985816,27.93464136,1.016857919,15.3,30.86848700000014,-0.9423118800000019
750.9000000000001,1066.524979,27.11949152,1.266186848,1112.777858,28.04933999,1.27711475,15.3,30.952878999999893,-0.9298484699999996
751.0,1069.244934,27.24111257,1.224696544,1115.582672,28.19006431,1.537371582,15.3,31.037737999999944,-0.9489517400000018
751.1,1071.976439,27.35919706,1.199909756,1118.402858,28.35681431,1.797628413,15.3,31.126418999999895,-0.9976172500000011
751.2,1074.718742,27.4757494,1.194610402,1121.241022,28.54958999,2.057121308,15.3,31.22227999999991,-1.0738405899999997
751.3000000000001,1077.471353,27.59277402,1.209355267,1124.099764,28.76839136,2.312030584,15.3,31.32841100000014,-1.1756173399999987
751.4000000000001,1080.234855,27.71227533,1.243587568,1126.981687,29.0132184,2.557772622,15.3,31.44683200000004,-1.3009430699999989
751.5,1083.010098,27.83625776,1.294523383,1129.889394,29.28361278,2.789763804,15.3,31.579296000000067,-1.4473550199999998
751.6,1085.797929,27.96672573,1.358822011,1132.825488,29.57728266,3.00342051,15.3,31.727558999999882,-1.6105569300000013
751.7,1088.599198,28.1053496,1.433142749,1135.792572,29.89147788,3.194159122,15.3,31.893374000000176,-1.7861282799999998
751.8000000000001,1091.414754,28.25246343,1.514144893,1138.793246,30.22344827,3.358159957,15.3,32.078492000000054,-1.9709848399999998
751.9000000000001,1094.245446,28.40806722,1.59848774,1141.829749,30.57044366,3.494659079,15.3,32.284303000000094,-2.162376439999999
752.0,1097.092122,28.57216098,1.68338737,1144.902848,30.92971388,3.604420424,15.3,32.510725999999934,-2.3575529000000017
752.1,1099.955633,28.7447447,1.768287001,1148.012946,31.29850875,3.691263675,15.3,32.757313000000025,-2.5537640500000016
752.2,1102.836826,28.92581838,1.853186632,1151.160446,31.67407811,3.75977245,15.3,33.02362000000012,-2.748259730000001
752.3000000000001,1105.736552,29.11538202,1.938086263,1154.345749,32.05413013,3.814530369,15.3,33.309197,-2.938748109999999
752.4000000000001,1108.655658,29.31343563,2.022985893,1157.56926,32.43820648,3.86012105,15.3,33.613602000000085,-3.1247708499999973
752.5,1111.594994,29.5199792,2.107885524,1160.831379,32.82630713,3.901128112,15.3,33.93638499999993,-3.306327929999995
752.6,1114.555409,29.73501274,2.192785155,1164.132509,33.2184321,3.941371237,15.3,34.277099999999976,-3.4834193600000027
752.7,1117.537751,29.95853623,2.277083713,1167.473053,33.61458138,3.981614363,15.3,34.63530199999987,-3.656045149999997
752.8000000000001,1120.542871,30.19054969,2.357775835,1170.853413,34.01475497,4.021857488,15.3,35.010541999999944,-3.8242052799999975
752.9000000000001,1123.571616,30.43105312,2.431255085,1174.273992,34.41895288,4.062100614,15.3,35.40237599999996,-3.9878997599999977
753.0,1126.624836,30.67968586,2.493915027,1177.735191,34.82717509,4.102343739,15.3,35.81035500000003,-4.147489229999998
753.1,1129.70338,30.9346447,2.542149225,1181.237415,35.23942163,4.142586865,15.3,36.234035000000134,-4.304776930000003
753.2,1132.808097,31.19376579,2.572351243,1184.781064,35.65569247,4.170254014,15.3,36.67296699999993,-4.461926679999998
753.3000000000001,1135.939836,31.45488525,2.581515717,1188.366541,36.07598762,4.203361927,15.3,37.126705000000086,-4.621102369999999
753.4000000000001,1139.099157,31.71583923,2.569041575,1191.994249,36.50030709,4.210069114,15.3,37.59509199999998,-4.7844678599999995
753.5,1142.285467,31.97446386,2.53552989,1195.66459,36.9207664,4.177343955,15.3,38.079123000000166,-4.946302539999998
753.6,1145.497883,32.22859529,2.483986025,1199.377967,37.35095818,4.097288016,15.3,38.5800839999999,-5.122362889999998
753.7,1148.735524,32.47606965,2.418016416,1203.134782,37.76546309,3.958068602,15.3,39.09925800000015,-5.289393439999998
753.8000000000001,1151.997508,32.71508372,2.341227498,1206.935437,38.16209884,3.760993812,15.3,39.63792900000017,-5.447015119999996
753.9000000000001,1155.282952,32.94527686,2.257225709,1210.779389,38.53436043,3.471576541,15.3,40.19643700000002,-5.58908357
754.0,1158.590974,33.16664908,2.169617483,1214.662306,38.87514825,3.122321809,15.3,40.77133199999999,-5.708499170000003
754.1,1161.920692,33.37920036,2.081408185,1218.578911,39.17736268,2.714894644,15.3,41.35821900000015,-5.798162320000003
754.2,1165.271224,33.58293071,1.993198887,1222.523928,39.43390411,2.2601367,15.3,41.952704,-5.850973400000001
754.3000000000001,1168.641688,33.77784014,1.904989589,1226.492078,39.63885618,1.769880672,15.3,42.550390000000064,-5.8610160399999955
754.4000000000001,1172.031203,33.96392863,1.816780291,1230.478086,39.79103563,1.255959254,15.3,43.146883000000074,-5.827107000000005
754.5,1175.438885,34.1411962,1.728570993,1234.476672,39.89044245,0.73020514,15.3,43.73778699999998,-5.749246249999999
754.6,1178.863852,34.30964283,1.640361695,1238.48256,39.93707666,0.202478911,15.3,44.31870799999997,-5.627433830000001
754.7,1182.305224,34.46926854,1.55221288,1242.490474,39.93093824,-0.325247318,15.3,44.88525,-5.461669700000002
754.8000000000001,1185.762117,34.62007331,1.464426963,1246.495134,39.87202719,-0.852973547,15.3,45.43301700000002,-5.251953879999995
754.9000000000001,1189.233649,34.76205715,1.377366844,1250.491265,39.76034353,-1.380699776,15.3,45.9576160000001,-4.998286380000003
755.0,1192.718938,34.89525636,1.291395421,1254.473589,39.59588724,-1.908426005,15.3,46.45465099999997,-4.700630880000006
755.1,1196.217103,35.01985237,1.206875592,1258.436829,39.37865832,-2.436152234,15.3,46.91972600000004,-4.358805949999997
755.2,1199.727261,35.13606294,1.124170256,1262.375707,39.10865679,-2.963878463,15.3,47.348445999999925,-3.9725938499999955
755.3000000000001,1203.24853,35.24410579,1.043581829,1266.284947,38.78588263,-3.488997967,15.3,47.73641700000003,-3.5417768400000043
755.4000000000001,1206.780057,35.34419867,0.965170793,1270.15927,38.41033585,-3.998477122,15.3,48.079213000000166,-3.0661371800000055
755.5,1210.321106,35.43655931,0.888876666,1273.9934,37.98201645,-4.476675579,15.3,48.37229399999997,-2.5454571400000034
755.6,1213.870967,35.52140546,0.814397032,1277.78206,37.50248846,-4.907952989,15.3,48.61109299999994,-1.9810830000000053
755.7,1217.428933,35.59895485,0.741368993,1281.519971,36.97957205,-5.285837724,15.3,48.79103800000003,-1.3806172000000032
755.8000000000001,1220.994297,35.66938894,0.669429649,1285.201858,36.42265144,-5.567183272,15.3,48.907560999999944,-0.7532625000000053
755.9000000000001,1224.566351,35.73274401,0.598216103,1288.822442,35.84111084,-5.766462172,15.3,48.95609099999997,-0.10836683000000136
756.0,1228.144386,35.78902006,0.527365455,1292.377698,35.23883322,-5.871898977,15.3,48.93331200000007,0.5501868400000021
756.1,1231.727694,35.8382171,0.45657529,1295.868604,34.64170648,-5.886100413,15.3,48.84091000000008,1.196510619999998
756.2,1235.315569,35.88033512,0.385785125,1299.297391,34.04261115,-5.822100104,15.3,48.68182199999997,1.837723969999999
756.3000000000001,1238.907301,35.91537412,0.31499496,1302.666289,33.45643266,-5.686369679,15.3,48.45898800000005,2.4589414600000055
756.4000000000001,1242.502183,35.94333411,0.244204796,1305.977527,32.89099119,-5.522055647,15.3,48.17534399999995,3.052342920000001
756.5,1246.099507,35.96421508,0.173414631,1309.233337,32.34785078,-5.317292197,15.3,47.83382999999999,3.6163643000000008
756.6,1249.698565,35.97801704,0.102624466,1312.435947,31.82701141,-5.096888398,15.3,47.43738200000003,4.151005629999997
756.7,1253.29865,35.98473998,0.031834301,1315.587588,31.3284731,-4.873877873,15.3,46.98893800000015,4.65626688
756.8000000000001,1256.899053,35.9843839,-0.039525158,1318.690491,30.85223584,-4.650867349,15.3,46.491437999999974,5.132148059999999
756.9000000000001,1260.499066,35.9769488,-0.114300386,1321.746885,30.39829963,-4.427856825,15.3,45.94781899999994,5.578649170000002
757.0,1264.097982,35.96243469,-0.195907149,1324.759,29.96666447,-4.204846301,15.3,45.361018000000016,5.995770220000001
757.1,1267.695093,35.94049999,-0.287761217,1327.729067,29.55733037,-3.981835777,15.3,44.73397399999995,6.38316962
757.2,1271.28969,35.90943681,-0.393278358,1330.659316,29.17029731,-3.758825253,15.3,44.06962599999993,6.739139500000004
757.3000000000001,1274.881066,35.86719569,-0.515874339,1333.551976,28.80556532,-3.53674477,15.3,43.37091000000005,7.061630370000003
757.4000000000001,1278.468513,35.81172717,-0.658395634,1336.409278,28.46313437,-3.320244536,15.3,42.64076500000006,7.348592799999999
757.5,1282.05105,35.74098179,-0.821411537,1339.233453,28.14300447,-3.114904799,15.3,41.882403000000025,7.597977319999998
757.6,1285.626602,35.65291009,-1.004352755,1342.026729,27.84461761,-2.926305806,15.3,41.10012699999989,7.808292479999999
757.7,1289.192823,35.54546261,-1.204372813,1344.791337,27.56518364,-2.760027808,15.3,40.298514000000026,7.9802789700000005
757.8000000000001,1292.747364,35.41658988,-1.418055943,1347.529508,27.30135444,-2.614321505,15.3,39.48214400000002,8.115235439999996
757.9000000000001,1296.287878,35.26458403,-1.641986378,1350.243471,27.04978183,-2.515825744,15.3,38.65559299999991,8.214802200000001
758.0,1299.812018,35.08910348,-1.872748349,1352.93501,26.80711768,-2.443481927,15.3,37.82299199999984,8.281985799999998
758.1,1303.317436,34.89014822,-2.106926088,1355.604123,26.57441157,-2.403689558,15.3,36.98668700000003,8.315736650000002
758.2,1306.801785,34.66771826,-2.341673121,1358.250362,26.33512216,-2.391798432,15.3,36.14857699999989,8.3325961
758.3000000000001,1310.262717,34.4218136,-2.576420155,1360.873278,26.09909449,-2.4022283,15.3,35.310560999999964,8.322719110000001
758.4000000000001,1313.697885,34.15243423,-2.811167189,1363.472423,25.8591407,-2.436728459,15.3,34.474537999999896,8.293293529999996
758.5,1317.104941,33.85958016,-3.045914222,1366.047348,25.61470277,-2.467730022,15.3,33.642407000000006,8.24487739
758.6,1320.481539,33.54325139,-3.280661256,1368.597606,25.3657807,-2.51164138,15.3,32.81606699999993,8.177470690000003
758.7,1323.825329,33.20344791,-3.51540829,1371.122747,25.1123745,-2.55648278,15.3,31.99741799999988,8.09107341
758.8000000000001,1327.133966,32.84016973,-3.749047944,1373.622323,24.85448415,-2.601324179,15.3,31.18835699999995,7.985685579999998
758.9000000000001,1330.4051,32.45341684,-3.976043325,1376.095885,24.59210966,-2.646165579,15.3,30.390785000000005,7.861307180000004
759.0,1333.636386,32.04318926,-4.189750158,1378.542987,24.32525103,-2.691006978,15.3,29.606601000000136,7.717938229999998
759.1,1336.825476,31.61015139,-4.383524169,1380.963178,24.05390826,-2.735848377,15.3,28.83770199999999,7.556243129999999
759.2,1339.970021,31.15762539,-4.555896066,1383.35601,23.77808136,-2.780689777,15.3,28.08598899999988,7.379544029999998
759.3000000000001,1343.067675,30.68959781,-4.684696629,1385.721036,23.49777031,-2.824988108,15.3,27.353360999999904,7.191827499999999
759.4000000000001,1346.11609,30.21005523,-4.77991391,1388.057806,23.21297512,-2.866028029,15.3,26.64171600000004,6.997080109999999
759.5,1349.11345,29.7198792,-4.835265547,1390.365873,22.92369579,-2.898619224,15.3,25.952422999999907,6.796183410000001
759.6,1352.060066,29.23237128,-4.85185892,1392.644788,22.63025817,-2.925298998,15.3,25.284722000000055,6.602113109999998
759.7,1354.956779,28.74220305,-4.835230922,1394.894102,22.33429145,-2.937013226,15.3,24.637322999999878,6.407911600000002
759.8000000000001,1357.80443,28.25646606,-4.786850847,1397.113367,22.03890982,-2.932435402,15.3,24.008937000000014,6.21755624
759.9000000000001,1360.603863,27.77848246,-4.728887914,1399.302134,21.74259091,-2.908850185,15.3,23.398270999999976,6.035891549999999
760.0,1363.355918,27.30891667,-4.652461451,1401.460217,21.45076719,-2.865714506,15.3,22.804299000000082,5.858149479999998
760.1,1366.061437,26.8477687,-4.569390714,1403.588469,21.16423455,-2.805503339,15.3,22.227031999999962,5.68353415
760.2,1368.721263,26.39503853,-4.485212599,1405.688007,20.88494806,-2.72513631,15.3,21.66674400000006,5.5100904700000015
760.3000000000001,1371.336236,25.95072618,-4.401034483,1407.759946,20.61486274,-2.633667545,15.3,21.1237099999998,5.335863440000001
760.4000000000001,1373.907199,25.51483163,-4.316856367,1409.805401,20.35560782,-2.532423549,15.3,20.598202000000082,5.15922381
760.5,1376.434994,25.0873549,-4.232678251,1411.825489,20.10750912,-2.424662733,15.3,20.0904950000001,4.9798457800000016
760.6,1378.920461,24.66829598,-4.148500135,1413.821325,19.87056666,-2.313643506,15.3,19.600863999999955,4.797729319999998
760.7,1381.364444,24.25765488,-4.064322019,1415.794025,19.64478042,-2.202081211,15.3,19.12958099999987,4.6128744600000005
760.8000000000001,1383.767783,23.85543158,-3.980143904,1417.744703,19.43015042,-2.090518915,15.3,18.676920000000063,4.425281160000001
760.9000000000001,1386.131321,23.4616261,-3.895265779,1419.674476,19.22667664,-1.97895662,15.3,18.24315499999984,4.234949459999999
761.0,1388.4559,23.07623842,-3.806187598,1421.58446,19.03435909,-1.867394325,15.3,17.828560000000106,4.04187933
761.1,1390.74236,22.69926856,-3.708709308,1423.47577,18.85319778,-1.75583203,15.3,17.43341000000005,3.8460707800000016
761.2,1392.991544,22.33113652,-3.598630852,1425.349522,18.68319269,-1.644269734,15.3,17.057978000000002,3.6479438300000027
761.3000000000001,1395.204294,21.97394232,-3.471752175,1427.206831,18.52434383,-1.532707439,15.3,16.702537000000074,3.4495984899999996
761.4000000000001,1397.381452,21.630206,-3.323873223,1429.048812,18.3766512,-1.421153014,15.3,16.367359999999916,3.2535548
761.5,1399.523859,21.30244758,-3.151493948,1430.876583,18.2401148,-1.309645809,15.3,16.05272400000008,3.0623327799999984
761.6,1401.632693,20.99318712,-2.953914343,1432.691257,18.11473463,-1.198233044,15.3,15.758563999999932,2.878452490000001
761.7,1403.710475,20.70494463,-2.731834416,1434.493952,18.00050597,-1.086961941,15.3,15.483476999999947,2.704438660000001
761.8000000000001,1405.760064,20.44024015,-2.488754212,1436.285781,17.8974052,-0.975879719,15.3,15.225716999999985,2.5428349499999996
761.9000000000001,1407.784318,20.20159371,-2.228873789,1438.067862,17.805404,-0.865033597,15.3,14.98354400000012,2.3961897100000016
762.0,1409.786094,19.99110535,-1.9563932,1439.841309,17.72447403,-0.754462928,15.3,14.755214999999861,2.266631320000002
762.1,1411.76825,19.80919506,-1.6755125,1441.607235,17.65458697,-0.64417558,15.3,14.538984999999865,2.15460809
762.2,1413.733644,19.65586284,-1.390431745,1443.366737,17.59571447,-0.534163684,15.3,14.333093000000144,2.0601483700000003
762.3000000000001,1415.685134,19.53110871,-1.104650981,1445.120906,17.54782821,-0.424387889,15.3,14.135772000000042,1.9832805000000029
762.4000000000001,1417.625577,19.43493265,-0.818870217,1446.870836,17.51089985,-0.314800976,15.3,13.945259000000032,1.924032799999999
762.5,1419.557831,19.36733466,-0.533089453,1448.617621,17.48490579,-0.205355723,15.3,13.75979000000002,1.8824288700000018
762.6,1421.484755,19.32831476,-0.247308689,1450.362353,17.4698413,-0.096004911,15.3,13.577598000000034,1.8584734600000026
762.7,1423.409205,19.31787293,0.038472074,1452.106125,17.46570638,0.013298681,15.3,13.39692000000009,1.8521665499999997
762.8000000000001,1425.33404,19.33600917,0.324252838,1453.850029,17.47250104,0.122594403,15.3,13.21598899999999,1.8635081299999996
762.9000000000001,1427.262118,19.38272349,0.607588352,1455.59516,17.49022526,0.231890125,15.3,13.033041999999977,1.892498230000001
763.0,1429.196296,19.45801589,0.876252361,1457.34261,17.51887906,0.341185847,15.3,12.846313999999847,1.939136829999999
763.1,1431.139432,19.56188637,1.115573362,1459.093471,17.55846243,0.450481569,15.3,12.654038999999965,2.003423940000001
763.2,1433.094384,19.69286777,1.310879851,1460.848837,17.60897538,0.559777291,15.3,12.454453000000012,2.083892389999999
763.3000000000001,1435.06401,19.84362434,1.447500323,1462.609801,17.67041789,0.669073013,15.3,12.245791000000008,2.173206450000002
763.4000000000001,1437.051167,20.00535319,1.510763275,1464.377456,17.74278998,0.779146351,15.3,12.02628899999986,2.2625632099999997
763.5,1439.058714,20.1692514,1.488442453,1466.152895,17.82609164,0.893885384,15.3,11.794180999999934,2.343159759999999
763.6,1441.088334,20.32651609,1.378092606,1467.93721,17.92032287,1.017955807,15.3,11.548876000000018,2.4061932199999987
763.7,1443.137017,20.46834433,1.182158986,1469.731494,18.02595024,1.156023316,15.3,11.294477000000096,2.4423940900000005
763.8000000000001,1445.200578,20.58593324,0.912867845,1471.536842,18.14530661,1.312753606,15.3,11.036264000000028,2.4406266300000006
763.9000000000001,1447.274833,20.67047991,0.584890688,1473.354344,18.28119138,1.492812372,15.3,10.779511000000138,2.3892885300000017
764.0,1449.355597,20.71464858,0.212899018,1475.185096,18.43640397,1.700087693,15.3,10.52949899999994,2.278244609999998
764.1,1451.438685,20.71697211,-0.18843566,1477.030562,18.6137438,1.935357185,15.3,10.29187699999984,2.1032283099999987
764.2,1453.519914,20.6774505,-0.604441842,1478.893701,18.81601029,2.197843232,15.3,10.073786999999992,1.8614402099999978
764.3000000000001,1455.595098,20.59608374,-1.022893274,1480.777848,19.04600286,2.483657756,15.3,9.882749999999941,1.5500808799999994
764.4000000000001,1457.660053,20.47287184,-1.441344707,1482.686333,19.30652092,2.78813506,15.3,9.726280000000042,1.1663509199999993
764.5,1459.710595,20.3078148,-1.859796139,1484.622489,19.59989732,3.10660945,15.3,9.611894000000074,0.707917479999999
764.6,1461.742539,20.10091262,-2.278247572,1486.58965,19.92659862,3.43441523,15.3,9.547110999999813,0.17431399999999897
764.7,1463.7517,19.85216529,-2.696699004,1488.591147,20.28662484,3.766886705,15.3,9.539447000000063,-0.43445955000000325
764.8000000000001,1465.733894,19.56157282,-3.115150437,1490.630312,20.67997596,4.100135797,15.3,9.596418000000039,-1.1184031400000016
764.9000000000001,1467.684937,19.2291352,-3.533601869,1492.710479,21.106652,4.433384888,15.3,9.725542000000086,-1.8775167999999987
765.0,1469.600644,18.85485244,-3.947058784,1494.83498,21.56665294,4.766633979,15.3,9.934335999999984,-2.7118005000000025
765.1,1471.47683,18.43872454,-4.330548593,1497.007148,22.05997879,5.09988307,15.3,10.230317999999851,-3.62125425
765.2,1473.309312,17.9807515,-4.637849721,1499.230314,22.58662956,5.433132162,15.3,10.621001999999816,-4.605878059999998
765.3000000000001,1475.093903,17.48393002,-4.88775847,1501.507811,23.14660523,5.766381253,15.3,11.113907999999991,-5.66267521
765.4000000000001,1476.826421,16.96324366,-5.001544325,1503.842972,23.73990581,6.096624065,15.3,11.716550999999935,-6.77666215
765.5,1478.50268,16.44642537,-4.965494652,1506.23913,24.36653129,6.408829203,15.3,12.436449999999876,-7.920105920000001
765.6,1480.118496,15.92219736,-4.754636861,1508.699616,25.02648169,6.684958993,15.3,13.281120000000055,-9.10428433
765.7,1481.672081,15.43779794,-4.363976434,1511.227764,25.71795323,6.90697576,15.3,14.255683000000044,-10.28015529
765.8000000000001,1483.171239,15.0014547,-3.814762359,1513.826905,26.43192708,7.056841831,15.3,15.355665999999882,-11.430472380000001
765.9000000000001,1484.626169,14.6311479,-3.083203816,1516.500373,27.15758062,7.116519531,15.3,16.57420400000019,-12.52643272
766.0,1486.047069,14.3448578,-2.248031318,1519.251499,27.88409126,7.070977465,15.3,17.90443,-13.539233460000002
766.1,1487.444142,14.15756795,-1.322957503,1522.082174,28.60063639,6.917209354,15.3,19.33803199999984,-14.443068439999998
766.2,1488.827585,14.07227507,-0.337949476,1524.988514,29.29639341,6.658221478,15.3,20.860928999999896,-15.22411834
766.3000000000001,1490.207598,14.08897915,0.677025656,1527.965194,29.96053971,6.309045231,15.3,22.457596000000148,-15.871560559999999
766.4000000000001,1491.594382,14.2076802,1.696995307,1531.006889,30.58225269,5.887718287,15.3,24.112507000000004,-16.37457249
766.5,1492.998136,14.42837822,2.716964957,1534.108273,31.15251351,5.41227832,15.3,25.810137000000122,-16.72413529
766.6,1494.429059,14.75107319,3.736934608,1537.26402,31.6695184,4.900763006,15.3,27.53496100000002,-16.91844521
766.7,1495.897352,15.17576514,4.756904258,1540.468804,32.13326737,4.371210017,15.3,29.271452000000135,-16.95750223
766.8000000000001,1497.413214,15.70245405,5.776873909,1543.717301,32.5437604,3.838650749,15.3,31.00408699999998,-16.841306349999996
766.9000000000001,1498.986844,16.33113992,6.796843559,1547.004184,32.90099752,3.306091481,15.3,32.71733999999988,-16.5698576
767.0,1500.628443,17.06182276,7.810504464,1550.324129,33.2049787,2.773532213,15.3,34.395686000000026,-16.14315594
767.1,1502.34821,17.89450256,8.786312894,1553.671808,33.45570396,2.240972946,15.3,36.02359799999995,-15.561201400000002
767.2,1504.156345,18.82917933,9.686416374,1557.041897,33.65317329,1.708413678,15.3,37.585551999999964,-14.82399396
767.3000000000001,1506.063048,19.86206782,10.47296243,1560.429071,33.79738669,1.17585441,15.3,39.066023000000044,-13.935318870000003
767.4000000000001,1508.078517,20.97424178,11.10809859,1563.828003,33.88834417,0.643295142,15.3,40.449486000000164,-12.914102390000004
767.5,1510.212954,22.14298974,11.55397237,1567.233367,33.92604572,0.110735874,15.3,41.720412999999965,-11.783055979999997
767.6,1512.476557,23.34560021,11.77904005,1570.63984,33.91049135,-0.421823393,15.3,42.863283000000095,-10.56489114
767.7,1514.876498,24.55936171,11.77699288,1574.042094,33.84168104,-0.954382661,15.3,43.865595999999826,-9.282319329999996
767.8000000000001,1517.407837,25.76156275,11.55413961,1577.434804,33.71961481,-1.486941929,15.3,44.726967000000016,-7.9580520600000035
767.9000000000001,1520.062602,26.92949184,11.14202396,1580.812645,33.54429266,-2.019501197,15.3,45.45004300000001,-6.614800820000003
768.0,1522.832825,28.04043751,10.57849842,1584.17029,33.31571457,-2.552060465,15.3,46.03746500000007,-5.275277059999997
768.1,1525.710537,29.07547351,9.90141545,1587.502416,33.03388056,-3.084619732,15.3,46.49187900000011,-3.9584070500000017
768.2,1528.687767,30.03081459,9.148627531,1590.803694,32.69879063,-3.617179,15.3,46.81592700000006,-2.667976039999999
768.3000000000001,1531.756547,30.90646076,8.357987138,1594.068802,32.31044476,-4.149738268,15.3,47.01225500000005,-1.4039840000000012
768.4000000000001,1534.908907,31.70241202,7.561037998,1597.292411,31.86884297,-4.682297536,15.3,47.083503999999905,-0.16643094999999875
768.5,1538.136877,32.41866836,6.764088859,1600.469198,31.37398526,-5.214856804,15.3,47.032321000000096,1.0446830999999968
768.6,1541.432488,33.05522979,5.96713972,1603.593836,30.82587161,-5.747416072,15.3,46.86134800000009,2.2293581799999984
768.7,1544.787771,33.61209631,5.170190581,1606.661,30.22450204,-6.279975339,15.3,46.57322900000004,3.3875942699999975
768.8000000000001,1548.194755,34.08926791,4.373241441,1609.665365,29.56987655,-6.812534607,15.3,46.17061000000008,4.519391359999997
768.9000000000001,1551.645472,34.4867446,3.576292302,1612.601604,28.86199512,-7.345093875,15.3,45.65613200000003,5.624749480000002
769.0,1555.131951,34.80452637,2.779343163,1615.464392,28.10085777,-7.877653143,15.3,45.03244100000002,6.703668599999997
769.1,1558.646224,35.04261323,1.985511046,1618.248403,27.28646449,-8.410212411,15.3,44.30217899999998,7.75614874
769.2,1562.180321,35.20100517,1.21038106,1620.948313,26.41881529,-8.839218488,15.3,43.46799200000005,8.78218988
769.3000000000001,1565.726273,35.27970221,0.472655339,1623.558794,25.49791016,-9.308906175,15.3,42.532521000000045,9.781792050000004
769.4000000000001,1569.276109,35.28057454,-0.208963988,1626.074523,24.5237491,-9.697230641,15.3,41.498414000000096,10.756825440000004
769.5,1572.821861,35.21297323,-0.815774786,1628.490172,23.55846403,-9.484558936,15.3,40.36831100000013,11.654509200000003
769.6,1576.355559,35.08811957,-1.346119246,1630.800417,22.52217106,-8.902054406,15.3,39.14485799999984,12.565948510000002
769.7,1579.869233,34.91723484,-1.749753173,1632.999932,21.41487018,-8.286887253,15.3,37.83069900000005,13.502364659999998
769.8000000000001,1583.356411,34.7115403,-2.025270876,1635.083391,20.72807993,-7.66307878,15.3,36.426979999999915,13.983460370000003
769.9000000000001,1586.816603,34.47203066,-2.208166686,1637.045469,20.15667751,-7.123108591,15.3,34.92886599999993,14.31535315
770.0,1590.250817,34.23072263,-2.297551838,1638.88084,19.56752313,-6.135633551,15.3,33.33002299999994,14.663199500000001
770.1,1593.660061,33.99781071,-2.312128462,1640.584179,18.96061676,-6.069063643,15.3,31.624117999999907,15.037193950000002
