t,x_follower,v_follower,a_follower,x_leader,v_leader,a_leader,leader_length,spacing,dv
126.9,179.2790553,14.85167859,4.460569056,206.8010389,16.08318528,-2.115252647,12.3,15.221983599999998,-1.231506689999998
127.0,180.8012277,15.2804367,3.971944774,208.4008316,15.86641718,-2.182041562,12.3,15.299603900000005,-0.5859804799999999
127.10000000000001,182.3634457,15.65258861,3.434412515,209.9784954,15.642922,-2.237265556,12.3,15.315049700000014,0.00966661000000002
127.2,183.9600486,15.96813433,2.872426268,211.5331843,15.41443447,-2.2780334,12.3,15.273135699999994,0.55369986
127.30000000000001,185.5853757,16.22707386,2.306364357,213.064052,15.18268935,-2.301935735,12.3,15.178676300000017,1.0443845100000004
127.4,187.2337664,16.4294072,1.740302445,214.5704836,14.94942136,-2.308490689,12.3,15.03671719999998,1.4799858399999994
127.5,188.8995602,16.57513435,1.174240534,216.0527895,14.71636524,-2.298180134,12.3,14.853229299999992,1.858769109999999
127.60000000000001,190.5770964,16.66425531,0.608178622,217.5115112,14.48525574,-2.273413429,12.3,14.634414800000012,2.178999570000002
127.7,192.2607144,16.69677008,0.042116711,218.9471904,14.25782758,-2.237081803,12.3,14.386475999999998,2.4389424999999996
127.80000000000001,193.9447535,16.67267865,-0.523945201,220.3603687,14.03552639,-2.192076487,12.3,14.115615200000018,2.6371522600000024
127.9,195.6235532,16.59198104,-1.087459441,221.7515876,13.81864129,-2.14128871,12.3,13.82803439999999,2.77333975
128.0,197.2914528,16.45467723,-1.635687656,223.1213889,13.60717228,-2.087609704,12.3,13.529936099999997,2.847504950000001
128.1,198.9427917,16.26076723,-2.153343821,224.470314,13.40111935,-2.033448826,12.3,13.227522300000015,2.859647879999999
128.20000000000002,200.5719094,16.01177965,-2.625141909,225.7989047,13.20048251,-1.979287948,12.3,12.926995299999998,2.8112971400000006
128.3,202.173145,15.71535748,-3.03687016,227.1077025,13.00526176,-1.925127069,12.3,12.634557499999982,2.71009572
128.4,203.7408382,15.38067236,-3.377919846,228.397249,12.8154571,-1.870966191,12.3,12.356410799999974,2.5652152600000004
128.5,205.2693282,15.01689589,-3.615075131,229.6680859,12.63106852,-1.816805313,12.3,12.098757700000004,2.3858273700000012
128.6,206.7541772,14.63255513,-3.768414356,230.9207547,12.45209603,-1.762644435,12.3,11.866577500000016,2.1804591
128.70000000000002,208.1958392,14.23401532,-3.832585099,232.155797,12.27853963,-1.708662189,12.3,11.659957800000011,1.95547569
128.8,209.5959907,13.84273457,-3.820325715,233.3737546,12.11039932,-1.655751741,12.3,11.477763900000024,1.7323352499999984
128.9,210.9563085,13.45430887,-3.745847964,234.5751688,11.9476751,-1.604984887,12.3,11.318860299999994,1.5066337700000005
129.0,212.2784691,13.0811213,-3.619760574,235.7605815,11.79025978,-1.557433424,12.3,11.182112400000005,1.29086152
129.1,213.5641493,12.72470046,-3.477827053,236.9305342,11.63761748,-1.51416915,12.3,11.066384900000013,1.08708298
129.20000000000002,214.8150258,12.38504636,-3.312707414,238.0855685,11.4891051,-1.476263862,12.3,10.970542699999992,0.8959412600000007
129.3,216.0327753,12.06215898,-3.145040105,239.2262259,11.34407958,-1.444610723,12.3,10.893450600000005,0.7180793999999988
129.4,217.2190743,11.75603833,-2.977372795,240.3529625,11.20189783,-1.419388367,12.3,10.8338882,0.5541405000000008
129.5,218.3755996,11.46668442,-2.809705486,241.465891,11.06191678,-1.40041816,12.3,10.790291400000012,0.4047676399999993
129.6,219.5040278,11.19409724,-2.642038176,242.5650386,10.92349335,-1.38680694,12.3,10.761010800000019,0.2706038900000003
129.70000000000002,220.6060356,10.93827679,-2.474370866,243.6504325,10.78598446,-1.377482907,12.3,10.74439689999998,0.15229232999999986
129.8,221.6832998,10.69922306,-2.306703557,244.7220998,10.64885421,-1.371374266,12.3,10.738800000000008,0.05036884999999991
129.9,222.7374969,10.47693607,-2.139036247,245.7800676,10.51199542,-1.36740922,12.3,10.742570699999998,-0.035059349999999156
130.0,223.7703036,10.27141581,-1.972134523,246.8243631,10.37540809,-1.36451597,12.3,10.754059499999993,-0.10399227999999994
130.1,224.7833967,10.08266229,-1.809826309,247.8550135,10.23909222,-1.361801353,12.3,10.771616800000015,-0.15642992999999983
130.20000000000002,225.7784527,9.910675489,-1.656705115,248.8720459,10.10304782,-1.359086736,12.3,10.793593199999986,-0.19237233099999962
130.3,226.7571484,9.754996072,-1.517364452,249.8754873,9.967274875,-1.35637212,12.3,10.818338899999997,-0.21227880299999846
130.4,227.7211604,9.613327279,-1.3950598,250.8653651,9.831773394,-1.353657503,12.3,10.844204699999988,-0.21844611500000077
130.5,228.6721655,9.482913005,-1.298258213,251.8417063,9.696543375,-1.350942886,12.3,10.869540799999992,-0.21363036999999885
130.6,229.6118402,9.360997143,-1.227195166,252.804538,9.561584817,-1.348228269,12.3,10.892697800000018,-0.20058767399999944
130.70000000000002,230.5414937,9.245626406,-1.183552634,253.7538875,9.426897721,-1.345125882,12.3,10.9123938,-0.18127131500000004
130.8,231.4609654,9.131720562,-1.166705579,254.6897819,9.292482086,-1.339696873,12.3,10.928816500000021,-0.16076152399999977
130.9,232.3697271,9.018678972,-1.172826075,255.6122482,9.158337914,-1.329614618,12.3,10.942521100000004,-0.1396589420000005
131.0,233.2672504,8.903195699,-1.198658642,256.5213137,9.024697865,-1.312552496,12.3,10.954063300000012,-0.12150216600000086
131.1,234.1530073,8.782889658,-1.235736227,257.4170055,8.892725251,-1.286183884,12.3,10.963998200000002,-0.10983559299999968
131.20000000000002,235.0264694,8.657301499,-1.283057768,258.2993508,8.763816046,-1.24818216,12.3,10.972881400000016,-0.10651454699999974
131.3,235.8871086,8.526431221,-1.335113367,259.1683766,8.639366223,-1.196608472,12.3,10.981267999999982,-0.1129350020000004
131.4,236.7343967,8.390278825,-1.38793455,260.0242963,8.520771756,-1.131075049,12.3,10.989899600000012,-0.13049293100000092
131.5,237.5678055,8.248844311,-1.440755734,260.8680677,8.409428618,-1.051969661,12.3,11.000262199999991,-0.1605843070000006
131.6,238.3868066,8.102127679,-1.493576918,261.7008347,8.306732782,-0.961231161,12.3,11.014028099999972,-0.20460510299999868
131.70000000000002,239.1908721,7.950128928,-1.546398102,262.5237412,8.214080222,-0.861186172,12.3,11.03286910000001,-0.26395129399999995
131.8,239.9794735,7.792848058,-1.599219285,263.3379311,8.13263425,-0.754161314,12.3,11.05845759999998,-0.33978619200000093
131.9,240.7520827,7.63028507,-1.652040469,264.1445484,8.062627526,-0.642483212,12.3,11.09246570000003,-0.43234245599999976
132.0,241.5081716,7.462439964,-1.704013728,264.944737,8.004060053,-0.528478488,12.3,11.136565399999977,-0.5416200890000002
132.1,242.2472118,7.28931274,-1.746281485,265.7396408,7.956931829,-0.414085993,12.3,11.192429000000015,-0.6676190890000004
132.20000000000002,242.9686752,7.110903397,-1.787610053,266.5304037,7.921242854,-0.299693498,12.3,11.261728500000014,-0.8103394569999995
132.3,243.6720335,6.927720691,-1.809058022,267.3181697,7.896993129,-0.185301003,12.3,11.3461362,-0.969272438
132.4,244.3567586,6.745079167,-1.810155798,268.1040827,7.884182654,-0.070908509,12.3,11.447324099999985,-1.1391034869999999
132.5,245.0223223,6.557719039,-1.785815833,268.8892867,7.882811428,0.043483986,12.3,11.5669644,-1.325092389
132.6,245.6681962,6.377005151,-1.731798502,269.6749254,7.892879451,0.157876481,12.3,11.706729199999995,-1.5158743000000001
132.70000000000002,246.2942593,6.203219261,-1.651873836,270.4621429,7.914386724,0.271352986,12.3,11.86788360000001,-1.7111674629999998
132.8,246.9020183,6.039413897,-1.533035896,271.2520831,7.947333246,0.379333554,12.3,12.050064799999983,-1.9079193490000002
132.9,247.493387,5.888641589,-1.393378169,272.0458899,7.991719018,0.476322245,12.3,12.252502900000007,-2.1030774290000007
133.0,248.0702793,5.753954866,-1.233370248,272.8447073,8.046994445,0.556823122,12.3,12.474427999999971,-2.2930395789999993
133.1,248.6346089,5.637897501,-1.058099683,273.6496791,8.11041156,0.615340248,12.3,12.715070200000024,-2.472514058999999
133.20000000000002,249.1882897,5.54097825,-0.872654021,274.4619493,8.178672798,0.646377684,12.3,12.973659600000001,-2.637694547999999
133.3,249.7332355,5.463197112,-0.682120811,275.2826619,8.248480597,0.645355482,12.3,13.249426399999987,-2.785283485000001
133.4,250.2713601,5.404554087,-0.490739676,276.112521,8.316537395,0.611357652,12.3,13.541160900000005,-2.911983307999999
133.5,250.8045773,5.365049177,-0.299358541,276.9504722,8.379545628,0.545300183,12.3,13.845894899999973,-3.0144964510000003
133.6,251.3348009,5.344682379,-0.107977406,277.7950214,8.434207734,0.451763026,12.3,14.16022049999999,-3.0895253549999993
133.70000000000002,251.8639447,5.343453695,0.083403729,278.6446744,8.477226151,0.336242116,12.3,14.480729699999994,-3.133772456
133.8,252.3939226,5.361363125,0.274784864,279.4979372,8.505852908,0.204233392,12.3,14.804014600000027,-3.144489783
133.9,252.9266483,5.398410668,0.466165999,280.3533156,8.519538413,0.061232793,12.3,15.126667299999962,-3.121127744999999
134.0,253.4640356,5.454596325,0.657547134,281.2093155,8.518282664,-0.087263745,12.3,15.445279900000013,-3.0636863389999993
134.1,254.0079985,5.529920095,0.848121753,282.0644428,8.502085664,-0.236676272,12.3,15.75644429999998,-2.9721655690000013
134.20000000000002,254.5604506,5.624381978,1.033857283,282.9172033,8.47094741,-0.386088799,12.3,16.056752699999986,-2.846565432000001
134.3,255.1233058,5.737981976,1.209914632,283.7661029,8.424867904,-0.535501326,12.3,16.342797100000023,-2.686885927999999
134.4,255.6984779,5.870236177,1.371454709,284.6096475,8.363847145,-0.684913853,12.3,16.611169599999993,-2.4936109679999996
134.5,256.2878808,6.018725038,1.513638425,285.446343,8.287885133,-0.83432638,12.3,16.85846220000003,-2.2691600949999993
134.6,256.8934281,6.180545104,1.63686632,286.2746951,8.196981869,-0.983738907,12.3,17.08126699999998,-2.016436765
134.70000000000002,257.5170339,6.35279292,1.721386926,287.09321,8.091137352,-1.133151434,12.3,17.276176099999997,-1.7383444320000008
134.8,258.1602246,6.532565034,1.78211262,287.9003932,7.970351582,-1.280630653,12.3,17.440168600000003,-1.437786548
134.9,258.8229785,6.720101768,1.814610287,288.6947509,7.834624559,-1.416510019,12.3,17.571772399999997,-1.1145227909999997
135.0,259.5048867,6.903068333,1.822912503,289.4747888,7.683956284,-1.51975674,12.3,17.669902100000012,-0.7808879509999995
135.1,260.2055402,7.08799261,1.811858356,290.2390128,7.519506742,-1.607069783,12.3,17.733472600000038,-0.4315141320000002
135.20000000000002,260.92453,7.269311276,1.781047307,290.9859288,7.347075858,-1.638550476,12.3,17.761398800000006,-0.07776458200000036
135.3,261.6614472,7.446540422,1.75103734,291.7140426,7.179283308,-1.612031907,12.3,17.75259540000003,0.2672571140000004
135.4,262.4158828,7.619680047,1.710948651,292.4218602,7.006109712,-1.517847532,12.3,17.705977400000005,0.6135703350000004
135.5,263.1874279,7.788730152,1.670053448,293.1088153,6.851494274,-1.354064042,12.3,17.621387400000014,0.9372358780000001
135.6,263.9756736,7.953690737,1.629158244,293.7780539,6.71673714,-1.132047685,12.3,17.50238029999998,1.2369535969999994
135.70000000000002,264.7802108,8.114561801,1.58826304,294.4336497,6.608798222,-0.833166186,12.3,17.35343889999997,1.5057635790000008
135.8,265.6006307,8.271343345,1.547367836,295.0796765,6.534637433,-0.497318217,12.3,17.179045799999994,1.7367059119999997
135.9,266.4365243,8.424035368,1.506472632,295.7202082,6.500054697,-0.126670691,12.3,16.983683900000027,1.9239806709999998
136.0,267.2874826,8.572637871,1.465577428,296.3593185,6.50621,0.26717654,12.3,16.771835899999996,2.0664278709999993
136.1,268.1530966,8.717150854,1.424386884,297.0010812,6.553103343,0.672623624,12.3,16.54798459999996,2.1640475109999997
136.20000000000002,269.0329575,8.857574316,1.381424299,297.6495701,6.640734725,1.080004017,12.3,16.316612599999996,2.2168395909999994
136.3,269.9266562,8.993908258,1.334917632,298.3088591,6.769104147,1.487384409,12.3,16.08220289999998,2.224804110999999
136.4,270.8337839,9.125975476,1.283094841,298.9830219,6.938211607,1.894764802,12.3,15.849237999999968,2.1877638690000003
136.5,271.7539315,9.252889948,1.224183886,299.6761324,7.148057107,2.302145195,12.3,15.62220089999995,2.1048328410000003
136.6,272.6866902,9.37358845,1.156412724,300.3922643,7.398640646,2.709525587,12.3,15.405574100000035,1.9749478040000001
136.70000000000002,273.6316509,9.487007759,1.078304656,301.1354915,7.689962224,3.11690598,12.3,15.203840599999989,1.7970455350000005
136.8,274.5882629,9.592084648,0.989564342,301.9098878,8.022021842,3.521037995,12.3,15.02162489999996,1.570062806000001
136.9,275.5554086,9.687755893,0.89048712,302.7195269,8.394819499,3.905679746,12.3,14.864118299999983,1.2929363939999998
137.0,276.5318282,9.772958269,0.782549693,303.5684826,8.808355195,4.251340969,12.3,14.736654399999974,0.9646030739999993
137.1,277.5162624,9.846628553,0.667524101,304.4608289,9.260679904,4.5385314,12.3,14.644566500000007,0.5859486490000005
137.20000000000002,278.5074516,9.907880723,0.547182386,305.4006394,9.742048494,4.747760774,12.3,14.593187799999964,0.1658322289999994
137.3,279.5041362,9.956537574,0.423296589,306.391988,10.24076681,4.859538828,12.3,14.58785180000002,-0.28422923599999983
137.4,280.5050568,9.992599108,0.29763875,307.4389485,10.74514068,4.857623674,12.3,14.633891700000003,-0.7525415720000002
137.5,281.5089537,10.01606532,0.171685571,308.5440354,11.24347596,4.738766935,12.3,14.735081699999977,-1.2274106400000004
137.6,282.5145675,10.02693622,0.045732393,309.7035266,11.72407849,4.506216989,12.3,14.888959099999976,-1.6971422700000005
137.70000000000002,283.5206386,10.0252118,-0.080220786,310.9121403,12.17525411,4.176215723,12.3,15.091501699999991,-2.15004231
137.8,284.5259075,10.01089207,-0.206173965,312.1645952,12.58530866,3.7682534,12.3,15.33868769999999,-2.5744165900000002
137.9,285.5291147,9.98397701,-0.332127144,313.4556097,12.944497,3.301820285,12.3,15.626495000000045,-2.96051999
138.0,286.5290006,9.944466637,-0.458080323,314.7799022,13.25087012,2.796406642,12.3,15.950901599999963,-3.3064034830000004
138.1,287.5243057,9.892360945,-0.58306338,316.1321913,13.504428,2.271502734,12.3,16.307885599999974,-3.6120670550000007
138.20000000000002,288.5137704,9.827659936,-0.70222571,317.5071954,13.70517066,1.743350449,12.3,16.693425,-3.8775107240000004
138.3,289.4961353,9.750363609,-0.809746584,318.899633,13.85309809,1.215198164,12.3,17.103497700000002,-4.102734480999999
138.4,290.4701408,9.661054037,-0.899805274,320.3042226,13.9482103,0.687045879,12.3,17.534081799999978,-4.287156263
138.5,291.4345274,9.562641584,-0.966581053,321.7156827,13.99050727,0.158893594,12.3,17.981155300000022,-4.4278656860000005
138.6,292.3880355,9.458618686,-1.004253193,323.1287317,13.97998901,-0.36925869,12.3,18.4406962,-4.521370324000001
138.70000000000002,293.3294056,9.352477781,-1.007971087,324.5380881,13.91665553,-0.897410975,12.3,18.90868250000001,-4.564177749000001
138.8,294.2578438,9.247711305,-0.976764613,325.9384704,13.80050682,-1.422675087,12.3,19.38062660000004,-4.5527955150000015
138.9,295.174419,9.147811694,-0.911603894,327.3245971,13.63154288,-1.93061016,12.3,19.850178100000004,-4.483731186
139.0,296.0806654,9.056271385,-0.817339536,328.6911866,13.40976371,-2.403887156,12.3,20.310521199999993,-4.3534923249999995
139.1,296.9781176,8.976582816,-0.699792266,330.0329575,13.13690222,-2.825177036,12.3,20.75483989999999,-4.160319403999999
139.20000000000002,297.8683099,8.91165635,-0.564782813,331.3446281,12.82162292,-3.177315062,12.3,21.176318200000036,-3.90996657
139.3,298.7527767,8.862074059,-0.418131904,332.620917,12.47432324,-3.442479293,12.3,21.568140299999992,-3.612249181000001
139.4,299.6330526,8.827835945,-0.265660267,333.8565427,12.1054006,-3.606721767,12.3,21.92349009999999,-3.277564654999999
139.5,300.5106718,8.808942006,-0.112218509,335.0476099,11.72515384,-3.666990008,12.3,22.236938099999985,-2.9162118340000003
139.6,301.3871689,8.805392243,0.041223249,336.1957688,11.34427613,-3.626172191,12.3,22.50859989999999,-2.538883887000001
139.70000000000002,302.2640782,8.817186656,0.194665007,337.3040557,10.97286916,-3.49870918,12.3,22.73997750000002,-2.1556825039999996
139.8,303.1429341,8.844325244,0.348106765,338.3755071,10.62142891,-3.301765714,12.3,22.932573,-1.7771036660000004
139.9,304.0252712,8.886808009,0.501548524,339.4131594,10.29861992,-3.053163734,12.3,23.087888199999963,-1.411811911000001
140.0,304.9126237,8.944634949,0.654990282,340.420049,10.00617509,-2.769739375,12.3,23.207425300000022,-1.061540141
140.1,305.8065261,9.017806065,0.80843204,341.3992123,9.744094413,-2.468985978,12.3,23.292686200000002,-0.7262883479999989
140.20000000000002,306.7085128,9.106321357,0.960763492,342.3536858,9.512377894,-2.165344408,12.3,23.345173,-0.40605653699999955
140.3,307.6201182,9.210180825,1.106433107,343.2865058,9.311025532,-1.861702838,12.3,23.366387600000007,-0.10084470700000026
140.4,308.5428769,9.329384468,1.238779049,344.2007088,9.140037327,-1.558061267,12.3,23.35783189999996,0.18934714100000072
140.5,309.4783231,9.463266104,1.35113948,345.0993312,8.999413278,-1.254419697,12.3,23.321008099999982,0.4638528260000001
140.6,310.4279912,9.608494813,1.436852564,345.9854094,8.889153387,-0.950778127,12.3,23.25741819999997,0.7193414259999997
140.70000000000002,311.3934158,9.761073494,1.489256465,346.8619798,8.809257653,-0.647136557,12.3,23.168563999999957,0.9518158410000002
140.8,312.3761312,9.917005045,1.502799651,347.7320789,8.759726076,-0.344836929,12.3,23.0559477,1.157278969
140.9,313.3771389,10.07229236,1.476371816,348.598743,8.740558656,-0.050588953,12.3,22.921604100000035,1.3317337040000012
141.0,314.3953086,10.22293835,1.411083267,349.4650085,8.751755392,0.227555719,12.3,22.76969989999999,1.471182958
141.1,315.428977,10.36494589,1.312485534,350.333912,8.792511121,0.481545435,12.3,22.604935000000022,1.5724347689999991
141.20000000000002,316.4764809,10.4943179,1.187240453,351.2084897,8.858800016,0.703328543,12.3,22.43200879999996,1.6355178840000004
141.3,317.5361569,10.60772345,1.042009863,352.0917781,8.945791085,0.892014446,12.3,22.255621200000018,1.6619323650000002
141.4,318.6063419,10.70449637,0.883455599,352.9868137,9.048653337,1.019410266,12.3,22.08047180000001,1.655843033
141.5,319.6853725,10.78463664,0.718239498,353.8959887,9.162555781,1.10565723,12.3,21.910616199999946,1.6220808590000004
141.6,320.7715856,10.84814426,0.551913091,354.8191189,9.28696406,1.144936224,12.3,21.747533299999997,1.561180199999999
141.70000000000002,321.8633177,10.89501925,0.385586684,355.7553758,9.404157281,1.143956957,12.3,21.59205810000004,1.490861969000001
141.8,322.9589057,10.9252616,0.219260277,356.7039312,9.522194354,1.110771082,12.3,21.445025499999996,1.4030672460000009
141.9,324.0566864,10.93887131,0.05293387,357.6639566,9.632752819,1.046269195,12.3,21.307270200000016,1.3061184909999994
142.0,325.1549963,10.93584838,-0.113392537,358.6346236,9.735027511,0.979986115,12.3,21.179627300000003,1.2008208689999993
142.1,326.2521723,10.9161928,-0.279718944,359.615104,9.82901843,0.898490328,12.3,21.06293169999999,1.0871743699999996
142.20000000000002,327.3465512,10.87990459,-0.44525685,360.6045692,9.914725577,0.815652598,12.3,20.958017999999992,0.9651790130000002
142.3,328.4364696,10.82698373,-0.606063756,361.602191,9.99214895,0.732814869,12.3,20.865721399999995,0.8348347799999996
142.4,329.5202643,10.75743024,-0.757408659,362.6071409,10.06128855,0.649977139,12.3,20.78687659999998,0.6961416899999993
142.5,330.596272,10.6717172,-0.894560559,363.6185906,10.12214438,0.56713941,12.3,20.722318600000005,0.5495728199999999
142.6,331.6628294,10.57221012,-1.016679747,364.6357117,10.17471643,0.48430168,12.3,20.67288229999998,0.39749368999999923
142.70000000000002,332.7182733,10.46174761,-1.107361345,365.6576757,10.21900471,0.401463951,12.3,20.639402400000005,0.24274289999999965
142.8,333.7609405,10.34316825,-1.174336728,366.6836545,10.25500922,0.3189443,12.3,20.622713999999984,0.08815902999999992
142.9,334.7895461,10.21697588,-1.212926104,367.7128195,10.28272996,0.238333122,12.3,20.623273400000027,-0.0657540799999996
143.0,335.8043193,10.09301343,-1.223917974,368.7443424,10.30216692,0.161538888,12.3,20.64002310000002,-0.20915349000000028
143.1,336.8058677,9.967115162,-1.211254838,369.7773947,10.31351096,0.090470073,12.3,20.67152699999998,-0.34639579799999964
143.20000000000002,337.7947989,9.84445446,-1.175776405,370.8111483,10.31771631,0.027035147,12.3,20.716349400000023,-0.4732618500000001
143.3,338.7717205,9.727396822,-1.133887554,371.8447745,10.31592805,-0.027966516,12.3,20.773054000000013,-0.5885312280000008
143.4,339.7372401,9.616415349,-1.078645407,372.8774452,10.30929127,-0.071004218,12.3,20.840205100000002,-0.6928759209999988
143.5,340.6919655,9.51151004,-1.01867226,373.9084845,10.29895105,-0.100926195,12.3,20.916519000000005,-0.7874410100000002
143.6,341.6365041,9.412680897,-0.957910613,374.9378275,10.28538701,-0.12110241,12.3,21.0013234,-0.8727061130000013
143.70000000000002,342.5714636,9.319927918,-0.897148965,375.9655619,10.27090843,-0.131736263,12.3,21.094098299999995,-0.950980512000001
143.8,343.4974516,9.233251104,-0.836387318,376.9917754,10.25716059,-0.134736225,12.3,21.194323800000017,-1.023909485999999
143.9,344.4150757,9.152650454,-0.77562567,378.0165556,10.2432666,-0.130901671,12.3,21.301479900000015,-1.0906161460000003
144.0,345.3249436,9.07812597,-0.714864023,379.0399902,10.23024951,-0.124081375,12.3,21.415046599999993,-1.1521235399999998
144.1,346.2276628,9.00967765,-0.654102376,380.062167,10.21810931,-0.117017498,12.3,21.53450419999997,-1.2084316599999987
144.20000000000002,347.123841,8.947305494,-0.593496727,381.0831737,10.20684601,-0.108248547,12.3,21.659332699999947,-1.2595405159999995
144.3,348.0140858,8.891009504,-0.533827072,382.1030978,10.1964596,-0.099479596,12.3,21.789012000000024,-1.3054500960000013
144.4,348.8990048,8.840789678,-0.476029404,383.1220271,10.18695009,-0.090710645,12.3,21.923022300000024,-1.3461604119999997
144.5,349.7792057,8.796552418,-0.421039717,384.1400494,10.17831747,-0.081941693,12.3,22.06084370000003,-1.3817650520000004
144.6,350.655296,8.757829726,-0.369794004,385.1572522,10.17056175,-0.073172742,12.3,22.201956199999994,-1.4127320239999985
144.70000000000002,351.5278833,8.724060007,-0.323228259,386.1737233,10.16368292,-0.064403791,12.3,22.34584000000002,-1.4396229129999991
144.8,352.3975753,8.694681664,-0.282122475,387.1895503,10.15768099,-0.055747165,12.3,22.49197499999998,-1.4629993259999985
144.9,353.2649047,8.669133102,-0.246632654,388.204821,10.15255596,-0.047764491,12.3,22.639916299999992,-1.4834228580000008
145.0,354.1301048,8.646852723,-0.216602794,389.2196231,10.14830781,-0.041655751,12.3,22.78951829999995,-1.501455087
145.1,354.9933338,8.627278933,-0.191252902,390.2340441,10.14486917,-0.0365168,12.3,22.94071029999999,-1.5175902370000003
145.20000000000002,355.8547502,8.609850134,-0.169646985,391.2481719,10.14190306,-0.034599687,12.3,23.093421699999976,-1.5320529260000004
145.3,356.7145122,8.594098331,-0.150849048,392.2620941,10.13868947,-0.03605233,12.3,23.24758190000001,-1.5445911389999996
145.4,357.5727781,8.579929923,-0.133923098,393.2758984,10.13577091,-0.041436356,12.3,23.403120300000023,-1.5558409869999998
145.5,358.4297065,8.567344911,-0.117933142,394.2896186,10.13179614,-0.05086409,12.3,23.559912099999973,-1.5644512290000012
145.6,359.2854554,8.556343294,-0.102099184,395.3030728,10.12667642,-0.063697173,12.3,23.717617400000005,-1.5703331260000013
145.70000000000002,360.1401834,8.546925074,-0.086265227,396.3160251,10.12000736,-0.080952078,12.3,23.875841699999977,-1.573082286
145.8,360.9940487,8.539090249,-0.07043127,397.3282398,10.1113846,-0.100376755,12.3,24.034191099999997,-1.572294351
145.9,361.8472098,8.53283882,-0.054597312,398.339481,10.10047117,-0.121823287,12.3,24.192271200000004,-1.5676323500000002
146.0,362.6998248,8.528170787,-0.038763355,399.3495131,10.08719967,-0.144617721,12.3,24.349688300000036,-1.5590288829999999
146.1,363.5520522,8.525086149,-0.022929398,400.3581,10.07157009,-0.168086106,12.3,24.506047799999987,-1.546483941
146.20000000000002,364.4040503,8.523584907,-0.00709544,401.3650061,10.05358244,-0.191666816,12.3,24.66095580000002,-1.5299975329999995
146.3,365.2559775,8.523667061,0.008749402,402.3699955,10.03323673,-0.215247527,12.3,24.814018000000043,-1.5095696690000011
146.4,366.1079921,8.525332611,0.024659549,403.3728325,10.01053294,-0.238828237,12.3,24.964840400000025,-1.4852003289999995
146.5,366.9602523,8.528581556,0.040700308,404.3732812,9.98547108,-0.262408948,12.3,25.113028900000028,-1.4568895239999993
146.6,367.8129167,8.533420427,0.056936984,405.3711057,9.95805115,-0.285989658,12.3,25.25818899999997,-1.424630723
146.70000000000002,368.6661434,8.539881878,0.073434883,406.3660704,9.928273148,-0.309570368,12.3,25.399927,-1.3883912700000014
146.8,369.5200909,8.548005092,0.090259311,407.3579394,9.896137076,-0.333151079,12.3,25.537848500000006,-1.3481319840000001
146.9,370.3749175,8.557829251,0.107464689,408.3464769,9.861642933,-0.356606992,12.3,25.671559400000046,-1.3038136820000013
147.0,371.2307867,8.56939354,0.125061902,409.331447,9.824790718,-0.379314119,12.3,25.800660300000015,-1.255397177999999
147.1,372.087883,8.582737142,0.143040064,410.3126141,9.785580433,-0.400523674,12.3,25.92473110000004,-1.2028432910000006
147.20000000000002,372.9463961,8.597899241,0.161344756,411.2897422,9.744086955,-0.419486872,12.3,26.04334609999996,-1.1461877139999999
147.3,373.8065157,8.614919019,0.17991067,412.2625955,9.700684677,-0.435820094,12.3,26.156079799999997,-1.0857656579999997
147.4,374.6684315,8.63382913,0.198672502,413.2309383,9.655822872,-0.447679051,12.3,26.262506799999993,-1.0219937419999994
147.5,375.5323331,8.654636105,0.217564945,414.1945348,9.60995081,-0.455535259,12.3,26.362201699999968,-0.955314705000001
147.6,376.3984103,8.677339942,0.236522694,415.153209,9.563298662,-0.458898752,12.3,26.45479869999998,-0.8859587199999996
147.70000000000002,377.2668527,8.701940644,0.255491327,416.1070246,9.516973002,-0.457894328,12.3,26.540171899999972,-0.8150323579999998
147.8,378.13785,8.728438208,0.27445996,417.0561053,9.470765799,-0.453145974,12.3,26.618255299999998,-0.7423275910000005
147.9,379.0115919,8.756832636,0.293428593,418.0005747,9.425345426,-0.445037309,12.3,26.68898280000003,-0.6685127899999994
148.0,379.8882681,8.787123927,0.312397226,418.9405564,9.381086275,-0.435412623,12.3,26.752288299999986,-0.5939623479999998
148.1,380.7680682,8.819312081,0.33136586,419.8761739,9.338063225,-0.423925196,12.3,26.80810570000001,-0.5187511440000012
148.20000000000002,381.6511821,8.853397098,0.350334493,420.807551,9.296276276,-0.411688984,12.3,26.85636889999996,-0.4428791780000001
148.3,382.5377992,8.889378979,0.369118664,421.7348111,9.255725428,-0.399327975,12.3,26.897011900000006,-0.3663464489999999
148.4,383.4281094,8.927257724,0.386796066,422.658078,9.216410681,-0.386966965,12.3,26.929968600000006,-0.2891529569999989
148.5,384.3223023,8.967033331,0.401860462,423.5774752,9.178332035,-0.374605955,12.3,26.95517289999999,-0.21129870400000073
148.6,385.2205677,9.008595125,0.414403477,424.4931264,9.14148949,-0.362244946,12.3,26.97255869999999,-0.1328943650000003
148.70000000000002,386.1230951,9.05138972,0.422119946,425.405155,9.105883046,-0.349883936,12.3,26.982059899999978,-0.05449332600000112
148.8,387.0300743,9.094513375,0.424302564,426.3136849,9.071512703,-0.337522926,12.3,26.983610599999974,0.023000672000000222
148.9,387.9416949,9.138021065,0.420029023,427.2188395,9.038378461,-0.325184619,12.3,26.977144599999985,0.09964260399999958
149.0,388.8580582,9.180529691,0.40911486,428.1207426,9.00648032,-0.312982525,12.3,26.96268440000001,0.17404937100000062
149.1,389.778911,9.22161487,0.392144003,429.0195176,8.975818279,-0.301052856,12.3,26.940606599999978,0.2457965909999995
149.20000000000002,390.7039119,9.260612539,0.368840365,429.9152882,8.946378719,-0.289531827,12.3,26.91137630000004,0.3142338200000001
149.3,391.6327192,9.296858636,0.341509111,430.808178,8.918093531,-0.27855565,12.3,26.8754588,0.3787651049999994
149.4,392.5649914,9.329799777,0.310857546,431.6983106,8.890880989,-0.268260538,12.3,26.833319200000016,0.4389187880000005
149.5,393.500387,9.359325284,0.277992441,432.5858097,8.864659365,-0.258760002,12.3,26.785422700000037,0.4946659190000009
149.6,394.4385643,9.385435158,0.244020566,433.4707879,8.83934693,-0.250076745,12.3,26.732223600000008,0.5460882280000003
149.70000000000002,395.3791818,9.408129397,0.209864229,434.3533144,8.814861957,-0.242188063,12.3,26.67413259999996,0.59326744
149.8,396.321898,9.427408004,0.175707892,435.2334473,8.791122717,-0.234980447,12.3,26.611549300000046,0.6362852869999998
149.9,397.2663712,9.443270976,0.141551555,436.111245,8.768047485,-0.228317683,12.3,26.544873800000016,0.6752234910000006
150.0,398.21226,9.455718314,0.107395218,436.9867657,8.745568151,-0.222063558,12.3,26.474505699999963,0.7101501629999998
150.1,399.1592227,9.464750019,0.073238881,437.8600675,8.723671097,-0.216081859,12.3,26.400844800000026,0.7410789219999998
150.20000000000002,400.1069178,9.470366091,0.039082544,438.7312088,8.70235632,-0.210236373,12.3,26.32429099999997,0.7680097710000009
150.3,401.0550038,9.472566528,0.004926207,439.6002477,8.681623822,-0.204413589,12.3,26.245243900000002,0.7909427059999992
150.4,402.0031389,9.471351332,-0.029146296,440.4672424,8.661473602,-0.198590805,12.3,26.164103499999964,0.8098777300000002
150.5,402.9509818,9.466720502,-0.06271579,441.3322512,8.641905661,-0.192768021,12.3,26.08126939999995,0.8248148410000002
150.6,403.8981909,9.458674038,-0.095279266,442.1953324,8.622919998,-0.186945238,12.3,25.99714150000001,0.8357540399999994
150.70000000000002,404.8444245,9.447262242,-0.126333717,443.0565441,8.604516613,-0.181122454,12.3,25.912119599999993,0.8427456290000013
150.8,405.7893411,9.432736617,-0.155376134,443.9159446,8.586695507,-0.17529967,12.3,25.826603499999987,0.8460411099999998
150.9,406.7325991,9.415398968,-0.181903509,444.7735921,8.569456679,-0.169531856,12.3,25.740992999999957,0.8459422889999999
151.0,407.6738571,9.395551101,-0.205496667,445.6295448,8.55280013,-0.164093857,12.3,25.655687699999998,0.842750971000001
151.1,408.6128135,9.373494821,-0.226071774,446.483861,8.536725859,-0.15931549,12.3,25.571047499999974,0.836768961999999
151.20000000000002,409.5493282,9.349531933,-0.243712664,447.3365988,8.521200885,-0.15552657,12.3,25.4872706,0.828331047999999
151.3,410.483301,9.323964242,-0.258838512,448.1878166,8.506060299,-0.153056912,12.3,25.404515600000035,0.817903943000001
151.4,411.4146317,9.297093553,-0.271952326,449.0375725,8.491106213,-0.152236333,12.3,25.322940800000037,0.8059873399999997
151.5,412.3432203,9.26917137,-0.283557114,449.8859248,8.476140738,-0.15333968,12.3,25.242704500000013,0.7930306320000007
151.6,413.2689666,9.240247994,-0.294155885,450.7329053,8.460965983,-0.15642192,12.3,25.163938700000028,0.7792820110000012
151.70000000000002,414.1917705,9.210323426,-0.304251647,451.5784403,8.445384059,-0.161428086,12.3,25.086669799999992,0.7649393670000002
151.8,415.1115319,9.179397665,-0.314263575,452.4224297,8.429197077,-0.16808333,12.3,25.01089780000002,0.7502005880000002
151.9,416.0281506,9.147470711,-0.324275503,453.2647735,8.412207147,-0.176057837,12.3,24.936622899999985,0.7352635640000003
152.0,416.9415266,9.114542564,-0.334287431,454.1053716,8.394249362,-0.185021791,12.3,24.863845000000037,0.7202932020000006
152.1,417.8515598,9.080613225,-0.344299359,454.9441238,8.37529074,-0.194645377,12.3,24.79256399999998,0.7053224849999999
152.20000000000002,418.7581499,9.045682693,-0.354311286,455.7809302,8.35533128,-0.204598778,12.3,24.72278030000002,0.6903514130000001
152.3,419.6611969,9.009750968,-0.364323214,456.6156905,8.334370984,-0.214607149,12.3,24.654493600000034,0.675379984000001
152.4,420.5606007,8.97281805,-0.374224704,457.4483048,8.31240985,-0.22461552,12.3,24.587704100000007,0.6604082000000009
152.5,421.4562611,8.934883939,-0.383463568,458.2786729,8.28944788,-0.23462389,12.3,24.522411799999997,0.6454360589999997
152.6,422.3480781,8.895948636,-0.390800813,459.1066948,8.265485072,-0.244632261,12.3,24.458616700000004,0.6304635639999994
152.70000000000002,423.2359514,8.856078402,-0.397302908,459.9322703,8.240521428,-0.254640632,12.3,24.39631890000005,0.6155569740000004
152.8,424.1197811,8.815604552,-0.400578132,460.7552995,8.214556946,-0.264649002,12.3,24.335518399999966,0.6010476059999998
152.9,424.9994669,8.77527048,-0.400540223,461.5756821,8.187591627,-0.274547027,12.3,24.276215199999978,0.5876788529999999
153.0,425.8749088,8.734436305,-0.396636992,462.3933182,8.159625471,-0.283782979,12.3,24.218409399999995,0.5748108339999991
153.1,426.7460596,8.69453706,-0.388758001,463.2081076,8.130658479,-0.291117299,12.3,24.16204799999998,0.5638785810000009
153.20000000000002,427.6130843,8.655624502,-0.377590053,464.0199503,8.100756856,-0.297620366,12.3,24.10686599999998,0.5548676459999999
153.3,428.4762008,8.618096207,-0.361956242,464.8287462,8.070251641,-0.300897654,12.3,24.052545399999996,0.5478445660000002
153.4,429.3356271,8.582349751,-0.34424829,465.6343952,8.039886566,-0.300864574,12.3,23.99876809999996,0.5424631850000008
153.5,430.1915811,8.548716448,-0.324552458,466.4367971,8.009019408,-0.296969398,12.3,23.94521599999997,0.5396970400000001
153.60000000000002,431.0442807,8.517262559,-0.303531372,467.235905,7.979086879,-0.28910178,12.3,23.8916243,0.538175680000001
153.70000000000002,431.8939439,8.487988086,-0.28184766,468.0318834,7.950139734,-0.277949549,12.3,23.837939500000015,0.5378483519999993
153.8,432.7407886,8.460893027,-0.260053511,468.8249503,7.922575217,-0.262331982,12.3,23.784161700000038,0.5383178099999988
153.9,433.5850328,8.435977384,-0.238259361,469.6153232,7.896790573,-0.244643605,12.3,23.730290399999955,0.5391868109999995
154.0,434.4268944,8.413241155,-0.216465211,470.4032198,7.873116837,-0.224969006,12.3,23.676325400000007,0.5401243179999993
154.10000000000002,435.2665913,8.392684342,-0.194671061,471.188858,7.851620218,-0.20397026,12.3,23.622266699999965,0.5410641240000009
154.20000000000002,436.1043415,8.374306943,-0.172876911,471.9724553,7.832300716,-0.182309441,12.3,23.568113800000003,0.5420062270000008
154.3,436.940363,8.358108959,-0.151082762,472.7542296,7.81515833,-0.160538276,12.3,23.513866599999982,0.5429506290000008
154.4,437.7748736,8.344090391,-0.129386579,473.5343984,7.800193061,-0.138767111,12.3,23.459524800000008,0.5438973300000001
154.5,438.6080913,8.332251237,-0.108278196,474.3131796,7.787404908,-0.116995946,12.3,23.4050883,0.5448463289999994
154.60000000000002,439.4402341,8.322591498,-0.088345413,475.0907909,7.776793872,-0.095224781,12.3,23.350556800000003,0.5457976259999997
154.70000000000002,440.2715199,8.315052394,-0.07017603,475.8674498,7.768359952,-0.073453615,12.3,23.295929899999987,0.5466924420000003
154.8,441.1021667,8.309340026,-0.054327842,476.6433743,7.762103149,-0.05168245,12.3,23.241207600000006,0.5472368769999996
154.9,441.9323923,8.305101712,-0.041150013,477.4187819,7.758023462,-0.02992684,12.3,23.186389599999995,0.5470782500000011
155.0,442.7624147,8.301984773,-0.032028318,478.1938904,7.756120892,-0.008264555,12.3,23.131475699999964,0.5458638809999989
155.10000000000002,443.5924049,8.299654532,-0.026104771,478.9689175,7.756395438,0.013211078,12.3,23.076512599999955,0.5432590939999997
155.20000000000002,444.4223456,8.297901491,-0.023610057,479.744081,7.758837768,0.034406733,12.3,23.021735399999965,0.539063722999999
155.3,445.2521727,8.295835404,-0.024054344,480.5195984,7.763401219,0.055229084,12.3,22.96742569999999,0.5324341849999996
155.4,446.081822,8.293677163,-0.026879837,481.2956876,7.770029796,0.075584806,12.3,22.91386560000002,0.5236473669999997
155.5,446.9112292,8.290935677,-0.031737372,482.0725662,7.778667502,0.095396126,12.3,22.861337000000002,0.512268175
155.60000000000002,447.7403301,8.287552166,-0.037143207,482.8504445,7.789258342,0.11464749,12.3,22.810114399999986,0.4982938239999992
155.70000000000002,448.5690606,8.283526629,-0.043465495,483.6295029,7.801746321,0.133354452,12.3,22.760442299999976,0.48178030800000027
155.8,449.3973564,8.278859067,-0.049885749,484.4099143,7.816075443,0.151594785,12.3,22.712557900000046,0.46278362400000095
155.9,450.2251534,8.273549479,-0.056306004,485.1918515,7.832189713,0.169461814,12.3,22.666698099999973,0.4413597659999997
156.0,451.0523874,8.267597866,-0.062726258,485.9754876,7.850042467,0.187048865,12.3,22.62310020000002,0.4175553989999994
156.10000000000002,451.878994,8.261004228,-0.069146513,486.7609954,7.869624373,0.204449264,12.3,22.582001400000035,0.3913798549999994
156.20000000000002,452.7049092,8.253768564,-0.075566767,487.5485479,7.890935431,0.221756337,12.3,22.54363870000004,0.36283313299999964
156.3,453.5300687,8.245890874,-0.081987022,488.338318,7.91397564,0.239047856,12.3,22.5082493,0.3319152340000002
156.4,454.3544084,8.23737116,-0.088407276,489.1304785,7.938745002,0.256339375,12.3,22.47607009999997,0.29862615800000025
156.5,455.177864,8.228209419,-0.093689284,489.9252024,7.965243515,0.273630894,12.3,22.44733839999999,0.2629659040000005
156.60000000000002,456.0003713,8.218405653,-0.098704606,490.7226626,7.993471181,0.290922413,12.3,22.422291299999994,0.22493447199999927
156.70000000000002,456.8218661,8.207959862,-0.102482736,491.523032,8.023427998,0.308213932,12.3,22.401165899999977,0.18453186399999844
156.8,457.6422843,8.197554994,-0.101797204,492.3264836,8.055113967,0.325505451,12.3,22.384199300000045,0.14244102700000028
156.9,458.4615616,8.186668111,-0.096502513,493.1331903,8.088529088,0.342788212,12.3,22.37162870000004,0.09813902299999988
157.0,459.2796337,8.175881518,-0.085446374,493.9433249,8.123673361,0.360018428,12.3,22.363691200000016,0.05220815700000081
157.10000000000002,460.0964366,8.167131097,-0.068614743,494.7570604,8.160546786,0.377143554,12.3,22.360623799999995,0.0065843110000010086
157.20000000000002,460.9119982,8.160504145,-0.043983771,495.5745696,8.199144108,0.394111045,12.3,22.36257139999999,-0.03863996299999961
157.3,461.7267152,8.156692038,-0.011563721,496.3960257,8.239439055,0.410868356,12.3,22.369310499999994,-0.08274701700000087
157.4,462.5410765,8.156386147,0.025610985,497.2216013,8.2814001,0.427362942,12.3,22.3805248,-0.12501395300000162
157.5,463.355571,8.160277848,0.06739485,498.0514695,8.324995715,0.443551014,12.3,22.395898499999998,-0.16471786700000024
157.60000000000002,464.1706876,8.168943286,0.112635583,498.8857989,8.370194375,0.459423817,12.3,22.41511129999999,-0.20125108900000122
157.70000000000002,464.9869152,8.182497688,0.160180896,499.7247415,8.416964551,0.474990106,12.3,22.437826299999994,-0.23446686299999975
157.8,465.8047427,8.200941055,0.208878499,500.5684449,8.465274717,0.490293671,12.3,22.463702199999954,-0.2643336620000003
157.9,466.6246589,8.224273388,0.25776815,501.4170569,8.515093345,0.505387055,12.3,22.49239799999999,-0.2908199570000001
158.0,467.4471528,8.252494685,0.3066578,502.2707251,8.566394164,0.520322803,12.3,22.523572299999966,-0.3138994789999998
158.10000000000002,468.2727134,8.285604948,0.355547451,503.1295973,8.619171918,0.535153462,12.3,22.556883900000013,-0.3335669699999997
158.20000000000002,469.1018294,8.323604175,0.404437102,503.9938211,8.673426608,0.549931576,12.3,22.591991700000005,-0.34982243299999993
158.3,469.9349897,8.366492368,0.453326753,504.8635441,8.729158233,0.564700932,12.3,22.628554399999995,-0.3626658650000003
158.4,470.7726833,8.414269526,0.502216404,505.7389142,8.786366794,0.579470288,12.3,22.666230900000027,-0.3720972679999992
158.5,471.6153991,8.466935649,0.550869091,506.620079,8.845052291,0.594239645,12.3,22.704679899999984,-0.37811664200000017
158.60000000000002,472.463626,8.524490737,0.598099997,507.5071862,8.905214723,0.609009001,12.3,22.7435602,-0.38072398599999957
158.70000000000002,473.3178528,8.58693479,0.642487339,508.4003835,8.966854091,0.623778357,12.3,22.78253069999995,-0.37991930099999927
158.8,474.1785685,8.65412563,0.682609336,509.2998186,9.029970394,0.638547713,12.3,22.821250099999997,-0.375844764
158.9,475.0462619,8.725352366,0.717939758,510.2056391,9.094563633,0.653317069,12.3,22.859377199999994,-0.36921126700000073
159.0,475.9214219,8.799761929,0.744370168,511.1179928,9.160633808,0.668155634,12.3,22.89657090000004,-0.3608718789999994
159.10000000000002,476.8045375,8.876501251,0.763402403,512.0370274,9.228180918,0.683409448,12.3,22.932489900000075,-0.3516796669999991
159.20000000000002,477.6959839,8.955254592,0.773903948,512.9628906,9.297204964,0.699493763,12.3,22.96690670000005,-0.3419503720000012
159.3,478.595681,9.033556891,0.776111766,513.8957299,9.367747471,0.716823827,12.3,23.000048899999978,-0.33419057999999957
159.4,479.5034355,9.112167072,0.771210676,514.8356933,9.440016063,0.735814891,12.3,23.03225779999998,-0.32784899099999976
159.5,480.4190538,9.189694735,0.759726907,515.7829283,9.514259891,0.756882204,12.3,23.063874500000008,-0.32456515600000024
159.60000000000002,481.3423423,9.265428989,0.745768896,516.7375826,9.590728104,0.780371809,12.3,23.09524030000001,-0.32529911499999997
159.70000000000002,482.2731074,9.339227656,0.72807177,517.6998371,9.669669853,0.806352914,12.3,23.126729699999952,-0.330442197
159.8,483.2111556,9.411090736,0.708952863,518.6700057,9.751334287,0.834756309,12.3,23.158850100000063,-0.34024355100000037
159.9,484.1562933,9.481018229,0.689596992,519.6484353,9.835970557,0.865235955,12.3,23.192141999999944,-0.35495232799999954
160.0,485.108327,9.549010134,0.670241121,520.635473,9.923827811,0.8973766,12.3,23.227146000000072,-0.3748176770000011
160.10000000000002,486.0670632,9.615066453,0.65088525,521.6314658,10.01511368,0.930762995,12.3,23.264402599999993,-0.40004722699999995
160.20000000000002,487.0323081,9.679187184,0.631529379,522.6367607,10.10986968,0.96497989,12.3,23.304452599999944,-0.4306824959999993
160.3,488.0038684,9.741372329,0.612173508,523.6517047,10.20809581,0.999612035,12.3,23.347836299999994,-0.46672348099999894
160.4,488.9815504,9.801621886,0.592817637,524.6766448,10.30979208,1.034313388,12.3,23.39509439999996,-0.5081701939999999
160.5,489.9651606,9.859935856,0.573461766,525.711928,10.41495849,1.069014741,12.3,23.446767399999953,-0.5550226340000002
160.60000000000002,490.9545054,9.916314239,0.554420175,526.7579014,10.52359503,1.103716095,12.3,23.50339600000002,-0.6072807909999991
160.70000000000002,491.9493912,9.970757035,0.538932705,527.814912,10.63570171,1.138417448,12.3,23.56552080000007,-0.6649446749999992
160.8,492.9496246,10.02326424,0.523879722,528.8833067,10.75127852,1.173118801,12.3,23.633682100000055,-0.72801428
160.9,493.9550118,10.07402443,0.516152225,529.9634326,10.87032547,1.207820154,12.3,23.70842080000001,-0.7963010399999995
161.0,494.9653595,10.12498151,0.515967457,531.0556367,10.99284255,1.242253324,12.3,23.79027720000006,-0.8678610400000011
161.10000000000002,495.980474,10.17426369,0.5252111,532.1602661,11.11882977,1.275077394,12.3,23.87979209999993,-0.9445660799999995
161.20000000000002,497.0001618,10.22600557,0.545454556,533.2776676,11.24828712,1.304683265,12.3,23.97750579999997,-1.0222815500000006
161.3,498.0243801,10.28033751,0.575343666,534.4081884,11.3810537,1.329461837,12.3,24.083808299999998,-1.10071619
161.4,499.0536897,10.3383909,0.619569467,535.5521755,11.51632496,1.347804011,12.3,24.19848579999997,-1.1779340600000001
161.5,500.0888022,10.40129717,0.671555241,536.7099758,11.65313543,1.358100686,12.3,24.321173600000076,-1.2518382600000013
161.60000000000002,501.130429,10.47018771,0.731083743,537.8819364,11.79051966,1.359010946,12.3,24.45150739999998,-1.32033195
161.70000000000002,502.1792818,10.54600537,0.796269292,539.0682756,11.92751218,1.350266608,12.3,24.58899379999998,-1.3815068100000012
161.8,503.2360722,10.62893872,0.865226206,540.2686967,12.06314754,1.332135856,12.3,24.73262449999994,-1.4342088199999985
161.9,504.3015117,10.71898775,0.936068802,541.4827744,12.19646027,1.305959606,12.3,24.881262700000047,-1.4774725199999992
162.0,505.3763119,10.81615248,1.007225678,542.7100833,12.32648492,1.273346956,12.3,25.03377139999993,-1.5103324400000009
162.10000000000002,506.4611844,10.92043289,1.078382555,543.9501982,12.45241694,1.235907008,12.3,25.189013800000065,-1.5319840500000002
162.20000000000002,507.5568407,11.03182899,1.149539431,545.2026935,12.57409542,1.195248861,12.3,25.3458528,-1.5422664300000015
162.3,508.6639924,11.15034078,1.220696307,546.467144,12.69152035,1.152981613,12.3,25.503151599999978,-1.5411795699999988
162.4,509.783351,11.27596825,1.291853183,547.7431243,12.80469174,1.110446183,12.3,25.659773299999994,-1.5287234900000009
162.5,510.9156282,11.40871141,1.36301006,549.0302091,12.91360959,1.067910753,12.3,25.814580899999964,-1.5048981799999996
162.60000000000002,512.0615354,11.54857026,1.433728516,550.327973,13.01827389,1.025375322,12.3,25.966437600000017,-1.4697036299999997
162.70000000000002,513.2217844,11.6955448,1.501816455,551.6359907,13.11868465,0.982839892,12.3,26.114206299999932,-1.42313985
162.8,514.3970865,11.84963503,1.564643359,552.9538367,13.21484187,0.940304461,12.3,26.25675020000001,-1.3652068400000008
162.9,515.5881535,12.01057789,1.619578709,554.2810858,13.30674554,0.897769031,12.3,26.39293230000005,-1.2961676499999992
163.0,516.7956969,12.17705812,1.663991989,555.6173126,13.39439568,0.855453302,12.3,26.521615699999938,-1.2173375600000007
163.10000000000002,518.0204282,12.34749743,1.69525268,556.9620917,13.47779226,0.814455782,12.3,26.641663500000003,-1.1302948299999986
163.20000000000002,519.263059,12.52031749,1.711168685,558.3149978,13.55693531,0.776094681,12.3,26.751938800000016,-1.03661782
163.3,520.5240905,12.69393999,1.711301583,559.6756056,13.63195663,0.741688208,12.3,26.851515099999983,-0.938016639999999
163.4,521.8031819,12.86678663,1.696089795,561.0434896,13.70351534,0.711699505,12.3,26.940307700000016,-0.8367287099999992
163.5,523.0997823,13.0372791,1.667725418,562.4182245,13.77240235,0.690011983,12.3,27.018442199999935,-0.7351232500000009
163.60000000000002,524.4133405,13.20383907,1.62883897,563.799385,13.8394086,0.675158948,12.3,27.086044500000025,-0.6355695299999997
163.70000000000002,525.7433055,13.36515131,1.58206097,565.1866511,13.90481197,0.668215169,12.3,27.14334559999993,-0.5396606600000009
163.8,527.0891262,13.52095274,1.530021933,566.5801249,13.9709425,0.668960944,12.3,27.190998699999977,-0.44998975999999935
163.9,528.4502515,13.67124338,1.47535238,567.9800136,14.037052,0.676297765,12.3,27.22976209999997,-0.36580861999999925
164.0,529.8261303,13.81602322,1.420244406,569.3865247,14.10444444,0.689762491,12.3,27.26039439999995,-0.28842122000000003
164.10000000000002,531.2162115,13.95529226,1.365136433,570.7998656,14.17377892,0.705471711,12.3,27.28365409999999,-0.21848665999999994
164.20000000000002,532.6199441,14.0890505,1.310028459,572.2202436,14.24518726,0.724672416,12.3,27.300299500000005,-0.156136759999999
164.3,534.036777,14.21729795,1.254920486,573.6478661,14.31866946,0.74519133,12.3,27.311089099999958,-0.10137150999999989
164.4,535.4661591,14.3400346,1.199812513,575.0829405,14.39422553,0.765929946,12.3,27.316781399999922,-0.05419093000000075
164.5,536.9075393,14.45726045,1.144704539,576.5256743,14.47185545,0.786668562,12.3,27.318134999999938,-0.014594999999999914
164.60000000000002,538.3603666,14.56897551,1.089814362,577.9762747,14.55155924,0.807407178,12.3,27.315908099999955,0.01741627000000001
164.70000000000002,539.8240898,14.67517976,1.036230965,579.4349492,14.63333689,0.828145795,12.3,27.31085939999998,0.041842869999999976
164.8,541.298158,14.77587323,0.985261126,580.9019051,14.7171884,0.848884411,12.3,27.303747100000077,0.05868483000000069
164.9,542.7820199,14.87118657,0.938211626,582.3773499,14.80311377,0.869623027,12.3,27.29532999999999,0.06807280000000127
165.0,544.2751245,14.96177318,0.896389244,583.861491,14.891113,0.89014929,12.3,27.286366500000053,0.07066017999999907
165.10000000000002,545.7769208,15.04841713,0.860043086,585.3545356,14.9811861,0.909401435,12.3,27.27761479999999,0.0672310300000003
165.20000000000002,547.2868577,15.13190248,0.832670473,586.8566913,15.07333305,0.925541268,12.3,27.269833599999924,0.058569430000000366
165.3,548.8044886,15.21301331,0.813610226,588.3681653,15.16742646,0.938986902,12.3,27.263676699999973,0.0455868499999994
165.4,550.3297851,15.29189908,0.801408179,589.8891651,15.26282926,0.946771988,12.3,27.259380000000032,0.029069820000000135
165.5,551.8628235,15.37078885,0.795740028,591.4198981,15.35843853,0.948186486,12.3,27.257074599999964,0.01235031999999947
165.60000000000002,553.4036799,15.44993931,0.795298995,592.9605716,15.45450514,0.94216863,12.3,27.256891699999937,-0.004565830000000659
165.70000000000002,554.9524305,15.52926203,0.799835974,594.5112911,15.54924929,0.928506068,12.3,27.258860600000002,-0.019987260000000617
165.8,556.5091515,15.6093465,0.805635847,596.0717544,15.64224495,0.90797523,12.3,27.2626029,-0.032898450000001134
165.9,558.073919,15.69019271,0.81227081,597.6415572,15.73272764,0.879945649,12.3,27.26763819999992,-0.042534930000000415
166.0,559.6468091,15.77180066,0.819888251,599.2202954,15.8199329,0.847383674,12.3,27.273486300000013,-0.04813223999999927
166.10000000000002,561.2278982,15.85417036,0.827505691,600.8075647,15.90322367,0.810999346,12.3,27.279666499999916,-0.049053309999999684
166.20000000000002,562.8172623,15.9373018,0.835123132,602.4029611,15.98247253,0.772066783,12.3,27.28569879999993,-0.0451707300000006
166.3,564.4149777,16.02119498,0.842740573,604.0060802,16.0576795,0.731860102,12.3,27.291102500000033,-0.036484519999998355
166.4,566.0211205,16.10584991,0.850358013,605.6165179,16.12884455,0.691441068,12.3,27.29539739999991,-0.022994640000000288
166.5,567.6357668,16.19126659,0.857975454,607.23387,16.19596771,0.651022034,12.3,27.298103199999968,-0.004701120000000003
166.60000000000002,569.2589929,16.27744501,0.865592895,608.8577324,16.25904896,0.610603001,12.3,27.298739500000078,0.018396049999999775
166.70000000000002,570.8908749,16.36438517,0.873259406,610.4877008,16.31808831,0.570183967,12.3,27.296825899999998,0.04629685999999822
166.8,572.5314891,16.45208707,0.881220337,612.123371,16.37308575,0.529764933,12.3,27.291881899999975,0.07900131999999971
166.9,574.1809115,16.54055072,0.88977011,613.7643389,16.4240413,0.489345899,12.3,27.283427400000004,0.11650941999999986
167.0,575.8392183,16.62980556,0.899203146,615.4102002,16.47095493,0.449556575,12.3,27.270981899999992,0.15885062999999988
167.10000000000002,577.5064858,16.71999879,0.909813864,617.0605508,16.51382667,0.416436354,12.3,27.254065000000036,0.2061721200000015
167.20000000000002,579.1827901,16.81130707,0.921896687,618.7149865,16.5526565,0.385090974,12.3,27.232196399999975,0.25865057000000036
167.3,580.8682074,16.90390705,0.935696963,620.3731031,16.58782225,0.36797122,12.3,27.20489570000002,0.3160848000000023
167.4,582.5628374,16.99797539,0.951263765,622.0344964,16.62294757,0.365964511,12.3,27.17165899999993,0.3750278199999997
167.5,584.266874,17.09368873,0.96854802,623.6987621,16.65509588,0.382849111,12.3,27.131888099999923,0.43859284999999915
167.60000000000002,585.9805347,17.19122374,0.98730438,625.3654962,16.69173767,0.421773569,12.3,27.08496150000003,0.4994860700000032
167.70000000000002,587.7040371,17.29075705,1.007238423,627.0345967,16.73340538,0.480476755,12.3,27.0305595999999,0.5573516699999992
167.8,589.4375987,17.39243588,1.028055727,628.7071707,16.78236597,0.567001482,12.3,26.96957200000004,0.61006991
167.9,591.1814368,17.49628968,1.049461874,630.3846275,16.8408864,0.669526676,12.3,26.903190699999936,0.6554032800000016
168.0,592.9357691,17.60231844,1.071162441,632.0683766,16.91123362,0.787164916,12.3,26.83260749999995,0.6910848200000004
168.10000000000002,594.700813,17.71052217,1.092912078,633.7598274,16.99529677,0.916137941,12.3,26.75901439999991,0.7152254000000013
168.20000000000002,596.4767861,17.82090086,1.114661716,635.4603891,17.09345367,1.052667489,12.3,26.683603000000016,0.7274471899999995
168.3,598.2639057,17.93345451,1.136411353,637.1714712,17.20570433,1.192975298,12.3,26.60756550000003,0.727750180000001
168.4,600.0623895,18.04818313,1.15816099,638.8944831,17.33204873,1.333912817,12.3,26.532093600000007,0.7161344000000014
168.5,601.8724549,18.16508671,1.179910628,640.6308341,17.47248689,1.474850336,12.3,26.458379200000035,0.6925998200000016
168.60000000000002,603.6943193,18.28416526,1.201660265,642.3819336,17.6270188,1.615787856,12.3,26.387614300000063,0.6571464600000034
168.70000000000002,605.5282004,18.40541876,1.223013198,644.149191,17.79564446,1.756725375,12.3,26.320990600000027,0.6097743000000015
168.8,607.3743156,18.52884724,1.24031663,645.9340156,17.97836387,1.897662895,12.3,26.259699999999906,0.550483370000002
168.9,609.2328824,18.65445067,1.256198167,647.7378169,18.17517704,2.038600414,12.3,26.20493449999999,0.479273629999998
169.0,611.1041183,18.78199105,1.263269753,649.5620042,18.38608396,2.177923661,12.3,26.157885900000064,0.3959070899999979
169.10000000000002,612.9882407,18.90927669,1.26082044,651.4079868,18.61108463,2.307561275,12.3,26.119746099999997,0.2981920599999981
169.20000000000002,614.8854673,19.03788416,1.246470005,653.2771742,18.85017905,2.411205255,12.3,26.09170690000003,0.18770510999999956
169.3,616.7960154,19.16338062,1.218234927,655.1709757,19.10239866,2.499037065,12.3,26.074960299999997,0.060981960000003
169.4,618.7199122,19.2853395,1.177387778,657.0908008,19.36290064,2.541503974,12.3,26.070888600000057,-0.07756114000000025
169.5,620.656423,19.40233268,1.119317433,659.0380587,19.62190019,2.535542715,12.3,26.081635699999946,-0.21956751000000096
169.60000000000002,622.6046229,19.51293201,1.051015242,661.0141589,19.8855062,2.473081926,12.3,26.109536000000002,-0.37257418999999814
169.70000000000002,624.5635869,19.61570936,0.973192152,663.0197358,20.13598701,2.352507334,12.3,26.156148900000016,-0.5202776500000006
169.8,626.5323899,19.70947462,0.888228389,665.0523247,20.37150468,2.182055577,12.3,26.219934799999987,-0.6620300599999993
169.9,628.5101069,19.79398976,0.798504177,667.1086857,20.58624781,1.94993092,12.3,26.29857880000004,-0.7922580500000009
170.0,630.4958129,19.86925479,0.70639974,669.1855792,20.77440504,1.685686094,12.3,26.389766299999973,-0.9051502500000019
170.10000000000002,632.4885829,19.93526971,0.613898599,671.2797654,20.93113354,1.392384367,12.3,26.49118249999999,-0.9958638300000011
170.20000000000002,634.4874919,19.99203451,0.521397458,673.3880045,21.05546475,1.079711372,12.3,26.600512599999956,-1.0634302399999989
170.3,636.4916148,20.0395492,0.428896317,675.5070569,21.14739867,0.757352743,12.3,26.715442099999972,-1.1078494700000014
170.4,638.5000268,20.07781378,0.336395176,677.6336829,21.2069353,0.433379843,12.3,26.833656100000052,-1.1291215200000018
170.5,640.5118027,20.10682824,0.243894035,679.7646427,21.23407464,0.109406942,12.3,26.95283999999999,-1.1272464000000006
170.60000000000002,642.5260175,20.12659258,0.151392894,681.8966965,21.22881668,-0.214565959,12.3,27.070678999999995,-1.1022241000000008
170.70000000000002,644.5417462,20.13710681,0.058891753,684.0266046,21.19116144,-0.53853886,12.3,27.184858400000007,-1.0540546299999995
170.8,646.5580639,20.13837093,-0.033277239,686.1511274,21.12110891,-0.862511761,12.3,27.29306349999997,-0.9827379799999996
170.9,648.5740455,20.13038494,-0.123453343,688.2670251,21.01865909,-1.186484662,12.3,27.392979599999943,-0.8882741500000009
171.0,650.5887659,20.11314883,-0.209643669,690.3710579,20.88381198,-1.510457563,12.3,27.482291999999983,-0.7706631500000007
171.10000000000002,652.6013003,20.08686189,-0.289855329,692.4599861,20.71656758,-1.832332657,12.3,27.55868579999999,-0.629705689999998
171.20000000000002,654.6107235,20.05252058,-0.362095432,694.53057,20.51692589,-2.141620911,12.3,27.61984650000006,-0.46440531000000007
171.3,656.6161106,20.01132061,-0.424371091,696.5795699,20.28488691,-2.425735485,12.3,27.663459300000067,-0.27356630000000237
171.4,658.6165365,19.96445774,-0.476005053,698.6037461,20.02170932,-2.672089538,12.3,27.687209599999914,-0.05725157999999908
171.5,660.6112357,19.91312768,-0.514328669,700.5998587,19.73368654,-2.868096231,12.3,27.688623000000074,0.179441139999998
171.60000000000002,662.6000804,19.85852617,-0.54078266,702.5646681,19.42837069,-3.001168723,12.3,27.664587699999924,0.4301554799999998
171.70000000000002,664.583102,19.80125886,-0.557886171,704.4949346,19.11331386,-3.060817981,12.3,27.61183259999991,0.6879449999999991
171.8,666.5603321,19.74392338,-0.567018125,706.3884253,18.79606815,-3.044946198,12.3,27.52809320000001,0.9478552299999983
171.9,668.5318024,19.68685102,-0.570171413,708.2469353,18.48418567,-2.95565118,12.3,27.41513290000007,1.2026653500000002
172.0,670.4975445,19.62972603,-0.568355435,710.0732666,18.18521853,-2.803421962,12.3,27.275722100000007,1.4445075000000003
172.10000000000002,672.4575898,19.5729168,-0.565899581,711.870221,17.90671883,-2.600845383,12.3,27.112631199999964,1.6661979700000025
172.20000000000002,674.4119699,19.51642332,-0.563356018,713.6406006,17.65497998,-2.360508284,12.3,26.92863069999994,1.861443340000001
172.3,676.3607166,19.4602456,-0.560198491,715.3872072,17.43126068,-2.094997505,12.3,26.726490599999988,2.028984919999999
172.4,678.3038612,19.40438363,-0.557040964,717.1128429,17.23556092,-1.816899885,12.3,26.508981700000003,2.1688227100000006
172.5,680.2414354,19.34883741,-0.553883437,718.8203096,17.0678807,-1.536704459,12.3,26.278874199999972,2.2809567100000017
172.60000000000002,682.1734708,19.29360694,-0.55072591,720.5124093,16.92822003,-1.256509032,12.3,26.038938499999926,2.3653869100000016
172.70000000000002,684.0999989,19.23869222,-0.547568383,722.1919439,16.8165789,-0.976313606,12.3,25.79194500000001,2.422113320000001
172.8,686.0210514,19.18409326,-0.544146748,723.8617153,16.73295731,-0.696118179,12.3,25.54066389999998,2.451135950000001
172.9,687.9366597,19.12981005,-0.539140462,725.5245256,16.67735526,-0.415922753,12.3,25.287865899999996,2.452454790000001
173.0,689.8468555,19.0758426,-0.530964876,727.1831766,16.64977276,-0.135727327,12.3,25.036321100000077,2.4260698400000003
173.10000000000002,691.7516703,19.02234936,-0.518035339,728.8404704,16.65020979,0.143372228,12.3,24.788800099999957,2.372139569999998
173.20000000000002,693.6511358,18.97012266,-0.4987672,730.4992088,16.67866638,0.415896552,12.3,24.548073,2.291456280000002
173.3,695.5452835,18.9201133,-0.471575811,732.1621939,16.7351425,0.675270417,12.3,24.31691040000005,2.184970800000002
173.4,697.4341449,18.87327206,-0.435140627,733.8322275,16.81898064,0.914918591,12.3,24.098082600000065,2.054291420000002
173.5,699.3178784,18.83054973,-0.389197543,735.5121117,16.92689319,1.128265844,12.3,23.89423329999995,1.90365654
173.60000000000002,701.1971495,18.79289711,-0.334010664,737.2046484,17.05493501,1.314726482,12.3,23.707498899999973,1.7379620999999972
173.70000000000002,703.0727503,18.76126498,-0.270900534,738.9126396,17.19916095,1.45664304,12.3,23.53988929999998,1.5621040300000004
173.8,704.9454731,18.73660414,-0.201451803,740.6383611,17.35562588,1.553516755,12.3,23.39288800000004,1.3809782599999991
173.9,706.8161101,18.7197069,-0.127249122,742.3819849,17.52397839,1.617825459,12.3,23.265874800000073,1.1957285099999986
174.0,708.6854535,18.71073174,-0.049877139,744.1431568,17.69296647,1.649258013,12.3,23.157703300000048,1.0177652700000017
174.10000000000002,710.5542954,18.70967865,0.029079494,745.9215226,17.85900324,1.654389646,12.3,23.0672272,0.8506754100000009
174.20000000000002,712.4234282,18.71654764,0.108300235,747.7167282,18.02563028,1.633806054,12.3,22.993300000000044,0.6909173600000003
174.3,714.2936439,18.7313387,0.187520976,749.5284195,18.18871576,1.606260573,12.3,22.934775600000034,0.5426229399999976
174.4,716.1657349,18.75405183,0.266741717,751.3562422,18.34825967,1.577731324,12.3,22.890507300000035,0.40579216000000073
174.5,718.0404933,18.78468704,0.345962458,753.1998422,18.50426202,1.542315705,12.3,22.859348900000054,0.2804250200000027
174.60000000000002,719.9187113,18.82324432,0.4251832,755.0588653,18.65672281,1.506900086,12.3,22.840153999999938,0.16652150999999904
174.70000000000002,721.8011811,18.86972368,0.504403941,756.9329575,18.80564204,1.471484467,12.3,22.831776400000034,0.06408164000000127
174.8,723.688695,18.92412511,0.58309032,758.8217645,18.9510197,1.436068848,12.3,22.83306949999992,-0.026894590000001273
174.9,725.5820451,18.98644862,0.658570528,760.7249322,19.09285581,1.400653229,12.3,22.842887100000052,-0.10640718999999876
175.0,727.4820236,19.0566942,0.727638394,762.6421065,19.23115035,1.36523761,12.3,22.860082899999906,-0.17445615000000103
175.10000000000002,729.3894229,19.13454123,0.787087746,764.5729331,19.36590333,1.329254123,12.3,22.8835102,-0.23136209999999835
175.20000000000002,731.305035,19.21838664,0.833712413,766.5170579,19.49711475,1.289863432,12.3,22.91202290000008,-0.27872811000000297
175.3,733.2296522,19.30630672,0.864306224,768.4741268,19.6247846,1.243658331,12.3,22.94447459999999,-0.3184778800000032
175.4,735.1640666,19.39637776,0.87619737,770.4437856,19.74857218,1.187231616,12.3,22.979719,-0.35219442
175.5,737.1088141,19.48667607,0.868851489,772.4256802,19.86677387,1.117176081,12.3,23.01686609999997,-0.38009779999999793
175.60000000000002,739.0634043,19.57527793,0.842802942,774.4194563,19.97734535,1.030084523,12.3,23.056051999999976,-0.4020674200000016
175.70000000000002,741.0270904,19.66025966,0.800723539,776.4247599,20.0782423,0.923117603,12.3,23.097669500000006,-0.4179826399999982
175.8,742.9991258,19.73969753,0.745819451,778.4409642,20.1674204,0.795707455,12.3,23.14183840000005,-0.4277228700000002
175.9,744.9787637,19.81198848,0.68129685,780.4663522,20.24283532,0.648421945,12.3,23.187588500000015,-0.43084684000000095
176.0,746.9652573,19.87681188,0.610361906,782.4989342,20.30244274,0.484100412,12.3,23.233676900000045,-0.4256308599999983
176.10000000000002,748.9578599,19.93416774,0.536220791,784.5367207,20.34419834,0.306150059,12.3,23.27886080000003,-0.4100305999999989
176.20000000000002,750.9558246,19.98405604,0.461545315,786.5777219,20.36639852,0.117978092,12.3,23.3218973,-0.3823424800000019
176.3,752.9584049,20.0264768,0.386869838,788.6199484,20.36870255,-0.077008284,12.3,23.361543499999993,-0.3422257499999972
176.4,754.9648538,20.06143001,0.312194361,790.6614105,20.35111043,-0.275401866,12.3,23.396556699999973,-0.2896804199999998
176.5,756.9744246,20.08891567,0.237518884,792.7001186,20.31362217,-0.474363314,12.3,23.425693999999975,-0.22470649999999992
176.60000000000002,758.9863707,20.10893379,0.162843407,794.734083,20.25623777,-0.673324763,12.3,23.447712300000102,-0.14730398000000022
176.70000000000002,760.9999452,20.12148435,0.088167931,796.7613142,20.17895722,-0.872286212,12.3,23.461369000000058,-0.057472870000001564
176.8,763.0144013,20.12656737,0.013492454,798.7798225,20.08178053,-1.071247661,12.3,23.46542119999999,0.04478684000000044
176.9,765.0289924,20.12418284,-0.061390959,800.7876184,19.96470769,-1.27020911,12.3,23.45862600000005,0.15947514999999868
177.0,767.0429717,20.11433077,-0.137521988,802.7827121,19.8277387,-1.469170559,12.3,23.439740400000073,0.28659206999999753
177.10000000000002,769.0555923,20.09701114,-0.216148248,804.7631142,19.67087358,-1.667121749,12.3,23.407521900000074,0.4261375600000008
177.20000000000002,771.0661077,20.07209921,-0.298517357,806.7268349,19.4941123,-1.859011389,12.3,23.360727199999996,0.5779869099999999
177.3,773.0737709,20.03897116,-0.385876929,808.6718847,19.29745489,-2.038777927,12.3,23.298113799999964,0.7415162699999982
177.4,775.0778353,19.99687842,-0.479474581,810.596274,19.08150748,-2.200359813,12.3,23.218438700000046,0.9153709400000025
177.5,777.0775541,19.94507243,-0.580349992,812.4980131,18.84930086,-2.343103364,12.3,23.120458999999936,1.0957715700000001
177.60000000000002,779.0720807,19.88280461,-0.688711099,814.3751124,18.60447195,-2.444723427,12.3,23.00303170000002,1.2783326600000002
177.70000000000002,781.0601693,19.8093264,-0.804349966,816.2255823,18.35065769,-2.516392311,12.3,22.865413000000057,1.4586687100000013
177.8,783.0404744,19.72388922,-0.926226912,818.0479181,18.08825029,-2.551691892,12.3,22.707443699999953,1.635638929999999
177.9,785.0116503,19.6257445,-1.053094322,819.8425549,17.83062083,-2.551632426,12.3,22.53090459999994,1.7951236699999988
178.0,786.9723514,19.51426844,-1.18370458,821.6104125,17.57167209,-2.521265207,12.3,22.338061100000072,1.9425963499999988
178.10000000000002,788.921232,19.38933628,-1.316810069,823.3524109,17.31828572,-2.461243919,12.3,22.131178899999963,2.0710505599999998
178.20000000000002,790.8569467,19.25094802,-1.451163175,825.06947,17.07349249,-2.393853712,12.3,21.912523300000043,2.1774555299999996
178.3,792.7781497,19.09910365,-1.585724217,826.7625097,16.83789856,-2.308932537,12.3,21.684360000000037,2.2612050900000007
178.4,794.6834955,18.93380317,-1.720285258,828.4324501,16.61150393,-2.217949812,12.3,21.448954599999933,2.3222992399999995
178.5,796.5716384,18.7550466,-1.8548463,830.0802109,16.3943086,-2.125956828,12.3,21.208572500000013,2.3607380000000013
178.60000000000002,798.4412328,18.56283391,-1.989407341,831.7067121,16.18631257,-2.033963844,12.3,20.965479300000037,2.37652134
178.70000000000002,800.2909332,18.35716513,-2.123968383,833.3128737,15.98751583,-1.94197086,12.3,20.721940499999913,2.369649299999999
178.8,802.1193939,18.13804024,-2.258529425,834.8996156,15.7979184,-1.849977876,12.3,20.48022169999997,2.3401218399999983
178.9,803.9252693,17.90545924,-2.391944624,836.4678578,15.61752026,-1.757984892,12.3,20.24258850000008,2.28793898
179.0,805.7072138,17.65942214,-2.518484768,838.01852,15.44632142,-1.665991908,12.3,20.01130619999999,2.21310072
179.10000000000002,807.4638818,17.39992894,-2.631274803,839.5525224,15.28432188,-1.573691781,12.3,19.788640600000075,2.1156070599999985
179.20000000000002,809.1939276,17.12766714,-2.723439673,841.0707848,15.13152163,-1.479548796,12.3,19.576857199999903,1.9961455099999998
179.3,810.8960058,16.84607427,-2.788104324,842.5742271,14.98792069,-1.381720097,12.3,19.378221300000018,1.8581535799999997
179.4,812.5687705,16.55927536,-2.818393701,844.0637693,14.85370333,-1.278362824,12.3,19.19499879999996,1.7055720300000008
179.5,814.2108764,16.27139544,-2.808578592,845.5403312,14.72979098,-1.167634122,12.3,19.029454800000007,1.5416044599999985
179.60000000000002,815.8215276,15.98655955,-2.757513154,847.0048329,14.61728936,-1.047691132,12.3,18.88330530000003,1.3692701900000017
179.70000000000002,817.4021287,15.70889272,-2.66634323,848.4581943,14.51730418,-0.91699814,12.3,18.756065599999896,1.1915885399999997
179.8,818.9546341,15.44251998,-2.540798031,849.9014827,14.43094116,-0.775248002,12.3,18.646848599999952,1.0115788200000004
179.9,820.4809981,15.19156637,-2.387752614,851.3363552,14.35930601,-0.622747863,12.3,18.55535709999999,0.8322603600000011
180.0,821.9831753,14.95946942,-2.214082032,852.7646163,14.30350444,-0.461033435,12.3,18.481440999999972,0.6559649800000003
180.10000000000002,823.4631199,14.74691662,-2.02666134,854.1880704,14.26464218,-0.291947578,12.3,18.424950499999976,0.4822744400000012
180.20000000000002,824.9227865,14.55390798,-1.832365594,855.6085222,14.24364064,-0.117333148,12.3,18.38573570000001,0.31026733999999934
180.3,826.3641295,14.3804435,-1.636924005,857.027776,14.24068412,0.060966998,12.3,18.363646500000026,0.139759380000001
180.4,827.7891031,14.22652318,-1.441482416,858.4476365,14.25577261,0.24111,12.3,18.35853340000001,-0.02924943000000013
180.5,829.199662,14.09214702,-1.246040827,859.8699081,14.28890612,0.421560146,12.3,18.370246099999985,-0.19675909999999952
180.60000000000002,830.5977605,13.97731502,-1.050599238,861.2963952,14.34008464,0.602010292,12.3,18.398634699999956,-0.3627696199999999
180.70000000000002,831.9853529,13.88202717,-0.855157649,862.7289025,14.40930818,0.782460437,12.3,18.44354960000005,-0.5272810099999994
180.8,833.3643938,13.80628349,-0.65971606,864.1692343,14.49657673,0.962910583,12.3,18.504840499999954,-0.690293239999999
180.9,834.7368376,13.75008396,-0.464494179,865.6191953,14.6018903,1.143360729,12.3,18.582357700000056,-0.8518063400000013
181.0,836.1046385,13.71342859,-0.270590545,867.0805899,14.72524888,1.323810874,12.3,18.675951399999985,-1.011820290000001
181.10000000000002,837.4697512,13.69631738,-0.079323405,868.5552226,14.86665247,1.503694752,12.3,18.78547139999996,-1.17033509
181.20000000000002,838.8341299,13.69861851,0.107988995,870.0448979,15.02610108,1.680181018,12.3,18.91076800000003,-1.3274825700000008
181.3,840.1997292,13.71967284,0.290028407,871.5514203,15.2035947,1.849872063,12.3,19.05169110000004,-1.4839218600000006
181.4,841.5685033,13.75868944,0.465476584,873.0765943,15.39879358,2.009370275,12.3,19.208091000000035,-1.64010414
181.5,842.9424068,13.81487736,0.633234989,874.6222245,15.60999891,2.155278045,12.3,19.379817700000057,-1.7951215499999993
181.60000000000002,844.3232886,13.88744564,0.793083911,876.1901152,15.83517211,2.28419776,12.3,19.56682660000008,-1.947726470000001
181.70000000000002,845.7125758,13.97560333,0.94524306,877.7820711,16.07227464,2.393298079,12.3,19.769495300000084,-2.0966713099999996
181.8,847.1115901,14.0785595,1.090810975,879.3996248,16.31926791,2.482012733,12.3,19.988034700000025,-2.24070841
181.9,848.5216531,14.19552319,1.231105902,881.0432217,16.57411336,2.550907991,12.3,20.221568600000023,-2.378590169999999
182.0,849.9440864,14.32583528,1.367446088,882.7130356,16.83477243,2.602815195,12.3,20.468949200000065,-2.5089371500000013
182.10000000000002,851.3802118,14.46936394,1.501149781,884.40924,17.09920655,2.641131956,12.3,20.72902819999997,-2.6298426100000025
182.20000000000002,852.8313509,14.62610918,1.633535226,886.1320086,17.36571691,2.669255884,12.3,21.000657699999987,-2.7396077299999995
182.3,854.2988254,14.79607099,1.765700964,887.8815151,17.63396375,2.690584591,12.3,21.282689699999946,-2.837892759999999
182.4,855.7839569,14.97924937,1.897866702,889.6579332,17.90394708,2.708515687,12.3,21.57397629999998,-2.9246977099999985
182.5,857.288067,15.17564433,2.03003244,891.4614363,18.17566689,2.725880515,12.3,21.87336929999999,-3.000022559999998
182.60000000000002,858.8124774,15.38525586,2.162198178,893.2921983,18.44912318,2.743245342,12.3,22.17972089999996,-3.0638673200000017
182.70000000000002,860.3585099,15.60808396,2.294363916,895.1503927,18.72431596,2.76061017,12.3,22.491882800000052,-3.1162319999999983
182.8,861.9274859,15.84412864,2.426529653,897.0361932,19.00124522,2.777974997,12.3,22.80870729999999,-3.157116580000002
182.9,863.5207273,16.09338989,2.558695391,898.9497735,19.27991096,2.795339825,12.3,23.129046200000015,-3.1865210699999977
183.0,865.1395556,16.35586772,2.690179672,900.8913072,19.56031318,2.812704652,12.3,23.451751600000033,-3.2044454600000023
183.10000000000002,866.7852926,16.63156212,2.81757521,902.8609679,19.84245189,2.83006948,12.3,23.775675299999943,-3.210889769999998
183.20000000000002,868.4592598,16.92047309,2.936793262,904.8589293,20.12632708,2.842007799,12.3,24.09966949999996,-3.205853989999998
183.3,870.1627789,17.22219177,3.043745085,906.8853651,20.41193875,2.856549237,12.3,24.42258619999991,-3.1897469800000025
183.4,871.8971716,17.53467377,3.137122956,908.9404488,20.6992869,2.859443375,12.3,24.743277200000033,-3.1646131299999993
183.5,873.6637596,17.85546585,3.204495074,911.0243542,20.98507158,2.845672583,12.3,25.0605945999999,-3.129605729999998
183.60000000000002,875.4638644,18.18211477,3.250797211,913.1372549,21.27485146,2.811705713,12.3,25.37339049999998,-3.0927366900000024
183.70000000000002,877.2984807,18.51383589,3.272566891,915.2793245,21.55811791,2.752493747,12.3,25.6808438,-3.0442820200000007
183.8,879.1672946,18.84317014,3.270485571,917.4507367,21.83373063,2.668487595,12.3,25.9834421,-2.99056049
183.9,881.0696652,19.17267009,3.247960536,919.6512612,22.09896218,2.545373789,12.3,26.28159599999999,-2.9262920900000005
184.0,883.0049516,19.4982139,3.20629951,921.8790521,22.35078315,2.396459161,12.3,26.57410049999994,-2.852569250000002
184.10000000000002,884.9725127,19.81775719,3.157934294,924.1318594,22.58616414,2.222802754,12.3,26.859346700000014,-2.768406950000003
184.20000000000002,886.9717077,20.13089109,3.098610573,926.4074333,22.80207573,2.02895027,12.3,27.135725599999954,-2.67118464
184.3,889.0018956,20.4376156,3.035198109,928.703524,22.99599341,1.819950728,12.3,27.401628400000003,-2.5583778099999996
184.4,891.0624355,20.73793071,2.971104188,931.0178814,23.16741228,1.600853147,12.3,27.65544589999997,-2.42948157
184.5,893.1526865,21.03183644,2.907010268,933.3482558,23.31633234,1.376706546,12.3,27.895569299999988,-2.2844958999999996
184.60000000000002,895.2720075,21.31933277,2.842916347,935.6923973,23.44275359,1.151718443,12.3,28.120389800000066,-2.1234208199999998
184.70000000000002,897.4197577,21.60041971,2.778822426,938.048056,23.54667603,0.926730339,12.3,28.328298299999982,-1.9462563199999998
184.8,899.5952962,21.87509725,2.714728505,940.4129819,23.62809966,0.701742235,12.3,28.51768569999997,-1.7530024100000006
184.9,901.7979819,22.14336541,2.650634584,942.7849253,23.68702448,0.476754131,12.3,28.686943400000086,-1.5436590700000004
185.0,904.0271739,22.40522417,2.585876087,945.1616362,23.72345048,0.251766028,12.3,28.834462299999995,-1.31822631
185.10000000000002,906.2822314,22.66067354,2.517130132,947.5408648,23.73737768,0.026777924,12.3,28.958633400000007,-1.0767041400000004
185.20000000000002,908.5625133,22.90971352,2.440409264,949.9203612,23.72880607,-0.197447176,12.3,29.057847900000024,-0.8190925500000006
185.3,910.8673788,23.15194536,2.351726024,952.2978754,23.69773565,-0.41709425,12.3,29.13049659999997,-0.5457902899999993
185.4,913.1961869,23.38537533,2.247092956,954.6711577,23.64416641,-0.627585274,12.3,29.174970799999937,-0.2587910800000017
185.5,915.5482966,23.60761096,2.122522602,957.0379581,23.56855617,-0.824342223,12.3,29.18966150000001,0.03905478999999801
185.60000000000002,917.923067,23.81625978,1.974692082,959.3960268,23.47319393,-1.002787071,12.3,29.17295980000001,0.34306584999999856
185.70000000000002,920.3195382,24.00892931,1.80293682,961.7431138,23.36082652,-1.158341794,12.3,29.123575599999935,0.6481027899999994
185.8,922.7354742,24.18322708,1.607921391,964.0769693,23.23420073,-1.28719137,12.3,29.041495099999974,0.9490263500000005
185.9,925.1683202,24.33676061,1.392968676,966.3957097,23.0960634,-1.388572795,12.3,28.927389499999958,1.2406972100000004
186.0,927.6155212,24.46713742,1.162066133,968.6989163,22.94916134,-1.463249074,12.3,28.78339509999996,1.5179760800000004
186.10000000000002,930.0745222,24.5723638,0.919201219,970.9865366,22.79624135,-1.515035227,12.3,28.612014399999975,1.7761224500000026
186.20000000000002,932.5427685,24.65204099,0.66836139,973.2585183,22.64005026,-1.54850928,12.3,28.415749800000025,2.011990730000001
186.3,935.017705,24.70616899,0.413534105,975.5148088,22.48287707,-1.568249257,12.3,28.19710379999999,2.2232919199999976
186.4,937.4967769,24.73474781,0.158042243,977.7553558,22.3251796,-1.578833184,12.3,27.958578899999974,2.4095682099999998
186.5,939.9774292,24.73777744,-0.097449619,979.9801069,22.16695783,-1.584839086,12.3,27.70267770000005,2.5708196099999974
186.60000000000002,942.457107,24.71525789,-0.352941481,982.1890095,22.00821178,-1.590081984,12.3,27.431902500000046,2.7070461100000003
186.70000000000002,944.9332554,24.66718914,-0.608433342,984.3820114,21.84894144,-1.595324882,12.3,27.148756000000002,2.8182477000000006
186.8,947.4033194,24.59357122,-0.863925204,986.55906,21.6891468,-1.600567779,12.3,26.855740600000058,2.9044244200000016
186.9,949.8647442,24.4944041,-1.119417066,988.7201029,21.52882788,-1.605810677,12.3,26.55535870000001,2.965576219999999
187.0,952.3149748,24.3696878,-1.374908928,990.8650877,21.36798467,-1.611053575,12.3,26.250112900000044,3.0017031300000028
187.10000000000002,954.7514564,24.21942232,-1.629509026,992.993962,21.20661717,-1.616296473,12.3,25.942505599999958,3.0128051499999984
187.20000000000002,957.1716339,24.04360765,-1.878758541,995.1066733,21.04472537,-1.622022326,12.3,25.63503940000005,2.99888228
187.3,959.5729525,23.84224379,-2.117306892,997.2031692,20.88230929,-1.63064591,12.3,25.330216700000005,2.959934500000003
187.4,961.9528572,23.6158658,-2.339803496,999.2833973,20.71936892,-1.645064958,12.3,25.030540100000007,2.896496880000001
187.5,964.3087932,23.36714898,-2.54089777,1001.347305,20.55561449,-1.668177201,12.3,24.738511800000037,2.8115344899999997
187.60000000000002,966.6382055,23.09930367,-2.715239133,1003.39484,20.38959712,-1.70288037,12.3,24.456634500000018,2.70970655
187.70000000000002,968.9385392,22.81554022,-2.858368764,1005.42595,20.21957819,-1.752072197,12.3,24.187410799999906,2.595962029999999
187.8,971.2076675,22.51906898,-2.969840266,1007.440583,20.04381905,-1.818167458,12.3,23.93291549999999,2.4752499300000004
187.9,973.4451755,22.21310031,-3.049469105,1009.438454,19.86058107,-1.90164911,12.3,23.693278499999973,2.352519240000003
188.0,975.6510768,21.90084454,-3.102270804,1011.418351,19.6681256,-2.002034195,12.3,23.467274199999974,2.2327189400000016
188.10000000000002,977.8253847,21.58524482,-3.13392997,1013.378832,19.46471401,-2.116907939,12.3,23.253447300000015,2.120530809999998
188.20000000000002,979.9681124,21.26962221,-3.149537388,1015.318453,19.24860766,-2.243372609,12.3,23.05034059999998,2.0210145500000003
188.3,982.0792735,20.95417774,-3.154443642,1017.23577,19.01835767,-2.378530474,12.3,22.856496500000002,1.9358200699999983
188.4,984.1588812,20.638711,-3.153553949,1019.129341,18.77367429,-2.519483802,12.3,22.670459799999957,1.8650367100000018
188.5,986.2069489,20.32337788,-3.152403425,1020.997722,18.51455751,-2.663334862,12.3,22.49077309999991,1.8088203699999994
188.60000000000002,988.2234899,20.00817836,-3.151327128,1022.839469,18.24100732,-2.807668877,12.3,22.315979100000003,1.7671710399999974
188.70000000000002,990.2085177,19.69311245,-3.149991036,1024.65314,17.95302373,-2.952002892,12.3,22.144622299999877,1.7400887199999993
188.8,992.1620456,19.37818015,-3.148654943,1026.43729,17.65060674,-3.096336907,12.3,21.97524440000002,1.727573409999998
188.9,994.084087,19.06338146,-3.147318851,1028.190478,17.33375635,-3.240670922,12.3,21.80639100000003,1.729625109999997
189.0,995.9746551,18.74871638,-3.145982758,1029.911258,17.00247256,-3.385004937,12.3,21.63660290000014,1.7462438200000001
189.10000000000002,997.8337634,18.43418491,-3.144651451,1031.598189,16.65675536,-3.529338952,12.3,21.464425600000094,1.7774295500000008
189.20000000000002,999.6614253,18.11978705,-3.143348851,1033.249826,16.29660477,-3.672316941,12.3,21.288400699999965,1.823182280000001
189.3,1001.457654,17.8055228,-3.142103668,1034.864727,15.92202077,-3.807158775,12.3,21.107072999999854,1.883502029999999
189.4,1003.222463,17.49138928,-3.14094461,1036.441447,15.53300337,-3.9257283,12.3,20.918983999999977,1.9583859100000005
189.5,1004.955866,17.17737215,-3.139900384,1037.978544,15.13036618,-4.01988936,12.3,20.72267800000004,2.0470059700000007
189.60000000000002,1006.657875,16.86345418,-3.1389997,1039.474574,14.71817729,-4.081505802,12.3,20.516699000000084,2.1452768900000017
189.70000000000002,1008.328505,16.54961814,-3.138253806,1040.928094,14.30131838,-4.102441469,12.3,20.29958900000015,2.24829976
189.8,1009.967767,16.23584682,-3.137697363,1042.337661,13.88467115,-4.075916233,12.3,20.069894000000044,2.351175669999998
189.9,1011.575661,15.92212298,-3.137312005,1043.702482,13.47311729,-4.000574069,12.3,19.82682099999995,2.44900569
190.0,1013.152189,15.608437,-3.137062041,1045.024368,13.07153849,-3.877771002,12.3,19.572179000000073,2.5368985100000003
190.10000000000002,1014.697349,15.29475373,-3.13692691,1046.305781,12.68481644,-3.71428716,12.3,19.308431999999993,2.6099372899999995
190.20000000000002,1016.21114,14.98106698,-3.136877903,1047.549184,12.31783285,-3.5182587,12.3,19.038043999999967,2.6632341299999993
190.3,1017.693564,14.66738092,-3.136898988,1048.757038,11.97465578,-3.297821775,12.3,18.763473999999928,2.6927251399999985
190.4,1019.144619,14.35369067,-3.136931579,1049.931805,11.65609885,-3.061112541,12.3,18.487185999999905,2.6975918200000013
190.5,1020.564304,14.03999623,-3.136965335,1051.075948,11.36216207,-2.816267152,12.3,18.211643999999932,2.6778341599999997
190.60000000000002,1021.95262,13.7262976,-3.137007237,1052.191927,11.09284542,-2.570065737,12.3,17.939307000000053,2.633452180000001
190.70000000000002,1023.309566,13.41259479,-3.13704914,1053.282207,10.84814892,-2.323864322,12.3,17.672640999999953,2.56444587
190.8,1024.635141,13.09888778,-3.137082895,1054.349247,10.62807256,-2.077662907,12.3,17.414106000000128,2.4708152200000004
190.9,1025.929346,12.78517658,-3.137119852,1055.395511,10.43261634,-1.831461492,12.3,17.166165000000046,2.3525602400000007
191.0,1027.192179,12.47146119,-3.137150406,1056.42346,10.26178026,-1.585260077,12.3,16.93128100000008,2.2096809299999993
191.10000000000002,1028.42364,12.1577465,-3.136412026,1057.435557,10.11556432,-1.339058662,12.3,16.71191700000004,2.0421821799999993
191.20000000000002,1029.623729,11.84402622,-3.130820848,1058.434263,9.993968528,-1.093707496,12.3,16.510534000000188,1.850057692
191.3,1030.792446,11.53030035,-3.11557296,1059.422041,9.896992874,-0.853457828,12.3,16.329595000000108,1.6333074759999988
191.4,1031.929789,11.21704056,-3.085848154,1060.401352,9.824637361,-0.623411154,12.3,16.17156300000006,1.3924031989999985
191.5,1033.035759,10.90668407,-3.0368076,1061.374658,9.776391841,-0.408668971,12.3,16.038898999999855,1.1302922290000001
191.60000000000002,1034.110355,10.60211741,-2.963622942,1062.344422,9.749705563,-0.214332777,12.3,15.934066999999867,0.8524118470000008
191.70000000000002,1035.153577,10.3062376,-2.862251928,1063.313105,9.741517631,-0.045504068,12.3,15.859527999999909,0.5647199689999987
191.8,1036.165811,10.02194166,-2.731928243,1064.28317,9.748767145,0.093565908,12.3,15.81735899999985,0.2731745149999991
191.9,1037.148987,9.752126586,-2.573439154,1065.25667,9.768393208,0.2020269,12.3,15.807682999999951,-0.016266622000001618
192.0,1038.105423,9.499689404,-2.390808288,1066.234028,9.797334921,0.28072916,12.3,15.828605000000106,-0.2976455169999994
192.10000000000002,1039.037436,9.267527122,-2.188864002,1067.215255,9.832531385,0.333923934,12.3,15.877818999999999,-0.5650042629999987
192.20000000000002,1039.947342,9.058053919,-1.972434651,1068.200365,9.870921704,0.36671272,12.3,15.953022999999984,-0.8128677849999999
192.3,1040.83746,8.87175263,-1.74634859,1069.189373,9.909955127,0.384197014,12.3,16.051912999999967,-1.0382024970000003
192.4,1041.710107,8.708623256,-1.515434173,1070.18229,9.949121506,0.391478314,12.3,16.17218299999986,-1.24049825
192.5,1042.567599,8.568665796,-1.283715031,1071.17913,9.98842084,0.393658117,12.3,16.311531000000013,-1.4197550440000004
192.60000000000002,1043.412254,8.45188025,-1.051995889,1072.179908,10.02785313,0.394987671,12.3,16.467653999999992,-1.5759728800000001
192.70000000000002,1044.246389,8.358266618,-0.820276747,1073.184635,10.06741837,0.396317224,12.3,16.638246000000162,-1.7091517520000004
192.8,1045.072322,8.2878249,-0.588557604,1074.193325,10.10711657,0.397646777,12.3,16.821002999999973,-1.8192916700000001
192.9,1045.892368,8.240555097,-0.356838462,1075.205991,10.14694773,0.398976331,12.3,17.013623000000006,-1.9063926330000012
193.0,1046.708847,8.216457208,-0.12511932,1076.222648,10.18691184,0.400305884,12.3,17.21380099999983,-1.970454632000001
193.10000000000002,1047.524074,8.215531233,0.106599822,1077.243307,10.22700891,0.401635438,12.3,17.41923300000003,-2.0114776770000002
193.20000000000002,1048.340367,8.237777172,0.337641133,1078.267983,10.26723893,0.403387548,12.3,17.627615999999943,-2.029461758
193.3,1049.160043,8.283195026,0.564615451,1079.296689,10.3076019,0.407675001,12.3,17.836645999999927,-2.0244068740000003
193.4,1049.98542,8.351784794,0.783455786,1080.329437,10.34809784,0.417033137,12.3,18.04401700000012,-1.9963130459999991
193.5,1050.818814,8.443139777,0.990095145,1081.366242,10.38898026,0.4339973,12.3,18.24742800000008,-1.9458404829999996
193.60000000000002,1051.662543,8.555226479,1.180466537,1082.407116,10.43151684,0.461102832,12.3,18.444573000000172,-1.8762903610000006
193.70000000000002,1052.518924,8.685604705,1.350502969,1083.452073,10.47722879,0.500885073,12.3,18.633148999999957,-1.7916240850000005
193.8,1053.390274,8.831834259,1.496815283,1084.501126,10.52763731,0.555456811,12.3,18.810852000000022,-1.6958030509999986
193.9,1054.278586,8.991474948,1.618725645,1085.554491,10.5842636,0.625240601,12.3,18.975905000000193,-1.5927886519999994
194.0,1055.184548,9.162086575,1.716911888,1086.613197,10.64862888,0.709813886,12.3,19.12864899999995,-1.4865423050000004
194.10000000000002,1056.108527,9.341228946,1.794763172,1087.678472,10.72225434,0.807063882,12.3,19.26994499999996,-1.381025394
194.20000000000002,1057.050887,9.526461866,1.856346488,1088.751547,10.8066612,0.914455246,12.3,19.40065999999997,-1.2801993340000006
194.3,1058.011994,9.715751837,1.905728829,1089.833653,10.90311712,1.029452637,12.3,19.521658999999953,-1.187365283
194.4,1058.992213,9.908692163,1.946977186,1090.926019,11.01187564,1.149520711,12.3,19.633806000000003,-1.103183477
194.5,1059.991907,10.10528284,1.984158551,1092.029876,11.13293675,1.272124128,12.3,19.737968999999975,-1.0276539100000015
194.60000000000002,1061.011444,10.30552387,2.020662085,1093.146455,11.26630046,1.395150102,12.3,19.835011000000076,-0.96077659
194.70000000000002,1062.051187,10.50941526,2.057165618,1094.276985,11.41196677,1.518176075,12.3,19.92579799999994,-0.9025515099999986
194.8,1063.111502,10.716957,2.093669151,1095.422697,11.56993568,1.641202049,12.3,20.011194999999997,-0.8529786799999997
194.9,1064.192753,10.92814909,2.130172685,1096.584821,11.74020718,1.764228023,12.3,20.09206799999988,-0.8120580900000007
195.0,1065.295306,11.14299153,2.166676218,1097.764587,11.92278128,1.887253997,12.3,20.16928099999991,-0.7797897500000008
195.10000000000002,1066.419526,11.36148433,2.203179751,1098.963226,12.11765798,2.010279971,12.3,20.24370000000017,-0.7561736500000009
195.20000000000002,1067.565778,11.58362748,2.23931274,1100.181968,12.32483728,2.133305944,12.3,20.316190000000187,-0.7412098
195.3,1068.734427,11.80942099,2.273222463,1101.422042,12.54431917,2.255273737,12.3,20.387614999999823,-0.7348981800000001
195.4,1069.925837,12.03886485,2.301639969,1102.68468,12.77610366,2.370892446,12.3,20.45884300000007,-0.7372388100000009
195.5,1071.140374,12.27173673,2.325479046,1103.971112,13.02019075,2.473812987,12.3,20.530737999999882,-0.7484540199999987
195.60000000000002,1072.378404,12.50692501,2.339379374,1105.282567,13.27594552,2.557686276,12.3,20.604162999999925,-0.7690205100000007
195.70000000000002,1073.64029,12.74246831,2.342163371,1106.620276,13.54019345,2.616163228,12.3,20.679986000000053,-0.7977251400000007
195.8,1074.926398,12.97891491,2.331978316,1107.98547,13.80912507,2.64289476,12.3,20.759072000000014,-0.83021016
195.9,1076.236916,13.21304861,2.308453664,1109.379379,14.07893093,2.632589967,12.3,20.842462999999906,-0.8658823200000008
196.0,1077.571318,13.44416287,2.273005645,1110.802724,14.3458016,2.584190671,12.3,20.93140599999988,-0.9016387300000002
196.10000000000002,1078.928903,13.67092372,2.224349925,1112.254197,14.6059276,2.49875505,12.3,21.025293999999985,-0.93500388
196.20000000000002,1080.308969,13.89199721,2.167846826,1113.73198,14.85549951,2.381574009,12.3,21.123011000000087,-0.9635023
196.3,1081.710813,14.1062717,2.104673929,1115.234256,15.09070785,2.238996632,12.3,21.223443000000042,-0.9844361499999987
196.4,1083.133734,14.31352487,2.037054499,1116.759208,15.3083781,2.077372002,12.3,21.32547399999994,-0.9948532300000004
196.5,1084.577029,14.51375671,1.967211803,1118.305018,15.50787534,1.903049204,12.3,21.42798899999998,-0.9941186300000009
196.60000000000002,1086.039996,14.70696723,1.896998563,1119.86987,15.68919958,1.722377322,12.3,21.529874000000017,-0.9822323500000003
196.70000000000002,1087.521933,14.89315642,1.826785323,1121.451945,15.8523508,1.54064726,12.3,21.630012000000033,-0.9591943799999996
196.8,1089.022138,15.07232429,1.756572083,1123.049426,15.99732903,1.358917197,12.3,21.727287999999998,-0.9250047400000003
196.9,1090.539909,15.24447084,1.686358843,1124.660497,16.12413424,1.177187135,12.3,21.820587999999997,-0.8796634000000001
197.0,1092.074543,15.40959606,1.616145603,1126.28334,16.23276645,0.995457072,12.3,21.908797000000003,-0.8231703899999996
197.10000000000002,1093.625339,15.56769996,1.545932363,1127.916137,16.32322566,0.813727009,12.3,21.990797999999995,-0.755525699999998
197.20000000000002,1095.191594,15.71878253,1.475719122,1129.557071,16.39551186,0.631996947,12.3,22.065477000000055,-0.6767293299999988
197.3,1096.772606,15.86284378,1.405312182,1131.204326,16.44962505,0.450631895,12.3,22.13172000000004,-0.5867812700000012
197.4,1098.367673,15.99988371,1.333743043,1132.856083,16.48556523,0.271456905,12.3,22.18840999999993,-0.4856815199999982
197.5,1099.976093,16.12990231,1.259849506,1134.510525,16.50333241,0.096662042,12.3,22.234431999999924,-0.3734301000000002
197.60000000000002,1101.597164,16.25278337,1.18246937,1136.165836,16.50314559,-0.071562633,12.3,22.268671999999878,-0.2503622199999995
197.70000000000002,1103.230184,16.36794578,1.100440438,1137.820197,16.4860998,-0.231027056,12.3,22.290013,-0.11815402000000219
197.8,1104.87445,16.47469224,1.01260051,1139.471792,16.45350908,-0.379541164,12.3,22.297342000000025,0.021183159999999646
197.9,1106.52926,16.57232541,0.917981086,1141.118803,16.40668747,-0.515279906,12.3,22.289543000000048,0.16563793999999987
198.0,1108.19382,16.66014797,0.816388467,1142.759588,16.346949,-0.63787827,12.3,22.265767999999934,0.31319897000000196
198.10000000000002,1109.866962,16.73746262,0.708016353,1144.393206,16.27560771,-0.747701267,12.3,22.226243999999905,0.46185490999999956
198.20000000000002,1111.547427,16.80357202,0.593833242,1146.01889,16.19397765,-0.846573949,12.3,22.171463000000085,0.6095943699999999
198.3,1113.233953,16.85777886,0.475001335,1147.635875,16.10337284,-0.93668638,12.3,22.101922000000013,0.7544060200000011
198.4,1114.925282,16.89950205,0.35268283,1149.243395,16.00488832,-1.020228622,12.3,22.01811300000004,0.8946137299999997
198.5,1116.620154,16.92862535,0.228039926,1150.840683,15.8987431,-1.099390739,12.3,21.92052899999994,1.02988225
198.60000000000002,1118.317307,16.94514877,0.102234823,1152.426974,15.78493717,-1.176362792,12.3,21.809666999999944,1.1602116000000002
198.70000000000002,1120.015483,16.94907232,-0.023763979,1154.001501,15.66347054,-1.252969835,12.3,21.686018000000058,1.2856017799999986
198.8,1121.713422,16.94039598,-0.149762782,1155.563499,15.5343432,-1.329576878,12.3,21.550077000000055,1.4060527800000013
198.9,1123.409863,16.91911976,-0.275761584,1157.1122,15.39755516,-1.406183921,12.3,21.402336999999942,1.5215646000000014
199.0,1125.103546,16.88524366,-0.401760387,1158.64684,15.25310642,-1.482790964,12.3,21.24329400000006,1.6321372400000005
199.10000000000002,1126.793211,16.83876768,-0.527759189,1160.166652,15.10099697,-1.559398007,12.3,21.073441000000184,1.7377707099999995
199.20000000000002,1128.477599,16.77969182,-0.653757992,1161.67087,14.94122682,-1.63600505,12.3,20.893270999999867,1.8384649999999993
199.3,1130.15545,16.70801608,-0.779581243,1163.158727,14.77379596,-1.712076661,12.3,20.703277000000025,1.9342201200000009
199.4,1131.825502,16.62374046,-0.904351185,1164.629459,14.5987044,-1.784935681,12.3,20.50395700000008,2.0250360599999997
199.5,1133.486498,16.52686496,-1.027014509,1166.082299,14.41595213,-1.851369519,12.3,20.295800999999937,2.11091283
199.60000000000002,1135.137175,16.41749491,-1.146517906,1167.51648,14.22586042,-1.908165584,12.3,20.07930499999993,2.1916344899999984
199.70000000000002,1136.776275,16.29615697,-1.261808067,1168.931237,14.03003556,-1.952111285,12.3,19.854962000000068,2.2661214099999984
199.8,1138.402538,16.16348312,-1.371831682,1170.325803,13.83040511,-1.979994031,12.3,19.6232649999999,2.3330780099999995
199.9,1140.014703,16.02010534,-1.475710995,1171.699413,13.62889661,-1.989136662,12.3,19.384709999999995,2.3912087300000007
200.0,1141.611595,15.86665562,-1.573270454,1173.051558,13.42743763,-1.979003748,12.3,19.139963000000034,2.4392179899999995
200.10000000000002,1143.192375,15.70376595,-1.664685609,1174.382756,13.22795572,-1.950130719,12.3,18.890380999999888,2.4758102299999987
200.20000000000002,1144.756289,15.53206832,-1.75083422,1175.693783,13.03237843,-1.905194735,12.3,18.637494000000014,2.499689890000001
200.3,1146.302582,15.3521947,-1.832769595,1176.985416,12.84263331,-1.847408387,12.3,18.382833999999956,2.50956139
200.4,1147.8305,15.16467175,-1.911545042,1178.25843,12.66032668,-1.779984265,12.3,18.12793000000006,2.5043450699999994
200.5,1149.339288,14.96960481,-1.988213872,1179.513601,12.48577977,-1.706134962,12.3,17.87431300000021,2.4838250399999993
200.60000000000002,1150.828193,14.76699387,-2.063829392,1180.751706,12.3189926,-1.629073068,12.3,17.623512999999956,2.4480012700000007
200.70000000000002,1152.296459,14.55683893,-2.139269361,1181.97352,12.15996516,-1.551475741,12.3,17.377061000000094,2.396873769999999
200.8,1153.743333,14.33913999,-2.21470933,1183.179819,12.00869745,-1.473878415,12.3,17.13648600000006,2.33044254
200.9,1155.168059,14.11389706,-2.290149298,1184.37138,11.86518947,-1.396281089,12.3,16.90332099999996,2.2487075899999986
201.0,1156.569884,13.88111013,-2.365589267,1185.548977,11.72944123,-1.318683763,12.3,16.67909299999992,2.151668899999999
201.10000000000002,1157.948053,13.64077921,-2.441029236,1186.713388,11.60145272,-1.241086437,12.3,16.465334999999822,2.0393264900000005
201.20000000000002,1159.301812,13.39290429,-2.516469205,1187.865388,11.48122394,-1.163489111,12.3,16.26357600000001,1.911680350000001
201.3,1160.630406,13.13748537,-2.590968346,1189.005753,11.3687549,-1.08568867,12.3,16.07534699999992,1.7687304699999995
201.4,1161.933081,12.87452245,-2.659822522,1190.135259,11.26404559,-1.006669543,12.3,15.902178000000003,1.6104768600000003
201.5,1163.209082,12.60401554,-2.713478733,1191.254682,11.16709601,-0.925213043,12.3,15.745599999999921,1.4369195300000008
201.60000000000002,1164.457656,12.32652913,-2.758016117,1192.364798,11.07802803,-0.840100484,12.3,15.607142000000021,1.2485011000000004
201.70000000000002,1165.678047,12.0448857,-2.776065605,1193.466384,10.997451,-0.750113179,12.3,15.488336999999955,1.0474347000000002
201.8,1166.869502,11.76481705,-2.765890267,1194.560214,10.92609612,-0.654032442,12.3,15.390712000000075,0.8387209299999991
201.9,1168.031265,11.4826757,-2.722785964,1195.647065,10.86469461,-0.550842701,12.3,15.315800000000035,0.6179810899999989
202.0,1169.163035,11.20888309,-2.64581187,1196.72781,10.81397768,-0.440340841,12.3,15.264775000000053,0.3949054099999998
202.10000000000002,1170.266314,10.94448138,-2.539816846,1197.803714,10.77467654,-0.322729977,12.3,15.237399999999933,0.1698048399999994
202.20000000000002,1171.343059,10.69285755,-2.397780926,1198.876136,10.74752241,-0.199025681,12.3,15.233077000000048,-0.054664860000000814
202.3,1172.395223,10.45739857,-2.23707318,1199.946438,10.73324649,-0.070446639,12.3,15.251214999999956,-0.27584792000000036
202.4,1173.424762,10.24092694,-2.059430538,1201.015981,10.73245813,0.061788462,12.3,15.29121899999991,-0.4915311899999999
202.5,1174.433632,10.04400714,-1.870497965,1202.086125,10.7452792,0.196460937,12.3,15.352493000000049,-0.7012720600000009
202.60000000000002,1175.423788,9.866639182,-1.675920427,1203.158232,10.7717097,0.332352097,12.3,15.434443999999939,-0.9050705180000005
202.70000000000002,1176.397184,9.708823057,-1.480402061,1204.233662,10.81174962,0.468446372,12.3,15.53647800000017,-1.1029265630000005
202.8,1177.355777,9.57055877,-1.284883695,1205.313777,10.86539897,0.604540647,12.3,15.658000000000083,-1.2948401999999994
202.9,1178.30152,9.451846318,-1.089365329,1206.399937,10.93265775,0.740634922,12.3,15.798416999999926,-1.4808114320000012
203.0,1179.23637,9.352685704,-0.893846964,1207.493504,11.01352596,0.876729197,12.3,15.95713399999995,-1.6608402560000002
203.10000000000002,1180.162281,9.273076926,-0.698328598,1208.595838,11.10800359,1.012823472,12.3,16.133557000000064,-1.8349266639999993
203.20000000000002,1181.081209,9.213019984,-0.502810232,1209.7083,11.21609065,1.148917747,12.3,16.327091000000063,-2.0030706659999993
203.3,1181.995109,9.172514879,-0.307291867,1210.832251,11.33778714,1.284989675,12.3,16.537142000000085,-2.165272261
203.4,1182.905937,9.151561611,-0.11185387,1211.969053,11.47309305,1.420927528,12.3,16.763116000000036,-2.3215314389999993
203.5,1183.815646,9.150160179,0.08310191,1213.120065,11.6220084,1.556597226,12.3,17.004419000000052,-2.471848221
203.60000000000002,1184.726193,9.168310584,0.277093258,1214.286649,11.78451976,1.691864696,12.3,17.26045599999993,-2.616209176
203.70000000000002,1185.639532,9.205964603,0.469637957,1215.470167,11.96056011,1.826595858,12.3,17.53063500000003,-2.7545955069999994
203.8,1186.557619,9.26288113,0.660253791,1216.671978,12.15004899,1.960656638,12.3,17.81435900000015,-2.88716786
203.9,1187.48241,9.338770834,0.848458544,1217.893444,12.35290596,2.093935303,12.3,18.11103399999997,-3.0141351259999993
204.0,1188.415858,9.433344385,1.033850369,1219.135916,12.56905057,2.22640951,12.3,18.42005799999988,-3.135706185
204.10000000000002,1189.359881,9.546312453,1.216348897,1220.400699,12.79840238,2.358101602,12.3,18.740817999999944,-3.252089927
204.20000000000002,1190.316241,9.67738571,1.396034497,1221.689092,13.04088094,2.489123311,12.3,19.07285100000008,-3.36349523
204.3,1191.286663,9.826274825,1.573309015,1223.00239,13.29640581,2.619608714,12.3,19.415727000000015,-3.470130984999999
204.4,1192.272868,9.992690468,1.748654669,1224.34189,13.56490995,2.749691887,12.3,19.769021999999904,-3.5722194820000013
204.5,1193.276582,10.17639153,1.922553675,1225.708889,13.84637994,2.879506907,12.3,20.132307000000036,-3.66998841
204.60000000000002,1194.299528,10.37732979,2.095488247,1227.104683,14.1408158,3.00918785,12.3,20.505155000000013,-3.763486010000001
204.70000000000002,1195.343429,10.59550526,2.267940604,1228.530569,14.44821751,3.138846447,12.3,20.88714,-3.8527122499999997
204.8,1196.41001,10.83091791,2.440312591,1229.987844,14.76858509,3.268505044,12.3,21.277833999999938,-3.93766718
204.9,1197.500994,11.08356777,2.612684578,1231.477803,15.10191852,3.398163642,12.3,21.676809000000002,-4.01835075
205.0,1198.618105,11.35345483,2.785056566,1233.001744,15.44821782,3.527822239,12.3,22.083638999999902,-4.0947629899999995
205.10000000000002,1199.763067,11.64057909,2.957428553,1234.560964,15.80748297,3.657480836,12.3,22.49789699999992,-4.166903880000001
205.20000000000002,1200.937602,11.94494054,3.12980054,1236.156758,16.17971398,3.787139433,12.3,22.91915600000011,-4.23477344
205.3,1202.143436,12.26653919,3.302172527,1237.790424,16.56491086,3.915645596,12.3,23.346987999999964,-4.298371670000002
205.4,1203.382292,12.60537505,3.473902461,1239.463257,16.96307359,4.037237156,12.3,23.780965000000105,-4.357698540000001
205.5,1204.655893,12.9614481,3.641780076,1241.176555,17.37420218,4.14499951,12.3,24.2206619999999,-4.412754080000001
205.60000000000002,1205.965963,13.33475835,3.801953053,1242.931615,17.79760517,4.232018055,12.3,24.665651999999863,-4.462846820000001
205.70000000000002,1207.314226,13.72492056,3.950569072,1244.729732,18.22982526,4.291378188,12.3,25.11550600000005,-4.504904699999999
205.8,1208.702405,14.13000859,4.083775815,1246.572203,18.66671369,4.316165305,12.3,25.569797999999945,-4.5367051000000025
205.9,1210.132225,14.54771103,4.197809258,1248.460326,19.10412169,4.300617238,12.3,26.028100999999833,-4.556410659999999
206.0,1211.605409,14.97571649,4.292731972,1250.394842,19.5379005,4.243581553,12.3,26.489432999999917,-4.562184009999999
206.10000000000002,1213.123373,15.41171359,4.357553619,1252.374284,19.96390136,4.146210683,12.3,26.950911000000087,-4.5521877700000015
206.20000000000002,1214.686299,15.8534439,4.403441128,1254.396628,20.37797552,4.014266798,12.3,27.410329,-4.524531619999999
206.3,1216.294061,16.30055975,4.430067042,1256.459853,20.77597419,3.854664501,12.3,27.86579200000001,-4.475414439999998
206.4,1217.946536,16.74454076,4.441283679,1258.561935,21.1544401,3.674318394,12.3,28.315399000000024,-4.409899339999999
206.5,1219.643597,17.1897757,4.439810119,1260.700853,21.51268177,3.480143082,12.3,28.75725600000005,-4.322906070000002
206.60000000000002,1221.385118,17.63375672,4.429621913,1262.874584,21.8506992,3.279053166,12.3,29.189465999999992,-4.21694248
206.70000000000002,1223.170975,18.07648379,4.421001123,1265.081105,22.1684924,3.076810817,12.3,29.61012999999998,-4.092008610000001
206.8,1225.001042,18.51795694,4.408461793,1267.318394,22.46606136,2.874568467,12.3,30.0173519999998,-3.94810442
206.9,1226.875193,18.95817615,4.395922462,1269.584429,22.74340609,2.672326118,12.3,30.409235999999918,-3.7852299400000007
207.0,1228.793304,19.39714143,4.383383131,1271.877188,23.00052659,2.470083768,12.3,30.783883999999897,-3.6033851599999984
207.10000000000002,1230.755248,19.83485278,4.370843801,1274.194647,23.23742285,2.267841419,12.3,31.139399000000093,-3.402570070000003
207.20000000000002,1232.760901,20.27131019,4.35830447,1276.534784,23.45409487,2.06559907,12.3,31.47388299999984,-3.1827846799999975
207.3,1234.810137,20.70651367,4.345765139,1278.895578,23.65054266,1.86335672,12.3,31.785440999999945,-2.9440289899999996
207.4,1236.902831,21.14046322,4.333225809,1281.275005,23.82676622,1.661375526,12.3,32.07217399999986,-2.6863029999999988
207.5,1239.038857,21.57315883,4.31958602,1283.671043,23.98276554,1.460961261,12.3,32.33218600000005,-2.4096067099999985
207.60000000000002,1241.21809,22.00460052,4.299343478,1286.08167,24.11854062,1.263680855,12.3,32.56357999999996,-2.1139401000000007
207.70000000000002,1243.440404,22.43478826,4.265895433,1288.504863,24.23424816,1.071101237,12.3,32.764458999999945,-1.7994598999999987
207.8,1245.705675,22.8630618,4.212639132,1290.938601,24.33067163,0.884789338,12.3,32.93292600000014,-1.4676098300000007
207.9,1248.013776,23.28611976,4.132971824,1293.380859,24.40875117,0.706312086,12.3,33.067083000000096,-1.1226314100000003
208.0,1250.364582,23.70000048,4.020290756,1295.829617,24.46942696,0.536975256,12.3,33.165035000000174,-0.7694264799999999
208.10000000000002,1252.757968,24.10074231,3.869093635,1298.282976,24.51363914,0.377040003,12.3,33.225008000000074,-0.41289682999999755
208.20000000000002,1255.193281,24.48438361,3.678280002,1300.739542,24.54232787,0.226245172,12.3,33.24626099999996,-0.057944260000002856
208.3,1257.667753,24.84696272,3.448950317,1303.198044,24.55643332,0.083284989,12.3,33.23029100000004,0.2905294000000005
208.4,1260.17809,25.18451798,3.186606872,1305.657212,24.55689563,-0.053407476,12.3,33.179121999999964,0.6276223499999993
208.5,1262.720998,25.49308776,2.897852419,1308.115775,24.54449828,-0.185399153,12.3,33.09477699999998,0.9485894800000025
208.60000000000002,1265.293181,25.76937067,2.58928971,1310.572463,24.51939795,-0.314256971,12.3,32.97928199999997,1.2499727200000024
208.70000000000002,1267.891346,26.01270644,2.267521498,1313.026006,24.48159465,-0.441547859,12.3,32.83465999999994,1.531111789999997
208.8,1270.512196,26.22309506,1.939150533,1315.475133,24.43108838,-0.568577592,12.3,32.662937000000014,1.79200668
208.9,1273.152438,26.40053654,1.609679111,1317.918575,24.36787913,-0.695607325,12.3,32.46613699999985,2.0326574100000023
209.0,1275.808777,26.54503088,1.280207688,1320.355061,24.29196692,-0.822637059,12.3,32.24628400000002,2.2530639599999986
209.10000000000002,1278.477918,26.65657808,0.950736265,1322.78332,24.20335172,-0.949666792,12.3,32.00540199999996,2.4532263599999986
209.20000000000002,1281.156566,26.73517814,0.621264842,1325.202082,24.10203356,-1.076696525,12.3,31.745515999999906,2.6331445799999997
209.3,1283.841427,26.78083105,0.291793419,1327.610078,23.98801242,-1.203726258,12.3,31.468650999999863,2.7928186299999993
209.4,1286.529206,26.79353682,-0.037678004,1330.006036,23.86128831,-1.330119416,12.3,31.176830000000063,2.932248510000001
209.5,1289.216608,26.77329545,-0.366193261,1332.388687,23.72186122,-1.452693118,12.3,30.87207899999994,3.051434229999998
209.60000000000002,1291.900339,26.72010693,-0.68897152,1334.75676,23.56973116,-1.567627909,12.3,30.556420999999954,3.15037577
209.70000000000002,1294.577103,26.63397128,-1.000275783,1337.108985,23.40528007,-1.671104333,12.3,30.231881999999995,3.228691210000001
209.8,1297.243607,26.51546218,-1.294369053,1339.444091,23.23041769,-1.762156581,12.3,29.90048399999996,3.2850444900000006
209.9,1299.896554,26.36744814,-1.565514333,1341.760809,23.04743567,-1.828404261,12.3,29.564255000000184,3.3200124700000018
210.0,1302.532652,26.19337135,-1.807974623,1344.057867,22.85862571,-1.87522543,12.3,29.22521499999989,3.3347456400000013
210.10000000000002,1305.148604,25.99667402,-2.016969093,1346.334302,22.66456727,-1.899129865,12.3,28.885698,3.3321067500000012
210.20000000000002,1307.741576,25.78079834,-2.191541577,1348.590371,22.4726886,-1.900754144,12.3,28.54879500000011,3.308109739999999
210.3,1310.310567,25.5491865,-2.332648241,1350.826636,22.28014482,-1.883281145,12.3,28.216069000000015,3.269041680000001
210.4,1312.855036,25.30528072,-2.445069915,1353.043661,22.09093977,-1.847676679,12.3,27.888625,3.2143409500000004
210.5,1315.374442,25.05252319,-2.534543599,1355.242008,21.90698319,-1.806321138,12.3,27.567565999999896,3.1455400000000004
210.60000000000002,1317.868245,24.79378241,-2.60680629,1357.422242,21.72865702,-1.75447304,12.3,27.253997000000208,3.0651253899999986
210.70000000000002,1320.335904,24.52963207,-2.667594985,1359.584925,21.55596126,-1.698805486,12.3,26.949021000000084,2.9736708100000016
210.8,1322.776876,24.26007218,-2.722646682,1361.730619,21.38889592,-1.642501357,12.3,26.65374300000003,2.871176260000002
210.9,1325.190623,23.98510273,-2.776742213,1363.859889,21.22746099,-1.586197228,12.3,26.369266000000106,2.7576417400000004
211.0,1327.576602,23.70472373,-2.830837744,1365.973296,21.07165648,-1.529893098,12.3,26.096693999999797,2.63306725
211.10000000000002,1329.934272,23.41893518,-2.884933275,1368.071405,20.92148237,-1.473588969,12.3,25.837132999999948,2.4974528099999986
211.20000000000002,1332.263094,23.12773708,-2.939028806,1370.154777,20.77693868,-1.41728484,12.3,25.591683000000057,2.3507983999999986
211.3,1334.562525,22.83112942,-2.993124337,1372.223977,20.6380254,-1.360980711,12.3,25.361452000000053,2.19310402
211.4,1336.832024,22.52911221,-3.047219868,1374.279567,20.50474254,-1.304531398,12.3,25.147542999999995,2.0243696700000022
211.5,1339.071052,22.22168545,-3.100408896,1376.322111,20.37709009,-1.247210989,12.3,24.95105899999994,1.8445953599999996
211.60000000000002,1341.279066,21.90884913,-3.143683683,1378.35217,20.25506805,-1.188148384,12.3,24.77310399999983,1.6537810800000017
211.70000000000002,1343.455526,21.59060326,-3.185030862,1380.370309,20.13876353,-1.126472488,12.3,24.614782999999942,1.4518397300000032
211.8,1345.599892,21.26749174,-3.205585757,1382.37709,20.02861209,-1.061312202,12.3,24.477197999999998,1.2388796500000012
211.9,1347.711621,20.94491921,-3.204384564,1384.373077,19.92513637,-0.991796429,12.3,24.361456000000043,1.0197828399999977
212.0,1349.790173,20.61809369,-3.17598826,1386.358832,19.82885905,-0.917199255,12.3,24.268658999999797,0.7892346400000001
212.10000000000002,1351.835007,20.29833399,-3.115864327,1388.334988,19.74030277,-0.837375496,12.3,24.19998100000016,0.5580312200000002
212.20000000000002,1353.846018,19.98621839,-3.027581479,1390.302457,19.65999019,-0.752470336,12.3,24.156439000000045,0.32622820000000274
212.3,1355.824839,19.68501031,-2.898620568,1392.26222,19.58844398,-0.66320969,12.3,24.13738099999996,0.09656632999999815
212.4,1357.773541,19.39797314,-2.746939763,1394.215257,19.52618679,-0.570464653,12.3,24.14171600000004,-0.1282136499999993
212.5,1359.694194,19.12837032,-2.57350287,1396.162551,19.47365417,-0.475106325,12.3,24.16835699999997,-0.3452838500000013
212.60000000000002,1361.588866,18.87892135,-2.383748911,1398.105082,19.43093323,-0.378005801,12.3,24.216215999999985,-0.552011880000002
212.70000000000002,1363.459629,18.65017014,-2.183116908,1400.043832,19.39802397,-0.280034181,12.3,24.284203000000115,-0.7478538300000004
212.8,1365.308551,18.44211667,-1.977045882,1401.979781,19.3749264,-0.181917377,12.3,24.371229999999922,-0.9328097299999989
212.9,1367.137703,18.25476096,-1.770068353,1403.913911,19.3616405,-0.083800574,12.3,24.476207999999996,-1.1068795400000013
213.0,1368.949155,18.088103,-1.563090824,1405.847204,19.35816628,0.01431623,12.3,24.5980489999999,-1.2700632799999987
213.10000000000002,1370.744975,17.94214279,-1.356113295,1407.780639,19.36450374,0.112433033,12.3,24.735663999999996,-1.4223609500000016
213.20000000000002,1372.527234,17.81688034,-1.149135766,1409.715198,19.38065289,0.210549837,12.3,24.887964000000192,-1.5637725499999995
213.3,1374.298002,17.71231564,-0.942158237,1411.651864,19.40661371,0.308666641,12.3,25.053861999999935,-1.6942980699999985
213.4,1376.059349,17.62844869,-0.735180708,1413.591615,19.44238622,0.406396766,12.3,25.232265999999935,-1.8139375300000005
213.5,1377.813343,17.5652795,-0.528203179,1415.535435,19.4879704,0.501806822,12.3,25.422091999999974,-1.9226908999999992
213.60000000000002,1379.562056,17.52280806,-0.321663898,1417.484304,19.54336627,0.592576739,12.3,25.62224800000008,-2.020558210000001
213.70000000000002,1381.307556,17.50103437,-0.117754105,1419.439202,19.6083418,0.676386448,12.3,25.831646000000045,-2.1073074300000023
213.8,1383.051914,17.49995843,0.080896712,1421.401113,19.68173698,0.75091588,12.3,26.049198999999998,-2.1817785500000006
213.9,1384.797199,17.5193173,0.271659065,1423.371015,19.76215976,0.815792157,12.3,26.27381599999985,-2.2428424599999985
214.0,1386.545481,17.55779623,0.451903466,1425.349891,19.84821809,0.86485236,12.3,26.50440999999996,-2.2904218599999986
214.10000000000002,1388.29883,17.61381753,0.619000427,1427.338537,19.93851993,0.898715243,12.3,26.739707000000134,-2.3247023999999996
214.20000000000002,1390.059315,17.6858035,0.770758708,1429.337005,20.03284156,0.920656436,12.3,26.97769000000012,-2.3470380600000027
214.3,1391.828797,17.77217645,0.90674006,1431.345163,20.12725322,0.930997282,12.3,27.21636600000006,-2.35507677
214.4,1393.608293,17.87135869,1.027382733,1433.362878,20.22096613,0.93205785,12.3,27.454584999999906,-2.3496074399999998
214.5,1395.39861,17.98177253,1.134877966,1435.390018,20.31455362,0.924211019,12.3,27.69140800000009,-2.332781090000001
214.60000000000002,1397.200556,18.10184027,1.231855246,1437.426451,20.40681645,0.914006385,12.3,27.925895000000036,-2.3049761800000006
214.70000000000002,1399.01494,18.23024717,1.320944063,1439.472044,20.49775464,0.902758585,12.3,28.15710400000007,-2.2675074700000017
214.8,1400.842568,18.36673028,1.404773903,1441.526664,20.58736817,0.88951206,12.3,28.384095999999953,-2.2206378900000026
214.9,1402.684248,18.5112896,1.485974256,1443.59018,20.67565705,0.876265534,12.3,28.605931999999893,-2.1643674500000003
215.0,1404.540788,18.66392513,1.56673636,1445.662458,20.76262128,0.863019008,12.3,28.821669999999994,-2.098696150000002
215.10000000000002,1406.412995,18.82463687,1.647498465,1447.743366,20.84826085,0.849772483,12.3,29.030371000000013,-2.02362398
215.20000000000002,1408.301677,18.99342482,1.72826057,1449.832773,20.93257578,0.836525957,12.3,29.23109600000016,-1.9391509599999992
215.3,1410.207642,19.17028898,1.809022674,1451.930544,21.01556604,0.823279431,12.3,29.422901999999976,-1.8452770600000008
215.4,1412.131697,19.35522935,1.889784779,1454.036548,21.09723166,0.810313716,12.3,29.604851000000007,-1.7420023100000002
215.5,1414.074649,19.54824594,1.970546883,1456.150653,21.17757263,0.801201888,12.3,29.77600400000001,-1.6293266899999992
215.60000000000002,1416.037308,19.74933873,2.05058395,1458.272725,21.25658894,0.79112174,12.3,29.935417000000097,-1.5072502099999987
215.70000000000002,1418.020479,19.95850774,2.12627079,1460.402633,21.33444908,0.788265206,12.3,30.0821539999999,-1.3759413399999971
215.8,1420.024971,20.17575295,2.193257176,1462.540243,21.41329691,0.792148127,12.3,30.215271999999867,-1.23754396
215.9,1422.051592,20.40063935,2.247192883,1464.685425,21.49023909,0.804455365,12.3,30.333832999999867,-1.0895997400000006
216.0,1424.101148,20.63099183,2.283727682,1466.838044,21.57019079,0.826590974,12.3,30.436896000000115,-0.9391989600000024
216.10000000000002,1426.174448,20.86420024,2.298511347,1468.998103,21.6528615,0.856666741,12.3,30.523654999999916,-0.7886612600000014
216.20000000000002,1428.272299,21.09765446,2.287918689,1471.166145,21.73926216,0.900908926,12.3,30.59384599999994,-0.641607699999998
216.3,1430.395161,21.32874434,2.251224671,1473.342844,21.83040367,0.951406405,12.3,30.647683000000097,-0.501659329999999
216.4,1432.542101,21.55485976,2.18915433,1475.528878,21.92729695,1.008643339,12.3,30.686777000000074,-0.3724371899999994
216.5,1434.711839,21.77339057,2.105332855,1477.724922,22.03078444,1.070934863,12.3,30.71308300000005,-0.25739387000000136
216.60000000000002,1436.903095,21.98172663,2.004110473,1479.931653,22.14103463,1.136596114,12.3,30.728558000000202,-0.15930799999999934
216.70000000000002,1439.114587,22.17769284,1.88983741,1482.149748,22.2580475,1.203942229,12.3,30.735161000000016,-0.08035466000000113
216.8,1441.345036,22.36085417,1.766863894,1484.379881,22.38182307,1.271569154,12.3,30.73484500000013,-0.020968899999999735
216.9,1443.59316,22.53121063,1.639540151,1486.622731,22.51236134,1.339196079,12.3,30.729571000000032,0.018849289999998575
217.0,1445.85768,22.6887622,1.511491371,1488.878972,22.64966229,1.406823005,12.3,30.721291999999902,0.039099910000000904
217.10000000000002,1448.137315,22.8335089,1.383442591,1491.149282,22.79372594,1.47444993,12.3,30.71196700000014,0.039782960000000145
217.20000000000002,1450.430784,22.96545072,1.25539381,1493.434336,22.94455228,1.542076855,12.3,30.703552000000126,0.02089843999999985
217.3,1452.736808,23.08458766,1.127345029,1495.734811,23.10214131,1.609703781,12.3,30.698002999999925,-0.017553649999999976
217.4,1455.054104,23.19091973,0.999296249,1498.051383,23.26649303,1.676165533,12.3,30.697278999999934,-0.07557329999999851
217.5,1457.381394,23.28444691,0.871247469,1500.384728,23.43760745,1.730254387,12.3,30.703333999999995,-0.1531605400000018
217.60000000000002,1459.717396,23.36516922,0.74370983,1502.735523,23.61548456,1.781124868,12.3,30.71812700000005,-0.2503153400000002
217.70000000000002,1462.06083,23.43308665,0.619239042,1505.104444,23.79942526,1.805640368,12.3,30.74361400000016,-0.3663386099999997
217.8,1464.410416,23.4881992,0.500901956,1507.492167,23.98270491,1.802191701,12.3,30.781751000000167,-0.49450570999999854
217.9,1466.764873,23.53081356,0.391765423,1509.899368,24.17081623,1.763787823,12.3,30.834495000000015,-0.6400026700000012
218.0,1469.12292,23.56246315,0.294896294,1512.326724,24.34987725,1.684602868,12.3,30.90380399999999,-0.7874140999999995
218.10000000000002,1471.483277,23.58498809,0.211063866,1514.774351,24.51892247,1.568853517,12.3,30.99107399999998,-0.9339343800000002
218.20000000000002,1473.844664,23.60022848,0.149097858,1517.24013,24.67375725,1.401559377,12.3,31.09546599999994,-1.073528770000003
218.3,1476.206045,23.61002443,0.104472705,1519.721381,24.81018698,1.204691882,12.3,31.21533600000016,-1.2001625500000017
218.4,1478.567367,23.61483752,0.077118865,1522.215425,24.92401702,0.97986022,12.3,31.34805799999999,-1.3091795000000026
218.5,1480.928821,23.62027228,0.065099279,1524.719582,25.01175185,0.734055432,12.3,31.490760999999974,-1.3914795700000013
218.60000000000002,1483.290599,23.62514678,0.065347097,1527.231172,25.07269238,0.47426856,12.3,31.640573000000085,-1.447545599999998
218.70000000000002,1485.652892,23.63125941,0.077093022,1529.747517,25.1068386,0.207490647,12.3,31.79462499999995,-1.4755791900000013
218.8,1488.015893,23.63928804,0.090996192,1532.265937,25.11419051,-0.060452441,12.3,31.950043999999888,-1.47490247
218.9,1490.379792,23.64923269,0.109026464,1534.783753,25.09474811,-0.328395528,12.3,32.103960999999984,-1.4455154199999996
219.0,1492.744781,23.66109334,0.12818653,1537.298284,25.04851141,-0.596338616,12.3,32.25350299999987,-1.387418069999999
219.10000000000002,1495.111052,23.67486999,0.147346596,1539.806852,24.97548039,-0.864281703,12.3,32.395799999999966,-1.3006104
219.20000000000002,1497.478797,23.69056265,0.166506661,1542.306777,24.87565507,-1.13222479,12.3,32.52798000000003,-1.1850924200000001
219.3,1499.848207,23.70817132,0.185666727,1544.79538,24.74903543,-1.400167878,12.3,32.64717300000002,-1.0408641099999976
219.4,1502.219473,23.727696,0.204826792,1547.269982,24.59562149,-1.668110965,12.3,32.75050899999992,-0.8679254899999975
219.5,1504.592788,23.74913668,0.223986858,1549.727902,24.41541324,-1.934641475,12.3,32.83511400000016,-0.66627656
219.60000000000002,1506.968343,23.77249337,0.243146924,1552.166461,24.20841068,-2.192696523,12.3,32.898118000000025,-0.43591731000000067
219.70000000000002,1509.346329,23.79776607,0.258581421,1554.582981,23.97461381,-2.433800645,12.3,32.93665200000005,-0.17684773999999948
219.8,1511.726938,23.82495477,0.273483694,1556.974781,23.71487018,-2.649478379,12.3,32.94784299999988,0.11008459000000315
219.9,1514.110362,23.85405948,0.280683889,1559.339183,23.43341752,-2.835186443,12.3,32.928821000000156,0.4206419600000011
220.0,1516.496792,23.88284485,0.272514342,1561.673506,23.1353411,-2.970652832,12.3,32.87671400000018,0.7475037499999999
220.10000000000002,1518.88642,23.9132269,0.246617477,1563.975071,22.82572621,-3.060611203,12.3,32.78865100000003,1.0875006900000024
220.20000000000002,1521.279437,23.94090371,0.198561467,1566.241878,22.50729881,-3.099716798,12.3,32.66244100000013,1.4336048999999988
220.3,1523.676036,23.96127467,0.12764005,1568.474636,22.19222211,-3.089382193,12.3,32.498599999999854,1.7690525600000022
220.4,1526.076052,23.97292526,0.026228053,1570.674734,21.87850346,-3.036670275,12.3,32.298682000000056,2.0944217999999992
220.5,1528.477906,23.97319636,-0.102197861,1572.843562,21.57358744,-2.946124325,12.3,32.06565599999995,2.3996089199999986
220.60000000000002,1530.879661,23.95942888,-0.250708666,1574.982508,21.28171179,-2.838016349,12.3,31.80284700000011,2.6777170900000016
220.70000000000002,1533.279382,23.92896373,-0.416946787,1577.09296,21.00372405,-2.709025267,12.3,31.513578000000006,2.9252396800000007
220.8,1535.675132,23.87958499,-0.596480396,1579.176309,20.73962422,-2.571558722,12.3,31.20117699999987,3.139960770000002
220.9,1538.064977,23.81084947,-0.784877664,1581.233941,20.4894123,-2.4326796,12.3,30.86896399999996,3.3214371699999994
221.0,1540.44698,23.72275718,-0.97770676,1583.267247,20.2530883,-2.293800477,12.3,30.520267000000057,3.469668879999997
221.10000000000002,1542.819207,23.61530812,-1.171274495,1585.277615,20.03065221,-2.154921355,12.3,30.158407999999962,3.584655910000002
221.20000000000002,1545.17972,23.48850228,-1.36484223,1587.266434,19.82210403,-2.016042233,12.3,29.7867139999998,3.6663982500000003
221.3,1547.526586,23.34233967,-1.558409965,1589.235092,19.62744376,-1.877163111,12.3,29.408505999999942,3.7148959100000027
221.4,1549.857867,23.17682029,-1.751977699,1591.184978,19.4466714,-1.738283989,12.3,29.02711100000006,3.730148889999999
221.5,1552.171628,22.99194413,-1.945545434,1593.117482,19.27978696,-1.599404866,12.3,28.645854000000053,3.712157170000001
221.60000000000002,1554.465934,22.7877112,-2.139113169,1595.033992,19.12679043,-1.460525744,12.3,28.268057999999836,3.6609207700000006
221.70000000000002,1556.738849,22.5641215,-2.33160619,1596.935896,18.98768181,-1.321646622,12.3,27.897046999999883,3.5764396899999973
221.8,1558.988437,22.32117502,-2.517650933,1598.824584,18.86246111,-1.1827675,12.3,27.536146999999982,3.4587139099999966
221.9,1561.212762,22.05887177,-2.690799118,1600.701445,18.75112831,-1.043888378,12.3,27.18868299999981,3.307743460000001
222.0,1563.409889,21.77785658,-2.844602467,1602.567866,18.65368343,-0.905009256,12.3,26.857977000000073,3.1241731500000007
222.10000000000002,1565.577883,21.48135357,-2.972612701,1604.425237,18.57012646,-0.766130133,12.3,26.547353999999995,2.9112271099999987
222.20000000000002,1567.714807,21.17323173,-3.06838154,1606.274947,18.5004574,-0.627251011,12.3,26.260140000000046,2.672774330000003
222.3,1569.818725,20.85736002,-3.126535419,1608.118385,18.44467626,-0.488371889,12.3,25.999659999999903,2.41268376
222.4,1571.888219,20.5376074,-3.145999626,1609.956939,18.40278303,-0.349492767,12.3,25.768719999999984,2.1348243700000005
222.5,1573.923932,20.21784285,-3.127848873,1611.791997,18.37477771,-0.210613645,12.3,25.568065000000114,1.8430651400000002
222.60000000000002,1575.927022,19.90193533,-3.077456725,1613.62495,18.3606603,-0.071734523,12.3,25.39792799999982,1.5412750300000013
222.70000000000002,1577.89865,19.5937538,-3.001271463,1615.457186,18.3604308,0.0671446,12.3,25.258536000000003,1.2333230000000022
222.8,1579.839975,19.29652241,-2.905741363,1617.290092,18.37408922,0.206023722,12.3,25.150116999999863,0.9224331900000031
222.9,1581.752157,19.01088599,-2.797314707,1619.125059,18.40163555,0.344902844,12.3,25.072902000000067,0.6092504399999967
223.0,1583.636355,18.73684453,-2.682439771,1620.963476,18.44306979,0.483781966,12.3,25.027120999999806,0.2937747399999999
223.10000000000002,1585.493729,18.47439803,-2.566490122,1622.806729,18.49839194,0.622661088,12.3,25.012999999999874,-0.023993910000001506
223.20000000000002,1587.325437,18.2235465,-2.450540474,1624.65621,18.567602,0.76154021,12.3,25.030773000000135,-0.3440554999999996
223.3,1589.13264,17.98428994,-2.334590825,1626.513306,18.65069998,0.857019607,12.3,25.08066600000002,-0.6664100399999988
223.4,1590.916498,17.75662834,-2.218641176,1628.379406,18.74768587,0.969858894,12.3,25.16290799999997,-0.9910575300000026
223.5,1592.678169,17.5405617,-2.102691528,1630.255899,18.85855967,1.033703072,12.3,25.277729999999973,-1.3179979700000004
223.60000000000002,1594.418813,17.33609003,-1.986741879,1632.144174,18.95554556,1.012676675,12.3,25.42536100000002,-1.6194555299999998
223.70000000000002,1596.139589,17.14321333,-1.87079223,1634.045619,19.08725123,0.976219264,12.3,25.6060300000001,-1.9440379000000014
223.8,1597.841658,16.96193159,-1.754842581,1635.961624,19.18782385,0.944679669,12.3,25.819965999999976,-2.225892260000002
223.9,1599.526178,16.79224481,-1.638892933,1637.893577,19.25830599,0.915225229,12.3,26.067398999999977,-2.4660611800000005
224.0,1601.194309,16.634153,-1.522943284,1639.842867,19.33341743,0.814767362,12.3,26.348558000000093,-2.6992644299999995
224.10000000000002,1602.847211,16.48765615,-1.406993635,1641.810883,19.41315818,0.797407472,12.3,26.663672000000087,-2.9255020300000005
