t,x_follower,v_follower,a_follower,x_leader,v_leader,a_leader,leader_length,spacing,dv
553.3000000000001,704.1825559,22.50204233,3.1560293,818.7972145,25.69178569,0.547288824,15.3,99.31465859999999,-3.1897433600000014
553.4,706.4481972,22.8183183,3.170569324,821.3701929,25.74565454,0.500003409,15.3,99.62199570000003,-2.927336239999999
553.5,708.7455345,23.13596434,3.186548236,823.9489472,25.79431982,0.443217587,15.3,99.90341270000006,-2.6583554799999973
553.6,711.074705,23.45505239,3.204685482,826.5327037,25.8368315,0.377195259,15.3,100.15799869999996,-2.38177911
553.7,713.4358456,23.77594218,3.225700506,829.120562,25.87223953,0.303255924,15.3,100.38471639999996,-2.0962973500000004
553.8000000000001,715.8290933,24.09906536,3.250312751,831.7116218,25.89959388,0.222982984,15.3,100.58252850000004,-1.8005285200000003
553.9,718.2545851,24.42485361,3.279121756,834.3049827,25.91810285,0.137959841,15.3,100.7503976,-1.4932492400000008
554.0,720.7125156,24.7537386,3.312247428,836.8997442,25.92760809,0.049769895,15.3,100.88722860000003,-1.1738694900000013
554.1,723.2033096,25.08615199,3.349569859,839.4950061,25.92810961,-0.040003452,15.3,100.99169649999995,-0.8419576199999987
554.2,725.7274495,25.42252544,3.390489512,842.089868,25.9196074,-0.130040699,15.3,101.06241849999999,-0.49708195999999916
554.3000000000001,728.2854174,25.76329063,3.434286943,844.6834295,25.90210147,-0.220077947,15.3,101.09801209999996,-0.13881084000000143
554.4,730.8776959,26.10880728,3.480242707,847.2747902,25.87559181,-0.310115194,15.3,101.09709429999994,0.2332154700000011
554.5,733.5047672,26.45914732,3.52763736,849.8630497,25.84007843,-0.400152441,15.3,101.05828250000009,0.6190688900000012
554.6,736.1671136,26.81431077,3.575751458,852.4473077,25.79556132,-0.490189688,15.3,100.98019410000002,1.0187494499999978
554.7,738.8652176,27.17429761,3.623985463,855.0266638,25.74204049,-0.580226935,15.3,100.8614462,1.4322571199999992
554.8000000000001,741.5995615,27.53910786,3.672219468,857.6002177,25.67951594,-0.669263885,15.3,100.70065619999998,1.8595919199999997
554.9,744.3706275,27.90874151,3.720453473,860.1670689,25.60798765,-0.752299051,15.3,100.49644140000005,2.3007538600000004
555.0,747.1788981,28.28319855,3.768687478,862.7263171,25.52745565,-0.818325666,15.3,100.247419,2.7557429000000013
555.1,750.0248555,28.662479,3.816921482,865.2770619,25.4385201,-0.876356896,15.3,99.9522064000001,3.2239588999999995
555.2,752.9089822,29.04658285,3.865155487,867.8184029,25.34418189,-0.905376007,15.3,99.60942070000006,3.7024009599999985
555.3000000000001,755.8317604,29.4355101,3.912317668,870.3494398,25.25104509,-0.904386198,15.3,99.21767940000002,4.184465009999997
555.4,758.7936725,29.82926075,3.945545496,872.8692722,25.1537018,-0.868385984,15.3,98.7755997,4.675558949999999
555.5,761.7952008,30.2278348,3.980918254,875.3774799,25.06476205,-0.796375066,15.3,98.28227910000005,5.163072750000001
555.6,764.8368278,30.63058916,3.989494769,877.8755632,24.98482393,-0.694358726,15.3,97.73873539999995,5.6457652299999985
555.7,767.9190356,31.0298063,3.972347509,880.3655026,24.91748851,-0.5523235,15.3,97.14646699999999,6.112317790000002
555.8000000000001,771.0423067,31.4351338,3.923045527,882.8492785,24.86635685,-0.391286121,15.3,96.50697179999993,6.56877695
555.9,774.2071234,31.82920696,3.836229704,885.3288715,24.83442986,-0.212243391,15.3,95.8217481,6.9947771
556.0,777.4134535,32.21266925,3.718331626,887.8062621,24.8223077,-0.021197093,15.3,95.09280860000008,7.390361549999998
556.1,780.6592071,32.58166212,3.547912888,890.2834306,24.82999038,0.175850989,15.3,94.32422349999997,7.7516717399999955
556.2,783.9417795,32.93232698,3.352842838,892.7623577,24.8574779,0.373899368,15.3,93.5205782,8.07484908
556.3000000000001,787.2585664,33.26080528,3.132049012,895.2450238,24.90477025,0.571947747,15.3,92.68645740000007,8.356035030000001
556.4,790.6069632,33.56388154,2.891962353,897.7334094,24.97186745,0.769996126,15.3,91.82644620000003,8.592014089999996
556.5,793.9843653,33.84091266,2.639013806,900.2294949,25.05876948,0.968044506,15.3,90.94512959999993,8.782143180000002
556.6,797.3881683,34.09189866,2.379634314,902.7352608,25.16547635,1.166092885,15.3,90.04709250000003,8.92642231
556.7,800.8157676,34.31683953,2.119182999,905.2526877,25.29198805,1.364141264,15.3,89.13692010000007,9.024851480000002
556.8000000000001,804.2645587,34.51573526,1.858731683,907.783756,25.4383046,1.561155416,15.3,88.21919730000009,9.077430660000001
556.9,807.7319372,34.68858586,1.598280368,910.3304462,25.60442598,1.751964201,15.3,87.29850900000004,9.084159880000005
557.0,811.2152985,34.83539133,1.337829052,912.8947388,25.7903522,1.930362256,15.3,86.37944030000001,9.04503913
557.1,814.712038,34.95615167,1.077377737,915.4786142,25.99546273,2.090144213,15.3,85.46657620000003,8.960688939999997
557.2,818.2195514,35.05086688,0.816926422,918.084053,26.21665487,2.227916654,15.3,84.56450160000004,8.834212010000002
557.3000000000001,821.735234,35.11953696,0.556475106,920.7130357,26.45020541,2.329038372,15.3,83.67780169999999,8.669331549999999
557.4,825.2564813,35.1621619,0.297164083,923.3675426,26.69239113,2.396774071,15.3,82.81106129999996,8.46977077
557.5,828.7806889,35.17874172,0.044694813,926.0490579,26.94117597,2.427277574,15.3,81.96836900000001,8.237565749999998
557.6,832.3052522,35.1692764,-0.194090952,928.7570799,27.18777523,2.421583112,15.3,81.15182769999997,7.981501170000001
557.7,835.8275668,35.13445012,-0.412351458,931.4906106,27.43352717,2.38486182,15.3,80.36304379999997,7.700922949999995
557.8000000000001,839.345028,35.07768377,-0.603244952,934.2486517,27.67302141,2.320507118,15.3,79.60362370000003,7.40466236
557.9,842.8550314,35.00308239,-0.765540783,937.0302053,27.90315527,2.243160213,15.3,78.87517390000001,7.099927120000004
558.0,846.3549725,34.91475103,-0.876704185,939.8342732,28.12330822,2.15059063,15.3,78.17930069999996,6.7914428099999995
558.1,849.8427941,34.81679475,-0.952428171,942.6598574,28.33348025,2.051815681,15.3,77.51706329999998,6.483314499999999
558.2,853.3186283,34.70995193,-0.988241932,945.5059597,28.53367135,1.952006504,15.3,76.88733139999995,6.176280580000004
558.3000000000001,856.7831548,34.60842761,-0.989846929,948.3715821,28.72388155,1.852197327,15.3,76.28842729999992,5.884546059999998
558.4,860.2370531,34.50622687,-0.964084913,951.2557265,28.90411082,1.75238815,15.3,75.71867340000001,5.602116049999999
558.5,863.6810026,34.41013723,-0.912186538,954.1573947,29.07435918,1.652578973,15.3,75.1763921,5.335778049999998
558.6,867.1156829,34.32084287,-0.857826859,957.0755888,29.23462661,1.552769797,15.3,74.65990589999997,5.0862162600000005
558.7,870.5417735,34.2383438,-0.791014327,960.0093105,29.38491314,1.45296062,15.3,74.167537,4.853430660000004
558.8000000000001,873.959954,34.16264001,-0.723061502,962.9575619,29.52521874,1.352983481,15.3,73.69760789999994,4.637421269999997
558.9,877.3709038,34.0937315,-0.655108677,965.9193447,29.65554342,1.251998575,15.3,73.24844090000006,4.438188079999996
559.0,880.7753026,34.03161827,-0.587155851,968.893661,29.77588719,1.14899813,15.3,72.81835839999992,4.255731080000004
559.1,884.1738299,33.97630033,-0.519203026,971.8795126,29.88614927,1.04297438,15.3,72.40568270000001,4.09015106
559.2,887.5671651,33.92777767,-0.451250201,974.8759015,29.98582576,0.932919556,15.3,72.00873640000005,3.9419519099999967
559.3000000000001,890.9559878,33.88605029,-0.383297376,977.8818295,30.07431201,0.817825888,15.3,71.62584169999998,3.81173828
559.4,894.3409775,33.85111819,-0.31571065,980.8962985,30.15100337,0.69685357,15.3,71.25532099999994,3.7001148199999996
559.5,897.7228137,33.82298138,-0.250320519,983.9182299,30.21529516,0.56983464,15.3,70.89541620000007,3.6076862200000015
559.6,901.1021761,33.80163985,-0.189323577,986.9462225,30.26658272,0.436937059,15.3,70.54404640000003,3.535057130000002
559.7,904.4797441,33.78687394,-0.134916419,989.9787943,30.30426141,0.299000636,15.3,70.19905020000006,3.482612530000001
559.8000000000001,907.8561972,33.77758535,-0.0883533,993.0144637,30.32772654,0.157033138,15.3,69.85826649999997,3.449858810000002
559.9,911.232215,33.77245614,-0.054657833,996.0517488,30.33647425,0.012042334,15.3,69.51953380000005,3.4359818900000043
560.0,914.6084769,33.77016834,-0.032833495,999.0891677,30.33040375,-0.134964008,15.3,69.18069079999994,3.4397645899999993
560.1,917.9854869,33.7699694,-0.024188725,1002.125239,30.30951504,-0.282978117,15.3,68.83975210000001,3.46045436
560.2,921.3630458,33.76884515,-0.028357423,1005.15848,30.27380812,-0.431160189,15.3,68.49543420000005,3.4950370299999953
560.3000000000001,924.7407787,33.76717384,-0.043509095,1008.187409,30.223283,-0.57934226,15.3,68.14663030000004,3.5438908399999995
560.4,928.1183108,33.76307212,-0.068389485,1011.210545,30.15793967,-0.727524331,15.3,67.79223420000001,3.6051324499999957
560.5,931.4952673,33.75544169,-0.097974979,1014.226406,30.07777814,-0.875706403,15.3,67.43113869999998,3.6776635499999983
560.6,934.8712733,33.74406288,-0.132896002,1017.23351,29.98279839,-1.023888474,15.3,67.06223670000004,3.761264490000002
560.7,938.245954,33.72893571,-0.17001362,1020.230375,29.87300044,-1.172070545,15.3,66.684421,3.8559352700000034
560.8000000000001,941.6189346,33.71006016,-0.207497337,1023.215519,29.74838428,-1.320252617,15.3,66.29658439999999,3.961675879999998
560.9,944.9898403,33.68743624,-0.244981054,1026.187461,29.60894992,-1.467343975,15.3,65.89762070000002,4.078486319999996
561.0,948.3582961,33.66106395,-0.282464771,1029.144718,29.45469735,-1.607891052,15.3,65.48642190000005,4.206366599999999
561.1,951.7239272,33.63094328,-0.319948488,1032.08581,29.28562657,-1.735349568,15.3,65.06188279999999,4.345316709999995
561.2,955.0863589,33.59707425,-0.357432205,1035.009253,29.10239201,-1.843175243,15.3,64.6228940999999,4.4946822399999995
561.3000000000001,958.4452163,33.55945684,-0.394915922,1037.913566,28.90826581,-1.924823795,15.3,64.16834969999998,4.651191030000003
561.4,961.8001245,33.51809107,-0.432193647,1040.797268,28.70717454,-1.973750945,15.3,63.697143499999996,4.8109165299999965
561.5,965.1507087,33.47297692,-0.468235419,1043.658876,28.50304477,-1.984503124,15.3,63.20816729999997,4.969932150000002
561.6,968.496594,33.42411439,-0.501805285,1046.497433,28.29980307,-1.95598962,15.3,62.700839000000045,5.12431132
561.7,971.8374057,33.3716271,-0.531667291,1049.314074,28.101376,-1.889301146,15.3,62.17666829999992,5.270251099999999
561.8000000000001,975.1727689,33.316133,-0.556585486,1052.110458,27.91169013,-1.789891269,15.3,61.63768910000006,5.4044428700000005
561.9,978.5023088,33.25837367,-0.575323915,1054.888246,27.73467204,-1.664304271,15.3,61.08593719999995,5.523701629999998
562.0,981.8256504,33.19909069,-0.586852619,1057.649095,27.57359385,-1.51908443,15.3,60.52344460000002,5.625496839999997
562.1,985.1425179,33.13902562,-0.590965604,1060.394667,27.42911001,-1.360776028,15.3,59.9521491,5.7099156099999995
562.2,988.4530309,33.07892004,-0.587868863,1063.12662,27.30122051,-1.195923346,15.3,59.37358909999996,5.77769953
562.3000000000001,991.7574076,33.01951552,-0.578592357,1065.846614,27.18992534,-1.02997995,15.3,58.78920640000008,5.82959018
562.4,995.0558666,32.96155364,-0.564372039,1068.556308,27.09522452,-0.864036554,15.3,58.2004414,5.86632912
562.5,998.3486262,32.90565235,-0.546443861,1071.257362,27.01711803,-0.698093158,15.3,57.60873580000005,5.888534319999998
562.6,1001.635905,32.85193528,-0.526043778,1073.951435,26.95560588,-0.532149762,15.3,57.01552999999997,5.896329399999999
562.7,1004.917921,32.8004024,-0.504407741,1076.640186,26.91068808,-0.366206367,15.3,56.42226500000011,5.889714320000003
562.8000000000001,1008.194893,32.75105373,-0.482565713,1079.325275,26.88236461,-0.200262971,15.3,55.83038199999994,5.868689120000003
562.9,1011.46704,32.70388926,-0.460723684,1082.008362,26.87063548,-0.035464678,15.3,55.24132200000004,5.833253779999996
563.0,1014.734579,32.65890899,-0.438881656,1084.691105,26.8755007,0.122462999,15.3,54.656526000000056,5.783408290000001
563.1,1017.99773,32.61611293,-0.417039627,1087.375165,26.89696025,0.266649442,15.3,54.07743499999988,5.7191526800000005
563.2,1021.25671,32.57550107,-0.395197598,1090.0622,26.93432708,0.390224037,15.3,53.50549000000008,5.641173990000002
563.3000000000001,1024.511738,32.53707341,-0.37335557,1092.75387,26.98416588,0.486316165,15.3,52.942132000000086,5.552907529999999
563.4,1027.763032,32.50082995,-0.351879129,1095.451835,27.04235428,0.548055211,15.3,52.38880300000001,5.458475670000002
563.5,1031.010812,32.4667707,-0.334406024,1098.157754,27.10476991,0.569715661,15.3,51.846942000000084,5.362000789999996
563.6,1034.255294,32.43489565,-0.317700358,1100.872737,27.1672904,0.550152412,15.3,51.31744299999987,5.267605250000003
563.7,1037.496699,32.40498545,-0.309385083,1103.595694,27.22579337,0.490510567,15.3,50.79899500000006,5.179192079999996
563.8000000000001,1040.735243,32.37485745,-0.309843919,1106.324988,27.27615647,0.396515639,15.3,50.289744999999996,5.09870098
563.9,1043.971146,32.34645319,-0.321270392,1109.05898,27.31425732,0.275038246,15.3,49.78783399999993,5.032195869999999
564.0,1047.204626,32.3151989,-0.345492443,1111.796032,27.33666062,0.132949003,15.3,49.29140600000001,4.978538279999999
564.1,1050.435726,32.28086435,-0.381065852,1114.534505,27.34267929,-0.022881472,15.3,48.79877900000015,4.938185060000002
564.2,1053.663787,32.24213341,-0.433054454,1117.27276,27.33231334,-0.185582565,15.3,48.30897300000011,4.909820070000002
564.3000000000001,1056.887974,32.19768998,-0.494200887,1120.00916,27.30556278,-0.349428759,15.3,47.82118600000008,4.892127200000001
564.4,1060.107453,32.14621794,-0.56412143,1122.742065,27.26242759,-0.513274954,15.3,47.33461199999984,4.883790349999998
564.5,1063.32139,32.08662052,-0.640622555,1125.469838,27.20290779,-0.677121149,15.3,46.84844799999992,4.883712729999996
564.6,1066.52895,32.01867837,-0.721510736,1128.190839,27.12700336,-0.840967344,15.3,46.361889000000204,4.891675010000004
564.7,1069.729298,31.94239149,-0.804592445,1130.903431,27.03471432,-1.004813539,15.3,45.874132999999986,4.9076771699999995
564.8000000000001,1072.9216,31.85775988,-0.888039741,1133.605974,26.92604065,-1.168659734,15.3,45.384374000000165,4.931719229999999
564.9,1076.105022,31.76478354,-0.971487038,1136.296831,26.80098237,-1.331815979,15.3,44.89180900000015,4.96380117
565.0,1079.27873,31.66346247,-1.054934334,1138.974363,26.65953947,-1.490832524,15.3,44.395633000000046,5.003923
565.1,1082.441887,31.55379667,-1.13838163,1141.636931,26.50171195,-1.641569669,15.3,43.895044000000055,5.05208472
565.2,1085.593661,31.43578615,-1.221828927,1144.282898,26.32791377,-1.779887715,15.3,43.389236999999824,5.10787238
565.3000000000001,1088.733217,31.30943089,-1.305276223,1146.910624,26.1402148,-1.901646962,15.3,42.87740700000013,5.169216090000003
565.4,1091.85972,31.1747309,-1.388665476,1149.518471,25.94109885,-2.007259645,15.3,42.35875100000017,5.233632050000001
565.5,1094.972335,31.03168619,-1.471706467,1152.1048,25.73304974,-2.079620209,15.3,41.83246500000014,5.29863645
565.6,1098.070229,30.88029674,-1.554050935,1154.668305,25.51855129,-2.13169451,15.3,41.298075999999995,5.361745449999997
565.7,1101.152567,30.72059739,-1.635350618,1157.209003,25.29735616,-2.159620561,15.3,40.75643599999985,5.423241229999999
565.8000000000001,1104.218514,30.55276227,-1.715257254,1159.727242,25.08014165,-2.166848113,15.3,40.20872800000002,5.472620619999997
565.9,1107.267236,30.37700033,-1.793422582,1162.223371,24.8611981,-2.157516867,15.3,39.656135000000134,5.515802230000002
566.0,1110.297899,30.19352053,-1.869556384,1164.697739,24.64532652,-2.131214586,15.3,39.09984000000004,5.54819401
566.1,1113.309695,30.00253183,-1.943600616,1167.150693,24.43294087,-2.105736775,15.3,38.54099800000013,5.569590959999999
566.2,1116.30193,29.80424319,-2.015613322,1169.582584,24.22404117,-2.071567329,15.3,37.980653999999916,5.5802020200000015
566.3000000000001,1119.273936,29.59886356,-2.085884719,1171.993759,24.01862741,-2.036707934,15.3,37.41982299999991,5.580236150000001
566.4,1122.225046,29.3866019,-2.15476307,1174.384566,23.81669958,-2.001848538,15.3,36.85951999999993,5.569902319999997
566.5,1125.154593,29.16763234,-2.222596636,1176.755356,23.6182577,-1.966989143,15.3,36.30076299999992,5.54937464
566.6,1128.061909,28.9419897,-2.289733679,1179.106475,23.42330175,-1.932129747,15.3,35.744566000000034,5.51868795
566.7,1130.946327,28.70967399,-2.35652246,1181.438273,23.23183175,-1.897270352,15.3,35.191945999999874,5.4778422399999975
566.8000000000001,1133.80718,28.47068521,-2.423253197,1183.751098,23.04384768,-1.862410956,15.3,34.64391799999994,5.42683753
566.9,1136.643801,28.22502335,-2.489983935,1186.0453,22.85934956,-1.8278248,15.3,34.10149900000006,5.365673790000002
567.0,1139.455521,27.97268842,-2.556714672,1188.321225,22.67833737,-1.794878077,15.3,33.565703999999826,5.2943510499999995
567.1,1142.241675,27.71368042,-2.623445409,1190.579224,22.50081113,-1.765210223,15.3,33.037549000000084,5.21286929
567.2,1145.001594,27.44799934,-2.690176147,1192.819645,22.32660688,-1.740460672,15.3,32.51805099999997,5.121392459999999
567.3000000000001,1147.734611,27.17564519,-2.756906884,1195.042835,22.1549049,-1.722268857,15.3,32.008223999999885,5.020740290000003
567.4,1150.44006,26.89661796,-2.823442714,1197.249145,21.98472155,-1.712274212,15.3,31.509085000000095,4.911896410000001
567.5,1153.117271,26.61091766,-2.888809097,1199.438922,21.81507316,-1.711842934,15.3,31.021650999999974,4.795844499999998
567.6,1155.76558,26.31854429,-2.951836586,1201.612384,21.64497606,-1.72124826,15.3,30.54680400000002,4.673568229999997
567.7,1158.384317,26.01961479,-3.011355735,1203.769224,21.4734466,-1.740216952,15.3,30.084906999999884,4.5461681899999995
567.8000000000001,1160.972816,25.71471388,-3.066197097,1205.909003,21.29950112,-1.767382815,15.3,29.636187000000017,4.415212760000003
567.9,1163.530409,25.40454324,-3.115191226,1208.031283,21.12215595,-1.801106414,15.3,29.200874000000066,4.282387289999999
568.0,1166.056429,25.08980452,-3.157363582,1210.135625,20.94059138,-1.839748316,15.3,28.77919599999991,4.1492131400000005
568.1,1168.550303,24.7711994,-3.192519258,1212.221593,20.75464347,-1.881669085,15.3,28.37129,4.016555929999999
568.2,1171.011831,24.44942955,-3.220853161,1214.288746,20.56431221,-1.92522929,15.3,27.976914999999916,3.8851173400000008
568.3000000000001,1173.440906,24.12519664,-3.24333983,1216.336647,20.36959761,-1.969062733,15.3,27.595741000000043,3.755599029999999
568.4,1175.837423,23.79920233,-3.261148713,1218.364857,20.17049966,-2.012896176,15.3,27.227434000000084,3.628702669999999
568.5,1178.201276,23.47203134,-3.275449255,1220.372938,19.96701837,-2.056729619,15.3,26.87166199999997,3.5050129699999992
568.6,1180.532359,23.14380062,-3.287410904,1222.360452,19.75915374,-2.100563062,15.3,26.528092999999853,3.384646880000002
568.7,1182.830566,22.81451018,-3.298203106,1224.326961,19.54690576,-2.144396505,15.3,26.196394999999892,3.267604419999998
568.8000000000001,1185.095791,22.48416,-3.308800401,1226.272025,19.33027444,-2.188229948,15.3,25.87623400000002,3.153885559999999
568.9,1187.327928,22.1527501,-3.319397695,1228.195207,19.10925977,-2.231637952,15.3,25.567279000000052,3.0434903299999974
569.0,1189.526871,21.82028046,-3.32999499,1230.096069,18.88386176,-2.272493318,15.3,25.269197999999914,2.936418700000001
569.1,1191.692514,21.4867511,-3.340592284,1231.974171,18.6540804,-2.307399537,15.3,24.981656999999995,2.8326706999999978
569.2,1193.824751,21.15216201,-3.351189578,1233.829077,18.42017097,-2.336335589,15.3,24.70432599999999,2.7319910400000005
569.3000000000001,1195.923476,20.81651318,-3.361786873,1235.660346,18.18340977,-2.354217219,15.3,24.436869999999953,2.6331034100000004
569.4,1197.988584,20.47980463,-3.369626873,1237.467542,17.94583472,-2.359335662,15.3,24.178958000000147,2.5339699099999997
569.5,1200.019967,20.14203635,-3.378565922,1239.250225,17.70745842,-2.34956372,15.3,23.930258000000048,2.434577930000003
569.6,1202.017521,19.80320834,-3.380611737,1241.008162,17.47133143,-2.324475954,15.3,23.690641000000095,2.331876910000002
569.7,1203.981139,19.46497497,-3.373439412,1242.741935,17.23847901,-2.285341676,15.3,23.460796000000027,2.226495960000001
569.8000000000001,1205.910715,19.12502245,-3.354740848,1244.452331,17.01043274,-2.231756466,15.3,23.241615999999976,2.1145897100000006
569.9,1207.806143,18.78814614,-3.321634485,1246.140138,16.7887242,-2.168804579,15.3,23.03399499999996,1.9994219399999977
570.0,1209.667318,18.45574098,-3.273996057,1247.806142,16.57462971,-2.098194779,15.3,22.838823999999885,1.8811112700000017
570.1,1211.494363,18.12919184,-3.205087662,1249.451129,16.36840454,-2.022479706,15.3,22.656766000000015,1.7607873000000005
570.2,1213.288326,17.81022765,-3.120500283,1251.075888,16.17004868,-1.944211994,15.3,22.48756199999998,1.640178970000001
570.3000000000001,1215.050484,17.50057734,-3.022078564,1252.681204,15.97956214,-1.865518843,15.3,22.330719999999882,1.521015199999999
570.4,1216.782114,17.20196986,-2.912130606,1254.267866,15.79694491,-1.786825693,15.3,22.18575199999982,1.4050249499999978
570.5,1218.484492,16.91584597,-2.793537969,1255.836659,15.622197,-1.708132542,15.3,22.052167000000008,1.2936489699999996
570.6,1220.158897,16.64249385,-2.669182212,1257.38837,15.45531841,-1.629439391,15.3,21.92947299999987,1.1871754400000007
570.7,1221.806605,16.38191348,-2.541944895,1258.923788,15.29630912,-1.55074624,15.3,21.817183000000067,1.0856043600000014
570.8000000000001,1223.428894,16.13410487,-2.414227318,1260.443698,15.14516916,-1.472053089,15.3,21.71480400000014,0.9889357100000016
570.9,1225.02704,15.89906801,-2.286509741,1261.948887,15.00189851,-1.393359938,15.3,21.62184700000007,0.8971695000000004
571.0,1226.602321,15.67680292,-2.158792164,1263.440143,14.86649717,-1.31510771,15.3,21.53782199999996,0.8103057499999995
571.1,1228.156015,15.46730958,-2.031074587,1264.918252,14.73896515,-1.239501019,15.3,21.462236999999913,0.7283444299999999
571.2,1229.689398,15.270588,-1.90335701,1266.384001,14.61930244,-1.169185402,15.3,21.394602999999915,0.6512855599999998
571.3000000000001,1231.203747,15.08663818,-1.775639433,1267.838178,14.5072445,-1.106806395,15.3,21.33443099999995,0.579393679999999
571.4,1232.700339,14.91546011,-1.648516205,1269.281568,14.40146855,-1.055009536,15.3,21.28122900000012,0.5139915599999991
571.5,1234.180453,14.75705381,-1.524959071,1270.71496,14.30038726,-1.016440362,15.3,21.234507000000075,0.45666654999999956
571.6,1235.645364,14.61141926,-1.408534126,1272.13914,14.20241333,-0.993303487,15.3,21.193776000000025,0.4090059299999993
571.7,1237.096351,14.47819986,-1.302807463,1273.554683,14.10595943,-0.986039833,15.3,21.158332000000154,0.37224042999999973
571.8000000000001,1238.53469,14.35561256,-1.209286374,1274.961317,14.00943822,-0.994208478,15.3,21.126627000000052,0.346174340000001
571.9,1239.961658,14.2415177,-1.137713362,1276.358561,13.91126241,-1.015604807,15.3,21.096903000000065,0.3302552899999984
572.0,1241.378533,14.13377564,-1.084883764,1277.745932,13.80984465,-1.047583284,15.3,21.067398999999977,0.32393098999999914
572.1,1242.786306,14.03148198,-1.05345073,1279.122945,13.70386218,-1.087498372,15.3,21.036639000000104,0.3276198000000008
572.2,1244.184829,13.92879124,-1.042819913,1280.489119,13.59305045,-1.132704534,15.3,21.004290000000037,0.3357407900000009
572.3000000000001,1245.573667,13.8272696,-1.050019567,1281.84397,13.47740946,-1.180556233,15.3,20.970303000000012,0.34986013999999876
572.4,1246.952385,13.72354212,-1.0735424,1283.187015,13.3569392,-1.228848854,15.3,20.934629999999924,0.36660292000000005
572.5,1248.320548,13.61582576,-1.10364591,1284.517772,13.23163968,-1.277141476,15.3,20.897224000000005,0.3841860799999992
572.6,1249.677723,13.5037639,-1.142940412,1285.835758,13.10151091,-1.325434097,15.3,20.858034999999926,0.40225298999999914
572.7,1251.023474,13.38735654,-1.185801008,1287.140489,12.96655287,-1.373726719,15.3,20.81701499999981,0.4208036700000015
572.8000000000001,1252.357367,13.26660369,-1.229255953,1288.431483,12.82676556,-1.42201934,15.3,20.774116000000003,0.43983813000000005
572.9,1253.678967,13.14150535,-1.272710897,1289.708257,12.682149,-1.470311962,15.3,20.729289999999946,0.4593563499999984
573.0,1254.98784,13.01206152,-1.316165842,1290.970327,12.53270317,-1.518084446,15.3,20.68248699999999,0.47935835000000004
573.1,1256.283552,12.87827218,-1.359620787,1292.217212,12.37842808,-1.562736103,15.3,20.633659999999917,0.4998440999999989
573.2,1257.565668,12.74013736,-1.403075732,1293.448428,12.21932373,-1.598674252,15.3,20.58275999999996,0.520813630000001
573.3000000000001,1258.833752,12.59765704,-1.446530676,1294.663491,12.0557022,-1.630193635,15.3,20.529739000000017,0.5419548399999989
573.4,1260.087372,12.45083122,-1.489985621,1295.86192,11.8891239,-1.646757856,15.3,20.474548000000095,0.56170732
573.5,1261.326091,12.29965991,-1.532938236,1297.043232,11.72294445,-1.647717946,15.3,20.417141000000083,0.5767154600000008
573.6,1262.549477,12.14414311,-1.572876872,1298.206942,11.55458699,-1.630473217,15.3,20.357465,0.5895561199999992
573.7,1263.757093,11.98428081,-1.604860814,1299.352819,11.39037337,-1.59450353,15.3,20.295726000000013,0.5939074399999988
573.8000000000001,1264.948505,11.82037442,-1.631656288,1300.481627,11.23069296,-1.54280088,15.3,20.23312199999982,0.5896814599999995
573.9,1266.12328,11.65393091,-1.644469111,1301.594381,11.07741827,-1.470550385,15.3,20.17110100000009,0.5765126399999989
574.0,1267.280982,11.48791473,-1.642212037,1302.692097,10.93242178,-1.388288442,15.3,20.111115000000108,0.5554929499999997
574.1,1268.421177,11.32066614,-1.622373418,1303.77579,10.79726392,-1.296664021,15.3,20.05461299999997,0.5234022199999995
574.2,1269.543671,11.15746164,-1.584450923,1304.846475,10.67225676,-1.198797947,15.3,20.00280400000015,0.4852048799999995
574.3000000000001,1270.649236,10.99895359,-1.530873617,1305.905166,10.5574003,-1.097811046,15.3,19.955930000000034,0.4415532899999999
574.4,1271.738883,10.84695037,-1.458372945,1306.952879,10.45269455,-0.996304008,15.3,19.91399599999995,0.3942558199999997
574.5,1272.813626,10.70326036,-1.375743092,1307.99063,10.3581395,-0.89479697,15.3,19.877003999999896,0.34512085999999975
574.6,1273.874475,10.56939056,-1.2840713,1309.019432,10.27373515,-0.793289932,15.3,19.844956999999976,0.2956554100000002
574.7,1274.922443,10.44564237,-1.18637155,1310.040301,10.19948151,-0.691782894,15.3,19.81785800000007,0.24616085999999981
574.8000000000001,1275.958542,10.33201579,-1.085657821,1311.054253,10.13537858,-0.590275856,15.3,19.795710999999937,0.19663721000000045
574.9,1276.983785,10.22851081,-0.984441762,1312.062302,10.08142634,-0.488768818,15.3,19.778517000000146,0.14708446999999936
575.0,1277.999184,10.13512744,-0.883225703,1313.065463,10.03762481,-0.387542696,15.3,19.766278999999894,0.09750262999999926
575.1,1279.00575,10.05186567,-0.782009644,1314.064751,10.00397399,-0.288002073,15.3,19.759000999999852,0.047891679999999326
575.2,1280.004496,9.978725507,-0.680793585,1315.061182,9.980473864,-0.191832446,15.3,19.7566859999999,-0.0017483570000003112
575.3000000000001,1280.996434,9.915706951,-0.579577526,1316.055771,9.966955896,-0.100719315,15.3,19.75933700000014,-0.051248944999999324
575.4,1281.982577,9.862810001,-0.478361467,1317.049532,9.962577332,-0.016348177,15.3,19.766955000000006,-0.09976733100000068
575.5,1282.963935,9.820034658,-0.377618995,1318.043481,9.966326874,0.05959547,15.3,19.779545999999936,-0.1462922159999991
575.6,1283.941523,9.78738092,-0.279718045,1319.038632,9.977193223,0.125707043,15.3,19.797109000000045,-0.18981230300000007
575.7,1284.916351,9.764848788,-0.18750014,1320.035866,9.99416508,0.181705626,15.3,19.819514999999864,-0.22931629200000003
575.8000000000001,1285.889432,9.75215411,-0.103806802,1321.035525,10.01623115,0.227872135,15.3,19.846093000000064,-0.2640770400000001
575.9,1286.861778,9.747876124,-0.029609315,1322.037813,10.04238012,0.265611152,15.3,19.876034999999955,-0.2945039960000013
576.0,1287.834401,9.750309917,0.026640084,1323.042937,10.07160071,0.296608177,15.3,19.908535999999867,-0.3212907930000011
576.1,1288.808313,9.757750576,0.068184174,1324.051103,10.10305016,0.322548706,15.3,19.942790000000013,-0.34529958400000105
576.2,1289.7843,9.769615331,0.09267913,1325.062517,10.13655991,0.345118238,15.3,19.97821700000004,-0.3669445790000001
576.3000000000001,1290.762236,9.780832838,0.100598539,1326.077385,10.17212999,0.366002272,15.3,20.01514900000002,-0.3912971519999999
576.4,1291.741771,9.793064614,0.094310336,1327.095913,10.20976037,0.38660539,15.3,20.054142000000137,-0.4166957559999993
576.5,1292.722551,9.803483602,0.074785806,1328.118307,10.24945106,0.407208508,15.3,20.09575599999989,-0.44596745800000015
576.6,1293.704226,9.810669041,0.050477185,1329.144773,10.29120207,0.427811626,15.3,20.140546999999923,-0.48053302900000006
576.7,1294.686444,9.814336778,0.018615282,1330.175517,10.33501339,0.448414743,15.3,20.18907299999996,-0.5206766120000008
576.8000000000001,1295.668853,9.814486814,-0.016088144,1331.210745,10.38088502,0.469017861,15.3,20.24189200000019,-0.5663982059999988
576.9,1296.6511,9.811119149,-0.051265157,1332.250664,10.42881696,0.489620979,15.3,20.299563999999872,-0.6176978110000011
577.0,1297.632835,9.804233783,-0.08644217,1333.295478,10.47880922,0.50999509,15.3,20.362643000000116,-0.6745754369999997
577.1,1298.613706,9.793830715,-0.121619183,1334.345395,10.53086178,0.528995165,15.3,20.43168899999996,-0.737031065
577.2,1299.59336,9.779909946,-0.156796196,1335.400621,10.58497466,0.544104614,15.3,20.507260999999925,-0.8050647140000002
577.3000000000001,1300.571447,9.762471476,-0.191973209,1336.46136,10.64101044,0.557377051,15.3,20.589912999999978,-0.8785389640000005
577.4,1301.547613,9.741515304,-0.227150222,1337.52782,10.69828212,0.564010788,15.3,20.680207000000063,-0.956766816
577.5,1302.521509,9.717041431,-0.261996198,1338.600206,10.75527973,0.563774339,15.3,20.778697000000147,-1.0382382989999996
577.6,1303.49278,9.689049857,-0.29485595,1339.678725,10.81323545,0.555522671,15.3,20.885944999999946,-1.124185593
577.7,1304.461077,9.657540582,-0.323743254,1340.763472,10.86926825,0.539026778,15.3,21.00239500000016,-1.211727668
577.8000000000001,1305.426047,9.622712227,-0.346671887,1341.854104,10.92323926,0.515658218,15.3,21.12805700000008,-1.3005270330000016
577.9,1306.387339,9.585557906,-0.361655625,1342.950168,10.97432405,0.48313437,15.3,21.262828999999964,-1.3887661439999999
578.0,1307.3446,9.547269352,-0.366708243,1344.051209,11.02169819,0.446256922,15.3,21.40660900000007,-1.4744288379999997
578.1,1308.297479,9.509038299,-0.360174556,1345.156775,11.06467466,0.405257363,15.3,21.559295999999858,-1.5556363609999995
578.2,1309.245783,9.472056482,-0.341723526,1346.266411,11.10311607,0.361509728,15.3,21.720627999999987,-1.6310595880000012
578.3000000000001,1310.189955,9.437515636,-0.31168619,1347.379665,11.13702241,0.316388056,15.3,21.889709999999877,-1.6995067739999996
578.4,1311.130596,9.406607494,-0.271717736,1348.496083,11.16639368,0.271037378,15.3,22.06548700000003,-1.7597861860000013
578.5,1312.068308,9.38052379,-0.223804386,1349.615212,11.19122988,0.2256867,15.3,22.24690400000004,-1.81070609
578.6,1313.003693,9.360257638,-0.169932364,1350.736597,11.21153102,0.180336022,15.3,22.43290399999996,-1.8512733820000005
578.7,1313.937351,9.346007658,-0.112087895,1351.859786,11.22729709,0.134985344,15.3,22.62243499999995,-1.8812894320000009
578.8000000000001,1314.869886,9.337773851,-0.052257202,1352.984324,11.23852809,0.089634666,15.3,22.814438000000063,-1.9007542390000012
578.9,1315.801898,9.335556217,0.007904528,1354.109759,11.24522402,0.044283988,15.3,23.007861000000002,-1.9096678029999996
579.0,1316.733989,9.339354757,0.068066258,1355.235636,11.24738489,-0.00106669,15.3,23.201647000000047,-1.9080301329999987
579.1,1317.666761,9.349169469,0.128227988,1356.361503,11.24501068,-0.046501212,15.3,23.394742000000132,-1.8958412110000005
579.2,1318.600815,9.365000354,0.188389718,1357.486906,11.23810141,-0.092438792,15.3,23.586091000000078,-1.8731010560000012
579.3000000000001,1319.536753,9.386847413,0.248551449,1358.611391,11.22665707,-0.13938249,15.3,23.774637999999822,-1.839809657
579.4,1320.475176,9.414710644,0.308713179,1359.734505,11.21062736,-0.187835366,15.3,23.95932899999998,-1.7959167160000007
579.5,1321.416687,9.448590048,0.368389971,1360.855794,11.18976075,-0.238300477,15.3,24.13910700000015,-1.7411707019999998
579.6,1322.361886,9.488485626,0.425157136,1361.974805,11.16375539,-0.291280883,15.3,24.312919000000146,-1.6752697640000012
579.7,1323.311376,9.534397376,0.476105045,1363.091084,11.13230946,-0.347195801,15.3,24.4797079999998,-1.5979120840000007
579.8000000000001,1324.265758,9.586034337,0.518324072,1364.204138,11.09512113,-0.406129072,15.3,24.63838000000005,-1.5090867930000016
579.9,1325.225633,9.641941694,0.548904589,1365.313312,11.05188854,-0.467996854,15.3,24.78767899999998,-1.4099468460000004
580.0,1326.191604,9.700373671,0.564936969,1366.41791,11.00230988,-0.532379931,15.3,24.926305999999794,-1.3019362090000008
580.1,1327.164271,9.759584492,0.563996521,1367.517239,10.9460833,-0.598775244,15.3,25.052967999999918,-1.1864988079999996
580.2,1328.144004,9.817828379,0.545598308,1368.610602,10.88295728,-0.666679735,15.3,25.166597999999976,-1.0651289009999996
580.3000000000001,1329.13024,9.873359557,0.510227268,1369.697305,10.8128815,-0.735590343,15.3,25.267064999999956,-0.939521942999999
580.4,1330.122185,9.924432249,0.46030809,1370.776653,10.73585598,-0.80500401,15.3,25.35446799999995,-0.8114237309999996
580.5,1331.119044,9.969300679,0.398750402,1371.847951,10.6518807,-0.874501521,15.3,25.428906999999935,-0.6825800209999997
580.6,1332.12002,10.00651003,0.328463832,1372.910504,10.56095567,-0.943999031,15.3,25.490483999999878,-0.5544456400000009
580.7,1333.124321,10.03576935,0.252358007,1373.963617,10.4630809,-1.013496541,15.3,25.539296000000103,-0.4273115499999989
580.8000000000001,1334.131149,10.05707862,0.173342554,1375.006595,10.35825637,-1.082994052,15.3,25.57544600000001,-0.301177749999999
580.9,1335.139711,10.07043786,0.093842163,1376.038743,10.24648209,-1.152491562,15.3,25.599032000000033,-0.17604423000000047
581.0,1336.149212,10.07584705,0.014341772,1377.059366,10.12775805,-1.221989073,15.3,25.61015399999992,-0.051911000000000485
581.1,1337.158856,10.07330621,-0.065158619,1378.06777,10.00208427,-1.291316985,15.3,25.608914000000095,0.07122194000000093
581.2,1338.167848,10.06281533,-0.14465901,1379.063258,9.869460737,-1.359627307,15.3,25.595409999999855,0.1933545929999987
581.3000000000001,1339.175394,10.04437441,-0.224159401,1380.045137,9.729887452,-1.425902448,15.3,25.56974299999997,0.3144869579999998
581.4,1340.180698,10.01798345,-0.303659792,1381.01271,9.583466176,-1.489124818,15.3,25.532012000000076,0.4345172739999992
581.5,1341.182966,9.983642451,-0.382982915,1381.965284,9.430705702,-1.548276828,15.3,25.48231800000003,0.5529367490000006
581.6,1342.181402,9.941351413,-0.461242434,1382.902164,9.272216585,-1.602340886,15.3,25.42076200000015,0.6691348279999989
581.7,1343.175211,9.891110336,-0.537374742,1383.822653,9.10860938,-1.650469001,15.3,25.347441999999955,0.7825009559999998
581.8000000000001,1344.163599,9.83302558,-0.610316236,1384.726139,8.940494641,-1.692491574,15.3,25.262540000000126,0.8925309389999985
581.9,1345.14577,9.767628949,-0.679003309,1385.612334,8.768482921,-1.728578204,15.3,25.166563999999834,0.9991460280000002
582.0,1346.120929,9.695558604,-0.742372358,1386.481031,8.593184775,-1.759576883,15.3,25.060102000000096,1.1023738290000011
582.1,1347.088282,9.617452709,-0.799537044,1387.332024,8.415210757,-1.786505201,15.3,24.94374200000011,1.2022419519999996
582.2,1348.047119,9.533949427,-0.8503201,1388.165106,8.235069663,-1.810380748,15.3,24.817986999999857,1.2988797639999987
582.3000000000001,1348.997069,9.445686921,-0.894898794,1388.980071,8.05286325,-1.832221115,15.3,24.68300199999994,1.3928236710000004
582.4,1349.937848,9.353303354,-0.934159463,1389.776711,7.86859152,-1.853043891,15.3,24.538862999999946,1.4847118339999996
582.5,1350.869173,9.257436889,-0.969165712,1390.554822,7.682254472,-1.873697069,15.3,24.38564900000001,1.5751824169999988
582.6,1351.790758,9.158619328,-1.000981145,1391.314195,7.493852106,-1.894350247,15.3,24.22343699999983,1.664767222
582.7,1352.702319,9.056957032,-1.030669369,1392.054625,7.303384423,-1.915003425,15.3,24.052305999999998,1.753572609
582.8000000000001,1353.603572,8.95245,-1.059293988,1392.775905,7.110851421,-1.935656603,15.3,23.87233299999998,1.8415985790000011
582.9,1354.494232,8.845098234,-1.08774134,1393.477828,6.916253102,-1.95630978,15.3,23.683596000000033,1.9288451320000002
583.0,1355.374014,8.734901733,-1.116188691,1394.160188,6.719589465,-1.976962958,15.3,23.486174000000073,2.015312267999999
583.1,1356.242634,8.621860496,-1.144636043,1394.822778,6.52086051,-1.9973909,15.3,23.280144000000018,2.1009999859999997
583.2,1357.099808,8.505974524,-1.173083394,1395.465393,6.320066238,-2.016467426,15.3,23.06558500000001,2.185908286000001
583.3000000000001,1357.945252,8.387243817,-1.201530746,1396.087824,6.117206648,-2.031626808,15.3,22.842571999999972,2.270037169
583.4,1358.77868,8.265668375,-1.229978097,1396.689867,5.912416881,-2.045160562,15.3,22.611187000000154,2.353251494
583.5,1359.599808,8.141248197,-1.258396016,1397.271313,5.706372647,-2.05207434,15.3,22.371505000000024,2.4348755499999992
583.6,1360.408352,8.013983285,-1.286637338,1397.831958,5.500613381,-2.052231036,15.3,22.123606000000063,2.513369904
583.7,1361.204027,7.883873637,-1.314525467,1398.371593,5.293764173,-2.04450447,15.3,21.867566000000078,2.590109464
583.8000000000001,1361.986549,7.750936914,-1.341883805,1398.890121,5.088821634,-2.028669405,15.3,21.60357199999994,2.66211528
583.9,1362.755633,7.615261414,-1.368535756,1399.387876,4.885868026,-2.006165389,15.3,21.332243000000016,2.729393388
584.0,1363.510995,7.476953095,-1.394304724,1399.8653,4.685714199,-1.97447567,15.3,21.05430499999984,2.7912388959999994
584.1,1364.252351,7.336117915,-1.419043544,1400.322836,4.489171004,-1.938594595,15.3,20.77048499999996,2.846946911
584.2,1364.979429,7.192861831,-1.442722783,1400.760924,4.296914147,-1.898659272,15.3,20.48149499999995,2.8959476840000002
584.3000000000001,1365.692017,7.047290803,-1.465371875,1401.180008,4.109078772,-1.856021116,15.3,20.187990999999965,2.938212031
584.4,1366.389914,6.899510788,-1.487137984,1401.580529,3.925664877,-1.812031543,15.3,19.89061499999998,2.9738459109999997
584.5,1367.072921,6.749627744,-1.508197705,1401.96293,3.746672463,-1.767816735,15.3,19.590008999999963,3.0029552809999998
584.6,1367.740838,6.59772997,-1.528727636,1402.327653,3.57210153,-1.723601926,15.3,19.286815000000114,3.0256284399999998
584.7,1368.393466,6.443835124,-1.548904374,1402.675139,3.401952078,-1.679387118,15.3,18.981672999999954,3.0418830459999997
584.8000000000001,1369.030604,6.287943208,-1.568904514,1403.005832,3.236224106,-1.635172309,15.3,18.675228000000015,3.051719102
584.9,1369.652053,6.130054222,-1.588875223,1403.320173,3.074917616,-1.5909575,15.3,18.368120000000044,3.055136606
585.0,1370.257613,5.970168164,-1.608845931,1403.618605,2.918032606,-1.546742692,15.3,18.060991999999896,3.0521355580000002
585.1,1370.847085,5.808285035,-1.628816639,1403.901569,2.765569078,-1.502483816,15.3,17.754484,3.042715957
585.2,1371.420269,5.644404836,-1.648787347,1404.169508,2.61752703,-1.457960541,15.3,17.449238999999988,3.0268778059999994
585.3000000000001,1371.976964,5.478527566,-1.668758055,1404.422864,2.473906463,-1.412908465,15.3,17.145899999999937,3.0046211030000003
585.4,1372.516973,5.310653225,-1.688728763,1404.662079,2.334733817,-1.367063188,15.3,16.84510599999994,2.975919408
585.5,1373.040094,5.140781813,-1.70842459,1404.887595,2.200141291,-1.32016031,15.3,16.547500999999965,2.9406405220000003
585.6,1373.546128,4.968913331,-1.726471129,1405.099854,2.070287527,-1.271935432,15.3,16.253726000000096,2.8986258040000004
585.7,1374.034875,4.795047778,-1.740319759,1405.299299,1.945331165,-1.222168218,15.3,15.964423999999962,2.849716613
585.8000000000001,1374.506136,4.619350082,-1.751019195,1405.486392,1.825430843,-1.170814603,15.3,15.680256000000053,2.7939192390000005
585.9,1374.95971,4.442644888,-1.754222146,1405.661682,1.710745204,-1.117918653,15.3,15.40197199999984,2.731899684
586.0,1375.395399,4.26646137,-1.749178659,1405.825738,1.601432886,-1.063700702,15.3,15.130339000000003,2.665028484
586.1,1375.813003,4.090170297,-1.734514328,1405.979129,1.49765253,-1.00842515,15.3,14.866126000000076,2.5925177670000004
586.2,1376.212453,3.916380043,-1.709954272,1406.122423,1.399536336,-0.952356397,15.3,14.60996999999993,2.5168437070000005
586.3000000000001,1376.59421,3.745540582,-1.676672705,1406.256191,1.307110743,-0.895758844,15.3,14.361980999999968,2.438429839
586.4,1376.958865,3.578641485,-1.633346033,1406.381,1.220375753,-0.838896891,15.3,14.122135000000025,2.358265732
586.5,1377.307011,3.416672325,-1.584321544,1406.497421,1.139331365,-0.781990871,15.3,13.890409999999928,2.27734096
586.6,1377.63924,3.260457746,-1.530349192,1406.606021,1.063977579,-0.725084851,15.3,13.666781000000082,2.1964801670000003
586.7,1377.956143,3.110162677,-1.473078266,1406.707371,0.994314395,-0.668178831,15.3,13.451227999999855,2.115848282
586.8000000000001,1378.258313,2.965787117,-1.414158051,1406.802039,0.930341813,-0.61127281,15.3,13.243725999999878,2.035445304
586.9,1378.546341,2.827331067,-1.354962956,1406.890594,0.872059833,-0.55436679,15.3,13.04425299999998,1.9552712339999998
587.0,1378.820819,2.694794526,-1.29576786,1406.973605,0.819468455,-0.49746077,15.3,12.852785999999877,1.875326071
587.1,1379.08234,2.568177495,-1.236572765,1407.051642,0.772567679,-0.44055475,15.3,12.66930199999997,1.795609816
587.2,1379.331495,2.447479973,-1.177377669,1407.125274,0.731357505,-0.383871621,15.3,12.493779000000085,1.716122468
587.3000000000001,1379.568876,2.332701961,-1.118182574,1407.195069,0.695837933,-0.328525837,15.3,12.326193000000057,1.6368640280000002
587.4,1379.795075,2.223843458,-1.058987478,1407.261596,0.666008963,-0.275854742,15.3,12.166521000000056,1.5578344950000003
587.5,1380.010685,2.120904465,-0.999958151,1407.325425,0.641736861,-0.227195683,15.3,12.014740000000028,1.4791676040000001
587.6,1380.216297,2.023884982,-0.941923433,1407.387125,0.622352953,-0.183886003,15.3,11.870828000000028,1.4015320290000002
587.7,1380.412502,1.932785008,-0.885877932,1407.447264,0.607054834,-0.146053367,15.3,11.734762,1.3257301739999998
587.8000000000001,1380.599894,1.847505082,-0.832816259,1407.506413,0.595040095,-0.117247336,15.3,11.606519000000116,1.2524649870000002
587.9,1380.779063,1.767547901,-0.783733021,1407.565032,0.585506331,-0.097643565,15.3,11.485969000000022,1.18204157
588.0,1380.950603,1.692316699,-0.739622828,1407.623156,0.578376943,-0.084647037,15.3,11.372553000000106,1.1139397560000002
588.1,1381.115104,1.62121471,-0.701314521,1407.680712,0.571388459,-0.078337234,15.3,11.26560800000011,1.049826251
588.2,1381.273079,1.553645169,-0.668973867,1407.737628,0.563766814,-0.077376811,15.3,11.164549000000033,0.989878355
588.3000000000001,1381.424723,1.489011311,-0.642435099,1407.79383,0.556266611,-0.081638104,15.3,11.069106999999985,0.9327447000000001
588.4,1381.57015,1.42671637,-0.620869376,1407.849246,0.548037755,-0.08734866,15.3,10.97909599999998,0.8786786150000001
588.5,1381.709474,1.366163581,-0.603282089,1407.903802,0.539080245,-0.093218371,15.3,10.89432800000004,0.827083336
588.6,1381.84281,1.306855639,-0.588678629,1407.957426,0.529394081,-0.100504908,15.3,10.814615999999841,0.7774615579999999
588.7,1381.970272,1.248693084,-0.576064386,1408.010045,0.518979263,-0.107791446,15.3,10.739772999999968,0.7297138209999999
588.8000000000001,1382.091976,1.191675916,-0.564444753,1408.061586,0.507835791,-0.115077983,15.3,10.669610000000102,0.6838401249999999
588.9,1382.208035,1.135804134,-0.552990887,1408.111977,0.495963666,-0.122364521,15.3,10.603941999999915,0.639840468
589.0,1382.318564,1.081077738,-0.541537022,1408.161143,0.483362887,-0.129651058,15.3,10.542579000000114,0.5977148510000001
589.1,1382.423678,1.027496729,-0.530083157,1408.209014,0.470033455,-0.136937595,15.3,10.485335999999915,0.5574632740000001
589.2,1382.523491,0.975061107,-0.518629291,1408.255514,0.455975368,-0.144141354,15.3,10.432023000000026,0.5190857390000001
589.3000000000001,1382.618117,0.923770871,-0.507175426,1408.300573,0.441188628,-0.150848442,15.3,10.382456000000001,0.48258224299999997
589.4,1382.707672,0.873626022,-0.495721561,1408.344116,0.425673234,-0.156202805,15.3,10.336443999999982,0.44795278799999994
589.5,1382.79227,0.824626559,-0.484267696,1408.386072,0.409478854,-0.16078592,15.3,10.293802000000095,0.41514770500000003
589.6,1382.872025,0.776772483,-0.472824994,1408.426367,0.392853822,-0.163022969,15.3,10.254342000000133,0.383918661
589.7,1382.947052,0.730063793,-0.461449274,1408.464927,0.376311772,-0.162776662,15.3,10.217875000000003,0.353752021
589.8000000000001,1383.017465,0.68450049,-0.450207519,1408.501682,0.359503816,-0.159633108,15.3,10.18421700000017,0.32499667400000004
589.9,1383.083379,0.640075875,-0.43916671,1408.536597,0.343374847,-0.153509527,15.3,10.153218000000106,0.296701028
590.0,1383.144909,0.596756457,-0.428393828,1408.569797,0.328007237,-0.144848082,15.3,10.12488800000001,0.26874922
590.1,1383.202168,0.554502048,-0.417955858,1408.60145,0.313698989,-0.132984515,15.3,10.099282000000084,0.24080305900000004
590.2,1383.255272,0.513272457,-0.407908615,1408.631719,0.300748106,-0.119493648,15.3,10.07644699999987,0.212524351
590.3000000000001,1383.30433,0.473027496,-0.398263265,1408.660772,0.289402923,-0.104512767,15.3,10.056442000000015,0.183624573
590.4,1383.34943,0.433726975,-0.389008644,1408.688772,0.279713107,-0.088538544,15.3,10.039341999999987,0.154013868
590.5,1383.390653,0.395330705,-0.380088933,1408.715887,0.271678658,-0.07206765,15.3,10.025234000000136,0.12365204699999999
590.6,1383.428083,0.357798498,-0.37143715,1408.74228,0.265299577,-0.055513978,15.3,10.014196999999921,0.09249892100000001
590.7,1383.461801,0.321096861,-0.362986314,1408.768119,0.260575863,-0.038960306,15.3,10.006318000000146,0.06052099799999999
590.8000000000001,1383.49189,0.285219097,-0.354669441,1408.793568,0.257507516,-0.022406633,15.3,10.001678000000037,0.027711580999999985
590.9,1383.518433,0.250165206,-0.346419551,1408.818793,0.256094536,-0.005852961,15.3,10.000359999999954,-0.00592933000000001
591.0,1383.541511,0.215935187,-0.338180824,1408.843959,0.256336923,0.010700712,15.3,10.00244800000014,-0.040401735999999994
591.1,1383.561208,0.182529041,-0.324215267,1408.869232,0.258234678,0.027254384,15.3,10.008023999999931,-0.07570563699999999
591.2,1383.577605,0.149946767,-0.304577398,1408.894778,0.2617878,0.044116286,15.3,10.017173000000138,-0.111841033
591.3000000000001,1383.590785,0.118188367,-0.279438856,1408.920762,0.266996289,0.062827568,15.3,10.029976999999871,-0.14880792199999998
591.4,1383.600831,0.090689937,-0.248971281,1408.94735,0.273860146,0.085237609,15.3,10.046518999999943,-0.18317020900000003
591.5,1383.607824,0.067418767,-0.212090316,1408.974707,0.282564308,0.113195789,15.3,10.066883000000143,-0.215145541
591.6,1383.611848,0.048271874,-0.171877395,1409.002998,0.294033464,0.148551487,15.3,10.091149999999924,-0.24576159000000003
591.7,1383.612984,0.033146272,-0.133037595,1409.03239,0.309377244,0.193154084,15.3,10.11940599999998,-0.276230972
591.8000000000001,1383.614063,0.021938979,-0.094369435,1409.063047,0.329705274,0.248544727,15.3,10.148984000000109,-0.30776629499999997
591.9,1383.615143,0.014547009,-0.062457945,1409.095284,0.356127182,0.315031649,15.3,10.180141000000003,-0.341580173
592.0,1383.616223,0.01086738,-0.03724861,1409.130005,0.389752596,0.392306618,15.3,10.213781999999991,-0.378885216
592.1,1383.617302,0.010797106,-0.018569788,1409.168264,0.431691144,0.478828485,15.3,10.250961999999799,-0.420894038
592.2,1383.618382,0.010797106,-0.006249839,1409.211114,0.483052454,0.57274787,15.3,10.292731999999841,-0.472255348
592.3000000000001,1383.619462,0.010797106,-0.000117123,1409.259608,0.544761214,0.672215394,15.3,10.340145999999958,-0.5339641079999999
592.4,1383.620541,0.010797106,-1.2e-11,1409.3148,0.617002365,0.775381678,15.3,10.394259000000101,-0.606205259
592.5,1383.621621,0.010797106,1.25e-11,1409.377743,0.699775904,0.880397341,15.3,10.456122000000004,-0.688978798
592.6,1383.622701,0.010797106,1.45e-11,1409.449489,0.793081833,0.985721234,15.3,10.526788000000078,-0.782284727
592.7,1383.623781,0.010797106,2.08e-11,1409.531093,0.896920151,1.091045127,15.3,10.607312000000046,-0.8861230449999999
592.8000000000001,1383.62486,0.010797106,1.65e-11,1409.623607,1.011290858,1.196369019,15.3,10.698747000000093,-1.000493752
592.9,1383.62594,0.010797106,2.61e-12,1409.728085,1.136193955,1.301692912,15.3,10.802145000000063,-1.125396849
593.0,1383.62702,0.010797106,-1.94e-12,1409.84558,1.271629441,1.407016805,15.3,10.918560000000024,-1.260832335
593.1,1383.628099,0.010797106,-1.55e-11,1409.977145,1.417597316,1.512340698,15.3,11.049046000000043,-1.4068002099999999
593.2,1383.629179,0.010797106,-2.07e-11,1410.123833,1.57409758,1.617216153,15.3,11.194654000000082,-1.563300474
593.3000000000001,1383.630259,0.010797106,-1.41e-11,1410.286698,1.741130234,1.719400978,15.3,11.356438999999863,-1.730333128
593.4,1383.631339,0.010797106,-1.36e-11,1410.466793,1.918695277,1.816204546,15.3,11.535454000000026,-1.907898171
593.5,1383.632418,0.010797106,4.74e-13,1410.665171,2.106523646,1.904936226,15.3,11.732753000000184,-2.09572654
593.6,1383.633498,0.010797106,2.47e-11,1410.882885,2.303270028,1.98290539,15.3,11.949387000000069,-2.292472922
593.7,1383.634578,0.010797106,0.136801533,1411.120989,2.507320043,2.04973043,15.3,12.186411000000088,-2.496522937
593.8000000000001,1383.635657,0.010797106,0.299092404,1411.380536,2.717059316,2.096242091,15.3,12.444878999999855,-2.70626221
593.9,1383.636737,0.010797106,0.490379204,1411.662363,2.930873468,2.128918998,15.3,12.725625999999874,-2.920076362
594.0,1383.637817,0.092878026,0.763968667,1411.966449,3.148533535,2.14590057,15.3,13.02863199999997,-3.0556555089999997
594.1,1383.638897,0.190252548,1.01862489,1412.292554,3.364268901,2.149428996,15.3,13.353657000000066,-3.174016353
594.2,1383.639976,0.305024629,1.245228372,1412.64044,3.580621427,2.142194905,15.3,13.700463999999965,-3.275596798
594.3000000000001,1383.641056,0.439298223,1.523502962,1413.009869,3.794860385,2.124579906,15.3,14.068813000000045,-3.355562162
594.4,1383.7078,0.62197204,1.658125347,1413.400604,4.006716713,2.106201692,15.3,14.392804000000023,-3.384744673
594.5,1383.78678,0.812590266,1.816202986,1413.812404,4.216190411,2.082823827,15.3,14.725624000000106,-3.4036001450000004
594.6,1383.879677,1.006979804,1.878419843,1414.245033,4.423281479,2.058997524,15.3,15.065356000000019,-3.4163016749999997
594.7,1383.988176,1.185127757,1.976314106,1414.698252,4.627989916,2.035171221,15.3,15.410075999999844,-3.4428621589999997
594.8000000000001,1384.113959,1.39474642,2.044874577,1415.171822,4.830315723,2.011344918,15.3,15.757862999999997,-3.4355693030000003
594.9,1384.258709,1.59283764,2.135968137,1415.665506,5.0302589,1.987518615,15.3,16.106797000000096,-3.43742126
595.0,1384.42411,1.807760503,2.280652006,1416.179065,5.227819446,1.963692312,15.3,16.45495500000011,-3.420058943
595.1,1384.611845,2.039515011,2.401703302,1416.712261,5.422997362,1.939866009,15.3,16.800415999999995,-3.383482351
595.2,1384.823598,2.288101164,2.570019745,1417.264856,5.615792648,1.916039706,15.3,17.14125800000006,-3.3276914840000003
595.3000000000001,1385.06105,2.553518961,2.738336188,1417.836611,5.806205303,1.891761211,15.3,17.475560999999924,-3.2526863419999996
595.4,1385.325886,2.835768402,2.906652631,1418.427289,5.994235328,1.864769562,15.3,17.80140299999989,-3.1584669260000005
595.5,1385.619788,3.134849487,3.074969075,1419.03665,6.179882723,1.832351604,15.3,18.116862000000037,-3.0450332360000005
595.6,1385.94444,3.450762216,3.241964797,1419.664456,6.362876173,1.791794185,15.3,18.420015999999986,-2.912113957
595.7,1386.301524,3.78350659,3.401036193,1420.31047,6.541859099,1.74038415,15.3,18.708945999999923,-2.758352509
595.8000000000001,1386.692725,4.133082609,3.544258938,1420.974454,6.71520361,1.675408345,15.3,18.981728999999813,-2.582121001
595.9,1387.119725,4.498697839,3.663708705,1421.656168,6.881281814,1.594605808,15.3,19.236442999999962,-2.382583975
596.0,1387.584207,4.876390117,3.751461169,1422.355157,7.038465819,1.497524348,15.3,19.470949999999856,-2.162075702
596.1,1388.087855,5.261404849,3.799592003,1423.070099,7.18512773,1.384616156,15.3,19.682244000000036,-1.9237228809999998
596.2,1388.632352,5.648987439,3.801497604,1423.799451,7.319639658,1.258142194,15.3,19.867099000000007,-1.670652219
596.3000000000001,1389.218746,6.034383292,3.75585725,1424.541675,7.440373708,1.120815616,15.3,20.02292899999993,-1.4059904159999999
596.4,1389.845552,6.412837811,3.663991661,1425.295229,7.545973304,0.975349576,15.3,20.149677000000064,-1.1331354930000002
596.5,1390.510648,6.779596401,3.532504444,1426.058573,7.636167131,0.824457229,15.3,20.247925000000077,-0.8565707299999996
596.6,1391.211915,7.129904467,3.369319923,1426.830165,7.710955188,0.670851727,15.3,20.31824999999999,-0.5810507209999995
596.7,1391.947232,7.459799846,3.182362425,1427.608467,7.770337476,0.516794033,15.3,20.361235000000033,-0.3105376299999998
596.8000000000001,1392.714478,7.768490106,2.979556275,1428.391936,7.814313995,0.362736339,15.3,20.377457999999887,-0.04582388900000023
596.9,1393.511532,8.055975245,2.768825799,1429.179032,7.842884744,0.208678645,15.3,20.367500000000017,0.21309050100000082
597.0,1394.336275,8.322255265,2.556774602,1429.968216,7.856049724,0.054620951,15.3,20.331941000000096,0.4662055410000008
597.1,1395.186586,8.567330166,2.344723405,1430.757945,7.853808934,-0.099436743,15.3,20.27135900000003,0.7135212319999997
597.2,1396.060344,8.791199947,2.132672209,1431.54668,7.836162375,-0.253494438,15.3,20.186335999999937,0.9550375720000011
597.3000000000001,1396.955428,8.993864608,1.920621012,1432.33288,7.803110047,-0.40726169,15.3,20.077451999999948,1.1907545610000012
597.4,1397.869719,9.175324149,1.708569815,1433.115005,7.754651949,-0.559286293,15.3,19.945286000000078,1.4206721999999994
597.5,1398.801096,9.335578571,1.496518618,1433.891514,7.690788081,-0.707825596,15.3,19.790418,1.6447904899999992
597.6,1399.747438,9.474627873,1.284525111,1434.660866,7.61169271,-0.851136951,15.3,19.61342799999984,1.8629351629999995
597.7,1400.706624,9.592472055,1.072877737,1435.42152,7.518237158,-0.987477706,15.3,19.41489600000018,2.074234897
597.8000000000001,1401.676535,9.689111117,0.861922632,1436.171937,7.411467017,-1.115105214,15.3,19.195402000000012,2.2776441
597.9,1402.655049,9.764579674,0.65200593,1436.910576,7.292427876,-1.232567264,15.3,18.95552700000003,2.4721517980000005
598.0,1403.640046,9.819050791,0.443473766,1437.636034,7.162165325,-1.339573417,15.3,18.695988000000124,2.6568854660000003
598.1,1404.629406,9.85273215,0.236672273,1438.34747,7.021724953,-1.436414114,15.3,18.418063999999912,2.831007197
598.2,1405.621008,9.865831431,0.031889896,1439.044179,6.872152351,-1.524541562,15.3,18.12317099999991,2.9936790799999997
598.3000000000001,1406.61276,9.858556314,-0.170815674,1439.725456,6.714493108,-1.605698411,15.3,17.812695999999914,3.1440632059999993
598.4,1407.602678,9.831114481,-0.371502128,1440.390598,6.549618549,-1.681627311,15.3,17.487919999999985,3.2814959320000003
598.5,1408.58881,9.783713612,-0.57045791,1441.0389,6.377702939,-1.754070912,15.3,17.150090000000045,3.406010673
598.6,1409.5692,9.716561387,-0.768029155,1441.669659,6.198746278,-1.824771863,15.3,16.800459,3.5178151090000007
598.7,1410.541894,9.629830873,-0.964561997,1442.28217,6.012748567,-1.895182373,15.3,16.440275999999994,3.6170823059999995
598.8000000000001,1411.504938,9.523556685,-1.16040257,1442.875729,5.819709804,-1.965592883,15.3,16.070791000000053,3.7038468810000005
598.9,1412.456377,9.397738821,-1.355897009,1443.449633,5.61962999,-2.036003392,15.3,15.693255999999973,3.778108831000001
599.0,1413.394257,9.252377283,-1.551333759,1444.003176,5.412509125,-2.106413902,15.3,15.308919000000014,3.839868158
599.1,1414.316624,9.08747207,-1.746770509,1444.535655,5.19834721,-2.176824411,15.3,14.919030999999858,3.889124860000001
599.2,1415.221524,8.903023181,-1.942207259,1445.046366,4.977144243,-2.247234921,15.3,14.524841999999989,3.9258789380000003
599.3000000000001,1416.107001,8.699030618,-2.137644009,1445.534604,4.748900225,-2.316924127,15.3,14.127602999999862,3.9501303930000002
599.4,1416.971101,8.47549438,-2.333080759,1445.999666,4.513615157,-2.38228551,15.3,13.728564999999843,3.9618792230000004
599.5,1417.811871,8.232414466,-2.528517509,1446.440848,4.271289037,-2.437081611,15.3,13.328976999999849,3.961125429
599.6,1418.627356,7.969790878,-2.722872648,1446.857445,4.022354649,-2.48271352,15.3,12.930089000000134,3.947436229
599.7,1419.415601,7.687623614,-2.910738124,1447.248753,3.768975903,-2.509124501,15.3,12.533152000000154,3.9186477109999998
599.8000000000001,1420.174653,7.385912676,-3.085624273,1447.614068,3.514895277,-2.51389637,15.3,12.139415000000053,3.8710173990000003
599.9,1420.902556,7.065307029,-3.241041431,1447.952686,3.259272114,-2.493422607,15.3,11.75013000000008,3.8060349150000006
600.0,1421.597356,6.729051505,-3.370499935,1448.264249,3.008140456,-2.44698191,15.3,11.366893000000072,3.720911049
600.1,1422.2571,6.381039902,-3.467510122,1448.549785,2.762951216,-2.377205219,15.3,10.992684999999891,3.6180886860000006
600.2,1422.879832,6.025166019,-3.526663937,1448.810666,2.526301085,-2.281970141,15.3,10.630834000000004,3.498864934
600.3000000000001,1423.464117,5.665323653,-3.546879772,1449.048265,2.300786758,-2.17133341,15.3,10.284147999999913,3.3645368949999996
600.4,1424.010597,5.305406603,-3.529239236,1449.263957,2.088572145,-2.047713212,15.3,9.953359999999929,3.2168344579999997
600.5,1424.520433,4.949308667,-3.479150383,1449.459114,1.890090029,-1.915437368,15.3,9.638681000000087,3.0592186380000004
600.6,1424.994786,4.600923642,-3.403102875,1449.635109,1.705340411,-1.778833703,15.3,9.34032300000008,2.895583231
600.7,1425.434815,4.263496361,-3.307586377,1449.793316,1.534323289,-1.641508733,15.3,9.058500999999932,2.7291730719999996
600.8000000000001,1425.841682,3.93767579,-3.199090551,1449.935107,1.377038664,-1.504183764,15.3,8.793425000000024,2.560637126
600.9,1426.216547,3.623461928,-3.084105062,1450.061857,1.233486536,-1.366858795,15.3,8.545309999999926,2.389975392
601.0,1426.560571,3.320854777,-2.968037963,1450.174938,1.103666905,-1.229533825,15.3,8.314367000000129,2.2171878720000002
601.1,1426.874914,3.029854336,-2.851970863,1450.275724,0.987579771,-1.092208856,15.3,8.100810000000092,2.042274565
601.2,1427.160738,2.750460604,-2.735903764,1450.365588,0.885225134,-0.954883886,15.3,7.9048499999998505,1.86523547
601.3000000000001,1427.419203,2.482673583,-2.619836664,1450.445903,0.796602994,-0.817633972,15.3,7.726700000000118,1.6860705889999998
601.4,1427.651469,2.226493272,-2.503769565,1450.518042,0.72171335,-0.680834385,15.3,7.566573000000016,1.504779922
601.5,1427.858698,1.98191967,-2.387702466,1450.583379,0.660556204,-0.544935455,15.3,7.424680999999918,1.3213634659999998
601.6,1428.04205,1.748952778,-2.271474951,1450.643287,0.613086522,-0.41038751,15.3,7.301237000000082,1.135866256
601.7,1428.202685,1.527592597,-2.154284948,1450.699139,0.57907914,-0.277640878,15.3,7.1964540000000845,0.9485134569999999
601.8000000000001,1428.341765,1.317839125,-2.035169966,1450.752309,0.558263861,-0.147145888,15.3,7.110544000000072,0.7595752639999999
601.9,1428.46045,1.119788612,-1.913167517,1450.804169,0.550370487,-0.019277812,15.3,7.043718999999964,0.569418125
602.0,1428.5599,0.933922303,-1.787315111,1450.856057,0.555128823,0.105888294,15.3,6.996156999999993,0.37879348
602.1,1428.641277,0.76081769,-1.641844984,1450.909166,0.572268671,0.228427485,15.3,6.967888999999968,0.18854901899999998
602.2,1428.705741,0.601052268,-1.478226311,1450.964653,0.601519835,0.348715035,15.3,6.958912000000009,-0.00046756699999994655
602.3000000000001,1428.754529,0.45520353,-1.29967923,1451.023676,0.642612116,0.467201272,15.3,6.969146999999975,-0.187408586
602.4,1428.789188,0.332732134,-1.109744708,1451.08739,0.695320352,0.584336524,15.3,6.998201999999946,-0.36258821799999996
602.5,1428.81134,0.232852826,-0.912605376,1451.156954,0.759599508,0.700571119,15.3,7.045614000000068,-0.526746682
602.6,1428.822607,0.154114765,-0.712604274,1451.233525,0.835449586,0.816355387,15.3,7.110918000000037,-0.681334821
602.7,1428.824613,0.094970865,-0.528889722,1451.318259,0.922870586,0.932064599,15.3,7.193645999999898,-0.8278997210000001
602.8000000000001,1428.826086,0.053489043,-0.363533513,1451.412313,1.021862506,1.047773811,15.3,7.286227000000007,-0.9683734629999999
602.9,1428.827559,0.027640966,-0.232303412,1451.516846,1.132425348,1.163483024,15.3,7.389286999999921,-1.1047843819999998
603.0,1428.829033,0.015398301,-0.133730246,1451.633013,1.254559111,1.279192236,15.3,7.50397999999991,-1.23916081
603.1,1428.830506,0.014732718,-0.064593876,1451.761972,1.388263795,1.394901449,15.3,7.631466,-1.373531077
603.2,1428.831979,0.014732718,-0.021513747,1451.90488,1.533539401,1.510610661,15.3,7.772901000000001,-1.518806683
603.3000000000001,1428.833452,0.014732718,-0.001109306,1452.062895,1.690385928,1.626007857,15.3,7.929442999999946,-1.67565321
603.4,1428.834926,0.014732718,-2.08e-11,1452.237172,1.858803376,1.739532952,15.3,8.102246000000104,-1.844070658
603.5,1428.836399,0.014732718,4.17e-11,1452.42887,2.038791745,1.849313846,15.3,8.292470999999932,-2.0240590270000003
603.6,1428.837872,0.014732718,0.151790872,1452.639145,2.230163825,1.953478439,15.3,8.501273000000037,-2.215431107
603.7,1428.839345,0.014732718,0.339646478,1452.869155,2.431983567,2.05015463,15.3,8.729809999999997,-2.417250849
603.8000000000001,1428.840819,0.014732718,0.564837827,1453.120056,2.643127709,2.137470318,15.3,8.979236999999966,-2.628394991
603.9,1428.842292,0.105807241,0.886281849,1453.393006,2.862472991,2.21386542,15.3,9.25071399999997,-2.7566657500000002
604.0,1428.843765,0.218520605,1.181709132,1453.689011,3.088896153,2.279027918,15.3,9.54524599999986,-2.8703755479999997
604.1,1428.845239,0.353635414,1.466968346,1454.008481,3.321273936,2.333269831,15.3,9.863242000000081,-2.9676385219999997
604.2,1428.846712,0.511914274,1.730119291,1454.351674,3.558483077,2.378151241,15.3,10.204961999999977,-3.046568803
604.3000000000001,1428.921045,0.723758197,1.930249361,1454.718848,3.799400318,2.415544249,15.3,10.49780299999993,-3.075642121
604.4,1429.012689,0.932859122,2.03424816,1455.110262,4.043089607,2.447320955,15.3,10.79757300000001,-3.1102304849999998
604.5,1429.122254,1.143878816,2.114129249,1455.526174,4.289363736,2.475353461,15.3,11.10391999999997,-3.1454849200000004
604.6,1429.25035,1.376670221,2.118084715,1455.966842,4.538222703,2.501513866,15.3,11.416492000000016,-3.161552482
604.7,1429.397588,1.57418431,2.124342594,1456.432526,4.789666509,2.527362254,15.3,11.73493800000001,-3.215482199
604.8000000000001,1429.564577,1.780391823,2.135617107,1456.923483,5.043695154,2.553210642,15.3,12.058905999999933,-3.263303331
604.9,1429.751927,1.993615853,2.129951115,1457.439972,5.300308637,2.57905903,15.3,12.388044999999874,-3.3066927839999996
605.0,1429.96025,2.206382046,2.177231262,1457.982252,5.55950696,2.604907418,15.3,12.722001999999929,-3.3531249140000003
605.1,1430.190153,2.42524908,2.230105679,1458.550581,5.821290121,2.630755806,15.3,13.060427999999956,-3.3960410409999997
605.2,1430.442249,2.650216955,2.280182962,1459.145218,6.085658121,2.656604195,15.3,13.402969000000166,-3.435441166
605.3000000000001,1430.717146,2.881285672,2.341191376,1459.766421,6.35261096,2.682452583,15.3,13.749275000000079,-3.4713252879999996
605.4,1431.015456,3.118455231,2.402199791,1460.414448,6.622148637,2.703274895,15.3,14.098991999999907,-3.5036934059999996
605.5,1431.337787,3.36172563,2.463208206,1461.089558,6.894271154,2.723379197,15.3,14.451770999999962,-3.532545524
605.6,1431.68475,3.611096872,2.524216621,1461.79201,7.168978509,2.737060632,15.3,14.807259999999996,-3.5578816370000004
605.7,1432.056956,3.866568955,2.585169225,1462.522061,7.443255058,2.731476676,15.3,15.165104999999993,-3.576686103
605.8000000000001,1432.455014,4.128141879,2.645786971,1463.279971,7.719685639,2.705504174,15.3,15.52495700000004,-3.5915437599999995
605.9,1432.879534,4.395815645,2.705734999,1464.065998,7.994847339,2.654045988,15.3,15.886464000000114,-3.599031694
606.0,1433.331127,4.669556766,2.764678449,1464.880401,8.261034643,2.577031056,15.3,16.249273999999968,-3.591477877
606.1,1433.810402,4.949197813,2.822282463,1465.723029,8.517573658,2.465054178,15.3,16.61262699999993,-3.5683758450000003
606.2,1434.317969,5.234537871,2.878212181,1466.592104,8.761406102,2.319572596,15.3,16.974135000000114,-3.526868231000001
606.3000000000001,1434.85444,5.525376024,2.932188554,1467.485436,8.989473692,2.152579309,15.3,17.330995999999868,-3.464097668000001
606.4,1435.420396,5.821511356,2.984155773,1468.400837,9.198718146,1.965197475,15.3,17.680440999999927,-3.377206789999999
606.5,1436.016314,6.122742953,3.034169646,1469.33612,9.386590896,1.762524231,15.3,18.01980599999997,-3.263847942999999
606.6,1436.642644,6.428869898,3.082509225,1470.289096,9.552582229,1.549656714,15.3,18.346451999999953,-3.123712331
606.7,1437.299835,6.739691277,3.129509366,1471.257577,9.696692144,1.331692059,15.3,18.657742000000052,-2.9570008669999996
606.8000000000001,1437.988336,7.055039659,3.175504931,1472.239375,9.818920641,1.112877882,15.3,18.95103900000022,-2.763880982
606.9,1438.708596,7.374881559,3.220830777,1473.232302,9.91926772,0.894063705,15.3,19.223705999999947,-2.5443861610000003
607.0,1439.461065,7.699216976,3.265821764,1474.23417,9.997733381,0.675249527,15.3,19.473104999999986,-2.298516405
607.1,1440.246193,8.028045911,3.310756941,1475.24279,10.05431763,0.45643535,15.3,19.696597000000065,-2.0262717190000004
607.2,1441.064428,8.361368364,3.355692118,1476.255974,10.08902045,0.237621173,15.3,19.891546000000016,-1.727652085999999
607.3000000000001,1441.91622,8.699184335,3.400627295,1477.271534,10.10184186,0.018806996,15.3,20.055313999999907,-1.4026575250000004
607.4,1442.802018,9.041493823,3.445562472,1478.287283,10.09278185,-0.198734596,15.3,20.1852649999998,-1.051288027
607.5,1443.722272,9.388296829,3.49049765,1479.301031,10.06184042,-0.408640674,15.3,20.27875899999999,-0.6735435909999996
607.6,1444.67743,9.739593353,3.535432827,1480.310592,10.00901758,-0.603275725,15.3,20.333162000000083,-0.269424227
607.7,1445.667943,10.09538339,3.571630608,1481.313776,9.935076868,-0.775004236,15.3,20.345833000000038,0.16030652200000084
607.8000000000001,1446.69426,10.45566695,3.606580191,1482.308395,9.843836047,-0.916190693,15.3,20.314135000000032,0.6118309029999995
607.9,1447.75683,10.82044403,3.632693421,1483.292262,9.739876425,-1.019199582,15.3,20.2354319999999,1.0805676050000006
608.0,1448.856102,11.18447219,3.62617813,1484.263188,9.627779309,-1.077667975,15.3,20.107085999999935,1.556692881
608.1,1449.992526,11.55224494,3.586289561,1485.219596,9.512126008,-1.090323288,15.3,19.92706999999991,2.0401189320000004
608.2,1451.166551,11.91920941,3.504684395,1486.162352,9.39749783,-1.058438105,15.3,19.695801000000028,2.52171158
608.3000000000001,1452.378627,12.27109027,3.381756709,1487.092933,9.288476083,-0.988375354,15.3,19.41430599999985,2.9826141869999994
608.4,1453.628535,12.60744069,3.201673987,1488.012815,9.189642074,-0.887770549,15.3,19.08427999999999,3.4177986160000007
608.5,1454.913387,12.92325467,2.965071616,1488.923476,9.104813562,-0.764259204,15.3,18.71008899999988,3.818441108
608.6,1456.229628,13.21352621,2.694351213,1489.826393,9.034754097,-0.625476832,15.3,18.296765000000004,4.178772112999999
608.7,1457.573702,13.47324934,2.390257533,1490.723043,8.979463678,-0.479058946,15.3,17.84934100000005,4.4937856620000005
608.8000000000001,1458.942055,13.69825238,2.061133894,1491.614902,8.938942307,-0.331368475,15.3,17.372847000000046,4.759310073
608.9,1460.33113,13.887701,1.715323618,1492.503447,8.913189983,-0.183678004,15.3,16.87231700000002,4.974511016999999
609.0,1461.737372,14.04159521,1.361170021,1493.390155,8.902206707,-0.035987533,15.3,16.352783,5.139388503000001
609.1,1463.157226,14.159935,1.005625872,1494.276503,8.905992477,0.111702939,15.3,15.81927700000001,5.253942523000001
609.2,1464.587136,14.24272038,0.650081723,1495.163969,8.924547294,0.25939341,15.3,15.27683299999985,5.318173086
609.3000000000001,1466.023547,14.28995135,0.294537573,1496.054028,8.957871159,0.407083881,15.3,14.730481000000008,5.332080191000001
609.4,1467.462904,14.3016279,-0.061006576,1496.948159,9.005964071,0.553259004,15.3,14.185255000000051,5.295663829
609.5,1468.90165,14.27775003,-0.416550726,1497.847837,9.068826029,0.690342037,15.3,13.646187000000008,5.208924001
609.6,1470.336231,14.21831775,-0.772094875,1498.754539,9.146457035,0.805273988,15.3,13.118308000000024,5.0718607150000015
609.7,1471.763091,14.12333106,-1.126508286,1499.669744,9.237947879,0.900863474,15.3,12.606653000000005,4.885383181
609.8000000000001,1473.178675,13.99278995,-1.474137271,1500.594926,9.338752517,0.956117698,15.3,12.116250999999874,4.654037433000001
609.9,1474.579426,13.82669442,-1.808197402,1501.531564,9.441035552,0.965911473,15.3,11.652137999999876,4.385658868
610.0,1475.961791,13.62572293,-2.121904252,1502.481135,9.546482155,0.922668057,15.3,11.219344000000046,4.079240775000001
610.1,1477.322212,13.39326767,-2.408473394,1503.444387,9.642496648,0.824872101,15.3,10.82217499999997,3.7507710220000003
610.2,1478.657136,13.13339931,-2.661120402,1504.419161,9.726003919,0.678005857,15.3,10.462024999999993,3.4073953909999997
610.3000000000001,1479.963006,12.85018851,-2.874191586,1505.402569,9.791548714,0.477745359,15.3,10.139563000000134,3.0586397960000014
610.4,1481.236809,12.54770591,-3.046556209,1506.391725,9.833675777,0.245083403,15.3,9.854915999999957,2.7140301329999996
610.5,1482.477705,12.23002218,-3.179345008,1507.383741,9.847839066,-0.014854822,15.3,9.606036000000085,2.382183114
610.6,1483.685394,11.90120798,-3.278211673,1508.375729,9.83312937,-0.292977227,15.3,9.390335000000004,2.0680786100000006
610.7,1484.859577,11.56533395,-3.349940629,1509.364803,9.78954669,-0.580191722,15.3,9.205225999999993,1.7757872599999995
610.8000000000001,1485.999955,11.22579231,-3.401316305,1510.348075,9.717091026,-0.868921565,15.3,9.048120000000107,1.508701283999999
610.9,1487.10623,10.8832615,-3.439123128,1511.322658,9.615762377,-1.157651408,15.3,8.91642799999995,1.2674991230000003
611.0,1488.178102,10.53774153,-3.470145523,1512.285664,9.485560744,-1.446381251,15.3,8.807561999999916,1.0521807859999992
611.1,1489.215273,10.1892324,-3.50003718,1513.234207,9.326486127,-1.735111094,15.3,8.718933999999944,0.8627462729999991
611.2,1490.217443,9.837734099,-3.529928838,1514.165398,9.138538526,-2.023840937,15.3,8.647955000000092,0.6991955730000008
611.3000000000001,1491.184314,9.483246632,-3.559820495,1515.076351,8.92171794,-2.31257078,15.3,8.592036999999845,0.5615286919999996
611.4,1492.115587,9.12577,-3.589712153,1515.964178,8.67602437,-2.599768668,15.3,8.548590999999941,0.4497456299999989
611.5,1493.010963,8.765304201,-3.61960381,1516.825992,8.401457815,-2.877774819,15.3,8.515029000000094,0.36384638599999874
611.6,1493.870143,8.401849238,-3.649495468,1517.658906,8.098018276,-3.137397498,15.3,8.48876299999979,0.30383096200000104
611.7,1494.692827,8.035405108,-3.678823963,1518.460032,7.766624927,-3.369444969,15.3,8.467204999999876,0.26878018100000123
611.8000000000001,1495.478718,7.665971812,-3.701857014,1519.226484,7.411873634,-3.56935117,15.3,8.447765999999955,0.25409817800000045
611.9,1496.227516,7.293549351,-3.723965066,1519.955373,7.039279441,-3.714047343,15.3,8.427857000000085,0.25426991000000054
612.0,1496.938923,6.918475622,-3.73301973,1520.643813,6.654357388,-3.809750729,15.3,8.404889999999977,0.2641182339999997
612.1,1497.612638,6.544189993,-3.728558505,1521.289651,6.259847113,-3.8503037,15.3,8.377012999999987,0.28434287999999963
612.2,1498.248365,6.167470198,-3.707202421,1521.893677,5.869589871,-3.83723821,15.3,8.345312000000103,0.29788032700000056
612.3000000000001,1498.845802,5.79559327,-3.666135667,1522.457416,5.480774489,-3.778214041,15.3,8.311613999999917,0.3148187810000005
612.4,1499.404923,5.428836709,-3.607711553,1522.982392,5.101691414,-3.677797253,15.3,8.277468999999837,0.32714529499999934
612.5,1499.926779,5.069227899,-3.523743824,1523.47013,4.736936515,-3.559056605,15.3,8.243351000000029,0.33229138400000036
612.6,1500.412694,4.718794222,-3.425797707,1523.922156,4.387428964,-3.417306812,15.3,8.209461999999984,0.33136525799999994
612.7,1500.863991,4.379563061,-3.314335703,1524.339992,4.053168761,-3.266365282,15.3,8.176000999999996,0.3263942999999996
612.8000000000001,1501.281992,4.053223903,-3.192736782,1524.725166,3.734155907,-3.113891796,15.3,8.143173999999998,0.31906799600000024
612.9,1501.668021,3.740114646,-3.064379918,1525.0792,3.430390402,-2.96141831,15.3,8.111178999999947,0.30972424399999987
613.0,1502.0234,3.440235288,-2.932644082,1525.40362,3.141872245,-2.808944825,15.3,8.080220000000008,0.2983630429999997
613.1,1502.349453,3.153585829,-2.800345083,1525.699951,2.868601437,-2.656471339,15.3,8.050498000000015,0.2849843919999997
613.2,1502.647502,2.880166271,-2.668046085,1525.969717,2.610577978,-2.503997853,15.3,8.022214999999914,0.269588293
613.3000000000001,1502.918871,2.619976612,-2.535747086,1526.214443,2.367801867,-2.351524367,15.3,7.995571999999992,0.25217474500000003
613.4,1503.164883,2.373016854,-2.403448088,1526.435653,2.140273104,-2.199050881,15.3,7.970770000000083,0.23274375000000003
613.5,1503.38686,2.139286995,-2.27114909,1526.634874,1.92799169,-2.046920525,15.3,7.948014000000011,0.21129530499999993
613.6,1503.586125,1.918787036,-2.138850091,1526.813628,1.730957625,-1.896848944,15.3,7.927503000000069,0.18782941099999984
613.7,1503.764002,1.711516976,-2.00674454,1526.973441,1.549170908,-1.750894916,15.3,7.9094390000002015,0.16234606799999995
613.8000000000001,1503.921814,1.517476817,-1.875799671,1527.115839,1.382425663,-1.611117215,15.3,7.89402500000001,0.1350511539999999
613.9,1504.060882,1.336666558,-1.747176167,1527.242344,1.2296925,-1.479574617,15.3,7.88146200000001,0.10697405799999982
614.0,1504.182532,1.16897013,-1.62203471,1527.354483,1.089736155,-1.3583259,15.3,7.871951000000035,0.07923397499999996
614.1,1504.288085,1.013807192,-1.501535984,1527.453779,0.961321362,-1.249086708,15.3,7.86569400000003,0.05248583000000007
614.2,1504.378864,0.870481335,-1.386840669,1527.541594,0.843212855,-1.152200172,15.3,7.86273000000001,0.02726848000000004
614.3000000000001,1504.456193,0.73829615,-1.278916002,1527.618628,0.734175369,-1.067323163,15.3,7.862434999999959,0.004120781000000018
614.4000000000001,1504.521301,0.616555227,-1.175744923,1527.685417,0.632973638,-0.992740032,15.3,7.864115999999921,-0.016418410999999966
614.5,1504.575048,0.504562156,-1.072674365,1527.742499,0.538372397,-0.926392006,15.3,7.8674510000000275,-0.03381024099999996
614.6,1504.618199,0.401620528,-0.962290859,1527.790409,0.449342257,-0.863202465,15.3,7.872209999999949,-0.047721729000000046
614.7,1504.651519,0.307033934,-0.847239776,1527.829684,0.365677342,-0.793965692,15.3,7.878165000000035,-0.05864340800000001
614.8000000000001,1504.675776,0.226876717,-0.727955982,1527.860862,0.287377651,-0.717740668,15.3,7.885085999999955,-0.060500934000000006
614.9000000000001,1504.691735,0.160921635,-0.604874339,1527.884477,0.21625389,-0.633929499,15.3,7.892741999999952,-0.055332255
615.0,1504.700161,0.108211361,-0.478429713,1527.901068,0.156594222,-0.542629469,15.3,7.900906999999915,-0.048382861
615.1,1504.70182,0.067788567,-0.360341555,1527.911169,0.107727996,-0.446990365,15.3,7.909348999999974,-0.03993942900000001
615.2,1504.702803,0.038695925,-0.251826678,1527.915319,0.068984558,-0.349115751,15.3,7.91251600000005,-0.030288633000000002
615.3000000000001,1504.703785,0.019976106,-0.163976221,1527.915502,0.039693254,-0.257947667,15.3,7.9117170000001344,-0.019717147999999997
615.4000000000001,1504.704768,0.010671784,-0.096604898,1527.915684,0.019183432,-0.176503957,15.3,7.910915999999997,-0.008511648
615.5,1504.70575,0.009825628,-0.048117161,1527.915867,0.006784439,-0.111931559,15.3,7.910116999999854,0.0030411889999999997
615.6,1504.706733,0.009825628,-0.016917463,1527.916049,0.001825622,-0.06311272,15.3,7.909315999999944,0.008000005999999999
615.7,1504.707715,0.009825628,-0.001410258,1527.916232,0.001825622,-0.028929684,15.3,7.908517000000028,0.008000005999999999
615.8000000000001,1504.708698,0.009825628,-2.42e-11,1527.916414,0.001825622,-0.008264695,15.3,7.907716000000118,0.008000005999999999
615.9000000000001,1504.709681,0.009825628,-1.23e-11,1527.916597,0.001825622,-1.12e-11,15.3,7.906915999999864,0.008000005999999999
616.0,1504.710663,0.009825628,-2.84e-12,1527.91678,0.001825622,-1.09e-11,15.3,7.9061169999999485,0.008000005999999999
616.1,1504.711646,0.009825628,0.0,1527.916962,0.001825622,-6.63e-12,15.3,7.905316000000038,0.008000005999999999
616.2,1504.712628,0.009825628,0.0,1527.917145,0.001825622,-5.68e-12,15.3,7.904516999999895,0.008000005999999999
616.3000000000001,1504.713611,0.009825628,0.0,1527.917327,0.001825622,-3.79e-12,15.3,7.903715999999985,0.008000005999999999
616.4000000000001,1504.714593,0.009825628,0.0,1527.91751,0.001825622,-2.27e-12,15.3,7.90291700000007,0.008000005999999999
616.5,1504.715576,0.009825628,0.0,1527.917692,0.001825622,0.0,15.3,7.902115999999932,0.008000005999999999
616.6,1504.716558,0.009825628,0.0,1527.917875,0.001825622,1.62e-13,15.3,7.901317000000017,0.008000005999999999
616.7,1504.717541,0.009825628,0.0,1527.918058,0.001825622,2.84e-12,15.3,7.90051699999999,0.008000005999999999
616.8000000000001,1504.718524,0.009825628,0.0,1527.91824,0.001825622,5.28e-12,15.3,7.89971600000008,0.008000005999999999
616.9000000000001,1504.719506,0.009825628,0.0,1527.918423,0.001825622,1.71e-11,15.3,7.898917000000164,0.008000005999999999
617.0,1504.720489,0.009825628,0.0,1527.918605,0.001825622,2.65e-11,15.3,7.898116000000027,0.008000005999999999
617.1,1504.721471,0.009825628,0.0,1527.918788,0.001825622,6.9e-11,15.3,7.897316999999884,0.008000005999999999
617.2,1504.722454,0.009825628,0.0,1527.91897,0.001825622,0.184979178,15.3,7.8965159999999734,0.008000005999999999
617.3000000000001,1504.723436,0.009825628,0.0,1527.919153,0.001825622,0.399315691,15.3,7.895717000000058,0.008000005999999999
617.4000000000001,1504.724419,0.009825628,0.0,1527.919335,0.001825622,0.644708431,15.3,7.894916000000148,0.008000005999999999
617.5,1504.725402,0.009825628,0.0,1527.919518,0.112813129,0.967062647,15.3,7.894115999999894,-0.102987501
617.6,1504.726384,0.009825628,0.0,1527.919701,0.241415037,1.289416862,15.3,7.893316999999978,-0.231589409
617.7,1504.727367,0.009825628,0.0,1527.919883,0.388650681,1.569638842,15.3,7.892516000000068,-0.378825053
617.8000000000001,1504.728349,0.009825628,-2.27e-12,1527.920066,0.555342805,1.764870498,15.3,7.891716999999925,-0.545517177
617.9000000000001,1504.729332,0.009825628,-2.84e-12,1528.009038,0.775475739,1.95278551,15.3,7.979705999999805,-0.765650111
618.0,1504.730314,0.009825628,-2.56e-12,1528.112102,0.959634905,1.964230726,15.3,8.081788000000142,-0.9498092770000001
618.1,1504.731297,0.009825628,-4.26e-12,1528.230073,1.171735428,1.940509364,15.3,8.198775999999906,-1.1619098
618.2,1504.732279,0.009825628,-4.26e-12,1528.36361,1.413086343,1.835380254,15.3,8.331331000000045,-1.403260715
618.3000000000001,1504.733262,0.009825628,-4.26e-12,1528.51274,1.567189116,1.751137165,15.3,8.479477999999926,-1.557363488
618.4000000000001,1504.734245,0.009825628,-2.84e-12,1528.677337,1.719648423,1.670144247,15.3,8.643091999999978,-1.709822795
618.5,1504.735227,0.009825628,0.0,1528.857271,1.872190293,1.519992926,15.3,8.822044000000187,-1.862364665
618.6,1504.73621,0.009825628,0.0,1529.052416,2.023647008,1.50766693,15.3,9.016205999999965,-2.01382138
618.7,1504.737192,0.009825628,2.84e-12,1529.262642,2.173821976,1.49501328,15.3,9.225449999999864,-2.163996348
618.8000000000001,1504.738175,0.009825628,4.26e-12,1529.487821,2.322715195,1.482523457,15.3,9.449645999999984,-2.3128895669999996
618.9000000000001,1504.739157,0.009825628,4.26e-12,1529.727826,2.470326667,1.46970598,15.3,9.688669000000072,-2.460501039
619.0,1504.74014,0.009825628,4.26e-12,1529.982527,2.616656391,1.456888502,15.3,9.94238699999978,-2.6068307629999996
619.1,1504.741123,0.009825628,2.56e-12,1530.251798,2.761704367,1.444071025,15.3,10.210674999999991,-2.751878739
619.2,1504.742105,0.009825628,2.84e-12,1530.535509,2.905470596,1.431253548,15.3,10.493404000000009,-2.8956449679999996
619.3000000000001,1504.743088,0.009825628,2.27e-12,1530.833533,3.047955077,1.418436071,15.3,10.790445000000044,-3.038129449
619.4000000000001,1504.74407,0.009825628,5.68e-13,1531.145741,3.18915781,1.405618594,15.3,11.101671000000078,-3.179332182
619.5,1504.745053,0.009825628,3.79e-13,1531.472005,3.329078796,1.392473445,15.3,11.426951999999982,-3.319253168
619.6,1504.746035,0.009825628,0.0,1531.812198,3.467718034,1.377362265,15.3,11.766163000000187,-3.4578924059999996
619.7,1504.747018,0.009825628,0.0,1532.16619,3.605075524,1.358319023,15.3,12.119171999999889,-3.595249896
619.8000000000001,1504.748,0.009825628,0.0,1532.533854,3.740954663,1.333377689,15.3,12.485853999999971,-3.731129035
619.9000000000001,1504.748983,0.009825628,0.0,1532.915061,3.874372436,1.30057223,15.3,12.86607799999997,-3.8645468079999996
620.0,1504.749966,0.009825628,0.0,1533.309683,4.004149224,1.257936617,15.3,13.259716999999863,-3.9943235959999996
620.1,1504.750948,0.009825628,0.0,1533.717593,4.129105409,1.203832491,15.3,13.66664499999997,-4.119279781
620.2,1504.751931,0.009825628,0.0,1534.138505,4.248061372,1.137932179,15.3,14.086573999999882,-4.238235744
620.3000000000001,1504.752913,0.009825628,1.71e-12,1534.571503,4.359837494,1.060563352,15.3,14.518589999999858,-4.350011866
620.4000000000001,1504.753896,0.009825628,0.0,1535.015517,4.463254158,0.973364372,15.3,14.961621000000104,-4.45342853
620.5,1504.754878,0.009825628,2.84e-12,1535.469474,4.557131743,0.878301267,15.3,15.414596000000028,-4.5473061150000005
620.6,1504.755861,0.009825628,1.28e-11,1535.932303,4.640487236,0.77734007,15.3,15.876441999999951,-4.6306616080000005
620.7,1504.756844,0.009825628,2.13e-11,1536.402931,4.713124032,0.672446811,15.3,16.34608700000008,-4.703298404
620.8000000000001,1504.757826,0.009825628,0.177915488,1536.880287,4.775042132,0.565587521,15.3,16.82246099999993,-4.7652165040000005
620.9000000000001,1504.758809,0.009825628,0.388015744,1537.363299,4.826241536,0.458400559,15.3,17.30449000000017,-4.816415908000001
621.0,1504.759791,0.009825628,0.632926169,1537.850894,4.866722244,0.351213597,15.3,17.791102999999975,-4.856896616
621.1,1504.760774,0.116574921,0.961663473,1538.342002,4.896484256,0.244026635,15.3,18.28122800000001,-4.779909335
621.2,1504.761756,0.242635075,1.282217964,1538.835551,4.915527571,0.136839673,15.3,18.77379499999979,-4.672892496
621.3000000000001,1504.762739,0.38958133,1.581769257,1539.330467,4.92385219,0.029652711,15.3,19.267727999999988,-4.5342708599999995
621.4000000000001,1504.763721,0.558988926,1.846380197,1539.82568,4.921458113,-0.077534251,15.3,19.761958999999887,-4.362469187
621.5,1504.850103,0.779156407,2.030996078,1540.320118,4.90834534,-0.184721212,15.3,20.170015000000102,-4.129188933
621.6,1504.951934,0.999968928,2.140093709,1540.812709,4.884513871,-0.291682767,15.3,20.560775000000103,-3.8845449430000003
621.7,1505.070474,1.224403039,2.236202872,1541.30238,4.849963705,-0.397291881,15.3,20.93190599999998,-3.625560666
621.8000000000001,1505.206982,1.461232722,2.24617258,1541.788061,4.804694844,-0.500196112,15.3,21.281079000000044,-3.343462122
621.9000000000001,1505.36272,1.673637555,2.264107172,1542.268679,4.74884253,-0.599043018,15.3,21.605958999999938,-3.075204975
622.0,1505.538948,1.902526651,2.288070306,1542.743162,4.683082985,-0.692480159,15.3,21.904214000000092,-2.7805563340000004
622.1,1505.736925,2.125787817,2.309019169,1543.210438,4.608227673,-0.779155092,15.3,22.17351300000014,-2.482439856
622.2,1505.957911,2.358433231,2.341198676,1543.669436,4.52508806,-0.857940784,15.3,22.411524999999937,-2.166654829
622.3000000000001,1506.203168,2.597245223,2.359962176,1544.119192,4.43447561,-0.928611827,15.3,22.616024000000106,-1.837230387
622.4000000000001,1506.473955,2.839006122,2.37336289,1544.559175,4.337201788,-0.991393628,15.3,22.785220000000162,-1.498195666
622.5,1506.771104,3.080498256,2.354586898,1544.988963,4.23407806,-1.047413223,15.3,22.91785900000009,-1.153579804
622.6,1507.093729,3.318503956,2.304527997,1545.408131,4.125915889,-1.098023051,15.3,23.014401999999972,-0.807411933
622.7,1507.440516,3.549805551,2.227655173,1545.816259,4.013391496,-1.144575555,15.3,23.075743000000056,-0.4635859449999997
622.8000000000001,1507.810153,3.77118537,2.129331211,1546.212923,3.896640126,-1.188423177,15.3,23.102770000000145,-0.1254547559999999
622.9000000000001,1508.201323,3.979962021,2.014918896,1546.597701,3.775661779,-1.230918356,15.3,23.096377999999913,0.20430024199999997
623.0,1508.612715,4.175599225,1.889781012,1546.970169,3.650456455,-1.27318813,15.3,23.05745399999996,0.52514277
623.1,1509.043013,4.358096983,1.759280343,1547.329905,3.521024154,-1.315457903,15.3,22.98689200000008,0.8370728290000002
623.2,1509.490904,4.527455294,1.627885877,1547.676487,3.387364875,-1.357727676,15.3,22.88558299999995,1.1400904190000003
623.3000000000001,1509.955074,4.683674159,1.496491411,1548.009492,3.249478618,-1.399997449,15.3,22.75441799999994,1.4341955409999998
623.4000000000001,1510.434208,4.826753576,1.365096946,1548.328497,3.107365385,-1.442267221,15.3,22.59428900000007,1.7193881909999997
623.5,1510.926994,4.956693548,1.23370248,1548.633079,2.961025174,-1.484536994,15.3,22.40608500000003,1.9956683739999996
623.6,1511.432117,5.073494072,1.102308014,1548.922815,2.810457986,-1.526357116,15.3,22.190697999999838,2.263036086
623.7,1511.948263,5.17715515,0.970913548,1549.197284,2.655663821,-1.565479331,15.3,21.949021000000084,2.521491329
623.8000000000001,1512.474118,5.267676782,0.839502311,1549.456061,2.496642678,-1.597358589,15.3,21.681943,2.7710341039999995
623.9000000000001,1513.008368,5.345058967,0.707990451,1549.698726,2.333664349,-1.624838411,15.3,21.39035800000006,3.0113946179999997
624.0,1513.549699,5.409301705,0.576277345,1549.924854,2.168077786,-1.639679461,15.3,21.075155000000176,3.241223919
624.1,1514.096798,5.460394934,0.44426237,1550.134023,2.002610021,-1.641030976,15.3,20.737225000000034,3.457784913
624.2,1514.64835,5.498288343,0.311844901,1550.325811,1.83555494,-1.6266447,15.3,20.377460999999993,3.662733403
624.3000000000001,1515.203041,5.522921558,0.178924317,1550.50001,1.671856144,-1.596070981,15.3,19.99696899999999,3.8510654140000002
624.4000000000001,1515.759558,5.534234204,0.045416764,1550.657277,1.512024092,-1.551606614,15.3,19.59771900000005,4.022210112
624.5,1516.316579,5.532165908,-0.088694528,1550.798485,1.357677529,-1.489958425,15.3,19.18190599999998,4.174488379
624.6,1516.872748,5.516656295,-0.223392788,1550.924505,1.210435198,-1.419365751,15.3,18.75175699999995,4.306221097
624.7,1517.426705,5.487644993,-0.358594165,1551.036211,1.071646053,-1.340679355,15.3,18.30950600000001,4.41599894
624.8000000000001,1517.977086,5.445071627,-0.494198034,1551.134473,0.941579885,-1.256597145,15.3,17.85738699999997,4.503491742
624.9000000000001,1518.52253,5.388885885,-0.630103772,1551.220165,0.820236693,-1.169817028,15.3,17.39763499999999,4.568649192
625.0,1519.061675,5.319077705,-0.766210758,1551.294159,0.707616479,-1.08258726,15.3,16.932484000000112,4.611461225999999
625.1,1519.593157,5.235647087,-0.902418366,1551.357327,0.603719241,-0.995357492,15.3,16.46416999999992,4.631927846
625.2,1520.115615,5.138594032,-1.038642745,1551.410541,0.508544981,-0.908127724,15.3,15.994926000000032,4.630049051
625.3000000000001,1520.627687,5.027918538,-1.174867123,1551.454674,0.422093697,-0.820897955,15.3,15.526987000000144,4.605824841
625.4000000000001,1521.12801,4.903620607,-1.311091502,1551.490598,0.34436539,-0.733668187,15.3,15.062588000000186,4.559255217
625.5,1521.615223,4.765700238,-1.447315881,1551.519186,0.275360059,-0.646438419,15.3,14.603962999999975,4.490340179
625.6,1522.087962,4.614157431,-1.58354026,1551.541309,0.215077706,-0.559499722,15.3,14.153346999999894,4.399079725
625.7,1522.544865,4.448992186,-1.719764639,1551.55784,0.163518329,-0.474307455,15.3,13.712974999999869,4.2854738569999995
625.8000000000001,1522.984571,4.270204503,-1.855082062,1551.569651,0.120681929,-0.392608044,15.3,13.285080000000061,4.149522574000001
625.9000000000001,1523.405717,4.077794382,-1.98495775,1551.577615,0.086393863,-0.31614792,15.3,12.871897999999828,3.9914005190000004
626.0,1523.806941,3.871761824,-2.10394997,1551.582603,0.059780917,-0.246673512,15.3,12.47566200000001,3.811980907
626.1,1524.186881,3.652651001,-2.206616986,1551.585489,0.039795233,-0.185498541,15.3,12.098607999999967,3.612855768
626.2,1524.544174,3.423182781,-2.287517063,1551.587144,0.025388953,-0.134189761,15.3,11.742969999999968,3.3977938279999997
626.3000000000001,1524.877458,3.186622204,-2.341208468,1551.588301,0.015514222,-0.093109101,15.3,11.410843000000067,3.1711079819999997
626.4000000000001,1525.185371,2.946234312,-2.363156422,1551.589134,0.009382804,-0.062036347,15.3,11.103763000000026,2.936851508
626.5,1525.466986,2.705284144,-2.352453968,1551.589676,0.005880006,-0.039587001,15.3,10.822690000000147,2.6994041380000002
626.6,1525.723118,2.467036743,-2.310008063,1551.589962,0.003915456,-0.02408549,15.3,10.5668439999999,2.463121287
626.7,1525.955015,2.234757148,-2.240353486,1551.590026,0.002573424,-0.014248415,15.3,10.335011000000076,2.232183724
626.8000000000001,1526.163929,2.0117104,-2.14893197,1551.59011,0.001636753,-0.008410418,15.3,10.126181000000042,2.010073647
626.9000000000001,1526.351108,1.800617366,-2.041185251,1551.590193,0.001062928,-0.005136168,15.3,9.939084999999931,1.799554438
627.0,1526.517803,1.60202222,-1.922555062,1551.590276,0.000833756,-0.002899448,15.3,9.772472999999945,1.601188464
627.1,1526.665264,1.415924962,-1.798483139,1551.59036,0.000833756,-0.001338329,15.3,9.625095999999939,1.415091206
627.2,1526.794739,1.242325592,-1.67350426,1551.590443,0.000833756,-0.000381954,15.3,9.495704000000114,1.241491836
627.3000000000001,1526.90748,1.08122411,-1.548525381,1551.590527,0.000833756,1.11e-11,15.3,9.383046999999987,1.080390354
627.4000000000001,1527.004735,0.932620516,-1.423546503,1551.59061,0.000833756,1.11e-11,15.3,9.285874999999987,0.9317867599999999
627.5,1527.087755,0.79651481,-1.298567624,1551.590693,0.000833756,1.17e-11,15.3,9.202938000000085,0.795681054
627.6,1527.157789,0.672906991,-1.173588745,1551.590777,0.000833756,1.37e-11,15.3,9.132987999999795,0.6720732349999999
627.7,1527.216088,0.561797061,-1.048609866,1551.59086,0.000833756,1.54e-11,15.3,9.07477200000012,0.560963305
627.8000000000001,1527.2639,0.463185018,-0.92402686,1551.590943,0.000833756,2.99e-11,15.3,9.027043000000003,0.462351262
627.9000000000001,1527.302476,0.377070863,-0.80181909,1551.591027,0.000833756,0.003431559,15.3,8.98855099999987,0.37623710699999996
628.0,1527.333065,0.303454596,-0.684361792,1551.59111,0.000833756,0.007043143,15.3,8.958045000000038,0.30262084
628.1,1527.356918,0.242098694,-0.574030202,1551.591194,0.000833756,0.010564714,15.3,8.934276000000136,0.241264938
628.2,1527.375283,0.191815537,-0.473199556,1551.591277,0.002892691,0.014086286,15.3,8.915993999999909,0.188922846
628.3000000000001,1527.389412,0.151179986,-0.384245089,1551.59136,0.005059641,0.017731357,15.3,8.901947999999901,0.14612034499999998
628.4000000000001,1527.400553,0.118766897,-0.309146166,1551.591444,0.007261006,0.020836352,15.3,8.890890999999964,0.111505891
628.5,1527.409767,0.09315113,-0.248298659,1551.591527,0.009285527,0.020076468,15.3,8.88175999999994,0.083865603
628.6,1527.417352,0.072907543,-0.199679126,1551.593258,0.01147257,0.01858057,15.3,8.875906000000167,0.061434973000000004
628.7,1527.42342,0.056610994,-0.161372237,1551.595074,0.013335567,0.012917099,15.3,8.871653999999989,0.043275427
628.8000000000001,1527.428079,0.042836342,-0.131231246,1551.596919,0.014938572,0.006567013,15.3,8.868840000000045,0.02789777
628.9000000000001,1527.431439,0.03137251,-0.107109407,1551.598732,0.016207983,0.000363466,15.3,8.867292999999972,0.015164527
629.0,1527.433609,0.021943555,-0.086859976,1551.600455,0.015011265,-0.006065935,15.3,8.866846000000077,0.006932290000000001
629.1,1527.434701,0.014412382,-0.068336207,1551.602029,0.013225735,-0.011458413,15.3,8.867327999999997,0.001186646999999999
629.2,1527.434822,0.008641898,-0.051414796,1551.603394,0.011441276,-0.01598425,15.3,8.86857200000004,-0.002799378
629.3000000000001,1527.434865,0.004495008,-0.03586433,1551.604493,0.009696006,-0.015966552,15.3,8.869628000000102,-0.005200998
629.4000000000001,1527.434907,0.001834618,-0.023312376,1551.605267,0.008063524,-0.014411511,15.3,8.870359999999845,-0.006228906000000001
629.5,1527.43495,0.000523632,-0.013694902,1551.605655,0.006617433,-0.012120457,15.3,8.870704999999997,-0.006093800999999999
629.6,1527.434992,0.000424957,-0.006783419,1551.606072,0.005431334,-0.009211672,15.3,8.871080000000074,-0.005006377
629.7,1527.435035,0.000424957,-0.002349434,1551.606489,0.004578828,-0.00649087,15.3,8.871454000000039,-0.004153871
629.8000000000001,1527.435077,0.000424957,-0.000164458,1551.606906,0.004169002,-0.004080718,15.3,8.871828999999888,-0.0037440449999999997
629.9000000000001,1527.43512,0.000424957,-1.41e-11,1551.607323,0.004169002,-0.002103886,15.3,8.872202999999853,-0.0037440449999999997
630.0,1527.435162,0.000424957,-5.94e-12,1551.60774,0.004169002,-0.000683043,15.3,8.87257799999993,-0.0037440449999999997
630.1,1527.435205,0.000424957,-9.47e-13,1551.608156,0.004169002,-4.17e-11,15.3,8.872951000000011,-0.0037440449999999997
630.2,1527.435247,0.000424957,0.0,1551.608573,0.004169002,-6.43e-12,15.3,8.873326000000088,-0.0037440449999999997
630.3000000000001,1527.43529,0.000424957,9.47e-13,1551.60899,0.004169002,-5.96e-12,15.3,8.873700000000053,-0.0037440449999999997
630.4000000000001,1527.435332,0.000424957,3.16e-13,1551.609407,0.004169002,-5.96e-12,15.3,8.874074999999902,-0.0037440449999999997
630.5,1527.435374,0.000424957,9.47e-13,1551.609824,0.004169002,-1.45e-18,15.3,8.874449999999978,-0.0037440449999999997
630.6,1527.435417,0.000424957,6.32e-13,1551.610241,0.004169002,0.0,15.3,8.87482400000017,-0.0037440449999999997
630.7,1527.435459,0.000424957,1.89e-13,1551.610658,0.004169002,1.45e-18,15.3,8.87519900000002,-0.0037440449999999997
630.8000000000001,1527.435502,0.000424957,0.0,1551.611075,0.004169002,5.96e-12,15.3,8.875572999999985,-0.0037440449999999997
630.9000000000001,1527.435544,0.000424957,0.0,1551.611492,0.004169002,4.47e-12,15.3,8.875948000000061,-0.0037440449999999997
631.0,1527.435587,0.000424957,-6.32e-13,1551.611909,0.004169002,3.57e-12,15.3,8.876322000000027,-0.0037440449999999997
631.1,1527.435629,0.000424957,-9.47e-13,1551.612325,0.004169002,2.17e-18,15.3,8.876695999999992,-0.0037440449999999997
631.2,1527.435672,0.000424957,-3.16e-13,1551.612742,0.004169002,1.45e-18,15.3,8.877069999999957,-0.0037440449999999997
631.3000000000001,1527.435714,0.000424957,0.0,1551.613159,0.004169002,8.67e-19,15.3,8.877445000000034,-0.0037440449999999997
631.4000000000001,1527.435757,0.000424957,-1.89e-13,1551.613576,0.004169002,0.0,15.3,8.877818999999999,-0.0037440449999999997
631.5,1527.435799,0.000424957,-3.16e-13,1551.613993,0.004169002,0.0,15.3,8.878193999999848,-0.0037440449999999997
631.6,1527.435842,0.000424957,-4.74e-13,1551.61441,0.004169002,0.0,15.3,8.878567999999813,-0.0037440449999999997
631.7,1527.435884,0.000424957,0.0,1551.614827,0.004169002,1.39e-11,15.3,8.878943000000117,-0.0037440449999999997
631.8000000000001,1527.435927,0.000424957,-3.16e-13,1551.615244,0.004169002,0.04780103,15.3,8.879317000000082,-0.0037440449999999997
631.9000000000001,1527.435969,0.000424957,-1.89e-13,1551.615661,0.004169002,0.103225477,15.3,8.879692000000158,-0.0037440449999999997
632.0,1527.436012,0.000424957,0.0,1551.616078,0.004169002,0.166929742,15.3,8.880066000000124,-0.0037440449999999997
632.1,1527.436054,0.000424957,0.0,1551.616494,0.03284962,0.250394613,15.3,8.880440000000089,-0.032424663000000006
632.2,1527.436097,0.000424957,0.0,1551.616911,0.066104289,0.333859484,15.3,8.880814000000054,-0.06567933199999999
632.3000000000001,1527.436139,0.000424957,3.16e-13,1551.617328,0.104326847,0.409034241,15.3,8.88118900000013,-0.10390189
632.4000000000001,1527.436182,0.000424957,6.32e-13,1551.617745,0.147911137,0.469871939,15.3,8.881563000000096,-0.14748618
632.5,1527.436224,0.000424957,3.79e-13,1551.641107,0.204484693,0.516268845,15.3,8.90488299999988,-0.204059736
632.6,1527.436267,0.000424957,9.47e-13,1551.668127,0.26161166,0.535340419,15.3,8.931859999999869,-0.261186703
632.7,1527.436309,0.000424957,3.16e-13,1551.699122,0.314772783,0.552616016,15.3,8.96281300000005,-0.314347826
632.8000000000001,1527.436352,0.000424957,4.74e-13,1551.734406,0.375865596,0.552616016,15.3,8.998054000000092,-0.375440639
632.9000000000001,1527.436394,0.000424957,3.16e-13,1551.774295,0.425531099,0.553203797,15.3,9.037900999999874,-0.425106142
633.0,1527.436437,0.000424957,1.89e-13,1551.819104,0.482132947,0.564293972,15.3,9.082666999999855,-0.48170799
633.1,1527.436479,0.000424957,0.0,1551.869146,0.536054302,0.569545169,15.3,9.132667000000037,-0.535629345
633.2,1527.436522,0.000424957,-3.79e-13,1551.924739,0.593126375,0.596193008,15.3,9.188217000000076,-0.592701418
633.3000000000001,1527.436564,0.000424957,0.0,1551.986196,0.653349167,0.617981503,15.3,9.249631999999973,-0.65292421
633.4000000000001,1527.436607,0.000424957,-6.32e-13,1552.053834,0.716722676,0.649488684,15.3,9.317226999999956,-0.7162977189999999
633.5,1527.436649,0.000424957,-6.32e-13,1552.127966,0.783246903,0.680995865,15.3,9.391317000000026,-0.782821946
633.6,1527.436692,0.000424957,-1.89e-12,1552.208908,0.852921849,0.712503046,15.3,9.47221600000007,-0.852496892
633.7,1527.436734,0.000424957,-1.89e-12,1552.296975,0.925747513,0.743630694,15.3,9.560241000000087,-0.925322556
633.8000000000001,1527.436777,0.000424957,-3.16e-13,1552.392482,1.001723894,0.772481145,15.3,9.65570500000008,-1.001298937
633.9000000000001,1527.436819,0.000424957,-2.37e-13,1552.495744,1.080850994,0.795469305,15.3,9.758925000000044,-1.080426037
634.0,1527.436862,0.000424957,0.0,1552.607077,1.162901092,0.814241672,15.3,9.87021499999987,-1.1624761350000001
634.1,1527.436904,0.000424957,0.0,1552.726794,1.246735591,0.822597353,15.3,9.989890000000013,-1.246310634
634.2,1527.436947,0.000424957,0.0,1552.855213,1.330203432,0.819567051,15.3,10.11826600000013,-1.3297784750000001
634.3000000000001,1527.436989,0.000424957,0.0,1552.992646,1.414292516,0.803253102,15.3,10.255656999999882,-1.413867559
634.4000000000001,1527.437032,0.000424957,-1.89e-13,1553.139228,1.495282306,0.773275974,15.3,10.402195999999957,-1.4948573490000001
634.5,1527.437074,0.000424957,0.0,1553.294363,1.572591225,0.731323096,15.3,10.557289000000036,-1.5721662680000001
634.6,1527.437117,0.000424957,0.0,1553.457272,1.644852954,0.675368439,15.3,10.720155000000158,-1.6444279970000002
634.7,1527.437159,0.000424957,0.0,1553.627178,1.710701175,0.611612893,15.3,10.890018999999892,-1.7102762180000002
634.8000000000001,1527.437202,0.000424957,1.89e-13,1553.803302,1.76899729,0.541025757,15.3,11.06609999999996,-1.768572333
634.9000000000001,1527.437244,0.000424957,0.0,1553.984867,1.819513579,0.465884228,15.3,11.24762299999993,-1.8190886220000002
635.0,1527.437287,0.000424957,4.74e-13,1554.171095,1.862250042,0.388465503,15.3,11.433807999999953,-1.8618250850000002
635.1,1527.437329,0.000424957,0.0,1554.361207,1.897206679,0.310667244,15.3,11.62387799999983,-1.896781722
635.2,1527.437372,0.000424957,0.0,1554.554426,1.924383491,0.232868986,15.3,11.817053999999825,-1.923958534
635.3000000000001,1527.437414,0.000424957,3.16e-13,1554.749974,1.943780476,0.155070727,15.3,12.012560000000075,-1.943355519
635.4000000000001,1527.437457,0.000424957,1.42e-11,1554.947072,1.955397636,0.077272469,15.3,12.209614999999939,-1.9549726790000002
635.5,1527.437499,0.000424957,5.68e-11,1555.144943,1.95923497,-0.00052579,15.3,12.407444000000122,-1.9588100130000001
635.6,1527.437542,0.000424957,0.016739286,1555.342809,1.955292478,-0.078324048,15.3,12.605267000000094,-1.9548675210000002
635.7,1527.437584,0.000424957,0.035639009,1555.539892,1.943570161,-0.155780055,15.3,12.802307999999993,-1.9431452040000001
635.8000000000001,1527.437627,0.000424957,0.056734877,1555.735413,1.924068017,-0.231182551,15.3,12.997786000000087,-1.92364306
635.9000000000001,1527.437669,0.010468529,0.079720251,1555.928595,1.896786048,-0.302478026,15.3,13.190926000000172,-1.886317519
636.0,1527.437712,0.021808363,0.104407035,1556.11866,1.861929603,-0.367612971,15.3,13.38094800000017,-1.84012124
636.1,1527.437754,0.034465883,0.129790619,1556.30483,1.82052544,-0.424533873,15.3,13.567075999999997,-1.786059557
636.2,1527.437797,0.048257108,0.139351876,1556.486327,1.773805662,-0.472944203,15.3,13.748530000000027,-1.725548554
636.3000000000001,1527.445874,0.063069178,0.147073302,1556.662372,1.723002378,-0.505861763,15.3,13.916498,-1.6599331999999998
636.4000000000001,1527.454988,0.078299328,0.135787679,1556.832353,1.669347693,-0.528215241,15.3,14.077365000000054,-1.591048365
636.5,1527.465157,0.094079654,0.119988268,1556.996312,1.613019526,-0.538589907,15.3,14.231154999999898,-1.518939872
636.6,1527.476232,0.110052344,0.099435235,1557.154458,1.558412545,-0.538697022,15.3,14.378225999999994,-1.4483602009999998
636.7,1527.488027,0.11593849,0.071626663,1557.306997,1.503596295,-0.530590095,15.3,14.518969999999808,-1.387657805
636.8000000000001,1527.500351,0.120250069,0.04660521,1557.454138,1.450651718,-0.514565656,15.3,14.653787000000147,-1.3304016490000001
636.9000000000001,1527.513018,0.122730319,0.015389104,1557.596089,1.399784165,-0.497948157,15.3,14.78307099999979,-1.277053846
637.0,1527.525839,0.12332789,-0.003437696,1557.733057,1.350993636,-0.477520167,15.3,14.907218000000011,-1.227665746
637.1,1527.538625,0.12204278,-0.022264496,1557.865249,1.304280132,-0.456749926,15.3,15.026624000000037,-1.182237352
637.2,1527.551189,0.11887499,-0.041091295,1557.992874,1.259643651,-0.435979685,15.3,15.141685000000006,-1.140768661
637.3000000000001,1527.563341,0.113824521,-0.059918095,1558.116139,1.217084195,-0.415209443,15.3,15.252797999999938,-1.103259674
637.4000000000001,1527.574895,0.106891371,-0.078744895,1558.235253,1.176601762,-0.394439202,15.3,15.360358000000087,-1.069710391
637.5,1527.585661,0.098075542,-0.092146705,1558.350421,1.138196354,-0.373668961,15.3,15.464760000000023,-1.040120812
637.6,1527.595451,0.087377033,-0.105553974,1558.461853,1.10186797,-0.352898719,15.3,15.566402000000107,-1.014490937
637.7,1527.604078,0.074795843,-0.11139881,1558.569756,1.06761661,-0.332202443,15.3,15.665678000000025,-0.992820767
637.8000000000001,1527.611352,0.063586967,-0.111680878,1558.674338,1.035442275,-0.311949958,15.3,15.762986000000136,-0.9718553080000001
637.9000000000001,1527.617085,0.050492137,-0.106007953,1558.775806,1.005344963,-0.292585054,15.3,15.858721000000013,-0.954852826
638.0,1527.62109,0.040052085,-0.093987809,1558.874369,0.977280297,-0.274551522,15.3,15.953278999999792,-0.937228212
638.1,1527.623178,0.031067015,-0.080222447,1558.970233,0.95102638,-0.258293154,15.3,16.047054999999954,-0.919959365
638.2,1527.624616,0.023772261,-0.061504652,1559.063606,0.926316938,-0.24425374,15.3,16.138989999999875,-0.9025446770000001
638.3000000000001,1527.626055,0.018403158,-0.042886098,1559.154697,0.902885697,-0.232655522,15.3,16.22864199999999,-0.884482539
638.4000000000001,1527.627493,0.015195041,-0.027806282,1559.243678,0.880466382,-0.223911826,15.3,16.316185000000086,-0.865271341
638.5,1527.628931,0.014383246,-0.015648359,1559.330577,0.858792719,-0.217816106,15.3,16.40164599999998,-0.844409473
638.6,1527.63037,0.014383246,-0.006699854,1559.415392,0.837686983,-0.21383595,15.3,16.485022000000026,-0.823303737
638.7,1527.631808,0.014383246,-0.001352993,1559.498115,0.816679284,-0.211630957,15.3,16.566307000000005,-0.802296038
638.8000000000001,1527.633246,0.014383246,-3.56e-11,1559.578742,0.795627274,-0.210757337,15.3,16.64549599999982,-0.781244028
638.9000000000001,1527.634685,0.014383246,-1.78e-11,1559.657267,0.774584127,-0.210918882,15.3,16.722582000000056,-0.760200881
639.0,1527.636123,0.014383246,-9.14e-12,1559.733685,0.753487808,-0.21133244,15.3,16.797561999999925,-0.7391045620000001
639.1,1527.637561,0.014383246,-7.31e-12,1559.807991,0.732338317,-0.211760767,15.3,16.870429999999896,-0.717955071
639.2,1527.638999,0.014383246,0.0,1559.880179,0.711135654,-0.212292485,15.3,16.941179999999985,-0.696752408
639.3000000000001,1527.640438,0.014383246,0.0,1559.950245,0.68987982,-0.212824202,15.3,17.00980700000009,-0.6754965740000001
639.4000000000001,1527.641876,0.014383246,7.31e-12,1560.018182,0.668570814,-0.213355919,15.3,17.076306000000113,-0.654187568
639.5,1527.643314,0.014383246,9.14e-12,1560.083986,0.647208636,-0.213887636,15.3,17.140672000000176,-0.63282539
639.6,1527.644753,0.014383246,1.22e-11,1560.14765,0.625793287,-0.21437727,15.3,17.202897000000075,-0.6114100410000001
639.7,1527.646191,0.014383246,1.22e-11,1560.209171,0.604324766,-0.214784909,15.3,17.262979999999924,-0.58994152
639.8000000000001,1527.647629,0.014383246,1.22e-11,1560.268542,0.582803073,-0.215216929,15.3,17.320912999999972,-0.568419827
639.9000000000001,1527.649068,0.014383246,1.22e-11,1560.325758,0.561253458,-0.215087897,15.3,17.376690000000007,-0.5468702120000001
640.0,1527.650506,0.014383246,0.12036892,1560.380814,0.539706515,-0.213418919,15.3,17.43030800000015,-0.525323269
640.1,1527.651944,0.014383246,0.259424778,1560.433705,0.518051893,-0.209665073,15.3,17.48176099999996,-0.503668647
640.2,1527.653383,0.014383246,0.417786996,1560.484424,0.496740549,-0.203173485,15.3,17.531040999999913,-0.48235730299999996
640.3000000000001,1527.654821,0.086604598,0.626680494,1560.532968,0.476273414,-0.193300188,15.3,17.5781469999999,-0.38966881600000003
640.4000000000001,1527.656259,0.170038112,0.835573992,1560.57933,0.457004029,-0.179166308,15.3,17.623070999999936,-0.28696591699999996
640.5,1527.657698,0.265055443,1.009950662,1560.623562,0.439349367,-0.160828484,15.3,17.66586400000001,-0.174293924
640.6,1527.659136,0.372028245,1.136319019,1560.665934,0.423726402,-0.138542472,15.3,17.706798000000116,-0.05169815700000002
640.7,1527.718351,0.515727641,1.249060069,1560.706777,0.410552108,-0.112781678,15.3,17.688426000000117,0.10517553299999999
640.8000000000001,1527.786537,0.634296929,1.26001489,1560.746417,0.400243458,-0.084241059,15.3,17.65988000000011,0.234053471
640.9000000000001,1527.863989,0.768396009,1.257651107,1560.785184,0.393147931,-0.053615572,15.3,17.621195000000125,0.37524807800000004
641.0,1527.951005,0.919474153,1.216416006,1560.823406,0.389335022,-0.021600172,15.3,17.57240100000008,0.5301391310000001
641.1,1528.047884,1.021064377,1.176787425,1560.86141,0.388804732,0.011110185,15.3,17.51352599999991,0.6322596450000001
641.2,1528.154921,1.126618909,1.147935953,1560.899525,0.391557059,0.043936367,15.3,17.44460399999998,0.7350618500000001
641.3000000000001,1528.272415,1.236137748,1.092710701,1560.93808,0.397592005,0.076762549,15.3,17.36566499999999,0.838545743
641.4000000000001,1528.400662,1.345161049,1.114390509,1560.977402,0.406909569,0.109588731,15.3,17.276739999999972,0.9382514800000001
641.5,1528.53996,1.457157581,1.140612752,1561.017821,0.419509751,0.142414914,15.3,17.177860999999847,1.03764783
641.6,1528.690607,1.572127343,1.164563778,1561.059663,0.435392552,0.175241096,15.3,17.069056,1.136734791
641.7,1528.852899,1.690070336,1.194296085,1561.103258,0.45455797,0.208067278,15.3,16.950359000000116,1.235512366
641.8000000000001,1529.027134,1.81098656,1.224028393,1561.148933,0.477006007,0.241241936,15.3,16.82179900000001,1.333980553
641.9000000000001,1529.21361,1.934876015,1.253558621,1561.197018,0.502736662,0.276507446,15.3,16.683408000000053,1.432139353
642.0,1529.412623,2.0617387,1.281876375,1561.247839,0.531749936,0.315954662,15.3,16.535216000000172,1.5299887639999998
642.1,1529.624471,2.191574617,1.307769181,1561.301726,0.564254913,0.361674435,15.3,16.37725499999983,1.627319704
642.2,1529.849451,2.324262516,1.330024565,1561.359007,0.601297019,0.41575762,15.3,16.209555999999974,1.7229654970000001
642.3000000000001,1530.087861,2.459196162,1.347430052,1561.42001,0.644130767,0.480295068,15.3,16.03214900000007,1.815065395
642.4000000000001,1530.339998,2.595648069,1.358773169,1561.485063,0.694010669,0.557029156,15.3,15.845065000000158,1.9016374000000003
642.5,1530.606159,2.732890754,1.36304352,1561.554662,0.752191234,0.64630836,15.3,15.648503000000073,1.98069952
642.6,1530.886544,2.870196732,1.360039025,1561.629971,0.819926976,0.747784205,15.3,15.44342700000011,2.050269756
642.7,1531.180967,3.006838518,1.349961766,1561.712322,0.898472406,0.859714313,15.3,15.231355000000075,2.1083661119999997
642.8000000000001,1531.489141,3.142088628,1.333822135,1561.803048,0.989082035,0.980007832,15.3,15.013906999999971,2.153006593
642.9000000000001,1531.810783,3.275219577,1.312832608,1561.903479,1.09280129,1.106573909,15.3,14.79269600000016,2.182418287
643.0,1532.145608,3.405625129,1.288205659,1562.014949,1.209839257,1.237321692,15.3,14.569340999999849,2.195785872
643.1,1532.493332,3.533184035,1.261153761,1562.138788,1.340195934,1.370160327,15.3,14.345455999999967,2.192988101
643.2,1532.853669,3.657896297,1.232889389,1562.276328,1.483871322,1.503347437,15.3,14.122658999999839,2.174024975
643.3000000000001,1533.226334,3.779761913,1.204422938,1562.428903,1.640865421,1.636534548,15.3,13.902569000000039,2.138896492
643.4000000000001,1533.611044,3.898780884,1.175956488,1562.597842,1.811178231,1.769721658,15.3,13.686797999999907,2.087602653
643.5,1534.007514,4.014953211,1.147490037,1562.784479,1.994809753,1.902908768,15.3,13.476965000000018,2.0201434579999997
643.6,1534.415458,4.128278892,1.119023586,1562.990145,2.191759985,2.036095879,15.3,13.27468700000004,1.936518907
643.7,1534.834593,4.238757928,1.090557135,1563.216172,2.402028928,2.169282989,15.3,13.081578999999874,1.836729
643.8000000000001,1535.264633,4.346390319,1.062090684,1563.463891,2.625616583,2.301899731,15.3,12.8992580000001,1.7207737360000004
643.9000000000001,1535.705294,4.451176065,1.033678412,1563.734636,2.862522948,2.431094264,15.3,12.729341999999814,1.5886531170000002
644.0,1536.156292,4.553115165,1.005591208,1564.029736,3.112748025,2.553444378,15.3,12.573444000000062,1.4403671400000002
644.1,1536.617341,4.652207621,0.978154143,1564.350526,3.375949592,2.665527864,15.3,12.433185000000048,1.2762580289999996
644.2,1537.088157,4.748485939,0.951692285,1564.698335,3.650416544,2.763922512,15.3,12.310178000000132,1.098069395
644.3000000000001,1537.568455,4.842112653,0.926530704,1565.074497,3.934095555,2.847712801,15.3,12.206041999999979,0.9080170980000002
644.4000000000001,1538.05795,4.933282805,0.902994469,1565.480343,4.224933301,2.906526827,15.3,12.122393000000056,0.7083495040000001
644.5,1538.556359,5.022191436,0.881354471,1565.916931,4.520876456,2.947314284,15.3,12.060572000000047,0.5013149800000001
644.6,1539.063422,5.109033588,0.861664887,1566.384224,4.821375706,2.968138853,15.3,12.020801999999957,0.28765788199999953
644.7,1539.578984,5.194004303,0.84387154,1566.881912,5.119865688,2.971852374,15.3,12.002928000000065,0.07413861499999985
644.8000000000001,1540.102918,5.277298621,0.827703539,1567.409683,5.418805114,2.961877058,15.3,12.00676500000004,-0.1415064930000005
644.9000000000001,1540.635094,5.359111585,0.812835815,1567.967227,5.714978867,2.939128427,15.3,12.032133000000112,-0.3558672820000002
645.0,1541.175383,5.439605729,0.798943298,1568.554233,6.008044726,2.914548752,15.3,12.078850000000056,-0.5684389969999994
645.1,1541.723658,5.518813559,0.785700919,1569.17039,6.298002691,2.884040179,15.3,12.14673200000011,-0.779189132
645.2,1542.279789,5.596735077,0.772783609,1569.815387,6.584852762,2.852961239,15.3,12.235598000000163,-0.9881176849999997
645.3000000000001,1542.843648,5.673370281,0.759920478,1570.488914,6.868594939,2.821882299,15.3,12.345265999999992,-1.1952246579999999
645.4000000000001,1543.415106,5.748719172,0.747057347,1571.19066,7.149229222,2.790803358,15.3,12.475554000000056,-1.4005100499999994
645.5,1543.994035,5.822781751,0.734194215,1571.920314,7.42675561,2.759724418,15.3,12.626279000000022,-1.603973859
645.6,1544.580306,5.895558016,0.721331084,1572.677565,7.701174105,2.728645478,15.3,12.797258999999894,-1.805616089
645.7,1545.17379,5.967047967,0.708467953,1573.462103,7.972484706,2.697566537,15.3,12.988313000000016,-2.0054367390000003
645.8000000000001,1545.774359,6.037251606,0.695604821,1574.273616,8.240687413,2.666097812,15.3,13.199256999999943,-2.203435807
645.9000000000001,1546.381883,6.106168932,0.682727056,1575.111794,8.505782225,2.63229038,15.3,13.429910999999901,-2.3996132930000007
646.0,1546.996236,6.173799944,0.669761489,1575.976327,8.767769144,2.593805533,15.3,13.680091000000129,-2.593969200000001
646.1,1547.617287,6.240144643,0.656620316,1576.866902,9.026414298,2.548304564,15.3,13.949614999999948,-2.786269655000001
646.2,1548.244908,6.305194249,0.643215736,1577.78321,9.280548333,2.493448766,15.3,14.238302000000157,-2.975354084
646.3000000000001,1548.87897,6.368904861,0.629459946,1578.72494,9.528768026,2.426899432,15.3,14.545970000000079,-3.159863165
646.4000000000001,1549.519346,6.431223796,0.615265144,1579.691781,9.769670151,2.346707638,15.3,14.87243499999995,-3.3384463549999994
646.5,1550.165906,6.492098373,0.60055816,1580.683234,10.00185149,2.2524836,15.3,15.217328000000133,-3.509753117
646.6,1550.818514,6.551475912,0.585324361,1581.698055,10.2239088,2.144617103,15.3,15.579541000000017,-3.6724328880000003
646.7,1551.477007,6.609303729,0.569578381,1582.734809,10.43443888,2.02505707,15.3,15.957802000000083,-3.8251351510000005
646.8000000000001,1552.141215,6.665529145,0.553393389,1583.792063,10.63203849,1.896142207,15.3,16.350847999999996,-3.9665093449999995
646.9000000000001,1552.810965,6.720099477,0.536857187,1584.868383,10.81553829,1.760211222,15.3,16.757418000000097,-4.0954388129999995
647.0,1553.486088,6.772970825,0.520057577,1585.962337,10.98470439,1.619602823,15.3,17.176248999999824,-4.211733564999999
647.1,1554.166413,6.824134407,0.503082363,1587.072491,11.13953681,1.476655716,15.3,17.60607799999998,-4.315402402999999
647.2,1554.851769,6.873590224,0.486019345,1588.197411,11.28003554,1.333318825,15.3,18.045641999999997,-4.406445316
647.3000000000001,1555.541985,6.921338276,0.468941694,1589.335665,11.40620057,1.189981934,15.3,18.493679999999994,-4.484862293999999
647.4000000000001,1556.236891,6.967378563,0.451864044,1590.485818,11.51803192,1.046645043,15.3,18.948927000000094,-4.550653357000001
647.5,1556.936315,7.011711085,0.434786393,1591.646438,11.61552958,0.903308152,15.3,19.410123000000066,-4.6038184950000005
647.6,1557.640087,7.054335841,0.417708742,1592.816091,11.69869355,0.759971261,15.3,19.87600399999992,-4.6443577089999994
647.7,1558.348036,7.095252833,0.400631091,1593.993344,11.76752384,0.61663437,15.3,20.345307999999886,-4.672271007000001
647.8000000000001,1559.059991,7.134462059,0.38355344,1595.176763,11.82202043,0.473297479,15.3,20.816771999999855,-4.687558371000001
647.9000000000001,1559.775782,7.171963521,0.366480146,1596.364915,11.86218333,0.330234547,15.3,21.289133000000174,-4.690219809
648.0,1560.495238,7.207757217,0.349432992,1597.556366,11.88801255,0.188815375,15.3,21.761128000000053,-4.680255332999999
648.1,1561.218188,7.241843148,0.332438121,1598.749684,11.89950807,0.050683722,15.3,22.231495999999833,-4.6576649219999995
648.2,1561.94446,7.274223929,0.315521671,1599.943435,11.89683428,-0.082516654,15.3,22.698974999999972,-4.6226103510000005
648.3000000000001,1562.673886,7.304912628,0.298709785,1601.136185,11.88081306,-0.209141992,15.3,23.16229900000003,-4.575900431999999
648.4000000000001,1563.406293,7.333924932,0.282028603,1602.326501,11.85243066,-0.327548534,15.3,23.620208,-4.518505727999999
648.5,1564.14151,7.361276524,0.265499909,1603.51295,11.81267334,-0.436366481,15.3,24.07144000000012,-4.451396816
648.6,1564.87937,7.386983088,0.24912806,1604.69423,11.76252735,-0.535321871,15.3,24.514859999999953,-4.375544261999999
648.7,1565.619712,7.41106031,0.232908699,1605.869565,11.70297895,-0.624688666,15.3,24.94985300000003,-4.2919186400000005
648.8000000000001,1566.362378,7.433523874,0.216820042,1607.038311,11.63501439,-0.705836665,15.3,25.375932999999986,-4.201490516000001
648.9000000000001,1567.107209,7.454389465,0.200835949,1608.199823,11.55961994,-0.780409626,15.3,25.79261399999991,-4.105230474999999
649.0,1567.854047,7.473670151,0.184930278,1609.353457,11.47761746,-0.850051309,15.3,26.199409999999897,-4.003947308999999
649.1,1568.602734,7.491368549,0.169076888,1610.498568,11.38917134,-0.916405474,15.3,26.595833999999922,-3.897802791000001
649.2,1569.353112,7.507484658,0.153249639,1611.634513,11.29428157,-0.98111588,15.3,26.98140099999996,-3.7867969120000007
649.3000000000001,1570.105022,7.522018477,0.137426747,1612.760646,11.19294816,-1.045552326,15.3,27.355623999999988,-3.6709296830000007
649.4000000000001,1570.858307,7.534970007,0.121603855,1613.876324,11.08517111,-1.109988771,15.3,27.7180170000001,-3.550201102999999
649.5,1571.612807,7.546339248,0.105780963,1614.980902,10.97095041,-1.174425217,15.3,28.06809500000004,-3.4246111620000006
649.6,1572.368366,7.5561262,0.089958071,1616.073736,10.85028607,-1.238861663,15.3,28.40537000000013,-3.2941598699999997
649.7,1573.124824,7.564330862,0.074135179,1617.154181,10.72317808,-1.303298109,15.3,28.729357000000117,-3.158847218
649.8000000000001,1573.882023,7.570953235,0.058312287,1618.221593,10.58962644,-1.367734555,15.3,29.039570000000094,-3.018673205
649.9000000000001,1574.639805,7.57599332,0.042486601,1619.275328,10.44963117,-1.432171,15.3,29.33552299999992,-2.8736378499999997
650.0,1575.398013,7.579451114,0.026644155,1620.314742,10.30319224,-1.496607446,15.3,29.61672900000003,-2.7237411259999993
650.1,1576.156487,7.58132662,0.010768187,1621.339189,10.15030968,-1.561043892,15.3,29.882702000000062,-2.56898306
650.2,1576.915069,7.58161816,-0.005158063,1622.348025,9.990983465,-1.625480338,15.3,30.132956000000103,-2.4093653049999997
650.3000000000001,1577.673602,7.580317355,-0.021151356,1623.340607,9.825213609,-1.689916783,15.3,30.367005000000017,-2.2448962540000004
650.4000000000001,1578.431926,7.577414148,-0.037228452,1624.31629,9.653000109,-1.754353229,15.3,30.584364000000004,-2.0755859610000007
650.5,1579.189885,7.572898482,-0.05340332,1625.274429,9.474342963,-1.818789675,15.3,30.78454400000005,-1.9014444809999995
650.6,1579.947317,7.566760301,-0.069678752,1626.21438,9.289242174,-1.883226121,15.3,30.96706299999978,-1.7224818729999996
650.7,1580.704059,7.558989549,-0.086051956,1627.135499,9.097697739,-1.947662567,15.3,31.131440000000065,-1.5387081899999995
650.8000000000001,1581.459944,7.549576168,-0.102508963,1628.037142,8.89970966,-2.012099012,15.3,31.277197999999952,-1.3501334919999994
650.9000000000001,1582.214806,7.538510104,-0.119033013,1628.918663,8.695277937,-2.076535458,15.3,31.40385699999997,-1.156767833
651.0,1582.968477,7.525782974,-0.135607345,1629.779419,8.484402569,-2.140971904,15.3,31.510942000000068,-0.958619595
651.1,1583.720793,7.511393104,-0.152215199,1630.618765,8.267083556,-2.20540835,15.3,31.59797199999998,-0.7556904519999996
651.2,1584.471587,7.495340493,-0.168839814,1631.436058,8.043320899,-2.269844795,15.3,31.664471000000002,-0.5479804059999998
651.3000000000001,1585.220693,7.477625141,-0.185467222,1632.230651,7.813114597,-2.334281241,15.3,31.709958000000096,-0.33548945600000035
651.4000000000001,1585.967944,7.458247049,-0.20209463,1633.001902,7.576464651,-2.398717687,15.3,31.733957999999983,-0.11821760200000053
651.5,1586.713174,7.437206216,-0.218722038,1633.749166,7.33337106,-2.463154133,15.3,31.735992000000078,0.1038351559999997
651.6,1587.456216,7.414502641,-0.235349446,1634.471798,7.083833824,-2.51506127,15.3,31.715581999999994,0.3306688170000003
651.7,1588.196906,7.390136326,-0.251976854,1635.169155,6.827852944,-2.571890635,15.3,31.672249000000146,0.5622833820000004
651.8000000000001,1588.935075,7.364107271,-0.268604262,1635.840591,6.565428419,-2.618875543,15.3,31.605515999999806,0.7986788520000001
651.9000000000001,1589.670558,7.336415474,-0.285225183,1636.485462,6.304077835,-2.472679441,15.3,31.51490400000007,1.0323376389999996
652.0,1590.40319,7.307060937,-0.301807184,1637.103125,6.034135725,-2.281735807,15.3,31.399935000000095,1.2729252120000005
652.1,1591.132802,7.276043658,-0.318311344,1637.692934,5.755602089,-2.113165938,15.3,31.26013199999984,1.520441569
652.2,1591.85923,7.243367532,-0.334698742,1638.254245,5.600226159,-1.890899032,15.3,31.095015000000057,1.6431413729999997
652.3000000000001,1592.582306,7.209052016,-0.350930459,1638.786414,5.45881146,-1.729194618,15.3,30.904107999999905,1.7502405560000005
652.4000000000001,1593.301865,7.173120464,-0.366967573,1639.288797,5.315248879,-1.465159182,15.3,30.686932000000024,1.8578715849999998
652.5,1594.017741,7.135596229,-0.382777651,1639.760749,5.169538416,-1.457104627,15.3,30.443008000000145,1.966057813
