t,x_follower,v_follower,a_follower,x_leader,v_leader,a_leader,leader_length,spacing,dv
602.1,100.5574722,29.9717702,-2.583433662,202.0801993,25.5892964,0.009197337,14.3,87.2227271,4.382473800000003
602.2,103.5402139,29.71646312,-2.522707995,204.6428095,25.58294711,-0.13618323,14.3,86.8025956,4.133516010000001
602.3000000000001,106.4977285,29.4672286,-2.461982328,207.2040578,25.56205976,-0.281563798,14.3,86.4063293,3.905168839999998
602.4,109.4306234,29.22406665,-2.401256661,209.7624904,25.52663435,-0.426944365,14.3,86.03186699999999,3.6974323000000027
602.5,112.3395056,28.98697727,-2.340530994,212.3166537,25.47667088,-0.572324932,14.3,85.6771481,3.51030639
602.6,115.2249825,28.75596045,-2.279805327,214.8650937,25.41216936,-0.717705499,14.3,85.3401112,3.34379109
602.7,118.0876614,28.53101621,-2.21907966,217.4063566,25.33312978,-0.863086067,14.3,85.01869520000001,3.1978864300000005
602.8000000000001,120.9281495,28.31214452,-2.158353992,219.9389886,25.23955215,-1.007216214,14.3,84.71083909999999,3.072592369999999
602.9,123.747054,28.09934541,-2.097628325,222.461536,25.13143646,-1.143843843,14.3,84.41448199999999,2.9679089500000018
603.0,126.5449823,27.89261886,-2.036902658,224.972545,25.00878271,-1.265466436,14.3,84.1275627,2.8838361500000005
603.1,129.3225415,27.69196488,-1.976176991,227.4705616,24.87234115,-1.364581473,14.3,83.8480201,2.81962373
603.2,132.080339,27.49738346,-1.915451324,229.9541322,24.72586306,-1.433686437,14.3,83.5737932,2.7715204000000035
603.3000000000001,134.8189819,27.30887461,-1.854725657,232.4218028,24.57384992,-1.465278808,14.3,83.30282089999999,2.7350246899999995
603.4,137.5390776,27.12643833,-1.79399999,234.8721198,24.42080326,-1.45310649,14.3,83.0330422,2.7056350699999996
603.5,140.2412333,26.95007461,-1.733274322,237.3042295,24.27122459,-1.39591906,14.3,82.76299619999999,2.6788500200000023
603.6,142.9260563,26.77978346,-1.672548655,239.7196791,24.12961542,-1.294966941,14.3,82.49362280000001,2.6501680400000005
603.7,145.5941537,26.61556488,-1.611822988,242.120616,24.00047726,-1.156502229,14.3,82.22646230000002,2.6150876200000006
603.8000000000001,148.2461329,26.45741887,-1.551097321,244.5091876,23.88831162,-0.988027444,14.3,81.9630547,2.569107250000002
603.9,150.8826012,26.30534542,-1.490371654,246.8875413,23.79686976,-0.797045103,14.3,81.7049401,2.5084756599999984
604.0,153.5041657,26.15934454,-1.429645987,249.2578245,23.72690193,-0.591057726,14.3,81.45365880000001,2.432442609999999
604.1,156.1114338,26.01941622,-1.36892032,251.6221846,23.67840813,-0.37756783,14.3,81.21075080000001,2.341008089999999
604.2,158.7050127,25.88556047,-1.308194652,253.9827691,23.65138836,-0.162827515,14.3,80.97775640000002,2.234172110000003
604.3000000000001,161.2855096,25.75777729,-1.247468985,256.3417253,23.64584263,0.0519128,14.3,80.7562157,2.1119346599999993
604.4,163.8535319,25.63606667,-1.186743318,258.7012006,23.66177092,0.266653116,14.3,80.54766869999999,1.9742957500000031
604.5,166.4096867,25.52042863,-1.126418107,261.0633425,23.69917325,0.481393431,14.3,80.35365579999997,1.8212553800000002
604.6,168.9545813,25.41086314,-1.068495636,263.4302983,23.75804961,0.696133746,14.3,80.175717,1.6528135299999995
604.7,171.488823,25.30737023,-1.015378641,265.8042154,23.8384,0.910874062,14.3,80.01539239999998,1.46897023
604.8000000000001,174.0130191,25.20970961,-0.969469863,268.1872412,23.94022442,1.123500557,14.3,79.87422210000001,1.269485190000001
604.9,176.5277767,25.11667991,-0.933172039,270.5815232,24.06352287,1.323444134,14.3,79.75374649999999,1.0531570399999985
605.0,179.0337032,25.02683949,-0.90888791,272.9892088,24.20829536,1.491034534,14.3,79.65550559999998,0.8185441299999994
605.1,181.5314058,24.93874671,-0.898619756,275.4124453,24.37327358,1.634550853,14.3,79.58103950000002,0.5654731300000009
605.2,184.0212996,24.85095992,-0.902768035,277.8533802,24.55211609,1.720348158,14.3,79.53208060000001,0.2988438300000027
605.3000000000001,186.5030306,24.76203748,-0.92093229,280.3141608,24.73302072,1.742730868,14.3,79.51113020000004,0.029016760000001085
605.4,188.9760529,24.67053775,-0.951110238,282.7969345,24.92095493,1.691129884,14.3,79.52088160000001,-0.25041717999999946
605.5,191.4398204,24.57501909,-0.990899141,285.3028342,25.09573177,1.563431385,14.3,79.56301380000001,-0.520712679999999
605.6,193.893787,24.47428012,-1.037896261,287.8289341,25.25393388,1.36873653,14.3,79.63514710000003,-0.7796537600000022
605.7,196.3374067,24.36808057,-1.089698858,290.3712937,25.38795151,1.096652404,14.3,79.73388700000002,-1.0198709400000006
605.8000000000001,198.7701334,24.25642044,-1.143904194,292.9259727,25.49017492,0.780823939,14.3,79.8558393,-1.2337544800000018
605.9,201.1914211,24.13929973,-1.198509986,295.4890307,25.55426264,0.426946718,14.3,79.99760959999999,-1.4149629099999999
606.0,203.6007237,24.01671844,-1.253115778,298.0565273,25.57894637,0.047703658,14.3,80.15580360000003,-1.5622279300000024
606.1,205.9974951,23.88867657,-1.30772157,300.624522,25.56422613,-0.34422232,14.3,80.3270269,-1.6755495600000003
606.2,208.3811893,23.75517412,-1.362327363,303.1890745,25.51010191,-0.738262119,14.3,80.50788520000002,-1.75492779
606.3000000000001,210.7512602,23.6162111,-1.416933155,305.7462444,25.41657371,-1.132301917,14.3,80.69498420000004,-1.8003626100000005
606.4,213.1071618,23.47178749,-1.471538947,308.2920912,25.28364153,-1.526341716,14.3,80.88492940000002,-1.81185404
606.5,215.448348,23.32190331,-1.524897742,310.8226746,25.11130536,-1.920381514,14.3,81.07432660000002,-1.7894020499999996
606.6,217.7742727,23.16655855,-1.562548601,313.3340543,24.89956522,-2.314421313,14.3,81.25978159999998,-1.7330066699999982
606.7,220.08439,23.0057532,-1.601687396,315.8222897,24.6484211,-2.708461111,14.3,81.43789969999999,-1.6426678999999993
606.8000000000001,222.3781537,22.84023548,-1.610154287,318.2834405,24.357873,-3.100122134,14.3,81.60528679999997,-1.517637520000001
606.9,224.6550177,22.67868194,-1.588693242,320.7135663,24.02792092,-3.477510506,14.3,81.75854860000003,-1.349238979999999
607.0,226.9144361,22.51077506,-1.529822277,323.1087267,23.65856486,-3.826353573,14.3,81.89429059999999,-1.1477897999999982
607.1,229.1558627,22.35581074,-1.427306406,325.4649812,23.25123208,-4.132378686,14.3,82.00911850000001,-0.8954213400000022
607.2,231.3793502,22.2133426,-1.288124583,327.7783896,22.81305892,-4.381313191,14.3,82.09903940000002,-0.5997163199999989
607.3000000000001,233.5873451,22.08785984,-1.088845949,330.0450114,22.35260896,-4.558884438,14.3,82.15766630000003,-0.26474912000000117
607.4,235.7828928,21.98385164,-0.860383348,332.2609062,21.87844579,-4.653198549,14.3,82.17801340000001,0.10540585000000036
607.5,237.9690386,21.90580719,-0.60199281,334.4232754,21.39913301,-4.66187675,14.3,82.15423680000002,0.506674180000001
607.6,240.1488277,21.85746749,-0.321156321,336.5338876,20.9232342,-4.587297816,14.3,82.08505990000002,0.9342332900000017
607.7,242.3253056,21.83958073,-0.025355864,338.5956534,20.45931295,-4.441355622,14.3,81.9703478,1.3802677800000005
607.8000000000001,244.5015174,21.85214691,0.277926577,340.6114833,20.01593287,-4.238322822,14.3,81.80996589999997,1.836214039999998
607.9,246.6805085,21.89516604,0.582456016,342.5842876,19.60023027,-3.992472066,14.3,81.60377909999998,2.2949357699999986
608.0,248.8653241,21.96863812,0.886985455,344.516977,19.21363242,-3.718076007,14.3,81.35165289999999,2.7550057000000017
608.1,251.0590096,22.07256313,1.191514893,346.4124617,18.85613931,-3.429407296,14.3,81.0534521,3.2164238199999993
608.2,253.2646103,22.2069411,1.496044332,348.2736525,18.52775096,-3.138359809,14.3,80.70904220000004,3.679190140000003
608.3000000000001,255.4851714,22.371772,1.80057377,350.1034596,18.22846735,-2.847312323,14.3,80.3182882,4.143304650000001
608.4,257.7237382,22.56705585,2.105103209,351.9047936,17.95828849,-2.556264836,14.3,79.8810554,4.608767359999998
608.5,259.9833561,22.79279264,2.409632648,353.6805649,17.71721438,-2.26521735,14.3,79.3972088,5.075578259999997
608.6,262.2670703,23.04898238,2.711058577,355.4336841,17.50524502,-1.974169864,14.3,78.8666138,5.5437373600000015
608.7,264.5779261,23.33562506,2.993863454,357.1670615,17.32238041,-1.683122377,14.3,78.28913539999998,6.013244650000001
608.8000000000001,266.9189688,23.65272068,3.230902812,358.8836078,17.16862055,-1.393316434,14.3,77.66463899999998,6.484100130000002
608.9,269.2932438,23.99840715,3.429125838,360.5862333,17.04396543,-1.110959747,14.3,76.99298949999998,6.954441719999998
609.0,271.7037962,24.36337392,3.54434124,362.2778485,16.94841507,-0.843501572,14.3,76.27405230000001,7.414958850000001
609.1,274.1536714,24.73133433,3.566451377,363.9613639,16.88122452,-0.598391168,14.3,75.50769249999998,7.850109809999999
609.2,276.6459148,25.10645788,3.479938705,365.63969,16.83866917,-0.383077789,14.3,74.69377519999996,8.267788710000001
609.3000000000001,279.1820818,25.4622298,3.281699717,367.3157372,16.81627947,-0.198924337,14.3,73.83365540000001,8.645950329999998
609.4,281.7577694,25.79259151,2.983361334,368.9924161,16.80958585,-0.070397594,14.3,72.93464670000004,8.98300566
609.5,284.3670848,26.08637037,2.574870859,370.6720411,16.81411876,0.019519967,14.3,72.00495630000002,9.272251610000001
609.6,287.0041351,26.33239375,2.100419587,372.3545431,16.82906046,0.065983531,14.3,71.05040800000002,9.50333329
609.7,289.6630276,26.52135113,1.570105156,374.0392568,16.83898597,0.075200813,14.3,70.07622919999996,9.68236516
609.8000000000001,292.3378694,26.6513804,1.002548619,375.7255172,16.85038115,0.054621069,14.3,69.08764780000003,9.80099925
609.9,295.0227677,26.72248156,0.41637103,377.4126589,16.85586959,0.005607199,14.3,68.08989120000003,9.866611969999997
610.0,297.7118298,26.7346546,-0.172910069,379.1000169,16.85470633,-0.046132471,14.3,67.08818710000004,9.87994827
610.1,300.3991627,26.68789954,-0.762191167,380.786926,16.8468914,-0.111407755,14.3,66.08776330000002,9.84100814
610.2,303.0788737,26.58221637,-1.351472265,382.472721,16.83242478,-0.177924581,14.3,65.09384730000001,9.749791590000001
610.3000000000001,305.74507,26.41760509,-1.940753363,384.1567368,16.81130648,-0.244441407,14.3,64.11166679999998,9.60629861
610.4,308.3918588,26.1940657,-2.530034462,385.8383082,16.7835365,-0.310958233,14.3,63.14644939999995,9.4105292
610.5,311.0133472,25.9115982,-3.11931556,387.5167699,16.74911484,-0.377475059,14.3,62.20342269999999,9.16248336
610.6,313.6036425,25.57020259,-3.705122836,389.191457,16.70804149,-0.443991885,14.3,61.28781450000004,8.862161100000002
610.7,316.1568518,25.16987886,-4.27008718,390.8617041,16.66031646,-0.510508711,14.3,60.40485229999997,8.5095624
610.8000000000001,318.6670823,24.71062703,-4.793365659,392.5268461,16.60593975,-0.576700675,14.3,59.5597638,8.10468728
610.9,321.1284413,24.19453139,-5.254115342,394.1862179,16.54491135,-0.640943465,14.3,58.75777659999996,7.649620040000002
611.0,323.5350358,23.63201339,-5.631493295,395.8391542,16.47723128,-0.701287908,14.3,58.004118399999996,7.154782109999999
611.1,325.8809731,23.0355788,-5.904656587,397.48499,16.40309443,-0.755784831,14.3,57.30401689999998,6.63248437
611.2,328.1603604,22.41773338,-6.056236107,399.12306,16.32347541,-0.803585851,14.3,56.66269960000001,6.094257970000001
611.3000000000001,330.3689723,21.79098289,-6.082758033,400.752699,16.23954372,-0.839439421,14.3,56.083726700000014,5.551439169999998
611.4,332.5092532,21.16783308,-5.987696187,402.373242,16.15246885,-0.865023604,14.3,55.56398880000002,5.015364229999999
611.5,334.5853148,20.56078972,-5.78841968,403.9841796,16.06275984,-0.878912746,14.3,55.098864800000015,4.498029880000001
611.6,336.601269,19.98235857,-5.505771444,405.5856264,15.97356762,-0.881431709,14.3,54.684357400000025,4.008790949999998
611.7,338.5612276,19.44296109,-5.16059441,407.1778529,15.88408027,-0.874204805,14.3,54.31662530000001,3.5588808200000006
611.8000000000001,340.4693023,18.94468157,-4.773731512,408.7611293,15.79612776,-0.858080415,14.3,53.991827000000015,3.148553810000001
611.9,342.3296049,18.48752002,-4.366025682,410.3357262,15.71068469,-0.838310087,14.3,53.70612130000002,2.776835330000001
612.0,344.1462473,18.07147644,-3.95484603,411.9019141,15.62794597,-0.813540622,14.3,53.455666799999975,2.4435304700000007
612.1,345.9233412,17.69655082,-3.543666378,413.4599632,15.54791159,-0.786821982,14.3,53.236622000000025,2.148639229999999
612.2,347.6649985,17.36274316,-3.132486725,415.0101442,15.47058157,-0.759778481,14.3,53.04514569999999,1.8921615900000006
612.3000000000001,349.3753309,17.07005347,-2.721307073,416.5527274,15.3959559,-0.732734979,14.3,52.87739649999999,1.6740975700000007
612.4,351.0584502,16.81848175,-2.310127421,418.0879832,15.32403457,-0.705691478,14.3,52.72953300000002,1.4944471799999999
612.5,352.7184682,16.60802799,-1.898947769,419.6161821,15.2548176,-0.678647976,14.3,52.59771389999999,1.3532103899999992
612.6,354.3594968,16.43869219,-1.489517727,421.1375946,15.18830498,-0.651604474,14.3,52.478097800000015,1.2503872100000013
612.7,355.9856477,16.31047436,-1.090585351,422.6524909,15.12449671,-0.624560973,14.3,52.36684319999996,1.1859776499999999
612.8000000000001,357.6010327,16.2233745,-0.712648304,424.1611417,15.06339278,-0.597517471,14.3,52.26010899999996,1.1599817199999993
612.9,359.2097636,16.17634283,-0.366204253,425.6638173,15.00499321,-0.57061728,14.3,52.154053700000034,1.171349619999999
613.0,360.8159522,16.16413054,-0.061750862,427.1607882,14.94929799,-0.544576946,14.3,52.04483599999999,1.2148325499999988
613.1,362.4237104,16.180439,0.199362787,428.6523248,14.89630712,-0.520256331,14.3,51.92861439999997,1.2841318800000003
613.2,364.0371498,16.21896964,0.380942892,430.1386974,14.84593461,-0.498515291,14.3,51.801547600000006,1.3730350300000005
613.3000000000001,365.6595425,16.27342385,0.508685589,431.6201767,14.79775054,-0.479787523,14.3,51.66063420000002,1.4756733100000012
613.4,367.2908012,16.34299217,0.575191907,433.097033,14.75123899,-0.466211373,14.3,51.50623180000004,1.5917531799999995
613.5,368.9299989,16.40490857,0.589209899,434.5695366,14.70588404,-0.457224903,14.3,51.33953770000001,1.699024529999999
613.6,370.5762084,16.46934189,0.561237232,436.0378894,14.66142548,-0.453397585,14.3,51.161681,1.807916409999999
613.7,372.2285027,16.52555415,0.492622988,437.5020178,14.61658029,-0.454586108,14.3,50.9735151,1.9089738600000015
613.8000000000001,373.8859546,16.57249558,0.421310577,438.9617794,14.57159967,-0.460073925,14.3,50.775824800000024,2.000895909999999
613.9,375.5476372,16.61016619,0.33035192,440.417032,14.52571199,-0.469427339,14.3,50.56939480000001,2.0844542000000015
614.0,377.2126233,16.63856596,0.237643652,441.8676333,14.47848732,-0.480508004,14.3,50.35501000000001,2.160078640000002
614.1,378.8799858,16.65769492,0.144935384,443.3134409,14.42983968,-0.493734549,14.3,50.133455100000006,2.2278552400000002
614.2,380.5487977,16.66755304,0.052227116,444.7543127,14.37976907,-0.507820953,14.3,49.905514999999994,2.2877839700000013
614.3000000000001,382.2181318,16.66814034,-0.040481153,446.1901062,14.32827549,-0.522050666,14.3,49.671974400000025,2.3398648500000014
614.4000000000001,383.8870612,16.65945681,-0.133189421,447.6206793,14.27535894,-0.536280379,14.3,49.433618100000004,2.384097869999998
614.5,385.5546586,16.64150245,-0.225897689,449.0458895,14.22101942,-0.550510092,14.3,49.19123090000001,2.4204830300000015
614.6,387.2199971,16.61427727,-0.318605957,450.4655946,14.16525692,-0.564739805,14.3,48.94559749999998,2.4490203499999996
614.7,388.8821495,16.57778126,-0.410853502,451.8796524,14.10807146,-0.578969518,14.3,48.697502899999975,2.4697097999999986
614.8000000000001,390.5401887,16.53201443,-0.500336709,453.2879204,14.04946302,-0.593199231,14.3,48.447731700000034,2.482551410000001
614.9000000000001,392.1931878,16.47697676,-0.58429124,454.6902565,13.98943161,-0.607345441,14.3,48.1970687,2.487545149999999
615.0,393.8402195,16.41294471,-0.659952756,456.0865182,13.92797723,-0.620990626,14.3,47.946298700000014,2.4849674800000017
615.1,395.4803568,16.34130043,-0.726365498,457.4765634,13.86509988,-0.633633764,14.3,47.6962066,2.4762005499999997
615.2,397.1126727,16.26370253,-0.775339391,458.8602497,13.80084966,-0.644773831,14.3,47.44757699999998,2.462852869999999
615.3000000000001,398.73624,16.18180961,-0.809996557,460.2374348,13.73547708,-0.653909803,14.3,47.20119480000001,2.4463325299999976
615.4000000000001,400.3503528,16.09619513,-0.828067694,461.6079764,13.66928276,-0.660540656,14.3,46.95762359999999,2.426912370000002
615.5,401.9551898,16.01177313,-0.830013525,462.9717323,13.60256731,-0.66424887,14.3,46.71654249999996,2.409205820000002
615.6,403.5511508,15.92694677,-0.818137664,464.3286001,13.53563135,-0.664950942,14.3,46.4774493,2.3913154200000015
615.7,405.1386355,15.84445981,-0.793395872,465.6786381,13.46877548,-0.662730376,14.3,46.24000259999998,2.3756843300000003
615.8000000000001,406.7180437,15.76569441,-0.763978224,467.0219444,13.40230034,-0.658004691,14.3,46.00390069999999,2.36339407
615.9000000000001,408.2897754,15.69092701,-0.72722332,468.3586172,13.33650651,-0.651274911,14.3,45.76884180000003,2.3544205
616.0,409.8542301,15.62015761,-0.687704077,469.6887548,13.27164453,-0.643042059,14.3,45.534524700000034,2.34851308
616.1,411.4118079,15.5533862,-0.647724112,471.0124552,13.2077645,-0.633807161,14.3,45.300647299999994,2.3456217000000006
616.2,412.9629084,15.49061278,-0.607744147,472.3298167,13.1448664,-0.624071238,14.3,45.06690829999998,2.3457463799999996
616.3000000000001,414.5079314,15.43183737,-0.567764182,473.6409375,13.08295025,-0.614251812,14.3,44.83300609999999,2.3488871200000006
616.4000000000001,416.0472769,15.37705995,-0.527784216,474.9459158,13.02201604,-0.604432385,14.3,44.59863890000004,2.355043909999999
616.5,417.5813444,15.32628052,-0.487804251,476.2448497,12.96206377,-0.594612959,14.3,44.3635053,2.364216749999999
616.6,419.110534,15.2794991,-0.447824286,477.5378376,12.90309345,-0.584793532,14.3,44.12730360000002,2.3764056500000006
616.7,420.6352452,15.23671567,-0.407975943,478.8249774,12.84510507,-0.574974106,14.3,43.88973220000004,2.3916106
616.8000000000001,422.1558781,15.19793023,-0.368917335,480.1063676,12.78809863,-0.565154679,14.3,43.650489500000006,2.4098316000000004
616.9000000000001,423.6728323,15.16314279,-0.331438195,481.3821062,12.73207413,-0.555263279,14.3,43.40927390000003,2.4310686599999993
617.0,425.1865077,15.13227438,-0.296328259,482.6522914,12.67703158,-0.544940034,14.3,43.165783700000034,2.4552428000000006
617.1,426.697304,15.10493012,-0.264377261,483.9170215,12.62297096,-0.533753101,14.3,42.919717500000004,2.4819591600000006
617.2,428.205621,15.08063618,-0.236374935,485.1763947,12.56993548,-0.521270635,14.3,42.6707737,2.510700700000001
617.3000000000001,429.7118587,15.05891871,-0.212979393,486.430509,12.51814104,-0.507060793,14.3,42.41865029999998,2.5407776700000007
617.4000000000001,431.2163535,15.03930388,-0.194322258,487.6794628,12.46784677,-0.490691729,14.3,42.16310929999999,2.5714571100000008
617.5,432.7191893,15.02131783,-0.180271908,488.9233542,12.41931175,-0.471803574,14.3,41.904164900000026,2.602006079999999
617.6,434.220387,15.00448674,-0.17017023,490.162316,12.3727951,-0.450324354,14.3,41.64192899999996,2.6316916400000014
617.7,435.7199673,14.98833677,-0.163227489,491.396619,12.32855593,-0.426326043,14.3,41.37665169999998,2.65978084
617.8000000000001,437.2179508,14.97247303,-0.158653952,492.6265689,12.28685333,-0.400168511,14.3,41.108618100000015,2.6856197
617.9000000000001,438.7143582,14.95681657,-0.155659884,493.8524709,12.24794643,-0.372283602,14.3,40.838112700000025,2.70887014
618.0,440.2092104,14.94136738,-0.153455551,495.0746308,12.21205114,-0.34310316,14.3,40.56542040000001,2.729316240000001
618.1,441.7025281,14.92612546,-0.151382839,496.2933538,12.17921064,-0.31305903,14.3,40.290825699999985,2.746914819999999
618.2,443.1943319,14.91109081,-0.149310128,497.5089455,12.14942494,-0.282583056,14.3,40.014613599999976,2.76166587
618.3000000000001,444.6846426,14.89626344,-0.147237417,498.7217114,12.12269403,-0.252035107,14.3,39.73706879999999,2.7735694100000003
618.4000000000001,446.1734809,14.88164333,-0.145164706,499.9319569,12.09901792,-0.221487159,14.3,39.458475999999976,2.7826254099999996
618.5,447.6608676,14.8672305,-0.143091995,501.1399875,12.0783966,-0.190939211,14.3,39.1791199,2.7888339
618.6,449.1468234,14.85302493,-0.141019283,502.3461088,12.06083007,-0.160391262,14.3,38.89928540000001,2.7921948600000004
618.7,450.631369,14.83902664,-0.138902886,503.5506262,12.04631835,-0.129843314,14.3,38.61925720000001,2.79270829
618.8000000000001,452.1145251,14.82523562,-0.136524371,504.7538451,12.03486141,-0.099295365,14.3,38.33932,2.7903742100000013
618.9000000000001,453.5963125,14.81165187,-0.133621621,505.9560711,12.02645927,-0.068809741,14.3,38.05975859999997,2.7851926000000002
619.0,455.0767518,14.7983016,-0.129932519,507.1576095,12.02111193,-0.038698057,14.3,37.78085769999997,2.7771896700000003
619.1,456.5558639,14.78531587,-0.125194948,508.358766,12.01881938,-0.009334257,14.3,37.502902099999986,2.7664964899999998
619.2,458.0336694,14.77285196,-0.119146789,509.559846,12.01954423,0.018907719,14.3,37.22617659999999,2.7533077300000013
619.3000000000001,459.5101891,14.76106713,-0.111569612,510.761155,12.02309951,0.045653928,14.3,36.950965899999986,2.737967620000001
619.4000000000001,460.9854647,14.75011865,-0.10241973,511.9629984,12.02926086,0.070530431,14.3,36.677533699999984,2.7208577899999984
619.5,462.4596217,14.74016379,-0.09174083,513.1656817,12.0378039,0.093225608,14.3,36.40606000000004,2.7023598900000003
619.6,463.9328067,14.73135983,-0.079751343,514.3694805,12.04850429,0.113677135,14.3,36.1366738,2.6828555400000003
619.7,465.4051662,14.72386404,-0.066713386,515.5745507,12.06113764,0.131947338,14.3,35.86938450000004,2.6627264000000004
619.8000000000001,466.8768468,14.71780746,-0.052889077,516.7810182,12.07547959,0.148347833,14.3,35.60417139999994,2.642327869999999
619.9000000000001,468.3479949,14.71321632,-0.038540533,517.9890092,12.09130579,0.163252562,14.3,35.341014300000055,2.621910530000001
620.0,469.8187573,14.71009062,-0.023929871,519.1986494,12.10842926,0.177035466,14.3,35.07989210000001,2.6016613600000014
620.1,471.2892804,14.70843035,-0.009275523,520.4100651,12.1268126,0.190070487,14.3,34.820784700000004,2.5816177500000013
620.2,472.7597107,14.70823551,0.005378824,521.623382,12.14645582,0.202731567,14.3,34.56367129999997,2.56177969
620.3000000000001,474.2301947,14.70950611,0.020033172,522.8387263,12.16735892,0.215330324,14.3,34.30853159999994,2.5421471899999997
620.4000000000001,475.7008792,14.71224215,0.03468752,524.0562239,12.18952189,0.22792908,14.3,34.05534469999999,2.52272026
620.5,477.1719105,14.71644362,0.049341868,525.2760007,12.21294473,0.240527836,14.3,33.80409020000003,2.5034988899999995
620.6,478.6434352,14.72211052,0.063996215,526.4981829,12.23762745,0.253126593,14.3,33.554747699999965,2.4844830699999996
620.7,480.1155998,14.72924286,0.078650563,527.7228963,12.26357005,0.265725349,14.3,33.30729650000002,2.465672809999999
620.8000000000001,481.588551,14.73784063,0.093231467,528.950267,12.29077252,0.278324105,14.3,33.06171600000006,2.44706811
620.9000000000001,483.0624352,14.74790384,0.107371709,530.1804209,12.31923487,0.290865722,14.3,32.817985699999966,2.4286689699999986
621.0,484.5373991,14.75943248,0.120630626,531.413484,12.3489571,0.303064502,14.3,32.576084900000026,2.4104753799999994
621.1,486.013589,14.7723825,0.132567556,532.6495823,12.3799392,0.314577609,14.3,32.3359933,2.3924433
621.2,487.4911517,14.78653355,0.143071559,533.8888419,12.41214689,0.325062205,14.3,32.0976902,2.374386659999999
621.3000000000001,488.9702335,14.80162124,0.150712808,535.1313886,12.44540875,0.334239943,14.3,31.86115510000003,2.356212489999999
621.4000000000001,490.4509812,14.81738117,0.156113248,536.3773486,12.47951909,0.341662838,14.3,31.626367400000003,2.3378620800000007
621.5,491.9335058,14.83374678,0.158869715,537.6268477,12.5142722,0.346973705,14.3,31.393341900000006,2.3194745799999996
621.6,493.4177779,14.84986017,0.159055651,538.8799845,12.54950106,0.350315869,14.3,31.1622066,2.3003591099999987
621.7,494.9037322,14.86605045,0.157038277,540.1367479,12.5849369,0.351658153,14.3,30.933015700000066,2.281113549999999
621.8000000000001,496.391304,14.88185537,0.152928532,541.3970993,12.62033111,0.351286252,14.3,30.705795300000045,2.26152426
621.9000000000001,497.8804282,14.89705463,0.148156243,542.6610001,12.65559827,0.349478517,14.3,30.48057190000004,2.241456359999999
622.0,499.3710398,14.91160413,0.142172908,543.9284118,12.69051398,0.34668293,14.3,30.257372000000043,2.22109015
622.1,500.8630739,14.9255039,0.135748911,545.1992958,12.72504395,0.343313816,14.3,30.03622189999994,2.200459950000001
622.2,502.3564655,14.93875392,0.12925147,546.4736135,12.75918817,0.339513548,14.3,29.817148000000042,2.17956575
622.3000000000001,503.8511495,14.95135419,0.122754029,547.7513263,12.79294666,0.33565614,14.3,29.60017679999994,2.15840753
622.4000000000001,505.3470612,14.96330472,0.116256588,549.0323957,12.8263194,0.331798733,14.3,29.385334500000067,2.136985320000001
622.5,506.8441354,14.97460551,0.109759147,550.316783,12.8593064,0.327941326,14.3,29.17264759999996,2.1152991100000005
622.6,508.3423071,14.98525655,0.103261707,551.6044498,12.89190767,0.324083918,14.3,28.96214269999997,2.0933488800000006
622.7,509.8415115,14.99525785,0.096764266,552.8953574,12.92412319,0.320226511,14.3,28.75384589999994,2.0711346600000002
622.8000000000001,511.3416836,15.0046094,0.090188493,554.1894673,12.95595297,0.316369103,14.3,28.547783700000036,2.0486564299999994
622.9000000000001,512.8427583,15.01331121,0.083142731,555.4867409,12.98739701,0.312441995,14.3,28.343982599999958,2.025914199999999
623.0,514.3446707,15.02136328,0.075156991,556.7871396,13.01845531,0.308096677,14.3,28.142468899999994,2.002907969999999
623.1,515.8473558,15.0287186,0.065761282,558.0906248,13.04912787,0.302914943,14.3,27.943269000000054,1.97959073
623.2,517.3507487,15.03514219,0.054485615,559.397158,13.07937286,0.296478583,14.3,27.746409299999936,1.9557693300000007
623.3000000000001,518.8547843,15.04035204,0.040860002,560.7067006,13.10898119,0.288369388,14.3,27.55191629999997,1.9313708500000004
623.4000000000001,520.3593978,15.04406617,0.024492783,562.0192141,13.13770193,0.278169151,14.3,27.359816299999988,1.9063642400000003
623.5,521.8644864,15.04600258,0.005305628,563.3346597,13.16528416,0.265529364,14.3,27.17017329999994,1.8807184199999991
623.6,523.3697973,15.04587928,-0.016623132,564.6529656,13.19147694,0.250380325,14.3,26.983168300000056,1.85440234
623.7,524.8750399,15.04341427,-0.040901839,565.9739258,13.21602936,0.232791737,14.3,26.798885899999913,1.8273849099999993
623.8000000000001,526.3799236,15.03832557,-0.067060504,567.2973011,13.23869048,0.213112105,14.3,26.617377500000043,1.7996350899999989
623.9000000000001,527.8841579,15.03037816,-0.094629136,568.6228521,13.25920939,0.19175964,14.3,26.438694200000054,1.7711687699999992
624.0,529.3874521,15.01952507,-0.123137748,569.9503396,13.27737698,0.169152549,14.3,26.262887499999987,1.7421480900000006
624.1,530.8895157,15.00576628,-0.152116349,571.2795241,13.29315142,0.14570904,14.3,26.090008400000055,1.7126148600000004
624.2,532.3900582,14.9891018,-0.181173282,572.6101664,13.30653272,0.121847323,14.3,25.920108200000026,1.6825690800000004
624.3000000000001,533.8887889,14.96953162,-0.210230215,573.9420272,13.31752089,0.097915905,14.3,25.753238299999975,1.6520107299999989
624.4000000000001,535.3854174,14.94705576,-0.239287148,575.2748672,13.32611591,0.073984487,14.3,25.589449799999965,1.6209398499999992
624.5,536.8796529,14.9216742,-0.26834408,576.608447,13.33231778,0.050053069,14.3,25.42879409999996,1.5893564199999997
624.6,538.3712051,14.89338694,-0.297401013,577.9425273,13.33612652,0.02612165,14.3,25.271322200000053,1.5572604199999986
624.7,539.8597832,14.86219399,-0.326457946,579.2768689,13.33754211,0.002190232,14.3,25.117085699999915,1.5246518800000004
624.8000000000001,541.3450967,14.82809535,-0.355514879,580.6112323,13.33656457,-0.021741186,14.3,24.966135599999983,1.4915307799999997
624.9000000000001,542.8268551,14.79109102,-0.384444376,581.9453783,13.33319388,-0.045672605,14.3,24.818523200000026,1.45789714
625.0,544.3047678,14.75118099,-0.412609265,583.2790677,13.32743004,-0.06962196,14.3,24.674299900000005,1.4237509500000005
625.1,545.7785441,14.70836527,-0.439244934,584.6120609,13.31927307,-0.093678938,14.3,24.533516799999983,1.3890922000000003
625.2,547.2478937,14.66272031,-0.463586775,585.9441188,13.30872296,-0.11795116,14.3,24.39622509999999,1.3539973499999984
625.3000000000001,548.7125258,14.61462843,-0.484870177,587.2750021,13.29576894,-0.142546249,14.3,24.26247630000007,1.3188594899999995
625.4000000000001,550.1721499,14.56454839,-0.502967362,588.6044713,13.2803572,-0.167571827,14.3,24.132321399999977,1.2841911900000014
625.5,551.6264754,14.51293895,-0.515330665,589.9322873,13.26242318,-0.193135517,14.3,24.00581189999998,1.2505157699999998
625.6,553.075273,14.46025888,-0.52374314,591.2582107,13.24190229,-0.219327004,14.3,23.88293769999991,1.218356589999999
625.7,554.5185578,14.40658485,-0.527695394,592.5819935,13.21872997,-0.246164224,14.3,23.7634356999999,1.1878548799999997
625.8000000000001,555.9564065,14.35352192,-0.5278246,593.9033534,13.19284165,-0.273629241,14.3,23.646946900000057,1.1606802700000003
625.9000000000001,557.3888953,14.30038255,-0.524895367,595.2219995,13.16417273,-0.301632369,14.3,23.533104200000093,1.1362098199999995
626.0,558.8161008,14.24793115,-0.519035476,596.5376407,13.13265867,-0.330065987,14.3,23.421539900000038,1.1152724799999998
626.1,560.2380993,14.19624419,-0.512920027,597.8499861,13.09824564,-0.358822471,14.3,23.31188679999998,1.0979985499999998
626.2,561.6549674,14.14532166,-0.505403137,599.1587447,13.06092287,-0.3877942,14.3,23.203777300000024,1.0843987899999998
626.3000000000001,563.0667814,14.09516357,-0.497758813,600.4636255,13.02069038,-0.416873552,14.3,23.096844100000066,1.0744731900000009
626.4000000000001,564.4736179,14.0457699,-0.490114488,601.7643376,12.97754816,-0.44597084,14.3,22.990719699999953,1.0682217400000003
626.5,565.8755532,13.99714067,-0.482470164,603.06059,12.93149621,-0.475068129,14.3,22.885036800000034,1.0656444599999997
626.6,567.2726638,13.94927587,-0.47482584,604.3520917,12.88253454,-0.504165417,14.3,22.779427899999927,1.0667413299999993
626.7,568.6650262,13.9021755,-0.467181515,605.6385518,12.83066313,-0.533262706,14.3,22.673525599999902,1.0715123700000007
626.8000000000001,570.0527167,13.85583956,-0.459537191,606.9196792,12.775882,-0.562359994,14.3,22.5669625,1.0799575600000004
626.9000000000001,571.4358119,13.81026806,-0.452921751,608.195183,12.71819113,-0.591457282,14.3,22.459371100000066,1.092076930000001
627.0,572.8143881,13.76546099,-0.447083831,609.4647723,12.65759054,-0.620479984,14.3,22.350384200000075,1.10787045
627.1,574.1885218,13.72141835,-0.44253718,610.728156,12.59408022,-0.649055164,14.3,22.239634200000022,1.12733813
627.2,575.5582895,13.67752282,-0.443023212,611.9850432,12.52766017,-0.676735302,14.3,22.12675369999995,1.1498626499999993
627.3000000000001,576.9237676,13.6339252,-0.448782987,613.2351429,12.45837514,-0.703072876,14.3,22.011375300000008,1.1755500600000008
627.4000000000001,578.2850326,13.59031726,-0.461134943,614.4781641,12.3864489,-0.727620365,14.3,21.893131499999935,1.2038683600000013
627.5,579.6421608,13.54445413,-0.480368631,615.7138159,12.31214995,-0.749930248,14.3,21.77165509999993,1.2323041799999999
627.6,580.9951233,13.4961912,-0.508053851,616.9418073,12.23574681,-0.76962959,14.3,21.646684000000004,1.26044439
627.7,582.3434692,13.44473739,-0.544775552,618.1618831,12.157508,-0.786643805,14.3,21.518413899999995,1.2872293900000003
627.8000000000001,583.6866419,13.38930164,-0.587012058,619.3739314,12.07770202,-0.80104748,14.3,21.387289499999905,1.311599619999999
627.9000000000001,585.0240851,13.32909289,-0.634522309,620.577876,11.99659739,-0.813213548,14.3,21.253790899999967,1.3324955000000003
628.0,586.3552425,13.26345193,-0.685987868,621.7736407,11.91446261,-0.823589531,14.3,21.118398199999955,1.3489893200000012
628.1,587.6795576,13.1922469,-0.740090299,622.9611493,11.83152146,-0.83262295,14.3,20.981591700000035,1.3607254400000013
628.2,588.9964739,13.11547781,-0.795511167,624.1403258,11.74781869,-0.840761327,14.3,20.84385190000007,1.367659119999999
628.3000000000001,590.3054352,13.03314467,-0.851151773,625.3110939,11.66335428,-0.848452183,14.3,20.705658699999912,1.3697903900000004
628.4000000000001,591.6058849,12.94524746,-0.90679238,626.4733774,11.57812825,-0.856068452,14.3,20.567492500000025,1.3671192099999985
628.5,592.8972667,12.85178619,-0.962432986,627.6271003,11.49214059,-0.863684721,14.3,20.429833600000006,1.3596456000000003
628.6,594.1790241,12.75276086,-1.018073593,628.7721864,11.4053913,-0.871300989,14.3,20.293162300000017,1.3473695600000006
628.7,595.4506009,12.64817147,-1.073714199,629.9085594,11.31788039,-0.878917258,14.3,20.157958499999904,1.3302910800000003
628.8000000000001,596.7114405,12.53801802,-1.129354806,631.0361433,11.22960785,-0.886533527,14.3,20.024702800000068,1.3084101700000002
628.9000000000001,597.9609865,12.42230051,-1.184604057,632.1548618,11.14057369,-0.892686009,14.3,19.893875300000058,1.2817268199999994
629.0,599.1986826,12.30101894,-1.237505174,633.2646388,11.05077789,-0.899227308,14.3,19.76595619999996,1.2502410499999996
629.1,600.4239723,12.17417331,-1.285710023,634.3653982,10.96022047,-0.904990973,14.3,19.641425900000012,1.213952840000001
629.2,601.6362993,12.04199843,-1.32687047,635.4570637,10.8697797,-0.902219211,14.3,19.52076440000003,1.172218729999999
629.3000000000001,602.8351071,11.90566837,-1.358638381,636.5395593,10.77834401,-0.889582239,14.3,19.40445219999999,1.1273243600000011
629.4000000000001,604.0198393,11.76659201,-1.378665623,637.6128087,10.6866059,-0.86380803,14.3,19.292969400000015,1.07998611
629.5,605.1899395,11.62617823,-1.384995416,638.6767358,10.59924216,-0.823076062,14.3,19.186796299999923,1.0269360700000014
629.6,606.3450392,11.48583591,-1.377236406,639.7312644,10.51702855,-0.76224942,14.3,19.086225200000012,0.9688073600000013
629.7,607.4855212,11.34697393,-1.355779947,640.7765811,10.44193566,-0.679197967,14.3,18.99105990000005,0.9050382700000004
629.8000000000001,608.6119562,11.21100118,-1.322582819,641.8139235,10.37593406,-0.578979414,14.3,18.901967299999978,0.8350671199999997
629.9000000000001,609.7249149,11.07932652,-1.279993154,642.8447919,10.32099436,-0.462339315,14.3,18.819876999999973,0.7583321600000001
630.0,610.824968,10.95312404,-1.230359088,643.8706866,10.27908712,-0.332561978,14.3,18.745718599999986,0.6740369200000007
630.1,611.9126862,10.83262854,-1.176028754,644.8931078,10.25185451,-0.192931714,14.3,18.6804216,0.5807740300000006
630.2,612.9886402,10.71784002,-1.119350286,645.9135559,10.23962496,-0.046732832,14.3,18.62491570000004,0.47821506000000014
630.3000000000001,614.0534007,10.60875848,-1.062280462,646.9335313,10.24239847,0.10275036,14.3,18.58013060000003,0.36636001000000107
630.4000000000001,615.1075384,10.50538393,-1.005210638,647.9545341,10.26017503,0.252780937,14.3,18.546995700000092,0.2452089000000015
630.5,616.151624,10.40771635,-0.948140814,648.9780647,10.29295466,0.402811514,14.3,18.526440700000034,0.11476168999999992
630.6,617.1862282,10.31575576,-0.891070991,650.0056235,10.34073734,0.552842091,14.3,18.519395299999996,-0.024981580000000392
630.7,618.2119217,10.22950215,-0.834001167,651.0387107,10.40352307,0.702872668,14.3,18.526789000000075,-0.17402092000000025
630.8000000000001,619.2292752,10.14895553,-0.776931343,652.0788266,10.48131187,0.852903244,14.3,18.549551399999995,-0.33235634000000047
630.9000000000001,620.2388593,10.07411589,-0.719861519,653.1274715,10.57410372,1.002933821,14.3,18.58861220000001,-0.49998783000000024
631.0,621.2412448,10.00498322,-0.662880629,654.1861458,10.68189863,1.151659239,14.3,18.644900999999958,-0.6769154099999994
631.1,622.2370025,9.941557547,-0.606433337,655.2563497,10.8046966,1.292553702,14.3,18.71934719999997,-0.8631390529999994
631.2,623.2267029,9.883838851,-0.551053244,656.3395836,10.94249763,1.417786254,14.3,18.812880700000004,-1.058658779
631.3000000000001,624.2109167,9.831773777,-0.497273948,657.4373477,11.09451862,1.519525942,14.3,18.926431000000047,-1.2627448430000001
631.4000000000001,625.1902148,9.785095526,-0.445629047,658.5511424,11.25684409,1.58994181,14.3,19.060927599999967,-1.4717485640000003
631.5,626.1651677,9.743483939,-0.396652143,659.682468,11.42477548,1.621202903,14.3,19.217300299999987,-1.6812915409999984
631.6,627.1363462,9.706618856,-0.350787899,660.8328247,11.5936142,1.606783426,14.3,19.396478499999898,-1.886995343999999
631.7,628.1042783,9.674180118,-0.30812525,662.0030864,11.75866169,1.545378218,14.3,19.598808099999996,-2.0844815719999996
631.8000000000001,629.0693213,9.645847565,-0.268575262,663.1916211,11.91521937,1.43829244,14.3,19.822299800000064,-2.2693718050000005
631.9000000000001,630.0317896,9.621301038,-0.231693269,664.3961701,12.05858867,1.292051887,14.3,20.064380499999924,-2.4372876320000003
632.0,630.9919979,9.600220377,-0.196945672,665.6144749,12.18407102,1.114487514,14.3,20.322477000000003,-2.583850643
632.1,631.9502608,9.582338782,-0.163798873,666.8442771,12.28775094,0.913430277,14.3,20.594016299999975,-2.7054121579999997
632.2,632.9068929,9.567602895,-0.131719271,668.0833179,12.36884533,0.696711129,14.3,20.876424999999994,-2.801242434999999
632.3000000000001,633.8622086,9.556012715,-0.100173269,669.3293389,12.4273542,0.472161026,14.3,21.167130300000007,-2.8713414850000003
632.4000000000001,634.8165225,9.547568241,-0.0687162,670.5800815,12.46327754,0.246305764,14.3,21.463558999999986,-2.9157092989999995
632.5,635.7701494,9.542269475,-0.037259131,671.8332872,12.47661535,0.020450503,14.3,21.763137799999935,-2.934345875
632.6,636.7234036,9.540116415,-0.005802061,673.0866973,12.46736764,-0.205404759,14.3,22.063293699999985,-2.927251225000001
632.7,637.6765998,9.541109063,0.025655008,674.3380535,12.4355344,-0.431260021,14.3,22.361453700000038,-2.8944253369999995
632.8000000000001,638.6300525,9.545247417,0.057112077,675.585097,12.38111563,-0.657115283,14.3,22.655044499999985,-2.8358682129999995
632.9000000000001,639.5840764,9.552531478,0.088569146,676.8255693,12.30411134,-0.882970545,14.3,22.941492900000025,-2.751579862
633.0,640.538986,9.562961246,0.11979766,678.057212,12.20452152,-1.107408388,14.3,23.218226000000026,-2.6415602739999997
633.1,641.4950958,9.576536721,0.149654843,679.2777664,12.08234618,-1.323341718,14.3,23.482670600000073,-2.505809459
633.2,642.4527205,9.593257903,0.176769364,680.484974,11.93758531,-1.522266024,14.3,23.73225349999991,-2.3443274069999998
633.3000000000001,643.4121745,9.612987659,0.199769892,681.6765762,11.77108937,-1.695676791,14.3,23.964401700000007,-2.1581017110000005
633.4000000000001,644.3737726,9.635040323,0.217285096,682.8503145,11.5871106,-1.835069508,14.3,24.176541899999915,-1.9520702770000007
633.5,645.3378292,9.658593096,0.227943644,684.0039304,11.39075173,-1.931939662,14.3,24.366101199999957,-1.7321586339999993
633.6,646.3046589,9.682823181,0.230602762,685.1351652,11.18711545,-1.979200159,14.3,24.53050629999991,-1.5042922690000005
633.7,647.2744665,9.706907778,0.225033894,686.2424408,10.98130448,-1.97543358,14.3,24.667974300000036,-1.2743967020000007
633.8000000000001,648.2470182,9.730024089,0.211465594,687.3269005,10.77842151,-1.922057344,14.3,24.779882300000008,-1.0483974209999989
633.9000000000001,649.2219703,9.751349316,0.19104064,688.3903678,10.58356927,-1.826158546,14.3,24.868397500000082,-0.8322199539999993
634.0,650.198979,9.770060659,0.165130361,689.4346664,10.40185045,-1.696241697,14.3,24.93568739999996,-0.6317897909999992
634.1,651.1777008,9.785472453,0.13510609,690.4616198,10.23751732,-1.54081131,14.3,24.98391899999997,-0.4520448669999997
634.2,652.1577919,9.797447565,0.102339156,691.4730518,10.09142032,-1.368371898,14.3,25.0152599,-0.29397275499999864
634.3000000000001,653.1389086,9.805985995,0.068200891,692.4707858,9.963559458,-1.187427973,14.3,25.031877200000007,-0.1575734630000003
634.4000000000001,654.1207074,9.811087743,0.033834071,693.4566456,9.853934728,-1.005066629,14.3,25.035938199999986,-0.042846985000000615
634.5,655.1028445,9.812752809,-0.000532748,694.4324547,9.762546132,-0.822705286,14.3,25.029610200000047,0.05020667699999848
634.6,656.0849763,9.810981194,-0.034899568,695.4000367,9.68939367,-0.640343942,14.3,25.015060399999992,0.12158752400000061
634.7,657.0667591,9.805772896,-0.069266388,696.3612154,9.634477343,-0.457982598,14.3,24.994456299999978,0.1712955530000002
634.8000000000001,658.0478492,9.797127916,-0.103633208,697.3178141,9.597797151,-0.275621255,14.3,24.96996489999999,0.1993307650000009
634.9000000000001,659.027903,9.785046254,-0.138000028,698.2716567,9.579353092,-0.093259911,14.3,24.943753699999956,0.20569316199999932
635.0,660.0065768,9.76952791,-0.171977657,699.2245667,9.579145169,0.089101432,14.3,24.91798990000002,0.19038274100000052
635.1,660.9835269,9.750572885,-0.203620139,700.1783677,9.597173379,0.270830654,14.3,24.89484079999995,0.1533995060000013
635.2,661.9584097,9.728181177,-0.228866499,701.1348833,9.633437724,0.448767144,14.3,24.876473600000008,0.09474345299999953
635.3000000000001,662.9308815,9.702586302,-0.250559081,702.0959372,9.687938203,0.61911817,14.3,24.865055699999925,0.014648099000000414
635.4000000000001,663.9005986,9.674955832,-0.261185247,703.0633529,9.760295543,0.778091,14.3,24.862754300000073,-0.0853397109999996
635.5,664.8672174,9.647726355,-0.260135682,704.0389541,9.848613379,0.921892903,14.3,24.871736699999996,-0.20088702400000003
635.6,665.8303942,9.619192462,-0.245464431,705.0245643,9.95061607,1.046731147,14.3,24.89417009999995,-0.3314236079999997
635.7,666.7899721,9.593861736,-0.216782302,706.0220073,10.06402798,1.149445122,14.3,24.93203520000004,-0.4701662440000014
635.8000000000001,667.7465415,9.572099768,-0.176204318,707.0328031,10.18657347,1.229402705,14.3,24.986261599999988,-0.6144737020000015
635.9000000000001,668.7008796,9.555307643,-0.120498941,708.0572584,10.31597689,1.28723602,14.3,25.056378800000015,-0.7606692469999992
636.0,669.6537637,9.544886451,-0.05717881,709.0953762,10.44996262,1.326105675,14.3,25.14161250000002,-0.9050761690000009
636.1,670.6059709,9.542003764,0.01314676,710.1471595,10.586255,1.349804402,14.3,25.241188600000054,-1.0442512359999991
636.2,671.5582784,9.546893098,0.088142623,711.2126117,10.72295768,1.362124935,14.3,25.354333300000075,-1.1760645820000004
636.3000000000001,672.5114635,9.559554451,0.165473632,712.2917356,10.85969138,1.366860003,14.3,25.480272100000047,-1.3001369289999989
636.4000000000001,673.4663033,9.579987824,0.243193831,713.3845344,10.99645611,1.36780234,14.3,25.618231099999957,-1.4164682860000006
636.5,674.4235751,9.608193217,0.320914031,714.4910113,11.13325185,1.368112554,14.3,25.767436199999974,-1.5250586330000004
636.6,675.384056,9.64417063,0.398634231,715.6111693,11.27007862,1.368422769,14.3,25.92711330000004,-1.62590799
636.7,676.3485232,9.687920063,0.47635443,716.7450115,11.40693641,1.368732984,14.3,26.096488299999987,-1.7190163470000002
636.8000000000001,677.317754,9.739441516,0.55407463,717.892541,11.54382521,1.369043198,14.3,26.274787000000014,-1.8043836940000002
636.9000000000001,678.2925255,9.798734989,0.63179483,719.053761,11.68074505,1.369353413,14.3,26.461235499999997,-1.8820100610000008
637.0,679.2736149,9.865800482,0.70951503,720.2286745,11.8176959,1.369663627,14.3,26.655059600000026,-1.9518954180000012
637.1,680.2617996,9.940637995,0.787062341,721.4172847,11.95467777,1.369982528,14.3,26.855485099999964,-2.0140397750000005
637.2,681.2578565,10.02324753,0.863572324,722.6195946,12.09169067,1.370353548,14.3,27.061738100000024,-2.0684431399999994
637.3000000000001,682.2625631,10.11362908,0.938007651,723.8356073,12.22873458,1.370828804,14.3,27.273044200000026,-2.1151054999999985
637.4000000000001,683.2766963,10.21167892,1.009330991,725.065326,12.36581473,1.371460415,14.3,27.4886297,-2.1541358099999997
637.5,684.3010336,10.31687838,1.076505018,726.3087537,12.50295717,1.3723005,14.3,27.707720100000028,-2.18607879
637.6,685.336352,10.42860507,1.138492402,727.5658936,12.64019318,1.373401176,14.3,27.929541599999947,-2.211588110000001
637.7,686.3834287,10.54623659,1.194428704,728.8367487,12.77755402,1.374805877,14.3,28.153320000000075,-2.2313174300000007
637.8000000000001,687.4429581,10.66915054,1.244141034,730.1213263,12.91507097,1.376523287,14.3,28.37836819999991,-2.24592043
637.9000000000001,688.5153023,10.79672452,1.287802281,731.4196504,13.05277529,1.378544721,14.3,28.604348099999992,-2.25605077
638.0,689.6007406,10.92833614,1.326276886,732.7317491,13.19069826,1.380826747,14.3,28.831008500000006,-2.262362119999999
638.1,690.6995523,11.063363,1.360602178,734.0576505,13.32887115,1.383317247,14.3,29.05809819999997,-2.2655081499999987
638.2,691.8120168,11.20128644,1.391815483,735.3973828,13.46732001,1.385964101,14.3,29.285365999999907,-2.2660335699999994
638.3000000000001,692.9384132,11.34200272,1.420954132,736.7509739,13.60605007,1.388715192,14.3,29.51256069999995,-2.2640473500000002
638.4000000000001,694.0790209,11.48551185,1.449055452,738.1184522,13.74506131,1.391518402,14.3,29.739431299999932,-2.2595494600000006
638.5,695.2341191,11.63181381,1.476983884,739.4998456,13.88435375,1.394330298,14.3,29.965726499999914,-2.25253994
638.6,696.4039872,11.78090862,1.504912316,740.8951823,14.02392737,1.397142194,14.3,30.191195100000026,-2.243018749999999
638.7,697.5889044,11.93279628,1.532840748,742.3044905,14.16378219,1.39995409,14.3,30.415586099999995,-2.2309859099999994
638.8000000000001,698.7891501,12.08747677,1.56076918,743.7277982,14.30391819,1.402765986,14.3,30.638648100000022,-2.216441419999999
638.9000000000001,700.0050034,12.24495011,1.588697612,745.1651335,14.44433538,1.405577882,14.3,30.86013010000006,-2.1993852700000005
639.0,701.2367437,12.40521629,1.616626044,746.6165247,14.58503377,1.40784302,14.3,31.07978099999998,-2.1798174800000005
639.1,702.4846502,12.56827532,1.644368695,748.0819997,14.72601334,1.410149643,14.3,31.29734949999995,-2.15773802
639.2,703.7490023,12.73412719,1.670996661,749.5615867,14.8672741,1.411819813,14.3,31.51258439999999,-2.133146909999999
639.3000000000001,705.0300792,12.9027719,1.695395257,751.0553139,15.008488,1.409421537,14.3,31.72523469999994,-2.1057161000000004
639.4000000000001,706.3281603,13.07409799,1.716449799,752.5632094,15.15000798,1.402087308,14.3,31.93504909999997,-2.0759099899999995
639.5,707.6435247,13.24754811,1.7330456,754.0853012,15.29142727,1.388171809,14.3,32.14177650000006,-2.0438791599999995
639.6,708.9764518,13.42245345,1.744067976,755.6216175,15.43068669,1.366576479,14.3,32.34516570000001,-2.008233239999999
639.7,710.3272209,13.5981452,1.748588022,757.1721864,15.56726572,1.33506776,14.3,32.54496549999995,-1.9691205200000006
639.8000000000001,711.6960221,13.77395455,1.746419959,758.7369044,15.70017719,1.29267827,14.3,32.74088229999991,-1.9262226400000007
639.9000000000001,713.0826887,13.94921269,1.737749567,760.3151415,15.82843389,1.241468906,14.3,32.932452800000036,-1.8792212
640.0,714.4869651,14.1232508,1.723505749,761.9061361,15.95104863,1.182032954,14.3,33.11917100000001,-1.8277978300000015
640.1,715.9085954,14.29540008,1.704803191,763.5091265,16.06703423,1.116015731,14.3,33.300531100000015,-1.7716341500000006
640.2,717.3473239,14.46510319,1.682756579,765.1233511,16.17556803,1.045062556,14.3,33.47602720000005,-1.7104648400000002
640.3000000000001,718.8028948,14.63224865,1.658480596,766.7480483,16.2764855,0.970818746,14.3,33.64515350000006,-1.6442368500000004
640.4000000000001,720.2750525,14.79683646,1.633089928,768.3824564,16.36978663,0.894929618,14.3,33.80740390000001,-1.5729501700000004
640.5,721.763541,14.95886663,1.60751348,770.0258138,16.45547142,0.818766271,14.3,33.96227280000001,-1.4966047899999992
640.6,723.2681046,15.11833916,1.581937031,771.6773588,16.53353988,0.742602923,14.3,34.10925419999997,-1.4152007199999996
640.7,724.7884876,15.27525404,1.556360583,773.3363299,16.60399201,0.666439576,14.3,34.24784229999996,-1.3287379699999988
640.8000000000001,726.3244342,15.42961128,1.530784134,775.0019654,16.6668278,0.590276228,14.3,34.37753119999998,-1.2372165200000005
640.9000000000001,727.8756887,15.58141087,1.505207686,776.6735036,16.72204725,0.514112881,14.3,34.49781490000005,-1.1406363800000001
641.0,729.4419952,15.73065281,1.479631237,778.350183,16.76965037,0.437949534,14.3,34.60818780000007,-1.0389975600000003
641.1,731.0230981,15.87733711,1.454054789,780.0312419,16.80963716,0.361761391,14.3,34.70814380000009,-0.932300050000002
641.2,732.6187415,16.02146377,1.428121791,781.7159186,16.84200761,0.285424476,14.3,34.797177099999956,-0.8205438399999991
641.3000000000001,734.2286697,16.16303278,1.4000495,783.4034516,16.86676173,0.208790018,14.3,34.87478190000009,-0.7037289499999986
641.4000000000001,735.8526269,16.30204415,1.367698621,785.0930791,16.88388463,0.131709244,14.3,34.94045219999994,-0.5818404800000003
641.5,737.4903573,16.43828394,1.32892986,786.7840396,16.89330194,0.054033383,14.3,34.9936823,-0.45501799999999903
641.6,739.1416053,16.57068251,1.281603923,788.4755715,16.89492438,-0.024386337,14.3,35.033966199999966,-0.32424186999999804
641.7,740.8061149,16.69795629,1.223581517,790.166913,16.8886627,-0.103673893,14.3,35.060798100000014,-0.19070641000000066
641.8000000000001,742.4836306,16.81882169,1.153079897,791.8572907,16.87442764,-0.18385408,14.3,35.073660100000055,-0.05560595000000035
641.9000000000001,744.1737252,16.93199514,1.069742513,793.5458834,16.85212992,-0.264902103,14.3,35.07215819999995,0.07986522000000207
642.0,745.8752875,17.03619306,0.973925915,795.2318581,16.82168029,-0.346693985,14.3,35.056570599999944,0.2145127699999989
642.1,747.5870347,17.13013188,0.867412847,796.9143817,16.78298949,-0.429080954,14.3,35.027347000000034,0.3471423900000019
642.2,749.3076842,17.21252802,0.752342604,798.5926212,16.73598312,-0.511914238,14.3,34.984937000000016,0.4765449000000004
642.3000000000001,751.0359534,17.28231184,0.630854479,800.2657436,16.68064631,-0.595045067,14.3,34.929790199999914,0.6016655299999982
642.4000000000001,752.7705597,17.3392694,0.505087766,801.9329157,16.61697907,-0.678324667,14.3,34.862355999999934,0.7222903299999999
642.5,754.5102204,17.3834007,0.37718176,803.5933046,16.54498138,-0.761629063,14.3,34.78308420000003,0.8384193199999999
642.6,756.253653,17.41470575,0.248919204,805.2460772,16.46465325,-0.844933458,14.3,34.69242419999996,0.9500524999999982
642.7,757.9995747,17.43318454,0.120656649,806.8904005,16.37599469,-0.928237854,14.3,34.59082580000002,1.0571898500000003
642.8000000000001,759.746703,17.43883708,-0.007605907,808.5254414,16.27900568,-1.011542249,14.3,34.478738399999955,1.159831399999998
642.9000000000001,761.4937552,17.43166336,-0.135868463,810.1503668,16.17368624,-1.094846645,14.3,34.35661160000002,1.2579771200000032
643.0,763.2394488,17.41166338,-0.264131018,811.7643438,16.06003635,-1.17815104,14.3,34.22489500000002,1.3516270299999995
643.1,764.9825011,17.37883715,-0.392393574,813.3665393,15.93805603,-1.261291789,14.3,34.084038199999966,1.4407811199999987
643.2,766.7216294,17.33318467,-0.520286687,814.9561203,15.80774527,-1.343450653,14.3,33.93449089999997,1.5254394000000016
643.3000000000001,768.4555511,17.27470593,-0.645963144,816.5322536,15.66910406,-1.423645751,14.3,33.77670250000001,1.6056018699999992
643.4000000000001,770.1829837,17.20340093,-0.76720629,818.0941063,15.52223061,-1.500895198,14.3,33.6111226,1.6811703200000014
643.5,771.9026444,17.11949135,-0.881799469,819.6408453,15.36761585,-1.574217111,14.3,33.43820090000004,1.7518755000000006
643.6,773.6132507,17.0240855,-0.987526026,821.1716376,15.2058489,-1.642629606,14.3,33.258386900000076,1.8182366000000023
643.7,775.31352,16.91851338,-1.082169304,822.6856501,15.03751891,-1.705314447,14.3,33.07213009999994,1.880994470000001
643.8000000000001,777.0021696,16.80410499,-1.163882091,824.1821283,14.863215,-1.762107987,14.3,32.879958700000046,1.9408899899999987
643.9000000000001,778.6780941,16.68219031,-1.232294944,825.660632,14.6835263,-1.813173873,14.3,32.682537900000014,1.9986640099999988
644.0,780.3408978,16.55409935,-1.287777306,827.1207994,14.49904194,-1.859330341,14.3,32.47990160000002,2.0550574100000016
644.1,781.9903618,16.42116209,-1.33217639,828.5622687,14.31035105,-1.901559276,14.3,32.27190690000005,2.1108110399999997
644.2,783.6262677,16.28470853,-1.367708851,829.9846783,14.11794458,-1.940842559,14.3,32.05841060000007,2.16676395
644.3000000000001,785.2483967,16.145847,-1.396591345,831.3876663,13.92192071,-1.978162075,14.3,31.839269600000033,2.2239262899999996
644.4000000000001,786.8565302,16.00479915,-1.421040527,832.7708711,13.72227944,-2.014499708,14.3,31.61434090000007,2.2825197100000008
644.5,788.4504497,15.861565,-1.443273054,834.1339309,13.51902077,-2.050673694,14.3,31.38348119999996,2.3425442300000014
644.6,790.0299364,15.71614454,-1.465136139,835.476484,13.3121447,-2.08684768,14.3,31.14654760000003,2.403999840000001
644.7,791.5947717,15.56853778,-1.486999223,836.7981686,13.10165123,-2.123021665,14.3,30.90339690000003,2.46688655
644.8000000000001,793.1447371,15.4187447,-1.508862308,838.0986229,12.88754036,-2.159195651,14.3,30.653885799999966,2.5312043400000004
644.9000000000001,794.6796138,15.26676531,-1.530725392,839.3774853,12.6698121,-2.195369636,14.3,30.39787150000002,2.5969532100000006
645.0,796.1991833,15.11259962,-1.552588477,840.6343941,12.44846644,-2.231543622,14.3,30.13521080000005,2.6641331799999985
645.1,797.7032269,14.95624762,-1.574451562,841.8689873,12.22350337,-2.267277822,14.3,29.865760399999953,2.7327442499999997
645.2,799.191526,14.79770931,-1.596251852,843.0809034,11.99492291,-2.300373308,14.3,29.589377400000057,2.8027864000000005
645.3000000000001,800.6638619,14.63698469,-1.617675382,844.2697806,11.76272506,-2.326592052,14.3,29.30591869999996,2.874259630000001
645.4000000000001,802.1200161,14.47407376,-1.638345388,845.4352571,11.52717367,-2.348093286,14.3,29.0152409999999,2.9469000899999998
645.5,803.5597698,14.3090142,-1.65788511,846.5769713,11.28958811,-2.357440349,14.3,28.71720149999994,3.0194260899999996
645.6,804.9829045,14.14199439,-1.675917786,847.6945613,11.0525112,-2.353593845,14.3,28.411656800000014,3.089483190000001
645.7,806.3892016,13.97324039,-1.692066654,848.7876654,10.8146474,-2.334354844,14.3,28.098463800000058,3.1585929900000007
645.8000000000001,807.7784423,13.80297824,-1.706017747,849.856133,10.58045871,-2.299283561,14.3,27.777690699999948,3.2225195299999996
645.9000000000001,809.1504383,13.63143402,-1.717708271,850.9006578,10.35056875,-2.250419098,14.3,27.450219499999957,3.2808652699999996
646.0,810.5051215,13.45883377,-1.72720102,851.9221447,10.12656076,-2.185162435,14.3,27.117023200000016,3.3322730099999998
646.1,811.8424542,13.28540355,-1.73480996,852.9214985,9.910017977,-2.110950234,14.3,26.779044299999963,3.375385572999999
646.2,813.1623987,13.11136943,-1.740911855,853.8996241,9.702259746,-2.028821891,14.3,26.437225399999942,3.4091096840000006
646.3000000000001,814.464917,12.93691977,-1.745883466,854.8574263,9.503549942,-1.941416121,14.3,26.092509300000028,3.433369828
646.4000000000001,815.7499715,12.76209227,-1.750101553,855.7958099,9.313888565,-1.851371638,14.3,25.74583839999998,3.448203705000001
646.5,817.0175244,12.5868869,-1.753942879,856.7156798,9.133275614,-1.760887369,14.3,25.398155400000018,3.4536112859999992
646.6,818.2675379,12.41130369,-1.757721411,857.6179408,8.961711091,-1.6704031,14.3,25.050402900000062,3.4495925990000007
646.7,819.4999741,12.23534262,-1.761499944,858.5034978,8.799194995,-1.579918831,14.3,24.70352369999996,3.4361476250000003
646.8000000000001,820.7147953,12.0590037,-1.765278476,859.3732556,8.645727325,-1.489434562,14.3,24.3584603,3.4132763750000006
646.9000000000001,821.9119637,11.88228693,-1.769057008,860.228119,8.501308082,-1.398950293,14.3,24.01615529999999,3.380978848
647.0,823.0914416,11.7051923,-1.77283554,861.068993,8.365937266,-1.308466024,14.3,23.677551399999924,3.3392550340000007
647.1,824.2531911,11.52771982,-1.776614073,861.8967823,8.239614877,-1.217981755,14.3,23.34359120000006,3.2881049430000004
647.2,825.3971745,11.34986948,-1.780392605,862.7123917,8.122340915,-1.127825447,14.3,23.015217200000006,3.227528565
647.3000000000001,826.523354,11.1716413,-1.784105122,863.5167262,8.01411538,-1.039636904,14.3,22.693372199999953,3.1575259199999994
647.4000000000001,827.6316917,10.99303526,-1.787126935,864.3106906,7.914938272,-0.955383893,14.3,22.37899890000001,3.0780969879999995
647.5,828.7221499,10.81405136,-1.78994579,865.0951897,7.824612814,-0.87703418,14.3,22.073039800000014,2.9894385460000006
647.6,829.7946909,10.63472923,-1.791281758,865.8711283,7.742155124,-0.806555529,14.3,21.77643740000003,2.8925741059999996
647.7,830.8492768,10.45544366,-1.791033359,866.6394113,7.666384541,-0.745915707,14.3,21.49013450000002,2.789059119
647.8000000000001,831.8858698,10.27590201,-1.788804504,867.4009436,7.596120408,-0.695759651,14.3,21.21507379999998,2.6797816019999994
647.9000000000001,832.9044322,10.09687224,-1.784265114,868.1564725,7.530182063,-0.658628274,14.3,20.952040299999975,2.566690177
648.0,833.9049579,9.918415242,-1.777643788,868.9061158,7.467388848,-0.633523963,14.3,20.701157899999952,2.4510263940000003
648.1,834.8875675,9.740768662,-1.768122702,869.6498339,7.407157024,-0.617486831,14.3,20.46226639999993,2.3336116380000007
648.2,835.8524133,9.564170158,-1.756915771,870.3875869,7.346978159,-0.609320762,14.3,20.235173600000007,2.2171919989999997
648.3000000000001,836.7996477,9.388857385,-1.744124475,871.1193353,7.286270163,-0.60705799,14.3,20.01968759999995,2.1025872219999995
648.4000000000001,837.7294231,9.21502839,-1.730144904,871.8450394,7.225628309,-0.609725618,14.3,19.815616300000055,1.9894000810000003
648.5,838.6418917,9.04272278,-1.715373149,872.5646594,7.164589606,-0.613142925,14.3,19.622767700000008,1.8781331740000002
648.6,839.5372059,8.871940557,-1.700205304,873.2781557,7.103154054,-0.616339761,14.3,19.440949799999952,1.7687865030000003
648.7,840.4155181,8.70268172,-1.684971442,873.9854886,7.041321653,-0.620308248,14.3,19.269970500000067,1.6613600669999995
648.8000000000001,841.2769806,8.534946268,-1.669737581,874.6866185,6.979092404,-0.624276734,14.3,19.109637900000006,1.5558538640000004
648.9000000000001,842.1217457,8.368734203,-1.65450372,875.3815055,6.916466306,-0.62824522,14.3,18.959759799999983,1.4522678970000005
649.0,842.9499657,8.204045524,-1.639269859,876.0701102,6.85344336,-0.632213707,14.3,18.820144500000037,1.3506021639999997
649.1,843.7617931,8.040880232,-1.624035998,876.7523926,6.790023565,-0.636182193,14.3,18.69059950000003,1.250856666999999
649.2,844.5573801,7.879238325,-1.608802137,877.4283133,6.726206922,-0.640064244,14.3,18.570933199999967,1.153031403
649.3000000000001,845.3368791,7.719119804,-1.593492564,878.0978325,6.661993429,-0.642796337,14.3,18.460953399999948,1.0571263750000002
649.4000000000001,846.1004424,7.56052467,-1.577728714,878.7609104,6.597383088,-0.64575391,14.3,18.360467999999923,0.9631415820000004
649.5,846.8482223,7.403452921,-1.561056314,879.4175075,6.53242776,-0.646524305,14.3,18.26928520000008,0.8710251610000004
649.6,847.5803713,7.247949986,-1.543021087,880.067584,6.467765558,-0.645220263,14.3,18.187212699999986,0.7801844280000001
649.7,848.2970415,7.094243003,-1.523168759,880.7111003,6.402571219,-0.641323175,14.3,18.11405880000002,0.6916717839999995
649.8000000000001,848.9983855,6.942604536,-1.501045052,881.3480166,6.338292338,-0.634400865,14.3,18.04963110000001,0.6043121980000006
649.9000000000001,849.6845554,6.793307152,-1.476271405,881.9783349,6.274861271,-0.62499825,14.3,17.993779500000027,0.5184458809999999
650.0,850.3557401,6.646623414,-1.448772105,882.6022227,6.212589184,-0.611307714,14.3,17.94648259999992,0.43403422999999997
650.1,851.0122735,6.50282589,-1.418622865,883.2198894,6.151787241,-0.595655481,14.3,17.907615900000064,0.35103864900000037
650.2,851.654526,6.362187143,-1.386202247,883.8315443,6.092766608,-0.577928811,14.3,17.877018299999985,0.26942053500000007
650.3000000000001,852.282868,6.22497974,-1.351964527,884.4373965,6.035786591,-0.558646312,14.3,17.85452849999997,0.18919314900000028
650.4000000000001,852.89767,6.091430817,-1.31636398,885.0376554,5.98089905,-0.538326596,14.3,17.8399854,0.11053176700000034
650.5,853.4993022,5.961585804,-1.279854882,885.6325301,5.928103985,-0.51748827,14.3,17.833227900000065,0.03348181900000036
650.6,854.0881352,5.835444698,-1.242891509,886.2222299,5.877401396,-0.496563509,14.3,17.83409469999999,-0.0419566979999999
650.7,854.6645392,5.713007502,-1.205852423,886.8069641,5.828791283,-0.475638748,14.3,17.842424899999923,-0.1157837810000002
650.8000000000001,855.2288847,5.594274214,-1.168813337,887.3869419,5.782273646,-0.454713987,14.3,17.85805720000003,-0.1879994319999998
650.9000000000001,855.7815421,5.479244834,-1.131774251,887.9623726,5.737848486,-0.433789226,14.3,17.880830499999956,-0.2586036519999997
651.0,856.3228818,5.367919363,-1.094735166,888.5334654,5.695515801,-0.412864465,14.3,17.91058359999995,-0.3275964379999996
651.1,856.853274,5.260297801,-1.05769608,889.1004295,5.655275593,-0.391939704,14.3,17.947155499999962,-0.3949777919999997
651.2,857.3730894,5.156380147,-1.020656994,889.6634743,5.617127861,-0.37136444,14.3,17.990384899999935,-0.46074771400000003
651.3000000000001,857.8826981,5.056166402,-0.983617908,890.2228089,5.581072604,-0.354624882,14.3,18.040110800000047,-0.5249062020000004
651.4000000000001,858.3824707,4.959656566,-0.946698816,890.7786426,5.547109824,-0.338601857,14.3,18.096171900000012,-0.587453258
651.5,858.8727775,4.866850638,-0.910499686,891.3311846,5.515029822,-0.330608508,14.3,18.158407100000044,-0.648179184
651.6,859.3539889,4.777748619,-0.875740481,891.8806442,5.482740872,-0.331003103,14.3,18.226655300000015,-0.7049922530000003
651.7,859.8264752,4.692278512,-0.843141162,892.4272307,5.452114479,-0.341882627,14.3,18.30075549999999,-0.7598359669999999
651.8000000000001,860.290607,4.610080336,-0.813421693,892.9711533,5.418762756,-0.364994568,14.3,18.380546299999946,-0.8086824199999993
651.9000000000001,860.7467546,4.530722114,-0.787302035,893.5124534,5.382470743,-0.398949704,14.3,18.465698799999995,-0.8517486290000003
652.0,861.1952883,4.453771868,-0.765382157,894.0505016,5.341980248,-0.448614696,14.3,18.555213299999945,-0.88820838
652.1,861.6365209,4.378797622,-0.747782053,894.5845005,5.296033081,-0.507025898,14.3,18.64797959999994,-0.9172354590000005
652.2,862.070535,4.305367398,-0.734381728,895.1136528,5.24337105,-0.573825044,14.3,18.743117800000004,-0.9380036520000008
652.3000000000001,862.4973552,4.233049217,-0.724581215,895.6371612,5.182945661,-0.646915146,14.3,18.83980600000002,-0.9498964440000002
652.4000000000001,862.9170064,4.161411104,-0.717660552,896.1542284,5.114547217,-0.724199221,14.3,18.937221999999974,-0.9531361130000002
652.5,863.3295133,4.090093077,-0.712899775,896.6640572,5.038175717,-0.803580281,14.3,19.03454389999997,-0.94808264
652.6,863.7349009,4.019023139,-0.709578922,897.1658501,4.953831161,-0.883310839,14.3,19.130949199999986,-0.9348080220000003
652.7,864.1331939,3.948201291,-0.706978032,897.6588099,4.861513549,-0.963041396,14.3,19.225616000000013,-0.9133122579999995
652.8000000000001,864.5244171,3.877627533,-0.704497136,898.1421393,4.761222881,-1.042771954,14.3,19.317722200000002,-0.8835953480000001
652.9000000000001,864.9085954,3.807301864,-0.702016239,898.615041,4.652959158,-1.122502512,14.3,19.40644560000005,-0.845657294
653.0,865.2857535,3.737224285,-0.699535343,899.0767177,4.536722379,-1.20223307,14.3,19.49096419999996,-0.7994980940000005
653.1,865.6559162,3.667394796,-0.697054446,899.526372,4.412512544,-1.281963627,14.3,19.570455800000058,-0.7451177480000002
653.2,866.0191084,3.597813396,-0.69457355,899.9632067,4.280329653,-1.361085393,14.3,19.64409829999995,-0.6825162570000001
653.3000000000001,866.3753548,3.528480086,-0.692092653,900.3864245,4.140173707,-1.436554407,14.3,19.711069700000007,-0.6116936209999997
653.4000000000001,866.7246804,3.459394865,-0.68958403,900.795228,3.992044705,-1.504717918,14.3,19.77054759999994,-0.5326498399999999
653.5,867.0671098,3.390557734,-0.686909048,901.18882,3.836307922,-1.561923174,14.3,19.821710199999938,-0.4457501879999999
653.6,867.4026679,3.321968693,-0.683901349,901.5664031,3.674789734,-1.604517424,14.3,19.86373520000002,-0.3528210409999999
653.7,867.7313795,3.253644377,-0.680394572,901.92718,3.509681793,-1.628847915,14.3,19.895800500000018,-0.25603741599999985
653.8000000000001,868.0532694,3.185667967,-0.676222359,902.2703535,3.343175749,-1.631870689,14.3,19.91708410000008,-0.1575077819999997
653.9000000000001,868.3683624,3.118139277,-0.671218352,902.5954184,3.177463253,-1.612976952,14.3,19.927055999999947,-0.059323975999999945
654.0,868.6766833,3.051158122,-0.665243917,902.9030385,3.014735956,-1.572775498,14.3,19.926355199999943,0.03642216599999992
654.1,868.9782703,2.984824319,-0.658271328,903.1941699,2.857185509,-1.514310286,14.3,19.915899600000056,0.1276388100000001
654.2,869.2732147,2.919237682,-0.650328312,903.4697686,2.707003563,-1.441234067,14.3,19.896553899999912,0.2122341190000001
654.3000000000001,869.5616212,2.854498027,-0.641553501,903.7307906,2.566016494,-1.357199593,14.3,19.869169399999986,0.2884815330000001
654.4000000000001,869.8435944,2.79070517,-0.632113254,903.9781918,2.434589577,-1.265859616,14.3,19.83459739999996,0.35611559299999973
654.5,870.1192389,2.727942289,-0.622173931,904.2129284,2.312722813,-1.170866887,14.3,19.79368949999998,0.41521947599999987
654.6,870.3886595,2.666226021,-0.611901889,904.4359563,2.2004162,-1.075265367,14.3,19.747296800000026,0.4658098210000001
654.7,870.6519608,2.605556366,-0.601463488,904.6482316,2.097669739,-0.979663846,14.3,19.696270800000047,0.507886627
654.8000000000001,870.9092475,2.545933324,-0.590997361,904.8507102,2.004483431,-0.884062325,14.3,19.641462699999988,0.5414498929999998
654.9000000000001,871.1606242,2.487356894,-0.580531234,905.0443482,1.920857274,-0.788460805,14.3,19.583723999999915,0.5664996199999999
655.0,871.4061955,2.429827077,-0.570065107,905.2301016,1.84679127,-0.692859284,14.3,19.523906100000044,0.5830358070000001
655.1,871.6460663,2.373343873,-0.55959898,905.4089264,1.782285417,-0.597257763,14.3,19.46286010000001,0.5910584560000001
655.2,871.880341,2.317907281,-0.549132853,905.5817786,1.727339717,-0.501953866,14.3,19.401437599999962,0.5905675640000001
655.3000000000001,872.1091244,2.263517302,-0.538666725,905.7496142,1.681954169,-0.408435707,14.3,19.340489799999954,0.581563133
655.4000000000001,872.3325212,2.210173936,-0.528188944,905.9133893,1.646128773,-0.318489027,14.3,19.280868099999974,0.5640451629999998
655.5,872.5506359,2.157877183,-0.517641234,906.0740599,1.619684955,-0.233899563,14.3,19.223423999999977,0.538192228
655.6,872.7635733,2.106627042,-0.506953668,906.232582,1.601729845,-0.156453054,14.3,19.169008700000017,0.504897197
655.7,872.971438,2.056430507,-0.496056318,906.3899115,1.591192001,-0.08793524,14.3,19.118473500000004,0.46523850599999994
655.8000000000001,873.1743347,2.007322541,-0.484879257,906.5470046,1.58699998,-0.029834237,14.3,19.072669900000005,0.4203225610000001
655.9000000000001,873.372368,1.959345101,-0.473352555,906.7046743,1.588082336,0.017552333,14.3,19.032306299999913,0.371262765
656.0,873.5656426,1.912540145,-0.461417941,906.8631624,1.593367628,0.054522093,14.3,18.997519799999917,0.31917251699999993
656.1,873.7542688,1.866949628,-0.449063758,907.0225678,1.601784413,0.082563158,14.3,18.96829900000007,0.2651652149999999
656.2,873.9383792,1.822615509,-0.436301662,907.1829893,1.612261245,0.103461268,14.3,18.944610100000045,0.210354264
656.3000000000001,874.118112,1.779579742,-0.423189927,907.3445258,1.623905257,0.119002161,14.3,18.926413800000045,0.1556744849999998
656.4000000000001,874.2936054,1.737884286,-0.409798479,907.5072761,1.636537875,0.130971576,14.3,18.913670699999965,0.10134641099999997
656.5,874.4649977,1.697564104,-0.396197247,907.671339,1.650159097,0.141155252,14.3,18.906341299999962,0.047405007000000055
656.6,874.6324271,1.658626189,-0.38245616,907.8368136,1.664768925,0.151041305,14.3,18.904386500000054,-0.0061427359999999265
656.7,874.7960318,1.621070541,-0.368645144,908.0037985,1.680367358,0.160927358,14.3,18.90776669999998,-0.05929681700000011
656.8000000000001,874.9559501,1.58489716,-0.354822474,908.1723927,1.696954397,0.170813411,14.3,18.91644260000005,-0.11205723700000014
656.9000000000001,875.1123201,1.550106046,-0.340999804,908.3426951,1.71453004,0.180699464,14.3,18.93037499999998,-0.16442399400000007
657.0,875.2652802,1.516697199,-0.327177134,908.5148045,1.73309429,0.190585517,14.3,18.94952429999996,-0.21639709099999993
657.1,875.4149684,1.484670619,-0.313354464,908.6888197,1.752647144,0.20047157,14.3,18.973851299999932,-0.2679765249999999
657.2,875.5615231,1.454026306,-0.299531794,908.8648396,1.773188604,0.210357623,14.3,19.003316499999936,-0.31916229799999996
657.3000000000001,875.7050825,1.424764261,-0.285709123,909.0429631,1.794718669,0.220278549,14.3,19.037880599999948,-0.3699544080000001
657.4000000000001,875.8457849,1.396884482,-0.271886453,909.223289,1.817237339,0.230408707,14.3,19.07750410000001,-0.42035285700000014
657.5,875.9837683,1.37038697,-0.257888094,909.4059162,1.840744614,0.240957332,14.3,19.122147900000027,-0.4703576439999999
657.6,876.1191711,1.345271725,-0.242835597,909.5909436,1.865261419,0.252133656,14.3,19.17177249999993,-0.5199896940000002
657.7,876.2521315,1.321538747,-0.225674825,909.77847,1.890892368,0.264146912,14.3,19.22633849999995,-0.5693536210000001
657.8000000000001,876.3827877,1.29929345,-0.205351643,909.9685943,1.917763003,0.277206335,14.3,19.285806599999955,-0.618469553
657.9000000000001,876.511278,1.279062903,-0.180811911,910.1614153,1.945998862,0.291486284,14.3,19.350137300000096,-0.6669359589999999
658.0,876.6377405,1.261479587,-0.151001493,910.3570487,1.975725486,0.307021632,14.3,19.4193082,-0.714245899
658.1,876.7623135,1.247175984,-0.115041942,910.555677,2.007068415,0.323777507,14.3,19.49336349999994,-0.7598924309999999
658.2,876.8852196,1.236784579,-0.072757567,910.7574994,2.040153189,0.341579548,14.3,19.5722798,-0.8033686100000001
658.3000000000001,877.0070186,1.230937851,-0.024324059,910.9627153,2.075105347,0.360218521,14.3,19.655696699999975,-0.8441674960000001
658.4000000000001,877.1283548,1.230268285,0.029380135,911.171524,2.112029507,0.379485194,14.3,19.743169199999965,-0.881761222
658.5,877.2498723,1.235408362,0.087300878,911.3841248,2.150946591,0.399170333,14.3,19.8342525,-0.9155382289999998
658.6,877.3722154,1.246885151,0.148384033,911.6007169,2.191856599,0.419064705,14.3,19.928501499999992,-0.9449714479999998
658.7,877.4960283,1.264804066,0.211575462,911.8214996,2.234759532,0.438993949,14.3,20.025471300000003,-0.969955466
658.8000000000001,877.6219552,1.289165106,0.275821029,912.0466723,2.279655389,0.458923194,14.3,20.124717099999952,-0.9904902830000002
658.9000000000001,877.7506402,1.319968271,0.340242284,912.2764342,2.32654417,0.478852438,14.3,20.22579400000002,-1.006575899
659.0,877.8827277,1.357213563,0.40466354,912.5109847,2.375425876,0.498781682,14.3,20.32825699999996,-1.018212313
659.1,878.0188619,1.400900979,0.469084796,912.750523,2.426300507,0.518710927,14.3,20.431661099999996,-1.0253995280000001
659.2,878.1596869,1.451030522,0.533506052,912.9952483,2.479168062,0.538640171,14.3,20.53556139999996,-1.02813754
659.3000000000001,878.3058469,1.50760219,0.597927308,913.2453601,2.534028541,0.558541627,14.3,20.639513199999964,-1.026426351
659.4000000000001,878.4579863,1.570615983,0.662348563,913.5010576,2.590881945,0.578276351,14.3,20.74307129999995,-1.020265962
659.5,878.6167491,1.640071902,0.726532871,913.76254,2.649728273,0.597677613,14.3,20.84579089999995,-1.009656371
659.6,878.7827796,1.715969947,0.78929549,914.0300068,2.710550853,0.616578681,14.3,20.947227199999997,-0.9945809059999999
659.7,878.956722,1.798310117,0.849214732,914.3036571,2.773266318,0.634812823,14.3,21.046935099999995,-0.9749562010000001
659.8000000000001,879.1392205,1.886950244,0.904868907,914.5836902,2.83777463,0.652213309,14.3,21.144469700000013,-0.9508243860000001
659.9000000000001,879.3309194,1.981179484,0.954836327,914.8703056,2.90397575,0.668641195,14.3,21.23938620000008,-0.9227962659999998
660.0,879.5324628,2.080144822,0.997695304,915.163689,2.971769639,0.684068693,14.3,21.331226200000014,-0.8916248170000003
660.1,879.744495,2.182993247,1.033297416,915.4639732,3.041056258,0.698523591,14.3,21.419478200000025,-0.8580630109999996
660.2,879.9675464,2.288871744,1.058451042,915.7712773,3.111735569,0.712144833,14.3,21.503730900000004,-0.8228638249999998
660.3000000000001,880.2016926,2.3969273,1.076039233,916.0857206,3.183707533,0.72509915,14.3,21.584027999999943,-0.786780233
660.4000000000001,880.4468954,2.506928694,1.086673265,916.4074225,3.256888784,0.737553272,14.3,21.660527100000035,-0.7499600900000001
660.5,880.7031166,2.616250109,1.091620542,916.7365021,3.33126265,0.749673932,14.3,21.733385500000008,-0.7150125410000001
660.6,880.9703179,2.725768362,1.092288437,917.0730787,3.406829129,0.76162786,14.3,21.80276079999994,-0.681060767
660.7,881.2484612,2.834997206,1.089105268,917.4172716,3.483588222,0.773554,14.3,21.868810400000097,-0.6485910159999997
660.8000000000001,881.5375084,2.943844069,1.086404447,917.7692,3.561539928,0.78548014,14.3,21.931691599999976,-0.6176958590000003
660.9000000000001,881.8374211,3.052308952,1.082738929,918.1289833,3.640684249,0.797406279,14.3,21.99156219999993,-0.5883752969999998
661.0,882.1481611,3.160391855,1.078919126,918.4967406,3.721021184,0.809332419,14.3,22.048579499999914,-0.5606293290000002
661.1,882.4696904,3.268092777,1.075099323,918.8725912,3.802550733,0.821258559,14.3,22.102900799999997,-0.5344579559999998
661.2,882.8019707,3.375411719,1.07127952,919.2566544,3.885272896,0.833184699,14.3,22.15468370000003,-0.5098611769999999
661.3000000000001,883.1449637,3.482348681,1.067459716,919.6490495,3.969187673,0.845032411,14.3,22.204085800000097,-0.486838992
661.4000000000001,883.4986314,3.588903663,1.063639913,920.0498956,4.054295064,0.85640956,14.3,22.25126419999999,-0.46539140099999976
661.5,883.8629355,3.695076664,1.059784208,920.4593122,4.140595069,0.866845581,14.3,22.29637669999995,-0.4455184049999996
661.6,884.2378377,3.800867685,1.055713091,920.8774184,4.228040631,0.875869911,14.3,22.33958070000001,-0.4271729459999998
661.7,884.6233,3.906276725,1.051211149,921.3043334,4.316396469,0.883011987,14.3,22.381033400000046,-0.41011974399999973
661.8000000000001,885.0192841,4.011282244,1.04606297,921.7401766,4.405380245,0.887801243,14.3,22.42089249999999,-0.3940980009999997
661.9000000000001,885.4257517,4.115776536,1.040053143,922.1850673,4.49470962,0.889845545,14.3,22.459315600000036,-0.3789330839999998
662.0,885.8426648,4.219630352,1.032966254,922.6390869,4.584102256,0.889066464,14.3,22.496422100000085,-0.3644719040000002
662.1,886.2699851,4.322714446,1.024622793,923.1021667,4.673275815,0.885542428,14.3,22.532181600000012,-0.35056136900000023
662.2,886.7076572,4.42489957,1.01498686,923.5741998,4.761947958,0.879665574,14.3,22.566542600000002,-0.33704838800000037
662.3000000000001,887.1555567,4.526056477,1.004094355,924.0550799,4.849836348,0.871906465,14.3,22.599523199999975,-0.32377987100000016
662.4000000000001,887.613542,4.62605592,0.992124788,924.5447002,4.936705702,0.862735664,14.3,22.631158199999913,-0.3106497820000005
662.5,888.0814716,4.724768651,0.979293573,925.0429541,5.022508964,0.852623736,14.3,22.661482499999988,-0.29774031300000026
662.6,888.5592037,4.822086965,0.965816121,925.549735,5.107246135,0.842041244,14.3,22.690531300000043,-0.28515917
662.7,889.0465969,4.917989319,0.951907844,926.0649363,5.190917213,0.831380325,14.3,22.718339399999945,-0.2729278939999995
662.8000000000001,889.5435096,5.012475714,0.937784155,926.5884515,5.2735222,0.820719407,14.3,22.744941900000025,-0.2610464860000006
662.9000000000001,890.0498,5.10554615,0.923624565,927.1201738,5.355061094,0.810058488,14.3,22.77037379999997,-0.24951494399999952
663.0,890.5653268,5.197200627,0.909464974,927.6599968,5.435533897,0.799397569,14.3,22.794670000000064,-0.23833327000000004
663.1,891.0899482,5.287439145,0.895305383,928.2078137,5.514940608,0.78873665,14.3,22.817865499999993,-0.2275014630000003
663.2,891.6235226,5.376261703,0.881145792,928.7635179,5.593281227,0.778075731,14.3,22.83999530000001,-0.21701952400000035
663.3000000000001,892.1659085,5.463668303,0.866986201,929.3270029,5.670555754,0.767376285,14.3,22.861094400000024,-0.20688745099999917
663.4000000000001,892.7169642,5.549658944,0.85282661,929.8981621,5.746764189,0.756445676,14.3,22.88119790000003,-0.19710524500000037
663.5,893.2765482,5.634233625,0.83866702,930.4768888,5.821906533,0.745052741,14.3,22.900340600000003,-0.1876729079999997
663.6,893.8445189,5.717392348,0.824520922,931.0630765,5.895959668,0.732966318,14.3,22.91855759999994,-0.17856731999999997
663.7,894.4207347,5.799135111,0.810455788,931.6566184,5.968808014,0.719955244,14.3,22.93588369999993,-0.16967290300000037
663.8000000000001,895.0050539,5.879461915,0.79655258,932.2574081,6.040312872,0.705788355,14.3,22.952354200000013,-0.16085095700000007
663.9000000000001,895.5973351,5.958380857,0.78289226,932.8653389,6.110335545,0.690273017,14.3,22.968003799999973,-0.151954688
664.0,896.1974365,6.035932417,0.769555793,933.4802857,6.178737336,0.673370702,14.3,22.982849199999986,-0.14280491900000047
664.1,896.8052166,6.112165173,0.756624139,934.1020494,6.245379546,0.655119937,14.3,22.99683280000006,-0.1332143729999995
664.2,897.4205338,6.187127704,0.744164769,934.7304124,6.310123478,0.635713358,14.3,23.009878599999933,-0.1229957740000005
664.3000000000001,898.0432529,6.260868586,0.732191177,935.3651573,6.372830435,0.615382127,14.3,23.021904399999993,-0.11196184900000006
664.4000000000001,898.6732649,6.333436399,0.720689868,936.0060663,6.433384834,0.594357408,14.3,23.032801399999993,-0.09994843499999995
664.5,899.3104668,6.404879718,0.709593374,936.6529221,6.49176356,0.572870364,14.3,23.042455299999983,-0.08688384199999977
664.6,899.9547561,6.475247123,0.698820732,937.3055069,6.547966612,0.551152156,14.3,23.0507507999999,-0.0727194889999998
664.7,900.6060299,6.544579094,0.688290978,937.9636032,6.601993991,0.529395422,14.3,23.057573300000012,-0.05741489699999924
664.8000000000001,901.2641856,6.612883728,0.67792315,938.6269935,6.653845696,0.507638687,14.3,23.062807900000006,-0.040961968000000404
664.9000000000001,901.9291203,6.680161026,0.667636285,939.2954602,6.703521728,0.485881953,14.3,23.066339899999956,-0.023360701999999733
665.0,902.6007315,6.746410985,0.657362914,939.9687857,6.751022087,0.464125218,14.3,23.06805419999996,-0.004611102000000145
665.1,903.2789162,6.811633608,0.647089543,940.6467525,6.796346772,0.442368483,14.3,23.06783630000002,0.01528683600000047
665.2,903.9635718,6.875828894,0.636816172,941.3291429,6.839495784,0.420611749,14.3,23.06557110000001,0.03633310999999928
665.3000000000001,904.6545956,6.938996843,0.6265428,942.0157394,6.880469122,0.398899914,14.3,23.061143800000035,0.05852772099999992
665.4000000000001,905.3518849,7.001137454,0.616269429,942.7063246,6.919266786,0.377457476,14.3,23.054439700000056,0.08187066800000053
665.5,906.0553368,7.062250729,0.605996058,943.4006806,6.955888778,0.356553831,14.3,23.045343800000023,0.10636195099999934
665.6,906.7648487,7.122336666,0.595706541,944.0985901,6.990362035,0.336458377,14.3,23.033741400000007,0.1319746309999994
665.7,907.4803178,7.181395266,0.585320149,944.7998355,7.022821257,0.317440511,14.3,23.019517700000005,0.15857400899999963
665.8000000000001,908.2016414,7.239426529,0.574740007,945.5041991,7.053428082,0.299769629,14.3,23.00255770000008,0.18599844700000023
665.9000000000001,908.9287168,7.296420767,0.563869241,946.2114635,7.082344148,0.283670229,14.3,22.982746700000074,0.21407661900000008
666.0,909.6614412,7.352329544,0.552610975,946.9214325,7.109731093,0.26918721,14.3,22.959991300000024,0.2425984510000001
666.1,910.3997119,7.407094733,0.540868334,947.6339965,7.135750555,0.256275672,14.3,22.93428459999991,0.27134417799999966
666.2,911.1434261,7.46065821,0.52856059,948.349067,7.160564172,0.24471112,14.3,22.905640899999934,0.3000940380000001
666.3000000000001,911.8924734,7.512961851,0.515671596,949.066556,7.184333583,0.234224154,14.3,22.87408260000002,0.3286282680000001
666.4000000000001,912.6467123,7.563947529,0.502217498,949.786375,7.207193486,0.224545379,14.3,22.83966270000003,0.3567540429999996
666.5,913.4059936,7.613557121,0.488279026,950.5084359,7.22917082,0.215405398,14.3,22.802442300000006,0.38438630100000015
666.6,914.170168,7.661732501,0.473953055,951.2326505,7.250265585,0.206534814,14.3,22.762482499999987,0.4114669160000002
666.7,914.9390863,7.708425232,0.459336458,951.9589303,7.270477783,0.19770913,14.3,22.719844000000034,0.43794744900000016
666.8000000000001,915.7125992,7.753625626,0.444526112,952.6871873,7.289807411,0.188883445,14.3,22.674588100000005,0.46381821499999987
666.9000000000001,916.4905576,7.797333683,0.429618891,953.4173331,7.308254472,0.18005776,14.3,22.62677549999996,0.48907921099999996
667.0,917.2728121,7.839549404,0.414695524,954.1492795,7.325818963,0.171232076,14.3,22.576467400000023,0.5137304410000008
667.1,918.0592136,7.880272788,0.399772157,954.8829382,7.342500887,0.162406391,14.3,22.52372459999999,0.5377719010000002
667.2,918.8496128,7.919503836,0.38484879,955.618221,7.358300242,0.153580706,14.3,22.468608199999903,0.5612035939999993
667.3000000000001,919.6438605,7.957242546,0.369925423,956.3550395,7.373217028,0.144730264,14.3,22.411179000000015,0.5840255179999998
667.4000000000001,920.4418075,7.99348892,0.355002056,957.0933056,7.387251246,0.135731276,14.3,22.351498100000025,0.606237674
667.5,921.2433045,8.028242957,0.340078689,957.8329311,7.400402895,0.126435196,14.3,22.289626599999973,0.6278400619999998
667.6,922.0482023,8.061504658,0.325155322,958.5738275,7.412657122,0.11669348,14.3,22.225625200000035,0.6488475360000008
667.7,922.8563516,8.093274022,0.310168332,959.3159067,7.423939652,0.106357581,14.3,22.159555099999988,0.6693343699999996
667.8000000000001,923.6676032,8.123551049,0.294799603,960.0590805,7.434161359,0.095278953,14.3,22.09147730000002,0.6893896899999996
667.9000000000001,924.481808,8.152335739,0.278667396,960.8032605,7.443233116,0.083333808,14.3,22.021452499999963,0.7091026229999997
668.0,925.2988166,8.179589919,0.261389974,961.5483466,7.451065794,0.07049739,14.3,21.949529999999935,0.7285241249999999
668.1,926.1184798,8.205122719,0.242585597,962.2941912,7.457570267,0.056794454,14.3,21.875711399999954,0.7475524519999999
668.2,926.9406483,8.228705096,0.221872526,963.0406347,7.462657407,0.042348791,14.3,21.799986400000034,0.7660476890000005
668.3000000000001,927.7651731,8.250108006,0.198932647,963.7875175,7.466238086,0.027308944,14.3,21.722344400000065,0.7838699199999999
668.4000000000001,928.5918742,8.269102407,0.173702335,964.5346801,7.468238032,0.01182346,14.3,21.64280589999994,0.8008643749999997
668.5,929.4204498,8.285459255,0.146245214,965.2819629,7.46864239,-0.003959115,14.3,21.561513100000024,0.816816864999999
668.6,930.2505673,8.298949507,0.116879399,966.0292064,7.467451161,-0.019890236,14.3,21.478639100000077,0.831498346
668.7,931.0818944,8.30934412,0.08598663,966.776251,7.464664343,-0.035846114,14.3,21.39435659999999,0.8446797770000005
668.8000000000001,931.9140985,8.316452224,0.053948644,967.5229371,7.460281938,-0.051801993,14.3,21.308838600000012,0.8561702860000011
668.9000000000001,932.7468472,8.320235646,0.021147181,968.2691052,7.454303945,-0.067757871,14.3,21.222257999999965,0.865931701
669.0,933.579808,8.320694385,-0.01203602,969.0145957,7.446730364,-0.083713749,14.3,21.134787700000015,0.873964020999999
669.1,934.4126484,8.317828442,-0.045282845,969.759249,7.437561195,-0.099669628,14.3,21.046600599999987,0.8802672469999999
669.2,935.245036,8.311637816,-0.078529669,970.5029057,7.426796438,-0.115625506,14.3,20.957869700000014,0.8848413779999991
669.3000000000001,936.0766383,8.302122508,-0.111776494,971.2454061,7.414436093,-0.131581385,14.3,20.868767799999954,0.8876864150000001
669.4000000000001,936.9071228,8.289282517,-0.145023319,971.9865907,7.400480161,-0.147475016,14.3,20.77946789999994,0.8888023560000002
669.5,937.7361571,8.273117844,-0.178270143,972.7262999,7.384928641,-0.162995161,14.3,20.690142799999943,0.8881892029999996
669.6,938.5634087,8.253628488,-0.211516968,973.4643742,7.367781533,-0.177768335,14.3,20.600965499999983,0.8858469550000008
669.7,939.3885452,8.23081445,-0.244649103,974.200654,7.349076185,-0.191421053,14.3,20.512108800000032,0.8817382650000001
669.8000000000001,940.211234,8.20467573,-0.277093097,974.9349798,7.328999342,-0.203579829,14.3,20.42374579999996,0.8756763879999996
669.9000000000001,941.0311427,8.175212327,-0.30816081,975.6671919,7.307775092,-0.214194624,14.3,20.3360492,0.8674372350000006
670.0,941.8479388,8.142493055,-0.337164102,976.3971309,7.285627529,-0.222304944,14.3,20.249192100000027,0.8568655259999991
670.1,942.6612898,8.106861986,-0.363414831,977.1246671,7.262780744,-0.227855628,14.3,20.163377300000047,0.8440812420000006
670.2,943.4708634,8.068732002,-0.386224858,977.8497902,7.239264759,-0.231548732,14.3,20.078926800000044,0.8294672430000007
670.3000000000001,944.276327,8.028515989,-0.405020733,978.57252,7.215693219,-0.233374409,14.3,19.996193000000016,0.8128227700000004
670.4000000000001,945.0774032,7.986626831,-0.419687764,979.2928762,7.192285964,-0.233706143,14.3,19.915472999999974,0.7943408669999998
670.5,945.8740348,7.943477412,-0.430340643,980.0108786,7.168845853,-0.232593973,14.3,19.83684379999995,0.7746315590000004
670.6,946.6662196,7.899480616,-0.437552819,980.7265468,7.145602884,-0.231060642,14.3,19.760327200000074,0.7538777320000003
670.7,947.4539554,7.855049327,-0.442012433,981.4399006,7.122557058,-0.229472548,14.3,19.685945199999946,0.7324922689999998
670.8000000000001,948.2372402,7.810527617,-0.444407626,982.1509597,7.099708375,-0.227501122,14.3,19.61371950000007,0.7108192420000004
670.9000000000001,949.0160718,7.765984298,-0.445426537,982.8597437,7.077056834,-0.225529695,14.3,19.543671900000003,0.6889274639999998
671.0,949.7904479,7.721419371,-0.445757308,983.5662725,7.054602436,-0.223558269,14.3,19.475824599999964,0.6668169349999999
671.1,950.5603665,7.676832836,-0.445973389,984.2705656,7.03234518,-0.221586842,14.3,19.410199100000067,0.6444876559999999
671.2,951.3258253,7.632224693,-0.44618947,984.9726429,7.010285067,-0.219615416,14.3,19.346817599999962,0.6219396260000005
671.3000000000001,952.0868222,7.587594942,-0.446405551,985.6725241,6.988422097,-0.217643989,14.3,19.285701900000003,0.599172845
671.4000000000001,952.8433551,7.542943583,-0.446621633,986.3702288,6.966756269,-0.215706241,14.3,19.226873699999896,0.5761873139999993
671.5,953.5954217,7.498270616,-0.446837714,987.0657768,6.945287584,-0.214129373,14.3,19.170355100000005,0.5529830320000002
671.6,954.34302,7.45357604,-0.447053795,987.7591877,6.924016042,-0.212639026,14.3,19.11616769999996,0.5295599979999999
671.7,955.0861477,7.408859857,-0.447267012,988.4504814,6.902921435,-0.2119137,14.3,19.064333699999974,0.5059384220000007
671.8000000000001,955.8248028,7.364122065,-0.447463045,989.1396775,6.881807443,-0.211996655,14.3,19.014874699999904,0.4823146220000005
671.9000000000001,956.5589829,7.319362666,-0.447612004,989.8267957,6.860838681,-0.213089962,14.3,18.9678128,0.45852398500000024
672.0,957.2886861,7.274583376,-0.447734826,990.5118558,6.839608049,-0.215362013,14.3,18.923169700000084,0.4349753270000001
672.1,958.0139101,7.229792789,-0.447776205,991.1948612,6.818089591,-0.218687675,14.3,18.880951100000015,0.41170319800000055
672.2,958.7346527,7.185008838,-0.447731666,991.875751,6.796162065,-0.223509702,14.3,18.841098300000066,0.38884677300000003
672.3000000000001,959.4509119,7.140218961,-0.447586889,992.5544477,6.773704228,-0.22918327,14.3,18.803535799999917,0.3665147330000007
672.4000000000001,960.1626867,7.095456342,-0.447339009,993.2308742,6.750594838,-0.235665119,14.3,18.76818750000002,0.3448615040000007
672.5,960.869982,7.050723666,-0.447003597,993.9049531,6.72673286,-0.24275318,14.3,18.734971099999893,0.3239908059999994
672.6,961.5728037,7.006031243,-0.446556853,994.5766072,6.702098087,-0.250245381,14.3,18.703803500000003,0.30393315599999937
672.7,962.2711581,6.961389384,-0.44605408,995.2457591,6.67669052,-0.257939652,14.3,18.674601000000006,0.2846988640000001
672.8000000000001,962.9650512,6.91680668,-0.445499757,995.9123317,6.650510157,-0.265667602,14.3,18.647280500000033,0.2662965229999994
672.9000000000001,963.654489,6.87228485,-0.444911066,996.5762475,6.623556999,-0.273395552,14.3,18.62175850000001,0.24872785099999994
673.0,964.3394777,6.827823894,-0.444305191,997.2374294,6.595831046,-0.281123502,14.3,18.59795170000002,0.23199284799999997
673.1,965.0200234,6.783423812,-0.443696452,997.8958001,6.567332299,-0.288851452,14.3,18.57577669999996,0.2160915129999994
673.2,965.696132,6.739084603,-0.443087714,998.5512823,6.538060756,-0.296579402,14.3,18.55515029999999,0.2010238470000001
673.3000000000001,966.3678098,6.694806269,-0.442478975,999.2037987,6.508016418,-0.304307352,14.3,18.53598889999996,0.18678985099999945
673.4000000000001,967.0350629,6.650588808,-0.441870236,999.853272,6.477199286,-0.311940239,14.3,18.51820909999999,0.1733895219999999
673.5,967.6978972,6.606432222,-0.441261498,1000.499625,6.445609358,-0.319002749,14.3,18.50172779999998,0.160822864
673.6,968.3563189,6.562336509,-0.440652759,1001.14278,6.413246635,-0.324555972,14.3,18.486461099999996,0.1490898739999995
673.7,969.010334,6.51830167,-0.44004402,1001.782661,6.380168155,-0.32913513,14.3,18.472327000000018,0.13813351499999982
673.8000000000001,969.6599488,6.474327705,-0.439363353,1002.419189,6.346659107,-0.331064247,14.3,18.459240199999908,0.12766859800000052
673.9000000000001,970.3051691,6.430414614,-0.438251117,1003.052288,6.313282835,-0.330141479,14.3,18.44711890000003,0.11713177900000016
674.0,970.9460012,6.386562396,-0.436275741,1003.68188,6.279718208,-0.325891512,14.3,18.435878800000022,0.10684418800000017
674.1,971.5824512,6.34281421,-0.433005656,1004.307933,6.24697081,-0.318219283,14.3,18.42548180000001,0.09584340000000058
674.2,972.214525,6.299385839,-0.428009294,1004.930599,6.215161748,-0.307588388,14.3,18.416074000000048,0.08422409100000028
674.3000000000001,972.8422289,6.256536225,-0.420855083,1005.550074,6.184633248,-0.293368542,14.3,18.407845099999985,0.0719029769999997
674.4000000000001,973.4655688,6.214524311,-0.411183383,1006.166555,6.155727537,-0.27723572,14.3,18.400986199999988,0.05879677400000016
674.5,974.0845854,6.173609037,-0.398922265,1006.780237,6.128729803,-0.259391768,14.3,18.39565160000002,0.0448792340000006
674.6,974.6994574,6.134049347,-0.384143658,1007.391318,6.103697083,-0.240407062,14.3,18.391860599999927,0.03035226400000024
674.7,975.3103981,6.09610418,-0.367207203,1007.999994,6.080629378,-0.220851979,14.3,18.38959589999997,0.015474801999999954
674.8000000000001,975.9176207,6.06003248,-0.34854447,1008.606462,6.059526687,-0.201201833,14.3,18.38884129999992,0.0005057930000003097
674.9000000000001,976.5213384,6.026050031,-0.328587027,1009.210917,6.040389011,-0.181551687,14.3,18.389578600000004,-0.014338980000000667
675.0,977.1217645,5.994199989,-0.307766446,1009.813557,6.02321635,-0.161901541,14.3,18.391792499999905,-0.029016361000000046
675.1,977.7191122,5.964482356,-0.286514295,1010.414578,6.008008703,-0.142251396,14.3,18.395465799999965,-0.043526346999999355
675.2,978.3135948,5.93689713,-0.265190216,1011.014176,5.99476607,-0.12260125,14.3,18.400581199999987,-0.05786893999999965
675.3000000000001,978.9054254,5.911444312,-0.243866137,1011.612549,5.983488453,-0.102951104,14.3,18.40712359999993,-0.07204414099999923
675.4000000000001,979.4948174,5.888123903,-0.222542058,1012.209891,5.97417585,-0.083447215,14.3,18.41507359999998,-0.08605194699999963
675.5,980.081984,5.866935901,-0.201217979,1012.806401,5.966828261,-0.064820867,14.3,18.424417000000016,-0.09989236000000012
675.6,980.6671384,5.847880307,-0.179893899,1013.402275,5.961445687,-0.047949602,14.3,18.435136600000032,-0.11356538000000072
675.7,981.2504939,5.830957121,-0.15856982,1013.997708,5.957940374,-0.033710962,14.3,18.44721409999995,-0.12698325299999969
675.8000000000001,981.8322636,5.816166343,-0.137301191,1014.592898,5.95587355,-0.022982487,14.3,18.460634399999957,-0.13970720699999983
675.9000000000001,982.4126609,5.803507973,-0.116365261,1015.18804,5.954718691,-0.01664172,14.3,18.47537910000001,-0.15121071799999974
676.0,982.991899,5.792982011,-0.09609473,1015.783333,5.953949273,-0.015419944,14.3,18.49143399999998,-0.16096726199999978
676.1,983.5701911,5.784555186,-0.076822297,1016.378901,5.953038769,-0.019463417,14.3,18.508709900000053,-0.16848358299999955
676.2,984.1477505,5.77806115,-0.058880661,1016.97459,5.951460655,-0.028625881,14.3,18.526839500000005,-0.1733995049999999
676.3000000000001,984.7247904,5.773300283,-0.042602522,1017.570176,5.948688407,-0.042176053,14.3,18.545385599999985,-0.17538812399999948
676.4000000000001,985.301524,5.770072965,-0.028265129,1018.165434,5.9441955,-0.059236391,14.3,18.563910000000032,-0.1741225350000004
676.5,985.878138,5.768179576,-0.015923932,1018.760139,5.937543163,-0.078929352,14.3,18.582000999999945,-0.16936358700000032
676.6,986.4547125,5.767420498,-0.005523482,1019.354066,5.928643641,-0.100377397,14.3,18.59935349999996,-0.16122314299999996
676.7,987.0313011,5.767596109,0.003213472,1019.946991,5.917496935,-0.122702983,14.3,18.615689900000074,-0.14990082599999965
676.8000000000001,987.6079574,5.768506791,0.010619628,1020.538689,5.904103044,-0.145174826,14.3,18.630731599999944,-0.1355962530000001
676.9000000000001,988.1847348,5.769986194,0.017027687,1021.128935,5.888461969,-0.167646669,14.3,18.644200199999954,-0.1184757749999994
677.0,988.7616869,5.772001048,0.022770346,1021.717505,5.87057371,-0.190118512,14.3,18.655818099999987,-0.09857266200000048
677.1,989.3388673,5.774551353,0.028180306,1022.304174,5.850438267,-0.212590355,14.3,18.66530670000004,-0.0758869140000007
677.2,989.9163294,5.777637109,0.033534817,1022.888716,5.828055639,-0.235062198,14.3,18.67238660000005,-0.05041852999999996
677.3000000000001,990.494127,5.781258317,0.038889327,1023.470908,5.803425827,-0.257534041,14.3,18.67678099999996,-0.022167510000000057
677.4000000000001,991.0723134,5.785414975,0.044243837,1024.050525,5.776548831,-0.279599311,14.3,18.67821160000012,0.008866143999999743
677.5,991.6509422,5.790107084,0.049598348,1024.627342,5.747424651,-0.297566104,14.3,18.676399799999967,0.04268243299999952
677.6,992.2300671,5.795334644,0.054952858,1025.201134,5.716053286,-0.313972098,14.3,18.671066899999868,0.07928135800000025
677.7,992.8097414,5.801097656,0.060307369,1025.771676,5.682678681,-0.321400738,14.3,18.661934600000063,0.11841897499999998
677.8000000000001,993.3900189,5.807396118,0.065625625,1026.338744,5.649515977,-0.319071627,14.3,18.648725099999933,0.1578801409999997
677.9000000000001,993.9709529,5.814230032,0.070726361,1026.902113,5.615042569,-0.304545324,14.3,18.631160100000056,0.19918746300000034
678.0,994.5525972,5.821599396,0.075392053,1027.461559,5.583708388,-0.275788965,14.3,18.608961800000042,0.23789100800000007
678.1,995.1350051,5.829482459,0.079405181,1028.017051,5.555981675,-0.234055015,14.3,18.582045900000093,0.27350078400000033
678.2,995.7182303,5.837770461,0.082548222,1028.569342,5.533326092,-0.174772932,14.3,18.551111700000046,0.3044443689999996
678.3000000000001,996.3023263,5.846332887,0.084603656,1029.119376,5.517205302,-0.104952697,14.3,18.517049700000097,0.32912758500000017
678.4000000000001,996.8873466,5.855039226,0.085390215,1029.6681,5.509082968,-0.02537471,14.3,18.480753400000093,0.3459562579999993
678.5,997.4733274,5.863758965,0.084871645,1030.216461,5.510178809,0.061521593,14.3,18.443133599999964,0.3535801559999996
678.6,998.0602352,5.87236159,0.083084199,1030.765405,5.52073677,0.153296772,14.3,18.405169800000134,0.3516248199999996
678.7,998.6480192,5.880716588,0.080209146,1031.315878,5.540756849,0.247511389,14.3,18.36785880000009,0.3399597390000002
678.8000000000001,999.2366285,5.888693448,0.076464007,1031.868825,5.570239047,0.342132579,14.3,18.332196499999963,0.31845440099999944
678.9000000000001,999.8260123,5.896183407,0.072066303,1032.425194,5.609183365,0.436753769,14.3,18.299181699999917,0.28700004199999984
679.0,1000.41612,5.903164714,0.067233556,1032.985931,5.657589801,0.531374958,14.3,18.269810999999958,0.24557491299999956
679.1,1001.0069,5.909637369,0.062183288,1033.551981,5.715458356,0.625996148,14.3,18.245081000000095,0.1941790130000003
679.2,1001.598301,5.915601372,0.057096766,1034.124292,5.782789031,0.720617338,14.3,18.225990999999976,0.13281234100000017
679.3000000000001,1002.190274,5.921056722,0.052010244,1034.703808,5.859581824,0.815238528,14.3,18.213533999999935,0.06147489800000017
679.4000000000001,1002.782767,5.92600342,0.046923722,1035.291477,5.945836736,0.909058312,14.3,18.20870999999995,-0.0198333160000006
679.5,1003.375729,5.930441467,0.0418372,1035.888244,6.041553768,0.998069661,14.3,18.212515000000007,-0.11111230100000036
679.6,1003.96911,5.934370861,0.036750679,1036.495057,6.146732918,1.077464137,14.3,18.225947000000087,-0.212362057
679.7,1004.562858,5.937791602,0.031664157,1037.11286,6.260893344,1.142433307,14.3,18.25000199999995,-0.3231017420000004
679.8000000000001,1005.156922,5.940703692,0.026577635,1037.7426,6.381630827,1.188168733,14.3,18.28567800000003,-0.4409271350000008
679.9000000000001,1005.751253,5.943107129,0.021620626,1038.385224,6.506060307,1.209861981,14.3,18.333971000000087,-0.5629531779999999
680.0,1006.345798,5.945001914,0.018100098,1039.041678,6.631296721,1.20350602,14.3,18.3958800000001,-0.6862948070000003
680.1,1006.940507,5.946388048,0.014814909,1039.712523,6.754455008,1.168299444,14.3,18.472015999999893,-0.8080669599999997
680.2,1007.53533,5.947343236,0.014520352,1040.396782,6.872650107,1.10504366,14.3,18.561451999999985,-0.9253068710000001
680.3000000000001,1008.130215,5.948651661,0.017334097,1041.093093,6.982996956,1.017745697,14.3,18.66287799999993,-1.0343452949999996
680.4000000000001,1008.725111,5.949592637,0.02403322,1041.800094,7.082610494,0.911213991,14.3,18.774982999999974,-1.1330178569999996
680.5,1009.319968,5.951819341,0.035265282,1042.516424,7.169086503,0.790256978,14.3,18.896455999999898,-1.2172671619999997
680.6,1009.914797,5.955402373,0.050500391,1043.24072,7.241944139,0.659683093,14.3,19.025922999999988,-1.286541766
680.7,1010.509858,5.960807979,0.071587252,1043.971622,7.301183403,0.524300772,14.3,19.161764000000016,-1.3403754239999994
680.8000000000001,1011.105472,5.968502405,0.095900085,1044.707766,7.346804294,0.388117046,14.3,19.30229400000003,-1.3783018890000003
680.9000000000001,1011.701963,5.978951896,0.123321219,1045.447792,7.378806812,0.251933319,14.3,19.445828999999957,-1.3998549159999998
681.0,1012.299652,5.992544989,0.15307358,1046.190337,7.397190957,0.115749593,14.3,19.59068499999996,-1.4046459680000005
681.1,1012.898861,6.009359392,0.184380091,1046.934039,7.40195673,-0.020434134,14.3,19.735177999999973,-1.3925973379999999
681.2,1013.499913,6.029395104,0.216463678,1047.677537,7.393104131,-0.15661786,14.3,19.877624000000036,-1.3637090270000005
681.3000000000001,1014.10313,6.052652127,0.248676778,1048.419469,7.370633158,-0.292801587,14.3,20.01633899999997,-1.3179810310000004
681.4000000000001,1014.708833,6.07913046,0.280889877,1049.158473,7.334543813,-0.428985313,14.3,20.14963999999993,-1.2554133529999998
681.5,1015.317345,6.108830103,0.313102977,1049.893187,7.284836096,-0.564354475,14.3,20.27584199999985,-1.1760059930000004
681.6,1015.928988,6.141751055,0.345316076,1050.62225,7.221510005,-0.694836251,14.3,20.39326199999989,-1.0797589499999996
681.7,1016.544085,6.177893318,0.377529176,1051.344298,7.144565542,-0.815543253,14.3,20.500212999999984,-0.9666722239999999
681.8000000000001,1017.162956,6.21725689,0.409742275,1052.057972,7.054491446,-0.921588095,14.3,20.595016000000054,-0.8372345560000003
681.9000000000001,1017.785925,6.259841773,0.441700331,1052.761908,6.953731408,-1.00808339,14.3,20.675982999999928,-0.6938896350000006
682.0,1018.413314,6.305647965,0.47212813,1053.454745,6.845217862,-1.070141752,14.3,20.741430999999988,-0.5395698969999998
682.1,1019.045444,6.354675468,0.499495411,1054.135122,6.731883239,-1.103690358,14.3,20.789677999999935,-0.37720777100000014
682.2,1019.682638,6.406771254,0.522271918,1054.802066,6.616659971,-1.107914645,14.3,20.81942799999997,-0.2098887170000001
682.3000000000001,1020.325218,6.461170196,0.538927392,1055.456172,6.502480491,-1.083629175,14.3,20.830953999999974,-0.04131029499999972
682.4000000000001,1020.973507,6.516954137,0.547931575,1056.098424,6.392277231,-1.034906772,14.3,20.82491699999998,0.12467690600000036
682.5,1021.627825,6.573204924,0.548009252,1056.729805,6.288982621,-0.966634823,14.3,20.80197999999991,0.28422230299999995
682.6,1022.288373,6.629004401,0.538905378,1057.3513,6.195040357,-0.883700713,14.3,20.762927000000058,0.43396404400000055
682.7,1022.954861,6.683434413,0.520874999,1057.963893,6.110939175,-0.79099183,14.3,20.709032000000047,0.5724952379999992
682.8000000000001,1023.626877,6.735576805,0.495193328,1058.568567,6.036679078,-0.693395561,14.3,20.641689999999993,0.6988977270000003
682.9000000000001,1024.304008,6.784513423,0.463390624,1059.166308,5.972260063,-0.594984727,14.3,20.562300000000004,0.8122533599999997
683.0,1024.985842,6.829479136,0.426997146,1059.758099,5.917682132,-0.496573893,14.3,20.472256999999853,0.9117970039999994
683.1,1025.671966,6.870320921,0.387543151,1060.344924,5.872945285,-0.398163059,14.3,20.37295799999988,0.9973756360000001
683.2,1026.361968,6.907038775,0.346558898,1060.927767,5.83804952,-0.299752225,14.3,20.26579899999997,1.068989255
683.3000000000001,1027.055436,6.9396327,0.305319602,1061.507613,5.81299484,-0.201341391,14.3,20.15217699999989,1.1266378599999998
683.4000000000001,1027.751957,6.968102696,0.264080305,1062.085446,5.797781242,-0.102930557,14.3,20.0334890000001,1.1703214539999998
683.5,1028.451118,6.992448761,0.222841009,1062.662249,5.792408728,-0.004935077,14.3,19.911131000000022,1.2000400330000005
683.6,1029.152508,7.012670897,0.181601713,1063.239007,5.796877298,0.090568276,14.3,19.786499000000003,1.2157935989999995
683.7,1029.855714,7.028769104,0.140362417,1063.816704,5.81118695,0.181087378,14.3,19.660990000000037,1.2175821540000005
683.8000000000001,1030.560324,7.040743381,0.099123121,1064.396324,5.835088474,0.264130102,14.3,19.536000000000012,1.2056549070000004
683.9000000000001,1031.265925,7.048593728,0.057883824,1064.978851,5.867335806,0.337204322,14.3,19.41292600000015,1.1812579220000003
684.0,1031.972105,7.052320146,0.016846485,1065.565269,5.906433669,0.400432857,14.3,19.293163999999887,1.1458864769999995
684.1,1032.678451,7.051922634,-0.022979109,1066.156563,5.95088679,0.443894102,14.3,19.17811200000001,1.101035844
684.2,1033.384551,7.047401192,-0.060381214,1066.753516,5.999199891,0.475017536,14.3,19.06896499999989,1.0482013009999998
684.3000000000001,1034.089993,7.038876995,-0.094148085,1067.356117,6.051446664,0.491603568,14.3,18.96612399999999,0.9874303309999997
684.4000000000001,1034.794364,7.026955916,-0.123724236,1067.964154,6.101424935,0.49572897,14.3,18.86978999999992,0.9255309810000005
684.5,1035.497252,7.012365,-0.145929147,1068.577413,6.152346327,0.489885869,14.3,18.78016100000009,0.8600186729999999
684.6,1036.198245,6.995831295,-0.161721806,1069.195684,6.20139581,0.473951446,14.3,18.697438999999985,0.7944354850000002
684.7,1036.897027,6.977688092,-0.170243998,1069.818753,6.248324172,0.458262658,14.3,18.621726000000034,0.7293639199999999
684.8000000000001,1037.593669,6.959843704,-0.171697679,1070.446409,6.293131412,0.437466801,14.3,18.55273999999981,0.6667122919999997
684.9000000000001,1038.288343,6.941843912,-0.167092637,1071.07844,6.335817532,0.41625559,14.3,18.49009700000006,0.6060263800000003
685.0,1038.981216,6.924809517,-0.156984358,1071.714633,6.37638253,0.395044378,14.3,18.433417000000144,0.548426987
685.1,1039.672459,6.909346393,-0.144553362,1072.354777,6.414826407,0.373833167,14.3,18.382318000000122,0.49451998600000024
685.2,1040.362239,6.895575713,-0.129042619,1072.998659,6.451149164,0.352621955,14.3,18.336420000000043,0.4444265490000001
685.3000000000001,1041.050728,6.883497477,-0.112320131,1073.646067,6.485350799,0.331410744,14.3,18.295338999999966,0.3981466779999998
685.4000000000001,1041.738093,6.873111686,-0.095395685,1074.29679,6.517431312,0.310199532,14.3,18.258697000000165,0.3556803739999994
685.5,1042.424504,6.86441834,-0.07847124,1074.950614,6.547390705,0.289039937,14.3,18.226110000000016,0.31702763500000053
685.6,1043.11013,6.857417438,-0.061546795,1075.607328,6.575228977,0.26819004,14.3,18.197198000000025,0.2821884609999996
685.7,1043.795141,6.852108981,-0.044622349,1076.26672,6.600946127,0.247959539,14.3,18.17157900000002,0.2511628539999995
685.8000000000001,1044.479706,6.848492969,-0.027697904,1076.928578,6.624573126,0.228658131,14.3,18.148871999999937,0.223919843
685.9000000000001,1045.163993,6.846569401,-0.010773458,1077.592689,6.646264823,0.210595516,14.3,18.128696000000172,0.2003045779999999
686.0,1045.848173,6.846338277,0.006073904,1078.258842,6.666207036,0.19408139,14.3,18.11066899999987,0.18013124099999978
686.1,1046.532415,6.847799598,0.022458769,1078.926824,6.684585584,0.179373835,14.3,18.094408999999995,0.16321401400000024
686.2,1047.216887,6.850953364,0.037918637,1079.596448,6.701586286,0.166524469,14.3,18.079560999999966,0.14936707800000004
686.3000000000001,1047.901759,6.855753324,0.051991012,1080.267626,6.717394961,0.155481673,14.3,18.06586699999998,0.13835836300000004
686.4000000000001,1048.587201,6.86196823,0.064330261,1080.940294,6.732197427,0.145987367,14.3,18.053092999999944,0.12977080299999955
686.5,1049.273381,6.869320583,0.074176714,1081.614389,6.746179504,0.137731853,14.3,18.0410080000001,0.12314107900000071
686.6,1049.960468,6.877532884,0.081335274,1082.289847,6.759496039,0.130405433,14.3,18.029379000000016,0.11803684499999978
686.7,1050.648596,6.886397755,0.085772273,1082.966605,6.772178004,0.123698409,14.3,18.018009000000074,0.11421975100000026
686.8000000000001,1051.337748,6.895459392,0.087511367,1083.6446,6.784225398,0.117301082,14.3,18.006852000000162,0.111233994
686.9000000000001,1052.027871,6.904554488,0.086937971,1084.323768,6.795638221,0.110955372,14.3,17.995896999999967,0.10891626699999968
687.0,1052.718913,6.913431594,0.084397717,1085.004045,6.806416472,0.104609662,14.3,17.985131999999975,0.10701512199999996
687.1,1053.410821,6.921827403,0.080650274,1085.685368,6.816560153,0.098263952,14.3,17.974546999999983,0.10526724999999981
687.2,1054.103543,6.929695667,0.075967824,1086.367674,6.826069263,0.091918242,14.3,17.964131000000133,0.1036264039999999
687.3000000000001,1054.797024,6.937036385,0.070769448,1087.050899,6.834943802,0.085572532,14.3,17.953875000000107,0.10209258300000013
687.4000000000001,1055.491214,6.943849556,0.065493989,1087.73498,6.843183769,0.079226822,14.3,17.94376600000005,0.10066578699999962
687.5,1056.186058,6.950135182,0.06021853,1088.419853,6.850789166,0.072881364,14.3,17.9337950000001,0.09934601600000015
687.6,1056.881504,6.955893262,0.054943071,1089.105455,6.857759992,0.066537415,14.3,17.923950999999942,0.09813326999999994
687.7,1057.5775,6.961123797,0.049667612,1089.791723,6.864096247,0.060196484,14.3,17.914222999999946,0.09702754999999996
687.8000000000001,1058.273993,6.965826785,0.044392153,1090.478592,6.869798081,0.053860081,14.3,17.904598999999916,0.09602870400000008
687.9000000000001,1058.970929,6.970002227,0.039116694,1091.166,6.874866251,0.047529714,14.3,17.89507099999987,0.0951359759999999
688.0,1059.668257,6.973650124,0.033875095,1091.853882,6.87930166,0.041206894,14.3,17.885625000000072,0.09434846399999941
688.1,1060.365923,6.976770474,0.028836657,1092.542176,6.883105215,0.034892878,14.3,17.87625299999986,0.09366525900000067
688.2,1061.063875,6.979363279,0.024204539,1093.230819,6.886277821,0.028587917,14.3,17.866944000000057,0.09308545800000001
688.3000000000001,1061.76206,6.981448854,0.020181901,1093.919746,6.888820383,0.022291759,14.3,17.85768600000001,0.09262847100000027
688.4000000000001,1062.460425,6.983128779,0.016971904,1094.608897,6.890733808,0.016003148,14.3,17.848472000000083,0.09239497100000005
688.5,1063.158917,6.98452495,0.014777709,1095.298207,6.892019,0.009720573,14.3,17.839290000000073,0.09250594999999961
688.6,1063.857484,6.985759264,0.013768614,1095.987614,6.892676715,0.003442527,14.3,17.83012999999978,0.09308254900000001
688.7,1064.556089,6.986953617,0.013978481,1096.677056,6.892707103,-0.002832502,14.3,17.820967000000064,0.09424651399999995
688.8000000000001,1065.25476,6.988229904,0.015373449,1097.366469,6.892110165,-0.009106021,14.3,17.811709000000018,0.0961197389999997
688.9000000000001,1065.953543,6.989710022,0.017784219,1098.055792,6.890885899,-0.015379289,14.3,17.802249000000028,0.09882412299999999
689.0,1066.652482,6.991515868,0.021007629,1098.74496,6.889034307,-0.021652556,14.3,17.792478000000028,0.10248156099999939
689.1,1067.351623,6.99374902,0.024840519,1099.433912,6.886555388,-0.027925824,14.3,17.782288999999945,0.10719363200000043
689.2,1068.051008,6.996429795,0.029079731,1100.122585,6.883449142,-0.034199092,14.3,17.77157700000016,0.11298065300000015
689.3000000000001,1068.750685,6.999558194,0.033522102,1100.810916,6.879715569,-0.040472359,14.3,17.76023099999993,0.11984262499999954
689.4000000000001,1069.450696,7.003134216,0.037998333,1101.498842,6.87535467,-0.046745627,14.3,17.74814599999986,0.1277795460000002
689.5,1070.151088,7.007157861,0.042474565,1102.1863,6.870366444,-0.05294905,14.3,17.735212,0.13679141699999953
689.6,1070.851904,7.011629129,0.046950796,1102.873229,6.864750891,-0.058733406,14.3,17.721324999999933,0.14687823800000022
689.7,1071.55319,7.01654802,0.051427028,1103.559564,6.858508012,-0.063334652,14.3,17.706373999999823,0.1580400080000004
689.8000000000001,1072.25499,7.021914534,0.055903259,1104.245244,6.851679712,-0.067368648,14.3,17.69025400000005,0.17023482200000029
689.9000000000001,1072.957349,7.027728672,0.06037949,1104.930205,6.844475526,-0.069381401,14.3,17.672855999999864,0.1832531460000002
690.0,1073.660312,7.033990432,0.064855722,1105.614386,6.837353879,-0.069298817,14.3,17.65407399999999,0.19663655300000027
690.1,1074.363923,7.040699816,0.069238565,1106.297722,6.829945255,-0.066771675,14.3,17.633798999999907,0.2107545609999999
690.2,1075.068228,7.047856823,0.072316108,1106.980185,6.823122051,-0.061730131,14.3,17.6119569999998,0.2247347719999997
690.3000000000001,1075.773271,7.055461453,0.075762942,1107.661881,6.816928721,-0.054589005,14.3,17.58860999999997,0.23853273200000036
690.4000000000001,1076.479096,7.063457674,0.07678382,1108.342946,6.811616707,-0.044662591,14.3,17.563849999999956,0.2518409670000006
690.5,1077.18575,7.071118336,0.075563387,1109.02352,6.807437447,-0.033404885,14.3,17.537769999999863,0.26368088899999975
690.6,1077.893275,7.079448198,0.071541316,1109.703741,6.804600476,-0.020889977,14.3,17.510466000000132,0.27484772199999963
690.7,1078.601718,7.086770108,0.064250667,1110.383748,6.8031477,-0.007536935,14.3,17.482030000000076,0.2836224079999994
690.8000000000001,1079.311078,7.093194855,0.054343027,1111.063679,6.80307912,0.006235174,14.3,17.45260100000014,0.29011573500000054
690.9000000000001,1080.021175,7.098386243,0.039676861,1111.743672,6.804394735,0.020077127,14.3,17.422496999999975,0.2939915080000004
691.0,1080.731786,7.102008074,0.02295403,1112.423866,6.807094546,0.033919081,14.3,17.392080000000032,0.2949135279999995
691.1,1081.442687,7.103724152,0.003989889,1113.104399,6.811178551,0.047761034,14.3,17.36171200000008,0.2925456009999996
691.2,1082.153652,7.103254314,-0.016655234,1113.785409,6.816646752,0.061602988,14.3,17.331757000000106,0.28660756200000037
691.3000000000001,1082.864459,7.100542526,-0.038421013,1114.467036,6.823499149,0.075444941,14.3,17.30257700000011,0.27704337700000004
691.4000000000001,1083.574882,7.095588789,-0.06074712,1115.149417,6.831735741,0.089286895,14.3,17.274535000000196,0.26385304799999965
691.5,1084.284697,7.088393102,-0.083166614,1115.832691,6.841356528,0.103128848,14.3,17.247994000000016,0.247036574
691.6,1084.993681,7.078955466,-0.105586109,1116.516996,6.85236151,0.11698086,14.3,17.223315000000138,0.22659395600000032
691.7,1085.701609,7.06727588,-0.128005603,1117.202471,6.864750688,0.130893221,14.3,17.200862000000097,0.2025251920000004
691.8000000000001,1086.408257,7.053354345,-0.150425098,1117.889254,6.878524061,0.144926281,14.3,17.180996999999888,0.17483028399999956
691.9000000000001,1087.113401,7.037190861,-0.172844592,1118.577484,6.893687665,0.159140388,14.3,17.164082999999845,0.14350319600000017
692.0,1087.816817,7.018785427,-0.195264087,1119.267299,6.910271673,0.173595892,14.3,17.150482000000192,0.10851375400000052
692.1,1088.518279,6.998138043,-0.217464471,1119.958837,6.928312296,0.188353143,14.3,17.14055800000001,0.06982574700000033
692.2,1089.217565,6.975248711,-0.23835019,1120.652236,6.947845743,0.203462431,14.3,17.13467099999998,0.02740296799999964
692.3000000000001,1089.91445,6.950117428,-0.256029239,1121.347641,6.968908224,0.218933814,14.3,17.133191000000078,-0.018790795999999332
692.4000000000001,1090.60871,6.922875663,-0.270918973,1122.045214,6.991535947,0.234757235,14.3,17.136504000000013,-0.0686602839999999
692.5,1091.30012,6.894180747,-0.279972708,1122.745121,7.015765123,0.250882402,14.3,17.14500099999982,-0.12158437600000038
692.6,1091.988456,6.865167883,-0.282453118,1123.447531,7.041631962,0.267248966,14.3,17.159074999999984,-0.1764640790000005
692.7,1092.673495,6.83558666,-0.27726465,1124.152611,7.069166637,0.283796578,14.3,17.179115999999976,-0.23357997700000066
692.8000000000001,1093.355117,6.807265086,-0.264188192,1124.860527,7.098375184,0.300464889,14.3,17.205409999999983,-0.2911100979999999
692.9000000000001,1094.033624,6.780645557,-0.244020196,1125.571449,7.129257603,0.317193549,14.3,17.23782500000011,-0.3486120460000004
693.0,1094.709422,6.756516873,-0.216124196,1126.285542,7.161813894,0.333932267,14.3,17.276120000000173,-0.405297021
693.1,1095.382919,6.735667832,-0.183546876,1127.002975,7.196044057,0.350670985,14.3,17.320056000000204,-0.4603762250000001
693.2,1096.054522,6.718755766,-0.147025561,1127.723914,7.231948091,0.367409703,14.3,17.369392000000015,-0.5131923249999994
693.3000000000001,1096.724636,6.705912142,-0.107874916,1128.448527,7.269525997,0.384148421,14.3,17.423891000000093,-0.5636138549999998
693.4000000000001,1097.39367,6.69713696,-0.067409607,1129.176982,7.308777775,0.400887139,14.3,17.483312000000023,-0.6116408150000003
693.5,1098.062029,6.692430221,-0.026725187,1129.909446,7.349703425,0.417625857,14.3,17.54741699999995,-0.657273204
693.6,1098.730122,6.691791923,0.013959233,1130.646086,7.392302947,0.434270829,14.3,17.61596400000003,-0.7005110239999999
693.7,1099.398354,6.695222067,0.054643654,1131.387069,7.43657634,0.450353327,14.3,17.688715000000183,-0.7413542729999998
693.8000000000001,1100.067132,6.702720654,0.095328074,1132.132564,7.482523605,0.465310878,14.3,17.7654320000001,-0.7798029509999997
693.9000000000001,1100.736864,6.714287682,0.136012494,1132.882737,7.530088495,0.478581007,14.3,17.845872999999937,-0.8158008130000001
694.0,1101.407955,6.729923153,0.176696914,1133.637756,7.578989772,0.48960124,14.3,17.92980100000018,-0.8490666190000002
694.1,1102.080814,6.749627065,0.217270666,1134.397788,7.628889952,0.497809103,14.3,18.016974000000072,-0.8792628869999994
694.2,1102.755846,6.773399419,0.257180407,1135.163001,7.679451551,0.502735869,14.3,18.107154999999874,-0.9060521319999992
694.3000000000001,1103.43346,6.801240216,0.295762126,1135.933517,7.730337084,0.504287791,14.3,18.20005699999997,-0.9290968680000002
694.4000000000001,1104.11406,6.833083053,0.332351812,1136.709278,7.781209067,0.502558615,14.3,18.29521799999993,-0.9481260139999996
694.5,1104.798055,6.868595926,0.366285455,1137.490181,7.831730016,0.49801707,14.3,18.392125999999916,-0.9631340899999996
694.6,1105.485851,6.907380428,0.396899043,1138.276125,7.881562446,0.491225628,14.3,18.49027400000018,-0.9741820180000005
694.7,1106.177856,6.949038152,0.423639233,1139.067007,7.930425121,0.482746765,14.3,18.589151000000083,-0.9813869689999999
694.8000000000001,1106.874422,6.993170692,0.446395359,1139.862723,7.978261792,0.473142955,14.3,18.688300999999864,-0.9850911
694.9000000000001,1107.575691,7.039379642,0.465278087,1140.663172,8.025072461,0.46297667,14.3,18.787481000000025,-0.9856928190000005
695.0,1108.281751,7.087266593,0.480840761,1141.468251,8.070857126,0.452716639,14.3,18.886500000000023,-0.9835905330000001
695.1,1108.99269,7.136433142,0.493747391,1142.277857,8.115615789,0.442456609,14.3,18.985167,-0.979182647
695.2,1109.708597,7.18654728,0.504661988,1143.091887,8.159348448,0.432196579,14.3,19.083289999999987,-0.9728011679999993
695.3000000000001,1110.429559,7.237542609,0.514248564,1143.910239,8.202055105,0.421936548,14.3,19.18068000000012,-0.9645124959999993
695.4000000000001,1111.155665,7.289419127,0.523171128,1144.732811,8.243735758,0.411676518,14.3,19.277146000000084,-0.9543166309999993
695.5,1111.887002,7.342176835,0.531983024,1145.5595,8.284390408,0.401416487,14.3,19.37249800000013,-0.9422135730000001
695.6,1112.62366,7.395815732,0.54079492,1146.390202,8.324019055,0.391165881,14.3,19.46654200000007,-0.9282033230000009
695.7,1113.365725,7.450335819,0.549606816,1147.224816,8.3626217,0.380971822,14.3,19.559090999999807,-0.9122858809999999
695.8000000000001,1114.113286,7.505737095,0.558418712,1148.06324,8.400198341,0.370890855,14.3,19.649953999999934,-0.8944612459999997
695.9000000000001,1114.866432,7.562019561,0.567230608,1148.905369,8.436754633,0.360979528,14.3,19.738937000000032,-0.874735072
696.0,1115.625249,7.619183217,0.576042504,1149.751102,8.472318851,0.351294386,14.3,19.825853000000006,-0.8531356340000009
696.1,1116.389828,7.677228062,0.5848544,1150.600337,8.506924921,0.341891977,14.3,19.910509,-0.8296968589999993
696.2,1117.160254,7.736154097,0.593581378,1151.45297,8.540606772,0.332819423,14.3,19.992716000000154,-0.8044526750000003
696.3000000000001,1117.936618,7.795961321,0.601798841,1152.308903,8.573398331,0.324086147,14.3,20.072285000000146,-0.7774370099999999
696.4000000000001,1118.719006,7.856649735,0.608886234,1153.168057,8.605333527,0.315682725,14.3,20.149051000000053,-0.7486837920000005
696.5,1119.507507,7.918168388,0.614667171,1154.030356,8.636446287,0.307562035,14.3,20.22284899999995,-0.7182778990000003
696.6,1120.302209,7.980262521,0.618299011,1154.895725,8.666770539,0.299667532,14.3,20.293516000000135,-0.6865080179999996
696.7,1121.103201,8.042559802,0.619383282,1155.764088,8.696334556,0.291942668,14.3,20.360887,-0.6537747540000005
696.8000000000001,1121.910569,8.1049544,0.617495389,1156.635369,8.725143993,0.284330896,14.3,20.424800000000186,-0.6201895929999992
696.9000000000001,1122.724362,8.166940728,0.612550413,1157.509494,8.753198851,0.276775672,14.3,20.485131999999975,-0.5862581230000004
697.0,1123.544464,8.228279704,0.604744317,1158.386386,8.780499128,0.269229871,14.3,20.54192199999984,-0.5522194240000005
697.1,1124.370719,8.288665621,0.594168566,1159.265971,8.807044825,0.261684071,14.3,20.595252000000027,-0.5183792040000004
697.2,1125.20297,8.347792769,0.581665804,1160.148172,8.832835942,0.25413827,14.3,20.64520199999988,-0.4850431730000011
697.3000000000001,1126.04106,8.405406393,0.567634499,1161.032915,8.857872479,0.24659247,14.3,20.691854999999986,-0.4524660859999994
697.4000000000001,1126.884833,8.461455539,0.552584168,1161.920124,8.882154436,0.239046669,14.3,20.735290999999915,-0.4206988970000012
697.5,1127.734133,8.51594021,0.537024322,1162.809724,8.905681813,0.231500869,14.3,20.77559100000003,-0.38974160299999916
697.6,1128.588803,8.568860404,0.521379558,1163.701638,8.92845461,0.223947736,14.3,20.812834999999904,-0.3595942059999988
697.7,1129.448687,8.620216121,0.505734794,1164.595792,8.950472826,0.216350607,14.3,20.84710500000001,-0.33025670500000004
697.8000000000001,1130.313629,8.670007363,0.490090029,1165.49211,8.971736463,0.208665487,14.3,20.87848099999992,-0.3017290999999993
697.9000000000001,1131.183471,8.718234127,0.474445265,1166.390516,8.99224112,0.200848378,14.3,20.90704499999988,-0.27400699299999864
698.0,1132.058058,8.764896416,0.458800501,1167.290936,9.0119648,0.192855287,14.3,20.932878000000027,-0.2470683840000003
698.1,1132.937233,8.809994227,0.443155736,1168.193294,9.030881105,0.184642216,14.3,20.956060999999817,-0.22088687799999995
698.2,1133.820839,8.853527563,0.427460589,1169.097513,9.048963637,0.176172503,14.3,20.976673999999957,-0.19543607399999985
698.3000000000001,1134.70872,8.895496422,0.411463143,1170.003516,9.066185999,0.167438815,14.3,20.994795999999905,-0.1706895769999992
698.4000000000001,1135.600721,8.935900804,0.394861101,1170.91121,9.082521793,0.158448484,14.3,21.01048899999996,-0.14662098900000053
698.5,1136.496683,8.974710481,0.377352165,1171.820497,9.097944622,0.149238175,14.3,21.023813999999856,-0.1232341409999993
698.6,1137.396451,9.011774302,0.358634036,1172.731281,9.112428089,0.139851881,14.3,21.03483000000001,-0.1006537870000006
698.7,1138.299868,9.046910888,0.338404416,1173.643465,9.125950195,0.130333601,14.3,21.043597000000045,-0.07903930700000039
698.8000000000001,1139.206779,9.079938862,0.316411391,1174.556954,9.138506541,0.120727328,14.3,21.050174999999808,-0.05856767899999937
698.9000000000001,1140.117001,9.110676843,0.292604576,1175.471649,9.150097127,0.11107706,14.3,21.054647999999997,-0.039420284000000194
699.0,1141.030258,9.138943454,0.267034356,1176.387456,9.160721953,0.101419459,14.3,21.057197999999925,-0.02177849899999984
699.1,1141.946249,9.164557315,0.239952645,1177.304277,9.170381019,0.091761858,14.3,21.058027999999876,-0.005823704000000873
699.2,1142.864672,9.187337047,0.211661741,1178.222015,9.179074325,0.082104258,14.3,21.057343000000127,0.008262721999999556
699.3000000000001,1143.785224,9.207131502,0.182463942,1179.140574,9.186801871,0.072446657,14.3,21.055350000000043,0.020329630999999182
699.4000000000001,1144.707606,9.223910449,0.152661548,1180.059858,9.193563656,0.062789056,14.3,21.052252000000134,0.03034679299999965
699.5,1145.631514,9.237673888,0.122556855,1180.97977,9.199359682,0.053131455,14.3,21.04825599999999,0.03831420599999902
699.6,1146.556648,9.24842182,0.092401779,1181.900213,9.204189947,0.043452917,14.3,21.043564999999898,0.04423187300000109
699.7,1147.482706,9.256154244,0.062246703,1182.821091,9.208054453,0.033648752,14.3,21.038385000000016,0.048099790999998504
699.8000000000001,1148.409387,9.26087116,0.032091628,1183.742307,9.210953198,0.023593337,14.3,21.032920000000058,0.049917962000000315
699.9000000000001,1149.336388,9.262572569,0.001936552,1184.663764,9.212873621,0.013161044,14.3,21.027375999999958,0.04969894799999963
700.0,1150.263409,9.261258471,-0.028218524,1185.585367,9.213752908,0.002226249,14.3,21.021957999999994,0.04750556299999964
700.1,1151.190148,9.256928864,-0.0583736,1186.507018,9.213515684,-0.009336675,14.3,21.016870000000107,0.04341317999999994
700.2,1152.116303,9.249583751,-0.088528676,1187.428621,9.212086574,-0.021632416,14.3,21.012318000000004,0.03749717699999877
700.3000000000001,1153.041572,9.239223129,-0.118555218,1188.350069,9.209390202,-0.034681911,14.3,21.008496999999988,0.029832927000001064
700.4000000000001,1153.965655,9.225847,-0.147810557,1189.271215,9.205351193,-0.048464222,14.3,21.005560000000013,0.020495806999999644
700.5,1154.888249,9.209455364,-0.17552349,1190.191903,9.199894171,-0.062874662,14.3,21.003653999999823,0.00956119299999969
700.6,1155.809054,9.19012534,-0.200922815,1191.111976,9.192943761,-0.077787605,14.3,21.002921999999852,-0.002818421000000626
700.7,1156.727767,9.16824253,-0.223237328,1192.031277,9.184437151,-0.093077424,14.3,21.00350999999996,-0.016194620999998577
700.8000000000001,1157.644087,9.144269657,-0.242339074,1192.949648,9.174361777,-0.108618496,14.3,21.005561000000124,-0.030092119999999056
700.9000000000001,1158.557712,9.118669441,-0.255655641,1193.866933,9.162717639,-0.124285193,14.3,21.00922099999998,-0.04404819800000048
701.0,1159.468403,9.091904604,-0.264988238,1194.782976,9.149504738,-0.139972827,14.3,21.01457299999988,-0.057600133999999414
701.1,1160.376166,9.064051919,-0.269822152,1195.697619,9.134723074,-0.155660462,14.3,21.02145300000002,-0.07067115499999943
701.2,1161.281071,9.036731955,-0.270800051,1196.610705,9.118372646,-0.171348096,14.3,21.02963399999994,-0.08164069099999871
701.3000000000001,1162.183185,9.009249587,-0.268693139,1197.522078,9.100453454,-0.187035731,14.3,21.03889299999987,-0.09120386700000083
701.4000000000001,1163.082578,8.982376365,-0.26362937,1198.43158,9.0809655,-0.202723365,14.3,21.049001999999927,-0.09858913499999922
701.5,1163.979317,8.95618941,-0.258309691,1199.339055,9.059908781,-0.218411,14.3,21.05973799999988,-0.1037193710000004
701.6,1164.873472,8.93068872,-0.251575562,1200.244346,9.0372833,-0.234189352,14.3,21.070873999999957,-0.10659458000000122
701.7,1165.765112,8.905874297,-0.244712898,1201.147296,9.013089055,-0.250512015,14.3,21.08218400000005,-0.10721475799999958
701.8000000000001,1166.654304,8.881746141,-0.237850235,1202.047748,8.987326046,-0.267923297,14.3,21.093444000000044,-0.10557990499999903
701.9000000000001,1167.541118,8.85830425,-0.230987571,1202.945546,8.959939843,-0.286967509,14.3,21.104427999999825,-0.10163559300000102
702.0,1168.425622,8.835548626,-0.224124908,1203.840531,8.930658291,-0.30818896,14.3,21.11490900000008,-0.09510966500000073
702.1,1169.307884,8.813479269,-0.217262244,1204.732549,8.899154803,-0.33213196,14.3,21.124665000000004,-0.08567553399999994
702.2,1170.187974,8.792096178,-0.210399581,1205.621441,8.865102794,-0.359250101,14.3,21.133467000000064,-0.07300661600000069
702.3000000000001,1171.06596,8.771399353,-0.20359561,1206.507007,8.828175679,-0.3896341,14.3,21.141047000000025,-0.0567763259999996
702.4000000000001,1171.941911,8.751388794,-0.197143797,1207.388873,8.78804687,-0.42319324,14.3,21.14696200000021,-0.03665807600000015
702.5,1172.815895,8.732064502,-0.191396301,1208.26662,8.744389783,-0.45947393,14.3,21.150725000000147,-0.012325281000000743
702.6,1173.687981,8.71339126,-0.186705278,1209.13983,8.69687783,-0.497931858,14.3,21.151849000000038,0.01651342999999983
702.7,1174.558237,8.69519299,-0.183422888,1210.008086,8.645238859,-0.538022716,14.3,21.149849000000085,0.04995413099999979
702.8000000000001,1175.426733,8.677258397,-0.181901287,1210.870969,8.589418437,-0.579202194,14.3,21.144236000000046,0.08783995999999838
702.9000000000001,1176.293536,8.659376186,-0.182433941,1211.728061,8.529416564,-0.620925981,14.3,21.13452500000012,0.12995962199999944
703.0,1177.158687,8.641335062,-0.185079544,1212.578943,8.46523324,-0.662740487,14.3,21.12025599999988,0.17610182199999969
703.1,1178.022115,8.62292373,-0.189779401,1213.423198,8.396868466,-0.704554992,14.3,21.10108299999997,0.2260552639999993
703.2,1178.883718,8.603930896,-0.196240048,1214.260407,8.324322242,-0.746369498,14.3,21.07668899999994,0.27960865400000046
703.3000000000001,1179.743396,8.584145264,-0.204109327,1215.090153,8.247594567,-0.788184004,14.3,21.046757000000024,0.33655069699999984
703.4000000000001,1180.601049,8.563390756,-0.213035081,1215.912017,8.166685441,-0.82999851,14.3,21.010968000000002,0.39670531500000017
703.5,1181.456576,8.541632157,-0.22266515,1216.725581,8.081594865,-0.871813015,14.3,20.96900499999988,0.4600372920000009
703.6,1182.309877,8.518869465,-0.232647377,1217.530427,7.992322838,-0.913627521,14.3,20.920550000000002,0.5265466270000001
703.7,1183.160852,8.495102681,-0.242688297,1218.326136,7.898869361,-0.954963562,14.3,20.865283999999928,0.5962333200000005
703.8000000000001,1184.0094,8.470331806,-0.252729217,1219.112291,7.801234433,-0.993428816,14.3,20.802891,0.6690973730000005
703.9000000000001,1184.855421,8.444556838,-0.262770137,1219.888474,7.699418054,-1.02417594,14.3,20.73305300000011,0.7451387840000008
704.0,1185.698813,8.417777778,-0.272811058,1220.654266,7.593707304,-1.050263814,14.3,20.655453000000033,0.824070474
704.1,1186.539478,8.389994626,-0.282851978,1221.409249,7.485537575,-1.062891983,14.3,20.569771000000127,0.9044570509999996
704.2,1187.377314,8.361207383,-0.292892898,1222.153005,7.377817274,-1.061166217,14.3,20.475690999999824,0.9833901090000001
704.3000000000001,1188.212222,8.331416047,-0.3030306,1222.885115,7.268711072,-1.042694192,14.3,20.37289299999993,1.062704974999999
704.4000000000001,1189.0441,8.300620619,-0.313748993,1223.605393,7.163499243,-1.006997443,14.3,20.261292999999977,1.1371213759999996
704.5,1189.872848,8.268821099,-0.325628768,1224.314566,7.062718324,-0.956530992,14.3,20.141718000000036,1.2061027749999997
704.6,1190.698366,8.235959418,-0.339250616,1225.013596,6.968090789,-0.887757494,14.3,20.015229999999928,1.2678686290000005
704.7,1191.520553,8.201745231,-0.355195229,1225.703443,6.881339109,-0.809477402,14.3,19.882890000000042,1.3204061220000005
704.8000000000001,1192.33931,8.165830122,-0.374043296,1226.385065,6.803898679,-0.72258495,14.3,19.74575499999987,1.3619314429999996
704.9000000000001,1193.154535,8.127865677,-0.396278728,1227.059423,6.736056576,-0.629950922,14.3,19.604888000000027,1.3918091010000007
705.0,1193.966082,8.087503482,-0.421998306,1227.727477,6.677812801,-0.534446108,14.3,19.461394999999992,1.4096906810000007
705.1,1194.773618,8.044395122,-0.451105248,1228.390187,6.629167354,-0.438462829,14.3,19.316569000000026,1.4152277679999994
705.2,1195.576764,7.998192182,-0.483115646,1229.048512,6.590120236,-0.34247955,14.3,19.17174800000016,1.4080719460000006
705.3000000000001,1196.37514,7.948546247,-0.517448808,1229.703412,6.560671445,-0.246496271,14.3,19.02827199999997,1.3878748020000007
705.4000000000001,1197.168369,7.895166973,-0.553524042,1230.355847,6.540820981,-0.150512992,14.3,18.887478000000055,1.3543459919999998
705.5,1197.95607,7.83799629,-0.590760659,1231.006777,6.530568846,-0.054529713,14.3,18.7507070000001,1.307427444
705.6,1198.737864,7.777034197,-0.628577967,1231.657161,6.529915039,0.041453566,14.3,18.61929700000014,1.2471191580000003
705.7,1199.513372,7.712280696,-0.666492057,1232.30796,6.538859559,0.136857059,14.3,18.494588000000203,1.173421137
705.8000000000001,1200.282216,7.643735786,-0.704406146,1232.960134,6.557402408,0.228781836,14.3,18.377917999999863,1.086333378
705.9000000000001,1201.044015,7.571399467,-0.742320236,1233.614642,6.585543584,0.313749181,14.3,18.270627000000058,0.9858558830000002
706.0,1201.798391,7.495271739,-0.780234326,1234.272444,6.622935217,0.388280378,14.3,18.174052999999912,0.8723365219999994
706.1,1202.544965,7.415352602,-0.818148416,1234.934499,6.667837948,0.44889671,14.3,18.08953399999991,0.7475146539999997
706.2,1203.283357,7.331642056,-0.856062505,1235.601769,6.718164547,0.492119462,14.3,18.01841200000008,0.613477509
706.3000000000001,1204.013189,7.244140101,-0.893976595,1236.275211,6.771827786,0.515049703,14.3,17.962021999999887,0.4723123149999999
706.4000000000001,1204.734081,7.152846737,-0.931579431,1236.955509,6.826740434,0.517107649,14.3,17.921427999999832,0.32610630299999954
706.5,1205.445654,7.057761964,-0.967314742,1237.642231,6.880815261,0.498873083,14.3,17.896576999999933,0.1769467029999996
706.6,1206.147529,6.958885782,-0.999315006,1238.334666,6.931965039,0.463244938,14.3,17.887136999999893,0.02692074300000069
706.7,1206.839327,6.856404943,-1.025712697,1239.032104,6.978102537,0.413701928,14.3,17.892776999999978,-0.12169759399999958
706.8000000000001,1207.520669,6.75125321,-1.044640291,1239.733836,7.017488397,0.35372277,14.3,17.91316700000011,-0.2662351870000004
706.9000000000001,1208.191175,6.644551097,-1.054230265,1240.439151,7.049774749,0.28678618,14.3,17.947976000000107,-0.4052236520000001
707.0,1208.850466,6.537419119,-1.052926348,1241.147341,7.074961591,0.216370873,14.3,17.996875,-0.5375424720000002
707.1,1209.498313,6.430977789,-1.040417286,1241.857693,7.093048923,0.145375781,14.3,18.059379999999873,-0.6620711339999996
707.2,1210.135084,6.326347623,-1.017014333,1242.5695,7.104036747,0.074380689,14.3,18.134416000000055,-0.7776891240000001
707.3000000000001,1210.761295,6.224649135,-0.98427376,1243.282051,7.107925061,0.003385597,14.3,18.22075599999989,-0.8832759260000005
707.4000000000001,1211.377464,6.127002839,-0.94406309,1243.994635,7.104713866,-0.067609496,14.3,18.317171000000098,-0.9777110269999998
707.5,1211.984109,6.034342497,-0.898249848,1244.706543,7.094403162,-0.138604588,14.3,18.42243400000002,-1.060060665
707.6,1212.581747,5.946854863,-0.848701557,1245.417065,7.076992949,-0.20959968,14.3,18.535318000000142,-1.1301380859999997
707.7,1213.170894,5.864539935,-0.797285743,1246.125491,7.052483226,-0.280154805,14.3,18.65459699999992,-1.1879432909999998
707.8000000000001,1213.752068,5.787397714,-0.745558674,1246.831112,7.020873994,-0.348070126,14.3,18.779044000000066,-1.2334762799999996
707.9000000000001,1214.325787,5.7154282,-0.693831605,1247.533216,6.982165253,-0.41070584,14.3,18.907429000000047,-1.266737053
708.0,1214.892568,5.648631393,-0.642104537,1248.231094,6.936620983,-0.465422142,14.3,19.038526,-1.2879895900000005
708.1,1215.452927,5.587007293,-0.590377468,1248.924037,6.885561086,-0.509579229,14.3,19.171109999999953,-1.298553793
708.2,1216.007383,5.5305559,-0.5386504,1249.611334,6.830569445,-0.540537297,14.3,19.30395100000005,-1.3000135449999997
708.3000000000001,1216.556452,5.479277213,-0.486923331,1250.292275,6.773229941,-0.55609651,14.3,19.43582299999998,-1.2939527280000007
708.4000000000001,1217.100652,5.433171233,-0.435235191,1250.966362,6.715126456,-0.5558169,14.3,19.565709999999807,-1.2819552229999998
708.5,1217.6405,5.392237961,-0.383780623,1251.63394,6.657842874,-0.540138434,14.3,19.693439999999963,-1.2656049129999998
708.6,1218.176513,5.356477395,-0.332793198,1252.295567,6.602963077,-0.51126095,14.3,19.819053999999777,-1.2464856820000003
708.7,1218.709209,5.325866178,-0.282506489,1252.9518,6.552070946,-0.47182425,14.3,19.942590999999947,-1.2262047679999997
708.8000000000001,1219.239105,5.300287526,-0.233154066,1253.603196,6.506486384,-0.424468139,14.3,20.064090999999916,-1.2061988579999996
708.9000000000001,1219.766717,5.279601294,-0.184969503,1254.250311,6.466473371,-0.37183242,14.3,20.18359400000004,-1.1868720770000003
709.0,1220.292565,5.26366734,-0.138147442,1254.893705,6.432031906,-0.316556898,14.3,20.301139999999986,-1.1683645660000002
709.1,1220.817145,5.252345521,-0.092726811,1255.533932,6.403161991,-0.260841408,14.3,20.416787000000067,-1.1508164700000005
709.2,1221.340882,5.245495693,-0.048668682,1256.171551,6.379863625,-0.205125918,14.3,20.530668999999943,-1.134367932
709.3000000000001,1221.864181,5.242977713,-0.005778412,1256.807119,6.362136807,-0.149410429,14.3,20.64293800000014,-1.1191590939999996
709.4000000000001,1222.387447,5.244651439,0.036177571,1257.441193,6.349981539,-0.093694939,14.3,20.753746000000046,-1.1053300999999998
709.5,1222.911085,5.250400085,0.077432838,1258.07433,6.34339782,-0.037979449,14.3,20.86324499999996,-1.092997735
709.6,1223.435501,5.260200293,0.118220962,1258.707087,6.342385649,0.017736041,14.3,20.97158600000007,-1.082185356
709.7,1223.9611,5.274052063,0.158775515,1259.340021,6.346945028,0.073178335,14.3,21.07892099999999,-1.0728929650000003
709.8000000000001,1224.488286,5.291955396,0.199291138,1259.97369,6.357075955,0.126981453,14.3,21.185404000000016,-1.0651205590000004
709.9000000000001,1225.017465,5.313910291,0.239806762,1260.60865,6.372778432,0.177506221,14.3,21.291184999999995,-1.0588681409999996
710.0,1225.549042,5.339916748,0.280322385,1261.24546,6.39388854,0.223113464,14.3,21.396417999999993,-1.0539717919999996
710.1,1226.083422,5.369974768,0.320838009,1261.884675,6.419586692,0.263034115,14.3,21.501253000000087,-1.0496119240000006
710.2,1226.621011,5.40408435,0.361353633,1262.526854,6.448889382,0.293018671,14.3,21.605843000000004,-1.0448050320000002
710.3000000000001,1227.162213,5.442245494,0.401869256,1263.172552,6.480813106,0.31431148,14.3,21.71033899999993,-1.0385676120000005
710.4000000000001,1227.707434,5.484458201,0.44238488,1263.822197,6.514896424,0.325769239,14.3,21.81476300000004,-1.030438223
710.5,1228.257079,5.53072247,0.482657886,1264.47569,6.548589634,0.327665141,14.3,21.91861100000001,-1.017867164
710.6,1228.811553,5.581038302,0.521475189,1265.132801,6.582475428,0.321365168,14.3,22.021247999999968,-1.0014371260000008
710.7,1229.371261,5.635405696,0.557381086,1265.793301,6.615048235,0.307638384,14.3,22.122039999999924,-0.9796425389999994
710.8000000000001,1229.936609,5.693679082,0.588919872,1266.456959,6.645488467,0.290734293,14.3,22.220350000000007,-0.9518093849999998
710.9000000000001,1230.508,5.755130608,0.614635845,1267.123547,6.673632207,0.269681742,14.3,22.315546999999878,-0.9185015989999998
711.0,1231.085842,5.818886853,0.633073301,1267.792834,6.699479455,0.246990017,14.3,22.406992000000127,-0.8805926019999992
711.1,1231.670538,5.884074394,0.643019154,1268.464591,6.72303021,0.224025095,14.3,22.494052999999848,-0.8389558160000004
711.2,1232.262378,5.949819809,0.644230788,1269.138588,6.744284474,0.201060173,14.3,22.576210000000128,-0.7944646649999996
711.3000000000001,1232.861184,6.015249676,0.636950818,1269.814596,6.763242245,0.178095251,14.3,22.653411999999843,-0.747992569
711.4000000000001,1233.466663,6.079490574,0.622392332,1270.492385,6.779903524,0.155130329,14.3,22.725722000000086,-0.7004129499999996
711.5,1234.078521,6.141669081,0.602011032,1271.171725,6.794268311,0.132165408,14.3,22.793204000000014,-0.6525992299999999
711.6,1234.696464,6.201057344,0.577262623,1271.852387,6.806336605,0.109200486,14.3,22.8559229999998,-0.6052792610000006
711.7,1235.3202,6.257509793,0.549602806,1272.534141,6.816108408,0.086369358,14.3,22.913940999999976,-0.5585986150000002
711.8000000000001,1235.949434,6.311026428,0.520487287,1273.216757,6.823583718,0.064340992,14.3,22.967322999999805,-0.5125572900000002
711.9000000000001,1236.583873,6.36160725,0.49112915,1273.900006,6.828762536,0.043918152,14.3,23.016133000000035,-0.46715528600000056
712.0,1237.223224,6.409252258,0.461771013,1274.583657,6.831725138,0.025903599,14.3,23.06043299999983,-0.42247287999999994
712.1,1237.867192,6.453961453,0.432412876,1275.267483,6.832872906,0.011100095,14.3,23.10029100000015,-0.3789114530000006
712.2,1238.515484,6.495734833,0.403054739,1275.951252,6.832687496,0.000310405,14.3,23.135768000000052,-0.33695266299999993
712.3000000000001,1239.167807,6.534572401,0.373696602,1276.634735,6.831650567,-0.005796505,14.3,23.166928000000052,-0.2970781659999995
712.4000000000001,1239.823866,6.570474154,0.344338465,1277.317767,6.830243775,-0.007086839,14.3,23.19390100000005,-0.25976962099999934
712.5,1240.483369,6.603440094,0.315189514,1278.000439,6.828948779,-0.003694392,14.3,23.217069999999875,-0.22550868500000032
712.6,1241.146022,6.63347022,0.287295673,1278.682907,6.828247236,0.003711867,14.3,23.236884999999983,-0.19477701599999975
712.7,1241.811531,6.660564532,0.261912056,1279.365326,6.828620802,0.014329176,14.3,23.253795000000036,-0.16805626999999923
712.8000000000001,1242.479603,6.684848542,0.240293771,1280.047852,6.830470861,0.027354773,14.3,23.268248999999923,-0.1456223190000001
712.9000000000001,1243.149944,6.706949805,0.223695933,1280.730642,6.833877687,0.041985894,14.3,23.280697999999983,-0.12692788200000038
713.0,1243.82226,6.727621387,0.21337365,1281.41385,6.838841281,0.057419778,14.3,23.291589999999996,-0.11121989399999954
713.1,1244.496258,6.747616357,0.21037285,1282.097632,6.845361643,0.072987456,14.3,23.301374000000077,-0.09774528600000032
713.2,1245.171745,6.767687779,0.214902718,1282.782144,6.853438772,0.088555134,14.3,23.310398999999915,-0.08575099299999955
713.3000000000001,1245.848929,6.788588722,0.226754068,1283.467541,6.863072669,0.104122812,14.3,23.318611999999984,-0.07448394700000005
713.4000000000001,1246.528119,6.811072252,0.244880974,1284.15398,6.874263335,0.11969049,14.3,23.325860999999986,-0.06319108300000043
713.5,1247.209624,6.835891435,0.268028326,1284.841615,6.887010767,0.135258168,14.3,23.33199099999997,-0.05111933199999985
713.6,1247.893753,6.863673828,0.294941012,1285.530603,6.901314968,0.150825845,14.3,23.336849999999867,-0.03764114000000074
713.7,1248.580815,6.894544941,0.32436392,1286.2211,6.917175936,0.166393523,14.3,23.340284999999948,-0.02263099499999921
713.8000000000001,1249.271118,6.928504775,0.355041939,1286.91326,6.934593673,0.18191478,14.3,23.34214200000015,-0.006088897999999787
713.9000000000001,1249.964971,6.965553329,0.385929143,1287.60724,6.953568177,0.197157511,14.3,23.34226899999994,0.011985151999999388
714.0,1250.662684,7.005690604,0.416816348,1288.303196,6.974099449,0.211843191,14.3,23.34051200000017,0.03159115500000009
714.1,1251.364565,7.048916599,0.447703553,1289.001282,6.996159636,0.225693294,14.3,23.33671699999986,0.05275696300000021
714.2,1252.070923,7.095231314,0.478590757,1289.701655,7.019609475,0.238429294,14.3,23.33073200000008,0.07562183900000008
714.3000000000001,1252.782067,7.14463475,0.509477962,1290.40447,7.044281851,0.249772665,14.3,23.32240299999985,0.10035289899999977
714.4000000000001,1253.498306,7.197126906,0.540365166,1291.109883,7.070009649,0.259491303,14.3,23.311577000000124,0.1271172570000001
714.5,1254.219948,7.252707783,0.571041677,1291.818028,7.096625753,0.267538786,14.3,23.29807999999998,0.15608203000000032
714.6,1254.947303,7.311377381,0.600454026,1292.528948,7.123963047,0.273961536,14.3,23.28164499999998,0.18741433399999963
714.7,1255.680679,7.373135698,0.627338052,1293.242666,7.151854417,0.278991658,14.3,23.261987000000044,0.22128128099999955
714.8000000000001,1256.420386,7.43785632,0.650429592,1293.959203,7.180132747,0.282907677,14.3,23.23881699999988,0.2577235729999998
714.9000000000001,1257.166731,7.504907166,0.668464486,1294.678582,7.208658773,0.285988118,14.3,23.211850999999978,0.29624839299999994
715.0,1257.920025,7.573529738,0.68017857,1295.400825,7.237404644,0.288511508,14.3,23.180800000000044,0.3361250940000007
715.1,1258.680576,7.642965539,0.684518378,1296.125953,7.266370359,0.290756373,14.3,23.145377000000007,0.3765951800000007
715.2,1259.448591,7.712456072,0.681273215,1296.853989,7.295555918,0.292954816,14.3,23.105397999999877,0.41690015400000036
715.3000000000001,1260.223874,7.78124284,0.670653775,1297.584955,7.324961322,0.29515326,14.3,23.061081000000012,0.45628151799999994
715.4000000000001,1261.006127,7.848567347,0.653713527,1298.318872,7.35458657,0.297351703,14.3,23.01274499999995,0.493980777
715.5,1261.795052,7.913671095,0.631716631,1299.055762,7.384431663,0.299550147,14.3,22.960710000000017,0.5292394319999998
715.6,1262.59035,7.975922003,0.605927251,1299.795648,7.4144966,0.30174859,14.3,22.905298000000084,0.5614254030000003
715.7,1263.391726,8.035193655,0.577609546,1300.538551,7.444781381,0.303947034,14.3,22.846825000000035,0.5904122740000002
715.8000000000001,1264.198879,8.091486051,0.54802768,1301.284494,7.475286006,0.306154526,14.3,22.78561499999996,0.6162000450000003
715.9000000000001,1265.011512,8.144799191,0.518235121,1302.033499,7.506010476,0.308416314,14.3,22.721986999999853,0.6387887150000005
716.0,1265.829328,8.195133075,0.488442561,1302.785587,7.53695479,0.310786693,14.3,22.656259000000045,0.6581782849999991
716.1,1266.652029,8.242487703,0.458650001,1303.54078,7.568124378,0.313319958,14.3,22.588750999999956,0.6743633249999998
716.2,1267.479315,8.286863075,0.428857442,1304.2991,7.599546388,0.316070405,14.3,22.51978499999991,0.6873166869999991
716.3000000000001,1268.310891,8.328259191,0.399064882,1305.06057,7.631253397,0.319092328,14.3,22.449679000000014,0.6970057940000007
716.4000000000001,1269.146457,8.366676051,0.369272322,1305.825212,7.663277981,0.322430974,14.3,22.37875499999991,0.7033980700000004
716.5,1269.985716,8.402113656,0.339479763,1306.593051,7.695652719,0.326095393,14.3,22.307335000000148,0.7064609369999992
716.6,1270.828369,8.434572004,0.309843746,1307.364131,7.728410187,0.330076534,14.3,22.235761999999976,0.7061618169999999
716.7,1271.67412,8.464051096,0.281146992,1308.138501,7.761582963,0.334329153,14.3,22.164381000000002,0.702468133
716.8000000000001,1272.522669,8.490550933,0.25432876,1308.916209,7.795203624,0.338798953,14.3,22.09354000000003,0.6953473089999997
716.9000000000001,1273.37372,8.514165439,0.230328312,1309.697302,7.829299317,0.343431639,14.3,22.023581999999987,0.684866121999999
717.0,1274.226973,8.535364246,0.209668346,1310.481829,7.863875473,0.348172916,14.3,21.954856000000017,0.6714887730000001
717.1,1275.082132,8.554710912,0.194537815,1311.269837,7.898932091,0.352968488,14.3,21.88770500000005,0.6557788209999993
717.2,1275.938898,8.572768991,0.184469746,1312.061375,7.93446917,0.357773109,14.3,21.82247699999989,0.6382998210000004
717.3000000000001,1276.797048,8.589852104,0.180037244,1312.85649,7.970486712,0.362577731,14.3,21.75944199999999,0.6193653920000006
717.4000000000001,1277.656661,8.607273622,0.181083768,1313.655232,8.006984717,0.367382352,14.3,21.698571000000083,0.6002889049999993
717.5,1278.517888,8.624847286,0.186826598,1314.457647,8.043963183,0.372186973,14.3,21.639758999999867,0.5808841029999989
717.6,1279.380884,8.643386593,0.196743038,1315.263784,8.081422111,0.376991595,14.3,21.582900000000063,0.5619644820000005
717.7,1280.245801,8.663361172,0.208644135,1316.073691,8.119361502,0.381796216,14.3,21.527890000000024,0.5439996699999998
717.8000000000001,1281.112792,8.68486495,0.222840318,1316.887416,8.157781355,0.38659412,14.3,21.47462400000013,0.5270835950000006
717.9000000000001,1281.98201,8.707897927,0.237975763,1317.705007,8.196681669,0.391351721,14.3,21.422997000000077,0.5112162579999993
718.0,1282.853607,8.732460103,0.253267751,1318.526512,8.236062446,0.396028713,14.3,21.3729049999999,0.49639765699999927
718.1,1283.727737,8.758551477,0.268559739,1319.35198,8.275919655,0.400584795,14.3,21.324242999999978,0.4826318220000001
718.2,1284.604553,8.786172051,0.283851728,1320.181457,8.316233144,0.404979661,14.3,21.276904000000012,0.4699389069999995
718.3000000000001,1285.484207,8.815321823,0.299143716,1321.014992,8.35697873,0.409173009,14.3,21.230784999999923,0.45834309299999987
718.4000000000001,1286.366852,8.846000794,0.314435704,1321.852634,8.398132231,0.413131251,14.3,21.18578199999997,0.4478685630000001
718.5,1287.252642,8.878208964,0.329727692,1322.694427,8.439669466,0.41684767,14.3,21.14178499999998,0.4385394980000008
718.6,1288.14173,8.911946332,0.344859029,1323.540403,8.481566252,0.420328984,14.3,21.098672999999916,0.43038007999999905
718.7,1289.034267,8.9472129,0.359026457,1324.39059,8.523798406,0.42360878,14.3,21.056322999999974,0.4234144940000011
718.8000000000001,1289.930408,8.984008666,0.370711585,1325.245018,8.566341746,0.42672736,14.3,21.01461000000013,0.4176669199999985
718.9000000000001,1290.830304,9.02223724,0.380613953,1326.103715,8.609176121,0.429725029,14.3,20.973410999999896,0.413061119
719.0,1291.73411,9.061416668,0.386106203,1326.96671,8.652297499,0.43264209,14.3,20.93259999999982,0.4091191690000002
719.1,1292.641977,9.100635915,0.386778909,1327.834031,8.695705882,0.435518847,14.3,20.892054000000098,0.4049300329999994
719.2,1293.554059,9.140314704,0.381828814,1328.705708,8.739401269,0.438388888,14.3,20.851648999999906,0.40091343499999965
719.3000000000001,1294.470432,9.178876621,0.371095268,1329.581768,8.783383659,0.441258928,14.3,20.811335999999937,0.3954929620000005
719.4000000000001,1295.390863,9.216076011,0.355293403,1330.462241,8.827653054,0.444128968,14.3,20.771377999999867,0.3884229569999995
719.5,1296.315042,9.251334529,0.333563029,1331.347155,8.872209453,0.446999008,14.3,20.73211299999998,0.37912507599999934
719.6,1297.242659,9.284073829,0.308531503,1332.236539,8.917052856,0.449869048,14.3,20.69387999999999,0.3670209730000007
719.7,1298.173405,9.313811957,0.280608252,1333.130422,8.962183263,0.452739088,14.3,20.65701699999995,0.3516286940000004
719.8000000000001,1299.106971,9.340452521,0.250757182,1334.028832,9.007600674,0.455591722,14.3,20.621861000000035,0.3328518469999988
719.9000000000001,1300.043045,9.363995523,0.219942204,1334.931799,9.053305088,0.458339918,14.3,20.588754000000062,0.3106904349999997
720.0,1300.981318,9.384440962,0.188966575,1335.83935,9.099296507,0.460879238,14.3,20.558031999999866,0.2851444549999993
720.1,1301.921482,9.401788838,0.157990945,1336.751515,9.145564486,0.463105245,14.3,20.530032999999957,0.25622435200000027
720.2,1302.863225,9.416039151,0.127015316,1337.668321,9.192056807,0.464913499,14.3,20.505096000000048,0.2239823439999995
720.3000000000001,1303.806238,9.427191901,0.096039686,1338.589799,9.238710806,0.466199564,14.3,20.48356100000019,0.1884810950000002
720.4000000000001,1304.750212,9.435247089,0.065064057,1339.515976,9.28546382,0.466876408,14.3,20.46576399999999,0.14978326900000027
720.5,1305.694837,9.440204713,0.034088428,1340.446874,9.332253188,0.466926624,14.3,20.452036999999972,0.10795152500000071
720.6,1306.639802,9.442064774,0.003299929,1341.382478,9.379016246,0.466367619,14.3,20.442676000000073,0.06304852799999949
720.7,1307.584798,9.440827272,-0.026365787,1342.322767,9.425690331,0.465286424,14.3,20.43796900000002,0.015136940999999737
720.8000000000001,1308.529516,9.436492208,-0.053785937,1343.267721,9.472212781,0.463787478,14.3,20.43820499999988,-0.03572057299999898
720.9000000000001,1309.473646,9.429171859,-0.077837738,1344.217317,9.518531377,0.461975217,14.3,20.443671000000176,-0.0893595180000002
721.0,1310.416877,9.419427616,-0.097398408,1345.171534,9.564635675,0.459954081,14.3,20.45465699999995,-0.14520805899999978
721.1,1311.3589,9.40793315,-0.111345162,1346.130351,9.610525675,0.457828507,14.3,20.47145100000007,-0.20259252500000002
721.2,1312.299406,9.395362131,-0.118742349,1347.093747,9.656201376,0.455685527,14.3,20.494340999999803,-0.26083924499999966
721.3000000000001,1313.238174,9.382388228,-0.119402838,1348.061699,9.70166278,0.453542546,14.3,20.523525000000017,-0.31927455199999955
721.4000000000001,1314.175344,9.369685111,-0.113513759,1349.034186,9.746909886,0.451399566,14.3,20.558842000000094,-0.3772247749999984
721.5,1315.111145,9.357926449,-0.102010766,1350.011188,9.791942693,0.449256586,14.3,20.600042999999868,-0.4340162439999986
721.6,1316.045806,9.347785914,-0.086016641,1350.992682,9.836761203,0.447113605,14.3,20.646875999999974,-0.48897528900000076
721.7,1316.979556,9.339824895,-0.066654167,1351.978647,9.881365414,0.444970625,14.3,20.699090999999907,-0.5415405189999998
721.8000000000001,1317.912625,9.334155671,-0.045046126,1352.969062,9.925755328,0.442792347,14.3,20.75643699999996,-0.5915996569999997
721.9000000000001,1318.845241,9.330778243,-0.022315303,1353.963906,9.969930943,0.440402283,14.3,20.818664999999964,-0.6391527000000004
722.0,1319.777635,9.329692611,0.00060265,1354.963156,10.01389226,0.437588647,14.3,20.885521000000107,-0.684199649
722.1,1320.710034,9.330898773,0.023520604,1355.966791,10.0576181,0.434139652,14.3,20.956757000000106,-0.7267193269999996
722.2,1321.642668,9.334396732,0.046438557,1356.974791,10.10100257,0.429843514,14.3,21.032123000000137,-0.7666058380000003
722.3000000000001,1322.575767,9.340186485,0.069356511,1357.987133,10.1439186,0.424488445,14.3,21.111366000000043,-0.803732114999999
722.4000000000001,1323.50956,9.348268034,0.092274465,1359.003796,10.18623912,0.417897957,14.3,21.194236,-0.8379710859999996
722.5,1324.444275,9.358641378,0.115192418,1360.024742,10.22783705,0.410036753,14.3,21.280466999999998,-0.869195672
722.6,1325.380142,9.371306517,0.138110372,1361.049864,10.26858533,0.40094013,14.3,21.369722000000092,-0.8972788129999998
722.7,1326.317391,9.386263452,0.161012441,1362.07904,10.30835688,0.390784577,14.3,21.461649000000033,-0.9220934280000002
722.8000000000001,1327.256249,9.403512182,0.183819203,1363.112147,10.34702462,0.37978188,14.3,21.555898000000024,-0.9435124379999991
722.9000000000001,1328.196947,9.423052708,0.20643535,1364.149061,10.38448268,0.368143824,14.3,21.652114000000164,-0.9614299719999995
723.0,1329.139714,9.444875498,0.228765576,1365.189659,10.42070987,0.356082197,14.3,21.74994499999998,-0.9758343719999996
723.1,1330.084778,9.468932899,0.250714573,1366.233818,10.45570618,0.343808783,14.3,21.849040000000013,-0.9867732809999996
723.2,1331.03237,9.495167727,0.272187034,1367.281416,10.48947162,0.331500072,14.3,21.949046000000134,-0.9943038929999997
723.3000000000001,1331.982717,9.523522798,0.293103536,1368.332328,10.52200619,0.31919136,14.3,22.049610999999867,-0.9984833920000007
723.4000000000001,1332.936043,9.553940926,0.313448194,1369.386432,10.55330989,0.306882649,14.3,22.150389000000086,-0.9993689640000003
723.5,1333.892537,9.586364928,0.333236894,1370.443605,10.58338272,0.294573938,14.3,22.251067999999986,-0.9970177919999994
723.6,1334.852383,9.62073762,0.352549058,1371.503724,10.61222468,0.282265226,14.3,22.351341,-0.9914870600000008
723.7,1335.815765,9.657001816,0.371479993,1372.566666,10.63983577,0.269956515,14.3,22.450900999999885,-0.9828339540000002
723.8000000000001,1336.782866,9.695109864,0.390125006,1373.632307,10.66621598,0.257765921,14.3,22.54944100000007,-0.9711061159999996
723.9000000000001,1337.75387,9.735052233,0.408579405,1374.700524,10.69136533,0.246284033,14.3,22.64665400000008,-0.9563130970000007
724.0,1338.72896,9.776828922,0.426938497,1375.771195,10.7152838,0.236326473,14.3,22.742235000000118,-0.9384548779999999
724.1,1339.708319,9.820439932,0.445281704,1376.844197,10.73804228,0.228281191,14.3,22.83587799999982,-0.9176023480000008
724.2,1340.692131,9.865885263,0.463624911,1377.919405,10.7599951,0.223177649,14.3,22.92727400000008,-0.8941098370000002
724.3000000000001,1341.680579,9.913164914,0.481968119,1378.996698,10.78163165,0.221617632,14.3,23.016118999999843,-0.8684667360000002
724.4000000000001,1342.673846,9.962278886,0.500311326,1380.075951,10.8031847,0.224191728,14.3,23.10210500000012,-0.8409058139999992
724.5,1343.672117,10.01322718,0.518654533,1381.1571,10.82527192,0.231018055,14.3,23.18498299999983,-0.812044740000001
724.6,1344.675575,10.06600979,0.53699774,1382.240303,10.84825438,0.241871577,14.3,23.26472800000006,-0.7822445899999995
724.7,1345.684402,10.12062673,0.555116634,1383.325778,10.87255731,0.256482462,14.3,23.34137599999981,-0.7519305799999998
724.8000000000001,1346.698783,10.17707798,0.571889648,1384.413743,10.89860593,0.273821249,14.3,23.41496000000002,-0.7215279500000005
724.9000000000001,1347.7189,10.23536356,0.585128324,1385.504414,10.9267546,0.293286151,14.3,23.48551399999992,-0.691391040000001
725.0,1348.744938,10.29534887,0.59601452,1386.598009,10.95707418,0.314168463,14.3,23.553071,-0.6617253099999996
725.1,1349.77708,10.35636097,0.600674618,1387.694743,10.98956467,0.33575948,14.3,23.617662999999947,-0.6332036999999993
725.2,1350.815509,10.41708679,0.598605318,1388.794836,11.02422607,0.357468615,14.3,23.67932700000001,-0.6071392799999984
725.3000000000001,1351.860408,10.47823544,0.588685054,1389.898503,11.06105839,0.37917775,14.3,23.738094999999884,-0.5828229499999988
725.4000000000001,1352.911854,10.53748275,0.570689512,1391.005962,11.10006162,0.400886885,14.3,23.794108000000005,-0.5625788699999994
725.5,1353.969491,10.59452675,0.545685585,1392.11743,11.14123577,0.42259602,14.3,23.84793899999995,-0.5467090199999998
725.6,1355.032857,10.6485599,0.512267102,1393.233124,11.18458083,0.444305155,14.3,23.900267000000166,-0.5360209299999994
725.7,1356.101489,10.69877468,0.47430768,1394.353261,11.2300968,0.46601429,14.3,23.951772000000073,-0.5313221200000005
725.8000000000001,1357.174925,10.74449814,0.432310618,1395.478058,11.27778368,0.487723425,14.3,24.003132999999888,-0.5332855400000014
725.9000000000001,1358.252701,10.7855957,0.387621798,1396.607732,11.32764148,0.509349787,14.3,24.055031000000053,-0.5420457800000005
726.0,1359.334357,10.82206736,0.341587098,1397.742501,11.3796702,0.530479509,14.3,24.108143999999992,-0.5576028399999995
726.1,1360.419428,10.85391312,0.295328085,1398.882581,11.43386982,0.550615953,14.3,24.163153000000147,-0.5799567000000003
726.2,1361.507452,10.88113298,0.249069072,1400.028189,11.4901907,0.569262479,14.3,24.220737000000053,-0.6090577199999991
726.3000000000001,1362.597967,10.90372693,0.202810059,1401.179543,11.5483845,0.585922448,14.3,24.28157600000004,-0.6446575699999997
726.4000000000001,1363.690511,10.92169499,0.156551046,1402.33686,11.60815326,0.600324347,14.3,24.346348999999872,-0.6864582699999993
726.5,1364.784619,10.93503714,0.110292033,1403.500357,11.66919897,0.611710236,14.3,24.415737999999873,-0.7341618299999997
726.6,1365.879831,10.9437534,0.06403302,1404.67021,11.73122367,0.619678804,14.3,24.49037900000003,-0.78747027
726.7,1366.975683,10.94784375,0.017774006,1405.84644,11.79406443,0.625081616,14.3,24.57075700000014,-0.8462206800000001
726.8000000000001,1368.071713,10.9473082,-0.028024073,1407.029023,11.85721684,0.628001231,14.3,24.657310000000006,-0.9099086399999994
726.9000000000001,1369.167458,10.94214675,-0.071056553,1408.21794,11.92019179,0.628934289,14.3,24.7504820000001,-0.9780450400000014
727.0,1370.262455,10.93235939,-0.107091603,1409.413168,11.98320223,0.628152302,14.3,24.850712999999995,-1.0508428399999996
727.1,1371.356242,10.9182227,-0.137762313,1410.614687,12.04599971,0.626495984,14.3,24.958444999999937,-1.1277770100000009
727.2,1372.448357,10.90111946,-0.155904393,1411.822475,12.10858424,0.624780513,14.3,25.074117999999952,-1.2074647800000005
727.3000000000001,1373.538337,10.88358879,-0.160218474,1413.03651,12.17095581,0.622650962,14.3,25.19817299999995,-1.2873670200000014
727.4000000000001,1374.625719,10.86465081,-0.148399888,1414.256772,12.23311443,0.620521411,14.3,25.331053000000065,-1.36846362
727.5,1375.710261,10.84860411,-0.119987702,1415.483239,12.29506009,0.61839186,14.3,25.472977999999966,-1.4464559799999996
727.6,1376.792608,10.83622831,-0.07690908,1416.715891,12.3567928,0.616262309,14.3,25.623283000000082,-1.52056449
727.7,1377.873625,10.82918277,-0.017069998,1417.954704,12.41831256,0.614132758,14.3,25.781079000000044,-1.5891297900000012
727.8000000000001,1378.954176,10.82912684,0.052365254,1419.19966,12.47961935,0.612003207,14.3,25.945484000000032,-1.6504925099999994
727.9000000000001,1380.035126,10.83744334,0.130097306,1420.450735,12.5407132,0.610287735,14.3,26.115608999999903,-1.7032698600000007
728.0,1381.11734,10.85440881,0.213360558,1421.707909,12.60159409,0.608631418,14.3,26.29056899999996,-1.74718528
728.1,1382.201683,10.88002326,0.29938941,1422.97116,12.66226202,0.607446969,14.3,26.46947700000005,-1.7822387600000003
728.2,1383.28902,10.91428669,0.385879195,1424.240468,12.72296544,0.607828507,14.3,26.651448000000027,-1.8086787499999986
728.3000000000001,1384.380216,10.9571991,0.47236898,1425.51581,12.78349141,0.609838858,14.3,26.835594000000082,-1.8262923099999995
728.4000000000001,1385.476135,11.00876049,0.558858765,1426.797166,12.84408754,0.613885226,14.3,27.021030999999947,-1.83532705
728.5,1386.577643,11.06897085,0.64534855,1428.084514,12.9054103,0.619960736,14.3,27.20687099999982,-1.8364394500000003
728.6,1387.685605,11.1378302,0.731838335,1429.377866,12.9674974,0.628827517,14.3,27.392261000000143,-1.8296671999999994
728.7,1388.800885,11.21533852,0.81832812,1430.677363,13.03059315,0.640412188,14.3,27.576477999999906,-1.81525463
728.8000000000001,1389.924348,11.30149582,0.904334356,1431.983179,13.09494189,0.653688502,14.3,27.758831000000054,-1.79344607
728.9000000000001,1391.05686,11.3963021,0.987439302,1433.295488,13.16078792,0.668593631,14.3,27.93862800000006,-1.7644858200000009
729.0,1392.199284,11.49975736,1.064741666,1434.614466,13.22833485,0.684720369,14.3,28.115181999999958,-1.7285774899999993
729.1,1393.352487,11.61157147,1.133340158,1435.940285,13.2976234,0.701661515,14.3,28.287797999999793,-1.6860519300000014
729.2,1394.517332,11.73029378,1.190333487,1437.273119,13.36865358,0.719009864,14.3,28.455787000000054,-1.6383598
729.3000000000001,1395.694685,11.85418352,1.232820361,1438.613144,13.44142538,0.73642608,14.3,28.618458999999984,-1.5872418600000007
729.4000000000001,1396.885411,11.98149992,1.258383039,1439.960534,13.51593879,0.753842296,14.3,28.775123000000075,-1.5344388700000007
729.5,1398.090142,12.11050219,1.266537973,1441.315461,13.59219384,0.771258513,14.3,28.9253189999999,-1.4816916500000001
729.6,1399.308583,12.23944958,1.25776871,1442.678102,13.6701905,0.788674729,14.3,29.06951900000008,-1.4307409199999999
729.7,1400.540206,12.36660129,1.234492993,1444.048629,13.74992878,0.806090945,14.3,29.208422999999993,-1.3833274899999992
729.8000000000001,1401.784484,12.49021656,1.199612113,1445.427217,13.83140869,0.823507161,14.3,29.342732999999907,-1.3411921299999996
729.9000000000001,1403.040888,12.60884475,1.156027361,1446.81404,13.91463021,0.840809403,14.3,29.47315199999998,-1.305785460000001
730.0,1404.308892,12.72219571,1.106640027,1448.209272,13.99959336,0.857427796,14.3,29.60038000000004,-1.277397650000001
730.1,1405.587966,12.83026946,1.054351402,1449.613087,14.08629813,0.872678493,14.3,29.7251209999999,-1.2560286699999992
730.2,1406.877584,12.93306599,1.001579229,1451.025661,14.17467614,0.885877646,14.3,29.84807699999983,-1.2416101500000014
730.3000000000001,1408.177218,13.03058531,0.948807056,1452.447166,14.26438546,0.896341405,14.3,29.969947999999885,-1.2338001500000004
730.4000000000001,1409.48634,13.12282741,0.896034882,1453.877776,14.35501578,0.903385924,14.3,30.09143600000011,-1.2321883700000011
730.5,1410.804422,13.20979228,0.843262709,1455.317667,14.4461568,0.906441328,14.3,30.213245000000096,-1.2363645200000004
730.6,1412.130937,13.29147995,0.790490536,1456.766958,14.5373982,0.905393643,14.3,30.336021000000027,-1.2459182500000008
730.7,1413.465357,13.36789039,0.737718362,1458.225548,14.62832969,0.900356843,14.3,30.46019099999985,-1.2604392999999998
730.8000000000001,1414.807154,13.43902362,0.685206434,1459.693284,14.71854094,0.891900803,14.3,30.586129999999866,-1.27951732
730.9000000000001,1416.1558,13.50487963,0.634255974,1461.170013,14.80762164,0.880709369,14.3,30.714212999999926,-1.3027420100000011
731.0,1417.510768,13.56545842,0.586428452,1462.655579,14.89522989,0.867466391,14.3,30.84481099999989,-1.329771469999999
731.1,1418.87153,13.62091615,0.543285336,1464.149829,14.98129728,0.852855717,14.3,30.97829900000006,-1.3603811300000004
731.2,1420.237559,13.67203353,0.505501439,1465.652609,15.06582383,0.837561195,14.3,31.115050000000064,-1.3937902999999991
731.3000000000001,1421.608326,13.71974746,0.477298199,1467.163764,15.14880952,0.822152697,14.3,31.255437999999867,-1.4290620599999997
731.4000000000001,1422.983304,13.76499482,0.45731687,1468.683141,15.23025437,0.8067442,14.3,31.399836999999888,-1.4652595500000007
731.5,1424.36209,13.80818049,0.446704353,1470.210586,15.31015836,0.791335703,14.3,31.54849599999984,-1.501977870000001
731.6,1425.74478,13.85183734,0.445200405,1471.745944,15.38852151,0.775927206,14.3,31.701164000000016,-1.536684170000001
731.7,1427.131598,13.89530627,0.4515038,1473.289061,15.4653438,0.760518708,14.3,31.857463000000006,-1.5700375299999987
731.8000000000001,1428.522764,13.94005614,0.464939727,1474.839783,15.54062525,0.745110211,14.3,32.01701899999985,-1.6005691100000004
731.9000000000001,1429.9185,13.98686771,0.481286747,1476.397956,15.61436584,0.729522781,14.3,32.17945600000003,-1.6274981299999993
732.0,1431.319029,14.0358971,0.501643362,1477.963426,15.68656559,0.712861754,14.3,32.34439700000003,-1.650668490000001
732.1,1432.724571,14.08714433,0.523561445,1479.53604,15.75722449,0.694053535,14.3,32.51146899999999,-1.6700801600000013
732.2,1434.135349,14.14060939,0.545739773,1481.115642,15.82623518,0.672024525,14.3,32.68029300000008,-1.6856257899999996
732.3000000000001,1435.551584,14.19629228,0.567918101,1482.702078,15.89306085,0.645701128,14.3,32.85049399999998,-1.6967685699999997
732.4000000000001,1436.973498,14.25419301,0.590096428,1484.295196,15.95705737,0.614009749,14.3,33.02169799999997,-1.7028643599999995
732.5,1438.401313,14.31431157,0.612274756,1485.89484,16.01758056,0.576055722,14.3,33.19352699999986,-1.7032689899999998
732.6,1439.835251,14.37664796,0.634453084,1487.500771,16.07398627,0.531660116,14.3,33.36552000000002,-1.6973383099999992
732.7,1441.275534,14.44120219,0.656631412,1489.112405,16.12563034,0.481001862,14.3,33.53687099999998,-1.6844281500000005
732.8000000000001,1442.722383,14.50797424,0.67880974,1490.729072,16.17186861,0.424975625,14.3,33.706689000000054,-1.6638943700000013
732.9000000000001,1444.17602,14.57696413,0.700599006,1492.350104,16.21205692,0.364655002,14.3,33.874083999999996,-1.635092789999998
733.0,1445.636667,14.64817186,0.718335193,1493.974831,16.24565849,0.301113589,14.3,34.03816400000001,-1.5974866300000006
733.1,1447.104545,14.72159741,0.734840044,1495.602583,16.27256593,0.235424982,14.3,34.19803800000018,-1.5509685199999996
733.2,1448.579877,14.79700737,0.74262307,1497.232691,16.29277927,0.168662779,14.3,34.35281400000004,-1.4957719000000012
733.3000000000001,1450.062885,14.8722033,0.741068604,1498.864486,16.30629849,0.101721643,14.3,34.501600999999894,-1.434095189999999
733.4000000000001,1451.553789,14.94887827,0.727842271,1500.497298,16.3131236,0.034780507,14.3,34.64350899999995,-1.364245330000001
733.5,1453.052812,15.02253798,0.700998761,1502.130457,16.31325459,-0.032160629,14.3,34.77764500000008,-1.2907166100000005
733.6,1454.559989,15.09281302,0.661867716,1503.763296,16.30669147,-0.099101765,14.3,34.903307,-1.213878450000001
733.7,1456.074608,15.15830278,0.605682085,1505.395143,16.29343424,-0.166042901,14.3,35.020535000000066,-1.1351314600000002
733.8000000000001,1457.59577,15.21760662,0.539543292,1507.02533,16.27348289,-0.232984037,14.3,35.12956000000004,-1.0558762700000006
733.9000000000001,1459.122576,15.26932393,0.464067006,1508.653186,16.24683743,-0.299637253,14.3,35.23061000000003,-0.9775134999999988
734.0,1460.654128,15.31228752,0.381587601,1510.278044,16.21349786,-0.364562954,14.3,35.32391600000001,-0.9012103400000004
734.1,1462.189527,15.34626395,0.294439449,1511.899233,16.17346417,-0.426033623,14.3,35.4097060000001,-0.8272002199999982
734.2,1463.727874,15.37125322,0.204956924,1513.516084,16.12690912,-0.482321746,14.3,35.488210000000166,-0.7556559000000007
734.3000000000001,1465.268271,15.38725534,0.115085337,1515.127927,16.07469647,-0.531699805,14.3,35.55965600000009,-0.6874411299999998
734.4000000000001,1466.809819,15.39427029,0.02521375,1516.734094,16.01786272,-0.573627971,14.3,35.624274999999855,-0.6235924300000004
734.5,1468.351619,15.39229809,-0.064657838,1518.333914,15.95744438,-0.60310359,14.3,35.682295000000025,-0.5651462899999995
734.6,1469.892772,15.38133872,-0.154529425,1519.926857,15.89447797,-0.6234018,14.3,35.73408500000001,-0.51313925
734.7,1471.43238,15.3613922,-0.244401012,1521.512944,15.82928739,-0.633622836,14.3,35.7805640000001,-0.4678951900000001
734.8000000000001,1472.969544,15.33245852,-0.3342726,1523.092334,15.76504697,-0.635206292,14.3,35.8227899999999,-0.4325884500000008
734.9000000000001,1474.503365,15.29453768,-0.423548379,1524.665189,15.70065539,-0.629879686,14.3,35.86182400000003,-0.4061177100000002
735.0,1476.032945,15.24762968,-0.509249313,1526.231666,15.63768902,-0.618182845,14.3,35.89872099999998,-0.39005934000000053
735.1,1477.557385,15.19173453,-0.587800555,1527.791927,15.57632061,-0.605406347,14.3,35.93454199999992,-0.38458608000000005
735.2,1479.075786,15.1272097,-0.65562726,1529.346131,15.51655016,-0.589714645,14.3,35.97034499999991,-0.38934045999999967
735.3000000000001,1480.587249,15.05584261,-0.709154581,1530.894438,15.45837768,-0.573735025,14.3,36.00718900000011,-0.40253507000000077
735.4000000000001,1482.090876,14.97977819,-0.744807673,1532.437008,15.40180316,-0.557755405,14.3,36.04613200000013,-0.4220249700000007
735.5,1483.585768,14.90116133,-0.759607497,1533.974,15.3468266,-0.541775784,14.3,36.08823200000002,-0.4456652699999992
735.6,1485.071312,14.82213694,-0.752958246,1535.505574,15.293448,-0.525796164,14.3,36.13426199999999,-0.47131105999999967
735.7,1486.548039,14.74484992,-0.725455728,1537.031891,15.24166737,-0.509816543,14.3,36.18385200000007,-0.49681745
735.8000000000001,1488.016768,14.6714452,-0.680078981,1538.553109,15.19148469,-0.493836923,14.3,36.236340999999996,-0.5200394899999985
735.9000000000001,1489.478314,14.60406767,-0.62040285,1540.069389,15.14289998,-0.477803161,14.3,36.29107500000005,-0.5388323100000001
736.0,1490.933495,14.54450475,-0.550002181,1541.58089,15.09591323,-0.461444549,14.3,36.34739499999996,-0.551408480000001
736.1,1492.383129,14.49311394,-0.472451821,1543.087772,15.05052444,-0.444436236,14.3,36.404643000000036,-0.5574104999999996
736.2,1493.828032,14.44989523,-0.391326615,1544.590196,15.0067661,-0.426453373,14.3,36.462164000000215,-0.5568708700000009
736.3000000000001,1495.269022,14.41484861,-0.309605602,1546.08832,14.96480064,-0.407171109,14.3,36.51929800000012,-0.54995203
736.4000000000001,1496.706916,14.3879741,-0.227884588,1547.582305,14.92482295,-0.386264594,14.3,36.57538899999982,-0.5368488500000002
736.5,1498.142531,14.3692717,-0.146163574,1549.07231,14.88702796,-0.36346312,14.3,36.629779000000056,-0.5177562599999987
736.6,1499.576684,14.35874139,-0.064442561,1550.558522,14.85161057,-0.338712545,14.3,36.681838000000155,-0.4928691799999996
736.7,1501.010193,14.35638318,0.017278453,1552.041229,14.81876569,-0.31206701,14.3,36.73103599999986,-0.4623825099999994
736.8000000000001,1502.443875,14.36219708,0.098999467,1553.520748,14.78868823,-0.283797225,14.3,36.77687299999998,-0.4264911500000004
736.9000000000001,1503.878546,14.37618308,0.180336036,1554.997395,14.76157311,-0.254228038,14.3,36.818849000000185,-0.38539002999999994
737.0,1505.315025,14.39834118,0.259365939,1556.471484,14.73758274,-0.223684302,14.3,36.856458999999816,-0.3392415600000014
737.1,1506.754128,14.42867138,0.333782509,1557.943333,14.71674962,-0.192490864,14.3,36.889204999999905,-0.28807823999999904
737.2,1508.196673,14.46694301,0.40127908,1559.413256,14.69907374,-0.160972577,14.3,36.91658300000013,-0.23213072999999973
737.3000000000001,1509.643477,14.51200275,0.461251892,1560.881569,14.68455511,-0.129400148,14.3,36.93809199999983,-0.17255235999999918
737.4000000000001,1511.095357,14.56246659,0.506285561,1562.348588,14.67319371,-0.097827719,14.3,36.953231000000144,-0.11072711999999996
737.5,1512.55313,14.61695053,0.539566582,1563.814629,14.66498956,-0.06625529,14.3,36.96149899999996,-0.04803902999999998
737.6,1514.017429,14.67509231,0.559007605,1565.280007,14.65994266,-0.034682861,14.3,36.96257800000008,0.015149649999999681
737.7,1515.488148,14.73244271,0.564993074,1566.745039,14.65805299,-0.003110432,14.3,36.956891,0.07438972000000099
737.8000000000001,1516.964998,14.79068296,0.559445212,1568.210039,14.65932057,0.028461997,14.3,36.94504100000013,0.1313623899999996
737.9000000000001,1518.447689,14.84740731,0.542967779,1569.675324,14.66374539,0.060034426,14.3,36.92763499999997,0.1836619199999987
738.0,1519.93593,14.90146243,0.522976158,1571.14121,14.67132745,0.091437776,14.3,36.905279999999905,0.23013498000000077
738.1,1521.429431,14.95261765,0.496668299,1572.608011,14.68206676,0.121826652,14.3,36.878580000000014,0.2705508900000009
738.2,1522.927903,15.00087298,0.468053774,1574.076044,14.69596331,0.150186578,14.3,36.8481409999999,0.3049096700000007
738.3000000000001,1524.431056,15.04622841,0.439054804,1575.545625,14.71291566,0.17550308,14.3,36.81456900000008,0.33331274999999927
738.4000000000001,1525.938599,15.08868394,0.410055834,1577.017069,14.73241656,0.197329405,14.3,36.77846999999993,0.35626737999999847
738.5,1527.450243,15.12823957,0.381056865,1578.490692,14.75385734,0.212947916,14.3,36.74044900000008,0.37438223000000015
738.6,1528.965697,15.16489531,0.352057895,1579.96681,14.7766293,0.223216379,14.3,36.70111299999981,0.3882660100000006
738.7,1530.484672,15.19865115,0.323058925,1581.445657,14.80046441,0.227397994,14.3,36.66098499999994,0.3981867399999999
738.8000000000001,1532.006877,15.2295071,0.294059955,1582.927143,14.82373206,0.225661841,14.3,36.62026599999986,0.40577504
738.9000000000001,1533.532023,15.25746314,0.265060986,1584.411097,14.84684548,0.218853315,14.3,36.57907399999995,0.4106176599999998
739.0,1535.05982,15.2825193,0.236211951,1585.897348,14.86885536,0.20741917,14.3,36.53752800000002,0.41366394000000106
739.1,1536.589977,15.30467555,0.208262524,1587.385724,14.88925444,0.194077043,14.3,36.495746999999895,0.4154211100000005
739.2,1538.122205,15.3239319,0.182112313,1588.876055,14.90794129,0.178138246,14.3,36.45385000000006,0.4159906099999997
739.3000000000001,1539.656213,15.34037832,0.158660927,1590.368169,14.92491591,0.161184974,14.3,36.4119560000001,0.41546240999999995
739.4000000000001,1541.191712,15.35446461,0.138240666,1591.861894,14.94017829,0.144062624,14.3,36.37018199999984,0.41428632000000043
739.5,1542.728412,15.36673053,0.123453062,1593.35706,14.95372843,0.126940273,14.3,36.328648000000115,0.4130020999999999
739.6,1544.266022,15.37771585,0.113345865,1594.853496,14.96556634,0.109817922,14.3,36.28747399999993,0.412149509999999
739.7,1545.804326,15.38761995,0.108636316,1596.35103,14.97569202,0.092695571,14.3,36.24670400000009,0.41192792999999917
739.8000000000001,1547.343391,15.39800374,0.109174483,1597.84949,14.98410546,0.075573221,14.3,36.20609899999995,0.41389827999999973
739.9000000000001,1548.883361,15.40838584,0.11421069,1599.348707,14.99080666,0.05845087,14.3,36.165346000000184,0.41757917999999883
740.0,1550.424377,15.4196464,0.123412638,1600.848508,14.99579563,0.041328519,14.3,36.12413099999999,0.4238507699999996
740.1,1551.966581,15.43223522,0.134178794,1602.348722,14.99907236,0.024206168,14.3,36.08214100000005,0.43316286000000126
740.2,1553.510115,15.44624227,0.147311475,1603.849178,15.00063686,0.007083818,14.3,36.0390629999999,0.44560541000000065
740.3000000000001,1555.055121,15.46166753,0.161343765,1605.349706,15.00048913,-0.010038533,14.3,35.99458499999987,0.46117839999999966
740.4000000000001,1556.60174,15.47851102,0.175525989,1606.850132,14.99862916,-0.027160884,14.3,35.94839199999997,0.479881859999999
740.5,1558.150114,15.49677273,0.189708212,1608.350288,14.99505695,-0.044283235,14.3,35.900174000000064,0.5017157799999996
740.6,1559.700385,15.51645266,0.203890436,1609.85,14.98977251,-0.061405585,14.3,35.849614999999815,0.5266801500000007
740.7,1561.252695,15.53755082,0.21807266,1611.349098,14.98277583,-0.078527936,14.3,35.79640300000001,0.5547749900000003
740.8000000000001,1562.807186,15.56006719,0.232254884,1612.847411,14.97406692,-0.095650287,14.3,35.74022499999997,0.5860002699999995
740.9000000000001,1564.364,15.58400179,0.246437108,1614.344768,14.96364578,-0.112772638,14.3,35.6807679999999,0.6203560100000001
741.0,1565.923277,15.60935461,0.260508107,1615.840996,14.9515124,-0.129894988,14.3,35.61771899999981,0.6578422100000001
741.1,1567.485161,15.63612566,0.27391176,1617.335926,14.93766678,-0.147017339,14.3,35.55076499999991,0.6984588799999987
741.2,1569.049793,15.66431493,0.285980718,1618.829386,14.92210893,-0.16413969,14.3,35.47959300000021,0.7422059999999995
741.3000000000001,1570.617315,15.69385568,0.296047635,1620.321204,14.90483884,-0.181262041,14.3,35.40388900000012,0.7890168400000004
741.4000000000001,1572.187869,15.72441425,0.303445164,1621.81121,14.88585652,-0.198384391,14.3,35.323340999999985,0.8385577299999998
741.5,1573.761596,15.75559022,0.307505958,1623.299232,14.86516196,-0.215506742,14.3,35.23763600000002,0.8904282600000002
741.6,1575.338638,15.7869832,0.307673894,1624.785098,14.84275517,-0.232629093,14.3,35.14646000000012,0.9442280299999997
741.7,1576.919084,15.81819276,0.303837747,1626.268639,14.81863614,-0.246422098,14.3,35.049554999999785,0.9995566199999999
741.8000000000001,1578.502809,15.8488185,0.296108743,1627.749682,14.79280488,-0.26152306,14.3,34.946872999999826,1.0560136199999999
741.9000000000001,1580.089633,15.87846002,0.285043004,1629.228056,14.76526139,-0.274008107,14.3,34.83842299999988,1.1131986300000012
742.0,1581.67938,15.9067169,0.271307877,1630.70359,14.73800326,-0.270317838,14.3,34.72421000000004,1.16871364
742.1,1583.271869,15.93325547,0.255570708,1632.176113,14.70846216,-0.254737047,14.3,34.604244000000065,1.2247933100000008
742.2,1584.866924,15.958009,0.238498845,1633.645454,14.67663807,-0.237253772,14.3,34.47853000000005,1.2813709300000014
742.3000000000001,1586.464364,15.98097748,0.220759636,1635.111441,14.65644544,-0.221197361,14.3,34.347077000000084,1.3245320399999994
742.4000000000001,1588.064012,16.00216093,0.202909201,1636.573903,14.63996265,-0.206354624,14.3,34.20989099999993,1.3621982799999994
742.5,1589.665688,16.02155932,0.185058767,1638.032669,14.62290912,-0.178383068,14.3,34.0669809999999,1.3986502000000023
742.6,1591.269216,16.03917268,0.167208333,1639.487568,14.60528484,-0.176242774,14.3,33.9183520000001,1.4338878400000006
