t,x_follower,v_follower,a_follower,x_leader,v_leader,a_leader,leader_length,spacing,dv
682.3000000000001,1174.125837,12.60423298,0.425600186,1213.426307,10.02159909,1.572366897,15.3,24.000469999999904,2.5826338900000003
682.4000000000001,1175.387469,12.64902068,0.465566149,1214.437264,10.17696608,1.535278553,15.3,23.749794999999903,2.4720546
682.5,1176.653767,12.69755593,0.503959225,1215.46357,10.32859367,1.500023992,15.3,23.509802999999874,2.36896226
682.6,1177.925106,12.74983874,0.541565857,1216.504852,10.47648187,1.468436997,15.3,23.279746000000113,2.273356869999999
682.7,1179.201861,12.8058691,0.579041415,1217.560736,10.62081405,1.442351352,15.3,23.058874999999897,2.1850550500000008
682.8000000000001,1180.484406,12.86564702,0.616516973,1218.630848,10.7625071,1.423600839,15.3,22.84644199999998,2.1031399200000003
682.9000000000001,1181.773117,12.92917249,0.65399253,1219.714814,10.90266129,1.414019243,15.3,22.641696999999976,2.0265112
683.0,1183.068367,12.99644553,0.691468088,1220.81226,11.04237689,1.415134715,15.3,22.443892999999843,1.954068640000001
683.1,1184.370532,13.06746611,0.728943646,1221.922959,11.18275418,1.427252887,15.3,22.25242700000008,1.88471193
683.2,1185.679987,13.14223425,0.766419204,1223.04727,11.32489342,1.450068128,15.3,22.067283000000042,1.8173408299999991
683.3000000000001,1186.997105,13.22074995,0.803489909,1224.185699,11.46989488,1.482052284,15.3,21.888594000000193,1.75085507
683.4000000000001,1188.322263,13.30301321,0.8381315,1225.338754,11.61885883,1.521371573,15.3,21.716491000000087,1.684154379999999
683.5,1189.655834,13.38902402,0.865927926,1226.50694,11.77270216,1.566192212,15.3,21.551106000000072,1.616321860000001
683.6,1190.998194,13.47853947,0.890410877,1227.690763,11.93160826,1.614680418,15.3,21.392569000000048,1.5469312099999986
683.7,1192.349717,13.57034501,0.903190434,1228.89073,12.09557712,1.665002406,15.3,21.24101300000002,1.4747678900000007
683.8000000000001,1193.710778,13.66179101,0.903824416,1230.107347,12.26460874,1.715630025,15.3,21.096569,1.39718227
683.9000000000001,1195.081751,13.75499648,0.890288562,1231.34112,12.43870313,1.766257644,15.3,20.959369000000105,1.3162933500000005
684.0,1196.462818,13.84492747,0.862178019,1232.592556,12.61786027,1.816885264,15.3,20.829738000000088,1.2270672000000005
684.1,1197.853381,13.93131867,0.821884574,1233.862161,12.80208018,1.867512883,15.3,20.708780000000115,1.1292384899999988
684.2,1199.252649,14.01271261,0.765471685,1235.150441,12.99136285,1.918140502,15.3,20.59779199999998,1.0213497599999997
684.3000000000001,1200.659831,14.08765182,0.701329271,1236.457902,13.18570828,1.968768121,15.3,20.498071000000163,0.9019435399999995
684.4000000000001,1202.074136,14.15492175,0.629899513,1237.785051,13.38511647,2.018437745,15.3,20.410915000000113,0.7698052799999999
684.5,1203.494772,14.21427949,0.553611525,1239.132394,13.58958743,2.05727536,15.3,20.337621999999964,0.6246920599999992
684.6,1204.920948,14.26572503,0.474894422,1240.500437,13.79912114,2.094785113,15.3,20.279488999999966,0.46660389
684.7,1206.351873,14.30925837,0.395772467,1241.889687,14.01314283,2.109966916,15.3,20.237814000000025,0.2961155400000006
684.8000000000001,1207.786756,14.34487952,0.316650511,1243.300649,14.22572806,2.102156839,15.3,20.213893000000052,0.11915145999999943
684.9000000000001,1209.224805,14.37258848,0.237528556,1244.733831,14.44257935,2.065606912,15.3,20.209025999999948,-0.06999087000000159
685.0,1210.665229,14.39238523,0.158406601,1246.189738,14.65109662,1.995527159,15.3,20.22450900000008,-0.2587113900000002
685.1,1212.107238,14.4042698,0.079284645,1247.668416,14.85088153,1.896043624,15.3,20.261177999999926,-0.44661173000000076
685.2,1213.550039,14.40824216,0.00016269,1249.168074,15.03848529,1.752862186,15.3,20.318034999999963,-0.6302431300000002
685.3000000000001,1214.992842,14.40430233,-0.078655456,1250.686458,15.21045912,1.586024937,15.3,20.393615999999792,-0.8061567899999993
685.4000000000001,1216.434856,14.39245031,-0.155650744,1252.221315,15.36335424,1.396195807,15.3,20.486458999999922,-0.9709039300000004
685.5,1217.875289,14.37268609,-0.229000318,1253.770392,15.49429666,1.189122767,15.3,20.595102999999835,-1.1216105699999996
685.6,1219.313349,14.34519196,-0.29688132,1255.331438,15.60271158,0.970553786,15.3,20.718088999999917,-1.25751962
685.7,1220.748247,14.31087935,-0.357470893,1256.902198,15.68859901,0.746236836,15.3,20.853951000000006,-1.3777196600000003
685.8000000000001,1222.17919,14.27084197,-0.410005368,1258.480421,15.75195895,0.52096189,15.3,21.001230999999915,-1.4811169800000012
685.9000000000001,1223.605387,14.22617354,-0.451112833,1260.063854,15.79279139,0.295686945,15.3,21.158466999999927,-1.56661785
686.0,1225.026193,14.17796777,-0.479692941,1261.650243,15.81109634,0.070411999,15.3,21.324050000000124,-1.6331285700000002
686.1,1226.441546,14.12668287,-0.498964416,1263.237337,15.80687379,-0.154862947,15.3,21.495791000000008,-1.6801909199999994
686.2,1227.85153,14.07452426,-0.509121604,1264.822882,15.78012375,-0.380137892,15.3,21.671352000000024,-1.705599489999999
686.3000000000001,1229.256227,14.02306359,-0.511987364,1266.404625,15.73084621,-0.605412838,15.3,21.848397999999815,-1.7077826199999997
686.4000000000001,1230.655724,13.97146332,-0.508325363,1267.980315,15.65904118,-0.830687783,15.3,22.024591000000054,-1.6875778599999993
686.5,1232.050101,13.92070058,-0.501811323,1269.547697,15.56470866,-1.054983636,15.3,22.19759599999993,-1.6440080800000008
686.6,1233.439445,13.87077536,-0.495064639,1271.10452,15.44784864,-1.273404928,15.3,22.365075000000115,-1.5770732800000005
686.7,1234.823838,13.82168765,-0.486689445,1272.648531,15.30846112,-1.480077102,15.3,22.524693000000024,-1.486773470000001
686.8000000000001,1236.203364,13.77343747,-0.478314251,1274.177476,15.14713357,-1.669125596,15.3,22.674112000000104,-1.3736961
686.9000000000001,1237.578106,13.7260248,-0.469939057,1275.689104,14.96680326,-1.834675852,15.3,22.810998000000108,-1.2407784600000014
687.0,1238.94815,13.67944966,-0.461563863,1277.181161,14.77099492,-1.975351783,15.3,22.933011000000032,-1.0915452600000002
687.1,1240.313578,13.63371203,-0.453188669,1278.651394,14.5632333,-2.072762502,15.3,23.037815999999975,-0.9295212700000004
687.2,1241.674473,13.58881192,-0.444813475,1280.098022,14.34704313,-2.139424337,15.3,23.123548999999866,-0.7582312099999999
687.3000000000001,1243.030921,13.54474933,-0.438010725,1281.52114,14.12325005,-2.171817907,15.3,23.190219000000024,-0.5785007199999992
687.4000000000001,1244.383005,13.50152427,-0.431432396,1282.921316,13.90347607,-2.174838679,15.3,23.23831100000002,-0.4019517999999991
687.5,1245.730807,13.45913672,-0.426516777,1284.299117,13.68314865,-2.154361213,15.3,23.26831000000011,-0.22401192999999964
687.6,1247.074413,13.41664322,-0.427499683,1285.655111,13.46790418,-2.111761594,15.3,23.280697999999983,-0.051260960000000466
687.7,1248.413906,13.37485259,-0.434552708,1286.989863,13.25833009,-2.066409802,15.3,23.275957000000016,0.1165225000000003
687.8000000000001,1249.749369,13.33290186,-0.449193382,1288.303941,13.0544264,-2.010684978,15.3,23.254572000000007,0.27847545999999923
687.9000000000001,1251.080887,13.28824952,-0.471366791,1289.597913,12.8561931,-1.95398106,15.3,23.217025999999986,0.43205642000000033
688.0,1252.408421,13.24079264,-0.503938487,1290.872345,12.66363019,-1.897277142,15.3,23.163923999999906,0.5771624500000012
688.1,1253.731449,13.18962069,-0.546734789,1292.127804,12.47673767,-1.840573225,15.3,23.096354999999857,0.7128830199999996
688.2,1255.049326,13.13382315,-0.595772804,1293.364857,12.29551554,-1.783869307,15.3,23.015530999999964,0.8383076099999993
688.3000000000001,1256.361407,13.0724895,-0.650880938,1294.584072,12.11996381,-1.727165389,15.3,22.922665000000006,0.9525256899999999
688.4000000000001,1257.667047,13.00486098,-0.710541662,1295.786015,11.95008246,-1.670461471,15.3,22.818967999999995,1.0547785199999993
688.5,1258.965602,12.93078584,-0.773237445,1296.971253,11.78587151,-1.613933537,15.3,22.705650999999943,1.1449143300000006
688.6,1260.256428,12.85026408,-0.837450757,1298.140354,11.62733095,-1.558461506,15.3,22.583925999999973,1.2229331300000013
688.7,1261.538879,12.76329569,-0.901916992,1299.293884,11.47446079,-1.50510128,15.3,22.455004999999982,1.2888348999999995
688.8000000000001,1262.81231,12.66988068,-0.966383226,1300.432411,11.32715542,-1.454908762,15.3,22.320100999999976,1.34272526
688.9000000000001,1264.076078,12.57001904,-1.03084946,1301.556501,11.1848869,-1.408939854,15.3,22.180422999999973,1.3851321399999996
689.0,1265.329537,12.46371079,-1.095315695,1302.666722,11.0470217,-1.368250459,15.3,22.037184999999862,1.4166890900000002
689.1,1266.572043,12.35095591,-1.159781929,1303.76364,10.91292626,-1.333720496,15.3,21.891597,1.438029649999999
689.2,1267.802952,12.2317544,-1.224248163,1304.847739,10.78196704,-1.305525949,15.3,21.74478700000004,1.4497873600000002
689.3000000000001,1269.021618,12.10610627,-1.288386379,1305.919163,10.65351051,-1.283490834,15.3,21.597545000000036,1.4525957599999995
689.4000000000001,1270.227396,11.97401152,-1.350556486,1306.977971,10.52692312,-1.266735232,15.3,21.450575000000025,1.4470884000000002
689.5,1271.419643,11.83547015,-1.408790373,1308.024225,10.40157133,-1.25420324,15.3,21.304581999999936,1.4338988200000014
689.6,1272.597714,11.69067896,-1.461119931,1309.057984,10.2769272,-1.244838956,15.3,21.160270000000036,1.4137517600000002
689.7,1273.760963,11.54062201,-1.507377603,1310.07931,10.15288512,-1.237586477,15.3,21.01834700000013,1.3877368899999993
689.8000000000001,1274.908747,11.38648018,-1.540193621,1311.08826,10.0294451,-1.231389901,15.3,20.879513000000042,1.3570350799999993
689.9000000000001,1276.04042,11.22943431,-1.563329552,1312.084898,9.906607136,-1.225369309,15.3,20.744478000000026,1.3228271740000004
690.0,1277.155495,11.06958496,-1.574656825,1313.069281,9.784371235,-1.219348717,15.3,20.613786000000072,1.2852137250000002
690.1,1278.254115,10.91135397,-1.574503458,1314.041471,9.662737393,-1.213328125,15.3,20.487356000000045,1.248616577
690.2,1279.336581,10.75268123,-1.564509543,1315.001527,9.54170561,-1.207307532,15.3,20.364945999999872,1.210975620000001
690.3000000000001,1280.403191,10.59582792,-1.544842636,1315.949511,9.421275886,-1.20128694,15.3,20.246319999999923,1.1745520339999995
690.4000000000001,1281.454246,10.4417781,-1.522872506,1316.885481,9.301448222,-1.195266348,15.3,20.131235000000014,1.140329878000001
690.5,1282.490046,10.29072859,-1.495165604,1317.809499,9.182222617,-1.189386794,15.3,20.019453000000066,1.1085059729999998
690.6,1283.510892,10.14267938,-1.465490592,1318.721625,9.063599071,-1.185232027,15.3,19.91073299999989,1.079080309
690.7,1284.517082,9.997630471,-1.435487562,1319.621918,8.945577584,-1.181012598,15.3,19.804835999999977,1.0520528870000003
690.8000000000001,1285.508917,9.855581866,-1.405484532,1320.510439,8.828073534,-1.180210412,15.3,19.701521999999795,1.027508332
690.9000000000001,1286.486698,9.716533564,-1.375481502,1321.387249,8.71013667,-1.18279314,15.3,19.600551000000177,1.0063968939999999
691.0,1287.450724,9.580485565,-1.345478472,1322.252407,8.592840663,-1.189607008,15.3,19.50168299999991,0.9876449019999995
691.1,1288.401295,9.44743787,-1.315475442,1323.105973,8.474096369,-1.201357206,15.3,19.404678000000057,0.9733415010000002
691.2,1289.338711,9.317390477,-1.285472411,1323.94794,8.353923187,-1.217306214,15.3,19.309228999999913,0.9634672900000005
691.3000000000001,1290.263273,9.190343387,-1.255656758,1324.77803,8.23181338,-1.239948672,15.3,19.214756999999917,0.9585300070000002
691.4000000000001,1291.17528,9.066296601,-1.226965365,1325.595897,8.10725921,-1.265943711,15.3,19.120616999999992,0.959037390999999
691.5,1292.075032,8.945250117,-1.200522495,1326.401195,7.979752942,-1.295323663,15.3,19.02616299999995,0.9654971750000003
691.6,1292.96283,8.827091511,-1.177452406,1327.193578,7.84887146,-1.327242299,15.3,18.930747999999948,0.978220051000001
691.7,1293.838973,8.711258651,-1.158879361,1327.9727,7.714530143,-1.360853392,15.3,18.833727000000135,0.9967285079999995
691.8000000000001,1294.703761,8.59707698,-1.14592762,1328.738214,7.576728989,-1.395310712,15.3,18.734452999999984,1.0203479910000004
691.9000000000001,1295.557495,8.483871944,-1.139534067,1329.489775,7.435468,-1.429909071,15.3,18.63227999999999,1.0484039440000004
692.0,1296.400385,8.370968984,-1.139886079,1330.227037,7.290747175,-1.464507429,15.3,18.526652000000194,1.0802218089999993
692.1,1297.23228,8.257693545,-1.14679628,1330.949655,7.142566514,-1.499105788,15.3,18.417374999999947,1.115127031
692.2,1298.052942,8.14337107,-1.159327784,1331.657281,6.990926018,-1.533704146,15.3,18.30433899999998,1.152445052000001
692.3000000000001,1298.86213,8.027327003,-1.176356332,1332.34957,6.835825685,-1.568302505,15.3,18.187440000000105,1.1915013180000003
692.4000000000001,1299.659605,7.908999213,-1.196757662,1333.026176,6.677265517,-1.602900863,15.3,18.06657100000002,1.231733696
692.5,1300.445128,7.788275273,-1.219407514,1333.686753,6.515245512,-1.637347607,15.3,17.941624999999885,1.273029761
692.6,1301.218458,7.665155185,-1.243181626,1334.330955,6.349765672,-1.670884657,15.3,17.812496999999848,1.3153895129999995
692.7,1301.979357,7.539638948,-1.267143116,1334.958436,6.180825996,-1.702602322,15.3,17.679078999999955,1.358812952
692.8000000000001,1302.727584,7.411726562,-1.291104605,1335.56885,6.008517454,-1.73159091,15.3,17.54126600000013,1.4032091080000004
692.9000000000001,1303.4629,7.281418027,-1.315066095,1336.161851,5.833294891,-1.756940728,15.3,17.39895100000008,1.4481231359999995
693.0,1304.185066,7.148713343,-1.339027584,1336.737093,5.655704123,-1.778494318,15.3,17.252026999999952,1.4930092200000002
693.1,1304.893841,7.01361251,-1.362989073,1337.294231,5.476290966,-1.793236897,15.3,17.100390000000015,1.537321544
693.2,1305.588986,6.876115529,-1.386950563,1337.83299,5.295601236,-1.803273556,15.3,16.94400400000013,1.5805142929999993
693.3000000000001,1306.270262,6.736222398,-1.410815243,1338.353389,5.113729406,-1.808003675,15.3,16.783127000000103,1.6224929919999997
693.4000000000001,1306.937429,6.593933118,-1.434099068,1338.855518,4.932575316,-1.808185331,15.3,16.61808900000001,1.6613578019999995
693.5,1307.590247,6.449247689,-1.456221181,1339.339469,4.751330757,-1.804728217,15.3,16.449221999999917,1.697916932
693.6,1308.228476,6.302224197,-1.476600728,1339.805331,4.570901918,-1.797789789,15.3,16.276855000000022,1.7313222790000005
693.7,1308.851878,6.15315307,-1.494656852,1340.253196,4.391379768,-1.790536448,15.3,16.101317999999946,1.761773302
693.8000000000001,1309.460212,6.00238282,-1.51034075,1340.683153,4.212764306,-1.781621178,15.3,15.922940999999991,1.7896185139999998
693.9000000000001,1310.053239,5.850261961,-1.52157222,1341.095295,4.035055532,-1.772554293,15.3,15.742056000000002,1.8152064289999998
694.0,1310.630766,5.697139007,-1.529850608,1341.489711,3.858253447,-1.763487409,15.3,15.558944999999948,1.8388855599999996
694.1,1311.192785,5.543043239,-1.534740672,1341.866492,3.68235805,-1.754420524,15.3,15.373707000000149,1.8606851890000002
694.2,1311.739335,5.389280865,-1.536726458,1342.22573,3.507369342,-1.745353639,15.3,15.186395000000129,1.8819115229999999
694.3000000000001,1312.270456,5.235242705,-1.536388821,1342.567513,3.333287323,-1.736286754,15.3,14.997056999999995,1.9019553820000001
694.4000000000001,1312.786188,5.081538417,-1.533776566,1342.891934,3.160111992,-1.727219869,15.3,14.805745999999953,1.921426425
694.5,1313.286568,4.928226086,-1.531066704,1343.199082,2.987843349,-1.717931031,15.3,14.6125140000001,1.9403827369999997
694.6,1313.771637,4.775305714,-1.527243934,1343.489049,2.816481395,-1.707310475,15.3,14.417411999999967,1.958824319
694.7,1314.241433,4.6227773,-1.523324354,1343.761925,2.646026129,-1.694026483,15.3,14.220492000000103,1.976751171
694.8000000000001,1314.695996,4.470640843,-1.519404775,1344.017801,2.476610724,-1.676747337,15.3,14.02180500000004,1.994030119
694.9000000000001,1315.135365,4.318896345,-1.515485196,1344.256767,2.308901038,-1.65414132,15.3,13.821401999999988,2.0099953069999996
695.0,1315.55958,4.167543804,-1.511565616,1344.478915,2.143696102,-1.624876712,15.3,13.619334999999818,2.0238477020000003
695.1,1315.968678,4.016583221,-1.507646037,1344.684334,1.981794947,-1.58784375,15.3,13.41565600000008,2.0347882740000003
695.2,1316.3627,3.866014597,-1.503726458,1344.873222,1.823996603,-1.542820481,15.3,13.210522000000037,2.042017994
695.3000000000001,1316.741685,3.71583793,-1.499806879,1345.046203,1.671100102,-1.490028856,15.3,13.004518000000143,2.044737828
695.4000000000001,1317.105672,3.566053221,-1.495776353,1345.204006,1.523904474,-1.430578642,15.3,12.798334000000022,2.042148747
695.5,1317.4547,3.41666047,-1.491080148,1345.347361,1.383208749,-1.365801556,15.3,12.592661000000088,2.033451721
695.6,1317.788808,3.267659677,-1.485052586,1345.476998,1.249678788,-1.297029316,15.3,12.388190000000076,2.0179808890000004
695.7,1318.108036,3.11911741,-1.477027987,1345.593647,1.123447761,-1.22559364,15.3,12.185610999999835,1.9956696489999999
695.8000000000001,1318.412422,2.971366508,-1.466340674,1345.698038,1.004515669,-1.152826247,15.3,11.98561599999989,1.966850839
695.9000000000001,1318.702007,2.824806378,-1.452324966,1345.790901,0.892882512,-1.0798369,15.3,11.788893999999981,1.931923866
696.0,1318.976828,2.679836428,-1.434426132,1345.872965,0.788548289,-1.006847553,15.3,11.596136999999953,1.8912881390000003
696.1,1319.236979,2.536856066,-1.412533225,1345.944961,0.691513001,-0.933858206,15.3,11.407981999999901,1.8453430649999998
696.2,1319.482765,2.396264697,-1.386757192,1346.007618,0.601776648,-0.86086886,15.3,11.22485300000012,1.794488049
696.3000000000001,1319.714545,2.258461731,-1.357652765,1346.061667,0.519339229,-0.787879513,15.3,11.047121999999899,1.7391225020000003
696.4000000000001,1319.932677,2.123846573,-1.325885623,1346.107837,0.444200746,-0.714890166,15.3,10.875160000000005,1.6796458269999999
696.5,1320.137521,1.992752063,-1.292121444,1346.146858,0.376361196,-0.641900819,15.3,10.709336999999959,1.616390867
696.6,1320.329434,1.865244769,-1.257025908,1346.17946,0.315820582,-0.569120035,15.3,10.55002600000007,1.549424187
696.7,1320.508776,1.741324692,-1.221264693,1346.206372,0.262578902,-0.497590621,15.3,10.397596000000203,1.47874579
696.8000000000001,1320.675905,1.620991831,-1.185392531,1346.228326,0.216636156,-0.42856395,15.3,10.252420999999867,1.404355675
696.9000000000001,1320.831181,1.504246186,-1.14952037,1346.24605,0.177867209,-0.363291392,15.3,10.114868999999953,1.326378977
697.0,1320.974961,1.391087757,-1.113648208,1346.260275,0.145646373,-0.303024319,15.3,9.985314000000198,1.245441384
697.1,1321.107605,1.281516544,-1.077776047,1346.27173,0.119222826,-0.249014103,15.3,9.864125000000012,1.162293718
697.2,1321.229471,1.175532547,-1.041903886,1346.281146,0.097845746,-0.202303552,15.3,9.751674999999931,1.077686801
697.3000000000001,1321.340918,1.073135767,-1.006031724,1346.289151,0.08076431,-0.163101228,15.3,9.648232999999845,0.992371457
697.4000000000001,1321.442304,0.974326203,-0.970100736,1346.295977,0.067227695,-0.13119857,15.3,9.553673000000071,0.9070985079999999
697.5,1321.533989,0.879103855,-0.933816792,1346.301751,0.056485078,-0.105552768,15.3,9.467761999999947,0.822618777
697.6,1321.616331,0.787468722,-0.896826934,1346.306602,0.047785636,-0.08491245,15.3,9.390271000000165,0.739683086
697.7,1321.689689,0.699456102,-0.858778205,1346.310661,0.040503685,-0.068026247,15.3,9.320971999999937,0.658952417
697.8000000000001,1321.754422,0.615242472,-0.81931765,1346.314057,0.034514086,-0.053642785,15.3,9.25963500000007,0.5807283860000001
697.9000000000001,1321.810888,0.535039607,-0.77809231,1346.316918,0.02981684,-0.040510695,15.3,9.206030000000009,0.505222767
698.0,1321.859446,0.459059279,-0.734808055,1346.319374,0.026411947,-0.027587167,15.3,9.15992799999999,0.432647332
698.1,1321.900482,0.387513265,-0.689406059,1346.321554,0.024299406,-0.014663639,15.3,9.121072000000094,0.363213859
698.2,1321.934498,0.320613337,-0.640739202,1346.323588,0.023479219,-0.001740111,15.3,9.089089999999896,0.297134118
698.3000000000001,1321.962021,0.258571269,-0.584482564,1346.325604,0.023951384,0.011183417,15.3,9.063583000000062,0.234619885
698.4000000000001,1321.983579,0.201598837,-0.522089397,1346.327732,0.025715902,0.024106945,15.3,9.044153000000005,0.17588293500000002
698.5,1321.9997,0.150596086,-0.455012951,1346.330101,0.028772773,0.037030473,15.3,9.030400999999937,0.12182331299999999
698.6,1322.010913,0.108369741,-0.383235542,1346.33284,0.033121997,0.049840621,15.3,9.021926999999959,0.075247744
698.7,1322.017745,0.074259626,-0.312623223,1346.336079,0.038763574,0.061970485,15.3,9.018333999999822,0.03549605199999999
698.8000000000001,1322.020725,0.047605566,-0.241363563,1346.339947,0.045697503,0.072739783,15.3,9.019221999999854,0.0019080630000000015
698.9000000000001,1322.020959,0.027747383,-0.176705663,1346.344573,0.053855757,0.08146823,15.3,9.023614000000133,-0.026108373999999997
699.0,1322.021194,0.014024903,-0.119855473,1346.350085,0.062898193,0.087475544,15.3,9.028891000000112,-0.04887329000000001
699.1,1322.021429,0.005777948,-0.075432038,1346.356615,0.072416643,0.090081441,15.3,9.03518600000002,-0.066638695
699.2,1322.021663,0.002346343,-0.042335068,1346.36429,0.082002935,0.088719019,15.3,9.042626999999992,-0.079656592
699.3000000000001,1322.021898,0.002346343,-0.019464267,1346.373186,0.0912489,0.083274896,15.3,9.051288000000067,-0.088902557
699.4000000000001,1322.022133,0.002346343,-0.005719342,1346.383159,0.099746368,0.073862454,15.3,9.061026000000037,-0.097400025
699.5,1322.022367,0.002346343,-4.17e-11,1346.394013,0.107087168,0.061048595,15.3,9.071646000000054,-0.104740825
699.6,1322.022602,0.002346343,-7.86e-12,1346.405549,0.112863131,0.045513603,15.3,9.082947000000058,-0.110516788
699.7,1322.022836,0.002346343,0.0,1346.417572,0.116734115,0.02793776,15.3,9.094735999999966,-0.114387772
699.8000000000001,1322.023071,0.002346343,0.0,1346.429883,0.118632092,0.009001351,15.3,9.106811999999945,-0.116285749
699.9000000000001,1322.023306,0.002346343,0.0,1346.442285,0.118557062,-0.010615341,15.3,9.118979000000035,-0.116210719
700.0,1322.02354,0.002346343,0.0,1346.45458,0.116509024,-0.030345414,15.3,9.131040000000166,-0.114162681
700.1,1322.023775,0.002346343,6.23e-12,1346.466573,0.112487979,-0.050075487,15.3,9.142798000000038,-0.110141636
700.2,1322.02401,0.002346343,1.04e-11,1346.478065,0.106493926,-0.06980556,15.3,9.154054999999925,-0.104147583
700.3000000000001,1322.024244,0.002346343,1.87e-11,1346.488858,0.098526867,-0.088997013,15.3,9.164613999999982,-0.096180524
700.4000000000001,1322.024479,0.002346343,4.07e-11,1346.498756,0.0885868,-0.101157499,15.3,9.174277000000028,-0.08624045699999999
700.5,1322.024714,0.002346343,0.008680191,1346.507562,0.076673725,-0.112694873,15.3,9.182848000000103,-0.074327382
700.6,1322.024948,0.002346343,0.010850239,1346.515078,0.063110816,-0.116132942,15.3,9.190129999999908,-0.060764473
700.7,1322.025183,0.002346343,0.014466985,1346.521106,0.051793479,-0.113595254,15.3,9.195922999999947,-0.049447136
700.8000000000001,1322.025417,0.00823737,0.018083731,1346.52545,0.038877003,-0.104670765,15.3,9.20003300000003,-0.030639633
700.9000000000001,1322.025652,0.009579835,0.015928403,1346.527912,0.028847101,-0.089487052,15.3,9.202259999999978,-0.019267265999999998
701.0,1322.025887,0.011026534,0.014763633,1346.528295,0.020429647,-0.07329443,15.3,9.202408000000059,-0.009403113
701.1,1322.026121,0.013196581,0.012996562,1346.529076,0.013871266,-0.054970823,15.3,9.202954999999928,-0.0006746849999999995
701.2,1322.031069,0.014142823,0.007569937,1346.529858,0.009418584,-0.031532065,15.3,9.198789000000215,0.004724239
701.3000000000001,1322.033757,0.015089065,0.000420555,1346.53064,0.007816821,-0.008008815,15.3,9.196883000000025,0.007272244000000001
701.4000000000001,1322.034748,0.014054508,-0.005265148,1346.531421,0.007816821,0.057122131,15.3,9.196672999999873,0.0062376870000000004
701.5,1322.03574,0.012743593,-0.00704424,1346.532203,0.007816821,0.158032534,15.3,9.196462999999948,0.004926771999999999
701.6,1322.036732,0.012036764,-0.00862131,1346.532985,0.007816821,0.284005701,15.3,9.196253000000024,0.004219943
701.7,1322.037723,0.009916279,-0.006897048,1346.533766,0.048144545,0.482106418,15.3,9.196043000000099,-0.038228266
701.8000000000001,1322.038715,0.009916279,-0.005172786,1346.534548,0.104238105,0.660992188,15.3,9.195833000000174,-0.094321826
701.9000000000001,1322.039707,0.009916279,-0.003534141,1346.53533,0.178220242,0.868181166,15.3,9.195623000000023,-0.168303963
702.0,1322.040698,0.009916279,-1.36e-11,1346.536112,0.272213696,1.080931167,15.3,9.195413999999982,-0.262297417
702.1,1322.04169,0.009916279,-5.81e-12,1346.569155,0.393501956,1.31035378,15.3,9.227464999999892,-0.383585677
702.2,1322.042681,0.009916279,0.0,1346.614812,0.536610572,1.496831146,15.3,9.272131000000126,-0.5266942929999999
702.3000000000001,1322.043673,0.009916279,0.0,1346.674779,0.702361754,1.677750975,15.3,9.331106000000045,-0.692445475
702.4000000000001,1322.044665,0.009916279,0.0,1346.750756,0.890755502,1.84148267,15.3,9.406091000000014,-0.880839223
702.5,1322.045656,0.009916279,0.0,1346.844439,1.076318929,1.99007451,15.3,9.498782999999957,-1.06640265
702.6,1322.046648,0.009916279,0.0,1346.957529,1.278864281,2.134288998,15.3,9.610881000000017,-1.268948002
702.7,1322.04764,0.009916279,0.0,1347.091721,1.498391558,2.278466743,15.3,9.744081000000005,-1.488475279
702.8000000000001,1322.048631,0.009916279,0.0,1347.248716,1.734900759,2.41912004,15.3,9.900085000000171,-1.72498448
702.9000000000001,1322.049623,0.009916279,0.0,1347.430211,1.987705627,2.546620067,15.3,10.080587999999988,-1.977789348
703.0,1322.050614,0.009916279,0.0,1347.637903,2.253374873,2.64666979,15.3,10.287289000000055,-2.243458594
703.1,1322.051606,0.009916279,0.0,1347.873493,2.527790954,2.712406634,15.3,10.52188700000006,-2.517874675
703.2,1322.052598,0.009916279,5.81e-12,1348.138676,2.806836322,2.738111784,15.3,10.786078000000042,-2.796920043
703.3000000000001,1322.053589,0.009916279,1.36e-11,1348.434604,3.086393432,2.722641478,15.3,11.081014999999933,-3.076477153
703.4000000000001,1322.054581,0.009916279,0.292065401,1348.760228,3.362344739,2.66713948,15.3,11.405646999999998,-3.35242846
703.5,1322.055573,0.009916279,0.627987583,1349.113954,3.630572697,2.577324602,15.3,11.758380999999826,-3.620656418
703.6,1322.056564,0.009916279,1.006528969,1349.494185,3.88695976,2.46005942,15.3,12.137621000000035,-3.877043481
703.7,1322.057556,0.18515552,1.46106749,1349.899325,4.128074642,2.32220651,15.3,12.541769000000112,-3.9429191219999997
703.8000000000001,1322.058547,0.386708829,1.948089987,1350.327779,4.353231083,2.170628448,15.3,12.969231999999874,-3.966522254
703.9000000000001,1322.059539,0.613833661,2.385492564,1350.777951,4.562429084,2.01218781,15.3,13.418411999999943,-3.9485954229999995
704.0,1322.060531,0.865787467,2.63006958,1351.248244,4.755668645,1.85260341,15.3,13.88771300000003,-3.889881178
704.1,1322.201714,1.178770272,2.867221127,1351.737064,4.932949766,1.693019009,15.3,14.23534999999988,-3.754179494
704.2,1322.363948,1.441211818,2.804881802,1352.242813,5.094272446,1.533434609,15.3,14.578865000000132,-3.6530606279999995
704.3000000000001,1322.54664,1.763197268,2.691260227,1352.763897,5.239636687,1.373850208,15.3,14.917257000000017,-3.476439419
704.4000000000001,1322.749194,2.107041505,2.466023028,1353.29872,5.369042488,1.214265808,15.3,15.249526000000014,-3.2620009829999996
704.5,1322.971018,2.296762742,2.271842074,1353.845685,5.482489849,1.054681407,15.3,15.574667000000044,-3.1857271070000004
704.6,1323.211517,2.480543603,2.055077772,1354.403197,5.57997877,0.895627749,15.3,15.891680000000132,-3.099435167
704.7,1323.470097,2.658384088,1.748702972,1354.96966,5.66150925,0.739758539,15.3,16.19956300000008,-3.003125162
704.8000000000001,1323.746164,2.830284198,1.689299213,1355.543478,5.727081291,0.590258228,15.3,16.49731400000014,-2.896797093
704.9000000000001,1324.039124,2.996243931,1.629895454,1356.123056,5.777013336,0.450311265,15.3,16.783932000000004,-2.7807694050000005
705.0,1324.348383,3.156263289,1.570491695,1356.706796,5.812897612,0.3231021,15.3,17.058412999999927,-2.6566343230000005
705.1,1324.673347,3.31034227,1.511087936,1357.293105,5.836644786,0.211815181,15.3,17.319758000000046,-2.526302516
705.2,1325.013422,3.458480876,1.451684177,1357.880385,5.850165529,0.119104216,15.3,17.56696299999994,-2.391684653
705.3000000000001,1325.368013,3.600679105,1.392280418,1358.467296,5.85537051,0.045499948,15.3,17.799283000000013,-2.254691405
705.4000000000001,1325.736528,3.736936959,1.332975976,1359.053515,5.854170399,-0.009528366,15.3,18.016987000000153,-2.11723344
705.5,1326.118371,3.867254437,1.274267439,1359.638976,5.848475866,-0.048634434,15.3,18.22060499999993,-1.981221429
705.6,1326.512949,3.991631539,1.216750713,1360.223611,5.84019758,-0.075002704,15.3,18.410661999999956,-1.8485660409999998
705.7,1326.919667,4.110127856,1.161021701,1360.807352,5.830927766,-0.091817626,15.3,18.587685000000146,-1.7207999100000002
705.8000000000001,1327.337932,4.223041339,1.10767631,1361.390133,5.820984868,-0.10226365,15.3,18.752201000000195,-1.5979435290000001
705.9000000000001,1327.76715,4.330729533,1.057310443,1361.971885,5.810368888,-0.109525224,15.3,18.904735000000027,-1.4796393549999998
706.0,1328.206727,4.43354998,1.01042069,1362.552543,5.799079824,-0.116256057,15.3,19.045816000000013,-1.365529844
706.1,1328.656115,4.531860223,0.967106366,1363.132038,5.787117676,-0.122986889,15.3,19.175922999999965,-1.2552574530000005
706.2,1329.114961,4.626017805,0.927268155,1363.710303,5.774482446,-0.129717722,15.3,19.295342000000073,-1.1484646410000003
706.3000000000001,1329.582954,4.716380269,0.890409469,1364.287271,5.761174132,-0.136448555,15.3,19.404316999999946,-1.0447938629999998
706.4000000000001,1330.059789,4.803305159,0.855934403,1364.862874,5.747192735,-0.143179387,15.3,19.50308500000001,-0.9438875759999998
706.5,1330.545155,4.887090426,0.823247052,1365.437046,5.732538254,-0.14991022,15.3,19.591890999999986,-0.8454478279999993
706.6,1331.038747,4.967795661,0.791751511,1366.009719,5.717210691,-0.156641053,15.3,19.670971999999846,-0.7494150299999998
706.7,1331.540255,5.045420865,0.760851875,1366.580825,5.701210044,-0.163504508,15.3,19.740570000000115,-0.6557891790000001
706.8000000000001,1332.049371,5.119966036,0.730051557,1367.150297,5.684536314,-0.171163703,15.3,19.800925999999844,-0.5645702779999997
706.9000000000001,1332.565788,5.191431176,0.699251239,1367.718069,5.6671895,-0.180414375,15.3,19.852280999999902,-0.47575832400000007
707.0,1333.089197,5.259816284,0.66845092,1368.284072,5.64909003,-0.192052264,15.3,19.89487499999991,-0.38927374599999975
707.1,1333.619291,5.32512136,0.637650602,1368.848239,5.629840033,-0.206873109,15.3,19.928947999999945,-0.304718673
707.2,1334.155761,5.387346405,0.606850284,1369.410503,5.608962066,-0.225672648,15.3,19.954742000000078,-0.2216156610000004
707.3000000000001,1334.6983,5.446491417,0.576049965,1369.970798,5.585978685,-0.249113996,15.3,19.97249800000004,-0.1394872679999999
707.4000000000001,1335.2466,5.502556398,0.545189807,1370.528991,5.560412449,-0.277329778,15.3,19.98239099999996,-0.05785605099999991
707.5,1335.800352,5.555541347,0.513970604,1371.084697,5.531785912,-0.310187371,15.3,19.98434500000003,0.02375543499999999
707.6,1336.359248,5.605446264,0.482033313,1371.637467,5.499621632,-0.347023657,15.3,19.978219000000035,0.10582463200000003
707.7,1336.922981,5.652235244,0.449018891,1372.186852,5.463442166,-0.387042899,15.3,19.963871000000108,0.18879307799999978
707.8000000000001,1337.491242,5.695728767,0.414568293,1372.732402,5.422849643,-0.429449357,15.3,19.941160000000036,0.27287912400000014
707.9000000000001,1338.063724,5.735711405,0.378322476,1373.273668,5.377764491,-0.473447294,15.3,19.90994399999995,0.3579469140000002
708.0,1338.640118,5.771967732,0.339982236,1373.810201,5.328186709,-0.518240969,15.3,19.870082999999976,0.44378102300000055
708.1,1339.220089,5.804282322,0.299487733,1374.341551,5.274116297,-0.563167267,15.3,19.821462000000064,0.5301660249999998
708.2,1339.803183,5.832439749,0.256898807,1374.86727,5.215553256,-0.608093565,15.3,19.76408699999997,0.616886493
708.3000000000001,1340.388921,5.856224586,0.212514662,1375.386908,5.152497584,-0.653019863,15.3,19.697986999999966,0.7037270019999999
708.4000000000001,1340.976822,5.875421406,0.166694341,1375.900016,5.084949283,-0.697946162,15.3,19.623193999999966,0.7904721229999998
708.5,1341.566407,5.889850689,0.119796888,1376.406145,5.012908352,-0.74287246,15.3,19.539737999999897,0.876942337
708.6,1342.157194,5.899476529,0.072181348,1376.904844,4.936374791,-0.787798758,15.3,19.44765000000002,0.9631017379999998
708.7,1342.748704,5.904298927,0.024206764,1377.395666,4.8553486,-0.832534698,15.3,19.346961999999802,1.048950327
708.8000000000001,1343.340456,5.904317882,-0.023827661,1377.87816,4.76982978,-0.87612849,15.3,19.237704000000075,1.1344881019999997
708.9000000000001,1343.931969,5.899533395,-0.071862086,1378.351878,4.67981833,-0.917437984,15.3,19.11990899999996,1.219715065
709.0,1344.522764,5.889945465,-0.11989651,1378.81637,4.585428464,-0.955321032,15.3,18.993605999999954,1.3045170010000007
709.1,1345.11236,5.875554093,-0.167930935,1379.271187,4.487231258,-0.988635485,15.3,18.858826999999973,1.3883228350000003
709.2,1345.700277,5.856359278,-0.21596536,1379.71588,4.385912001,-1.017340033,15.3,18.715603000000055,1.4704472769999999
709.3000000000001,1346.286033,5.832361021,-0.263999784,1380.149999,4.282155981,-1.037180371,15.3,18.56396599999989,1.5502050399999998
709.4000000000001,1346.86915,5.803559321,-0.312034209,1380.573187,4.176648489,-1.051268656,15.3,18.40403699999997,1.626910832
709.5,1347.449147,5.769954179,-0.359901002,1380.985451,4.06941431,-1.058694406,15.3,18.236303999999972,1.700539869
709.6,1348.025543,5.731545594,-0.406762001,1381.38689,3.963120241,-1.060409413,15.3,18.061347000000023,1.768425353
709.7,1348.597858,5.688333567,-0.451611415,1381.777603,3.856470065,-1.057555825,15.3,17.87974499999991,1.831863502
709.8000000000001,1349.165611,5.640418677,-0.493443449,1382.157689,3.750695357,-1.050174953,15.3,17.69207799999999,1.8897233200000003
709.9000000000001,1349.728323,5.58830382,-0.531252312,1382.527247,3.645910334,-1.04271146,15.3,17.498923999999942,1.9423934860000003
710.0,1350.285513,5.532592472,-0.564032209,1382.886376,3.542114994,-1.03300498,15.3,17.30086299999989,1.9904774780000003
710.1,1350.8367,5.473888109,-0.590944981,1383.235175,3.439309338,-1.023108142,15.3,17.09847499999996,2.0345787709999996
710.2,1351.381485,5.412794207,-0.611904207,1383.573743,3.337493365,-1.013211305,15.3,16.89225799999981,2.0753008420000003
710.3000000000001,1351.91979,5.349914241,-0.626881256,1383.902179,3.236667077,-1.003314467,15.3,16.68238900000001,2.1132471639999997
710.4000000000001,1352.451617,5.285851688,-0.636815804,1384.220582,3.136830472,-0.993417629,15.3,16.46896499999998,2.149021216
710.5,1352.976968,5.221161295,-0.642774554,1384.52905,3.037983551,-0.983520791,15.3,16.252082000000154,2.183177744
710.6,1353.495847,5.156463718,-0.645715925,1384.827684,2.940126314,-0.973623953,15.3,16.031837000000177,2.2163374040000003
710.7,1354.008255,5.091798627,-0.64664571,1385.116581,2.84325876,-0.96356822,15.3,15.808326000000033,2.2485398670000003
710.8000000000001,1354.514194,5.027129475,-0.646488489,1385.395841,2.747380891,-0.95255912,15.3,15.58164699999993,2.2797485839999996
710.9000000000001,1355.013668,4.962484686,-0.646278688,1385.665562,2.652492705,-0.939643282,15.3,15.351893999999856,2.309991981
711.0,1355.506679,4.897864262,-0.646082423,1385.925844,2.55868954,-0.92386734,15.3,15.11916500000002,2.3391747219999997
711.1,1355.993229,4.833268202,-0.645838783,1386.176786,2.466448079,-0.904277926,15.3,14.883557000000064,2.366820123
711.2,1356.473321,4.768696506,-0.645595143,1386.418487,2.376340344,-0.87992167,15.3,14.645165999999971,2.3923561620000005
711.3000000000001,1356.946956,4.704149173,-0.645351503,1386.651045,2.288938356,-0.8500041,15.3,14.404089000000067,2.415210817
711.4000000000001,1357.414138,4.639626205,-0.645107863,1386.874635,2.204814135,-0.81436632,15.3,14.160496999999804,2.43481207
711.5,1357.874869,4.575127601,-0.644844088,1387.089739,2.124539703,-0.773167226,15.3,13.914870000000018,2.450587898
711.6,1358.329152,4.510653361,-0.644459507,1387.296913,2.04868708,-0.727201291,15.3,13.667760999999881,2.461966281
711.7,1358.776988,4.446203484,-0.643833312,1387.496713,1.977828287,-0.677421884,15.3,13.419724999999925,2.468375197
711.8000000000001,1359.21838,4.381790053,-0.642844698,1387.689696,1.912440009,-0.624782371,15.3,13.171315999999887,2.4693500439999996
711.9000000000001,1359.653331,4.317473469,-0.641372856,1387.876418,1.852617581,-0.570236122,15.3,12.923087000000077,2.464855888
712.0,1360.081843,4.253326218,-0.639296981,1388.057436,1.798361005,-0.514736505,15.3,12.675593000000116,2.4549652129999995
712.1,1360.503919,4.189420782,-0.636516399,1388.233307,1.74967028,-0.459077993,15.3,12.429387999999971,2.439750502
712.2,1360.91957,4.125829647,-0.633010978,1388.404587,1.706545406,-0.403419482,15.3,12.18501699999997,2.4192842409999997
712.3000000000001,1361.328848,4.062625296,-0.628800851,1388.571833,1.668986384,-0.34776097,15.3,11.942984999999862,2.393638912
712.4000000000001,1361.731813,3.999880213,-0.62398669,1388.735602,1.636993213,-0.292102458,15.3,11.703788999999869,2.3628869999999997
712.5,1362.128524,3.937666882,-0.618689302,1388.896449,1.610565892,-0.236443946,15.3,11.467925000000104,2.32710099
712.6,1362.519044,3.876045707,-0.613029494,1389.054932,1.589704423,-0.180785435,15.3,11.235888000000113,2.2863412839999997
712.7,1362.903431,3.815028768,-0.607128072,1389.211607,1.574408805,-0.125160198,15.3,11.008176000000002,2.240619963
712.8000000000001,1363.281747,3.754616066,-0.601105844,1389.367031,1.564679039,-0.069734616,15.3,10.785284,2.189937027
712.9000000000001,1363.654052,3.6948076,-0.595063481,1389.52176,1.560515123,-0.014708343,15.3,10.567707999999993,2.134292477
713.0,1364.020407,3.63560337,-0.589021118,1389.676351,1.561897093,0.039718969,15.3,10.35594400000009,2.0737062770000003
713.1,1364.380871,3.577003376,-0.582978755,1389.83136,1.568725122,0.093347664,15.3,10.150488999999833,2.008278254
713.2,1364.735505,3.519007619,-0.576936393,1389.987345,1.580879418,0.145978088,15.3,9.951839999999901,1.9381282009999998
713.3000000000001,1365.08437,3.461616098,-0.57089403,1390.144861,1.598240187,0.197443863,15.3,9.760490999999956,1.8633759109999999
713.4000000000001,1365.427526,3.404828813,-0.564851667,1390.30445,1.620687637,0.247711714,15.3,9.576924000000144,1.7841411759999999
713.5,1365.765034,3.348645764,-0.558688312,1390.466587,1.648101976,0.296814915,15.3,9.401552999999875,1.700543788
713.6,1366.096954,3.293066952,-0.551799002,1390.631734,1.680363411,0.344919846,15.3,9.234779999999954,1.6127035410000001
713.7,1366.423345,3.238092376,-0.543457781,1390.800352,1.717352151,0.392226161,15.3,9.077007000000048,1.520740225
713.8000000000001,1366.74427,3.183794631,-0.532938695,1390.972901,1.758968367,0.438933513,15.3,8.928631000000177,1.424826264
713.9000000000001,1367.059788,3.130536696,-0.519515789,1391.149842,1.805192094,0.485241556,15.3,8.790054000000008,1.3253446020000001
714.0,1367.369959,3.078754144,-0.502463107,1391.331636,1.856023333,0.531349946,15.3,8.66167699999978,1.222730811
714.1,1367.674844,3.028882547,-0.481175688,1391.518743,1.911462083,0.57742506,15.3,8.543899000000192,1.1174204639999998
714.2,1367.974562,2.981357478,-0.455532537,1391.711624,1.971508345,0.623500174,15.3,8.437061999999923,1.0098491330000001
714.3000000000001,1368.269463,2.936614511,-0.425654648,1391.910741,2.036162118,0.669575288,15.3,8.341277999999829,0.9004523930000001
714.4000000000001,1368.559957,2.895089219,-0.392146984,1392.116553,2.105423403,0.715650402,15.3,8.256596000000126,0.7896658159999999
714.5,1368.846451,2.857217174,-0.3557355,1392.329522,2.179292199,0.761725516,15.3,8.183071000000108,0.6779249750000003
714.6,1369.129356,2.823361355,-0.31714615,1392.550108,2.257768506,0.80780063,15.3,8.120751999999992,0.5655928489999997
714.7,1369.409079,2.793594356,-0.27710489,1392.778772,2.340852325,0.853599935,15.3,8.06969299999987,0.45274203099999966
714.8000000000001,1369.68603,2.767916178,-0.236337675,1393.015974,2.428543655,0.897744381,15.3,8.02994399999984,0.3393725230000002
714.9000000000001,1369.960618,2.746326821,-0.195449467,1393.262177,2.520842496,0.938579112,15.3,8.001558999999997,0.2254843249999996
715.0,1370.233251,2.728826285,-0.15456126,1393.517839,2.617583364,0.974449269,15.3,7.9845879999999845,0.11124292099999966
715.1,1370.504339,2.715414569,-0.113673052,1393.783423,2.717938827,1.003699994,15.3,7.979084000000011,-0.0025242579999997794
715.2,1370.77429,2.706091674,-0.072784845,1394.059388,2.820915973,1.02467643,15.3,7.985097999999834,-0.11482429899999991
715.3000000000001,1371.043513,2.7008576,-0.031896637,1394.346196,2.925521886,1.035999528,15.3,8.002682999999887,-0.22466428599999988
715.4000000000001,1371.312417,2.699712347,0.00899157,1394.644174,3.030763651,1.037393479,15.3,8.031756999999924,-0.3310513039999998
715.5,1371.581411,2.702655914,0.049779933,1394.953123,3.135648355,1.029134092,15.3,8.071712000000115,-0.4329924409999997
715.6,1371.850904,2.709688303,0.089969229,1395.272707,3.239183081,1.012600416,15.3,8.121803000000181,-0.5294947780000001
715.7,1372.121304,2.720809511,0.128960388,1395.602594,3.340374915,0.989447308,15.3,8.181289999999944,-0.6195654039999998
715.8000000000001,1372.393021,2.735959634,0.166154344,1395.94245,3.438396429,0.961329627,15.3,8.249428999999918,-0.7024367950000001
715.9000000000001,1372.666464,2.754839137,0.200952029,1396.291941,3.533082136,0.929902229,15.3,8.325477000000046,-0.7782429990000002
716.0,1372.94204,2.77708858,0.232754374,1396.650734,3.624432036,0.896819974,15.3,8.40869400000015,-0.8473434559999999
716.1,1373.22016,2.802348521,0.261062157,1397.018496,3.712446131,0.863461909,15.3,8.498335999999835,-0.9100976100000002
716.2,1373.501185,2.83025952,0.285775533,1397.394891,3.797124418,0.830103844,15.3,8.593705999999838,-0.9668648980000003
716.3000000000001,1373.785282,2.860462136,0.306994347,1397.779588,3.878466899,0.796745779,15.3,8.69430600000005,-1.018004763
716.4000000000001,1374.072575,2.892596929,0.325217821,1398.172253,3.956473574,0.763387714,15.3,8.79967800000004,-1.0638766449999997
716.5,1374.363183,2.926304457,0.341045025,1398.572551,4.031144442,0.730029649,15.3,8.90936800000004,-1.1048399850000004
716.6,1374.657229,2.961285188,0.355075024,1398.98015,4.102479504,0.696671584,15.3,9.022921000000178,-1.1411943159999995
716.7,1374.954833,2.997479214,0.367906888,1399.394715,4.170478759,0.663313519,15.3,9.139881999999897,-1.1729995449999997
716.8000000000001,1375.256118,3.034886534,0.380139685,1399.815913,4.235142208,0.629935387,15.3,9.259794999999894,-1.200255674
716.9000000000001,1375.561204,3.07350715,0.392272636,1400.243411,4.29646985,0.596436854,15.3,9.382206999999834,-1.2229627
717.0,1375.870213,3.113341062,0.404405588,1400.676875,4.354461686,0.562697518,15.3,9.506662000000187,-1.2411206239999997
717.1,1376.183266,3.154388268,0.416538539,1401.115971,4.409105675,0.528596977,15.3,9.632704999999941,-1.2547174070000002
717.2,1376.500484,3.196648769,0.428671491,1401.560367,4.460341616,0.494014831,15.3,9.759883000000126,-1.2636928470000002
717.3000000000001,1376.821989,3.240122566,0.440804442,1402.009727,4.50809727,0.458830677,15.3,9.88773800000008,-1.2679747040000002
717.4000000000001,1377.147902,3.284809658,0.452937394,1402.463719,4.552300394,0.422944182,15.3,10.015817000000151,-1.2674907360000005
717.5,1377.478344,3.330710045,0.464972814,1402.921999,4.592878749,0.386335278,15.3,10.143654999999807,-1.2621687039999996
717.6,1377.813437,3.377823727,0.476423044,1403.384187,4.629760092,0.349024032,15.3,10.270750000000088,-1.2519363649999997
717.7,1378.153302,3.426150704,0.486702896,1403.849889,4.662872184,0.311110778,15.3,10.396587000000135,-1.2367214800000004
717.8000000000001,1378.49806,3.475632458,0.495227179,1404.318715,4.692142783,0.272715919,15.3,10.520655000000215,-1.2165103250000002
717.9000000000001,1378.847834,3.525976393,0.501410705,1404.790274,4.717511689,0.233959856,15.3,10.642440000000033,-1.191535296
718.0,1379.202743,3.576831396,0.504668283,1405.264175,4.738966861,0.19496299,15.3,10.761431999999967,-1.1621354649999995
718.1,1379.562909,3.627846353,0.504512256,1405.740025,4.7565083,0.155845722,15.3,10.877116000000068,-1.1286619470000003
718.2,1379.928408,3.67867015,0.500845093,1406.217433,4.770136006,0.116708387,15.3,10.989025000000037,-1.0914658560000006
718.3000000000001,1380.299125,3.728951674,0.493764324,1406.696009,4.779849978,0.077571052,15.3,11.096884,-1.0508983039999995
718.4000000000001,1380.674902,3.778339812,0.483757608,1407.17536,4.785650216,0.038433718,15.3,11.20045799999998,-1.0073104039999996
718.5,1381.055579,3.826483448,0.471410134,1407.655096,4.787536721,-0.000703617,15.3,11.299516999999877,-0.9610532730000005
718.6,1381.440997,3.87308999,0.457307092,1408.134824,4.785509493,-0.039840952,15.3,11.393827000000055,-0.9124195030000002
718.7,1381.830995,3.918100917,0.442033671,1408.614154,4.779568531,-0.078978286,15.3,11.483159000000068,-0.8614676139999999
718.8000000000001,1382.225415,3.96151623,0.426175061,1409.092695,4.769713835,-0.118041383,15.3,11.567279999999936,-0.8081976050000002
718.9000000000001,1382.624096,4.003335929,0.410218919,1409.570054,4.755945407,-0.156659051,15.3,11.645958000000018,-0.7526094779999992
719.0,1383.02688,4.043560014,0.394262777,1410.045841,4.738263244,-0.194385862,15.3,11.718961000000217,-0.69470323
719.1,1383.433606,4.082188485,0.378306635,1410.519664,4.716711891,-0.230776388,15.3,11.786057999999866,-0.6345234060000005
719.2,1383.844115,4.119221341,0.362350493,1410.991131,4.691514062,-0.265385199,15.3,11.847015999999893,-0.5722927210000002
719.3000000000001,1384.258248,4.154658583,0.346394351,1411.459852,4.662937013,-0.297766868,15.3,11.90160399999986,-0.5082784299999998
719.4000000000001,1384.675845,4.188500211,0.330438209,1411.925435,4.631248003,-0.327550204,15.3,11.949590000000125,-0.4427477919999996
719.5,1385.096746,4.220746225,0.314429964,1412.387524,4.596714287,-0.354660969,15.3,11.990778000000045,-0.3759680620000001
719.6,1385.520792,4.251396625,0.298109103,1412.845906,4.559603123,-0.379173401,15.3,12.025113999999984,-0.30820649799999966
719.7,1385.947823,4.28045141,0.281163011,1413.300404,4.520181769,-0.401458691,15.3,12.0525810000001,-0.23973035899999928
719.8000000000001,1386.37768,4.307879319,0.26327907,1413.750839,4.47871748,-0.421962267,15.3,12.073158999999986,-0.17083816099999982
719.9000000000001,1386.810203,4.333524045,0.244144666,1414.197035,4.435432973,-0.441129556,15.3,12.086831999999912,-0.10190892800000029
720.0,1387.245232,4.357198018,0.223447182,1414.638814,4.390372788,-0.459405989,15.3,12.093581999999923,-0.033174769999999576
720.1,1387.682609,4.378713667,0.200926105,1415.075997,4.343536927,-0.477236994,15.3,12.093387999999958,0.035176740000000706
720.2,1388.122148,4.397883424,0.176529332,1415.508409,4.294925389,-0.49499376,15.3,12.086261000000103,0.10295803499999945
720.3000000000001,1388.563565,4.414519719,0.150308965,1415.93587,4.244538175,-0.512750527,15.3,12.072305000000096,0.16998154400000054
720.4000000000001,1389.00655,4.428434982,0.12252552,1416.358204,4.192375284,-0.530507293,15.3,12.051653999999825,0.23605969800000004
720.5,1389.450794,4.439441644,0.09349161,1416.775233,4.138436717,-0.548264059,15.3,12.024438999999983,0.30100492700000014
720.6,1389.895986,4.447383397,0.063519852,1417.186779,4.082722472,-0.566020826,15.3,11.990792999999893,0.3646609249999999
720.7,1390.341819,4.452228979,0.032922862,1417.592666,4.025232551,-0.583777592,15.3,11.95084700000002,0.4269964279999998
720.8000000000001,1390.78798,4.45397839,0.002013257,1417.992714,3.965966954,-0.601583737,15.3,11.904733999999916,0.4880114359999994
720.9000000000001,1391.234162,4.45263163,-0.028948451,1418.386747,3.90492568,-0.619686154,15.3,11.852585000000044,0.5477059500000001
721.0,1391.680055,4.4481887,-0.05991016,1418.774587,3.842108729,-0.638381116,15.3,11.794532000000071,0.6060799710000002
721.1,1392.125348,4.440649598,-0.090871868,1419.156056,3.777486474,-0.657964895,15.3,11.730708000000003,0.6631631240000004
721.2,1392.569733,4.430014326,-0.121833576,1419.530978,3.71091078,-0.678733763,15.3,11.661244999999962,0.7191035460000004
721.3000000000001,1393.012899,4.416282883,-0.152795284,1419.899174,3.642203882,-0.700983992,15.3,11.58627499999984,0.774079001
721.4000000000001,1393.454537,4.399455269,-0.183756993,1420.260466,3.571188017,-0.724962475,15.3,11.505928999999878,0.8282672519999998
721.5,1393.894338,4.379531485,-0.214714497,1420.614655,3.497685422,-0.750718593,15.3,11.420317000000022,0.8818460630000002
721.6,1394.331992,4.356511529,-0.245646775,1420.961442,3.421518334,-0.778202965,15.3,11.329450000000133,0.9349931949999997
721.7,1394.767189,4.330395403,-0.276528603,1421.30051,3.342508989,-0.807168699,15.3,11.233321000000114,0.9878864139999997
721.8000000000001,1395.199619,4.301185628,-0.307334755,1421.631537,3.260479624,-0.837319522,15.3,11.131917999999995,1.040706004
721.9000000000001,1395.628973,4.268894818,-0.338040006,1421.954205,3.175282103,-0.868359161,15.3,11.025231999999914,1.093612715
722.0,1396.054942,4.233538107,-0.36861913,1422.268192,3.086886798,-0.899991345,15.3,10.913250000000016,1.1466513090000001
722.1,1396.477215,4.195130631,-0.399051107,1422.573181,2.995293709,-0.931919801,15.3,10.795966000000089,1.1998369219999998
722.2,1396.895486,4.153687525,-0.429331731,1422.86885,2.900502837,-0.963897636,15.3,10.673364000000173,1.2531846879999997
722.3000000000001,1397.309454,4.109223924,-0.459465208,1423.15488,2.802514182,-0.995875471,15.3,10.545426000000088,1.3067097420000002
722.4000000000001,1397.718822,4.061754964,-0.489472559,1423.430952,2.701327743,-1.027853306,15.3,10.412129999999888,1.3604272210000006
722.5,1398.123293,4.011295779,-0.519379007,1423.696745,2.596943521,-1.059831141,15.3,10.27345199999986,1.414352258
722.6,1398.522569,3.957858982,-0.54920978,1423.951939,2.489361515,-1.091808976,15.3,10.129370000000062,1.4684974669999997
722.7,1398.916352,3.901447096,-0.578990103,1424.196216,2.378581725,-1.123786811,15.3,9.979864000000088,1.522865371
722.8000000000001,1399.304346,3.842060121,-0.6087452,1424.429255,2.264604153,-1.155440795,15.3,9.824909000000115,1.5774559679999998
722.9000000000001,1399.686252,3.779698056,-0.638496093,1424.650736,2.147428796,-1.185151673,15.3,9.664484000000083,1.6322692600000002
723.0,1400.061773,3.714360902,-0.668246985,1424.860339,2.027055656,-1.210047993,15.3,9.498566000000164,1.6873052460000002
723.1,1400.430612,3.646048659,-0.697997878,1425.057746,1.903679044,-1.230971685,15.3,9.327133999999841,1.7423696149999999
723.2,1400.79247,3.574761327,-0.727748771,1425.242635,1.778270511,-1.243194607,15.3,9.15016499999997,1.796490816
723.3000000000001,1401.147052,3.500498905,-0.757499664,1425.414688,1.65255293,-1.245701999,15.3,8.967636000000038,1.8479459750000002
723.4000000000001,1401.494058,3.423261394,-0.787250557,1425.573584,1.526021141,-1.236874604,15.3,8.779525999999986,1.8972402529999999
723.5,1401.833191,3.343048794,-0.817001449,1425.719159,1.401512032,-1.216388572,15.3,8.585968000000047,1.941536762
723.6,1402.164155,3.259861104,-0.846627858,1425.851871,1.279634457,-1.185496099,15.3,8.387716000000136,1.980226647
723.7,1402.486651,3.173698325,-0.875507364,1425.972332,1.161554281,-1.143031405,15.3,8.185681000000113,2.0121440440000002
723.8000000000001,1402.800382,3.084560457,-0.902893062,1426.081156,1.048437368,-1.093722631,15.3,7.980774000000064,2.0361230889999997
723.9000000000001,1403.105051,2.99252219,-0.92803805,1426.178955,0.94125527,-1.038584539,15.3,7.773904000000083,2.0512669199999998
724.0,1403.400359,2.897956976,-0.950195424,1426.266343,0.840202298,-0.979560235,15.3,7.565984000000025,2.0577546780000002
724.1,1403.68601,2.801312956,-0.969544572,1426.343931,0.745278453,-0.918592824,15.3,7.357921000000214,2.056034503
724.2,1403.961706,2.703038274,-0.982684202,1426.412334,0.656483734,-0.857301562,15.3,7.150628000000051,2.04655454
724.3000000000001,1404.227209,2.60358107,-0.992268701,1426.472163,0.57381814,-0.796010301,15.3,6.944954000000006,2.0297629300000004
724.4000000000001,1404.482521,2.502833714,-0.997496263,1426.524033,0.497281673,-0.734719039,15.3,6.741512000000011,2.005552041
724.5,1404.727702,2.402911669,-0.998989309,1426.568555,0.426874333,-0.673427777,15.3,6.540853000000151,1.9760373359999999
724.6,1404.962813,2.302595755,-0.99749474,1426.606343,0.362596118,-0.612136515,15.3,6.343529999999827,1.939999637
724.7,1405.187916,2.202815198,-0.992833171,1426.63801,0.30444703,-0.550845254,15.3,6.150093999999807,1.8983681680000002
724.8000000000001,1405.403071,2.103644689,-0.988530375,1426.664168,0.252427067,-0.489553992,15.3,5.961097000000063,1.8512176219999998
724.9000000000001,1405.60834,2.005084226,-0.982554386,1426.685431,0.206536231,-0.428465138,15.3,5.777091000000109,1.798547995
725.0,1405.803783,1.907133811,-0.976453913,1426.702411,0.166774521,-0.368590731,15.3,5.598627999999916,1.74035929
725.1,1405.989461,1.809793444,-0.970353439,1426.715721,0.133141937,-0.311145218,15.3,5.426260000000138,1.676651507
725.2,1406.165436,1.713063124,-0.964252966,1426.725975,0.105517035,-0.257343045,15.3,5.260539000000062,1.607546089
725.3000000000001,1406.331769,1.616942851,-0.958152493,1426.733784,0.083292591,-0.20839866,15.3,5.102015000000119,1.53365026
725.4000000000001,1406.48852,1.521432625,-0.95205202,1426.739763,0.065739937,-0.16552651,15.3,4.951242999999931,1.455692688
725.5,1406.63575,1.426532447,-0.945951546,1426.744523,0.052130404,-0.129738633,15.3,4.808773000000155,1.3744020430000001
725.6,1406.773521,1.332242316,-0.939701221,1426.748582,0.041735325,-0.101237437,15.3,4.675060999999868,1.290506991
725.7,1406.901894,1.238562232,-0.932551785,1426.752065,0.033826032,-0.079820515,15.3,4.550170999999818,1.2047362000000001
725.8000000000001,1407.020929,1.145492196,-0.923604128,1426.755003,0.027673856,-0.064372474,15.3,4.434073999999963,1.11781834
725.9000000000001,1407.130687,1.053122118,-0.911959138,1426.757425,0.022550129,-0.053146032,15.3,4.326737999999931,1.030571989
726.0,1407.23123,0.961901554,-0.896717704,1426.759363,0.017847627,-0.045216045,15.3,4.228132999999797,0.944053927
726.1,1407.322619,0.87236997,-0.876980717,1426.760845,0.01350692,-0.039294036,15.3,4.138225999999985,0.8588630500000001
726.2,1407.404914,0.785066833,-0.851998916,1426.761902,0.009847706,-0.033363522,15.3,4.0569880000000005,0.7752191270000001
726.3000000000001,1407.478248,0.700531609,-0.821622451,1426.762564,0.006832514,-0.02756852,15.3,3.9843160000002165,0.693699095
726.4000000000001,1407.543043,0.619303766,-0.786001172,1426.76286,0.004423871,-0.021740684,15.3,3.9198170000001475,0.6148798950000001
726.5,1407.59979,0.541922768,-0.745884339,1426.76287,0.002584304,-0.016237284,15.3,3.8630800000000356,0.5393384640000001
726.6,1407.648982,0.468928083,-0.702171063,1426.762881,0.001276341,-0.011211964,15.3,3.8138990000001733,0.467651742
726.7,1407.691113,0.400769267,-0.655760455,1426.762891,0.000462509,-0.007197559,15.3,3.771777999999994,0.400306758
726.8000000000001,1407.726673,0.33753623,-0.607551624,1426.762902,0.000105336,-0.004131614,15.3,3.7362290000000478,0.337430894
726.9000000000001,1407.756157,0.279228972,-0.558443683,1426.762912,0.000105336,-0.001951676,15.3,3.706754999999884,0.279123636
727.0,1407.780056,0.225847493,-0.50623776,1426.762923,0.000105336,-0.000595289,15.3,3.6828669999999413,0.225742157
727.1,1407.798864,0.177391793,-0.450607225,1426.762934,0.000105336,-3.33e-11,15.3,3.6640699999999917,0.17728645699999998
727.2,1407.813072,0.133861873,-0.392578284,1426.762944,0.000105336,-1.2e-11,15.3,3.6498720000001406,0.13375653699999998
727.3000000000001,1407.823173,0.097026611,-0.333177139,1426.762955,0.000105336,-7.63e-12,15.3,3.639781999999922,0.096921275
727.4000000000001,1407.82966,0.067171894,-0.273429994,1426.762965,0.000105336,0.0,15.3,3.6333049999997904,0.067066558
727.5,1407.833026,0.043682001,-0.214363055,1426.762976,0.000105336,0.0,15.3,3.629949999999962,0.043576665
727.6,1407.833763,0.02594121,-0.159950655,1426.762986,0.000105336,0.0,15.3,3.6292229999998646,0.025835873999999998
727.7,1407.833778,0.013333797,-0.111695479,1426.762997,0.000105336,1.62e-13,15.3,3.629219000000102,0.013228461
727.8000000000001,1407.833794,0.00524404,-0.072545657,1426.763007,0.000105336,0.0,15.3,3.6292130000001173,0.005138704
727.9000000000001,1407.833809,0.001056218,-0.042977671,1426.763018,0.000105336,0.0,15.3,3.6292090000001274,0.000950882
728.0,1407.833825,0.000154607,-0.021965316,1426.763028,0.000105336,0.0,15.3,3.6292030000001425,4.9270999999999996e-05
728.1,1407.83384,0.000154607,-0.008482389,1426.763039,0.000105336,1.62e-13,15.3,3.6291989999999252,4.9270999999999996e-05
728.2,1407.833856,0.000154607,-0.001502685,1426.763049,0.000105336,0.0,15.3,3.6291929999999404,4.9270999999999996e-05
728.3000000000001,1407.833871,0.000154607,-3.49e-11,1426.76306,0.000105336,0.0,15.3,3.6291889999999505,4.9270999999999996e-05
728.4000000000001,1407.833886,0.000154607,-8.39e-12,1426.76307,0.000105336,8.12e-13,15.3,3.629184000000077,4.9270999999999996e-05
728.5,1407.833902,0.000154607,-3.49e-12,1426.763081,0.000105336,7.42e-12,15.3,3.6291789999999757,4.9270999999999996e-05
728.6,1407.833917,0.000154607,-5.03e-12,1426.763092,0.000105336,1.2e-11,15.3,3.629174999999986,4.9270999999999996e-05
728.7,1407.833933,0.000154607,-1.4e-12,1426.763102,0.000105336,3.44e-11,15.3,3.629169000000001,4.9270999999999996e-05
728.8000000000001,1407.833948,0.000154607,2.27e-13,1426.763113,0.000105336,0.012349984,15.3,3.629165000000011,4.9270999999999996e-05
728.9000000000001,1407.833964,0.000154607,0.0,1426.763123,0.000105336,0.02631136,15.3,3.6291590000000262,4.9270999999999996e-05
729.0,1407.833979,0.000154607,0.0,1426.763134,0.000105336,0.041540623,15.3,3.6291550000000363,4.9270999999999996e-05
729.1,1407.833995,0.000154607,0.0,1426.763144,0.007515326,0.057608483,15.3,3.6291490000000515,-0.007360719
729.2,1407.83401,0.000154607,0.0,1426.763155,0.015892152,0.074085645,15.3,3.6291450000000616,-0.015737545
729.3000000000001,1407.834026,0.000154607,0.0,1426.763165,0.02502971,0.090542819,15.3,3.6291390000000767,-0.024875103
729.4000000000001,1407.834041,0.000154607,0.0,1426.763176,0.034670426,0.094200727,15.3,3.6291349999998594,-0.034515818999999996
729.5,1407.834056,0.000154607,2.27e-13,1426.769114,0.044556723,0.09536867,15.3,3.6350580000000257,-0.044402116
729.6,1407.834072,0.000154607,0.0,1426.775826,0.054431027,0.081610874,15.3,3.6417539999999455,-0.05427642
729.7,1407.834087,0.000154607,1.62e-13,1426.783147,0.064035763,0.063665933,15.3,3.6490600000001443,-0.063881156
729.8000000000001,1407.834103,0.000154607,-2.27e-13,1426.79087,0.073113354,0.04187735,15.3,3.6567670000001264,-0.072958747
729.9000000000001,1407.834118,0.000154607,0.0,1426.79879,0.073996234,0.014118426,15.3,3.6646720000000634,-0.07384162699999999
730.0,1407.834134,0.000154607,2.33e-12,1426.8067,0.072869985,-0.011513574,15.3,3.672566000000142,-0.072715378
730.1,1407.834149,0.000154607,5.43e-12,1426.814394,0.069683133,-0.042171541,15.3,3.6802449999999673,-0.069528526
730.2,1407.834165,0.000154607,7.58e-12,1426.821667,0.064435677,-0.055908897,15.3,3.6875019999999488,-0.06428107
730.3000000000001,1407.83418,0.000154607,2.25e-11,1426.828311,0.057127618,-0.069057442,15.3,3.694130999999924,-0.056973011
730.4000000000001,1407.834196,0.000154607,0.002173732,1426.834122,0.047758956,-0.075601731,15.3,3.6999259999999587,-0.047604349
730.5,1407.834211,0.000154607,0.004150271,1426.838893,0.040450897,-0.076974523,15.3,3.704682000000002,-0.04029629
730.6,1407.834227,0.000154607,0.005945847,1426.842419,0.03143552,-0.072746525,15.3,3.7081920000000075,-0.031280913
730.7,1407.834242,0.001458846,0.007576689,1426.844492,0.024322094,-0.062488445,15.3,3.710250000000041,-0.022863248
730.8000000000001,1407.834257,0.00264477,0.009059028,1426.844907,0.018250963,-0.051516662,15.3,3.7106499999999407,-0.015606192999999999
730.9000000000001,1407.834273,0.003722115,0.010279254,1426.845861,0.013479703,-0.038218056,15.3,3.7115880000000736,-0.009757588000000001
731.0,1407.834288,0.00470062,0.009339544,1426.846815,0.010265889,-0.024635325,15.3,3.7125270000000903,-0.005565269
731.1,1407.835347,0.005590024,0.008302455,1426.847769,0.009540899,-0.014516773,15.3,3.7124220000000143,-0.003950875
731.2,1407.836311,0.006400063,0.005448692,1426.848723,0.009540899,-0.006564673,15.3,3.7124120000000396,-0.003140836
731.3000000000001,1407.837189,0.007140477,0.0029482,1426.849677,0.009540899,-0.001208316,15.3,3.7124879999998477,-0.002400422
731.4000000000001,1407.837987,0.007626242,0.000738496,1426.850631,0.009540899,-2.13e-11,15.3,3.7126439999999086,-0.0019146570000000002
731.5,1407.838714,0.00699133,-0.001345157,1426.851585,0.009540899,-1.28e-11,15.3,3.712870999999904,-0.0025495690000000007
731.6,1407.839378,0.00646029,-0.003181994,1426.852539,0.009540899,-8.53e-12,15.3,3.713161000000081,-0.0030806090000000006
731.7,1407.839985,0.006033122,-0.004336605,1426.853494,0.009540899,-4.26e-12,15.3,3.7135089999998847,-0.003507777
731.8000000000001,1407.840545,0.005592969,-0.00372713,1426.854448,0.009540899,0.0,15.3,3.713903000000027,-0.0039479300000000005
731.9000000000001,1407.841065,0.00523128,-0.003021764,1426.855402,0.009540899,1.71e-12,15.3,3.7143369999998406,-0.004309619000000001
732.0,1407.841552,0.004950855,-0.002337281,1426.856356,0.009540899,2.53e-12,15.3,3.714803999999912,-0.004590044000000001
732.1,1407.842015,0.004755052,-0.001473324,1426.85731,0.009540899,2.84e-12,15.3,3.7152950000001503,-0.004785847
732.2,1407.842461,0.004647232,-0.000576705,1426.858264,0.009540899,2.92e-12,15.3,3.7158030000000046,-0.004893667
732.3000000000001,1407.842899,0.004630753,0.000353509,1426.859218,0.009540899,2.92e-12,15.3,3.716319000000066,-0.004910146000000001
732.4000000000001,1407.843338,0.004708975,0.001316383,1426.860172,0.009540899,3.05e-12,15.3,3.7168340000000164,-0.0048319240000000005
732.5,1407.843789,0.004885257,0.002307253,1426.861126,0.009540899,6.09e-12,15.3,3.717336999999997,-0.004655642000000001
732.6,1407.844263,0.00516296,0.00332052,1426.86208,0.009540899,8.53e-12,15.3,3.7178170000001494,-0.004377939
732.7,1407.84477,0.005544882,0.004350583,1426.863034,0.009540899,1.33e-11,15.3,3.718264000000044,-0.003996017
732.8000000000001,1407.84532,0.006031584,0.005391845,1426.863989,0.009540899,3.09e-11,15.3,3.7186690000000446,-0.003509315
732.9000000000001,1407.845923,0.006623065,0.006438706,1426.864943,0.009540899,0.185227199,15.3,3.7190199999999543,-0.0029178340000000002
733.0,1407.846592,0.007319325,0.0074865,1426.865897,0.009540899,0.397372086,15.3,3.719304999999803,-0.0022215740000000005
733.1,1407.847335,0.008120365,0.008534294,1426.866851,0.009540899,0.635256494,15.3,3.719516000000066,-0.001420534000000001
733.2,1407.848163,0.009026184,0.009582088,1426.867805,0.120677218,0.910312982,15.3,3.7196419999999755,-0.11165103400000001
733.3000000000001,1407.849088,0.010036782,0.010629882,1426.868759,0.247964151,1.213750642,15.3,3.719671000000016,-0.237927369
733.4000000000001,1407.850118,0.01115216,0.011677676,1426.869713,0.390694796,1.491565157,15.3,3.7195949999999804,-0.379542636
733.5,1407.851266,0.012372317,0.01272547,1426.870667,0.548162252,1.635398765,15.3,3.7194010000000155,-0.535789935
733.6,1407.852541,0.013697254,0.013757567,1426.96053,0.737791285,1.772163362,15.3,3.807989000000088,-0.724094031
733.7,1407.853953,0.01512697,0.01466033,1427.063314,0.904479994,1.716631751,15.3,3.9093609999999437,-0.889353024
733.8000000000001,1407.855514,0.016661466,0.015432271,1427.178453,1.101916477,1.62711344,15.3,4.022938999999905,-1.085255011
733.9000000000001,1407.857233,0.018291322,0.015912046,1427.305381,1.311262168,1.474567155,15.3,4.148147999999946,-1.292970846
734.0,1407.859121,0.019948358,0.01600233,1427.443533,1.420673846,1.32997149,15.3,4.284411999999929,-1.400725488
734.1,1407.861189,0.02163168,0.015621708,1427.592343,1.524430316,1.166419998,15.3,4.43115400000006,-1.5027986359999999
734.2,1407.863448,0.023244481,0.014691694,1427.751246,1.622531578,0.952736575,15.3,4.5877979999999745,-1.599287097
734.3000000000001,1407.865899,0.024728368,0.013231746,1427.919677,1.714977631,0.896184494,15.3,4.753778000000192,-1.6902492630000001
734.4000000000001,1407.868516,0.02603449,0.011164867,1428.097069,1.801768476,0.839632412,15.3,4.928552999999919,-1.7757339859999999
734.5,1407.871264,0.027106339,0.008636704,1428.282858,1.882904113,0.78308033,15.3,5.111593999999922,-1.855797774
734.6,1407.874109,0.027887406,0.00574458,1428.476478,1.958384542,0.726528248,15.3,5.302368999999953,-1.9304971359999998
734.7,1407.877016,0.0283306,0.002569913,1428.677363,2.028209763,0.669976167,15.3,5.500347000000101,-1.999879163
734.8000000000001,1407.879949,0.028426504,-0.000793117,1428.884947,2.092379776,0.613424085,15.3,5.7049980000001135,-2.063953272
734.9000000000001,1407.882874,0.028175116,-0.004250328,1429.098666,2.15089458,0.556872003,15.3,5.915792000000192,-2.1227194640000002
735.0,1407.885758,0.027576438,-0.007723236,1429.317954,2.203754176,0.500547433,15.3,6.132196000000203,-2.176177738
735.1,1407.888563,0.026630469,-0.011196144,1429.542245,2.250958564,0.445587935,15.3,6.353682000000116,-2.2243280949999997
735.2,1407.891257,0.025337209,-0.014669052,1429.770973,2.292507744,0.39335858,15.3,6.579715999999916,-2.267170535
735.3000000000001,1407.893804,0.023696658,-0.01814196,1430.003574,2.328538223,0.345224438,15.3,6.809770000000025,-2.304841565
735.4000000000001,1407.89617,0.021708817,-0.02115045,1430.239481,2.359732537,0.302550583,15.3,7.0433110000000845,-2.3380237200000002
735.5,1407.89832,0.019373685,-0.023640731,1430.47813,2.386909728,0.265531731,15.3,7.2798099999999515,-2.367536043
735.6,1407.900219,0.016691262,-0.025382144,1430.718954,2.410888839,0.238816503,15.3,7.5187349999998325,-2.394197577
735.7,1407.901832,0.013940199,-0.025649738,1430.961497,2.432488914,0.21912135,15.3,7.759664999999995,-2.418548715
735.8000000000001,1407.903125,0.01115277,-0.0247435,1431.20574,2.451826783,0.207389114,15.3,8.002615000000059,-2.440674013
735.9000000000001,1407.904062,0.008467372,-0.022591077,1431.451772,2.471828125,0.202482235,15.3,8.247709999999824,-2.463360753
736.0,1407.90461,0.006318974,-0.010908274,1431.699684,2.491205347,0.203035641,15.3,8.495073999999885,-2.484886373
736.1,1407.904734,0.004527585,0.007938349,1431.949565,2.511343196,0.208854616,15.3,8.74483099999993,-2.506815611
736.2,1407.904914,0.003136616,0.035254541,1432.201504,2.53237818,0.215063026,15.3,8.99659000000015,-2.529241564
736.3000000000001,1407.905094,0.007395234,0.07077705,1432.455592,2.554310299,0.223806861,15.3,9.25049800000006,-2.546915065
736.4000000000001,1407.905274,0.01591578,0.116387848,1432.711918,2.577139552,0.232778208,15.3,9.506644000000005,-2.561223772
736.5,1407.905454,0.029620097,0.173478636,1432.970571,2.60086594,0.241749555,15.3,9.7651170000001,-2.571245843
736.6,1407.905634,0.048785205,0.234764854,1433.231642,2.625489463,0.250720903,15.3,10.026008000000001,-2.576704258
736.7,1407.909979,0.074360294,0.304023325,1433.495221,2.651010121,0.25969225,15.3,10.28524199999988,-2.5766498270000002
736.8000000000001,1407.917343,0.107223797,0.373785773,1433.761396,2.677427913,0.268663597,15.3,10.54405300000003,-2.5702041159999998
736.9000000000001,1407.92843,0.148254147,0.443753074,1434.030258,2.70474284,0.277634944,15.3,10.801828000000068,-2.5564886930000004
737.0,1407.943942,0.198329775,0.515721005,1434.301896,2.732954902,0.286547027,15.3,11.057953999999835,-2.534625127
737.1,1407.964582,0.253123357,0.58526497,1434.5764,2.762064098,0.295103525,15.3,11.311817999999857,-2.508940741
737.2,1407.991053,0.314944398,0.655101182,1434.85386,2.79207043,0.302948853,15.3,11.562806999999975,-2.4771260319999997
737.3000000000001,1408.024057,0.383792897,0.723622282,1435.134366,2.822938337,0.309727426,15.3,11.810308999999915,-2.43914544
737.4000000000001,1408.064298,0.459668854,0.793896865,1435.418006,2.854490028,0.31508366,15.3,12.053708000000096,-2.3948211739999996
737.5,1408.112477,0.54257227,0.864171448,1435.704872,2.886512152,0.318661969,15.3,12.292395000000123,-2.343939882
737.6,1408.169298,0.632503144,0.934446031,1435.995052,2.918791358,0.320166032,15.3,12.52575399999996,-2.286288214
737.7,1408.235464,0.729461476,1.004317071,1436.288608,2.951114294,0.319536586,15.3,12.753143999999974,-2.221652818
737.8000000000001,1408.311677,0.833447267,1.071766849,1436.585488,2.983267611,0.316832894,15.3,12.973811000000023,-2.149820344
737.9000000000001,1408.39864,0.944460516,1.134374105,1436.88561,3.015037956,0.312351278,15.3,13.186970000000155,-2.07057744
738.0,1408.497055,1.062259097,1.189717577,1437.188893,3.04621198,0.306447321,15.3,13.39183799999996,-1.9839528829999997
738.1,1408.607626,1.185632379,1.235376003,1437.495257,3.076611888,0.29947661,15.3,13.587631000000055,-1.890979509
738.2,1408.731056,1.313127607,1.268928123,1437.80462,3.106202124,0.291794729,15.3,13.773564000000032,-1.7930745170000002
738.3000000000001,1408.868046,1.443292022,1.288356219,1438.116902,3.134982687,0.283757263,15.3,13.948855999999932,-1.6916906649999999
738.4000000000001,1409.019106,1.574672869,1.293256748,1438.432022,3.162953577,0.275660533,15.3,14.112915999999995,-1.588280708
738.5,1409.18397,1.70581739,1.284033252,1438.749898,3.190114794,0.267563803,15.3,14.265927999999985,-1.4842974039999999
738.6,1409.362179,1.835272828,1.262703449,1439.07045,3.216466338,0.259467073,15.3,14.408270999999967,-1.3811935100000001
738.7,1409.553273,1.961586428,1.231688602,1439.393596,3.242008208,0.251370343,15.3,14.540322999999898,-1.2804217800000002
738.8000000000001,1409.756794,2.083547558,1.193409971,1439.719256,3.266740406,0.243273613,15.3,14.662462000000186,-1.183192848
738.9000000000001,1409.97228,2.200914092,1.150288817,1440.047349,3.290662931,0.235176883,15.3,14.775068999999984,-1.0897488389999999
739.0,1410.199274,2.31368603,1.104746401,1440.377794,3.313775783,0.227049052,15.3,14.878519999999934,-1.0000897530000001
739.1,1410.437315,2.421863372,1.058800443,1440.710509,3.336078962,0.21873462,15.3,14.973194000000102,-0.9142155900000004
739.2,1410.685944,2.525446119,1.012854484,1441.045414,3.357572467,0.210046984,15.3,15.059469999999873,-0.8321263479999996
739.3000000000001,1410.944701,2.624434269,0.966908525,1441.382428,3.37823764,0.200799543,15.3,15.137726999999995,-0.753803371
739.4000000000001,1411.213128,2.718827824,0.920962566,1441.72147,3.397981178,0.190805695,15.3,15.208341999999856,-0.6791533540000003
739.5,1411.490764,2.808626782,0.875016608,1442.062459,3.416691122,0.179878837,15.3,15.27169500000009,-0.6080643399999999
739.6,1411.777151,2.893831145,0.829070649,1442.405314,3.434255509,0.167863469,15.3,15.328163000000085,-0.5404243640000002
739.7,1412.071828,2.974440912,0.783255408,1442.749939,3.450562378,0.15472849,15.3,15.378110999999944,-0.47612146599999994
739.8000000000001,1412.374336,3.050456083,0.738224474,1443.096178,3.46549977,0.140505,15.3,15.421841999999923,-0.41504368700000027
739.9000000000001,1412.684216,3.121876658,0.694762155,1443.443862,3.478955721,0.125348501,15.3,15.459645999999974,-0.35707906300000003
740.0,1413.001009,3.188781068,0.653652757,1443.792819,3.490818272,0.109445596,15.3,15.49180999999994,-0.3020372039999999
740.1,1413.324254,3.251561467,0.615680588,1444.142878,3.500994122,0.092982884,15.3,15.518623999999999,-0.24943265499999967
740.2,1413.653493,3.310688438,0.581629955,1444.49387,3.50946461,0.076146969,15.3,15.540376999999989,-0.19877617200000008
740.3000000000001,1413.988265,3.366632566,0.552154448,1444.845624,3.516229736,0.059124452,15.3,15.557359000000087,-0.14959717000000028
740.4000000000001,1414.328175,3.419864436,0.527384783,1445.197969,3.5212895,0.042070835,15.3,15.569793999999956,-0.10142506399999984
740.5,1414.673077,3.470854632,0.507190244,1445.550734,3.524643903,0.025017218,15.3,15.577656999999999,-0.05378927099999986
740.6,1415.022887,3.520073737,0.490917241,1445.90375,3.526292944,0.007963601,15.3,15.580862999999862,-0.006219207000000004
740.7,1415.377522,3.567992337,0.477781467,1446.256846,3.526236623,-0.009090016,15.3,15.579323999999996,0.04175571400000022
740.8000000000001,1415.7369,3.615002585,0.466998614,1446.60985,3.52447494,-0.026143634,15.3,15.572949999999945,0.09052764499999988
740.9000000000001,1416.100938,3.661182911,0.457784376,1446.962593,3.521007896,-0.043197251,15.3,15.561654999999927,0.14017501500000007
741.0,1416.469552,3.706533316,0.449354445,1447.314904,3.51583549,-0.060257465,15.3,15.545352000000047,0.19069782599999963
741.1,1416.842659,3.7510538,0.441055231,1447.666613,3.508957723,-0.077357264,15.3,15.523954000000185,0.24209607700000024
741.2,1417.220177,3.794744362,0.432756018,1448.017549,3.500374593,-0.094536231,15.3,15.497371999999995,0.2943697689999998
741.3000000000001,1417.602023,3.837605004,0.424456805,1448.367541,3.490082144,-0.111833951,15.3,15.465518000000156,0.34752285999999977
741.4000000000001,1417.988113,3.879635723,0.416157591,1448.716419,3.478060582,-0.129290009,15.3,15.428305999999974,0.4015751409999999
741.5,1418.378365,3.920836522,0.407858378,1449.064012,3.464286157,-0.146943987,15.3,15.385647000000017,0.456550365
741.6,1418.772696,3.961207399,0.399559165,1449.41015,3.448735119,-0.164828874,15.3,15.337453999999934,0.5124722799999999
741.7,1419.171022,4.000748355,0.391189976,1449.754659,3.431383717,-0.182951266,15.3,15.283636999999953,0.5693646379999997
741.8000000000001,1419.57326,4.039459389,0.382400937,1450.097353,3.412208201,-0.201304566,15.3,15.22409300000022,0.6272511880000002
741.9000000000001,1419.979329,4.077340502,0.372772197,1450.438042,3.391184819,-0.219855788,15.3,15.158712999999988,0.6861556830000004
742.0,1420.389143,4.114349709,0.361883905,1450.776537,3.368289822,-0.238565347,15.3,15.087393999999858,0.7460598869999999
742.1,1420.802622,4.150277084,0.349316211,1451.112648,3.343503417,-0.257393658,15.3,15.010026000000106,0.8067736669999999
742.2,1421.219681,4.184870717,0.334649263,1451.446185,3.316821646,-0.276301138,15.3,14.926503999999976,0.8680490709999997
742.3000000000001,1421.640238,4.217878698,0.317533187,1451.77696,3.288244509,-0.295248203,15.3,14.836721999999963,0.9296341889999997
742.4000000000001,1422.064175,4.249049116,0.297898007,1452.104782,3.257772006,-0.314201864,15.3,14.740606999999908,0.99127711
742.5,1422.491243,4.27813006,0.275813699,1452.429462,3.225404136,-0.333155526,15.3,14.638219000000117,1.0527259239999998
742.6,1422.921157,4.304869621,0.251630137,1452.75081,3.191140901,-0.352109188,15.3,14.529653000000007,1.1137287200000001
742.7,1423.353632,4.329015888,0.225767173,1453.068638,3.154982299,-0.37106285,15.3,14.415005999999902,1.174033589
742.8000000000001,1423.788383,4.350358936,0.198644658,1453.382754,3.116928331,-0.390016511,15.3,14.29437099999991,1.2334306050000001
742.9000000000001,1424.225126,4.36885678,0.170682441,1453.692971,3.076978997,-0.408970173,15.3,14.167844999999897,1.291877783
743.0,1424.663577,4.38450942,0.142300373,1453.999098,3.035134296,-0.427858839,15.3,14.03552099999997,1.3493751239999998
743.1,1425.10345,4.397316855,0.113848331,1454.300946,2.99139423,-0.44635753,15.3,13.897496,1.4059226249999996
743.2,1425.544463,4.407279086,0.085396288,1454.598324,2.945758797,-0.464076271,15.3,13.753861000000096,1.461520289
743.3000000000001,1425.986329,4.414396112,0.056944245,1454.891045,2.898266996,-0.480625087,15.3,13.604716000000007,1.5161291160000006
743.4000000000001,1426.428764,4.418667935,0.028492203,1455.178918,2.849113813,-0.495614003,15.3,13.450154000000065,1.569554122
743.5,1426.871485,4.420094553,4.02e-05,1455.461753,2.798533234,-0.508653045,15.3,13.29026800000015,1.621561319
743.6,1427.314206,4.418675967,-0.028411882,1455.739361,2.746759244,-0.519417232,15.3,13.125154999999904,1.6719167230000003
743.7,1427.756643,4.414412176,-0.056849358,1456.011585,2.694025828,-0.52784157,15.3,12.954942000000027,1.720386348
743.8000000000001,1428.198511,4.407303182,-0.085199428,1456.278389,2.64056697,-0.533991054,15.3,12.779878000000007,1.7667362119999996
743.9000000000001,1428.639526,4.397348983,-0.113374687,1456.539772,2.586616656,-0.538190663,15.3,12.600246000000151,1.8107323269999998
744.0,1429.079403,4.38455832,-0.141287731,1456.795732,2.532408871,-0.540830372,15.3,12.416329000000086,1.8521494490000001
744.1,1429.517859,4.368974896,-0.168851155,1457.046266,2.478138602,-0.542300156,15.3,12.228407000000015,1.890836294
744.2,1429.954607,4.350651155,-0.195977552,1457.291371,2.423844846,-0.542989991,15.3,12.03676400000013,1.9268063090000003
744.3000000000001,1430.389364,4.329639538,-0.222594086,1457.531046,2.369527605,-0.54328985,15.3,11.841682000000173,1.9601119330000003
744.4000000000001,1430.821853,4.305992489,-0.248686189,1457.765289,2.315186876,-0.543524714,15.3,11.643436000000019,1.9908056130000005
744.5,1431.251823,4.279762452,-0.274268429,1457.994095,2.260822662,-0.543759577,15.3,11.442271999999956,2.01893979
744.6,1431.679032,4.251001869,-0.299413642,1458.217465,2.206434961,-0.543994441,15.3,11.23843299999994,2.0445669080000006
744.7,1432.103238,4.219763183,-0.324209235,1458.435394,2.152023774,-0.544229305,15.3,11.032156000000167,2.0677394090000005
744.8000000000001,1432.524197,4.186090097,-0.348742613,1458.647881,2.0975891,-0.544464168,15.3,10.823684000000139,2.088500997
744.9000000000001,1432.941669,4.149991352,-0.37310118,1458.854924,2.04313094,-0.544653364,15.3,10.613254999999935,2.1068604119999996
745.0,1433.355408,4.111466948,-0.397372342,1459.056519,1.988649294,-0.544860501,15.3,10.401111000000082,2.1228176540000003
745.1,1433.765175,4.070516884,-0.421628936,1459.252665,1.934144161,-0.545031755,15.3,10.187489999999979,2.136372723
745.2,1434.170725,4.02714116,-0.445885531,1459.44336,1.879642943,-0.544758746,15.3,9.972635000000036,2.1474982170000003
745.3000000000001,1434.571816,3.981339778,-0.470142125,1459.6286,1.825110409,-0.543462029,15.3,9.756784000000106,2.156229369
745.4000000000001,1434.968205,3.933112735,-0.49439872,1459.808384,1.77054656,-0.54071434,15.3,9.540179000000034,2.162566175
745.5,1435.359651,3.882460034,-0.518655314,1459.98271,1.716275692,-0.536077691,15.3,9.323059000000011,2.166184342
745.6,1435.74591,3.829381673,-0.542911909,1460.151574,1.662572076,-0.529009708,15.3,9.105663999999887,2.166809597
745.7,1436.12674,3.773877652,-0.567066538,1460.314974,1.609715557,-0.519026734,15.3,8.888233999999965,2.164162095
745.8000000000001,1436.501899,3.715947972,-0.590609375,1460.472948,1.557996328,-0.506185605,15.3,8.671048999999993,2.1579516439999997
745.9000000000001,1436.871143,3.655592632,-0.612928627,1460.625686,1.507704584,-0.490540392,15.3,8.454543000000012,2.1478880479999996
746.0,1437.23423,3.592872813,-0.633412503,1460.773417,1.45913052,-0.472476894,15.3,8.239187000000083,2.133742293
746.1,1437.590918,3.528094409,-0.65144921,1460.916373,1.412564329,-0.452478767,15.3,8.02545499999992,2.11553008
746.2,1437.940964,3.461624496,-0.667123182,1461.054781,1.368247841,-0.431029669,15.3,7.813817000000153,2.093376655
746.3000000000001,1438.284125,3.39383015,-0.677835914,1461.188873,1.32622942,-0.408613257,15.3,7.6047480000001535,2.0676007299999997
746.4000000000001,1438.620209,3.325078446,-0.685574119,1461.318878,1.286509068,-0.385713187,15.3,7.398669000000108,2.038569378
746.5,1438.949216,3.255318723,-0.689743536,1461.445026,1.249086783,-0.362732508,15.3,7.195810000000119,2.0062319399999997
746.6,1439.271198,3.186171264,-0.690853992,1461.567546,1.213962566,-0.339751829,15.3,6.996348000000079,1.972208698
746.7,1439.586207,3.116749937,-0.68951728,1461.686669,1.181136417,-0.31677115,15.3,6.800461999999879,1.9356135199999998
746.8000000000001,1439.894293,3.047778375,-0.685648964,1461.802625,1.150608336,-0.293790471,15.3,6.608331999999972,1.8971700390000001
746.9000000000001,1440.195507,2.979317755,-0.681949517,1461.915642,1.122378323,-0.270809792,15.3,6.420135000000027,1.856939432
747.0,1440.489901,2.911368078,-0.676942051,1462.025951,1.096446377,-0.247829113,15.3,6.236050000000159,1.8149217010000003
747.1,1440.777525,2.843929345,-0.671832619,1462.133782,1.0728125,-0.224846675,15.3,6.056257000000141,1.7711168449999999
747.2,1441.058431,2.777001554,-0.666723188,1462.239365,1.051476691,-0.20185368,15.3,5.880933999999979,1.725524863
747.3000000000001,1441.33267,2.710584707,-0.661613757,1462.342929,1.032438949,-0.178839573,15.3,5.710258999999905,1.678145758
747.4000000000001,1441.600293,2.644678803,-0.656504325,1462.444704,1.015700331,-0.155793797,15.3,5.544411000000036,1.6289784720000002
747.5,1441.86135,2.579283842,-0.651394894,1462.544919,1.001266115,-0.132705797,15.3,5.383569000000033,1.5780177270000002
747.6,1442.115894,2.514399824,-0.646285463,1462.643806,0.989142634,-0.109565016,15.3,5.227912000000014,1.5252571899999998
747.7,1442.363975,2.450026749,-0.641077561,1462.741593,0.979336222,-0.086362658,15.3,5.077617999999983,1.470690527
747.8000000000001,1442.605644,2.386164618,-0.635278835,1462.838512,0.971853212,-0.063096962,15.3,4.932868000000052,1.414311406
747.9000000000001,1442.840952,2.322813429,-0.628298461,1462.934795,0.966699939,-0.039769688,15.3,4.793842999999878,1.35611349
748.0,1443.069951,2.260032266,-0.619545615,1463.030679,0.963882737,-0.016389634,15.3,4.660728000000017,1.296149529
748.1,1443.292691,2.198116541,-0.608429474,1463.126398,0.963407938,0.007032645,15.3,4.533707000000003,1.234708603
748.2,1443.509224,2.137420747,-0.594359213,1463.222186,0.965280821,0.030486592,15.3,4.412962000000061,1.1721399260000003
748.3000000000001,1443.719601,2.07829938,-0.576842478,1463.318279,0.969502441,0.053961652,15.3,4.298678000000063,1.1087969389999999
748.4000000000001,1443.92392,2.021106933,-0.555780801,1463.414912,0.976072799,0.077447268,15.3,4.190992000000005,1.045034134
748.5,1444.122468,1.966197902,-0.53127265,1463.51232,0.984991895,0.100934643,15.3,4.089852000000018,0.981206007
748.6,1444.315581,1.913926779,-0.503810379,1463.610736,0.996259728,0.124422019,15.3,3.9951550000000218,0.9176670510000001
748.7,1444.503592,1.864648061,-0.473984812,1463.710397,1.009876298,0.147909394,15.3,3.9068050000000305,0.854771763
748.8000000000001,1444.686837,1.818657158,-0.442386774,1463.811537,1.025841607,0.17139677,15.3,3.8247000000000746,0.7928155509999999
748.9000000000001,1444.86565,1.776013153,-0.409607087,1463.914391,1.044155652,0.194884145,15.3,3.748741000000063,0.7318575010000001
749.0,1445.040366,1.736716046,-0.376236577,1464.019194,1.064818436,0.21837152,15.3,3.6788280000000206,0.67189761
749.1,1445.21132,1.700765838,-0.342767596,1464.12618,1.087829956,0.241863292,15.3,3.614860000000089,0.6129358819999999
749.2,1445.378846,1.668162527,-0.309298615,1464.235586,1.113190215,0.26538144,15.3,3.5567399999999445,0.5549723120000001
749.3000000000001,1445.543279,1.638906114,-0.275829634,1464.347644,1.140899211,0.288952343,15.3,3.504364999999961,0.49800690300000006
749.4000000000001,1445.704953,1.6129966,-0.242360653,1464.462591,1.170959582,0.312602377,15.3,3.457638000000042,0.44203701799999995
749.5,1445.864204,1.590433984,-0.208891673,1464.580661,1.203384517,0.336357918,15.3,3.4164569999999905,0.387049467
749.6,1446.021367,1.571218266,-0.175422692,1464.702089,1.238189841,0.360245345,15.3,3.3807219999998317,0.33302842499999996
749.7,1446.176775,1.555349445,-0.14202581,1464.82711,1.275391382,0.384286638,15.3,3.3503350000000403,0.27995806300000003
749.8000000000001,1446.330763,1.542827523,-0.109061524,1464.955962,1.315004966,0.408486193,15.3,3.3251990000000653,0.22782255699999987
749.9000000000001,1446.483667,1.533652499,-0.076962429,1465.088888,1.357046418,0.432839614,15.3,3.305221000000028,0.17660608100000008
750.0,1446.63582,1.527781114,-0.04616112,1465.226137,1.401531564,0.45732492,15.3,3.2903170000001403,0.12624955000000004
750.1,1446.787558,1.524997069,-0.017090194,1465.367957,1.448476232,0.481915734,15.3,3.2803989999999423,0.07652083700000012
750.2,1446.939215,1.525040808,0.009817754,1465.514595,1.49789361,0.506585679,15.3,3.275379999999995,0.027147197999999984
750.3000000000001,1447.091126,1.527652773,0.034202228,1465.666298,1.549786334,0.531308378,15.3,3.2751720000000653,-0.02213356099999997
750.4000000000001,1447.243592,1.532573407,0.055991129,1465.823315,1.604154406,0.556057454,15.3,3.2797230000000575,-0.07158099899999981
750.5,1447.396772,1.539543152,0.075256556,1465.985891,1.660997825,0.580810927,15.3,3.2891189999999817,-0.1214546729999999
750.6,1447.550796,1.548302451,0.092359006,1466.154276,1.720316591,0.605564399,15.3,3.3034799999999898,-0.17201413999999993
750.7,1447.705789,1.558591747,0.107731072,1466.328717,1.782110705,0.630317871,15.3,3.322928000000001,-0.2235189580000001
750.8000000000001,1447.861879,1.570194742,0.121805353,1466.509461,1.846380165,0.655071344,15.3,3.347582000000056,-0.27618542300000004
750.9000000000001,1448.019193,1.583068177,0.135014442,1466.696755,1.913124973,0.679824816,15.3,3.377561999999852,-0.33005679600000004
751.0,1448.177857,1.59721205,0.147790936,1466.890848,1.982345129,0.704578288,15.3,3.412991000000101,-0.38513307900000004
751.1,1448.338,1.612626364,0.16049533,1467.091987,2.054040631,0.729312227,15.3,3.453987000000051,-0.44141426699999986
751.2,1448.499747,1.629311116,0.173199724,1467.300419,2.128211481,0.753928962,15.3,3.500671999999849,-0.4989003650000001
751.3000000000001,1448.663227,1.647266308,0.185904119,1467.516391,2.204857678,0.778311292,15.3,3.5531640000001055,-0.5575913700000001
751.4000000000001,1448.828565,1.66649194,0.198608513,1467.740153,2.283967502,0.802342013,15.3,3.611587999999937,-0.6174755619999999
751.5,1448.99589,1.686988011,0.211312907,1467.97195,2.365482351,0.825903922,15.3,3.676060000000188,-0.6784943399999999
751.6,1449.165328,1.708754522,0.224017302,1468.21203,2.449331904,0.848879816,15.3,3.7467019999998676,-0.7405773820000001
751.7,1449.337006,1.731791471,0.236721696,1468.460642,2.535445839,0.871172026,15.3,3.8236360000000325,-0.8036543679999999
751.8000000000001,1449.511051,1.756098861,0.249428485,1468.718022,2.623753834,0.892761019,15.3,3.906971000000066,-0.867654973
751.9000000000001,1449.68759,1.78167669,0.26214964,1468.984373,2.714185567,0.913666327,15.3,3.996783000000004,-0.9325088769999998
752.0,1449.866751,1.808524958,0.274899529,1469.259884,2.806670717,0.933985621,15.3,4.093133000000034,-0.9981457589999998
752.1,1450.04866,1.836645102,0.287692517,1469.544748,2.901138962,0.953836103,15.3,4.196088000000099,-1.06449386
752.2,1450.233445,1.866044306,0.300542971,1469.839156,2.9975317,0.973334976,15.3,4.305710999999928,-1.131487394
752.3000000000001,1450.421231,1.896731189,0.313465258,1470.143298,3.095837211,0.992599443,15.3,4.422066999999924,-1.199106022
752.4000000000001,1450.612148,1.928714371,0.326471349,1470.457367,3.196055496,1.011746707,15.3,4.545219000000042,-1.267341125
752.5,1450.806322,1.962002472,0.33956364,1470.781553,3.298186553,1.030874438,15.3,4.675231000000121,-1.3361840809999999
752.6,1451.003886,1.996604112,0.352739736,1471.116048,3.402230383,1.050002168,15.3,4.812162000000125,-1.405626271
752.7,1451.204975,2.032527912,0.365987664,1471.461042,3.508186986,1.069129898,15.3,4.956066999999802,-1.4756590740000002
752.8000000000001,1451.409723,2.06978249,0.379293059,1471.816729,3.616056363,1.088257629,15.3,5.10700599999991,-1.546273873
752.9000000000001,1451.618262,2.10837503,0.392641553,1472.183297,3.725838512,1.107385359,15.3,5.265035000000079,-1.6174634820000002
753.0,1451.830728,2.148306969,0.40601878,1472.56094,3.837533435,1.126513089,15.3,5.430212000000164,-1.689226466
753.1,1452.047254,2.189578307,0.419410374,1472.949848,3.95114113,1.145711137,15.3,5.6025939999999075,-1.7615628229999998
753.2,1452.267974,2.232189044,0.432804362,1473.350212,4.066661599,1.165331087,15.3,5.7822379999999605,-1.8344725549999996
753.3000000000001,1452.493022,2.27613918,0.44619835,1473.762224,4.18409484,1.185794842,15.3,5.9692019999999495,-1.9079556600000003
753.4000000000001,1452.722532,2.321428714,0.459592338,1474.186074,4.303483045,1.207524305,15.3,6.1635419999999606,-1.982054331
753.5,1452.956638,2.368057647,0.472986326,1474.621955,4.425037164,1.230941378,15.3,6.365316999999958,-2.056979517
753.6,1453.195474,2.416025979,0.486380314,1475.070058,4.54901034,1.256467964,15.3,6.574583999999913,-2.1329843609999997
753.7,1453.439173,2.46533371,0.499774302,1475.530573,4.675655713,1.284455647,15.3,6.791400000000021,-2.2103220030000004
753.8000000000001,1453.687871,2.51598084,0.513172434,1476.003726,4.805226425,1.314974747,15.3,7.015854999999828,-2.2892455849999997
753.9000000000001,1453.9417,2.567967368,0.526595427,1476.489877,4.937975618,1.347954944,15.3,7.248176999999895,-2.37000825
754.0,1454.200795,2.621293295,0.540068143,1476.98942,5.074156433,1.383044655,15.3,7.4886250000001375,-2.4528631379999997
754.1,1454.465289,2.675961108,0.553615442,1477.502748,5.214022012,1.419821975,15.3,7.7374590000001255,-2.538060904
754.2,1454.735317,2.731983235,0.567262187,1478.030255,5.357783306,1.457865003,15.3,7.994938000000001,-2.625800071
754.3000000000001,1455.011012,2.789374596,0.581033239,1478.572336,5.505482506,1.496751836,15.3,8.261324000000013,-2.71610791
754.4000000000001,1455.292508,2.848150105,0.594949314,1479.129383,5.65711961,1.536060572,15.3,8.536874999999963,-2.8089695049999994
754.5,1455.579942,2.90832468,0.609014558,1479.701791,5.81269462,1.575439625,15.3,8.821848999999883,-2.90436994
754.6,1455.873457,2.969913239,0.623224827,1480.289953,5.972207535,1.614818678,15.3,9.116496000000051,-3.002294296
754.7,1456.1732,3.032930696,0.637559402,1480.894263,6.135658356,1.654197731,15.3,9.421062999999958,-3.10272766
754.8000000000001,1456.479315,3.09739197,0.651993422,1481.515116,6.303047082,1.693576784,15.3,9.735800999999991,-3.205655112
754.9000000000001,1456.791949,3.163309492,0.666502026,1482.152904,6.474373713,1.732955837,15.3,10.060955000000103,-3.3110642210000005
755.0,1457.111247,3.230685746,0.681060353,1482.808022,6.649638249,1.77233489,15.3,10.396774999999888,-3.418952503
755.1,1457.437356,3.299520733,0.695643541,1483.480863,6.82884069,1.811713942,15.3,10.74350700000009,-3.529319957
755.2,1457.770422,3.369814454,0.710230872,1484.171821,7.011981037,1.850820762,15.3,11.101398999999855,-3.642166583
755.3000000000001,1458.11059,3.441566908,0.724818204,1484.88129,7.19905929,1.888294183,15.3,11.470700000000033,-3.757492382
755.4000000000001,1458.458006,3.514778095,0.739405536,1485.609664,7.390075447,1.922500805,15.3,11.851657999999997,-3.875297352
755.5,1458.812816,3.589448015,0.753992867,1486.357336,7.58486617,1.95180723,15.3,12.24451999999992,-3.995418155
755.6,1459.175166,3.665576668,0.768580199,1487.124701,7.782614759,1.974580059,15.3,12.649534999999968,-4.117038091
755.7,1459.545202,3.743164055,0.783167531,1487.912151,7.982341174,1.989185893,15.3,13.066948999999976,-4.239177119000001
755.8000000000001,1459.92307,3.822210175,0.797735687,1488.720082,8.183065376,1.994263565,15.3,13.497011999999994,-4.360855201
755.9000000000001,1460.308915,3.902715027,0.812188791,1489.548755,8.383807325,1.989540842,15.3,13.939839999999958,-4.481092297999999
756.0,1460.702883,3.984678613,0.82641179,1490.397913,8.583586983,1.975289958,15.3,14.395030000000087,-4.59890837
756.1,1461.105121,4.068089427,0.840289633,1491.267163,8.781424309,1.952872079,15.3,14.862041999999928,-4.713334882
756.2,1461.515774,4.152889943,0.853707266,1492.156116,8.976339264,1.923920603,15.3,15.340342000000145,-4.823449321
756.3000000000001,1461.934988,4.239011129,0.866549637,1493.064382,9.167515148,1.89006893,15.3,15.829394000000047,-4.928504019
756.4000000000001,1462.362909,4.326383954,0.87872087,1493.99157,9.354788623,1.852950458,15.3,16.328660999999965,-5.0284046689999995
756.5,1462.799674,4.414939387,0.890201789,1494.937291,9.538159687,1.814198588,15.3,16.837616999999863,-5.1232203
756.6,1463.245382,4.504608396,0.90101157,1495.901153,9.71762834,1.775174485,15.3,17.355770999999958,-5.213019943999999
756.7,1463.700124,4.59532195,0.911246088,1496.882768,9.893194584,1.736150381,15.3,17.88264399999998,-5.297872634
756.8000000000001,1464.16399,4.687011017,0.921020398,1497.881743,10.06485842,1.697126278,15.3,18.4177529999999,-5.3778474030000005
756.9000000000001,1464.637073,4.779618071,0.930449551,1498.89769,10.23261984,1.658102174,15.3,18.96061699999991,-5.453001769
757.0,1465.119461,4.873131607,0.939648598,1499.930219,10.39647885,1.61907807,15.3,19.510758000000077,-5.523347242999999
757.1,1465.611246,4.967551626,0.948732594,1500.978937,10.55643545,1.580053967,15.3,20.06769100000015,-5.588883824000001
757.2,1466.112518,5.062878126,0.957797414,1502.043457,10.71248964,1.54089936,15.3,20.63093900000008,-5.649611513999999
757.3000000000001,1466.623368,5.159111109,0.966862234,1503.123387,10.86464143,1.500961732,15.3,21.200019000000065,-5.705530321
757.4000000000001,1467.143887,5.256250573,0.975927055,1504.218336,11.0128908,1.459458061,15.3,21.774448999999958,-5.756640226999999
757.5,1467.674165,5.35429652,0.984991875,1505.327916,11.15715946,1.415605326,15.3,22.353751000000056,-5.802862940000001
757.6,1468.214293,5.453248948,0.994056695,1506.451735,11.29705589,1.368620506,15.3,22.9374420000001,-5.843806942
757.7,1468.764362,5.553107859,1.003121515,1507.589404,11.43211029,1.31772058,15.3,23.525042000000166,-5.879002431000001
757.8000000000001,1469.324461,5.653873251,1.012258893,1508.740531,11.56185284,1.26225303,15.3,24.11606999999999,-5.907979589
757.9000000000001,1469.894683,5.755545126,1.02183162,1509.904665,11.68581373,1.202087352,15.3,24.709982000000036,-5.930268603999999
758.0,1470.475117,5.858123482,1.032275042,1511.081102,11.80352314,1.13735405,15.3,25.305985000000145,-5.9453996579999995
758.1,1471.065854,5.961651856,1.044024508,1512.269075,11.91451127,1.068705642,15.3,25.903220999999984,-5.952859414000001
758.2,1471.666985,6.06634792,1.057515365,1513.467819,12.0183083,0.996925149,15.3,26.500833999999895,-5.951960379999999
758.3000000000001,1472.278601,6.172472883,1.073182963,1514.676567,12.11452272,0.922795592,15.3,27.097965999999996,-5.942049837
758.4000000000001,1472.900792,6.280287956,1.091390091,1515.894554,12.20307623,0.847099992,15.3,27.69376200000006,-5.922788274000001
758.5,1473.533683,6.390054345,1.112209306,1517.121013,12.28396882,0.770621371,15.3,28.287329999999837,-5.893914475
758.6,1474.17754,6.50203326,1.135568051,1518.355178,12.3572005,0.694012247,15.3,28.877638000000115,-5.855167239999999
758.7,1474.832661,6.61648591,1.161103536,1519.596283,12.42277127,0.617403122,15.3,29.463622000000168,-5.80628536
758.8000000000001,1475.499347,6.733673503,1.188380413,1520.843563,12.48068112,0.540793998,15.3,30.04421599999996,-5.7470076169999995
758.9000000000001,1476.177898,6.853813714,1.216963333,1522.09625,12.53093007,0.464184873,15.3,30.61835200000014,-5.677116356
759.0,1476.868612,6.976950077,1.24641695,1523.353579,12.5735181,0.387575749,15.3,31.184967000000096,-5.596568023
759.1,1477.57179,7.103082592,1.276305915,1524.614784,12.60844522,0.310966624,15.3,31.742994000000134,-5.505362628
759.2,1478.287731,7.23221126,1.306267437,1525.879099,12.63571142,0.234675236,15.3,32.291368000000105,-5.40350016
759.3000000000001,1479.016734,7.36433608,1.33622896,1527.145757,12.65531672,0.160290266,15.3,32.829022999999964,-5.29098064
759.4000000000001,1479.7591,7.499457052,1.366190482,1528.413992,12.6672611,0.089718132,15.3,33.35489200000002,-5.167804047999999
759.5,1480.515127,7.637574176,1.396152005,1529.683039,12.67173521,0.024865252,15.3,33.86791200000012,-5.034161033999999
759.6,1481.285116,7.778687453,1.426113527,1530.952132,12.66969226,-0.032361955,15.3,34.36701599999988,-4.891004807
759.7,1482.069367,7.922796882,1.45607505,1532.220503,12.6622761,-0.082481496,15.3,34.851135999999954,-4.739479218
759.8000000000001,1482.868178,8.069902463,1.485723879,1533.487388,12.65063058,-0.116631417,15.3,35.31921000000007,-4.580728117
759.9000000000001,1483.681849,8.220004196,1.513496546,1534.752172,12.63589954,-0.141767253,15.3,35.77032299999992,-4.415895344000001
760.0,1484.510681,8.373102082,1.536547104,1536.014852,12.6177722,-0.155782317,15.3,36.204171000000045,-4.244670117999998
760.1,1485.354971,8.529008504,1.555908747,1537.275578,12.60175636,-0.160265291,15.3,36.62060700000002,-4.0727478559999994
760.2,1486.215022,8.68678538,1.566795957,1538.534497,12.58463191,-0.157122593,15.3,37.019475000000014,-3.8978465300000007
760.3000000000001,1487.091131,8.844725144,1.568302359,1539.791759,12.56880671,-0.145836216,15.3,37.400628000000054,-3.7240815660000006
760.4000000000001,1487.983598,9.003447711,1.558864482,1541.047513,12.5544714,-0.135585851,15.3,37.763914999999955,-3.551023689000001
760.5,1488.892574,9.160081771,1.538169635,1542.301908,12.54162599,-0.121004644,15.3,38.10933399999995,-3.3815442190000002
760.6,1489.817606,9.314083497,1.507500295,1543.555093,12.53027047,-0.1061057,15.3,38.43748699999988,-3.2161869729999992
760.7,1490.758095,9.464327193,1.465510576,1544.807217,12.52040485,-0.091206757,15.3,38.74912200000013,-3.0560776569999994
760.8000000000001,1491.713439,9.609687161,1.416985995,1546.058429,12.51202912,-0.076307814,15.3,39.04498999999983,-2.9023419589999992
760.9000000000001,1492.683037,9.749225321,1.362832927,1547.308878,12.50514329,-0.06140887,15.3,39.32584100000004,-2.7559179689999986
761.0,1493.666288,9.882754057,1.304927537,1548.558713,12.49974735,-0.046509927,15.3,39.592425000000006,-2.616993293
761.1,1494.662592,10.01027337,1.245145984,1549.808083,12.4958413,-0.031610984,15.3,39.845490999999996,-2.48556793
761.2,1495.671348,10.13178325,1.185051738,1551.057136,12.49342515,-0.016813973,15.3,40.08578799999982,-2.3616419000000004
761.3000000000001,1496.691954,10.24728371,1.124957492,1552.306023,12.49249889,-0.002628559,15.3,40.3140690000002,-2.2452151800000006
761.4000000000001,1497.723809,10.35677475,1.064863245,1553.554891,12.49306253,0.010333661,15.3,40.53108199999993,-2.13628778
761.5,1498.766313,10.46025636,1.004768999,1554.803891,12.4950549,0.021461092,15.3,40.73757799999994,-2.034798539999999
761.6,1499.818865,10.55772855,0.944674753,1556.05317,12.49817021,0.030142136,15.3,40.93430499999995,-1.9404416599999994
761.7,1500.880864,10.64919131,0.884580507,1557.302877,12.5020415,0.035765196,15.3,41.12201300000011,-1.8528501899999998
761.8000000000001,1501.951708,10.73464465,0.824616694,1558.553163,12.5063018,0.037820609,15.3,41.30145499999999,-1.7716571499999993
761.9000000000001,1503.030798,10.81408857,0.765435482,1559.804127,12.51058417,0.036206442,15.3,41.473329000000106,-1.6964956000000004
762.0,1504.117531,10.88752306,0.707819473,1561.055673,12.51452165,0.031024628,15.3,41.638141999999974,-1.6269985900000012
762.1,1505.211307,10.95502638,0.652551267,1562.307656,12.51774727,0.022784831,15.3,41.79634899999992,-1.5627208899999996
762.2,1506.311525,11.01698984,0.600413466,1563.559933,12.51989408,0.012098646,15.3,41.94840799999993,-1.5029042399999994
762.3000000000001,1507.417584,11.073883,0.55218867,1564.812358,12.52065627,-0.000422328,15.3,42.09477399999987,-1.4467732699999996
762.4000000000001,1508.528884,11.12617541,0.508529048,1566.064787,12.5199727,-0.014166495,15.3,42.235902999999965,-1.3937972900000002
762.5,1509.644885,11.17433665,0.469565032,1567.317075,12.51784336,-0.02852226,15.3,42.37219,-1.3435067099999998
762.6,1510.7653,11.21883626,0.43516619,1568.569078,12.51426825,-0.042979957,15.3,42.50377799999997,-1.2954319900000009
762.7,1511.889904,11.26014381,0.404680353,1569.820652,12.50924737,-0.057437654,15.3,42.630748000000224,-1.24910356
762.8000000000001,1513.018471,11.29872886,0.377324921,1571.071651,12.50278072,-0.071895351,15.3,42.75317999999989,-1.2040518599999999
762.9000000000001,1514.150776,11.33498271,0.352317292,1572.321931,12.4948683,-0.086353048,15.3,42.871155,-1.15988559
763.0,1515.286594,11.36898363,0.328874865,1573.571347,12.48551011,-0.100810745,15.3,42.98475300000014,-1.1165264799999992
763.1,1516.425699,11.4007316,0.30621504,1574.819756,12.47470615,-0.115268442,15.3,43.094057000000205,-1.073974549999999
763.2,1517.567867,11.43022663,0.283685648,1576.067011,12.46245642,-0.129700559,15.3,43.19914400000012,-1.0322297900000006
763.3000000000001,1518.712871,11.45746873,0.261156256,1577.31297,12.44876092,-0.143979192,15.3,43.300099,-0.9912921899999994
763.4000000000001,1519.860487,11.48245788,0.238626864,1578.557487,12.43361965,-0.157950861,15.3,43.39700000000012,-0.9511617700000006
763.5,1521.010489,11.5051941,0.216097472,1579.800417,12.41704797,-0.17146208,15.3,43.48992799999992,-0.9118538699999998
763.6,1522.162652,11.52567738,0.19356808,1581.041616,12.3991226,-0.184359369,15.3,43.578964,-0.8734452200000007
763.7,1523.316751,11.54390772,0.171038689,1582.28094,12.37993563,-0.196489243,15.3,43.664189000000036,-0.8360279100000003
763.8000000000001,1524.47256,11.55988512,0.148611483,1583.518243,12.35957917,-0.207723802,15.3,43.74568300000006,-0.7996940499999994
763.9000000000001,1525.629855,11.57360958,0.126797394,1584.753394,12.3381453,-0.218037463,15.3,43.82353900000017,-0.7645357200000014
764.0,1526.788409,11.5850811,0.10620954,1585.98631,12.31572611,-0.227455808,15.3,43.897901000000005,-0.7306450099999999
764.1,1527.947997,11.59436099,0.087461037,1587.216918,12.29241368,-0.236106739,15.3,43.968921000000094,-0.698052689999999
764.2,1529.108395,11.60175582,0.071048934,1588.44515,12.26830012,-0.244143738,15.3,44.03675500000004,-0.6665443
764.3000000000001,1530.269377,11.60763344,0.057778244,1589.670933,12.24346215,-0.25172029,15.3,44.10155600000003,-0.6358287099999984
764.4000000000001,1531.430717,11.61236174,0.048280624,1590.894197,12.21791513,-0.258989875,15.3,44.16348000000012,-0.605553389999999
764.5,1532.59224,11.61623894,0.042305396,1592.114871,12.19165906,-0.266105978,15.3,44.22263100000005,-0.5754201199999986
764.6,1533.753965,11.61974804,0.039906685,1593.332883,12.16469394,-0.273196501,15.3,44.27891799999993,-0.5449459000000001
764.7,1534.915961,11.62332937,0.040573559,1594.548164,12.13701976,-0.280287023,15.3,44.33220300000012,-0.5136903899999989
764.8000000000001,1536.078298,11.62713905,0.043808972,1595.760642,12.10863653,-0.287377545,15.3,44.38234400000006,-0.4814974799999998
764.9000000000001,1537.241044,11.63157745,0.048807909,1596.970246,12.07954425,-0.294468068,15.3,44.42920199999999,-0.44796679999999967
765.0,1538.404269,11.63670587,0.054836527,1598.176905,12.04974292,-0.30155859,15.3,44.47263599999992,-0.4130370499999998
765.1,1539.56804,11.64252432,0.061634573,1599.380549,12.01923253,-0.308649113,15.3,44.512508999999866,-0.3767082100000003
765.2,1540.732428,11.64903279,0.068534806,1600.581106,11.98801309,-0.315739635,15.3,44.548678000000066,-0.3389803000000011
765.3000000000001,1541.897502,11.65623128,0.075435038,1601.778506,11.9560846,-0.322813017,15.3,44.58100400000008,-0.2998533200000004
765.4000000000001,1543.06333,11.6641198,0.082335271,1602.972678,11.92344706,-0.329783559,15.3,44.60934800000014,-0.25932726000000095
765.5,1544.229981,11.67269834,0.089235503,1604.16355,11.89010047,-0.336548421,15.3,44.63356900000004,-0.21740212999999997
765.6,1545.397524,11.6819669,0.096135736,1605.351052,11.85605511,-0.343004761,15.3,44.65352800000001,-0.17408820999999897
765.7,1546.566029,11.69192548,0.103035968,1606.535113,11.8213624,-0.349049739,15.3,44.66908399999984,-0.12943691999999984
765.8000000000001,1547.735564,11.70257409,0.109936201,1607.715663,11.78608404,-0.354580516,15.3,44.680098999999885,-0.08350994999999983
765.9000000000001,1548.906199,11.71391272,0.116868934,1608.892629,11.75028175,-0.359511391,15.3,44.68642999999993,-0.03636902999999947
766.0,1550.078002,11.72594138,0.123996673,1610.06595,11.71401722,-0.363825223,15.3,44.68794799999996,0.011924159999999517
766.1,1551.251042,11.73866006,0.131514423,1611.235596,11.67735216,-0.367539154,15.3,44.68455399999989,0.06130790000000097
766.2,1552.425389,11.75208826,0.13961719,1612.401545,11.64034827,-0.370738882,15.3,44.67615599999995,0.11173999000000023
766.3000000000001,1553.601111,11.76632349,0.148499978,1613.563775,11.60306726,-0.373527249,15.3,44.662664000000134,0.16325623
766.4000000000001,1554.778277,11.78148274,0.158357794,1614.722266,11.56556055,-0.376007095,15.3,44.643989000000104,0.2159221899999988
766.5,1555.956957,11.79768304,0.169353142,1615.876995,11.52783842,-0.378281261,15.3,44.62003799999998,0.26984462000000065
766.6,1557.137235,11.81504136,0.181518524,1617.027941,11.48990087,-0.380452586,15.3,44.59070600000014,0.3251404900000008
766.7,1558.319258,11.83367473,0.194821437,1618.175083,11.4517479,-0.38260677,15.3,44.5558250000001,0.3819268299999994
766.8000000000001,1559.503188,11.85370014,0.209099378,1619.318399,11.41337952,-0.384760955,15.3,44.51521100000009,0.4403206200000014
766.9000000000001,1560.689189,11.8752346,0.22415734,1620.457867,11.37479571,-0.38691514,15.3,44.46867800000014,0.5004388899999999
767.0,1561.877422,11.89837561,0.23980032,1621.593465,11.33599649,-0.389069325,15.3,44.4160429999999,0.562379120000001
767.1,1563.068051,11.92314266,0.25583331,1622.725174,11.29698185,-0.39122351,15.3,44.35712299999996,0.62616081
767.2,1564.261238,11.94953577,0.272061306,1623.85297,11.25775179,-0.393377695,15.3,44.29173199999987,0.6917839800000003
767.3000000000001,1565.457145,11.97755492,0.288321803,1624.976832,11.21830631,-0.395531879,15.3,44.21968699999998,0.7592486100000002
767.4000000000001,1566.655936,12.00720013,0.304582299,1626.096738,11.17864541,-0.397686064,15.3,44.14080199999985,0.8285547199999996
767.5,1567.857772,12.03847138,0.320842796,1627.212668,11.13876909,-0.399840249,15.3,44.05489599999983,0.8997022900000005
767.6,1569.062817,12.07136869,0.337103293,1628.3246,11.09867736,-0.401994434,15.3,43.961782999999926,0.97269133
767.7,1570.271233,12.10589204,0.35336379,1629.432512,11.05837021,-0.404148619,15.3,43.86127900000015,1.0475218300000009
767.8000000000001,1571.483182,12.14204145,0.369624286,1630.536382,11.01784764,-0.406302804,15.3,43.753200000000064,1.1241938100000013
767.9000000000001,1572.698828,12.1798169,0.385900995,1631.636189,10.97710965,-0.408456988,15.3,43.63736100000001,1.2027072500000013
768.0,1573.918332,12.2192184,0.402274974,1632.731911,10.93615624,-0.410611173,15.3,43.51357900000012,1.28306216
768.1,1575.141859,12.26024596,0.418843493,1633.823528,10.89498741,-0.412765358,15.3,43.38166899999983,1.36525855
768.2,1576.369569,12.30290929,0.435703823,1634.911017,10.85360317,-0.414919543,15.3,43.24144799999995,1.449306120000001
768.3000000000001,1577.601625,12.34725703,0.452953235,1635.994356,10.8120035,-0.417073728,15.3,43.092730999999915,1.5352535300000003
768.4000000000001,1578.838191,12.39334754,0.470688998,1637.073525,10.77018842,-0.419227913,15.3,42.93533399999997,1.6231591200000004
768.5,1580.079429,12.44123919,0.488992171,1638.148502,10.72815792,-0.421382097,15.3,42.76907300000012,1.71308127
768.6,1581.32551,12.49099034,0.507878966,1639.219264,10.685912,-0.423536282,15.3,42.593754000000175,1.8050783399999997
768.7,1582.576634,12.54265935,0.527333171,1640.285792,10.64345066,-0.425690467,15.3,42.40915799999989,1.89920869
768.8000000000001,1583.833011,12.59630459,0.547273728,1641.348062,10.60077391,-0.427844652,15.3,42.21505100000009,1.9955306800000017
768.9000000000001,1585.09485,12.65198441,0.567603366,1642.406054,10.55788173,-0.429998837,15.3,42.01120400000009,2.0941026800000007
769.0,1586.362361,12.70974744,0.588224815,1643.459746,10.51477414,-0.431734152,15.3,41.797385000000034,2.194973299999999
769.1,1587.635753,12.76960343,0.609040804,1644.509117,10.47145113,-0.433634024,15.3,41.57336400000004,2.2981523
769.2,1588.915235,12.83155236,0.629954064,1645.554144,10.4279127,-0.435204783,15.3,41.338909000000015,2.4036396599999996
769.3000000000001,1590.201017,12.89559424,0.650883535,1646.594807,10.38441017,-0.401346216,15.3,41.093789999999856,2.5111840699999988
769.4000000000001,1591.493308,12.96172907,0.671813007,1647.631084,10.34062042,-0.365991688,15.3,40.837776000000034,2.62110865
769.5,1592.792316,13.02995684,0.692742478,1648.662953,10.29654345,-0.33138514,15.3,40.57063699999999,2.733413390000001
769.6,1594.098252,13.10027757,0.71367195,1649.690392,10.27396641,-0.294983438,15.3,40.292139999999975,2.8263111599999995
769.7,1595.411325,13.17269123,0.734601421,1650.713381,10.25185612,-0.266400623,15.3,40.002055999999996,2.9208351100000005
769.8000000000001,1596.731744,13.24719785,0.755530893,1651.731898,10.22967402,-0.222808338,15.3,39.70015400000007,3.01752383
769.9000000000001,1598.059718,13.32379741,0.776460364,1652.745921,10.20742011,-0.222539065,15.3,39.38620299999998,3.1163773
