t,x_follower,v_follower,a_follower,x_leader,v_leader,a_leader,leader_length,spacing,dv
329.20000000000005,68.70238668,24.3452695,-0.215164086,134.9315566,30.13231003,-2.037330143,14.4,51.82916991999999,-5.787040529999999
329.3,71.14341055,24.32375309,-0.215426558,137.9341761,29.92942665,-2.020337437,14.4,52.390765550000005,-5.60567356
329.40000000000003,73.58008914,24.30230667,-0.257566971,140.9165923,29.72824254,-2.003344732,14.4,52.936503159999994,-5.42593587
329.5,76.01244345,24.28093025,-0.285193964,143.878975,29.5287577,-1.986352026,14.4,53.46653154999999,-5.247827449999999
329.6,78.44049448,24.25909887,-0.320383883,146.8214942,29.33097213,-1.96935932,14.4,53.98099971999999,-5.07187326
329.70000000000005,80.86426323,24.21648601,-0.353823991,149.7443198,29.13488584,-1.952366614,14.4,54.480056569999995,-4.9183998299999985
329.8,83.28377069,24.17415312,-0.387993187,152.6476217,28.94049881,-1.935373909,14.4,54.963851010000006,-4.766345690000001
329.90000000000003,85.69903786,24.1321002,-0.420704206,155.5315699,28.74781106,-1.918381203,14.4,55.43253203999999,-4.61571086
330.0,88.11008574,24.09001228,-0.41917312,158.3963343,28.55682257,-1.901388497,14.4,55.886248560000006,-4.4668102900000015
330.1,90.51693532,24.04813434,-0.417321236,161.2420848,28.36753336,-1.884395791,14.4,56.325149479999986,-4.319399019999999
330.20000000000005,92.91960762,24.00646637,-0.41562975,164.0689913,28.17994341,-1.867403086,14.4,56.74938368,-4.173477040000002
330.3,95.31812361,23.96500839,-0.413529976,166.8772239,27.99405274,-1.85041038,14.4,57.15910028999999,-4.0290443499999995
330.40000000000003,97.7125043,23.92376038,-0.411430201,169.6669523,27.80986134,-1.833417674,14.4,57.55444799999999,-3.8861009600000003
330.5,100.1027707,23.88272235,-0.409330427,172.4383465,27.6273692,-1.816424969,14.4,57.9355758,-3.7446468499999988
330.6,102.4889438,23.84189429,-0.407230652,175.1915765,27.44657634,-1.799432263,14.4,58.3026327,-3.604682050000001
330.70000000000005,104.8710446,23.80127621,-0.405130877,177.9268121,27.26748275,-1.782439557,14.4,58.6557675,-3.466206539999998
330.8,107.249094,23.76086812,-0.403031103,180.6442234,27.09008843,-1.765421459,14.4,58.99512939999999,-3.32922031
330.90000000000003,109.6231132,23.72066999,-0.400931328,183.3439802,26.91439338,-1.748251004,14.4,59.320867,-3.193723389999999
331.0,111.993123,23.68068185,-0.398831553,186.0262524,26.7403976,-1.730775836,14.4,59.63312940000001,-3.0597157500000023
331.1,114.3591446,23.64090368,-0.396731779,188.6912101,26.56811633,-1.712843599,14.4,59.932065500000014,-2.9272126499999978
331.20000000000005,116.7211988,23.60133549,-0.394632004,191.339023,26.39762574,-1.694301937,14.4,60.2178242,-2.7962902499999984
331.3,119.0793067,23.56197728,-0.392532229,193.9698612,26.22901725,-1.674998493,14.4,60.490554499999995,-2.6670399699999976
331.40000000000003,121.4334893,23.52282905,-0.390432455,196.5838945,26.06238227,-1.654806304,14.4,60.75040520000001,-2.539553220000002
331.5,123.7837675,23.48389079,-0.38833268,199.1813052,25.89781222,-1.633699976,14.4,60.9975377,-2.4139214299999985
331.6,126.1301624,23.44516251,-0.386232905,201.762324,25.73539851,-1.611704903,14.4,61.232161600000005,-2.290236
331.70000000000005,128.472695,23.40664421,-0.384133131,204.327194,25.57523255,-1.588948047,14.4,61.454499000000006,-2.1685883399999994
331.8,130.8113863,23.36833589,-0.382033356,206.8761582,25.41740576,-1.565581767,14.4,61.664771899999984,-2.0490698700000003
331.90000000000003,133.1462572,23.33023754,-0.379933582,209.4094598,25.26199431,-1.541758417,14.4,61.8632026,-1.9317567699999998
332.0,135.4773288,23.29234917,-0.377833807,211.9273418,25.10901344,-1.517630355,14.4,62.050012999999986,-1.8166642699999969
332.1,137.8046221,23.25467078,-0.375734032,214.4300472,24.95846316,-1.493349936,14.4,62.2254251,-1.7037923799999994
332.20000000000005,140.128158,23.21720236,-0.373634258,216.9178192,24.81034346,-1.469044124,14.4,62.389661199999985,-1.5931410999999969
332.3,142.4479575,23.17994393,-0.371534483,219.3909006,24.66465433,-1.444738313,14.4,62.54294310000001,-1.4847104000000009
332.40000000000003,144.7640418,23.14289547,-0.369434708,221.8495347,24.52139579,-1.420432501,14.4,62.68549289999999,-1.3785003200000006
332.5,147.0764316,23.10605698,-0.367334934,224.2939645,24.38056783,-1.396126689,14.4,62.81753289999998,-1.2745108499999986
332.6,149.3851482,23.06942848,-0.365235159,226.724433,24.24217046,-1.371820878,14.4,62.9392848,-1.1727419800000014
332.70000000000005,151.6902124,23.03300995,-0.363543674,229.1411833,24.10620366,-1.347515066,14.4,63.05097089999999,-1.0731937099999982
332.8,153.9916452,22.9968014,-0.361910516,231.5444584,23.97266744,-1.323209255,14.4,63.152813200000004,-0.9758660399999997
332.90000000000003,156.2894676,22.96080283,-0.361195843,233.9345015,23.84156181,-1.299223705,14.4,63.24503390000002,-0.8807589800000031
333.0,158.5837008,22.92476926,-0.362193117,236.3115555,23.71288675,-1.277159726,14.4,63.327854699999996,-0.7881174899999976
333.1,160.8743655,22.88891068,-0.365199287,238.6758636,23.58664228,-1.260419241,14.4,63.401498100000005,-0.6977316000000009
333.20000000000005,163.1614829,22.85271097,-0.370716577,241.0276687,23.46263623,-1.246482763,14.4,63.466185799999984,-0.6099252600000007
333.3,165.4450739,22.81569408,-0.378838921,243.3672139,23.33990782,-1.24171292,14.4,63.522139999999986,-0.5242137400000004
333.40000000000003,167.7251194,22.77768183,-0.390418507,245.6947424,23.2164159,-1.246550932,14.4,63.569622999999986,-0.4387340700000024
333.5,170.0014394,22.73837289,-0.405013696,248.0104971,23.09367215,-1.262598106,14.4,63.6090577,-0.3552992599999989
333.6,172.273814,22.69746591,-0.421914731,250.3145674,22.967859,-1.290174704,14.4,63.6407534,-0.27039309000000245
333.70000000000005,174.5420229,22.65465957,-0.440824662,252.6064278,22.83871172,-1.327480112,14.4,63.6644049,-0.18405214999999941
333.8,176.8058462,22.60970276,-0.461241266,254.8853988,22.70507737,-1.37735408,14.4,63.6795526,-0.09537461000000036
333.90000000000003,179.0650638,22.56254524,-0.482662317,257.1508013,22.565803,-1.433433977,14.4,63.68573750000002,-0.0032577600000003315
334.0,181.3194556,22.51318703,-0.504585592,259.4019559,22.41992783,-1.495278587,14.4,63.68250030000002,0.0932592000000021
334.1,183.5688016,22.46162813,-0.526592572,261.6381833,22.2672597,-1.560966339,14.4,63.66938169999998,0.1943684300000008
334.20000000000005,185.8128816,22.40786852,-0.548599551,263.8588043,22.10779862,-1.628575661,14.4,63.64592269999998,0.30006990000000044
334.3,188.0514756,22.35190822,-0.57060653,266.0631395,21.94154457,-1.696505245,14.4,63.611663899999975,0.4103636499999972
334.40000000000003,190.2843636,22.29374721,-0.59261351,268.2505097,21.76849757,-1.764434829,14.4,63.566146100000005,0.5252496399999984
334.5,192.5113254,22.23338551,-0.614620489,270.4202355,21.5886576,-1.832364413,14.4,63.50891009999999,0.6447279100000003
334.6,194.732141,22.17082312,-0.636627469,272.5716377,21.40202468,-1.900293997,14.4,63.439496699999985,0.7687984400000012
334.70000000000005,196.9465904,22.10606002,-0.658747534,274.7040369,21.20859881,-1.96822358,14.4,63.357446500000016,0.8974612099999995
334.8,199.1544534,22.03909623,-0.681546114,276.8167539,21.00837997,-2.036153164,14.4,63.26230049999999,1.0307162599999984
334.90000000000003,201.35551,21.96993173,-0.705701725,278.9091094,20.80136817,-2.103256504,14.4,63.15359939999997,1.168563559999999
335.0,203.5495401,21.89849869,-0.731892881,280.9804241,20.58756342,-2.165402376,14.4,63.03088399999999,1.3109352700000017
335.1,205.7363236,21.82445784,-0.760798098,283.0300186,20.36696571,-2.214620593,14.4,62.893695000000015,1.457492130000002
335.20000000000005,207.9156406,21.74740208,-0.793095891,285.0572137,20.14007078,-2.254991852,14.4,62.74157309999999,1.607331300000002
335.3,210.0872708,21.66692429,-0.82935169,287.0613301,19.90935738,-2.272520521,14.4,62.57405930000002,1.7575669100000013
335.40000000000003,212.25094,21.58261737,-0.869678579,289.0416884,19.67960761,-2.265261854,14.4,62.390748399999985,1.9030097599999998
335.5,214.4061567,21.4940742,-0.913963473,290.9976095,19.44837306,-2.22908463,14.4,62.191452800000015,2.0457011399999985
335.6,216.5523751,21.40088768,-0.961640943,292.9288106,19.22405111,-2.163162604,14.4,61.976435500000015,2.176836569999999
335.70000000000005,218.6890494,21.3026507,-1.012032474,294.8365953,19.00780859,-2.071334741,14.4,61.74754590000001,2.294842110000001
335.8,220.815634,21.199024,-1.064459551,296.722664,18.80262,-1.948694101,14.4,61.50703000000002,2.3964040000000004
335.90000000000003,222.931583,21.08993972,-1.118243658,298.588717,18.61145982,-1.809236313,14.4,61.257133999999986,2.4784799
336.0,225.0363507,20.97539788,-1.17270628,300.4364546,18.43680677,-1.654906125,14.4,61.00010389999998,2.5385911099999987
336.1,227.1293914,20.85539847,-1.227281988,302.2675769,18.2791566,-1.490661002,14.4,60.73818549999999,2.5762418700000005
336.20000000000005,229.2101592,20.72994148,-1.281857695,304.0837844,18.13850932,-1.321458412,14.4,60.47362520000002,2.59143216
336.3,231.2781084,20.59902693,-1.336433403,305.8867774,18.01486492,-1.151429578,14.4,60.20866900000002,2.58416201
336.40000000000003,233.3326934,20.4626548,-1.391009111,307.678256,17.9082234,-0.981400744,14.4,59.94556259999997,2.5544313999999986
336.5,235.3733682,20.32082511,-1.445584819,309.4599206,17.81858477,-0.81137191,14.4,59.68655239999999,2.50224034
336.6,237.3995872,20.17353784,-1.500160527,311.2334715,17.74594902,-0.641343076,14.4,59.433884299999995,2.4275888200000004
336.70000000000005,239.4108045,20.020793,-1.554251582,313.000609,17.69031615,-0.471314241,14.4,59.18980449999999,2.33047685
336.8,241.4064746,19.86259059,-1.605434717,314.7630333,17.65168617,-0.301285407,14.4,58.95655870000002,2.2109044199999985
336.90000000000003,243.3860514,19.69893061,-1.650802012,316.5224447,17.63005907,-0.131256573,14.4,58.73639329999998,2.06887154
337.0,245.3489895,19.53010386,-1.687445548,318.2805437,17.62543486,0.037869849,14.4,58.53155420000002,1.904669000000002
337.1,247.2947428,19.35756428,-1.712457405,320.0390303,17.63781353,0.201581796,14.4,58.344287499999986,1.7197507499999993
337.20000000000005,249.2227658,19.18305663,-1.722929664,321.7996049,17.66719508,0.354464794,14.4,58.17683910000003,1.5158615500000003
337.3,251.1325127,19.00832567,-1.716439058,323.5639679,17.71303806,0.491104368,14.4,58.03145520000002,1.2952876100000026
337.40000000000003,253.0236703,18.83511615,-1.692500933,325.3338194,17.77263525,0.608820575,14.4,57.91014909999999,1.0624809000000006
337.5,254.896856,18.66517282,-1.651599943,327.1108598,17.84273795,0.693995347,14.4,57.8140038,0.8224348699999986
337.6,256.7529199,18.50024042,-1.596159354,328.8967893,17.92009748,0.750320215,14.4,57.74386940000003,0.5801429400000018
337.70000000000005,258.592712,18.34206372,-1.529087086,330.6928752,18.00310587,0.774158235,14.4,57.7001632,0.3389578499999999
337.8,260.4170824,18.19209667,-1.45329106,332.4986519,18.08359229,0.76641182,14.4,57.6815695,0.10850438000000295
337.90000000000003,262.2268811,18.05063006,-1.371679193,334.3132206,18.16323019,0.731593033,14.4,57.68633950000001,-0.11260013000000058
338.0,264.0229582,17.9176639,-1.287159407,336.1356829,18.23713019,0.672381816,14.4,57.7127247,-0.3194662899999976
338.1,265.8061637,17.79319818,-1.202154968,337.96514,18.30258504,0.602396237,14.4,57.75897630000001,-0.5093868599999993
338.20000000000005,267.5773476,17.6772329,-1.117150529,339.8006932,18.3590533,0.518847178,14.4,57.82334560000002,-0.6818203999999994
338.3,269.33736,17.56976807,-1.03214609,341.6414439,18.40653496,0.429883644,14.4,57.904083900000025,-0.8367668899999998
338.40000000000003,271.087051,17.47080369,-0.94714165,343.4864935,18.44503003,0.340017698,14.4,57.99944250000002,-0.9742263400000013
338.5,272.8272705,17.38033974,-0.862137211,345.3349432,18.4745385,0.250151752,14.4,58.1076727,-1.0941987600000012
338.6,274.5588687,17.29837624,-0.777132772,347.1858945,18.49506038,0.160285806,14.4,58.227025800000014,-1.1966841400000021
338.70000000000005,276.2826956,17.22491319,-0.692128332,349.0384486,18.50659566,0.07041986,14.4,58.35575299999997,-1.2816824699999998
338.8,277.9996011,17.15995058,-0.607439554,350.8917069,18.50914435,-0.019446086,14.4,58.49210579999997,-1.3491937699999994
338.90000000000003,279.7104354,17.10348841,-0.52464474,352.7447708,18.50270644,-0.109312032,14.4,58.63433540000003,-1.3992180300000001
339.0,281.4160486,17.05552669,-0.445637854,354.5967415,18.48728194,-0.198769685,14.4,58.7806929,-1.4317552499999984
339.1,283.1172906,17.01587601,-0.372312861,356.4467205,18.46287085,-0.285777579,14.4,58.92942990000004,-1.4469948400000021
339.20000000000005,284.8150114,16.9835894,-0.306563725,358.293809,18.42947316,-0.367885955,14.4,59.07879760000001,-1.445883760000001
339.3,286.5100613,16.95753048,-0.25028441,360.1371084,18.38733385,-0.442645056,14.4,59.22704709999997,-1.429803370000002
339.40000000000003,288.2032901,16.93656286,-0.203400266,361.97572,18.3376778,-0.508132238,14.4,59.37242990000002,-1.401114940000003
339.5,289.8953964,16.91955018,-0.171185816,363.8087453,18.28197487,-0.560801576,14.4,59.51334890000002,-1.3624246899999974
339.6,291.5864726,16.90535604,-0.148366537,365.6352854,18.22169491,-0.598737407,14.4,59.64881280000001,-1.3163388699999992
339.70000000000005,293.2764598,16.89383585,-0.135017079,367.4546379,18.15799151,-0.622459867,14.4,59.77817810000003,-1.2641556600000001
339.8,294.9652989,16.88087791,-0.129243478,369.2668837,18.09299221,-0.631892068,14.4,59.9015848,-1.2121142999999996
339.90000000000003,296.6529307,16.86851055,-0.129579407,371.0723004,18.02809141,-0.629075476,14.4,60.019369700000006,-1.1595808599999984
340.0,298.3392963,16.85555261,-0.134426294,372.8711649,17.96420188,-0.615932733,14.4,60.1318686,-1.1086492700000008
340.1,300.0243365,16.84200409,-0.138438175,374.6637546,17.90283963,-0.596009763,14.4,60.2394181,-1.0608355399999994
340.20000000000005,301.7079924,16.82786498,-0.144344021,376.4503467,17.84424962,-0.571630525,14.4,60.34235429999999,-1.0163846399999983
340.3,303.3902048,16.81313528,-0.150249866,378.2312184,17.78843187,-0.544316345,14.4,60.4410136,-0.9752965899999992
340.40000000000003,305.0709147,16.79781501,-0.156155711,380.006647,17.73538636,-0.516593873,14.4,60.535732299999985,-0.9375713499999989
340.5,306.7500631,16.78190414,-0.162061557,381.7769096,17.68511309,-0.4888714,14.4,60.626846500000035,-0.9032089499999998
340.6,308.4275909,16.76540269,-0.167967402,383.5422834,17.63761208,-0.461148927,14.4,60.71469249999999,-0.8722093900000019
340.70000000000005,310.1034389,16.74831066,-0.173873248,385.3030458,17.59288331,-0.433426455,14.4,60.79960689999999,-0.8445726499999999
340.8,311.7775483,16.73062805,-0.179685686,387.059474,17.55092678,-0.405703982,14.4,60.881925700000046,-0.8202987300000011
340.90000000000003,313.4498598,16.71235484,-0.184426673,388.8118451,17.51174251,-0.377981509,14.4,60.961985300000016,-0.7993876700000015
341.0,315.1203145,16.69349106,-0.189068784,390.5604364,17.47533048,-0.350259037,14.4,61.04012190000001,-0.7818394200000007
341.1,316.7888533,16.67409273,-0.191518556,392.3055251,17.4416907,-0.322641041,14.4,61.116671799999985,-0.7675979699999971
341.20000000000005,318.4554172,16.65474669,-0.19172655,394.0473884,17.41082317,-0.295649904,14.4,61.19197119999999,-0.7560764800000008
341.3,320.119947,16.63486939,-0.189132322,395.7863036,17.38272788,-0.269912486,14.4,61.26635659999997,-0.7478584900000023
341.40000000000003,321.7823837,16.61571691,-0.183268835,397.5225478,17.35734216,-0.246055646,14.4,61.34016409999996,-0.741625250000002
341.5,323.4427131,16.59731891,-0.174553688,399.2563984,17.33435257,-0.224706245,14.4,61.41368530000003,-0.7370336600000016
341.6,325.1011003,16.58001166,-0.16154727,400.9881325,17.31338299,-0.206340794,14.4,61.48703220000002,-0.7333713300000007
341.70000000000005,326.7577553,16.56413143,-0.146249636,402.7180274,17.29405731,-0.19147149,14.4,61.5602721,-0.7299258799999997
341.8,328.4128881,16.55001448,-0.128710225,404.4463101,17.27599942,-0.181135446,14.4,61.63342200000003,-0.72598494
341.90000000000003,330.0667085,16.53794103,-0.10948948,406.1730071,17.25892341,-0.173994858,14.4,61.706298600000004,-0.7209823800000024
342.0,331.7194265,16.52796713,-0.089147846,407.8980948,17.24245927,-0.169988566,14.4,61.77866830000003,-0.7144921400000008
342.1,333.3712521,16.52009278,-0.068245768,409.6215494,17.2256713,-0.168489713,14.4,61.8502973,-0.7055785199999995
342.20000000000005,335.0223953,16.51431798,-0.047250283,411.3433474,17.20898608,-0.169021783,14.4,61.9209521,-0.6946680999999977
342.3,336.6730659,16.51064272,-0.026254798,413.063465,17.19206417,-0.170968105,14.4,61.990399100000026,-0.6814214499999984
342.40000000000003,338.3234741,16.50906702,-0.005259313,414.7818785,17.1749056,-0.172769183,14.4,62.05840440000001,-0.6658385799999991
342.5,339.9738296,16.50959086,0.015736173,416.4985644,17.15751034,-0.175135962,14.4,62.124734800000034,-0.6479194800000023
342.6,341.6243425,16.51221425,0.036731658,418.213499,17.1398784,-0.177502742,14.4,62.1891565,-0.6276641500000011
342.70000000000005,343.2752226,16.51693719,0.057727143,419.9266584,17.12200979,-0.179869521,14.4,62.2514358,-0.6050725999999997
342.8,344.9266801,16.52375968,0.078655184,421.6380193,17.1039045,-0.1822363,14.4,62.3113392,-0.5801448199999975
342.90000000000003,346.5789248,16.53268172,0.099178561,423.3475577,17.08556253,-0.18460308,14.4,62.3686329,-0.5528808100000013
343.0,348.2321667,16.5437033,0.118892609,425.0552501,17.06698388,-0.186969859,14.4,62.42308340000003,-0.523280579999998
343.1,349.8866157,16.55678397,0.137392663,426.7610728,17.04816856,-0.189376537,14.4,62.47445710000003,-0.4913845899999991
343.20000000000005,351.5424818,16.57172139,0.154274059,428.4650021,17.02911656,-0.192022607,14.4,62.522520299999975,-0.4573951699999981
343.3,353.1999749,16.58827276,0.169132133,430.1670145,17.00982787,-0.195147463,14.4,62.56703960000002,-0.4215551099999999
343.40000000000003,354.8593051,16.60619528,0.181629664,431.8670861,16.99027858,-0.198990495,14.4,62.607781000000024,-0.3840832999999968
343.5,356.5206498,16.62524615,0.191699207,433.5651933,16.97034897,-0.203791096,14.4,62.644543499999976,-0.34510282000000103
343.6,358.1840572,16.64518258,0.199408208,435.2613125,16.94989541,-0.20978866,14.4,62.67725529999999,-0.3047128299999997
343.70000000000005,359.849543,16.66576177,0.205093887,436.95542,16.92877426,-0.217182679,14.4,62.70587700000002,-0.26301249000000126
343.8,361.5171229,16.68674091,0.209160907,438.647473,16.9068419,-0.226013052,14.4,62.73035009999999,-0.22010098999999883
343.90000000000003,363.1868126,16.70791768,0.212013934,440.337352,16.88395468,-0.236239881,14.4,62.750539400000015,-0.17603699999999733
344.0,364.8586279,16.72925161,0.214057632,442.0249185,16.85996897,-0.247663671,14.4,62.766290600000026,-0.130717360000002
344.1,366.5325844,16.7507427,0.215696665,443.7100339,16.83474113,-0.260045031,14.4,62.77744949999997,-0.08399843000000118
344.20000000000005,368.2086978,16.77239094,0.217268254,445.3925596,16.80815148,-0.273144568,14.4,62.78386180000005,-0.035760539999998286
344.3,369.886984,16.79419635,0.218839843,447.072357,16.78017606,-0.28672289,14.4,62.78537300000003,0.014020290000001268
344.40000000000003,371.5674585,16.81615891,0.220411433,448.7492877,16.75081488,-0.300540604,14.4,62.78182920000004,0.06534402999999855
344.5,373.2501372,16.83827863,0.221983022,450.4232129,16.72006794,-0.314398216,14.4,62.77307570000003,0.1182106900000015
344.6,374.9350357,16.86055552,0.223554611,452.0939941,16.68793524,-0.328255829,14.4,62.75895839999996,0.17262027999999674
344.70000000000005,376.6221697,16.88298956,0.2251262,453.7614928,16.65441677,-0.342113442,14.4,62.739323100000014,0.22857278999999764
344.8,378.311555,16.90558076,0.226666005,455.4255704,16.61951255,-0.355971055,14.4,62.71401540000003,0.2860682099999998
344.90000000000003,380.0032073,16.92832911,0.227745516,457.0860882,16.58322256,-0.369828668,14.4,62.68288090000002,0.34510655000000057
345.0,381.6971422,16.95123463,0.229055173,458.7429078,16.54554681,-0.38368628,14.4,62.64576560000004,0.40568781999999715
345.1,383.3933756,16.97427824,0.228835843,460.3958905,16.5064853,-0.397543893,14.4,62.602514899999996,0.46779293999999894
345.20000000000005,385.0919231,16.99720283,0.22687638,462.0448977,16.46603803,-0.411469436,14.4,62.552974600000006,0.5311647999999991
345.3,386.7928005,17.02043605,0.222626504,463.6897909,16.424205,-0.425802556,14.4,62.496990399999994,0.5962310500000001
345.40000000000003,388.4960234,17.04288226,0.215545398,465.3304316,16.38098621,-0.440950833,14.4,62.434408199999986,0.6618960499999993
345.5,390.2016075,17.06445494,0.205488966,466.9666811,16.3363409,-0.457321845,14.4,62.365073599999995,0.7281140400000012
345.6,391.9095229,17.08481053,0.191171842,468.5984008,16.29006528,-0.475323169,14.4,62.28887789999997,0.7947452499999983
345.70000000000005,393.6195561,17.10360548,0.173942963,470.2254522,16.2419148,-0.495362384,14.4,62.2058961,0.8616906799999988
345.8,395.331448,17.12049621,0.153851068,471.8476967,16.19164493,-0.517779138,14.4,62.11624869999995,0.92885128
345.90000000000003,397.0449396,17.13513916,0.13146876,473.4649632,16.1390111,-0.542641361,14.4,62.02002359999998,0.9961280600000002
346.0,398.7597715,17.14724804,0.107368643,475.0769499,16.08376878,-0.569881123,14.4,61.91717839999999,1.0634792600000011
346.1,400.4756848,17.15676558,0.08212332,476.6833228,16.02567342,-0.599158777,14.4,61.807637999999976,1.131092159999998
346.20000000000005,402.1924203,17.16369179,0.056305394,478.2837475,15.96448046,-0.630066743,14.4,61.691327200000025,1.1992113300000007
346.3,403.9097189,17.16802666,0.030392034,479.8778899,15.89998613,-0.662197443,14.4,61.56817100000004,1.2680405299999986
346.40000000000003,405.6273213,17.1697702,0.004478674,481.4654158,15.83214966,-0.6951433,14.4,61.43809450000001,1.3376205399999979
346.5,407.3449686,17.1689224,-0.021434686,483.0459909,15.76097106,-0.728496734,14.4,61.30102229999998,1.4079513400000003
346.6,409.0624015,17.16548326,-0.047348046,484.6192811,15.68645032,-0.761918099,14.4,61.1568796,1.479032939999998
346.70000000000005,410.7793609,17.15945279,-0.073261406,486.1849521,15.60858744,-0.795339464,14.4,61.005591200000005,1.5508653499999987
346.8,412.4955877,17.15083098,-0.099174766,487.7426697,15.52738242,-0.828760828,14.4,60.847082000000036,1.6234485599999982
346.90000000000003,414.2108228,17.13961783,-0.125097214,489.2920996,15.44283527,-0.862182193,14.4,60.68127679999996,1.696782559999999
347.0,415.9248069,17.12581335,-0.15107419,490.8329078,15.35494598,-0.895603557,14.4,60.50810089999997,1.7708673700000013
347.1,417.6372811,17.10941754,-0.177160221,492.3647599,15.26371456,-0.929024922,14.4,60.32747880000003,1.8457029799999987
347.20000000000005,419.3479861,17.09042493,-0.203409837,493.8873218,15.169141,-0.962400564,14.4,60.13933569999998,1.9212839300000013
347.3,421.0566628,17.06880827,-0.229877564,495.4002592,15.0712253,-0.995501874,14.4,59.94359639999997,1.9975829700000016
347.40000000000003,422.7630522,17.04453485,-0.25661793,496.9032379,14.96996747,-1.02805452,14.4,59.74018570000002,2.0745673800000013
347.5,424.4668949,17.01757193,-0.283676377,498.3959237,14.86539493,-1.059784168,14.4,59.52902880000003,2.1521769999999982
347.6,426.1679276,16.98788682,-0.31106199,499.8779825,14.75764486,-1.090416487,14.4,59.31005489999999,2.2302419600000007
347.70000000000005,427.8658694,16.95544678,-0.338765683,501.3490799,14.64688185,-1.119677143,14.4,59.083210499999986,2.3085649299999993
347.8,429.5604348,16.92021911,-0.366742015,502.8088818,14.5332705,-1.147337528,14.4,58.848447,2.386948610000001
347.90000000000003,431.2513386,16.88217108,-0.394936459,504.2570758,14.41697541,-1.173351918,14.4,58.6057372,2.46519567
348.0,432.9382956,16.84127544,-0.423294487,505.6934377,14.29816118,-1.197766036,14.4,58.3551421,2.543114260000001
348.1,434.6210203,16.79752672,-0.451761571,507.1177646,14.17699242,-1.220808492,14.4,58.09674429999999,2.620534300000001
348.20000000000005,436.2992274,16.75092494,-0.480283182,508.5298543,14.05363371,-1.242753619,14.4,57.830626900000006,2.697291230000001
348.3,437.9726318,16.70147009,-0.508813882,509.9295041,13.92822223,-1.263875748,14.4,57.55687229999999,2.7732478600000015
348.40000000000003,439.640948,16.64916216,-0.537344581,511.3165114,13.8007854,-1.284449213,14.4,57.275563400000046,2.848376759999999
348.5,441.3038908,16.59400117,-0.565875281,512.6906738,13.67132324,-1.304748345,14.4,56.98678300000004,2.922677929999999
348.6,442.9611748,16.53598711,-0.594405981,514.0517887,13.53983573,-1.325001755,14.4,56.690613899999995,2.9961513800000006
348.70000000000005,444.6125147,16.47511997,-0.62293668,515.3996536,13.40632289,-1.345255165,14.4,56.38713889999995,3.0687970800000013
348.8,446.2576253,16.41139977,-0.65146738,516.734066,13.2707847,-1.365508575,14.4,56.07644070000001,3.140615069999999
348.90000000000003,447.8962212,16.3448265,-0.679995702,518.0548232,13.13322117,-1.385761986,14.4,55.758601999999975,3.2116053299999994
349.0,449.5280171,16.27540016,-0.708509765,519.3617229,12.9936323,-1.406015396,14.4,55.43370580000002,3.2817678600000004
349.1,451.1527278,16.20312074,-0.736995307,520.6545624,12.85201809,-1.426268806,14.4,55.10183460000005,3.3511026499999996
349.20000000000005,452.7700678,16.12798969,-0.765438068,521.9331392,12.70837854,-1.446522216,14.4,54.76307140000004,3.4196111499999997
349.3,454.379752,16.05001412,-0.793823788,523.1972507,12.56271365,-1.466693231,14.4,54.417498700000046,3.487300470000001
349.40000000000003,455.9814949,15.96920259,-0.822138207,524.4466946,12.41502342,-1.486369871,14.4,54.06519970000003,3.5541791699999994
349.5,457.5750113,15.88556366,-0.85036944,525.6812681,12.26530784,-1.505057765,14.4,53.706256799999984,3.6202558200000006
349.6,459.160017,15.79910588,-0.878515112,526.9007688,12.11361637,-1.522262537,14.4,53.34075180000006,3.68548951
349.70000000000005,460.7362325,15.70983782,-0.9065776,528.1049942,11.96019617,-1.537489815,14.4,52.96876169999994,3.749641650000001
349.8,462.3033792,15.61776802,-0.934568785,529.2937416,11.80534388,-1.550744901,14.4,52.59036239999998,3.812424139999999
349.90000000000003,463.8611787,15.52290505,-0.96250293,530.4668086,11.64935613,-1.560116786,14.4,52.205629900000055,3.873548920000001
350.0,465.4093525,15.42525603,-0.990394294,531.6240323,11.49252953,-1.567022106,14.4,51.814679799999944,3.9327264999999993
350.1,466.9476222,15.32482239,-1.018257137,532.7654077,11.3348609,-1.57104358,14.4,51.41778549999996,3.989961489999999
350.20000000000005,468.4757093,15.22160412,-1.04610572,533.8909697,11.17754629,-1.572593185,14.4,51.015260400000024,4.04405783
350.3,469.9933353,15.11560124,-1.073951926,535.000753,11.01998291,-1.572165295,14.4,50.60741770000002,4.095618330000001
350.40000000000003,471.5002219,15.00681374,-1.101798132,536.0947924,10.86271774,-1.569754606,14.4,50.194570499999976,4.144095999999999
350.5,472.9960904,14.89524162,-1.129644338,537.1731227,10.70580022,-1.567354525,14.4,49.77703230000001,4.1894414
350.6,474.4806625,14.78088487,-1.157490545,538.2357786,10.54923035,-1.563960393,14.4,49.35511610000001,4.231654519999999
350.70000000000005,475.9536597,14.66374351,-1.185336751,539.282795,10.39300814,-1.560483865,14.4,48.92913529999996,4.270735370000001
350.8,477.4148035,14.54381752,-1.213182957,540.3142065,10.23713358,-1.557007338,14.4,48.49940299999995,4.306683939999999
350.90000000000003,478.8638155,14.42110692,-1.241029163,541.3300479,10.08160667,-1.55353081,14.4,48.06623239999997,4.33950025
351.0,480.3004172,14.29561169,-1.268818809,542.330354,9.926427417,-1.550054282,14.4,47.62993680000003,4.369184273
351.1,481.7243302,14.16733184,-1.296269095,543.3151595,9.771595815,-1.546577754,14.4,47.190829300000054,4.395736025
351.20000000000005,483.1352759,14.03626737,-1.323040658,544.2844993,9.617111866,-1.543101227,14.4,46.749223399999984,4.419155503999999
351.3,484.5329759,13.90245222,-1.348794138,545.2384081,9.46297557,-1.539602809,14.4,46.30543220000002,4.439476650000001
351.40000000000003,485.9171519,13.76605606,-1.373190174,546.1769206,9.309186927,-1.535973053,14.4,45.8597687,4.456869133
351.5,487.2875252,13.62728252,-1.395889404,547.1000716,9.155745936,-1.532080619,14.4,45.412546399999975,4.471536583999999
351.6,488.6438174,13.48633521,-1.41660903,548.0078959,9.002665732,-1.527794169,14.4,44.96407850000001,4.4836694779999995
351.70000000000005,489.9857773,13.34341774,-1.435292488,548.9004283,8.850011984,-1.522982364,14.4,44.51465100000005,4.493405756
351.8,491.3132621,13.19873373,-1.451996342,549.7777035,8.697863495,-1.517513865,14.4,44.06444140000006,4.500870235000001
351.90000000000003,492.6261562,13.0524868,-1.46700339,550.6397563,8.546299069,-1.511279223,14.4,43.61360010000002,4.506187731000001
352.0,493.924344,12.90488057,-1.480652994,551.4866319,8.395397508,-1.504256548,14.4,43.1622879,4.509483061999999
352.1,495.2077101,12.75608472,-1.493284515,552.3184176,8.245237617,-1.496467731,14.4,42.71070749999999,4.510847103
352.20000000000005,496.4761388,12.60613317,-1.505237314,553.1352114,8.095898198,-1.48802222,14.4,42.2590726,4.510234971999999
352.3,497.7295146,12.45502594,-1.516850751,553.9371109,7.947458055,-1.479051353,14.4,41.80759629999998,4.507567885
352.40000000000003,498.9677219,12.30276302,-1.528407629,554.7242139,7.799982856,-1.469686471,14.4,41.35649199999998,4.502780164000001
352.5,500.1906451,12.14934442,-1.539964507,555.4966184,7.653485737,-1.460058911,14.4,40.90597330000001,4.495858683000001
352.6,501.3981686,11.99477012,-1.551521385,556.2544221,7.507966696,-1.450300012,14.4,40.45625350000004,4.486803424
352.70000000000005,502.5901769,11.83904014,-1.563078263,556.9977227,7.363425735,-1.440519223,14.4,40.00754580000004,4.475614405
352.8,503.7665545,11.68215447,-1.57463514,557.7266182,7.219862852,-1.430738434,14.4,39.56006369999998,4.462291618
352.90000000000003,504.9271857,11.52411311,-1.586192018,558.4412062,7.077278048,-1.420957646,14.4,39.11402050000002,4.446835062
353.0,506.0719549,11.36491606,-1.597690277,559.1415847,6.935671323,-1.411176857,14.4,38.669629799999974,4.429244737
353.1,507.2007467,11.20456333,-1.608836823,559.8278515,6.795042676,-1.401396068,14.4,38.22710479999993,4.409520654
353.20000000000005,508.3134454,11.04305491,-1.619279944,560.5001042,6.655392109,-1.39161528,14.4,37.78665880000003,4.387662801
353.3,509.4099355,10.88042597,-1.628667926,561.1584408,6.51671962,-1.381834491,14.4,37.34850529999998,4.363706349999999
353.40000000000003,510.4901014,10.71685237,-1.636958699,561.8029591,6.379025211,-1.372003446,14.4,36.91285769999994,4.337827159
353.5,511.5538276,10.55254514,-1.642871623,562.4337568,6.24230888,-1.361870859,14.4,36.479929199999994,4.310236259999999
353.6,512.6009984,10.38771531,-1.647042532,563.0509319,6.106570628,-1.351135191,14.4,36.049933500000044,4.281144682000001
353.70000000000005,513.6315264,10.22238811,-1.649103164,563.6545819,5.971840609,-1.3394949,14.4,35.623055500000056,4.250547501000001
353.8,514.6454368,10.05733194,-1.649112137,564.2448049,5.838269593,-1.326648446,14.4,35.199368099999994,4.2190623469999995
353.90000000000003,515.6427828,9.892200453,-1.647362547,564.8216986,5.706038506,-1.312294287,14.4,34.77891580000003,4.1861619469999996
354.0,516.6236177,9.727390476,-1.643896463,565.3853607,5.57532827,-1.296181139,14.4,34.361743000000025,4.152062206
354.1,517.5879947,9.563077862,-1.639994525,565.9359133,5.446319812,-1.278258746,14.4,33.94791860000007,4.1167580500000005
354.20000000000005,518.535967,9.399297781,-1.635079519,566.4735748,5.319194056,-1.258577365,14.4,33.537607800000025,4.080103725
354.3,519.467588,9.236050234,-1.629812801,566.9985877,5.194131925,-1.237388279,14.4,33.130999700000054,4.041918309000001
354.40000000000003,520.3829108,9.073335221,-1.624487463,567.5111945,5.071314345,-1.214993029,14.4,32.7282837,4.0020208760000004
354.5,521.2819887,8.911152742,-1.619162126,568.0116378,4.950892087,-1.191693157,14.4,32.32964909999996,3.960260655000001
354.6,522.1648751,8.749502796,-1.613836788,568.5001601,4.832895303,-1.167790203,14.4,31.935285,3.916607493
354.70000000000005,523.031623,8.588385384,-1.608511451,568.9770041,4.717323995,-1.143585708,14.4,31.54538110000008,3.8710613890000003
354.8,523.8822859,8.427800506,-1.603186113,569.4424122,4.604178161,-1.119330957,14.4,31.16012629999998,3.8236223450000004
354.90000000000003,524.7169169,8.267748161,-1.597860776,569.896627,4.493457803,-1.095076205,14.4,30.779710099999967,3.774290358
355.0,525.5355692,8.10822835,-1.59243123,570.339891,4.38516292,-1.070821453,14.4,30.404321799999913,3.7230654299999992
355.1,526.3382963,7.949241073,-1.586376431,570.7724468,4.279293513,-1.046566701,14.4,30.03415049999999,3.6699475599999998
355.20000000000005,527.1251512,7.79078633,-1.579071129,571.194537,4.17584958,-1.02231195,14.4,29.669385799999965,3.61493675
355.3,527.8961873,7.632926646,-1.569890069,571.606404,4.074831123,-0.998057198,14.4,29.310216700000048,3.5580955229999995
355.40000000000003,528.6514577,7.475974647,-1.558208001,572.0082905,3.976238141,-0.973376609,14.4,28.956832800000008,3.499736506
355.5,529.3910159,7.320305484,-1.543399671,572.4004389,3.880070634,-0.946140996,14.4,28.609423000000085,3.4402348500000004
355.6,530.1149149,7.166294309,-1.524944037,572.7830919,3.786328602,-0.913795336,14.4,28.268177000000016,3.379965707
355.70000000000005,530.8232582,7.014316273,-1.50273689,573.1564919,3.695267547,-0.873784605,14.4,27.93323369999994,3.3190487260000006
355.8,531.516349,6.864746527,-1.476882438,573.5208815,3.608164982,-0.823553778,14.4,27.604532499999983,3.2565815450000004
355.90000000000003,532.1945406,6.717960224,-1.447901725,573.8765034,3.526553921,-0.760547833,14.4,27.281962800000066,3.1914063029999995
356.0,532.8581866,6.574332513,-1.416420003,574.2235999,3.451967378,-0.682637583,14.4,26.9654133,3.122365135
356.1,533.5076403,6.434176021,-1.383062524,574.5626181,3.385938367,-0.589397191,14.4,26.654977799999962,3.048237654
356.20000000000005,534.143255,6.297553274,-1.348454541,574.8948225,3.329999902,-0.481252493,14.4,26.35156750000008,2.9675533720000002
356.3,534.7653841,6.164464271,-1.313221306,575.2216821,3.285684997,-0.360332677,14.4,26.05629799999995,2.8787792739999998
356.40000000000003,535.3743809,6.034909013,-1.277883862,575.5446658,3.254526668,-0.229192766,14.4,25.770284899999957,2.780382345
356.5,535.970599,5.908887499,-1.242546418,575.8652426,3.237802425,-0.090387784,14.4,25.494643599999996,2.6710850740000005
356.6,536.5543916,5.786399729,-1.207208974,576.1848815,3.235767771,0.053527246,14.4,25.23048989999993,2.5506319580000003
356.70000000000005,537.1261121,5.667445704,-1.17187153,576.5050514,3.248422707,0.199997299,14.4,24.978939299999958,2.4190229970000003
356.8,537.6861138,5.552025423,-1.136534086,576.8272212,3.275767231,0.34689319,14.4,24.74110740000001,2.276258192
356.90000000000003,538.2347503,5.440138887,-1.101196642,577.15286,3.317801345,0.493789081,14.4,24.51810970000006,2.122337542
357.0,538.7723747,5.331786095,-1.065718775,577.4834367,3.374525047,0.640684971,14.4,24.31106199999997,1.957261048
357.1,539.2993406,5.226967047,-1.029398374,577.8204202,3.445938339,0.787580862,14.4,24.121079599999895,1.7810287079999996
357.20000000000005,539.8160013,5.125681744,-0.991392901,578.1652796,3.53204122,0.934476753,14.4,23.949278299999925,1.5936405240000004
357.3,540.3227101,5.028014439,-0.950859822,578.5194837,3.63283369,1.081372644,14.4,23.79677360000003,1.3951807489999997
357.40000000000003,540.8198204,4.934386399,-0.906956602,578.8845015,3.748315749,1.228268534,14.4,23.66468110000003,1.18607065
357.5,541.3076857,4.845303146,-0.858840705,579.261802,3.878487397,1.374574512,14.4,23.55411630000001,0.9668157490000002
357.6,541.7866592,4.761270202,-0.805810019,579.6528542,4.023348634,1.517341014,14.4,23.46619499999995,0.737921568
357.70000000000005,542.2571618,4.682793086,-0.74772412,580.059127,4.18289946,1.653028564,14.4,23.401965200000042,0.4998936260000004
357.8,542.7198839,4.610377321,-0.684723432,580.4820893,4.356785927,1.778097685,14.4,23.362205399999972,0.25359139399999986
357.90000000000003,543.1755831,4.544528428,-0.617510066,580.9232101,4.543238298,1.889008902,14.4,23.347626999999967,0.0012901299999992233
358.0,543.6250174,4.485751927,-0.54692656,581.3839585,4.740132887,1.985169758,14.4,23.358941099999903,-0.25438095999999977
358.1,544.0689446,4.434469087,-0.473815447,581.8658032,4.945346008,2.05478963,14.4,23.396858599999952,-0.5108769209999995
358.20000000000005,544.5081223,4.390764162,-0.399019264,582.3699302,5.156753975,2.106119665,14.4,23.461807900000032,-0.765989813
358.3,544.9433084,4.35463715,-0.323380545,582.8963927,5.374001314,2.136802756,14.4,23.553084300000002,-1.0193641639999997
358.40000000000003,545.3752608,4.326088053,-0.247601404,583.4449605,5.589659705,2.149788467,14.4,23.669699700000002,-1.2635716519999995
358.5,545.8047371,4.305116869,-0.171822263,584.0154038,5.806910098,2.148616273,14.4,23.810666699999935,-1.5017932290000005
358.6,546.2324952,4.2917236,-0.096043121,584.6074925,6.022214541,2.133878631,14.4,23.97499730000002,-1.7304909410000002
358.70000000000005,546.6592929,4.285908245,-0.02026398,585.2209966,6.235219088,2.117956076,14.4,24.161703700000068,-1.9493108430000001
358.8,547.0858879,4.287670804,0.055515161,585.8556862,6.445923739,2.095547025,14.4,24.36979830000005,-2.158252935
358.90000000000003,547.5130381,4.297011277,0.131294302,586.5113313,6.654328493,2.072548062,14.4,24.598293200000036,-2.357317216
359.0,547.9415012,4.313929664,0.207073444,587.1877019,6.860433351,2.049549098,14.4,24.846200700000033,-2.5465036870000004
359.1,548.372035,4.338425966,0.282844135,587.8845679,7.064238313,2.026550135,14.4,25.112532899999998,-2.7258123469999997
359.20000000000005,548.8053974,4.370500181,0.358564131,588.6016995,7.265743378,2.003551171,14.4,25.39630210000005,-2.895243197
359.3,549.2423461,4.410152311,0.434182735,589.3388666,7.464948547,1.980552208,14.4,25.6965205,-3.0547962359999996
359.40000000000003,549.6836389,4.457377285,0.50964925,590.0958391,7.661853819,1.957553244,14.4,26.01220020000003,-3.2044765340000003
359.5,550.1300336,4.512149756,0.584912981,590.8723873,7.856459196,1.934205502,14.4,26.34235369999997,-3.34430944
359.6,550.582288,4.574439305,0.659923231,591.6682809,8.048764675,1.908765089,14.4,26.685992900000066,-3.474325369999999
359.70000000000005,551.0411599,4.644215516,0.734637754,592.4832902,8.238770259,1.879139332,14.4,27.042130300000032,-3.5945547430000007
359.8,551.507403,4.72144797,0.809048101,593.3171849,8.426266679,1.843235562,14.4,27.409781900000077,-3.7048187089999995
359.90000000000003,551.9817548,4.80610625,0.88316272,594.1697353,8.6102076,1.798961106,14.4,27.787980499999982,-3.8041013500000007
360.0,552.4649489,4.898159938,0.957023858,595.0407112,8.789337419,1.744223293,14.4,28.175762300000066,-3.8911774810000006
360.1,552.9577185,4.997578616,1.030682212,595.9298828,8.962400533,1.677278231,14.4,28.57216429999992,-3.964821917
360.20000000000005,553.4607973,5.104336937,1.104188478,596.8368525,9.128141339,1.59777714,14.4,28.976055199999998,-4.023804402000001
360.3,553.9749186,5.218429831,1.177593352,597.7605533,9.285304235,1.506068799,14.4,29.385634699999947,-4.066874404
360.40000000000003,554.500816,5.339857297,1.250947529,598.6997509,9.432633617,1.403897102,14.4,29.79893490000004,-4.0927763200000005
360.5,555.0392228,5.468619337,1.324293257,599.6532106,9.568873884,1.293354719,14.4,30.21398780000002,-4.1002545470000005
360.6,555.5908726,5.604715949,1.397638986,600.619698,9.692978698,1.176534322,14.4,30.62882539999996,-4.088262748999999
360.70000000000005,556.1564987,5.748147134,1.470984714,601.5979787,9.804738794,1.055528582,14.4,31.041479999999957,-4.0565916600000005
360.8,556.7368347,5.898912892,1.544330442,602.5868181,9.90415417,0.932430171,14.4,31.44998339999993,-4.005241278
360.90000000000003,557.332614,6.057013222,1.61767617,603.5849819,9.991224828,0.808982981,14.4,31.85236789999997,-3.934211606
361.0,557.9445701,6.222448126,1.691021898,604.5912354,10.06595077,0.685535791,14.4,32.2466653,-3.843502644000001
361.1,558.5734363,6.395217602,1.763942333,605.6043444,10.12833199,0.562088601,14.4,32.63090809999992,-3.7331143879999997
361.20000000000005,559.2199463,6.575321651,1.834311012,606.6230742,10.17836849,0.438641411,14.4,33.003127900000074,-3.603046839
361.3,559.8848334,6.762760273,1.899576179,607.6461904,10.21606027,0.315194222,14.4,33.36135699999998,-3.4532999970000002
361.40000000000003,560.5688311,6.957278292,1.957186076,608.6724586,10.24140733,0.191747032,14.4,33.70362750000002,-3.2841290379999997
361.5,561.2726728,7.15759983,2.004588948,609.7006443,10.25440967,0.068299842,14.4,34.027971500000014,-3.0968098399999997
361.6,561.997092,7.362193833,2.039233037,610.7295129,10.2550673,-0.053260966,14.4,34.33242090000008,-2.8928734670000003
361.70000000000005,562.7428222,7.569529247,2.058991881,611.7578301,10.24338021,-0.157012871,14.4,34.6150079,-2.6738509629999996
361.8,563.5103927,7.778075019,2.063440187,612.7843613,10.21934839,-0.250605399,14.4,34.87396859999999,-2.4412733710000003
361.90000000000003,564.2995162,7.986300095,2.053003248,613.8078721,10.18410369,-0.304760453,14.4,35.108355900000085,-2.1978035950000008
362.0,565.1097014,8.192673421,2.029807526,614.827128,10.14719961,-0.313138324,14.4,35.31742660000007,-1.9545261889999992
362.1,565.9404568,8.395663942,1.996404779,615.8408946,10.10404644,-0.264924728,14.4,35.500437799999965,-1.7083824979999989
362.20000000000005,566.7912911,8.593995782,1.955346763,616.8479373,10.07221103,-0.150687752,14.4,35.65664620000005,-1.4782152479999997
362.3,567.6617129,8.787413763,1.909185234,617.8479272,10.05549721,0.024968376,14.4,35.78621429999996,-1.2680834470000004
362.40000000000003,568.5512308,8.975917887,1.860471949,618.8441571,10.06039356,0.279125093,14.4,35.89292629999998,-1.084475673
362.5,569.4593534,9.159508153,1.811333371,619.8408253,10.09369104,0.584390685,14.4,35.98147189999995,-0.9341828869999986
362.6,570.3855893,9.338184561,1.762194793,620.8421301,10.16218063,0.934425444,14.4,36.05654079999997,-0.8239960689999997
362.70000000000005,571.3294472,9.511947112,1.713056215,621.8522699,10.27152149,1.318415083,14.4,36.12282270000001,-0.7595743779999999
362.8,572.2904357,9.680795804,1.663917637,622.8754429,10.42284544,1.72504131,14.4,36.185007200000065,-0.7420496359999991
362.90000000000003,573.2680633,9.844730639,1.614779059,623.9158474,10.61615248,2.14298583,14.4,36.24778409999997,-0.7714218410000004
363.0,574.2618387,10.00375162,1.565640481,624.9776818,10.85144261,2.562816732,14.4,36.31584310000003,-0.8476909900000003
363.1,575.2712706,10.15785874,1.516195989,626.0651444,11.12871582,2.982647634,14.4,36.39387380000003,-0.97085708
363.20000000000005,576.2958674,10.307052,1.464916012,627.1824335,11.44797213,3.402478537,14.4,36.48656609999998,-1.1409201299999996
363.3,577.3351379,10.4513314,1.409965067,628.3337473,11.80921153,3.822309439,14.4,36.59860940000008,-1.3578801299999999
363.40000000000003,578.3885906,10.5905134,1.349507669,629.5232842,12.21243402,4.242140342,14.4,36.73469359999999,-1.6219206199999991
363.5,579.4557342,10.72368025,1.281708334,630.7552426,12.6576396,4.661971244,14.4,36.899508399999924,-1.9339593500000003
363.6,580.5360773,10.84973066,1.204731578,632.0338206,13.14482827,5.078575553,14.4,37.097743300000026,-2.295097609999999
363.70000000000005,581.6291284,10.96756334,1.117047829,633.3632167,13.67400003,5.475820303,14.4,37.33408829999994,-2.7064366900000003
363.8,582.7342494,11.076077,1.018351175,634.7476291,14.24515488,5.834345934,14.4,37.61337970000009,-3.1690778799999997
363.90000000000003,583.8502148,11.17417035,0.908947529,636.1912561,14.85635686,6.134792886,14.4,37.94104130000003,-3.6821865099999993
364.0,584.9756519,11.26074209,0.790366461,637.6982961,15.4979262,6.357801601,14.4,38.32264419999999,-4.237184109999999
364.1,586.1091886,11.33469095,0.664443457,639.2729473,16.15824716,6.484012519,14.4,38.76375870000002,-4.823556209999998
364.20000000000005,587.2494522,11.39509917,0.533013999,640.9194081,16.825704,6.497292674,14.4,39.269955900000106,-5.430604830000002
364.3,588.3950705,11.44178321,0.397913573,642.640328,17.48868099,6.394415472,14.4,39.84525749999998,-6.046897779999998
364.40000000000003,589.5446709,11.47474307,0.260977662,644.4321616,18.13556239,6.178607507,14.4,40.487490699999945,-6.66081932
364.5,590.6968812,11.49397875,0.123735837,646.2898144,18.75473247,5.866001745,14.4,41.19293319999995,-7.26075372
364.6,591.8503288,11.49949024,-0.013505987,648.2081923,19.33457548,5.475957745,14.4,41.957863499999895,-7.8350852400000015
364.70000000000005,593.0036413,11.49127755,-0.150747812,650.1822009,19.86541166,5.027835067,14.4,42.77855959999997,-8.37413411
364.8,594.1554464,11.46934068,-0.287989637,652.206746,20.34530505,4.54099327,14.4,43.651299599999994,-8.87596437
364.90000000000003,595.3043715,11.43367962,-0.425231461,654.2767333,20.77425564,4.034791914,14.4,44.572361800000046,-9.34057602
365.0,596.4490444,11.38429438,-0.562473286,656.3870685,21.15226343,3.525363965,14.4,45.53802410000001,-9.767969050000001
365.1,597.5880925,11.32118496,-0.699715111,658.5326574,21.47932843,3.015936015,14.4,46.54456489999993,-10.158143469999999
365.20000000000005,598.7201435,11.24435136,-0.834194413,660.7084056,21.75545063,2.506508066,14.4,47.588262100000044,-10.511099269999999
365.3,599.8438249,11.15379358,-0.932576599,662.9092189,21.98063004,1.997080116,14.4,48.665394000000084,-10.82683646
365.40000000000003,600.9577643,11.04951161,-1.036852482,665.130003,22.15486666,1.487652167,14.4,49.77223869999998,-11.10535505
365.5,602.0605893,10.93316297,-1.071880981,667.3656636,22.27816048,0.978224217,14.4,50.9050743,-11.34499751
365.6,603.1509275,10.82474842,-1.040608945,669.6111065,22.3505115,0.468796268,14.4,52.06017900000004,-11.525763079999999
365.70000000000005,604.2274064,10.69907347,-0.926461239,671.8612373,22.37191973,-0.037738507,14.4,53.23383090000002,-11.672846259999998
365.8,605.2886537,10.60122277,-0.715625252,674.1109618,22.34238516,-0.526914235,14.4,54.42230809999999,-11.74116239
365.90000000000003,606.3346229,10.52942821,-0.424860443,676.3551858,22.2619078,-0.981371869,14.4,55.62056289999996,-11.732479589999999
366.0,607.3705717,10.49363487,0.00163661,678.5888148,22.13222355,-1.383752361,14.4,56.8182431,-11.63858868
366.1,608.4030837,10.50378782,0.491487351,680.8067547,21.96201193,-1.716696664,14.4,58.00367100000003,-11.45822411
366.20000000000005,609.4387425,10.56983216,1.047638628,683.0039111,21.76168838,-1.962845731,14.4,59.165168599999994,-11.191856219999998
366.3,610.4841319,10.70005544,1.653515306,685.1751899,21.54166831,-2.10773369,14.4,60.291058,-10.841612869999999
366.40000000000003,611.5458354,10.89611518,2.292542252,687.3168853,21.31236717,-2.148467366,14.4,61.37104989999998,-10.416251990000001
366.5,612.6304367,11.15801139,2.948144331,689.4308469,21.08420036,-2.087939934,14.4,62.40041019999999,-9.92618897
366.6,613.7445194,11.48574405,3.606508934,691.5203125,20.86758334,-1.940617265,14.4,63.3757931000001,-9.38183929
366.70000000000005,614.8946672,11.87931317,4.264873536,693.5885204,20.67293151,-1.723858408,14.4,64.29385320000003,-8.793618340000002
366.8,616.0874638,12.33871876,4.923238138,695.6387085,20.50892442,-1.45502241,14.4,65.15124469999998,-8.170205659999999
366.90000000000003,617.3294928,12.8639608,5.58160274,697.674115,20.37729795,-1.151468317,14.4,65.9446222,-7.51333715
367.0,618.6273377,13.45503931,6.239967342,699.6979778,20.27805212,-0.830555177,14.4,66.67064009999999,-6.823012810000002
367.1,619.9875824,14.11195427,6.898331944,701.7135351,20.21118692,-0.506748862,14.4,67.32595269999999,-6.099232649999999
367.20000000000005,621.4168104,14.83470569,7.551452501,703.7240249,20.17670235,-0.182942548,14.4,67.90721449999998,-5.3419966599999995
367.3,622.9216053,15.62329358,8.173108784,705.7326852,20.17459841,0.140863767,14.4,68.41107989999998,-4.551304830000001
367.40000000000003,624.5085509,16.47771792,8.731836522,707.7427542,20.2048751,0.464670082,14.4,68.83420329999998,-3.727157179999999
367.5,626.1842307,17.3948323,9.19617144,709.7574699,20.26753242,0.788476396,14.4,69.1732392000001,-2.8727001199999975
367.6,627.9552284,18.35890458,9.534649267,711.7800704,20.36257038,1.112282711,14.4,69.42484199999998,-2.0036658000000003
367.70000000000005,629.8281276,19.35105618,9.715805729,713.8137937,20.48998897,1.434155841,14.4,69.5856661,-1.1389327899999984
367.8,631.8095121,20.35240856,9.713420598,715.8618779,20.64978819,1.744429869,14.4,69.65236579999996,-0.29737962999999823
367.90000000000003,633.9034482,21.34408314,9.522249829,717.927561,20.84196804,2.031505689,14.4,69.6241128,0.5021150999999975
368.0,636.103934,22.30720136,9.147537467,720.0140812,21.06536861,2.2837842,14.4,69.51014719999998,1.2418327500000004
368.1,638.4024503,23.22288466,8.615503741,722.1246764,21.31419035,2.489666297,14.4,69.32222609999994,1.9086943099999978
368.20000000000005,640.7904777,24.07225447,7.957612923,724.2625848,21.58147379,2.637552877,14.4,69.07210710000001,2.4907806800000003
368.3,643.2594972,24.83957866,7.205329285,726.4310444,21.86025949,2.717778021,14.4,68.77154719999996,2.97931917
368.40000000000003,645.8009895,25.5217108,6.390117102,728.6323653,22.14358796,2.728408545,14.4,68.43137579999993,3.3781228399999996
368.5,648.4064354,26.11865089,5.543440646,730.865146,22.42449976,2.671377632,14.4,68.05871060000001,3.6941511300000016
368.6,651.0673157,26.63039893,4.691520144,733.1270569,22.69603542,2.556351203,14.4,67.65974119999996,3.934363509999997
368.70000000000005,653.7751112,27.05695492,3.839599642,735.4157686,22.95123547,2.39492836,14.4,67.2406574,4.105719449999999
368.8,656.5213027,27.39831886,2.98767914,737.7289515,23.18430037,2.198708207,14.4,66.80764880000001,4.214018490000001
368.90000000000003,659.297371,27.65449075,2.135758638,740.0642762,23.39407021,1.979289847,14.4,66.36690519999999,4.260420540000002
369.0,662.0947968,27.82547059,1.283838136,742.4194131,23.58054498,1.748272384,14.4,65.9246163,4.244925609999999
369.1,664.9050611,27.91125838,0.431917634,744.7920327,23.74372469,1.515321737,14.4,65.48697160000003,4.167533689999999
369.20000000000005,667.7196445,27.91185411,-0.415639292,747.1798056,23.88360933,1.28237109,14.4,65.06016110000004,4.028244780000001
369.3,670.530028,27.8272578,-1.237014763,749.5804021,24.0001989,1.049420443,14.4,64.6503741,3.827058900000001
369.40000000000003,673.3276921,27.65746944,-2.006027325,751.9914929,24.09349342,0.816469796,14.4,64.26380079999998,3.5639760199999984
369.5,676.1041179,27.40510717,-2.696495522,754.4107484,24.16349286,0.583519149,14.4,63.906630499999984,3.241614309999999
369.6,678.850786,27.08326173,-3.303169711,756.835839,24.21019725,0.350568502,14.4,63.585052999999995,2.87306448
369.70000000000005,681.5591772,26.70764198,-3.737073005,759.2644353,24.23360656,0.117617855,14.4,63.305258099999925,2.47403542
369.8,684.2207724,26.2939568,-4.039182956,761.6942079,24.23372082,-0.114180533,14.4,63.07343550000005,2.0602359800000016
369.90000000000003,686.8291469,25.84535598,-4.184204179,764.122827,24.21054,-0.339065371,14.4,62.893680100000076,1.634815979999999
370.0,689.3862539,25.41522564,-4.176500249,766.5479634,24.16406413,-0.550123107,14.4,62.76170949999992,1.2511615099999993
370.1,691.8961415,24.9815974,-4.037889045,768.9672874,24.09498454,-0.740440191,14.4,62.671145900000035,0.8866128599999996
370.20000000000005,694.3628576,24.57273922,-3.773620212,771.3784696,24.00675802,-0.907263207,14.4,62.615612000000034,0.5659811999999995
370.3,696.7904499,24.20174183,-3.472670634,773.7791804,23.9035327,-1.031198197,14.4,62.588730499999976,0.29820913000000004
370.40000000000003,699.1829665,23.87122337,-3.098426337,776.1670903,23.7894567,-1.118964277,14.4,62.58412380000002,0.08176667000000037
370.5,701.5444551,23.58118385,-2.698000585,778.540423,23.66618208,-1.165249052,14.4,62.595967899999984,-0.08499823000000006
370.6,703.8789638,23.33162326,-2.293211257,780.8996143,23.54534521,-1.171204781,14.4,62.6206505000001,-0.21372195000000005
370.70000000000005,706.1905403,23.1225416,-1.88842193,783.2456532,23.42360598,-1.142592756,14.4,62.65511290000004,-0.3010643799999997
370.8,708.4832326,22.95393887,-1.483632602,785.5795287,23.30760859,-1.082166392,14.4,62.69629610000002,-0.3536697199999992
370.90000000000003,710.7610886,22.82581508,-1.078843274,787.9022299,23.20080983,-1.009319646,14.4,62.74114129999996,-0.37499474999999904
371.0,713.0281562,22.73817022,-0.674053947,790.2147457,23.10390105,-0.918485664,14.4,62.78658949999997,-0.3657308300000004
371.1,715.2884832,22.69100429,-0.269264619,792.5180651,23.01688225,-0.82073813,14.4,62.82958189999997,-0.3258779599999997
371.20000000000005,717.5461176,22.68431729,0.135524709,794.8131772,22.93975342,-0.721838338,14.4,62.86705960000004,-0.25543612999999965
371.3,719.8051072,22.71810923,0.53804388,797.1010708,22.87251458,-0.622938546,14.4,62.89596360000005,-0.1544053500000011
371.40000000000003,722.0695,22.7923801,0.926942118,799.3827351,22.81516571,-0.524038754,14.4,62.913235100000044,-0.02278560999999968
371.5,724.3433437,22.9071299,1.288598486,801.659159,22.76770683,-0.425138962,14.4,62.915815300000055,0.13942306999999943
371.6,726.6306865,23.06099654,1.609392051,803.9313315,22.73013792,-0.326239171,14.4,62.90064500000003,0.33085862000000077
371.70000000000005,728.935576,23.24716956,1.875701878,806.2002416,22.70245899,-0.227339379,14.4,62.86466560000006,0.5447105699999994
371.8,731.2620603,23.45747638,2.073907032,808.4668783,22.68467005,-0.129161905,14.4,62.80481799999993,0.7728063299999981
371.90000000000003,733.6141871,23.68374446,2.192656735,810.7322306,22.67677108,-0.035318337,14.4,62.7180435,1.006973379999998
372.0,735.9949148,23.91780123,2.22968083,812.9972875,22.67876209,0.049857416,14.4,62.602372700000025,1.2390391399999992
372.1,738.4028428,24.15147412,2.187249475,815.263038,22.69020968,0.122031449,14.4,62.46019520000002,1.4612644400000008
372.20000000000005,740.8354811,24.37659059,2.076713446,817.5304711,22.70894692,0.176869854,14.4,62.29498999999996,1.6676436700000004
372.3,743.2903393,24.58497806,1.91169368,819.8005759,22.73237344,0.210038725,14.4,62.110236599999986,1.852604620000001
372.40000000000003,745.7649274,24.76982607,1.70581111,822.0743412,22.75788891,0.217926472,14.4,61.90941380000002,2.0119371600000022
372.5,748.2567553,24.92977253,1.472686671,824.3524093,22.78289299,0.199810778,14.4,61.69565399999997,2.1468795400000005
372.6,750.7633327,25.06481743,1.225941298,826.6340358,22.80478532,0.156413961,14.4,61.470703100000016,2.260032110000001
372.70000000000005,753.2821696,25.17496079,0.976925768,828.9181294,22.82096557,0.091347609,14.4,61.235959800000025,2.3539952200000016
372.8,755.8107757,25.26020259,0.727910239,831.2035987,22.82883339,0.00894563,14.4,60.99282300000002,2.431369199999999
372.90000000000003,758.3466609,25.32054284,0.47889471,833.4893524,22.82622182,-0.08645807,14.4,60.74269150000007,2.494321020000001
373.0,760.887335,25.35598153,0.229879181,835.7742994,22.81269748,-0.190529584,14.4,60.48696440000001,2.5432840500000005
373.1,763.4303079,25.36651867,-0.019136349,838.0573483,22.78826037,-0.298935005,14.4,60.22704039999994,2.5782583000000017
373.20000000000005,765.9730895,25.35215426,-0.268151878,840.3374079,22.75291048,-0.408062743,14.4,59.9643184,2.5992437799999983
373.3,768.5131896,25.3128883,-0.515752136,842.6133868,22.70664782,-0.517190482,14.4,59.70019719999991,2.6062404800000003
373.40000000000003,771.048118,25.24872078,-0.754860765,844.8841938,22.64947238,-0.62631822,14.4,59.436075800000005,2.5992484000000005
373.5,773.5753845,25.15965171,-0.976986138,847.1487377,22.58138417,-0.735445959,14.4,59.17335319999993,2.578267539999999
373.6,776.0924991,25.04653025,-1.173636625,849.405927,22.50238319,-0.844573697,14.4,58.91342789999997,2.5441470600000002
373.70000000000005,778.5969715,24.91360221,-1.336320598,851.6546707,22.41246943,-0.953701436,14.4,58.6576992,2.501132779999999
373.8,781.0863116,24.76596258,-1.456546429,853.8938773,22.3116429,-1.062829174,14.4,58.40756569999994,2.454319680000001
373.90000000000003,783.5580293,24.60870632,-1.527237761,856.1224556,22.1999036,-1.171221838,14.4,58.164426299999924,2.4088027200000006
374.0,786.0103137,24.44692842,-1.546979322,858.3393144,22.07725152,-1.275204054,14.4,57.92900070000005,2.369676899999998
374.1,788.4440713,24.28572385,-1.517186384,860.5433623,21.94368667,-1.370365375,14.4,57.699290999999995,2.3420371799999984
374.20000000000005,790.860888,24.13018759,-1.444935304,862.7335081,21.79965009,-1.452295352,14.4,57.47262009999995,2.3305374999999984
374.3,793.2623496,23.98541462,-1.33871771,864.9086605,21.647347,-1.516583538,14.4,57.246310900000005,2.3380676200000003
374.40000000000003,795.6500418,23.85565075,-1.207025231,867.0677283,21.48942368,-1.558819486,14.4,57.01768649999995,2.366227069999997
374.5,798.0255506,23.74174514,-1.058349495,869.20962,21.32852639,-1.575327821,14.4,56.7840694,2.4132187499999986
374.6,800.3904617,23.64369779,-0.90118213,871.3335974,21.1673014,-1.565373469,14.4,56.543135700000086,2.4763963900000014
374.70000000000005,802.746361,23.56150871,-0.742599494,873.4403332,21.00839498,-1.529691506,14.4,56.29397220000008,2.5531137299999997
374.8,805.0948343,23.4951779,-0.584016858,875.5308534,20.8544534,-1.471957304,14.4,56.036019099999955,2.640724500000001
374.90000000000003,807.4374675,23.44470534,-0.425434222,877.6061834,20.70812292,-1.39658131,14.4,55.76871589999994,2.7365824199999977
375.0,809.7758463,23.41009105,-0.266851585,879.6673493,20.57160878,-1.307973974,14.4,55.491502999999945,2.83848227
375.1,812.1115565,23.39133502,-0.108268949,881.7153765,20.44535201,-1.210545742,14.4,55.20382000000004,2.945983009999999
375.20000000000005,814.4461841,23.38843726,0.050313687,883.751291,20.32935261,-1.108707062,14.4,54.90510690000006,3.059084649999999
375.3,816.7813149,23.40139776,0.207780146,885.7761183,20.22361059,-1.006133307,14.4,54.594803400000025,3.1777871699999984
375.40000000000003,819.1185345,23.43021653,0.358549543,887.7908844,20.12812595,-0.903559552,14.4,54.27234989999997,3.302090579999998
375.5,821.459429,23.47489355,0.495924817,889.7966149,20.04289868,-0.800985798,14.4,53.93718590000001,3.4319948700000005
375.6,823.8055841,23.53475914,0.613208906,891.7943354,19.96792879,-0.698412043,14.4,53.58875129999999,3.56683035
375.70000000000005,826.1585857,23.60646475,0.703704748,893.7850719,19.90321627,-0.595838289,14.4,53.226486200000046,3.703248479999999
375.8,828.5200195,23.68599215,0.760715281,895.76985,19.84876113,-0.493264534,14.4,52.84983050000003,3.837231020000001
375.90000000000003,830.8914714,23.76932311,0.77865962,897.7496955,19.80456337,-0.390690779,14.4,52.45822410000003,3.964759739999998
376.0,833.2739914,23.85243937,0.756421589,899.725634,19.77062298,-0.288248105,14.4,52.051642600000015,4.08181639
376.1,835.6664867,23.93132272,0.695117365,901.6986914,19.74693996,-0.186591913,14.4,51.63220470000008,4.184382760000002
376.20000000000005,838.0673283,24.00195491,0.600327832,903.6698933,19.73351432,-0.086508684,14.4,51.20256500000003,4.268440589999997
376.3,840.4748875,24.0603177,0.478750052,905.6402655,19.73026741,0.011215099,14.4,50.765378000000034,4.330050289999999
376.40000000000003,842.8875356,24.10306257,0.337081086,907.6108338,19.73680599,0.105792955,14.4,50.323298200000046,4.366256579999998
376.5,845.3036438,24.1295198,0.182017997,909.5826239,19.75265816,0.196438402,14.4,49.878980100000014,4.376861640000001
376.6,847.7215834,24.13968941,0.020257847,911.5566615,19.77735204,0.282496038,14.4,49.435078100000034,4.362337369999999
376.70000000000005,850.1397255,24.13357137,-0.142618481,913.5339094,19.81041574,0.363834782,14.4,48.99418389999992,4.323155629999999
376.8,852.5564415,24.11116571,-0.305494808,915.5150788,19.85137736,0.440585716,14.4,48.558637299999965,4.259788350000001
376.90000000000003,854.9701025,24.07247241,-0.468371136,917.5008179,19.89976503,0.513404241,14.4,48.130715399999964,4.1727073799999985
377.0,857.3790798,24.01749148,-0.631247463,919.4917749,19.95510685,0.583076838,14.4,47.7126951,4.06238463
377.1,859.7817446,23.94622292,-0.794123791,921.4885981,20.01700959,0.65038999,14.4,47.30685349999997,3.9292133299999996
377.20000000000005,862.1764682,23.85866672,-0.957000118,923.4919357,20.08539458,0.716130178,14.4,46.915467499999956,3.7732721399999996
377.3,864.5616218,23.7548229,-1.119876446,925.5024359,20.16026184,0.781083884,14.4,46.54081410000001,3.59456106
377.40000000000003,866.9355766,23.63469143,-1.281607433,927.520747,20.24161136,0.84590651,14.4,46.18517040000004,3.39308007
377.5,869.2967039,23.49827234,-1.436466381,929.5475171,20.32944314,0.910729135,14.4,45.85081320000004,3.168829200000001
377.6,871.6433749,23.34556561,-1.57758125,931.5833945,20.42375719,0.975551761,14.4,45.54001960000003,2.9218084200000014
377.70000000000005,873.9739608,23.17725846,-1.69808,933.6290274,20.52455349,1.040374387,14.4,45.255066600000056,2.652704970000002
377.8,876.2868329,22.9967869,-1.791090592,935.685064,20.63183206,1.105197013,14.4,44.99823109999998,2.3649548399999993
377.90000000000003,878.5803625,22.80827415,-1.849740986,937.7521526,20.7455929,1.170019639,14.4,44.77179010000007,2.0626812500000007
378.0,880.8529207,22.61584343,-1.868304482,939.8309415,20.86583599,1.234528301,14.4,44.57802079999997,1.750007440000001
378.1,883.1034285,22.42361799,-1.845635741,941.9220787,20.99256135,1.297153185,14.4,44.418650200000094,1.4310566400000013
378.20000000000005,885.3330061,22.23572102,-1.782880103,944.0262126,21.12576897,1.356010509,14.4,44.293206499999975,1.1099520500000004
378.3,887.5433232,22.05627577,-1.685764266,946.1439914,21.26527047,1.409216496,14.4,44.200668199999974,0.7910052999999984
378.40000000000003,889.7360496,21.88940545,-1.561160272,948.2760632,21.41012397,1.456085581,14.4,44.14001359999995,0.4792814800000009
378.5,891.9128552,21.73854608,-1.415940158,950.4230764,21.5591992,1.491139339,14.4,44.11022120000005,0.17934688000000065
378.6,894.0754098,21.60438488,-1.256975965,952.5856792,21.71136589,1.5164026,14.4,44.11026939999997,-0.10698100999999838
378.70000000000005,896.2253831,21.48692182,-1.091139733,954.764369,21.8662127,1.530363186,14.4,44.138985899999945,-0.3792908799999992
378.8,898.364445,21.38615693,-0.924158161,956.9590406,22.02045257,1.533335058,14.4,44.194595599999936,-0.6342956400000013
378.90000000000003,900.4942654,21.30209019,-0.757176589,959.1694381,22.17511203,1.526888035,14.4,44.27517269999996,-0.8730218399999998
379.0,902.616514,21.23472161,-0.590195017,961.3953053,22.32834188,1.511707679,14.4,44.37879129999997,-1.0936202699999988
379.1,904.7328607,21.18405119,-0.423213445,963.6363864,22.47920024,1.493272415,14.4,44.50352570000005,-1.2951490499999991
379.20000000000005,906.8449752,21.15007892,-0.256231873,965.8924253,22.62749871,1.469871378,14.4,44.64745009999999,-1.4774197900000026
379.3,908.9545274,21.13280481,-0.089250301,968.1631661,22.7732373,1.444586562,14.4,44.80863870000005,-1.640432490000002
379.40000000000003,911.063187,21.13222886,0.076733568,970.4483527,22.91641602,1.418987782,14.4,44.98516570000002,-1.7841871599999983
379.5,913.1726241,21.14835107,0.236731213,972.7477292,23.05703486,1.393389003,14.4,45.175105099999975,-1.9086837900000013
379.6,915.2845082,21.18117143,0.384756412,975.0610396,23.19509382,1.367790223,14.4,45.376531399999955,-2.013922390000001
379.70000000000005,917.4005093,21.23009133,0.514822941,977.3880279,23.33059291,1.342191443,14.4,45.587518600000045,-2.1005015799999995
379.8,919.5222971,21.29211765,0.620944579,979.7284381,23.46353211,1.316592664,14.4,45.806141000000004,-2.1714144599999976
379.90000000000003,921.6515415,21.36365866,0.6971351,982.0820143,23.59391144,1.290993884,14.4,46.03047279999996,-2.2302527800000007
380.0,923.7899123,21.44112263,0.738405987,984.4485004,23.72173089,1.265395104,14.4,46.258588099999976,-2.280608260000001
380.1,925.9386004,21.52091781,0.743759535,986.8276404,23.84699046,1.239354687,14.4,46.48903999999991,-2.3260726500000004
380.20000000000005,928.0968812,21.59945249,0.714193448,989.2191784,23.96969015,1.21066444,14.4,46.72229720000005,-2.370237660000001
380.3,930.263551,21.67313492,0.654696246,991.6228584,24.08982997,1.176674535,14.4,46.959307400000036,-2.4166950500000013
380.40000000000003,932.4374063,21.73837337,0.571254152,994.0384243,24.20714492,1.134735144,14.4,47.201017999999955,-2.4687715499999996
380.5,934.6172435,21.79217473,0.469853388,996.4656203,24.3203101,1.082196436,14.4,47.448376799999984,-2.528135370000001
380.6,936.8018591,21.83394037,0.356480177,998.9041903,24.42773561,1.016408584,14.4,47.70233119999998,-2.5937952399999986
380.70000000000005,938.9900494,21.86367031,0.237120744,1001.353878,24.52783154,0.935163396,14.4,47.963828600000035,-2.6641612300000013
380.8,941.180611,21.88136452,0.116763607,1003.814216,24.61900801,0.838019234,14.4,48.23360499999999,-2.73764349
380.90000000000003,943.3723402,21.88702303,-0.00359353,1006.283888,24.69967512,0.725417737,14.4,48.511547799999995,-2.8126520899999967
381.0,945.5640335,21.88064582,-0.123950668,1008.761367,24.76824296,0.599567095,14.4,48.7973334999999,-2.887597139999997
381.1,947.7544872,21.86223289,-0.244307805,1011.245124,24.82312164,0.463117137,14.4,49.09063680000006,-2.9608887499999987
381.20000000000005,949.9424979,21.83178426,-0.364664942,1013.733631,24.86298625,0.318717692,14.4,49.39113309999991,-3.0312019899999996
381.3,952.1268619,21.7892999,-0.485022079,1016.22536,24.8875718,0.169018589,14.4,49.69849810000003,-3.0982719000000003
381.40000000000003,954.3063757,21.73477984,-0.604339914,1018.718785,24.8968783,0.016669657,14.4,50.01240930000004,-3.1620984599999993
381.5,956.4798358,21.66822406,-0.717421939,1021.212376,24.89090573,-0.136120912,14.4,50.332540199999904,-3.22268167
381.6,958.6460384,21.58963257,-0.818032341,1023.704605,24.86965411,-0.288911482,14.4,50.658566600000064,-3.28002154
381.70000000000005,960.8037801,21.49962894,-0.89993531,1026.193946,24.83312344,-0.441702052,14.4,50.99016590000006,-3.3334945000000005
381.8,962.9518573,21.40133109,-0.956895034,1028.67887,24.7813137,-0.594492622,14.4,51.32701269999993,-3.379982609999999
381.90000000000003,965.0890665,21.2984805,-0.982675704,1031.157848,24.71422491,-0.747283192,14.4,51.668781500000115,-3.4157444099999985
382.0,967.214204,21.19481865,-0.972080808,1033.629354,24.63185706,-0.900073762,14.4,52.01514999999993,-3.437038410000003
382.1,969.3265651,21.09408704,-0.924071047,1036.091859,24.53421016,-1.052594278,14.4,52.365293900000076,-3.440123119999999
382.20000000000005,971.4274406,21.00002715,-0.83968572,1038.543836,24.4212842,-1.203494473,14.4,52.7163954000001,-3.4212570499999977
382.3,973.5186202,20.91638046,-0.724121339,1040.983755,24.29307918,-1.351154025,14.4,53.06513479999999,-3.3766987200000003
382.40000000000003,975.6018933,20.84688846,-0.583613713,1043.410091,24.14975714,-1.493952613,14.4,53.40819769999994,-3.3028686799999996
382.5,977.6790498,20.79466907,-0.424398653,1045.821314,23.99212823,-1.630269914,14.4,53.7422642,-3.1974591599999975
382.6,979.7518791,20.76034585,-0.252711972,1048.215897,23.82116465,-1.758485608,14.4,54.064017900000046,-3.0608188
382.70000000000005,981.8221708,20.74391881,-0.07478948,1050.592312,23.63783859,-1.877249427,14.4,54.37014120000001,-2.893919780000001
382.8,983.8917147,20.74538796,0.104172315,1052.94916,23.44312225,-1.986291317,14.4,54.65744529999993,-2.6977342899999996
382.90000000000003,985.9623003,20.76475328,0.283134109,1055.285562,23.23798781,-2.085881332,14.4,54.92326169999999,-2.473234529999999
383.0,988.0357173,20.80201478,0.462095903,1057.600767,23.02340748,-2.177369739,14.4,55.16504969999992,-2.221392699999999
383.1,990.1137552,20.85717246,0.641057697,1059.894026,22.80035344,-2.262376861,14.4,55.38027079999993,-1.9431809799999975
383.20000000000005,992.1982037,20.93022632,0.820019491,1062.164589,22.56963585,-2.342523018,14.4,55.56638529999996,-1.6394095300000018
383.3,994.2908524,21.02117636,0.998981286,1064.411704,22.33141675,-2.419428532,14.4,55.72085160000015,-1.3102403900000006
383.40000000000003,996.3934909,21.13002257,1.17794308,1066.634623,22.08569613,-2.494713725,14.4,55.84113209999996,-0.9556735599999975
383.5,998.5079088,21.25676497,1.354978486,1068.832594,21.832474,-2.569728864,14.4,55.92468519999998,-0.5757090300000023
383.6,1000.635896,21.40140355,1.520455567,1071.004868,21.57175036,-2.644744003,14.4,55.96897199999999,-0.17034680999999807
383.70000000000005,1002.779241,21.5639383,1.653719372,1073.150695,21.3035252,-2.719759142,14.4,55.97145400000009,0.26041310000000095
383.8,1004.939735,21.74321341,1.770501443,1075.269324,21.02779853,-2.794774281,14.4,55.92958900000006,0.7154148800000009
383.90000000000003,1007.119167,21.9334497,1.831953587,1077.360006,20.74457035,-2.86978942,14.4,55.840839000000166,1.1888793500000006
384.0,1009.319327,22.1222542,1.835614099,1079.421989,20.45384065,-2.944804559,14.4,55.7026619999999,1.6684135500000004
384.1,1011.542003,22.31906584,1.771851041,1081.454524,20.15560944,-3.019819698,14.4,55.51252099999997,2.163456400000001
384.20000000000005,1013.788062,22.5005757,1.638738025,1083.456862,19.84987671,-3.093799231,14.4,55.268800000000034,2.6506989899999986
384.3,1016.054669,22.66530676,1.447298062,1085.428251,19.53664247,-3.161565126,14.4,54.97358200000006,3.1286642899999997
384.40000000000003,1018.338066,22.80632403,1.179873222,1087.367941,19.21590671,-3.213608807,14.4,54.62987499999995,3.5904173200000002
384.5,1020.634494,22.91669251,0.8753117,1089.275183,18.88829081,-3.253601454,14.4,54.24068899999995,4.0284017
384.6,1022.940196,22.99063303,0.536075198,1091.149226,18.55690157,-3.265444612,14.4,53.809029999999986,4.433731460000001
384.70000000000005,1025.251413,23.02698977,0.173722044,1092.98932,18.22744415,-3.246219582,14.4,53.33790699999995,4.79954562
384.8,1027.564386,23.02576272,-0.200189436,1094.794714,17.89771584,-3.190748333,14.4,52.8303280000001,5.128046879999999
384.90000000000003,1029.875357,22.98695188,-0.576027304,1096.565157,17.5773757,-3.09799526,14.4,52.289800000000106,5.409576179999998
385.0,1032.180568,22.91055726,-0.951865172,1098.302383,17.26817496,-2.972290906,14.4,51.72181499999997,5.642382300000001
385.1,1034.47626,22.79657885,-1.32770304,1100.008624,16.97384181,-2.808928487,14.4,51.132364000000145,5.82273704
385.20000000000005,1036.758676,22.64501665,-1.703540908,1101.686114,16.69810442,-2.624006457,14.4,50.52743800000017,5.946912229999999
385.3,1039.024056,22.45587067,-2.079378776,1103.337083,16.44406961,-2.420443514,14.4,49.91302699999992,6.01180106
385.40000000000003,1041.268642,22.2291409,-2.455216644,1104.963766,16.21235874,-2.204453297,14.4,49.29512400000008,6.016782160000002
385.5,1043.488676,21.96482734,-2.828913697,1106.568393,16.00297183,-1.982249441,14.4,48.679717000000075,5.9618555099999995
385.6,1045.680399,21.66292999,-3.189765866,1108.153198,15.81590886,-1.75900998,14.4,48.0727989999999,5.847021129999998
385.70000000000005,1047.840054,21.32344886,-3.524928264,1109.720413,15.65116983,-1.535770519,14.4,47.480359,5.672279029999999
385.8,1049.963881,20.94766843,-3.821556006,1111.27227,15.50875475,-1.312531057,14.4,46.908389000000035,5.438913680000001
385.90000000000003,1052.048122,20.54201115,-4.066804207,1112.811002,15.38866362,-1.089291596,14.4,46.36288,5.15334753
386.0,1054.08902,20.11418394,-4.247827982,1114.338841,15.29089643,-0.866052134,14.4,45.84982100000011,4.82328751
386.1,1056.082815,19.67189373,-4.35392326,1115.858019,15.21545319,-0.642812673,14.4,45.37520400000003,4.456440540000001
386.20000000000005,1058.026776,19.22284747,-4.382949226,1117.370769,15.1623339,-0.420235588,14.4,44.943993000000184,4.060513570000001
386.3,1059.922285,18.77475207,-4.337046695,1118.879324,15.13153855,-0.20163276,14.4,44.5570389999999,3.6432135200000015
386.40000000000003,1061.771746,18.33531448,-4.226919738,1120.385915,15.12306715,0.009021552,14.4,44.214169000000176,3.2122473300000003
386.5,1063.577569,17.91224161,-4.06541324,1121.892775,15.13652227,0.207753091,14.4,43.91520599999999,2.7757193399999984
386.6,1065.342159,17.51195592,-3.865372086,1123.402137,15.16991678,0.390587599,14.4,43.659978,2.342039139999999
386.70000000000005,1067.067924,17.13574189,-3.639641161,1124.916233,15.22086612,0.553550818,14.4,43.44830899999997,1.9148757699999983
386.8,1068.757271,16.78359953,-3.401065351,1126.437294,15.28698575,0.693330868,14.4,43.28002300000012,1.4966137800000006
386.90000000000003,1070.412608,16.45552882,-3.160348727,1127.967237,15.36589111,0.809265372,14.4,43.15462899999998,1.0896377100000016
387.0,1072.036341,16.15152978,-2.919632103,1129.506703,15.45519764,0.902016705,14.4,43.070362000000024,0.6963321400000009
387.1,1073.630878,15.8716024,-2.678915479,1131.056017,15.55252079,0.974896751,14.4,43.02513900000017,0.31908160999999957
387.20000000000005,1075.198626,15.61574668,-2.438198855,1132.615504,15.655476,1.031879765,14.4,43.016878,-0.03972931999999929
387.3,1076.741992,15.38396263,-2.197482231,1134.185488,15.76207615,1.076940006,14.4,43.0434960000001,-0.3781135200000012
387.40000000000003,1078.263383,15.17625024,-1.956765607,1135.766295,15.8719238,1.114051732,14.4,43.102911999999925,-0.6956735599999995
387.5,1079.765206,14.99260951,-1.716798164,1137.358249,15.98501897,1.1471892,14.4,43.193042999999854,-0.9924094600000011
387.6,1081.249869,14.83304044,-1.48132581,1138.961675,16.10136164,1.179664292,14.4,43.311806000000026,-1.2683212000000008
387.70000000000005,1082.719778,14.69754304,-1.254843632,1140.576898,16.22095183,1.212139384,14.4,43.457120000000124,-1.5234087900000013
387.8,1084.177341,14.58566779,-1.041846719,1142.204242,16.34378952,1.244614476,14.4,43.626900999999954,-1.758121730000001
387.90000000000003,1085.624966,14.49516714,-0.846830159,1143.844032,16.46987472,1.277089568,14.4,43.819065999999886,-1.9747075800000005
388.0,1087.065058,14.42334406,-0.67428904,1145.496593,16.59920743,1.30956466,14.4,44.03153500000017,-2.17586337
388.1,1088.500026,14.36750148,-0.52796927,1147.16225,16.73178765,1.342039752,14.4,44.26222400000015,-2.3642861700000015
388.20000000000005,1089.931917,14.32494235,-0.408620029,1148.841327,16.86761538,1.374514844,14.4,44.50940999999998,-2.5426730299999996
388.3,1091.36134,14.29296961,-0.315492136,1150.534149,17.00669062,1.406561167,14.4,44.772809000000144,-2.7137210100000004
388.40000000000003,1092.788544,14.26888622,-0.244839685,1152.241041,17.14901337,1.436034876,14.4,45.052496999999995,-2.880127149999998
388.5,1094.213779,14.24999513,-0.192167586,1153.962328,17.29458363,1.458408831,14.4,45.34854900000014,-3.0445885000000015
388.6,1095.637295,14.23404878,-0.152980753,1155.698334,17.44314413,1.476973997,14.4,45.66103899999994,-3.20909535
388.70000000000005,1097.059341,14.22059767,-0.122784096,1157.449384,17.59340858,1.483294181,14.4,45.99004300000011,-3.3728109099999983
388.8,1098.480167,14.20964179,-0.097082527,1159.215804,17.74266068,1.476751296,14.4,46.335637,-3.533018890000001
388.90000000000003,1099.900022,14.20118116,-0.072130139,1160.997917,17.89287502,1.455201497,14.4,46.69789499999988,-3.691693860000001
389.0,1101.319156,14.19521577,-0.047177752,1162.795842,18.03898988,1.418216015,14.4,47.076685999999974,-3.8437741099999982
389.1,1102.737818,14.19174561,-0.022225364,1164.608876,18.18063441,1.368178145,14.4,47.47105799999995,-3.9888888
389.20000000000005,1104.156257,14.19077069,0.002727023,1166.436108,18.31626503,1.301368153,14.4,47.87985100000001,-4.1254943399999995
389.3,1105.574724,14.19229102,0.027679411,1168.276628,18.44433819,1.226222232,14.4,48.301904000000015,-4.252047169999999
389.40000000000003,1106.993468,14.19630658,0.052631798,1170.129526,18.56356757,1.143358469,14.4,48.73605800000005,-4.36726099
389.5,1108.412738,14.20281738,0.077584186,1171.993892,18.67369591,1.055349478,14.4,49.18115399999997,-4.4708785299999985
389.6,1109.832784,14.21182341,0.102587889,1173.868816,18.77472322,0.964767874,14.4,49.63603199999998,-4.562899809999999
389.70000000000005,1111.253855,14.22332469,0.127899487,1175.753387,18.86664949,0.873757501,14.4,50.099532000000046,-4.6433248
389.8,1112.676201,14.23732121,0.153826875,1177.646696,18.94947472,0.782747127,14.4,50.57049500000003,-4.712153510000002
389.90000000000003,1114.100072,14.25384375,0.180677947,1179.547833,19.02319891,0.691736754,14.4,51.04776100000013,-4.769355160000002
390.0,1115.525716,14.27304627,0.208760598,1181.455886,19.08782207,0.600726381,14.4,51.53016999999986,-4.814775800000001
390.1,1116.953384,14.2951135,0.238382724,1183.369948,19.14334419,0.509716007,14.4,52.01656400000011,-4.848230690000001
390.20000000000005,1118.383325,14.32023018,0.269800903,1185.289106,19.18976527,0.418705634,14.4,52.505780999999935,-4.869535089999999
390.3,1119.815813,14.34858105,0.303066451,1187.212451,19.22708532,0.32809145,14.4,52.99663800000017,-4.8785042700000005
390.40000000000003,1121.251221,14.38035084,0.338128052,1189.139073,19.25530432,0.239854401,14.4,53.48785200000007,-4.87495348
390.5,1122.689946,14.41572429,0.374729127,1191.068062,19.27442229,0.156371622,14.4,53.97811600000009,-4.858698
390.6,1124.132385,14.45488614,0.412561781,1192.998508,19.28467694,0.08002025,14.4,54.46612299999979,-4.829790800000001
390.70000000000005,1125.578936,14.49799033,0.45131812,1194.929501,19.28725683,0.013177418,14.4,54.95056499999996,-4.7892665
390.8,1127.029997,14.54506766,0.490690249,1196.86013,19.28358824,-0.043628611,14.4,55.430132999999934,-4.738520579999999
390.90000000000003,1128.485963,14.59611812,0.530370272,1198.789485,19.27509747,-0.082870272,14.4,55.90352199999993,-4.678979349999999
391.0,1129.947234,14.65114171,0.570101611,1200.716847,19.26321077,-0.109697994,14.4,56.36961299999994,-4.612069060000001
391.1,1131.414205,14.71013844,0.60983295,1202.642257,19.24824513,-0.122659095,14.4,56.828051999999936,-4.538106690000001
391.20000000000005,1132.887275,14.7731083,0.649564289,1204.565944,19.23495478,-0.123734519,14.4,57.2786689999999,-4.461846479999998
391.3,1134.36684,14.8400513,0.689295629,1206.48814,19.22143803,-0.115301403,14.4,57.72130000000002,-4.381386730000001
391.40000000000003,1135.853299,14.91096743,0.729026968,1208.409077,19.20999279,-0.097888008,14.4,58.15577799999992,-4.299025360000002
391.5,1137.347047,14.98585669,0.768758307,1210.328984,19.20085675,-0.079418088,14.4,58.58193700000002,-4.2150000599999995
391.6,1138.848483,15.06471909,0.808192567,1212.248094,19.19402993,-0.05672216,14.4,58.99961100000005,-4.129310839999999
391.70000000000005,1140.358004,15.14755462,0.845844349,1214.166636,19.18951232,-0.033630043,14.4,59.40863199999999,-4.041957699999999
391.8,1141.876008,15.23436329,0.879931178,1216.084842,19.18730392,-0.010537926,14.4,59.808834000000026,-3.9529406300000023
391.90000000000003,1143.402891,15.32496684,0.908670576,1218.002942,19.18740474,0.012554191,14.4,60.20005100000012,-3.8624379000000015
392.0,1144.93905,15.41847404,0.930280067,1219.921168,19.18981476,0.035646308,14.4,60.58211800000013,-3.7713407200000013
392.1,1146.484884,15.5138154,0.942977172,1221.83975,19.194534,0.058738425,14.4,60.95486600000013,-3.6807186000000005
392.20000000000005,1148.040789,15.60992143,0.945276496,1223.75892,19.20156245,0.081830542,14.4,61.318131000000086,-3.591641020000001
392.3,1149.607021,15.70572266,0.936880958,1225.678908,19.21090011,0.104922659,14.4,61.67188700000006,-3.5051774500000015
392.40000000000003,1151.183263,15.80014959,0.918087638,1227.599946,19.22254698,0.128178633,14.4,62.01668300000015,-3.4223973900000004
392.5,1152.769057,15.89213273,0.890381933,1229.522263,19.23650306,0.152417748,14.4,62.35320600000009,-3.3443703300000003
392.6,1154.363945,15.98060261,0.855546321,1231.446092,19.25276836,0.178623144,14.4,62.68214699999985,-3.272165750000001
392.70000000000005,1155.967469,16.06466798,0.815363277,1233.371662,19.27144118,0.207777963,14.4,63.00419300000008,-3.2067732000000007
392.8,1157.57917,16.14415059,0.77161528,1235.299206,19.2930131,0.240865345,14.4,63.32003599999994,-3.1488625100000007
392.90000000000003,1159.19859,16.21905045,0.726084806,1237.228953,19.31807399,0.278868432,14.4,63.63036300000008,-3.0990235399999975
393.0,1160.825271,16.28936756,0.680257252,1239.161135,19.34721376,0.322606506,14.4,63.93586400000013,-3.0578462
393.1,1162.458755,16.3551019,0.634429699,1241.096061,19.38102227,0.372243426,14.4,64.23730599999985,-3.025920369999998
393.20000000000005,1164.098583,16.4162535,0.588602145,1243.034356,19.42008942,0.427615333,14.4,64.53577299999992,-3.00383592
393.3,1165.744297,16.47282233,0.542774591,1244.976722,19.46500508,0.487902945,14.4,64.83242500000014,-2.9921827500000013
393.40000000000003,1167.395439,16.52480841,0.496947038,1246.923863,19.51635915,0.55212312,14.4,65.12842400000008,-2.991550740000001
393.5,1169.05155,16.57221174,0.451119484,1248.87648,19.57464319,0.619292718,14.4,65.42492999999999,-3.0024314499999996
393.6,1170.712173,16.61503231,0.405962115,1250.835277,19.63995552,0.688428597,14.4,65.723104,-3.0249232100000008
393.70000000000005,1172.376848,16.65327013,0.36532609,1252.800957,19.71229614,0.758547617,14.4,66.02410899999981,-3.05902601
393.8,1174.045118,16.68692519,0.332731637,1254.774222,19.79166505,0.828830494,14.4,66.329104,-3.1047398599999987
393.90000000000003,1175.716524,16.7163996,0.310701062,1256.755776,19.87806224,0.899113371,14.4,66.63925200000003,-3.1616626399999994
394.0,1177.390609,16.74400407,0.305754748,1258.74632,19.97148772,0.969396248,14.4,66.95571099999992,-3.22748365
394.1,1179.066913,16.77185072,0.320913961,1260.746559,20.07194149,1.039679125,14.4,67.27964599999981,-3.3000907700000006
394.20000000000005,1180.744979,16.80145295,0.359529623,1262.757195,20.17942355,1.109962002,14.4,67.61221599999985,-3.3779705999999976
394.3,1182.42467,16.83672297,0.42177168,1264.77893,20.29393389,1.180244879,14.4,67.95425999999983,-3.4572109200000014
394.40000000000003,1184.107136,16.87947356,0.507470824,1266.812467,20.41547252,1.249916597,14.4,68.30533099999988,-3.5359989600000006
394.5,1185.793849,16.93211738,0.614774935,1268.85851,20.54403944,1.315921365,14.4,68.66466100000011,-3.6119220599999977
394.6,1187.48628,16.99706708,0.737163629,1270.917761,20.67963465,1.374592231,14.4,69.03148099999984,-3.68256757
394.70000000000005,1189.185903,17.07633322,0.871615639,1272.990923,20.82189145,1.422262245,14.4,69.40502000000001,-3.7455582300000003
394.8,1190.894188,17.17031791,1.01410986,1275.078698,20.96897637,1.455264455,14.4,69.78451000000004,-3.7986584599999986
394.90000000000003,1192.612607,17.27902115,1.160625187,1277.181791,21.11868923,1.469931911,14.4,70.16918399999994,-3.8396680800000027
395.0,1194.342633,17.40244295,1.307810699,1279.300902,21.26882987,1.463208821,14.4,70.55826899999997,-3.86638692
395.1,1196.085736,17.54058329,1.45499621,1281.436443,21.41719811,1.434484026,14.4,70.95070700000005,-3.8766148200000003
395.20000000000005,1197.84339,17.69344219,1.602181721,1283.587648,21.5615938,1.384368685,14.4,71.34425799999994,-3.8681516100000017
395.3,1199.617066,17.86101964,1.749367232,1285.753461,21.69981674,1.31591859,14.4,71.73639499999999,-3.8387971000000007
395.40000000000003,1201.408235,18.04331563,1.896552743,1287.932825,21.82966678,1.232800692,14.4,72.12458999999998,-3.7863511500000016
395.5,1203.218369,18.24033018,2.043738254,1290.124681,21.94931044,1.138681941,14.4,72.50631200000007,-3.7089802600000006
395.6,1205.048941,18.45206329,2.190923766,1292.327973,22.05838102,1.037229288,14.4,72.87903199999991,-3.606317729999997
395.70000000000005,1206.901423,18.67851494,2.336846168,1294.541644,22.15687853,0.932109685,14.4,73.24022099999988,-3.4783635900000007
395.8,1208.777285,18.91968514,2.475189921,1296.764636,22.24480296,0.826378923,14.4,73.58735100000021,-3.3251178200000027
395.90000000000003,1210.678001,19.17557389,2.598376372,1298.995891,22.32215431,0.720648161,14.4,73.91789000000003,-3.1465804199999994
396.0,1212.605041,19.44542334,2.698826872,1301.234353,22.38893259,0.614917399,14.4,74.22931200000002,-2.943509249999998
396.1,1214.559878,19.72544414,2.76896277,1303.478964,22.44513779,0.509186638,14.4,74.51908599999987,-2.71969365
396.20000000000005,1216.543983,20.01108911,2.801205415,1305.728667,22.49076992,0.403455876,14.4,74.78468400000006,-2.4796808100000014
396.3,1218.558829,20.29781106,2.789239266,1307.982405,22.52582897,0.297725114,14.4,75.0235759999999,-2.2280179099999984
396.40000000000003,1220.60528,20.5810628,2.731801214,1310.23912,22.55031494,0.191994352,14.4,75.23383999999996,-1.9692521399999983
396.5,1222.681778,20.85629714,2.630154368,1312.497754,22.56422784,0.086517411,14.4,75.41597600000009,-1.7079307000000021
396.6,1224.786156,21.11896689,2.490614269,1314.757252,22.56756766,-0.017436609,14.4,75.57109600000021,-1.4486007700000023
396.70000000000005,1226.916249,21.36452486,2.320759568,1317.016554,22.56033441,-0.118344787,14.4,75.70030499999993,-1.1958095499999999
396.8,1229.069891,21.58918173,2.128168916,1319.274605,22.54268037,-0.2146842,14.4,75.80471399999996,-0.9534986399999994
396.90000000000003,1231.244915,21.79217962,1.920420962,1321.530347,22.515367,-0.304931927,14.4,75.8854319999999,-0.7231873800000024
397.0,1233.439156,21.97351854,1.705094358,1323.782721,22.47930807,-0.387565048,14.4,75.94356500000012,-0.5057895299999977
397.1,1235.650448,22.13319849,1.488504646,1326.030672,22.43541732,-0.46131446,14.4,75.98022399999999,-0.3022188299999975
397.20000000000005,1237.876626,22.27121947,1.271914934,1328.273264,22.3846085,-0.525926344,14.4,75.99663799999993,-0.11338903000000045
397.3,1240.115522,22.38758148,1.055325222,1330.510048,22.32779538,-0.581654519,14.4,75.99452600000004,0.059786100000000175
397.40000000000003,1242.364971,22.48228452,0.83873551,1332.740698,22.26589169,-0.629768088,14.4,75.97572700000009,0.2163928300000002
397.5,1244.622808,22.55532858,0.622145797,1334.964888,22.1998112,-0.671789971,14.4,75.94207999999989,0.355517380000002
397.6,1246.886867,22.60671368,0.405556085,1337.182292,22.13031536,-0.70924309,14.4,75.89542500000002,0.4763983199999977
397.70000000000005,1249.15498,22.6364398,0.19002355,1339.392583,22.05755647,-0.743650365,14.4,75.83760300000003,0.57888333
397.8,1251.424984,22.64450695,-0.019165927,1341.595435,21.98153452,-0.77653472,14.4,75.77045099999995,0.66297243
397.90000000000003,1253.694711,22.63091513,-0.215669287,1343.790521,21.90224952,-0.809165254,14.4,75.6958099999998,0.7286656100000002
398.0,1255.961996,22.59629865,-0.39314347,1345.977516,21.81970147,-0.841795788,14.4,75.61551999999992,0.7765971800000031
398.1,1258.224674,22.54382903,-0.54885981,1348.156093,21.73389037,-0.874426323,14.4,75.531419,0.8099386600000003
398.20000000000005,1260.480577,22.4773121,-0.665632071,1350.325926,21.64481621,-0.907056857,14.4,75.44534899999994,0.8324958900000006
398.3,1262.72754,22.40055372,-0.749017548,1352.486688,21.55247899,-0.939687391,14.4,75.35914799999986,0.8480747300000004
398.40000000000003,1264.963905,22.31519106,-0.794344673,1354.638053,21.45687873,-0.972317926,14.4,75.27414799999983,0.8583123300000004
398.5,1267.190044,22.23153589,-0.802670621,1356.779695,21.35801541,-1.005479606,14.4,75.189651,0.8735204799999998
398.6,1269.406834,22.14688812,-0.779281275,1358.911288,21.25588904,-1.041828161,14.4,75.10445400000012,0.8909990800000003
398.70000000000005,1271.615154,22.06722222,-0.726905301,1361.032504,21.15049961,-1.084550465,14.4,75.01734999999994,0.9167226100000008
398.8,1273.815884,21.99570973,-0.662728937,1363.143019,21.04152844,-1.136833394,14.4,74.92713499999999,0.9541812900000011
398.90000000000003,1276.009902,21.93298495,-0.582252062,1365.242505,20.9273821,-1.201863823,14.4,74.83260299999992,1.0056028500000025
399.0,1278.198087,21.87904788,-0.495432128,1367.330637,20.80614845,-1.282828626,14.4,74.73255000000003,1.0728994300000032
399.1,1280.381318,21.83389853,-0.407555017,1369.407088,20.67591537,-1.382383533,14.4,74.62576999999996,1.1579831600000006
399.20000000000005,1282.560473,21.79753688,-0.319677907,1371.471276,20.53477074,-1.501059688,14.4,74.51080299999998,1.26276614
399.3,1284.736432,21.76996295,-0.231800797,1373.521601,20.38080243,-1.638325947,14.4,74.38516899999999,1.3891605200000008
399.40000000000003,1286.910072,21.75117672,-0.143923686,1375.556206,20.21209832,-1.79152658,14.4,74.24613400000007,1.539078400000001
399.5,1289.082273,21.74117821,-0.056046576,1377.573237,20.02674628,-1.957474713,14.4,74.09096400000007,1.71443193
399.6,1291.253914,21.73996741,0.031830534,1379.570836,19.82315288,-2.13298347,14.4,73.9169220000002,1.91681453
399.70000000000005,1293.425873,21.74754431,0.118968483,1381.547147,19.60099942,-2.314865977,14.4,73.72127400000008,2.1465448899999977
399.8,1295.599029,21.76390893,0.201671459,1383.500316,19.36028591,-2.499935359,14.4,73.50128700000013,2.4036230199999977
399.90000000000003,1297.774261,21.78906127,0.275504489,1385.428485,19.10101235,-2.685535887,14.4,73.25422399999988,2.68804892
400.0,1299.952447,21.82255781,0.336032603,1387.329798,18.82317874,-2.871136414,14.4,72.97735100000008,2.99937907
400.1,1302.134467,21.86218108,0.378820827,1389.2024,18.52678507,-3.056736942,14.4,72.6679329999998,3.33539601
400.20000000000005,1304.321199,21.9052701,0.399434189,1391.044435,18.21183135,-3.242337469,14.4,72.32323600000004,3.6934387499999985
400.3,1306.513522,21.94916388,0.394176878,1392.854047,17.87831758,-3.427937997,14.4,71.94052500000006,4.0708462999999995
400.40000000000003,1308.71196,21.99120143,0.362309733,1394.629379,17.52624375,-3.613538525,14.4,71.51741899999988,4.464957680000001
400.5,1310.915618,22.02872178,0.304571915,1396.368575,17.15560987,-3.799139052,14.4,71.05295699999996,4.873111910000002
400.6,1313.123245,22.05906394,0.224659235,1398.069781,16.76641594,-3.983981218,14.4,70.54653599999992,5.292648
400.70000000000005,1315.333592,22.07956692,0.127006666,1399.731139,16.35866195,-4.164273214,14.4,69.99754700000003,5.720904970000003
400.8,1317.545408,22.08801325,0.016049179,1401.350793,15.93234792,-4.33546487,14.4,69.40538500000011,6.15566533
400.90000000000003,1319.757444,22.08395942,-0.103778253,1402.926888,15.48792884,-4.493006017,14.4,68.76944399999988,6.596030579999999
401.0,1321.96845,22.06740543,-0.228040657,1404.457568,15.02767982,-4.632346483,14.4,68.08911799999996,7.039725610000001
401.1,1324.177176,22.03835129,-0.353042223,1405.940976,14.55433095,-4.753805083,14.4,67.36380000000017,7.484020340000001
401.20000000000005,1326.382371,21.99679699,-0.47804379,1407.375257,14.07061233,-4.838983057,14.4,66.592886,7.9261846600000005
401.3,1328.582785,21.94274253,-0.603045356,1408.758918,13.57925406,-4.901728996,14.4,65.77613299999993,8.36348847
401.40000000000003,1330.777169,21.87618791,-0.728046922,1410.091925,13.08006487,-4.937932276,14.4,64.91475599999998,8.79612304
401.5,1332.964273,21.79713314,-0.853048489,1411.374603,12.58453901,-4.951384706,14.4,64.01032999999993,9.21259413
401.6,1335.142846,21.70557822,-0.978050055,1412.607283,12.08664242,-4.946636456,14.4,63.06443700000009,9.6189358
401.70000000000005,1337.311639,21.60152313,-1.103521026,1413.790291,11.59157158,-4.923368713,14.4,62.07865200000001,10.00995155
401.8,1339.469401,21.48496789,-1.231808428,1414.923957,11.09978151,-4.900738597,14.4,61.05455599999991,10.38518638
401.90000000000003,1341.614882,21.3559125,-1.365728689,1416.008607,10.61127219,-4.868689328,14.4,59.993724999999905,10.74464031
402.0,1343.746833,21.2140753,-1.508098242,1417.044571,10.12604364,-4.835881696,14.4,58.89773799999998,11.08803166
402.1,1345.864004,21.05804809,-1.661733514,1418.032176,9.644095852,-4.803074065,14.4,57.768171999999915,11.413952238
402.20000000000005,1347.965143,20.886141,-1.829450938,1418.97175,9.165428827,-4.770266434,14.4,56.60660700000003,11.720712172999999
402.3,1350.049003,20.69666419,-2.013597537,1419.863621,8.690042565,-4.737458803,14.4,55.414617999999884,12.006621625
402.40000000000003,1352.114106,20.48792778,-2.214642717,1420.708118,8.217937066,-4.704651172,14.4,54.19401200000002,12.269990714
402.5,1354.158077,20.25824193,-2.432117073,1421.505568,7.749112331,-4.67184354,14.4,52.94749099999999,12.509129599000001
402.6,1356.178313,20.00591678,-2.663673579,1422.2563,7.283568358,-4.638395437,14.4,51.67798700000012,12.722348422
402.70000000000005,1358.172214,19.72926246,-2.906495807,1422.960641,6.821305149,-4.601104496,14.4,50.38842699999996,12.907957311
402.8,1360.137175,19.42687076,-3.157767324,1423.618921,6.362322702,-4.556127883,14.4,49.08174599999993,13.064548058
402.90000000000003,1362.070597,19.09846004,-3.414671702,1424.231466,5.907005303,-4.499622761,14.4,47.76086900000005,13.191454736999999
403.0,1363.969877,18.7440303,-3.67439251,1424.798604,5.457274368,-4.427746293,14.4,46.42872700000007,13.286755931999998
403.1,1365.832413,18.36358154,-3.934582723,1425.320665,5.015435601,-4.336655643,14.4,45.088251999999876,13.348145938999998
403.20000000000005,1367.655603,17.95711376,-4.194772936,1425.797976,4.583794702,-4.223148447,14.4,43.742373000000136,13.373319058
403.3,1369.436845,17.52462695,-4.454963149,1426.231172,4.164657373,-4.086584232,14.4,42.39432700000007,13.359969576999998
403.40000000000003,1371.173538,17.06612113,-4.715153362,1426.622119,3.760329317,-3.927603472,14.4,41.048581000000105,13.305791812999999
403.5,1372.863079,16.58159628,-4.975343575,1426.97299,3.373116235,-3.74940853,14.4,39.70991100000001,13.208480045
403.6,1374.502866,16.07105241,-5.235533789,1427.285956,3.005323829,-3.555842242,14.4,38.3830899999999,13.065728581
403.70000000000005,1376.090299,15.53448952,-5.495724002,1427.563192,2.658873517,-3.350747445,14.4,37.072893000000114,12.875616003
403.8,1377.622774,14.97190761,-5.753895378,1427.806868,2.334149584,-3.137966975,14.4,35.78409399999996,12.637758026
403.90000000000003,1379.09769,14.38330668,-5.999953739,1428.019158,2.031152028,-2.921343668,14.4,34.521468000000006,12.352154652
404.0,1380.512445,13.76868672,-6.221786065,1428.202235,1.74988085,-2.704079889,14.4,33.289789999999904,12.01880587
404.1,1381.864437,13.12925905,-6.407279342,1428.358271,1.49033605,-2.48681611,14.4,32.09383400000011,11.638923
404.20000000000005,1383.151064,12.47108017,-6.544320551,1428.489439,1.252517628,-2.269552331,14.4,30.938375000000043,11.218562542
404.3,1384.369724,11.80141788,-6.620796677,1428.597912,1.036425584,-2.052288552,14.4,29.828188000000047,10.764992296
404.40000000000003,1385.517816,11.12754001,-6.626613538,1428.685861,0.842059918,-1.835024773,14.4,28.768044999999894,10.285480092
404.5,1386.593706,10.45671435,-6.559752298,1428.75546,0.669420629,-1.617760994,14.4,27.761753999999975,9.787293721000001
404.6,1387.599638,9.796208719,-6.422231795,1428.808882,0.518507719,-1.400497215,14.4,26.809244000000128,9.277700999999999
404.70000000000005,1388.538824,9.153290929,-6.224146207,1428.848299,0.389321186,-1.183971009,14.4,25.909475000000022,8.763969743
404.8,1389.414477,8.535228788,-5.977608552,1428.875883,0.281861032,-0.971870242,14.4,25.0614059999999,8.253367756
404.90000000000003,1390.229808,7.948078805,-5.694731847,1428.893808,0.196127255,-0.768620355,14.4,24.26399999999999,7.751951549999999
405.0,1390.988031,7.393052281,-5.387629109,1428.904245,0.131677312,-0.578646785,14.4,23.516213999999856,7.261374969
405.1,1391.692357,6.870149216,-5.068413354,1428.909368,0.086298484,-0.406374974,14.4,22.817011000000186,6.783850731999999
405.20000000000005,1392.345999,6.37936961,-4.747178762,1428.91135,0.057335506,-0.25623036,14.4,22.165351000000193,6.322034104
405.3,1392.952169,5.920713464,-4.425944171,1428.912362,0.042133115,-0.131900809,14.4,21.56019300000012,5.878580349
405.40000000000003,1393.51408,5.494180776,-4.10470958,1428.914224,0.038036047,-0.034123895,14.4,21.000144000000184,5.456144729
405.5,1394.034943,5.099771548,-3.783474989,1428.917337,0.042389039,0.037837956,14.4,20.482393999999978,5.057382509
405.6,1394.517972,4.737485778,-3.462240397,1428.921751,0.052536827,0.087672609,14.4,20.003778999999987,4.684948951
405.70000000000005,1394.966379,4.407323468,-3.141005806,1428.927514,0.065824147,0.119805505,14.4,19.561135000000014,4.341499321000001
405.8,1395.383375,4.109284617,-2.820876101,1428.934674,0.080038279,0.138662082,14.4,19.1512990000002,4.029246338
405.90000000000003,1395.772174,3.843369225,-2.507375718,1428.94328,0.094736681,0.148667781,14.4,18.77110600000001,3.748632544
406.0,1396.135987,3.609577292,-2.207133976,1428.953379,0.10991935,0.15424804,14.4,18.417392000000156,3.499657942
406.1,1396.478028,3.407245887,-1.926780197,1428.965021,0.125586289,0.159090725,14.4,18.086992999999985,3.281659598
406.20000000000005,1396.801507,3.233060348,-1.672943701,1428.978254,0.141737495,0.163933411,14.4,17.776747000000206,3.091322853
406.3,1397.109639,3.083043083,-1.452253809,1428.993127,0.158372971,0.168776097,14.4,17.483487999999944,2.9246701120000003
406.40000000000003,1397.405634,2.953216499,-1.270234956,1429.009687,0.175492715,0.173618783,14.4,17.204053000000023,2.777723784
406.5,1397.692176,2.839603005,-1.127992029,1429.027983,0.193096727,0.178461469,14.4,16.935806999999933,2.646506278
406.6,1397.969824,2.738225007,-1.024420139,1429.048064,0.211185008,0.183304154,14.4,16.678240000000052,2.527039999
406.70000000000005,1398.238609,2.645104913,-0.953994854,1429.069978,0.229757558,0.188486474,14.4,16.431368999999997,2.4153473549999998
406.8,1398.498561,2.55626513,-0.910086853,1429.093774,0.248814376,0.195706599,14.4,16.195212999999832,2.307450754
406.90000000000003,1398.74971,2.468390999,-0.886066814,1429.119499,0.268355463,0.207002333,14.4,15.969788999999855,2.2000355359999997
407.0,1398.992087,2.380819587,-0.875305417,1429.147202,0.288584599,0.224411482,14.4,15.755115000000023,2.092234988
407.1,1399.225723,2.293550893,-0.87117334,1429.176933,0.310520687,0.249971851,14.4,15.551209999999946,1.983030206
407.20000000000005,1399.450646,2.206584918,-0.868146151,1429.208738,0.335386408,0.285721243,14.4,15.358092000000033,1.87119851
407.3,1399.666888,2.119921663,-0.865118962,1429.242668,0.364404448,0.333357831,14.4,15.175780000000122,1.755517215
407.40000000000003,1399.874479,2.033561126,-0.862091772,1429.278932,0.398797487,0.393221247,14.4,15.004452999999875,1.634763639
407.5,1400.073449,1.947503308,-0.859064583,1429.318395,0.439788209,0.464971859,14.4,14.844946000000027,1.507715099
407.6,1400.263829,1.86174821,-0.856037393,1429.362083,0.488599298,0.546911494,14.4,14.698253999999997,1.373148912
407.70000000000005,1400.445648,1.77629583,-0.853010204,1429.411022,0.546453435,0.637002349,14.4,14.56537400000011,1.229842395
407.8,1400.618936,1.691146169,-0.849652792,1429.46624,0.614369524,0.733206619,14.4,14.447303999999894,1.076776645
407.90000000000003,1400.783725,1.606299227,-0.844314046,1429.528763,0.692551344,0.833486498,14.4,14.345038000000022,0.9137478830000001
408.0,1400.940045,1.521755004,-0.835012633,1429.599618,0.780998896,0.935804182,14.4,14.259572999999909,0.740756108
408.1,1401.087925,1.437711633,-0.819767217,1429.67983,0.879712181,1.0384615,14.4,14.191904999999997,0.5579994519999999
408.20000000000005,1401.227396,1.355159782,-0.796596466,1429.770427,0.988691197,1.141118819,14.4,14.143030999999928,0.3664685850000001
408.3,1401.358489,1.27528825,-0.763519045,1429.872436,1.107935944,1.243776137,14.4,14.113947000000143,0.16735230599999995
408.40000000000003,1401.481233,1.199285839,-0.718883842,1429.986882,1.237446424,1.346433455,14.4,14.105648999999948,-0.03816058499999997
408.5,1401.595817,1.128341347,-0.662360636,1430.114792,1.377222635,1.449090773,14.4,14.118975000000182,-0.24888128799999998
408.6,1401.703064,1.063643577,-0.594279648,1430.257193,1.527264579,1.551748092,14.4,14.154128999999875,-0.463621002
408.70000000000005,1401.803956,1.006381328,-0.516291991,1430.415112,1.687572254,1.65440541,14.4,14.211155999999937,-0.681190926
408.8,1401.899474,0.9577434,-0.430378998,1430.589575,1.858145661,1.756962145,14.4,14.290100999999913,-0.900402261
408.90000000000003,1401.990598,0.918720461,-0.338522003,1430.781608,2.038984799,1.858915383,14.4,14.391009999999914,-1.1202643380000001
409.0,1402.078311,0.889510644,-0.24270234,1430.992239,2.23008967,1.959661625,14.4,14.513927999999941,-1.340579026
409.1,1402.163594,0.870113949,-0.144901343,1431.222494,2.431399922,2.058597374,14.4,14.658899999999994,-1.5612859730000002
409.20000000000005,1402.247427,0.860530375,-0.046770124,1431.473398,2.642613808,2.155119132,14.4,14.825971000000072,-1.7820834330000002
409.3,1402.330793,0.860759924,0.051361095,1431.74598,2.863369229,2.248623402,14.4,15.015186999999832,-2.002609305
409.40000000000003,1402.414673,0.870802594,0.149492315,1432.041265,3.093304085,2.338607269,14.4,15.226592000000073,-2.222501491
409.5,1402.500047,0.890658387,0.247623534,1432.360232,3.332056279,2.42497015,14.4,15.460185000000001,-2.4413978920000003
409.6,1402.587898,0.920327301,0.345754753,1432.703666,3.579263711,2.507812627,14.4,15.715768000000116,-2.65893641
409.70000000000005,1402.679206,0.959809338,0.443885972,1433.072304,3.834564284,2.587637616,14.4,15.993098000000009,-2.874754946
409.8,1402.774953,1.009104496,0.542017191,1433.466882,4.097595898,2.665048614,14.4,16.291928999999847,-3.088491402
409.90000000000003,1402.87612,1.068212776,0.64022737,1433.888139,4.368056805,2.740649119,14.4,16.61201900000001,-3.299844029
410.0,1402.983689,1.137134178,0.738911306,1434.336809,4.645886654,2.815042629,14.4,16.95311999999999,-3.5087524759999997
410.1,1403.098641,1.215868702,0.838542756,1434.813631,4.931085447,2.888832641,14.4,17.314989999999945,-3.715216745
410.20000000000005,1403.221956,1.304463723,0.939595477,1435.319342,5.223653183,2.96252207,14.4,17.697385999999916,-3.9191894599999997
410.3,1403.354617,1.403156121,1.042543226,1435.854678,5.523589861,3.036211499,14.4,18.10006099999996,-4.120433739999999
410.40000000000003,1403.497605,1.512230149,1.147859761,1436.420375,5.830895482,3.109900928,14.4,18.522769999999902,-4.318665333
410.5,1403.651901,1.631970062,1.255939878,1437.017172,6.145570047,3.183590357,14.4,18.965271000000122,-4.513599985
410.6,1403.818524,1.762660114,1.366862538,1437.645805,6.467613554,3.257279786,14.4,19.427281000000086,-4.70495344
410.70000000000005,1403.998645,1.904584558,1.48054878,1438.30701,6.797026004,3.330969215,14.4,19.908365000000096,-4.892441446
410.8,1404.193473,2.05802765,1.596603808,1439.001526,7.133807397,3.404012247,14.4,20.408052999999974,-5.075779747
410.90000000000003,1404.404217,2.223273644,1.714553864,1439.730087,7.477957733,3.473176897,14.4,20.925869999999897,-5.254684089
411.0,1404.632084,2.400559417,1.833925191,1440.493433,7.829477012,3.534584781,14.4,21.46134900000002,-5.428917595
411.1,1404.878285,2.589932347,1.954244032,1441.292298,8.187977395,3.584357518,14.4,22.01401300000007,-5.598045048000001
411.20000000000005,1405.144027,2.791392432,2.07503663,1442.127421,8.551519692,3.618616725,14.4,22.583393999999863,-5.760127259999999
411.3,1405.43052,3.004939673,2.195908188,1442.999538,8.917776873,3.63348402,14.4,23.169018000000143,-5.912837199999999
411.40000000000003,1405.738972,3.230574069,2.316779745,1443.909387,9.284421908,3.625727416,14.4,23.770414999999822,-6.053847839
411.5,1406.070591,3.468295622,2.437651303,1444.857392,9.649127768,3.594700517,14.4,24.38680099999997,-6.180832146
411.6,1406.426587,3.71810433,2.558522861,1445.842741,10.00956742,3.541049721,14.4,25.016154000000007,-6.29146309
411.70000000000005,1406.808168,3.980000194,2.679394419,1446.864309,10.36341384,3.468007012,14.4,25.656141000000027,-6.383413645999999
411.8,1407.216544,4.253983214,2.800265976,1447.92097,10.70834,3.379450773,14.4,26.304425999999786,-6.454356786
411.90000000000003,1407.652922,4.540053389,2.920675473,1449.011601,11.04240671,3.279259386,14.4,26.95867899999994,-6.502353321
412.0,1408.118511,4.83821072,3.038312603,1450.135075,11.36522611,3.171311234,14.4,27.616564000000018,-6.52701539
412.1,1408.61452,5.148455207,3.150404999,1451.290269,11.67679823,3.0594847,14.4,28.275748999999998,-6.528343023
412.20000000000005,1409.142158,5.470509614,3.254180295,1452.476059,11.97712305,2.947011769,14.4,28.93390099999997,-6.506613435999999
412.3,1409.702634,5.802987756,3.346866123,1453.691318,12.26620059,2.834538837,14.4,29.588683999999922,-6.463212834
412.40000000000003,1410.297156,6.144226213,3.427077816,1454.934922,12.54403082,2.722065906,14.4,30.23776599999983,-6.399804607
412.5,1410.926933,6.492561566,3.490252532,1456.205748,12.81061377,2.609592975,14.4,30.878815000000124,-6.318052204
412.6,1411.592951,6.846330394,3.534359627,1457.502669,13.06594942,2.497120044,14.4,31.509717999999886,-6.219619026000001
412.70000000000005,1412.295312,7.204701897,3.564205142,1458.824561,13.31003778,2.384647112,14.4,32.12924899999994,-6.105335883
412.8,1413.033892,7.564661133,3.580188822,1460.1703,13.54287884,2.272174181,14.4,32.736408000000075,-5.978217707
412.90000000000003,1413.808569,7.923603532,3.585083036,1461.53876,13.76447261,2.160302553,14.4,33.33019099999988,-5.840869078000001
413.0,1414.619223,8.282749298,3.580272451,1462.928818,13.97481909,2.052038743,14.4,33.909595000000174,-5.692069792
413.1,1415.465729,8.640674859,3.570781968,1464.339348,14.17391827,1.950990569,14.4,34.473618999999964,-5.533243410999999
413.20000000000005,1416.347968,8.997380216,3.56095254,1465.769225,14.36213095,1.86076585,14.4,35.02125699999997,-5.364750733999999
413.3,1417.265815,9.352865367,3.548750492,1467.217326,14.54126102,1.782990454,14.4,35.551510999999984,-5.188395653000001
413.40000000000003,1418.219151,9.707130314,3.536548443,1468.682524,14.71347318,1.727218049,14.4,36.06337300000005,-5.006342865999999
413.5,1419.207852,10.06017506,3.524346395,1470.163696,14.88093212,1.690509301,14.4,36.55584400000007,-4.82075706
413.6,1420.231796,10.41199959,3.512144346,1471.660005,15.04461336,1.675447462,14.4,37.028208999999926,-4.632613769999999
413.70000000000005,1421.290862,10.76260393,3.499942297,1473.171769,15.2102491,1.681431229,14.4,37.48090699999998,-4.447645170000001
413.8,1422.384927,11.11198805,3.487740249,1474.699597,15.37643653,1.705454087,14.4,37.91466999999998,-4.264448479999999
413.90000000000003,1423.513869,11.46015197,3.475254436,1476.244094,15.5465295,1.745890169,14.4,38.33022499999979,-4.08637753
414.0,1424.677567,11.80709569,3.461066039,1477.805867,15.72233192,1.793185804,14.4,38.72830000000008,-3.9152362299999997
414.1,1425.875899,12.15281921,3.443472474,1479.385525,15.90420457,1.849679027,14.4,39.10962600000003,-3.7513853599999987
414.20000000000005,1427.108741,12.49715225,3.420771156,1480.983673,16.09214746,1.909780067,14.4,39.474931999999946,-3.5949952100000004
414.3,1428.375973,12.83924355,3.391259501,1482.600919,16.28616059,1.970482411,14.4,39.82494600000005,-3.4469170400000007
414.40000000000003,1429.677472,13.17807154,3.353234924,1484.23787,16.48624395,2.031184754,14.4,40.16039799999985,-3.308172409999999
414.5,1431.013117,13.51261467,3.305278607,1485.895133,16.69239754,2.091887098,14.4,40.48201600000002,-3.179782870000002
414.6,1432.382649,13.84185139,3.247106783,1487.573315,16.90462137,2.152589442,14.4,40.79066600000019,-3.0627699800000006
414.70000000000005,1433.785264,14.16476016,3.179003219,1489.273022,17.12291543,2.213291785,14.4,41.08775799999999,-2.958155269999999
414.8,1435.220025,14.48031942,3.102386733,1490.994863,17.34727972,2.273994129,14.4,41.37483799999982,-2.866960299999999
414.90000000000003,1436.68599,14.78750762,3.01895991,1492.739443,17.57771425,2.33410512,14.4,41.65345299999999,-2.79020663
415.0,1438.182222,15.08547347,2.930425335,1494.50737,17.81421902,2.390667996,14.4,41.92514800000013,-2.7287455499999993
415.1,1439.707781,15.37404671,2.838485591,1496.299252,18.05679402,2.438755182,14.4,42.19147099999996,-2.6827473100000017
415.20000000000005,1441.261728,15.65322734,2.744843262,1498.115694,18.30508444,2.478956944,14.4,42.45396600000013,-2.651857100000001
415.3,1442.843123,15.92301536,2.65091717,1499.957304,18.55731622,2.503586786,14.4,42.71418099999992,-2.6343008599999997
415.40000000000003,1444.451027,16.18341077,2.556991078,1501.82469,18.81053283,2.510476054,14.4,42.97366299999985,-2.6271220600000014
415.5,1446.084502,16.43441358,2.463064985,1503.718457,19.06508842,2.496667984,14.4,43.233955000000016,-2.6306748399999975
415.6,1447.742606,16.67602377,2.369138893,1505.63893,19.31637109,2.461571226,14.4,43.49632400000005,-2.64034732
415.70000000000005,1449.424403,16.90824135,2.275212801,1507.585296,19.56307965,2.40715659,14.4,43.76089299999999,-2.654838299999998
415.8,1451.128951,17.13106633,2.181286709,1509.556459,19.80308523,2.33224246,14.4,44.02750799999999,-2.672018900000001
415.90000000000003,1452.855312,17.3444987,2.087360616,1511.551322,20.03425896,2.24451533,14.4,44.296010000000116,-2.68976026
416.0,1454.602547,17.54853845,1.994168416,1513.568791,20.25482679,2.146143855,14.4,44.56624399999996,-2.7062883400000004
416.1,1456.369716,17.7431856,1.905379565,1515.607768,20.46443389,2.040676151,14.4,44.838052000000154,-2.7212482899999983
416.20000000000005,1458.15588,17.92844014,1.825397414,1517.667158,20.66308029,1.931660331,14.4,45.11127799999995,-2.7346401500000006
416.3,1459.960101,18.1047424,1.758625313,1519.745864,20.85076596,1.822053159,14.4,45.38576300000009,-2.746023560000001
416.40000000000003,1461.781437,18.27429407,1.709466611,1521.842792,21.02749092,1.712445988,14.4,45.66135499999982,-2.753196850000002
416.5,1463.618951,18.43973714,1.682324659,1523.956843,21.19325516,1.602838816,14.4,45.93789200000001,-2.7535180200000013
416.6,1465.471703,18.60371364,1.680868914,1526.086923,21.34805868,1.493231644,14.4,46.21522000000014,-2.7443450400000025
416.70000000000005,1467.339106,18.76886557,1.705833269,1528.231935,21.49190149,1.383624472,14.4,46.49282900000012,-2.723035920000001
416.8,1469.221982,18.93783493,1.756483832,1530.390784,21.62478358,1.2740173,14.4,46.768801999999916,-2.686948649999998
416.90000000000003,1471.121506,19.11326375,1.829151144,1532.562372,21.74670495,1.164410129,14.4,47.04086600000014,-2.6334412
417.0,1473.038851,19.29779403,1.919431856,1534.745605,21.8576656,1.055136862,14.4,47.30675400000005,-2.559871570000002
417.1,1474.975193,19.49362744,2.022922617,1536.939386,21.95766554,0.947867028,14.4,47.564193000000024,-2.4640381
417.20000000000005,1476.931705,19.70120433,2.135220078,1539.142618,22.04670476,0.844604057,14.4,47.81091300000012,-2.3455004300000013
417.3,1478.909562,19.92052468,2.251920889,1541.354207,22.1249836,0.747351384,14.4,48.04464500000004,-2.2044589200000004
417.40000000000003,1480.909938,20.15158851,2.369355592,1543.573055,22.19350379,0.658112438,14.4,48.26311700000006,-2.0419152800000013
417.5,1482.934008,20.3943958,2.486790295,1545.798068,22.25346738,0.578890653,14.4,48.46406000000011,-1.8590715799999984
417.6,1484.982946,20.64894656,2.604224997,1548.028147,22.30607643,0.511355555,14.4,48.64520099999991,-1.6571298700000021
417.70000000000005,1487.057926,20.9152408,2.7216597,1550.262359,22.352533,0.455841049,14.4,48.80443300000011,-1.4372922000000017
417.8,1489.160122,21.1932785,2.839094403,1552.500408,22.39403915,0.412013231,14.4,48.94028600000011,-1.2007606499999994
417.90000000000003,1491.29071,21.48305968,2.956529105,1554.74216,22.43179694,0.378202573,14.4,49.051450000000024,-0.9487372600000015
418.0,1493.450862,21.78458433,3.072294886,1556.98748,22.46700842,0.352405644,14.4,49.13661800000009,-0.6824240899999978
418.1,1495.641755,22.09785244,3.178047135,1559.236233,22.50067532,0.33261901,14.4,49.19447799999998,-0.40282287999999866
418.20000000000005,1497.864561,22.42286403,3.259902088,1561.488287,22.53299798,0.316839241,14.4,49.22372599999981,-0.11013395000000159
418.3,1500.120456,22.75861773,3.31945691,1563.743505,22.56397639,0.303062904,14.4,49.22304899999981,0.19464134000000044
418.40000000000003,1502.410613,23.10010679,3.335087372,1566.001754,22.59361056,0.289620473,14.4,49.19114099999988,0.5064962300000033
418.5,1504.736208,23.43900093,3.300650174,1568.262899,22.62190048,0.276178041,14.4,49.12669100000003,0.8171004499999981
418.6,1507.098413,23.77625847,3.207800708,1570.526806,22.64884616,0.262735609,14.4,49.02839300000014,1.1274123099999969
418.70000000000005,1509.497604,24.09890486,3.054870049,1572.793341,22.6744476,0.249293178,14.4,48.895737000000146,1.4244572600000005
418.8,1511.930948,24.40325413,2.847397355,1575.062368,22.6987048,0.235850746,14.4,48.73142000000016,1.704549329999999
418.90000000000003,1514.394813,24.68329816,2.582116535,1577.333754,22.72161775,0.222408314,14.4,48.53894099999989,1.9616804099999996
419.0,1516.885568,24.93302881,2.280651821,1579.607364,22.74318646,0.208965883,14.4,48.32179600000004,2.1898423499999993
419.1,1519.39958,25.14743934,1.949146511,1581.883063,22.76341093,0.195523451,14.4,48.08348299999998,2.384028409999999
419.20000000000005,1521.933216,25.32552839,1.597614138,1584.160718,22.78229115,0.182081019,14.4,47.82750200000019,2.54323724
419.3,1524.482846,25.46729596,1.236068232,1586.440194,22.79982713,0.168638588,14.4,47.55734799999991,2.6674688300000007
419.40000000000003,1527.044836,25.57274204,0.872853404,1588.721356,22.81601887,0.155196156,14.4,47.276519999999984,2.7567231700000008
419.5,1529.615555,25.64186664,0.509638577,1591.004069,22.83086636,0.141753724,14.4,46.98851399999999,2.8110002799999982
419.6,1532.19137,25.67466975,0.146423749,1593.288201,22.84436962,0.128311293,14.4,46.69683100000007,2.8303001300000012
419.70000000000005,1534.76865,25.67115139,-0.216791078,1595.573615,22.85652862,0.114868861,14.4,46.40496500000004,2.8146227699999997
419.8,1537.343762,25.63131154,-0.580005906,1597.860179,22.86734339,0.101426429,14.4,46.11641700000005,2.76396815
419.90000000000003,1539.913073,25.55515021,-0.943220733,1600.147756,22.87681391,0.087983998,14.4,45.83468300000013,2.6783363000000016
420.0,1542.472952,25.44266739,-1.304639239,1602.436214,22.88494019,0.074541566,14.4,45.56326199999999,2.557727200000002
420.1,1545.019767,25.29386309,-1.655279817,1604.725416,22.89172222,0.061099134,14.4,45.305648999999995,2.40214087
420.20000000000005,1547.549886,25.10873731,-1.984364537,1607.01523,22.89716001,0.047656703,14.4,45.06534399999996,2.2115772999999983
420.3,1550.059675,24.88836784,-2.28111547,1609.305521,22.90125356,0.034214271,14.4,44.84584600000003,1.9871142800000001
420.40000000000003,1552.545504,24.63814365,-2.541221903,1611.596153,22.90400287,0.020771839,14.4,44.65064900000002,1.7341407800000006
420.5,1555.00374,24.36453148,-2.734504265,1613.886993,22.90540793,0.007329408,14.4,44.48325299999997,1.459123550000001
420.6,1557.430751,24.07399811,-2.87138259,1616.177907,22.90546875,-0.006113024,14.4,44.347155999999906,1.1685293600000008
420.70000000000005,1559.823767,23.76912995,-2.943593342,1618.468759,22.90418533,-0.019555456,14.4,44.244992,0.8649446199999993
420.8,1562.183467,23.46803476,-2.952932844,1620.759416,22.90155766,-0.032997887,14.4,44.17594900000004,0.5664770999999966
420.90000000000003,1564.511392,23.16553829,-2.908382702,1623.049743,22.89758575,-0.043826513,14.4,44.13835100000015,0.2679525399999996
421.0,1566.809084,22.87198764,-2.814253632,1625.339605,22.89226959,-0.054281738,14.4,44.13052099999991,-0.020281950000001103
421.1,1569.078084,22.59277178,-2.700725203,1627.628869,22.8856092,-0.06273394,14.4,44.15078499999991,-0.29283742000000146
421.20000000000005,1571.319932,22.32896849,-2.559173703,1629.917399,22.87917284,-0.064091526,14.4,44.197466999999826,-0.5502043499999978
421.3,1573.536171,22.08057777,-2.406844274,1632.205062,22.87161628,-0.063955508,14.4,44.26889100000003,-0.7910385099999999
421.40000000000003,1575.728341,21.84759963,-2.252718524,1634.491722,22.86391729,-0.062427252,14.4,44.36338099999998,-1.0163176599999986
421.5,1577.897985,21.63003407,-2.098592773,1636.777246,22.85913083,-0.061918352,14.4,44.479261000000044,-1.229096760000001
421.6,1580.046642,21.42788108,-1.944467023,1639.0615,22.85389629,-0.058506543,14.4,44.614858000000005,-1.4260152100000028
421.70000000000005,1582.175855,21.24114066,-1.790341273,1641.344347,22.84821367,-0.056826239,14.4,44.768492000000016,-1.6070730100000006
