t,x_follower,v_follower,a_follower,x_leader,v_leader,a_leader,leader_length,spacing,dv
591.3000000000001,66.20170129,22.39818895,-0.664389626,109.2929992,21.57110115,-1.174128824,15.3,27.791297909999994,0.827087800000001
591.4,68.46177426,22.33174999,-0.666404547,111.4439796,21.4542065,-1.163764055,15.3,27.682205340000007,0.8775434899999972
591.5,70.70823705,22.26584834,-0.79243174,113.5833223,21.33834833,-1.153399286,15.3,27.57508525000001,0.9275000100000028
591.6,72.94125086,22.200484,-0.872867786,115.711131,21.22352664,-1.143034518,15.3,27.469880139999997,0.9769573600000001
591.7,75.16097687,22.13162713,-0.978450147,117.8275094,21.10974143,-1.132669749,15.3,27.366532529999997,1.0218856999999986
591.8000000000001,77.36757628,22.00197308,-1.070599699,119.9325611,20.99699269,-1.12230498,15.3,27.264984820000006,1.00498039
591.9,79.56121029,21.87446828,-1.168346254,122.0263897,20.88528043,-1.111940211,15.3,27.16517940999999,0.9891878499999969
592.0,81.74204009,21.74911273,-1.254898802,124.1090989,20.77460465,-1.101575443,15.3,27.067058810000002,0.9745080799999997
592.1,83.91022687,21.62348852,-1.243145094,126.1807924,20.66496535,-1.091210674,15.3,26.97056553,0.9585231699999994
592.2,86.06593182,21.49947625,-1.228928705,128.2415737,20.55636252,-1.080845905,15.3,26.87564188,0.9431137300000003
592.3000000000001,88.20931615,21.37707591,-1.215943656,130.2915466,20.44879617,-1.070481137,15.3,26.782230449999997,0.9282797399999971
592.4,90.34054104,21.25628752,-1.199824285,132.3308147,20.34226629,-1.060116368,15.3,26.690273659999985,0.9140212299999995
592.5,92.45976768,21.13711106,-1.183704914,134.3594817,20.23677289,-1.049751599,15.3,26.599714020000004,0.9003381699999977
592.6,94.56715728,21.01954653,-1.167585543,136.3776511,20.13231597,-1.03938683,15.3,26.510493820000004,0.887230559999999
592.7,96.66287102,20.90359395,-1.151466173,138.3854266,20.02889553,-1.028993181,15.3,26.42255557999999,0.8746984200000014
592.8000000000001,98.7470701,20.7892533,-1.135346802,140.3829119,19.92651156,-1.01842625,15.3,26.335841800000008,0.862741739999997
592.9,100.8199157,20.67652459,-1.119227431,142.3702107,19.82516407,-1.007512756,15.3,26.250295000000005,0.8513605200000001
593.0,102.8815691,20.56540781,-1.10310806,144.3474265,19.72487038,-0.996079415,15.3,26.165857400000018,0.8405374300000013
593.1,104.9321913,20.45590298,-1.086988689,146.3146631,19.62571714,-0.983952947,15.3,26.08247179999999,0.8301858400000022
593.2,106.9719437,20.34801008,-1.070869318,148.272024,19.52780832,-0.97096007,15.3,26.00008029999999,0.8202017600000033
593.3000000000001,109.0009874,20.24172911,-1.054749947,150.2196129,19.43124788,-0.956956381,15.3,25.918625499999987,0.8104812300000006
593.4,111.0194835,20.13706009,-1.038630576,152.1575474,19.33613979,-0.941913001,15.3,25.83806389999999,0.8009202999999978
593.5,113.0275934,20.034003,-1.022511206,154.0860003,19.24258803,-0.92585881,15.3,25.758406899999994,0.7914149699999982
593.6,115.0254782,19.93255785,-1.006391835,156.0051586,19.15069655,-0.908938209,15.3,25.67968039999999,0.7818612999999992
593.7,117.013299,19.83272463,-0.990272464,157.915209,19.06056934,-0.891324481,15.3,25.60191,0.7721552900000006
593.8000000000001,118.9912171,19.73450335,-0.974153093,159.8163383,18.97229303,-0.873190907,15.3,25.52512120000001,0.7622103200000012
593.9,120.9593937,19.63789401,-0.958033722,161.7087335,18.88588495,-0.854710769,15.3,25.449339799999986,0.7520090599999989
594.0,122.91799,19.54289661,-0.941914351,163.5925812,18.8013451,-0.836057349,15.3,25.37459120000001,0.7415515100000007
594.1,124.8671671,19.44951114,-0.92579498,165.4680684,18.71867348,-0.817375049,15.3,25.30090129999999,0.7308376599999988
594.2,126.8070862,19.35773761,-0.90967561,167.3353818,18.63787009,-0.798692749,15.3,25.228295599999992,0.7198675200000011
594.3000000000001,128.7379086,19.26757602,-0.893556239,169.1947083,18.55893493,-0.780010449,15.3,25.156799700000004,0.7086410900000004
594.4,130.6597955,19.17902636,-0.877436868,171.0462347,18.481868,-0.761328149,15.3,25.08643920000001,0.6971583600000031
594.5,132.5729079,19.09208865,-0.861317497,172.8901478,18.4066693,-0.742645849,15.3,25.017239900000003,0.6854193500000001
594.6,134.4774072,19.00676287,-0.845198126,174.7266344,18.33333883,-0.723963549,15.3,24.949227200000006,0.6734240400000004
594.7,136.3734545,18.92304902,-0.829078755,176.5558814,18.26187659,-0.705281249,15.3,24.882426899999995,0.6611724300000006
594.8000000000001,138.261211,18.84094711,-0.812931924,178.3780756,18.19228258,-0.686617005,15.3,24.816864599999985,0.6486645299999978
594.9,140.140838,18.76045714,-0.796620331,180.1934038,18.1245568,-0.668061099,15.3,24.752565799999996,0.6359003399999992
595.0,142.0124965,18.68157911,-0.779979215,182.0020529,18.05869925,-0.649721866,15.3,24.689556399999997,0.6228798600000012
595.1,143.8763478,18.60432949,-0.762843813,183.8042096,17.9946991,-0.631707644,15.3,24.627861800000016,0.6096303900000031
595.2,145.7325531,18.52879067,-0.745049365,185.6000607,17.93250217,-0.61412677,15.3,24.56750760000001,0.5962885
595.3000000000001,147.5812736,18.45506149,-0.726431108,187.3897932,17.87204347,-0.597087581,15.3,24.50851960000001,0.5830180199999973
595.4,149.4226705,18.38324083,-0.706851741,189.1735938,17.813258,-0.580680358,15.3,24.45092329999998,0.5699828299999972
595.5,151.2569181,18.31342753,-0.686283804,190.9516407,17.75608074,-0.564923157,15.3,24.394722600000005,0.5573467899999969
595.6,153.0842436,18.24572045,-0.664754757,192.7240774,17.7004467,-0.549797921,15.3,24.33983379999999,0.5452737499999998
595.7,154.9048872,18.18021845,-0.642401901,194.4910386,17.64629088,-0.535214371,15.3,24.286151400000005,0.533927570000003
595.8000000000001,156.7190892,18.11702038,-0.619389998,196.2526593,17.59354828,-0.521064168,15.3,24.23357009999999,0.5234720999999993
595.9,158.5270899,18.05620864,-0.59588381,198.0090742,17.54216472,-0.507238977,15.3,24.181984299999993,0.5140439200000024
596.0,160.3291295,17.99779969,-0.572048099,199.7604181,17.49212937,-0.493630459,15.3,24.131288600000016,0.5056703200000001
596.1,162.1254484,17.94179353,-0.548047626,201.5068259,17.44344224,-0.480130278,15.3,24.081377499999984,0.4983512900000022
596.2,163.9162868,17.88819016,-0.524019692,203.2484324,17.39610332,-0.466648154,15.3,24.032145600000018,0.4920868399999989
596.3000000000001,165.701885,17.83698959,-0.499991759,204.9853725,17.35011261,-0.45316603,15.3,23.983487500000006,0.4868769800000017
596.4,167.4824833,17.78819181,-0.475963825,206.7177809,17.30547011,-0.439683905,15.3,23.935297599999995,0.48272169999999903
596.5,169.258322,17.74179682,-0.451935892,208.4457924,17.26217583,-0.426201781,15.3,23.887470399999994,0.4796209900000008
596.6,171.0296413,17.69780463,-0.427907959,210.1695419,17.22022976,-0.412719656,15.3,23.839900600000004,0.47757487000000154
596.7,172.7966815,17.65621523,-0.403880025,211.8891642,17.1796319,-0.399237532,15.3,23.792482700000004,0.4765833300000004
596.8000000000001,174.5596829,17.61702863,-0.379834733,213.6047942,17.14038225,-0.38572973,15.3,23.745111299999973,0.4766463800000018
596.9,176.3188859,17.58024481,-0.355685285,215.3165666,17.10248081,-0.372067865,15.3,23.69768069999999,0.4777640000000005
597.0,178.0745305,17.54586379,-0.331327526,217.0246162,17.06592759,-0.358097872,15.3,23.650085699999988,0.47993619999999737
597.1,179.8268572,17.51389598,-0.3066573,218.729078,17.03073799,-0.343665688,15.3,23.60222079999998,0.48315799000000226
597.2,181.5761062,17.48439346,-0.281570453,220.4300867,16.99698904,-0.328617249,15.3,23.553980500000005,0.4874044200000007
597.3000000000001,183.3225178,17.45741872,-0.255962829,222.127777,16.96477317,-0.312798492,15.3,23.505259199999994,0.4926455499999989
597.4,185.0663323,17.43303425,-0.229747631,223.822284,16.93418284,-0.296081029,15.3,23.455951699999996,0.49885141000000033
597.5,186.8077983,17.41130254,-0.202907501,225.5137546,16.90531046,-0.278439185,15.3,23.405956299999996,0.5059920800000022
597.6,188.5471977,17.3922861,-0.175459797,227.2023854,16.8782485,-0.259898635,15.3,23.3551877,0.5140375999999982
597.7,190.2848208,17.37604741,-0.147491315,228.8883851,16.85308937,-0.240587767,15.3,23.303564299999987,0.5229580400000025
597.8000000000001,192.0209579,17.36264896,-0.119106212,230.5719625,16.82992553,-0.220660644,15.3,23.251004599999998,0.5327234300000008
597.9,193.7558992,17.35214284,-0.090408643,232.2533264,16.80883399,-0.20027133,15.3,23.197427200000003,0.543308849999999
598.0,195.4899351,17.34453946,-0.061502763,233.9326855,16.78983018,-0.179573889,15.3,23.142750399999994,0.5547092800000009
598.1,197.2233558,17.33983881,-0.032492727,235.6102485,16.77291408,-0.158722384,15.3,23.086892700000003,0.5669247300000002
598.2,198.9564515,17.33804091,-0.003465332,237.2862244,16.7580857,-0.137845201,15.3,23.029772900000022,0.5799552100000014
598.3000000000001,200.6895126,17.33914575,0.025562063,238.9608218,16.74534504,-0.116968019,15.3,22.97130919999999,0.59380071
598.4,202.4228293,17.34315332,0.054589458,240.6342496,16.7346921,-0.096090836,15.3,22.911420300000014,0.6084612199999988
598.5,204.1566919,17.35006364,0.083616853,242.3067164,16.72612687,-0.075213654,15.3,22.8500245,0.6239367699999967
598.6,205.8913906,17.35987669,0.112644248,243.9784311,16.71964936,-0.054336471,15.3,22.7870405,0.6402273300000019
598.7,207.6272158,17.37259249,0.141671642,245.6496024,16.71525958,-0.033459289,15.3,22.722386600000004,0.6573329099999974
598.8000000000001,209.3644578,17.38821102,0.170699037,247.3204391,16.71295751,-0.012582106,15.3,22.65598129999999,0.675253510000001
598.9,211.1034067,17.4067323,0.19940895,248.99115,16.71274316,0.008324687,15.3,22.58774330000001,0.6939891400000029
599.0,212.8443529,17.42815631,0.22621397,250.6619439,16.71461652,0.029409149,15.3,22.51759100000002,0.7135397899999987
599.1,214.5875866,17.45248306,0.24747046,252.3330295,16.71857761,0.050848945,15.3,22.4454429,0.7339054499999982
599.2,216.3333981,17.47952206,0.266489759,254.0046156,16.72464418,0.072821743,15.3,22.371217499999982,0.7548778800000022
599.3000000000001,218.0820777,17.50832087,0.276150742,255.6769109,16.73290507,0.095505211,15.3,22.29483319999998,0.7754157999999975
599.4,219.8339157,17.5366933,0.27628726,257.3501243,16.74346687,0.119077016,15.3,22.216208599999998,0.7932264300000007
599.5,221.5892023,17.56662615,0.265311903,259.0244645,16.7564362,0.143685214,15.3,22.13526220000001,0.8101899500000016
599.6,223.3480754,17.59384675,0.242907188,260.7001545,16.77191965,0.169359417,15.3,22.052079099999997,0.8219270999999999
599.7,225.1100634,17.61825542,0.211129341,262.3774741,16.79002382,0.196070013,15.3,21.96741069999997,0.8282316000000023
599.8000000000001,226.8745421,17.63870921,0.166349541,264.0567174,16.81085531,0.223668947,15.3,21.88217530000001,0.8278538999999974
599.9,228.6408875,17.65406518,0.115688914,265.7381784,16.83452072,0.25197855,15.3,21.79729089999999,0.8195444599999995
600.0,230.4084755,17.6633709,0.059313607,267.4221513,16.86110888,0.280821155,15.3,21.713675799999987,0.8022620200000006
600.1,232.176682,17.66643588,-0.000871485,269.10893,16.89063757,0.310019095,15.3,21.632247999999986,0.7757983100000025
600.2,233.944883,17.6632601,-0.062961471,270.7988085,16.92310678,0.339394703,15.3,21.553925500000002,0.7401533199999974
600.3000000000001,235.7124544,17.65384358,-0.125368938,272.4920811,16.95851651,0.368799922,15.3,21.479626699999994,0.6953270700000012
600.4,237.4787721,17.63818631,-0.187776406,274.1890416,16.99686676,0.398205141,15.3,21.41026950000001,0.6413195499999986
600.5,239.2432121,17.6162883,-0.250183873,275.8899841,17.03815754,0.42761036,15.3,21.346771999999998,0.5781307600000005
600.6,241.0051502,17.58814954,-0.312591341,277.5952028,17.08238883,0.457015578,15.3,21.290052599999978,0.5057607100000006
600.7,242.7639624,17.55377003,-0.374998808,279.3049917,17.12956065,0.486420797,15.3,21.24102930000002,0.42420938000000064
600.8000000000001,244.5190246,17.51314978,-0.437406276,281.0196447,17.17967299,0.515826016,15.3,21.20062010000002,0.33347678999999886
600.9,246.2697127,17.46628878,-0.498986639,282.739456,17.23272586,0.545231235,15.3,21.169743300000004,0.23356292000000067
601.0,248.0154027,17.41318703,-0.555604375,284.4647196,17.28871924,0.574463761,15.3,21.149316900000013,0.12446779000000063
601.1,249.7554705,17.35384453,-0.598625567,286.1957296,17.34765315,0.602660133,15.3,21.14025909999999,0.006191380000000635
601.2,251.489292,17.28875756,-0.634101462,287.93278,17.40952758,0.628784194,15.3,21.143487999999973,-0.12077001999999837
601.3000000000001,253.2162431,17.22040741,-0.646055559,289.6761648,17.47423891,0.651799792,15.3,21.159921699999966,-0.25383150000000043
601.4,254.9356998,17.15397444,-0.633196523,291.4261782,17.54126907,0.670670769,15.3,21.19047839999997,-0.38729462999999953
601.5,256.647038,17.0858279,-0.591388832,293.1831142,17.60999637,0.684360972,15.3,21.236076199999967,-0.5241684699999993
601.6,258.3500306,17.02555369,-0.519805381,294.9472668,17.67979912,0.692006938,15.3,21.297236199999997,-0.6542454299999996
601.7,260.0460386,16.97392662,-0.422944566,296.7188471,17.75005561,0.693435975,15.3,21.37280850000003,-0.7761289900000001
601.8000000000001,261.73682,16.93392426,-0.293928035,298.4977349,17.82014416,0.688820776,15.3,21.460914899999988,-0.8862199000000004
601.9,263.4241328,16.90852418,-0.148732289,300.2837267,17.88944307,0.679024801,15.3,21.559593899999992,-0.9809188899999981
602.0,265.1097349,16.9002077,0.011351336,302.0766193,17.95733066,0.665084207,15.3,21.666884400000026,-1.057122960000001
602.1,266.7953844,16.90947108,0.181360215,303.8762093,18.02328884,0.648035149,15.3,21.780824900000038,-1.1138177599999999
602.2,268.4828392,16.93631432,0.356331721,305.6822935,18.087214,0.628913781,15.3,21.899454300000013,-1.1508996799999984
602.3000000000001,270.1738573,16.98073742,0.532130331,307.4946686,18.14910613,0.608756258,15.3,22.020811300000002,-1.1683687099999993
602.4,271.8701968,17.04274039,0.707928941,309.3131313,18.20896525,0.588426042,15.3,22.142934500000035,-1.1662248599999998
602.5,273.5736155,17.12232321,0.88372755,311.1374782,18.26679134,0.568095826,15.3,22.263862699999958,-1.14446813
602.6,275.2858715,17.2194859,1.05952616,312.9675061,18.32258441,0.547765611,15.3,22.381634599999995,-1.1030985100000024
602.7,277.0087227,17.33422844,1.23532477,314.8030116,18.37634446,0.527435395,15.3,22.49428889999997,-1.0421160199999981
602.8000000000001,278.7439272,17.46655085,1.41112338,316.6437915,18.42807149,0.507105179,15.3,22.599864300000046,-0.9615206399999998
602.9,280.493243,17.61645312,1.58692199,318.4896424,18.4777655,0.486774964,15.3,22.696399399999972,-0.8613123800000011
603.0,282.2584279,17.78393525,1.761425518,320.3403611,18.52542649,0.466671908,15.3,22.78193319999998,-0.741491240000002
603.1,284.0412401,17.96899724,1.928158554,322.1957442,18.57105445,0.447931808,15.3,22.854504099999996,-0.6020572099999981
603.2,285.8434374,18.17163909,2.079350605,324.0555885,18.61464939,0.433015374,15.3,22.91215109999997,-0.44301030000000097
603.3000000000001,287.666778,18.39108375,2.20723118,325.9196906,18.65634761,0.419992303,15.3,22.9529126,-0.265263860000001
603.4,289.5130197,18.62344598,2.304029787,327.7878472,18.69683058,0.413518811,15.3,22.974827500000014,-0.07338460000000069
603.5,291.3839205,18.86406348,2.361975933,329.6598551,18.73757472,0.413860101,15.3,22.975934600000027,0.1264887599999973
603.6,293.2812385,19.10827396,2.374594208,331.535511,18.77742187,0.42215197,15.3,22.954272500000013,0.33085208999999693
603.7,295.20611,19.35141511,2.34058953,333.4147205,18.81916574,0.438621577,15.3,22.908610499999963,0.5322493700000024
603.8000000000001,297.1571847,19.58882465,2.261256982,335.2978255,18.86296545,0.46194401,15.3,22.84064079999997,0.7258591999999986
603.9,299.1324909,19.81584028,2.143071973,337.1852771,18.90963879,0.494276732,15.3,22.752786200000013,0.9062014900000008
604.0,301.1300566,20.0277997,1.993804996,339.077526,18.96000352,0.530963525,15.3,22.647469399999988,1.0677961799999984
604.1,303.1479101,20.22081767,1.821226542,340.9750232,19.01474113,0.571739189,15.3,22.52711310000002,1.206076539999998
604.2,305.1840794,20.39411714,1.633107104,342.8782196,19.07398791,0.615240765,15.3,22.39414020000005,1.3201292299999992
604.3000000000001,307.2365927,20.54769811,1.437217173,344.7875662,19.13774385,0.660105297,15.3,22.250973499999997,1.4099542599999992
604.4,309.3034783,20.68156058,1.240032161,346.7035138,19.20600897,0.705196989,15.3,22.1000355,1.4755516100000001
604.5,311.3827641,20.79570454,1.042847149,348.6265134,19.27878325,0.750288681,15.3,21.943749300000047,1.516921289999999
604.6,313.4724784,20.89013001,0.845662137,350.5570159,19.3560667,0.795380372,15.3,21.78453750000001,1.5340633100000005
604.7,315.5706494,20.96483697,0.648477124,352.4954721,19.43785932,0.840472064,15.3,21.624822699999992,1.5269776499999992
604.8000000000001,317.6753051,21.01982543,0.451292112,354.4423331,19.52416111,0.885563756,15.3,21.46702799999998,1.4956643199999995
604.9,319.7844737,21.05509539,0.2541071,356.3980498,19.61497207,0.930655448,15.3,21.313576100000045,1.4401233200000014
605.0,321.8961834,21.07064685,0.058051761,358.363073,19.7102922,0.97574714,15.3,21.1668896,1.360354649999998
605.1,324.0084623,21.06647981,-0.131225536,360.3378536,19.8101215,1.020699145,15.3,21.029391299999997,1.2563583099999995
605.2,326.1193386,21.04259427,-0.306946752,362.3228427,19.91445997,1.064813035,15.3,20.90350410000003,1.1281342999999993
605.3000000000001,328.2268404,20.99966802,-0.462333844,364.318491,20.02330761,1.107250692,15.3,20.79165059999998,0.9763604100000016
605.4,330.3289959,20.94109011,-0.590608773,366.3252496,20.1365806,1.147174001,15.3,20.69625370000001,0.8045095100000026
605.5,332.4238332,20.87092734,-0.684993496,368.3435693,20.2538599,1.183744844,15.3,20.619736100000022,0.6170674400000031
605.6,334.5093805,20.79324654,-0.739839646,370.3739011,20.37464262,1.216125107,15.3,20.56452059999999,0.4186039199999989
605.7,336.5842081,20.71211454,-0.75401755,372.4166959,20.4984259,1.243616359,15.3,20.532487799999966,0.21368864000000087
605.8000000000001,338.6490555,20.63159817,-0.728656881,374.4723375,20.62470688,1.266078914,15.3,20.523282000000005,0.006891289999998662
605.9,340.7052042,20.55576424,-0.669406007,376.5409416,20.75298267,1.283652457,15.3,20.53573739999997,-0.19721843000000305
606.0,342.7539358,20.48867958,-0.583042968,378.6225568,20.88275042,1.29703542,15.3,20.56862099999996,-0.39407084000000125
606.1,344.7965321,20.43373321,-0.476345807,380.7172318,21.01350724,1.307065917,15.3,20.6206997,-0.5797740299999994
606.2,346.8342744,20.39160294,-0.356092563,382.8250151,21.14483409,1.314582067,15.3,20.690740699999946,-0.7532311500000013
606.3000000000001,348.8684446,20.36228876,-0.229061278,384.9459555,21.27664715,1.320421983,15.3,20.77751090000005,-0.9143583900000003
606.4,350.9003241,20.34579068,-0.10090032,387.0801015,21.40894643,1.325423784,15.3,20.879777400000034,-1.06315575
606.5,352.9311947,20.3421087,0.027260638,389.2275017,21.54173191,1.330285899,15.3,20.996307000000012,-1.1996232099999986
606.6,354.9623378,20.35124281,0.155421597,391.3882047,21.67500361,1.335148013,15.3,21.125866900000016,-1.3237608000000023
606.7,356.9950352,20.37319302,0.283582555,393.5622593,21.80876151,1.340010128,15.3,21.267224099999975,-1.4355684900000014
606.8000000000001,359.0305684,20.40795932,0.411743513,395.7497139,21.94300563,1.344872242,15.3,21.419145500000024,-1.5350463099999985
606.9,361.070219,20.45554172,0.539904471,397.9506173,22.07773596,1.349734357,15.3,21.580398299999967,-1.622194239999999
607.0,363.1152687,20.51594022,0.668065429,400.165018,22.2129525,1.354596471,15.3,21.749749299999973,-1.6970122799999992
607.1,365.166999,20.58915481,0.795616149,402.3929647,22.34865526,1.358513175,15.3,21.925965700000017,-1.7595004500000009
607.2,367.2266916,20.67518549,0.919505435,404.634506,22.48484422,1.362294819,15.3,22.107814400000006,-1.8096587299999989
607.3000000000001,369.2956281,20.77403228,1.036071856,406.8896904,22.6215194,1.364199617,15.3,22.294062300000018,-1.8474871200000003
607.4,371.37509,20.88532901,1.141653979,409.1585667,22.75811354,1.362232906,15.3,22.483476699999994,-1.8727845300000006
607.5,373.466359,21.00724498,1.235461194,411.4411835,22.89511285,1.355836685,15.3,22.67482450000001,-1.887867870000001
607.6,375.5707168,21.13758333,1.305219596,413.7375893,23.03147227,1.343903578,15.3,22.86687250000001,-1.89388894
607.7,377.6894448,21.27414719,1.356490465,416.0478328,23.165995,1.326271618,15.3,23.05838799999999,-1.891847809999998
607.8000000000001,379.8235319,21.41646221,1.385792736,418.371874,23.29834623,1.301023077,15.3,23.248342100000013,-1.881884020000001
607.9,381.972795,21.55716403,1.393736649,420.7093187,23.42786154,1.268976927,15.3,23.436523699999963,-1.8706975099999994
608.0,384.1367583,21.69922329,1.383373398,423.0596838,23.55387651,1.231943269,15.3,23.62292550000002,-1.8546532199999994
608.1,386.3149458,21.83872062,1.355493591,425.4224864,23.6757267,1.190480102,15.3,23.80754060000005,-1.8370060799999983
608.2,388.5068818,21.97382532,1.322371134,427.7972437,23.79285843,1.145694804,15.3,23.99036190000005,-1.8190331099999995
608.3000000000001,390.7120903,22.10417123,1.279054987,430.1834727,23.90516096,1.09869475,15.3,24.17138239999998,-1.8009897300000013
608.4,392.9300954,22.22975837,1.232077408,432.5806905,24.01263429,1.05058732,15.3,24.350595099999975,-1.7828759200000022
608.5,395.1604213,22.35058671,1.184489589,434.9884142,24.11527843,1.002295327,15.3,24.527992900000026,-1.7646917199999983
608.6,397.4025921,22.46665628,1.136901771,437.4061608,24.21309336,0.954003333,15.3,24.703568700000016,-1.7464370799999998
608.7,399.656132,22.57796707,1.089313952,439.8334474,24.30607909,0.90571134,15.3,24.877315399999997,-1.728112020000001
608.8000000000001,401.920565,22.68451907,1.041726134,442.2697912,24.39423563,0.857419347,15.3,25.049226199999975,-1.7097165600000004
608.9,404.1954152,22.7863123,0.994138315,444.7147092,24.47756296,0.809127353,15.3,25.219294,-1.6912506600000015
609.0,406.4802068,22.88334674,0.946550497,447.1677184,24.5560611,0.76083536,15.3,25.387511599999993,-1.6727143600000005
609.1,408.7744639,22.9756224,0.898998153,449.628336,24.62973003,0.712543367,15.3,25.55387209999999,-1.6541076300000022
609.2,411.0777107,23.06313927,0.851658657,452.096079,24.69856977,0.664086797,15.3,25.718368299999963,-1.6354304999999982
609.3000000000001,413.3894712,23.14589737,0.804744856,454.5704645,24.76258031,0.614642772,15.3,25.88099330000001,-1.6166829400000005
609.4,415.7092695,23.22391797,0.758469599,457.0510097,24.82176165,0.563223833,15.3,26.041740200000003,-1.5978436800000004
609.5,418.0366299,23.29730749,0.713045732,459.5372315,24.87601504,0.508842526,15.3,26.200601600000038,-1.5787075499999972
609.6,420.3710764,23.36619365,0.668686104,462.028647,24.92484676,0.450511393,15.3,26.357570599999985,-1.5586531100000016
609.7,422.7121331,23.43070415,0.625568088,464.5247734,24.96766433,0.387242978,15.3,26.512640299999997,-1.5369601800000012
609.8000000000001,425.0593412,23.49096671,0.583727158,467.0251277,25.00387529,0.318214401,15.3,26.665786499999978,-1.5129085800000013
609.9,427.4123099,23.54710903,0.54312784,469.529148,25.03288714,0.243261086,15.3,26.816838099999995,-1.4857781099999983
610.0,429.7706656,23.59925882,0.503592761,472.0359564,25.05410743,0.162547609,15.3,26.965290800000002,-1.454848609999999
610.1,432.1340345,23.64754379,0.464909073,474.544596,25.06694368,0.07689685,15.3,27.110561500000028,-1.419399890000001
610.2,434.5020429,23.69207035,0.426863928,477.0541099,25.07080341,-0.012703735,15.3,27.25206700000002,-1.3787330599999983
610.3000000000001,436.8743171,23.73285981,0.389244478,479.5635412,25.0651929,-0.105266688,15.3,27.38922409999999,-1.3323330899999988
610.4,439.2504834,23.76991216,0.351837876,482.071933,25.0500134,-0.199804554,15.3,27.521449599999993,-1.2801012400000005
610.5,441.6301681,23.80322739,0.314466748,484.5783284,25.0252649,-0.295329877,15.3,27.648160299999983,-1.2220375099999998
610.6,444.0129975,23.8328055,0.277095621,487.0817704,24.99094742,-0.391019775,15.3,27.7687729,-1.158141920000002
610.7,446.3985978,23.85864651,0.239724494,489.5813023,24.94706095,-0.486709674,15.3,27.8827045,-1.088414440000001
610.8000000000001,448.7865953,23.8807504,0.202353366,492.0759671,24.89360549,-0.582399573,15.3,27.989371800000026,-1.0128550899999986
610.9,451.1766164,23.89911718,0.164982239,494.5648079,24.83058103,-0.678089471,15.3,28.088191500000004,-0.9314638500000001
611.0,453.5682873,23.91374685,0.127611111,497.0468678,24.75798759,-0.77377937,15.3,28.178580499999963,-0.84424074
611.1,455.9612343,23.92463941,0.090239984,499.5211899,24.67582516,-0.869469268,15.3,28.259955600000023,-0.7511857499999977
611.2,458.3550837,23.93179485,0.052756315,501.9868174,24.58409374,-0.964755172,15.3,28.331733699999983,-0.6522988900000009
611.3000000000001,460.7494619,23.93521318,0.014597397,504.4427932,24.48279333,-1.057617109,15.3,28.39333130000001,-0.5475801499999982
611.4,463.1439949,23.93489439,-0.024912019,506.8881605,24.37192392,-1.145631111,15.3,28.44416560000003,-0.4370295300000002
611.5,465.5383093,23.93077097,-0.066447182,509.3219625,24.25172793,-1.22637321,15.3,28.483653200000003,-0.3209569600000002
611.6,467.9320312,23.92250529,-0.11068334,511.7432421,24.12341733,-1.297419439,15.3,28.51121089999999,-0.20091203999999863
611.7,470.3247869,23.90969219,-0.158295744,514.1510426,23.98844649,-1.358872899,15.3,28.52625569999999,-0.07875429999999994
611.8000000000001,472.7162028,23.89192654,-0.209847101,516.544407,23.84826981,-1.401132413,15.3,28.52820419999996,0.04365672999999859
611.9,475.1058511,23.86880317,-0.265449951,518.9225723,23.70434166,-1.43137519,15.3,28.51672119999996,0.16446150999999887
612.0,477.493088,23.83991695,-0.324991754,521.2855512,23.55660019,-1.447478156,15.3,28.492463199999985,0.28331675999999817
612.1,479.8772156,23.80486271,-0.387909802,523.6335504,23.41104848,-1.451461286,15.3,28.45633479999999,0.3938142299999967
612.2,482.2575362,23.76323532,-0.453528845,525.9667764,23.26459221,-1.445748545,15.3,28.409240199999953,0.4986431099999997
612.3000000000001,484.6333518,23.71469714,-0.521173636,528.2854358,23.1199596,-1.430236835,15.3,28.352083999999945,0.594737539999997
612.4,487.0039648,23.65918066,-0.590168925,530.5897353,22.97739304,-1.414931324,15.3,28.285770500000023,0.6817876200000015
612.5,489.3686771,23.59668587,-0.659839463,532.8798814,22.83689254,-1.394674779,15.3,28.21120430000003,0.7597933300000008
612.6,491.7267911,23.52721277,-0.729622542,535.1560807,22.69845808,-1.374014239,15.3,28.129289599999947,0.8287546899999967
612.7,494.0776088,23.45076136,-0.799405621,537.41854,22.56208969,-1.353353699,15.3,28.0409312,0.8886716700000008
612.8000000000001,496.4204325,23.36733164,-0.8691887,539.6674657,22.42778734,-1.332693159,15.3,27.947033199999975,0.9395443000000014
612.9,498.7545643,23.27692362,-0.93897178,541.9030644,22.29555106,-1.312032619,15.3,27.84850009999992,0.9813725600000005
613.0,501.0793064,23.17953729,-1.008754859,544.1255428,22.16538082,-1.291372079,15.3,27.74623639999994,1.0141564699999996
613.1,503.3939609,23.07517265,-1.078537938,546.3351075,22.03727664,-1.27071154,15.3,27.641146600000024,1.0378960099999972
613.2,505.6978301,22.9638297,-1.147907601,548.5319651,21.91123851,-1.250051,15.3,27.534135000000003,1.0525911900000011
613.3000000000001,507.990216,22.84550844,-1.214796767,550.7163222,21.78726644,-1.229587574,15.3,27.42610620000006,1.058242
613.4,510.2704209,22.72020888,-1.276724938,552.8883854,21.66536042,-1.210306831,15.3,27.31796449999997,1.0548484600000023
613.5,512.5377469,22.58817906,-1.331211617,555.0483613,21.54552046,-1.193460039,15.3,27.210614400000008,1.0426586000000029
613.6,514.7914963,22.45065923,-1.375776307,557.1964565,21.42762828,-1.18002413,15.3,27.104960200000004,1.023030949999999
613.7,517.0309711,22.30913768,-1.40793851,559.3328776,21.31109254,-1.171387538,15.3,27.001906499999972,0.9980451399999986
613.8000000000001,519.2554735,22.16510273,-1.425631146,561.4578312,21.19516249,-1.168664363,15.3,26.902357699999992,0.9699402399999997
613.9,521.4645042,22.02004266,-1.428440797,563.5715239,21.07925196,-1.172840175,15.3,26.807019700000023,0.9407907000000009
614.0,523.6583574,21.87544577,-1.416780881,565.6740678,20.9625279,-1.184112087,15.3,26.71571039999999,0.9129178699999976
614.1,525.8375262,21.73280037,-1.392718478,567.7651963,20.84432184,-1.202214402,15.3,26.6276701,0.8884785300000004
614.2,528.0025031,21.59359475,-1.358734086,569.8445483,20.72392417,-1.226367302,15.3,26.54204520000003,0.8696705800000011
614.3000000000001,530.1537811,21.45906915,-1.317308202,571.9117628,20.60062529,-1.255182352,15.3,26.457981700000072,0.8584438600000013
614.4000000000001,532.2918529,21.32947164,-1.270921323,573.9664788,20.47383385,-1.287545452,15.3,26.374625900000023,0.855637790000003
614.5,534.4172114,21.20480221,-1.222053947,576.008335,20.34343158,-1.322273919,15.3,26.291123599999946,0.8613706299999997
614.6,536.5303493,21.08506085,-1.172773155,578.0369705,20.20941849,-1.358185069,15.3,26.20662120000004,0.8756423600000005
614.7,538.6317595,20.97024758,-1.123492363,580.0520241,20.07179457,-1.394293333,15.3,26.120264599999995,0.8984530099999972
614.8000000000001,540.7219348,20.86036238,-1.07421157,582.0531348,19.93055982,-1.430401597,15.3,26.031199999999966,0.9298025600000024
614.9000000000001,542.8013679,20.75540526,-1.024930778,584.0399415,19.78571425,-1.466509861,15.3,25.938573600000108,0.9696910099999982
615.0,544.8705518,20.65537622,-0.975649986,586.0120831,19.63725785,-1.502618125,15.3,25.841531299999996,1.0181183699999998
615.1,546.9299791,20.56027526,-0.926369193,587.9691985,19.48519062,-1.538726389,15.3,25.73921939999998,1.07508464
615.2,548.9801428,20.47010238,-0.877419878,589.9109266,19.32951257,-1.574834653,15.3,25.630783800000085,1.1405898100000016
615.3000000000001,551.0215356,20.38485758,-0.830459424,591.8369064,19.17022369,-1.610942917,15.3,25.51537079999998,1.2146338899999982
615.4000000000001,553.0546503,20.30454086,-0.787476694,593.7467768,19.00732399,-1.641954368,15.3,25.39212649999997,1.2972168699999997
615.5,555.0799797,20.22895333,-0.750460549,595.6401766,18.84081346,-1.669626966,15.3,25.26019690000005,1.3881398699999998
615.6,557.0980167,20.15710057,-0.72139985,597.5167449,18.6706921,-1.691068278,15.3,25.11872820000003,1.4864084700000006
615.7,559.109254,20.08778925,-0.70228346,599.3761205,18.500018,-1.688532877,15.3,24.96686649999999,1.5877712499999994
615.8000000000001,561.1141845,20.01982606,-0.694768764,601.2179423,18.32773639,-1.660931314,15.3,24.80375780000004,1.6920896700000014
615.9000000000001,563.1131418,19.95201767,-0.699187237,603.0418493,18.15558273,-1.601997049,15.3,24.628707499999972,1.796434940000001
616.0,565.1058232,19.88317079,-0.715207403,604.8474803,17.99420426,-1.510560355,15.3,24.441657099999997,1.8889665300000011
616.1,567.091767,19.81209208,-0.741171878,606.6349757,17.84425467,-1.378596732,15.3,24.243208700000036,1.9678374099999978
616.2,569.0705111,19.73758823,-0.7750918,608.4064809,17.70949387,-1.203776495,15.3,24.035969800000043,2.0280943600000008
616.3000000000001,571.0415938,19.65866481,-0.814978306,610.1646428,17.59368179,-1.002800649,15.3,23.823049000000037,2.0649830199999997
616.4000000000001,573.0045533,19.57512293,-0.858842536,611.9121083,17.50057835,-0.776758641,15.3,23.607555,2.0745445799999978
616.5,574.9589276,19.48696259,-0.904695628,613.6515242,17.43331683,-0.531917013,15.3,23.3925966,2.053645760000002
616.6,576.904255,19.3941838,-0.950880197,615.3855374,17.39252387,-0.274542303,15.3,23.18128239999994,2.001659929999999
616.7,578.8400736,19.29678655,-0.997064765,617.1167947,17.37819948,-0.010901053,15.3,22.97672110000003,1.918587070000001
616.8000000000001,580.7659216,19.19477085,-1.043249334,618.847943,17.39034366,0.25378462,15.3,22.78202140000003,1.804427190000002
616.9000000000001,582.681337,19.08813669,-1.089433903,620.5816291,17.42895641,0.518470293,15.3,22.6002921,1.6591802799999975
617.0,584.5858581,18.97688407,-1.135618471,622.3205,17.49403772,0.783155967,15.3,22.43464190000004,1.482846349999999
617.1,586.4790231,18.86101299,-1.18180304,624.0672024,17.5855876,1.04784164,15.3,22.288179300000092,1.2754253899999988
617.2,588.36037,18.74052346,-1.227987609,625.8243832,17.70360605,1.312527313,15.3,22.164013200000067,1.0369174099999974
617.3000000000001,590.229437,18.61541547,-1.273159959,627.5946893,17.84809306,1.577212987,15.3,22.065252300000065,0.7673224099999985
617.4000000000001,592.0857623,18.48568903,-1.30496189,629.3807676,18.01904865,1.839931978,15.3,21.995005299999956,0.4666403800000012
617.5,593.928884,18.35134412,-1.339211417,631.1852648,18.21647279,2.090850876,15.3,21.956380799999987,0.1348713299999993
617.6,595.7583403,18.21298809,-1.347943904,633.0108278,18.44036551,2.318169588,15.3,21.95248750000003,-0.22737741999999983
617.7,597.5736694,18.07803586,-1.332383149,634.8601036,18.68954679,2.510088021,15.3,21.98643420000003,-0.6115109300000015
617.8000000000001,599.3744094,17.93699661,-1.286455841,636.7357389,18.95811657,2.654806083,15.3,22.06132950000001,-1.02111996
617.9000000000001,601.1600984,17.80664913,-1.205100888,638.6403806,19.23899482,2.740523679,15.3,22.18028219999992,-1.4323456899999982
618.0,602.9307604,17.68625914,-1.094603181,640.5766756,19.52510146,2.7574074,15.3,22.34591519999999,-1.8388423199999977
618.1,604.6883631,17.57947062,-0.934083611,642.5463268,19.80935644,2.703490563,15.3,22.557963700000027,-2.22988582
618.2,606.4353596,17.48992756,-0.750494597,644.5472608,20.08467972,2.580739851,15.3,22.811901200000033,-2.5947521599999988
618.3000000000001,608.1742033,17.42127395,-0.542612341,646.5764606,20.34399123,2.398988673,15.3,23.102257299999973,-2.9227172800000005
618.4000000000001,609.9073477,17.37654644,-0.316510154,648.630909,20.58021091,2.170037124,15.3,23.423561300000028,-3.203664470000003
618.5,611.6372459,17.35635237,-0.078261345,650.7075888,20.78743873,1.905685296,15.3,23.770342900000013,-3.431086360000002
618.6,613.3663514,17.36069173,0.166060774,652.8034827,20.96449466,1.617733282,15.3,24.137131300000032,-3.6038029300000005
618.7,615.0971175,17.38956453,0.411395112,654.9155736,21.11137872,1.317981175,15.3,24.518456100000048,-3.72181419
618.8000000000001,616.8319976,17.44297075,0.65672945,657.0408444,21.2280909,1.016262386,15.3,24.908846799999946,-3.785120150000001
618.9000000000001,618.573445,17.52091042,0.902063787,659.1762777,21.3146312,0.714543596,15.3,25.30283270000002,-3.793720780000001
619.0,620.323913,17.62338351,1.147398125,661.3188566,21.37099962,0.412824807,15.3,25.694943600000055,-3.747616109999999
619.1,622.085855,17.75039004,1.392732463,663.4655636,21.39719616,0.111106018,15.3,26.079708599999957,-3.646806120000001
619.2,623.8617243,17.90193,1.6380668,665.6133817,21.39322082,-0.190612771,15.3,26.4516574,-3.4912908199999997
619.3000000000001,625.6539742,18.0780034,1.881336138,667.7592937,21.3590736,-0.492331561,15.3,26.80531949999995,-3.2810701999999985
619.4000000000001,627.4650582,18.27861023,2.112215474,669.9002824,21.29475451,-0.79405035,15.3,27.135224199999993,-3.016144279999999
619.5,629.2974296,18.5037505,2.318314806,672.0333306,21.20026353,-1.094327007,15.3,27.435901000000012,-2.696513030000002
619.6,631.1535416,18.75218519,2.487244134,674.155421,21.07560068,-1.385950868,15.3,27.701879400000006,-2.323415490000002
619.7,633.0358477,19.01771932,2.606613455,676.2635366,20.92076595,-1.66026914,15.3,27.927688899999975,-1.9030466299999986
619.8000000000001,634.9468012,19.29291889,2.664032769,678.3546602,20.73662462,-1.908629026,15.3,28.10785900000003,-1.4437057300000014
619.9000000000001,636.8888554,19.57034988,2.649177072,680.4257744,20.52750308,-2.128873495,15.3,28.23691900000001,-0.9571532000000005
620.0,638.8634724,19.8425783,2.559981367,682.4738623,20.29859302,-2.292862463,15.3,28.310389899999972,-0.4560147199999989
620.1,640.8681497,20.10217016,2.398510652,684.4959065,20.05508612,-2.412872555,15.3,28.327756800000042,0.04708404000000144
620.2,642.8993933,20.34169144,2.175089928,686.4895821,19.79827658,-2.480965878,15.3,28.290188799999964,0.5434148600000022
620.3000000000001,644.9537095,20.55370814,1.902109199,688.455333,19.54504847,-2.498584562,15.3,28.20162350000005,1.0086596700000001
620.4000000000001,647.0276043,20.73202528,1.591958464,690.3942954,19.28890108,-2.472939271,15.3,28.066691100000025,1.4431241999999997
620.5,649.1175838,20.87540384,1.257027727,692.3076055,19.03892356,-2.406187037,15.3,27.890021699999988,1.83648028
620.6,651.2201543,20.98384382,0.909706987,694.1963994,18.79944229,-2.326467943,15.3,27.676245100000028,2.184401529999999
620.7,653.3318219,21.05734524,0.560321248,696.0618132,18.57132255,-2.222947497,15.3,27.429991299999937,2.4860226899999986
620.8000000000001,655.4490926,21.09590807,0.210935508,697.9049831,18.35456436,-2.110774255,15.3,27.15589050000001,2.741343709999999
620.9000000000001,657.5684728,21.09953234,-0.138450231,699.7270453,18.1491677,-1.997158881,15.3,26.85857249999999,2.95036464
621.0,659.6864684,21.06821803,-0.487835971,701.5291359,17.95513258,-1.883543506,15.3,26.54266750000006,3.11308545
621.1,661.7995857,21.00196514,-0.837221711,703.3123911,17.772459,-1.769928132,15.3,26.212805400000047,3.229506139999998
621.2,663.9043307,20.90077368,-1.18660745,705.0779469,17.60114696,-1.656312758,15.3,25.873616200000082,3.299626719999999
621.3000000000001,665.9972097,20.76464365,-1.53599319,706.8269397,17.44119645,-1.542697384,15.3,25.52973000000004,3.3234472000000004
621.4000000000001,668.0747287,20.59357505,-1.883431389,708.5605055,17.29260748,-1.429082009,15.3,25.18577679999994,3.3009675699999974
621.5,670.133394,20.38756787,-2.219184347,710.2797804,17.15538005,-1.3158615,15.3,24.846386400000096,3.23218782
621.6,672.1697116,20.14662211,-2.531566821,711.9859007,17.02951415,-1.205010183,15.3,24.516189099999973,3.1171079599999985
621.7,674.1801877,19.87190631,-2.808893571,713.6800025,16.9150098,-1.098897247,15.3,24.199814799999967,2.95689651
621.8000000000001,676.1613284,19.56926308,-3.039479353,715.3632219,16.81163006,-0.999891886,15.3,23.901893499999982,2.75763302
621.9000000000001,678.10964,19.24570356,-3.211638928,717.0366951,16.71819034,-0.910363289,15.3,23.62705509999996,2.5275132199999994
622.0,680.0216284,18.9082389,-3.315634594,718.7015583,16.63326913,-0.832680649,15.3,23.379929899999933,2.274969770000002
622.1,681.8947347,18.56388025,-3.349518809,720.3589475,16.55544492,-0.768818291,15.3,23.16421280000004,2.008435330000001
622.2,683.7301392,18.21963876,-3.315239115,722.0098095,16.48329618,-0.719126994,15.3,22.979670299999906,1.7363425799999987
622.3000000000001,685.5299568,17.88252555,-3.222533213,723.6543327,16.41540141,-0.683308883,15.3,22.824375900000017,1.4671241399999992
622.4000000000001,687.2963027,17.55955179,-3.083086344,725.292516,16.35033908,-0.659342606,15.3,22.69621330000002,1.2092127099999992
622.5,689.0312919,17.25656009,-2.90858375,726.9243584,16.28671414,-0.644858972,15.3,22.593066499999917,0.9698459499999998
622.6,690.7370394,16.97471898,-2.710710673,728.5498588,16.2232838,-0.637462339,15.3,22.51281940000008,0.7514351799999979
622.7,692.4156604,16.71402845,-2.501152355,730.1690162,16.15983935,-0.634804088,15.3,22.453355800000008,0.5541891000000021
622.8000000000001,694.0692698,16.47448851,-2.289646496,731.7818295,16.0963808,-0.634576748,15.3,22.412559699999928,0.3781077100000019
622.9000000000001,695.6999828,16.25609915,-2.078140637,733.3882977,16.032924,-0.634653898,15.3,22.38831489999991,0.22317514999999943
623.0,697.3099144,16.05886038,-1.866634778,734.9884196,15.96945663,-0.634747213,15.3,22.378505200000017,0.0894037499999989
623.1,698.9011796,15.88277219,-1.65512892,736.5821943,15.90597868,-0.634832445,15.3,22.38101469999999,-0.023206489999999746
623.2,700.4758935,15.72783459,-1.443623061,738.1696206,15.84249014,-0.63493825,15.3,22.393727100000046,-0.11465555000000016
623.3000000000001,702.0361712,15.59404758,-1.232117202,739.7506976,15.77899103,-0.635044056,15.3,22.414526399999954,-0.18494345000000045
623.4000000000001,703.5841277,15.48141115,-1.021465099,741.3254241,15.71548133,-0.635129288,15.3,22.44129640000001,-0.2340701799999998
623.5,705.1218782,15.38992531,-0.815935531,742.8937992,15.65196105,-0.635220398,15.3,22.47192100000002,-0.26203573999999996
623.6,706.6515375,15.31959006,-0.620651031,744.4558216,15.5884302,-0.635299753,15.3,22.504284100000017,-0.26884014
623.7,708.1752209,15.26989313,-0.440734136,746.0114905,15.5249011,-0.63497478,15.3,22.536269600000036,-0.2550079699999994
623.8000000000001,709.6950433,15.23827328,-0.281307378,747.5608047,15.4613579,-0.633910902,15.3,22.565761399999996,-0.22308461999999984
623.9000000000001,711.2131198,15.22165696,-0.14286474,749.1037631,15.39781108,-0.631738903,15.3,22.590643300000078,-0.17615411999999964
624.0,712.7315656,15.21697067,-0.043560661,750.6403648,15.33449646,-0.628109982,15.3,22.60879920000009,-0.11752579000000019
624.1,714.2520857,15.22114089,0.029636764,752.1706086,15.27161451,-0.622628315,15.3,22.618522900000084,-0.05047362
624.2,715.7747464,15.23387121,0.072952737,753.6944935,15.20938686,-0.614942004,15.3,22.619747099999994,0.02448434999999982
624.3000000000001,717.2992037,15.24375674,0.090656038,755.212048,15.14803511,-0.605074719,15.3,22.61284429999996,0.09572162999999989
624.4000000000001,718.825114,15.25605533,0.0878692,756.7234188,15.08778091,-0.593052755,15.3,22.598304800000005,0.16827442000000126
624.5,720.3521336,15.26542861,0.065086205,758.2287821,15.02884588,-0.579183922,15.3,22.576648499999987,0.2365827300000003
624.6,721.8799186,15.2713643,0.041315248,759.7283142,14.97145163,-0.563837594,15.3,22.548395600000003,0.29991266999999944
624.7,723.4081252,15.27386241,0.007793203,761.2221912,14.91578286,-0.547383145,15.3,22.514066000000025,0.35807954999999936
624.8000000000001,724.9364098,15.27292294,-0.026582598,762.7105895,14.8618765,-0.530189948,15.3,22.47417969999999,0.41104644000000157
624.9000000000001,726.4644286,15.26854589,-0.060958399,764.1936853,14.80973256,-0.512627378,15.3,22.42925669999995,0.4588133299999999
625.0,727.9918378,15.26073126,-0.0953342,765.6716548,14.75935103,-0.495003245,15.3,22.37981700000007,0.5013802300000005
625.1,729.5182936,15.24947905,-0.129710001,767.1446743,14.71073191,-0.477379113,15.3,22.326380700000026,0.5387471399999999
625.2,731.0434524,15.23478926,-0.164085802,768.61292,14.6638752,-0.45975498,15.3,22.269467600000052,0.5709140599999998
625.3000000000001,732.5669703,15.21666189,-0.198461603,770.0765682,14.61878091,-0.442130848,15.3,22.209597900000016,0.5978809799999993
625.4000000000001,734.0885036,15.19509694,-0.232837404,771.535795,14.57544903,-0.424506715,15.3,22.14729140000004,0.6196479100000012
625.5,735.6077085,15.17009441,-0.267023227,772.9907768,14.53387957,-0.406882583,15.3,22.083068300000104,0.636214840000001
625.6,737.1242412,15.14165429,-0.300069181,774.4416897,14.49407252,-0.38925845,15.3,22.017448499999954,0.6475817700000004
625.7,738.6377581,15.1097766,-0.330835399,775.8887101,14.45602788,-0.371672018,15.3,21.950951999999983,0.6537487199999994
625.8000000000001,740.1479153,15.07457532,-0.358182012,777.3320141,14.41974565,-0.354311789,15.3,21.884098800000015,0.6548296699999998
625.9000000000001,741.6543692,15.03662038,-0.380969151,778.771778,14.38522584,-0.337403965,15.3,21.81740880000002,0.6513945400000001
626.0,743.1567758,14.9965957,-0.398056948,780.208178,14.35244582,-0.321174749,15.3,21.751402199999983,0.6441498800000005
626.1,744.6547916,14.9551852,-0.408495513,781.6413905,14.3212925,-0.305850343,15.3,21.686598900000103,0.6338927000000005
626.2,746.1481638,14.9130728,-0.412094868,783.0715915,14.29163014,-0.29165695,15.3,21.623427699999933,0.6214426599999996
626.3000000000001,747.6370048,14.87094244,-0.409044991,784.4989574,14.26332303,-0.278783073,15.3,21.561952599999994,0.6076194099999999
626.4000000000001,749.1215178,14.82947801,-0.400295772,785.9236464,14.23623545,-0.267266412,15.3,21.50212860000006,0.5932425600000002
626.5,750.6019063,14.78936346,-0.38698708,787.345744,14.21023167,-0.257069266,15.3,21.44383769999997,0.5791317899999999
626.6,752.0783736,14.7511687,-0.370258782,788.7653182,14.18517598,-0.248003133,15.3,21.38694460000006,0.5659927199999988
626.7,753.5511231,14.71500774,-0.351250748,790.1824364,14.16093265,-0.239841811,15.3,21.331313299999987,0.5540750900000013
626.8000000000001,755.0203582,14.68088056,-0.331102845,791.5971664,14.13738858,-0.232359097,15.3,21.27680819999996,0.5434919800000007
626.9000000000001,756.4862823,14.64878717,-0.310764965,793.0095758,14.11452115,-0.225328788,15.3,21.223293500000022,0.5342660200000005
627.0,757.9490988,14.61872756,-0.290427084,794.4197323,14.09233036,-0.218524682,15.3,21.170633499999962,0.5263971999999999
627.1,759.409011,14.59070175,-0.270089203,795.8277035,14.07081621,-0.211758276,15.3,21.11869250000002,0.5198855399999989
627.2,760.8662222,14.56470972,-0.249751323,797.2335572,14.04997871,-0.20499187,15.3,21.06733499999991,0.5147310100000002
627.3000000000001,762.320936,14.54075148,-0.229413442,798.637361,14.02981784,-0.198225464,15.3,21.016425000000094,0.5109336400000011
627.4000000000001,763.7733556,14.51882703,-0.209075561,800.0391825,14.01033361,-0.191459058,15.3,20.965826900000092,0.5084934200000006
627.5,765.2236845,14.49893637,-0.1888079,801.4390894,13.99152603,-0.184692653,15.3,20.915404899999952,0.5074103399999998
627.6,766.672126,14.4810795,-0.168961556,802.8371493,13.97339508,-0.177926247,15.3,20.865023299999915,0.5076844200000004
627.7,768.1188835,14.46525641,-0.149957847,804.2334301,13.95594078,-0.170955119,15.3,20.814546599999925,0.5093156299999997
627.8000000000001,769.5641604,14.45142498,-0.132218089,805.6279992,13.93916312,-0.162755658,15.3,20.763838799999984,0.5122618600000006
627.9000000000001,771.0081601,14.43937455,-0.1161636,807.0209244,13.92306209,-0.152099533,15.3,20.712764299999957,0.51631246
628.0,772.4510858,14.42885233,-0.102215697,808.4122733,13.90776054,-0.13775841,15.3,20.66118750000005,0.5210917899999998
628.1,773.8931411,14.41960552,-0.090725478,809.8021136,13.89387263,-0.118503958,15.3,20.608972500000004,0.5257328899999987
628.2,775.3344956,14.41138134,-0.081763162,811.190513,13.88213536,-0.093107842,15.3,20.55601740000004,0.5292459800000007
628.3000000000001,776.7751842,14.40392699,-0.07525853,812.577539,13.87328573,-0.060546455,15.3,20.50235479999999,0.5306412600000012
628.4000000000001,778.2152079,14.3969897,-0.070860485,813.9633578,13.86806074,-0.020615072,15.3,20.448149900000043,0.52892896
628.5,779.6545679,14.39031665,-0.068147708,815.3485282,13.86719739,0.026481584,15.3,20.39396030000007,0.5231192600000014
628.6,781.0932655,14.38369721,-0.066698883,816.7337075,13.87143267,0.079719902,15.3,20.340442000000007,0.5122645399999985
628.7,782.5313016,14.37708923,-0.066092692,818.119553,13.88150359,0.137871549,15.3,20.28825139999999,0.4955856399999998
628.8000000000001,783.9686776,14.37049271,-0.065907818,819.5067219,13.89802431,0.199708195,15.3,20.238044300000023,0.47246840000000034
628.9000000000001,785.4053945,14.36390766,-0.065793164,820.8958715,13.92111767,0.264001505,15.3,20.19047699999994,0.4427899900000014
629.0,786.8414534,14.35733408,-0.06567851,822.2876591,13.95078367,0.329523147,15.3,20.146205700000063,0.4065504099999995
629.1,788.2768555,14.35077196,-0.065563856,823.6827419,13.9870223,0.395249512,15.3,20.105886399999985,0.36374965999999986
629.2,789.7116021,14.34422131,-0.065449202,825.0817772,14.02983357,0.460975877,15.3,20.070175099999982,0.3143877400000008
629.3000000000001,791.1456941,14.33768212,-0.065334548,826.4854223,14.07921748,0.526702242,15.3,20.039728199999967,0.2584646399999997
629.4000000000001,792.5791327,14.3311544,-0.065219894,827.8943344,14.13517402,0.592428606,15.3,20.0152017000001,0.19598038000000173
629.5,794.0119192,14.32463814,-0.06510524,829.3091708,14.1977032,0.658154971,15.3,19.99725159999998,0.12693493999999994
629.6,795.4440546,14.31813335,-0.06488714,830.7305887,14.26680502,0.723881336,15.3,19.98653410000004,0.05132833000000048
629.7,796.8755402,14.31164003,-0.064048368,832.1592455,14.34247947,0.789607701,15.3,19.98370529999995,-0.03083944000000116
629.8000000000001,798.3063769,14.30515817,-0.061968249,833.5957983,14.42472656,0.854863153,15.3,19.989421399999923,-0.11956838999999952
629.9000000000001,799.7365661,14.29874984,-0.058026112,835.0409045,14.51354628,0.91729313,15.3,20.004338400000005,-0.21479644000000064
630.0,801.1661087,14.29272538,-0.051601283,836.4952212,14.60893864,0.974072155,15.3,20.02911249999995,-0.3162132599999996
630.1,802.5950061,14.28745719,-0.042073089,837.9594059,14.71062109,1.022374755,15.3,20.0643998,-0.4231639000000005
630.2,804.0232593,14.28331769,-0.028924302,839.4341157,14.81718089,1.059375453,15.3,20.110856400000056,-0.533863199999999
630.3000000000001,805.4509191,14.28067926,-0.012051478,840.9200078,14.92692276,1.082248774,15.3,20.169088700000042,-0.6462435000000006
630.4000000000001,806.8782349,14.27991431,0.008441939,842.4177396,15.03815141,1.088640155,15.3,20.23950469999995,-0.7582370999999988
630.5,808.3055059,14.28139526,0.032038721,843.9277424,15.14917155,1.078078684,15.3,20.3222365000001,-0.8677762900000001
630.6,809.7330311,14.28549449,0.058118194,845.449543,15.25828791,1.051035273,15.3,20.4165119,-0.9727934200000004
630.7,811.1611095,14.29252236,0.086059687,846.9824427,15.36380518,1.009864484,15.3,20.521333200000026,-1.0712828200000004
630.8000000000001,812.5900402,14.30254092,0.115242525,848.5257424,15.4640281,0.957391795,15.3,20.635702200000036,-1.16148718
630.9000000000001,814.0201223,14.31555017,0.145046036,850.0787431,15.55754392,0.896442678,15.3,20.75862079999997,-1.2419937500000007
631.0,815.4516549,14.33155012,0.174952993,851.640746,15.6440701,0.829842611,15.3,20.88909110000004,-1.3125199800000011
631.1,816.884937,14.35054077,0.20485995,853.211052,15.72360663,0.760417069,15.3,21.026114999999958,-1.3730658600000005
631.2,818.3202677,14.37252211,0.234766907,854.7889621,15.79615351,0.690520614,15.3,21.168694400000003,-1.4236313999999997
631.3000000000001,819.7579461,14.39749415,0.264673864,856.3737775,15.86171075,0.620624159,15.3,21.315831399999933,-1.4642166000000003
631.4000000000001,821.1982712,14.42545689,0.294580821,857.9647991,15.92027834,0.550727704,15.3,21.466527900000028,-1.4948214499999999
631.5,822.6415421,14.45641032,0.324487778,859.561328,15.97185629,0.480831249,15.3,21.619785899999965,-1.51544597
631.6,824.0880579,14.49035444,0.354093395,861.1626652,16.01644459,0.410934794,15.3,21.774607300000024,-1.5260901499999981
631.7,825.5381176,14.52728926,0.381890977,862.7681117,16.05404325,0.341038339,15.3,21.9299941,-1.5267539899999996
631.8000000000001,826.9920204,14.56721478,0.40517912,864.3769687,16.08465226,0.27121831,15.3,22.08494830000002,-1.5174374799999981
631.9000000000001,828.4500652,14.60995019,0.424829887,865.988537,16.10827163,0.201856833,15.3,22.23847179999991,-1.4983214400000016
632.0,829.9125512,14.65459147,0.436355145,867.6021178,16.12490135,0.133412463,15.3,22.38956659999992,-1.4703098799999985
632.1,831.3797775,14.69951779,0.438840222,869.2170121,16.13458728,0.066343751,15.3,22.537234599999987,-1.4350694900000018
632.2,832.852043,14.74525238,0.430778423,870.8325209,16.13755869,0.001109251,15.3,22.680477899999982,-1.3923063099999986
632.3000000000001,834.3295022,14.78910235,0.411868407,872.4479453,16.13409073,-0.061832484,15.3,22.818443100000035,-1.3449883800000002
632.4000000000001,835.8117311,14.83051891,0.38330488,874.0625863,16.12445851,-0.122099327,15.3,22.950855200000046,-1.2939395999999999
632.5,837.2981607,14.86841724,0.343914442,875.6757816,16.10893718,-0.179614852,15.3,23.07762090000001,-1.2405199400000022
632.6,838.7882223,14.90171252,0.298185225,877.2870156,16.08780186,-0.234455484,15.3,23.198793299999988,-1.1860893399999988
632.7,840.2813471,14.92950072,0.247031901,878.8958096,16.06132768,-0.287003352,15.3,23.314462500000058,-1.1318269600000015
632.8000000000001,841.7769664,14.95160104,0.192262504,880.5016846,16.02978978,-0.337717008,15.3,23.424718199999983,-1.0781887400000016
632.9000000000001,843.2745113,14.96801349,0.135685071,882.1041618,15.99341744,-0.387055005,15.3,23.52965050000007,-1.0254039499999994
633.0,844.773413,14.97873805,0.078806299,883.7027624,15.9522565,-0.435475896,15.3,23.629349399999978,-0.9735184500000003
633.1,846.2731028,14.98377475,0.021927527,885.2970074,15.90630697,-0.483438234,15.3,23.723904600000036,-0.922532219999999
633.2,847.7730119,14.98312356,-0.034951245,886.8864181,15.85556885,-0.531324147,15.3,23.813406199999985,-0.8724452899999999
633.3000000000001,849.2725715,14.9767845,-0.091830017,888.4705155,15.80004214,-0.579210059,15.3,23.897944000000006,-0.8232576399999996
633.4000000000001,850.7712127,14.96475756,-0.148708789,890.0488208,15.73972684,-0.627095972,15.3,23.977608100000065,-0.7749692799999988
633.5,852.2683669,14.94704274,-0.205587561,891.6208552,15.67462295,-0.674981884,15.3,24.052488300000004,-0.7275802099999993
633.6,853.7634652,14.92364004,-0.262466333,893.1861397,15.60473047,-0.722867797,15.3,24.12267449999997,-0.6810904299999994
633.7,855.2559389,14.89454947,-0.318939352,894.7441956,15.53004939,-0.77075371,15.3,24.188256699999965,-0.6354999200000009
633.8000000000001,856.745219,14.85977102,-0.372977851,896.2945439,15.45057972,-0.818639622,15.3,24.249324899999987,-0.5908087000000002
633.9000000000001,858.230737,14.8193047,-0.42214731,897.8367058,15.36632147,-0.866438289,15.3,24.305968800000027,-0.5470167700000008
634.0,859.7119239,14.77339395,-0.464013211,899.3702025,15.27727462,-0.913713484,15.3,24.358278600000016,-0.5038806699999991
634.1,861.188211,14.72325603,-0.496141032,900.894555,15.18343918,-0.959941733,15.3,24.406343999999944,-0.46018315000000065
634.2,862.6590295,14.67035166,-0.516096255,902.4092846,15.08486749,-1.004599563,15.3,24.450255100000003,-0.4145158300000009
634.3000000000001,864.1238107,14.61614155,-0.521850113,903.9139123,14.9818213,-1.047163502,15.3,24.490101599999957,-0.36567974999999997
634.4000000000001,865.5821804,14.5620864,-0.512996852,905.4079594,14.87461468,-1.087110077,15.3,24.52577900000001,-0.31252828000000044
634.5,867.0345437,14.50964694,-0.489942226,906.8909469,14.76356173,-1.124003061,15.3,24.556403200000045,-0.2539147899999996
634.6,868.4815004,14.46028388,-0.454715002,908.3624379,14.64897652,-1.157755208,15.3,24.580937500000072,-0.1886926399999993
634.7,869.9236502,14.41545792,-0.409749698,909.8221628,14.53117313,-1.188453763,15.3,24.598512600000003,-0.11571521000000118
634.8000000000001,871.361593,14.37638632,-0.357480836,911.2698942,14.41046566,-1.216534955,15.3,24.608301199999982,-0.0340793399999999
634.9000000000001,872.7959286,14.34331255,-0.300342933,912.7054044,14.28716818,-1.242522255,15.3,24.609475799999995,0.056144370000000166
635.0,874.2272566,14.31623659,-0.240770512,914.1284658,14.16154243,-1.266939137,15.3,24.601209199999925,0.15469416000000002
635.1,875.656177,14.29515844,-0.180792337,915.5388508,14.03364076,-1.290309073,15.3,24.58267380000002,0.261517679999999
635.2,877.0832894,14.28007812,-0.120814161,916.9363319,13.90346316,-1.313155537,15.3,24.553042500000014,0.3766149600000013
635.3000000000001,878.5091937,14.27099561,-0.060835986,918.3206814,13.77100965,-1.335914755,15.3,24.511487700000043,0.49998596000000006
635.4000000000001,879.9344896,14.26791092,-0.000857811,919.6916718,13.63628021,-1.358673973,15.3,24.457182199999988,0.6316307099999996
635.5,881.359777,14.27082405,0.059120364,921.0490754,13.49927485,-1.381433191,15.3,24.389298399999984,0.771549199999999
635.6,882.7856555,14.27973499,0.119098539,922.3926647,13.35999357,-1.404192409,15.3,24.307009199999992,0.9197414199999994
635.7,884.2127251,14.29464376,0.178210609,923.7222121,13.21843637,-1.426951627,15.3,24.209487000000035,1.0762073900000004
635.8000000000001,885.6415854,14.31555034,0.232126047,925.03749,13.07460325,-1.449710845,15.3,24.095904599999994,1.2409470900000006
635.9000000000001,887.0728362,14.34245473,0.274042158,926.3382707,12.9284942,-1.472470063,15.3,23.96543449999997,1.4139605300000007
636.0,888.5070774,14.37483729,0.3035805,927.6243268,12.78010924,-1.495235547,15.3,23.81724939999999,1.5947280500000005
636.1,889.9449087,14.41009968,0.310726251,928.8954305,12.62944835,-1.518038624,15.3,23.650521799999932,1.7806513299999995
636.2,891.3869299,14.44416029,0.291888843,930.1513544,12.47651154,-1.54091689,15.3,23.464424499999904,1.9676487499999986
636.3000000000001,892.8337408,14.47679206,0.242737749,931.3918708,12.32129504,-1.563907939,15.3,23.258130000000005,2.1554970199999985
636.4000000000001,894.2855254,14.50198609,0.162406864,932.6167521,12.16378007,-1.587049363,15.3,23.0312267,2.338206020000001
636.5,895.7408048,14.51758804,0.053368356,933.8257708,12.00394407,-1.610378758,15.3,22.784966000000008,2.5136439700000004
636.6,897.1976845,14.52047994,-0.084865436,935.0186992,11.84176447,-1.633927451,15.3,22.521014699999977,2.67871547
636.7,898.6542699,14.5075438,-0.242279694,936.1953068,11.67721873,-1.657701709,15.3,22.241036899999994,2.8303250700000007
636.8000000000001,900.1086663,14.4761813,-0.415283847,937.3553508,11.51028428,-1.681695266,15.3,21.946684500000014,2.96589702
636.9000000000001,901.5589792,14.42587279,-0.598681263,938.4985858,11.34093857,-1.705876793,15.3,21.639606600000047,3.084934219999999
637.0,903.0033139,14.35661827,-0.787275312,939.624766,11.16915905,-1.730208696,15.3,21.321452100000055,3.187459220000001
637.1,904.4397758,14.26841773,-0.976735466,940.7336458,10.99492691,-1.754653382,15.3,20.99386999999997,3.2734908199999992
637.2,905.8664704,14.16127118,-1.166195619,941.8249796,10.8182384,-1.779173255,15.3,20.65850919999998,3.3430327799999997
637.3000000000001,907.2815031,14.03517861,-1.355655773,942.8985217,10.63909351,-1.803730723,15.3,20.317018599999937,3.3960851000000005
637.4000000000001,908.6829791,13.89014002,-1.545115927,943.9540264,10.45749225,-1.828294456,15.3,19.971047299999963,3.432647770000001
637.5,910.0690041,13.72615542,-1.734576081,944.9912483,10.27343462,-1.85285819,15.3,19.622244200000022,3.4527208
637.6,911.4376832,13.54322481,-1.924036234,946.0099416,10.08692061,-1.877421923,15.3,19.27225840000001,3.4563042
637.7,912.787122,13.34134818,-2.113496388,947.0098606,9.897950235,-1.901985657,15.3,18.92273860000007,3.443397945000001
637.8000000000001,914.1154259,13.12052553,-2.301918946,947.9907598,9.706523483,-1.92654939,15.3,18.575333899999986,3.4140020470000003
637.9000000000001,915.4207002,12.88075687,-2.484115932,948.9523935,9.512640357,-1.951113123,15.3,18.231693299999915,3.3681165130000004
638.0,916.7010503,12.62204219,-2.653861772,949.894516,9.316300858,-1.975206164,15.3,17.893465699999933,3.305741332
638.1,917.9545816,12.34500405,-2.804930894,950.8168818,9.117504986,-1.993804232,15.3,17.56230020000005,3.227499064
638.2,919.1793996,12.05275525,-2.931097724,951.7192452,8.91625274,-2.012095628,15.3,17.239845600000034,3.1365025100000015
638.3000000000001,920.3736096,11.74903111,-3.026136691,952.6013606,8.712826537,-2.019243742,15.3,16.92775100000001,3.036204573000001
638.4000000000001,921.535317,11.43756699,-3.084859817,953.4629822,8.510240944,-2.015095238,15.3,16.62766520000009,2.927326046000001
638.5,922.6631253,11.12209823,-3.106229506,954.3038646,8.30538298,-1.996825962,15.3,16.34073929999995,2.8167152500000014
638.6,923.7576301,10.80636018,-3.091283353,955.123762,8.104754613,-1.962082451,15.3,16.066131900000027,2.7016055669999997
638.7,924.819925,10.49408816,-3.045209337,955.9226547,7.908447843,-1.913064831,15.3,15.80272969999994,2.585640317
638.8000000000001,925.8511039,10.18901754,-2.97423303,956.7014268,7.718157163,-1.84223134,15.3,15.550322900000037,2.470860377
638.9000000000001,926.8522602,9.894261101,-2.884580005,957.4611882,7.535577066,-1.759947895,15.3,15.308927999999991,2.3586840349999996
639.0,927.8244877,9.610441391,-2.782475834,958.2030489,7.362402045,-1.666367832,15.3,15.078561200000035,2.2480393460000005
639.1,928.7688801,9.337558415,-2.67414609,958.9281188,7.200044176,-1.564315305,15.3,14.859238699999946,2.1375142390000006
639.2,929.686531,9.075612173,-2.564778751,959.637508,7.048785876,-1.456614469,15.3,14.65097700000008,2.0268262969999995
639.3000000000001,930.5785342,8.824602665,-2.455411412,960.3323262,6.908627144,-1.346089479,15.3,14.453791999999975,1.915975521
639.4000000000001,931.4459832,8.584529891,-2.346044072,961.0136836,6.77956798,-1.235093796,15.3,14.267700400000034,1.8049619110000004
639.5,932.2899718,8.35539385,-2.236676733,961.6826901,6.661608385,-1.124098114,15.3,14.092718299999955,1.6937854650000004
639.6,933.1115936,8.137194544,-2.127309394,962.3404555,6.554748357,-1.013102431,15.3,13.92886189999997,1.5824461869999995
639.7,933.9119423,7.929931971,-2.017942055,962.9880899,6.458987898,-0.902106748,15.3,13.776147600000012,1.470944073
639.8000000000001,934.6921116,7.733606133,-1.908686804,963.6267033,6.374327008,-0.791111066,15.3,13.634591700000055,1.3592791250000005
639.9000000000001,935.4531952,7.548217028,-1.800104087,964.2574056,6.300765685,-0.680115383,15.3,13.504210399999987,1.2474513429999998
640.0,936.1962867,7.373764658,-1.692866436,964.8813067,6.238303931,-0.569119701,15.3,13.385020000000008,1.135460727
640.1,936.9224797,7.210181768,-1.587646384,965.4995166,6.186941745,-0.458683297,15.3,13.277036899999938,1.0232400229999996
640.2,937.6328681,7.057132092,-1.485116465,966.1131452,6.146679128,-0.351602569,15.3,13.180277099999966,0.9104529640000001
640.3000000000001,938.3285454,6.91421211,-1.38594921,966.7233026,6.117516078,-0.251233193,15.3,13.094757199999957,0.7966960319999998
640.4000000000001,939.0106053,6.781018302,-1.290705066,967.3310987,6.099117029,-0.160930842,15.3,13.020493400000031,0.6819012729999994
640.5,939.6800877,6.65714715,-1.19949612,967.9376433,6.089804144,-0.081340928,15.3,12.957555600000045,0.5673430059999998
640.6,940.3378173,6.542195131,-1.112210284,968.5440466,6.087564016,-0.023949923,15.3,12.906229300000017,0.45463111499999975
640.7,940.9845649,6.435758728,-1.028287113,969.1514184,6.09038324,0.016576574,15.3,12.866853500000001,0.3453754879999993
640.8000000000001,941.6211013,6.33743442,-0.947054074,969.7606003,6.097874571,0.036969017,15.3,12.839499,0.23955984899999994
640.9000000000001,942.2481975,6.24688594,-0.867838635,970.3713599,6.103146124,0.037786687,15.3,12.823162400000069,0.14373981600000008
641.0,942.8666242,6.164046035,-0.789968261,970.9831964,6.109062974,0.02182598,15.3,12.81657219999995,0.05498306099999972
641.1,943.4771524,6.088914705,-0.712770421,971.5956092,6.111985554,-0.010267696,15.3,12.81845679999999,-0.02307084900000067
641.2,944.0805529,6.021491951,-0.63568467,972.2080974,6.110236028,-0.047007866,15.3,12.827544499999998,-0.08874407700000031
641.3000000000001,944.6775965,5.961777771,-0.558598919,972.8201602,6.103478828,-0.093169653,15.3,12.842563699999982,-0.14170105699999969
641.4000000000001,945.2690541,5.909772167,-0.481513167,973.431297,6.091713953,-0.142687116,15.3,12.862242900000023,-0.18194178600000033
641.5,945.8556966,5.865475138,-0.404427416,974.0410069,6.074941405,-0.192763858,15.3,12.885310299999968,-0.20946626699999982
641.6,946.4382949,5.828886684,-0.327341665,974.6487891,6.053161182,-0.2428406,15.3,12.910494200000084,-0.22427449799999977
641.7,947.0176197,5.800006805,-0.250255913,975.2541429,6.026373285,-0.292917342,15.3,12.936523200000078,-0.22636648000000026
641.8000000000001,947.5944419,5.778835501,-0.17372923,975.8565676,5.994577713,-0.342994084,15.3,12.962125699999955,-0.21574221200000032
641.9000000000001,948.1695325,5.765372772,-0.100556958,976.4555623,5.957774468,-0.393070826,15.3,12.98602980000005,-0.19240169600000012
642.0,948.7436622,5.759618619,-0.034093505,977.0506263,5.915963548,-0.443147568,15.3,13.006964099999959,-0.1563449289999994
642.1,949.3176019,5.7612376,0.022306717,977.6412589,5.869144954,-0.493251028,15.3,13.023657000000025,-0.10790735399999996
642.2,949.8921225,5.768552509,0.065289299,978.2269592,5.817318686,-0.543514802,15.3,13.034836699999982,-0.04876617700000008
642.3000000000001,950.4679948,5.779550702,0.091499831,978.8072264,5.760484744,-0.5940992,15.3,13.039231599999948,0.01906595799999966
642.4000000000001,951.0459898,5.792219531,0.09814297,979.3815599,5.698627096,-0.645164537,15.3,13.035570099999926,0.0935924349999997
642.5,951.6266098,5.804546352,0.084659648,979.9494589,5.631665587,-0.696871125,15.3,13.022849099999984,0.17288076500000038
642.6,952.2092839,5.814518517,0.051608934,980.5104225,5.559504028,-0.749379276,15.3,13.001138600000058,0.2550144889999997
642.7,952.7931731,5.820123381,0.00178617,981.0639501,5.482046232,-0.802822584,15.3,12.970777000000066,0.3380771490000001
642.8000000000001,953.3774378,5.819348298,-0.061454235,981.609528,5.399196011,-0.857227769,15.3,12.932090199999902,0.4201522870000005
642.9000000000001,953.961239,5.810516062,-0.13475787,982.1465913,5.310857179,-0.91256811,15.3,12.885352299999976,0.4996588829999995
643.0,954.5437373,5.793291233,-0.214770325,982.6745624,5.216933546,-0.968710016,15.3,12.830825100000038,0.5763576869999998
643.1,955.1240936,5.767673811,-0.298137191,983.1928634,5.117328926,-1.025493172,15.3,12.768769799999927,0.650344885
643.2,955.7014684,5.733663795,-0.382063125,983.7009167,5.011963162,-1.082757266,15.3,12.69944830000004,0.7217006330000002
643.3000000000001,956.2750226,5.691261186,-0.465989058,984.1981446,4.900820223,-1.140341985,15.3,12.62312199999992,0.790440963
643.4000000000001,956.8439169,5.640465984,-0.549914992,984.6839694,4.783900108,-1.198087017,15.3,12.540052500000069,0.8565658760000003
643.5,957.4073121,5.581278188,-0.633840926,985.1578133,4.661202819,-1.255858768,15.3,12.45050120000003,0.9200753690000001
643.6,957.9643689,5.513697798,-0.71776686,985.6190985,4.532728355,-1.313630519,15.3,12.354729599999995,0.9809694430000002
643.7,958.514248,5.437724816,-0.801692794,986.0672475,4.398476716,-1.37140227,15.3,12.252999500000055,1.0392481
643.8000000000001,959.0561101,5.35335924,-0.885618727,986.5016825,4.258447901,-1.42917402,15.3,12.14557240000006,1.0949113389999994
643.9000000000001,959.5891161,5.26060107,-0.969287137,986.9218257,4.112641911,-1.486945771,15.3,12.032709600000043,1.147959159
644.0,960.1124266,5.159450307,-1.051410402,987.3270994,3.961058747,-1.544717522,15.3,11.914672799999902,1.1983915600000001
644.1,960.6252025,5.049906951,-1.130443378,987.716926,3.803698407,-1.602489273,15.3,11.791723499999943,1.2462085439999995
644.2,961.1266043,4.932125516,-1.204840921,988.0907277,3.640560892,-1.659802495,15.3,11.664123399999948,1.2915646240000003
644.3000000000001,961.615793,4.806878574,-1.273057886,988.4479268,3.471646202,-1.714364543,15.3,11.53213379999995,1.3352323719999997
644.4000000000001,962.0919291,4.675093213,-1.333549128,988.7879455,3.296954337,-1.763424242,15.3,11.396016399999962,1.3781388760000004
644.5,962.5541735,4.537696518,-1.385027027,989.1102062,3.116760415,-1.80423042,15.3,11.256032699999945,1.4209361029999998
644.6,963.0018105,4.395615576,-1.42723406,989.4141312,2.932440021,-1.834031901,15.3,11.112320700000009,1.4631755549999999
644.7,963.434619,4.249777474,-1.460427749,989.6991426,2.745643862,-1.850077512,15.3,10.96452359999996,1.504133612
644.8000000000001,963.8525012,4.1011093,-1.485895716,989.9646629,2.55802264,-1.850074608,15.3,10.8121617,1.5430866600000002
644.9000000000001,964.2553597,3.950538139,-1.505183104,990.2103343,2.371227061,-1.83356466,15.3,10.654974600000013,1.579311078
645.0,964.6430968,3.798836563,-1.51983506,990.4366797,2.18690783,-1.801006196,15.3,10.493582900000046,1.611928733
645.1,965.0156149,3.646159088,-1.531396726,990.6444419,2.00671565,-1.754691862,15.3,10.328827,1.6394434380000003
645.2,965.3728165,3.492505713,-1.541413248,990.8343636,1.832301225,-1.697372832,15.3,10.16154709999996,1.660204488
645.3000000000001,965.714604,3.337876439,-1.551172245,991.0071879,1.665040144,-1.631800279,15.3,9.992583899999953,1.672836295
645.4000000000001,966.0408798,3.182271264,-1.560931243,991.1636574,1.505207523,-1.560725379,15.3,9.822777600000062,1.6770637410000002
645.5,966.3515462,3.02569019,-1.570690241,991.3045152,1.352803363,-1.486899304,15.3,9.652968999999938,1.6728868270000001
645.6,966.6465058,2.868133216,-1.580449239,991.4305039,1.207827662,-1.412614701,15.3,9.483998099999962,1.660305554
645.7,966.9256608,2.709600342,-1.590208236,991.5423665,1.070280422,-1.338330097,15.3,9.31670570000001,1.63931992
645.8000000000001,967.1889138,2.550091569,-1.599967234,991.6408457,0.940161643,-1.264045494,15.3,9.151931899999976,1.609929926
645.9000000000001,967.4361671,2.389606895,-1.606956902,991.7266846,0.817471324,-1.18976089,15.3,8.990517499999964,1.572135571
646.0,967.6673231,2.228146322,-1.615331234,991.8006258,0.702209465,-1.115476287,15.3,8.833302700000058,1.525936857
646.1,967.8822843,2.06570985,-1.616957734,991.8634122,0.594376066,-1.041191683,15.3,8.681127899999932,1.471333784
646.2,968.080953,1.903959075,-1.609879685,991.9157868,0.493971128,-0.966557037,15.3,8.534833799999955,1.4099879469999999
646.3000000000001,968.2632317,1.740348954,-1.59188031,991.9584922,0.40099465,-0.882270701,15.3,8.395260500000017,1.339354304
646.4000000000001,968.4290228,1.579916928,-1.560229275,991.9922715,0.315446633,-0.790221236,15.3,8.26324870000003,1.2644702950000002
646.5,968.5782287,1.423679084,-1.514965579,992.0178673,0.237537102,-0.691956236,15.3,8.13963860000008,1.186141982
646.6,968.7109702,1.273018137,-1.44911715,992.0360226,0.172847044,-0.586468885,15.3,8.025052400000003,1.100171093
646.7,968.8282419,1.129572285,-1.368804447,992.0474803,0.120243325,-0.482970017,15.3,7.919238399999994,1.0093289600000002
646.8000000000001,968.9312567,0.994979727,-1.275265891,992.0529831,0.078797387,-0.368300653,15.3,7.821726400000056,0.91618234
646.9000000000001,969.0212276,0.870878664,-1.170806008,992.0534419,0.047580672,-0.265663819,15.3,7.732214300000077,0.823297992
647.0,969.0993675,0.75863426,-1.05815513,992.0540644,0.025664623,-0.145915545,15.3,7.654696900000044,0.732969637
647.1,969.1668896,0.658519549,-0.940043588,992.0546869,0.012120682,-0.010751403,15.3,7.587797299999988,0.6463988669999999
647.2,969.2250066,0.570534532,-0.819201714,992.0553094,0.00622487,0.132984255,15.3,7.530302800000026,0.564309662
647.3000000000001,969.2749316,0.494679207,-0.697904785,992.0559319,0.032693998,0.305888948,15.3,7.481000300000073,0.461985209
647.4000000000001,969.3178776,0.430953575,-0.576607855,992.0565543,0.072346545,0.476125699,15.3,7.438676700000041,0.35860703
647.5,969.3550575,0.379357636,-0.455310926,992.0571768,0.127371225,0.666056041,15.3,7.402119299999935,0.25198641099999997
647.6,969.3876843,0.339891389,-0.334013997,992.0577993,0.199956749,0.853785863,15.3,7.370115000000009,0.13993464
647.7,969.4169709,0.312554836,-0.212717068,992.0795971,0.29229183,1.054468989,15.3,7.362626199999976,0.020263006000000028
647.8000000000001,969.4441304,0.297347976,-0.091420139,992.1119416,0.406565182,1.248436044,15.3,7.367811200000073,-0.10921720600000001
647.9000000000001,969.4703757,0.294270808,0.02987679,992.1565839,0.544965515,1.43456185,15.3,7.386208200000009,-0.250694707
648.0,969.4969197,0.303323334,0.151151391,992.2152748,0.709681543,1.616954561,15.3,7.418355099999939,-0.40635820899999997
648.1,969.5249755,0.324505552,0.272292017,992.2897653,0.876432851,1.782804067,15.3,7.464789800000016,-0.551927299
648.2,969.555756,0.357817464,0.393164697,992.3818065,1.060693859,1.947921127,15.3,7.526050500000064,-0.7028763949999999
648.3000000000001,969.5904741,0.403245671,0.513635457,992.4931492,1.262464567,2.105255584,15.3,7.602675099999896,-0.859218896
648.4000000000001,969.630343,0.460723186,0.633570323,992.6255445,1.481744976,2.272966844,15.3,7.695201500000007,-1.02102179
648.5,969.6765754,0.530169627,0.752835322,992.7807434,1.718535084,2.430522709,15.3,7.804167999999958,-1.188365457
648.6,969.7303844,0.611504608,0.87131881,992.9604967,1.972280963,2.571460655,15.3,7.930112299999973,-1.360776355
648.7,969.7929722,0.704647746,0.988998457,993.1665555,2.240212957,2.692815706,15.3,8.07358329999995,-1.5355652109999998
648.8000000000001,969.8654983,0.809518657,1.105896592,993.4006707,2.519007485,2.78132556,15.3,8.235172399999964,-1.709488828
648.9000000000001,969.9491112,0.926036956,1.222124861,993.6645934,2.80534096,2.840097124,15.3,8.415482199999996,-1.8793040040000002
649.0,970.0449597,1.05412226,1.337817236,993.9596313,3.097434399,2.865632849,15.3,8.614671599999905,-2.043312139
649.1,970.1541923,1.193707582,1.45310769,994.2853196,3.38733042,2.858855951,15.3,8.831127300000002,-2.193622838
649.2,970.2779579,1.344779525,1.568130198,994.6407505,3.676339237,2.824382521,15.3,9.06279259999992,-2.331559712
649.3000000000001,970.4174049,1.507338088,1.683018732,995.0250162,3.959592667,2.765177532,15.3,9.30761130000003,-2.452254579
649.4000000000001,970.5736822,1.681383271,1.797884938,995.4372086,4.234321055,2.694503288,15.3,9.563526399999954,-2.5529377839999996
649.5,970.7479383,1.866915075,1.912751143,995.8764198,4.499970473,2.610176098,15.3,9.82848150000002,-2.633055398
649.6,970.9413219,2.0639335,2.027617349,996.3417421,4.756540919,2.520309602,15.3,10.100420199999984,-2.692607419
649.7,971.1549817,2.272438545,2.142483554,996.8322675,5.004032393,2.429519888,15.3,10.377285799999935,-2.731593848
649.8000000000001,971.3900663,2.492430211,2.25734976,997.3470881,5.242444896,2.338730174,15.3,10.657021800000006,-2.7500146850000005
649.9000000000001,971.6477244,2.723908497,2.372215965,997.885296,5.471778428,2.24794046,15.3,10.937571600000023,-2.7478699310000003
650.0,971.9291047,2.966873404,2.486272335,998.4459833,5.692032988,2.157150746,15.3,11.216878599999927,-2.725159584
650.1,972.2353558,3.221324931,2.595469696,999.0282421,5.903208577,2.066361031,15.3,11.492886300000077,-2.681883646
650.2,972.5676264,3.487263079,2.694949035,999.6311645,6.105305194,1.975571317,15.3,11.763538099999959,-2.6180421149999997
650.3000000000001,972.9270651,3.764201946,2.779851345,1000.253843,6.29832284,1.884781603,15.3,12.02677789999991,-2.534120894
650.4000000000001,973.3148206,4.049712028,2.845317613,1000.895369,6.482261515,1.794369357,15.3,12.280548399999997,-2.432549487
650.5,973.7320416,4.340877918,2.886488831,1001.554834,6.657121218,1.706221914,15.3,12.522792400000025,-2.3162433
650.6,974.1798768,4.63478421,2.899315822,1002.231332,6.82290195,1.62260408,15.3,12.751455199999963,-2.18811774
650.7,974.659086,4.928515499,2.882988752,1002.923954,6.979830191,1.545780658,15.3,12.964867999999978,-2.051314691999999
650.8000000000001,975.1688743,5.219156377,2.838317456,1003.631792,7.129038343,1.478016453,15.3,13.162917700000047,-1.9098819660000004
650.9000000000001,975.7080581,5.503791439,2.769351109,1004.353939,7.271885288,1.418622379,15.3,13.345880899999951,-1.7680938490000004
651.0,976.2754537,5.779505279,2.680948722,1005.089486,7.40972991,1.378347441,15.3,13.514032300000007,-1.630224631
651.1,976.8698775,6.043868392,2.577969303,1005.837707,7.54393109,1.348707439,15.3,13.667829499999993,-1.5000626979999998
651.2,977.4901457,6.296394876,2.465271865,1006.598599,7.674075377,1.332278794,15.3,13.808453300000064,-1.3776805010000004
651.3000000000001,978.1350748,6.537084732,2.347715416,1007.372343,7.806838655,1.32717417,15.3,13.937268200000016,-1.2697539229999997
651.4000000000001,978.803481,6.765937959,2.229349132,1008.159116,7.938262806,1.331128762,15.3,14.055635000000006,-1.1723248469999996
651.5,979.4941807,6.982954558,2.110982848,1008.959099,8.071252564,1.344831657,15.3,14.164918300000021,-1.0882980059999996
651.6,980.2059902,7.188134529,1.992616564,1009.772471,8.206034412,1.357156381,15.3,14.266480800000021,-1.0178998829999992
651.7,980.9377259,7.381477871,1.874250281,1010.59941,8.342608347,1.374699798,15.3,14.361684100000002,-0.9611304760000001
651.8000000000001,981.6882041,7.562984585,1.755883997,1011.440096,8.480974371,1.392620683,15.3,14.451891900000032,-0.9179897860000006
651.9000000000001,982.4562411,7.732654671,1.637517713,1012.294709,8.621132484,1.410541567,15.3,14.538467899999954,-0.8884778130000006
652.0,983.2406533,7.890488128,1.519151429,1013.163427,8.763082685,1.428462452,15.3,14.622773699999993,-0.8725945570000002
652.1,984.0402571,8.036484956,1.401058852,1014.046429,8.906824974,1.446383337,15.3,14.706171900000026,-0.8703400179999985
652.2,984.8538686,8.170645157,1.284608519,1014.943896,9.052359352,1.464304222,15.3,14.79002739999994,-0.8817141950000007
652.3000000000001,985.6803044,8.292968729,1.171442673,1015.856005,9.199685818,1.482225106,15.3,14.875700600000027,-0.9067170890000007
652.4000000000001,986.5183807,8.403619896,1.063203557,1016.782937,9.348804373,1.496661375,15.3,14.96455629999998,-0.9451844769999997
652.5,987.3669139,8.503419782,0.961533415,1017.72487,9.499715017,1.510599841,15.3,15.057956100000023,-0.9962952349999998
652.6,988.2247202,8.593353731,0.868074489,1018.681984,9.652417748,1.519634806,15.3,15.157263800000077,-1.059064016999999
652.7,989.0906161,8.67440709,0.784195318,1019.654457,9.804821799,1.515146086,15.3,15.263840899999945,-1.130414709
652.8000000000001,989.9635493,8.747565205,0.710169606,1020.64247,9.958719256,1.496121407,15.3,15.378920700000048,-1.2111540509999994
652.9000000000001,990.8429929,8.813813422,0.645723648,1021.646201,10.1114667,1.458926777,15.3,15.503208100000005,-1.2976532779999985
653.0,991.7285516,8.874137087,0.589488908,1022.66583,10.25789202,1.403412825,15.3,15.637278400000081,-1.3837549330000005
653.1,992.6198301,8.929521546,0.539823141,1023.701244,10.39738786,1.322958745,15.3,15.781413900000029,-1.4678663140000001
653.2,993.5164329,8.98078792,0.495084104,1024.751171,10.52777381,1.218941912,15.3,15.934738100000072,-1.5469858900000002
653.3000000000001,994.4179646,9.028100435,0.453629554,1025.814043,10.64686949,1.099376844,15.3,16.096078400000078,-1.6187690549999996
653.4000000000001,995.3240299,9.07145909,0.413817248,1026.888297,10.7524945,0.965275817,15.3,16.264267099999937,-1.6810354099999998
653.5,996.2342333,9.110863885,0.374278649,1027.972368,10.84283185,0.82027282,15.3,16.43813469999993,-1.731967964999999
653.6,997.1481796,9.14631482,0.334740049,1029.064689,10.91751813,0.668001843,15.3,16.616509399999995,-1.7712033099999989
653.7,998.0654732,9.177811895,0.29520145,1030.163697,10.97655335,0.512096876,15.3,16.798223799999914,-1.798741455
653.8000000000001,998.9857189,9.20535511,0.255662851,1031.267825,11.01993751,0.355586244,15.3,16.98210609999985,-1.8145824000000008
653.9000000000001,999.9085212,9.228944465,0.216124252,1032.37551,11.0476706,0.199075612,15.3,17.16698880000008,-1.8187261350000004
654.0,1000.833485,9.24857996,0.176585653,1033.485185,11.05975263,0.04256498,15.3,17.351700000000005,-1.8111726699999995
654.1,1001.760214,9.264261595,0.137413753,1034.595286,11.0561836,-0.113945652,15.3,17.535071999999968,-1.791922005
654.2,1002.688314,9.275989371,0.100442053,1035.704247,11.0369635,-0.270456284,15.3,17.715932999999904,-1.760974129000001
654.3000000000001,1003.617389,9.283763286,0.067870752,1036.810504,11.00209234,-0.426966916,15.3,17.893115000000034,-1.7183290540000016
654.4000000000001,1004.547044,9.287803362,0.041900049,1037.912491,10.95157012,-0.583477548,15.3,18.065447000000017,-1.6637667579999995
654.5,1005.476883,9.289209697,0.024730142,1039.008644,10.88539683,-0.738800495,15.3,18.23176099999996,-1.596187132999999
654.6,1006.40651,9.289302411,0.018561232,1040.097396,10.80357248,-0.88699733,15.3,18.390885999999863,-1.5142700690000002
654.7,1007.335532,9.289401624,0.025226819,1041.177184,10.70609707,-1.020941943,15.3,18.541651999999953,-1.4166954460000003
654.8000000000001,1008.263727,9.290827456,0.045093601,1042.246441,10.5936832,-1.133508221,15.3,18.682713999999986,-1.3028557439999986
654.9000000000001,1009.191582,9.294900026,0.077794879,1043.303603,10.46989394,-1.217570053,15.3,18.812021000000026,-1.1749939139999999
655.0,1010.119756,9.302939453,0.121497153,1044.347105,10.33900495,-1.266001329,15.3,18.927349000000003,-1.0360654969999992
655.1,1011.04891,9.316265857,0.174000225,1045.375382,10.2052919,-1.272863621,15.3,19.026471999999966,-0.8890260430000012
655.2,1011.979706,9.335979338,0.233103894,1046.387438,10.07303045,-1.236969245,15.3,19.10773200000001,-0.7370511119999996
655.3000000000001,1012.912803,9.362299916,0.296607962,1047.384559,9.946496269,-1.159505885,15.3,19.171756000000027,-0.5841963530000012
655.4000000000001,1013.848862,9.395227591,0.36231223,1048.3686,9.829965029,-1.046411969,15.3,19.21973799999996,-0.43473743800000086
655.5,1014.788545,9.434762362,0.428383197,1049.341417,9.727712394,-0.904813607,15.3,19.252872000000092,-0.2929500319999985
655.6,1015.732511,9.48090423,0.494454164,1050.304866,9.643301419,-0.74183691,15.3,19.2723549999999,-0.162397189
655.7,1016.681422,9.533653195,0.560525131,1051.2608,9.577444715,-0.564607991,15.3,19.27937800000002,-0.04379152000000097
655.8000000000001,1017.635938,9.593009256,0.626596099,1052.211077,9.530142283,-0.38025296,15.3,19.27513899999992,0.06286697300000021
655.9000000000001,1018.59672,9.658972415,0.692667066,1053.157552,9.501394123,-0.194710244,15.3,19.26083199999989,0.1575782919999984
656.0,1019.564429,9.73154267,0.758738033,1054.102079,9.491200234,-0.009167528,15.3,19.237649999999984,0.24034243599999883
656.1,1020.539725,9.810720021,0.824809001,1055.046515,9.499560617,0.176375188,15.3,19.206790000000023,0.31115940399999964
656.2,1021.523269,9.89650447,0.890569151,1055.992714,9.526475272,0.361917904,15.3,19.16944499999995,0.3700291979999992
656.3000000000001,1022.515722,9.988896015,0.954464399,1056.942533,9.571944198,0.54746062,15.3,19.12681099999993,0.4169518169999993
656.4000000000001,1023.517745,10.08789466,1.014629844,1057.897826,9.635967396,0.733003335,15.3,19.080080999999904,0.45192726400000005
656.5,1024.529998,10.19331391,1.069200582,1058.860449,9.718544865,0.917724855,15.3,19.03045100000004,0.4747690450000004
656.6,1025.553142,10.30422131,1.117688124,1059.832258,9.819676606,1.097519195,15.3,18.97911599999993,0.48454470400000105
656.7,1026.587837,10.41949793,1.154098334,1060.815107,9.939362619,1.267459177,15.3,18.92726999999986,0.48013531099999973
656.8000000000001,1027.634745,10.53802482,1.18100636,1061.810853,10.07711018,1.422617621,15.3,18.876107999999885,0.4609146400000004
656.9000000000001,1028.694376,10.65950889,1.196724975,1062.821351,10.23045572,1.558067348,15.3,18.82697500000013,0.42905316999999954
657.0,1029.766646,10.78035366,1.201564995,1063.848455,10.3964429,1.673315791,15.3,18.78180900000002,0.38391075999999913
657.1,1030.851321,10.90191772,1.197080505,1064.894023,10.57211544,1.750953131,15.3,18.742701999999962,0.3298022800000009
657.2,1031.948165,11.02225629,1.183759997,1065.959514,10.75451701,1.803462008,15.3,18.71134899999988,0.2677392799999989
657.3000000000001,1033.056944,11.14043692,1.167597604,1067.044814,10.94335209,1.827229005,15.3,18.687870000000157,0.19708483000000143
657.4000000000001,1034.177424,11.25627312,1.146328996,1068.149412,11.12768206,1.826360107,15.3,18.67198800000001,0.12859105999999976
657.5,1035.309371,11.36976489,1.123195487,1069.272799,11.31253292,1.805782492,15.3,18.66342800000002,0.05723197000000013
657.6,1036.45255,11.48091222,1.09975116,1070.414467,11.49278031,1.765988727,15.3,18.661917000000084,-0.011868090000000109
657.7,1037.606726,11.58971512,1.076306834,1071.573904,11.6679315,1.725209828,15.3,18.667178000000103,-0.07821638000000064
657.8000000000001,1038.771665,11.69617359,1.052862507,1072.750601,11.83798651,1.675069137,15.3,18.678935999999975,-0.14181291999999956
657.9000000000001,1039.947133,11.80028762,1.029418181,1073.944049,12.00294533,1.62410725,15.3,18.696916000000055,-0.20265770999999866
658.0,1041.132895,11.90205722,1.005973854,1075.153738,12.16280796,1.573145363,15.3,18.720843000000013,-0.26075074000000065
658.1,1042.328716,12.00148239,0.982529528,1076.379159,12.3175744,1.522183475,15.3,18.750443000000086,-0.3160920100000002
658.2,1043.534363,12.09856313,0.959233194,1077.619801,12.46724466,1.471221588,15.3,18.785438000000067,-0.3686815299999999
658.3000000000001,1044.749601,12.19329943,0.936824817,1078.875156,12.61181872,1.420259701,15.3,18.825555000000076,-0.41851929000000077
658.4000000000001,1045.974195,12.2856913,0.916192353,1080.144713,12.7512966,1.369297814,15.3,18.8705179999999,-0.4656053
658.5,1047.207912,12.37582754,0.898223758,1081.427963,12.88567828,1.318335927,15.3,18.92005100000001,-0.509850740000001
658.6,1048.450515,12.46415211,0.883806989,1082.724397,13.01496378,1.267458038,15.3,18.973881999999957,-0.5508116699999999
658.7,1049.701772,12.5511978,0.873830002,1084.033504,13.13915309,1.217084141,15.3,19.0317320000001,-0.58795529
658.8000000000001,1050.961448,12.63749738,0.869032761,1085.354775,13.25824621,1.167718227,15.3,19.093327,-0.6207488300000001
658.9000000000001,1052.229378,12.72358362,0.869563259,1086.687701,13.37229354,1.119864288,15.3,19.158323000000063,-0.6487099199999999
659.0,1053.505685,12.8099893,0.875273502,1088.031772,13.48154708,1.074026316,15.3,19.22608699999996,-0.6715577800000005
659.1,1054.790559,12.89724719,0.885423529,1089.386478,13.58630922,1.030708301,15.3,19.295918999999866,-0.6890620300000005
659.2,1056.084193,12.98589007,0.89912538,1090.75131,13.68688235,0.990330238,15.3,19.36711700000019,-0.7009922799999995
659.3000000000001,1057.386779,13.0763619,0.915491102,1092.125798,13.78356888,0.952976124,15.3,19.439019000000098,-0.7072069800000005
659.4000000000001,1058.698507,13.1687515,0.933632736,1093.509634,13.87667119,0.918561961,15.3,19.51112699999994,-0.7079196899999989
659.5,1060.01957,13.26305885,0.952662327,1094.902551,13.96649169,0.886667756,15.3,19.58298099999997,-0.7034328399999996
659.6,1061.35016,13.35928397,0.97183991,1096.304281,14.05333275,0.856789518,15.3,19.654120999999986,-0.6940487799999993
659.7,1062.690468,13.45742684,0.991017493,1097.714556,14.1374464,0.828423254,15.3,19.72408799999989,-0.6800195599999999
659.8000000000001,1064.040686,13.55748746,1.010195077,1099.133109,14.21888301,0.801064973,15.3,19.792423000000053,-0.6613955499999999
659.9000000000001,1065.401007,13.65946585,1.02937266,1100.559672,14.29764259,0.774210684,15.3,19.858665000000155,-0.6381767400000005
660.0,1066.771621,13.763362,1.048550244,1101.993976,14.37372514,0.747440394,15.3,19.92235499999988,-0.6103631399999987
660.1,1068.15272,13.8691759,1.067727827,1103.435755,14.44713067,0.720670104,15.3,19.983034999999926,-0.5779547699999998
660.2,1069.544497,13.97690756,1.08690541,1104.884741,14.51785916,0.693899814,15.3,20.040243999999984,-0.5409515999999996
660.3000000000001,1070.947143,14.08655698,1.105853502,1106.340665,14.58591063,0.667129523,15.3,20.093521999999847,-0.49935365000000154
660.4000000000001,1072.360849,14.19812416,1.123424645,1107.803261,14.65128507,0.640359233,15.3,20.142412000000103,-0.45316090999999936
660.5,1073.785809,14.3116091,1.137482589,1109.272261,14.71398248,0.613588943,15.3,20.1864520000001,-0.4023733800000002
660.6,1075.222212,14.4268741,1.148928285,1110.747396,14.77400286,0.586818652,15.3,20.22518400000008,-0.34712876000000037
660.7,1076.670252,14.54323069,1.154106885,1112.2284,14.83134621,0.560237653,15.3,20.258148000000073,-0.28811551999999985
660.8000000000001,1078.13012,14.65939711,1.152400738,1113.715004,14.88601253,0.534792403,15.3,20.284883999999874,-0.2266154199999999
660.9000000000001,1079.602007,14.77591395,1.142662387,1115.206941,14.93800182,0.511618648,15.3,20.304933999999957,-0.16208787000000058
661.0,1081.085996,14.89058829,1.12466234,1116.703943,14.98742766,0.491852138,15.3,20.317946999999958,-0.09683936999999965
661.1,1082.581727,15.00304954,1.099389389,1118.205742,15.03485792,0.476628621,15.3,20.3240150000001,-0.03180838000000108
661.2,1084.088732,15.11247153,1.065713093,1119.712071,15.08097405,0.467083844,15.3,20.323338999999986,0.03149748000000052
661.3000000000001,1085.60654,15.21802809,1.027288299,1121.222662,15.12645749,0.464164265,15.3,20.316121999999904,0.09157060000000072
661.4000000000001,1087.134683,15.31903075,0.984732658,1122.737339,15.1719897,0.468059175,15.3,20.302656000000024,0.14704105000000034
661.5,1088.672692,15.41534181,0.939423117,1124.256286,15.21825213,0.478579282,15.3,20.283593999999947,0.1970896799999995
661.6,1090.220097,15.50696127,0.892736628,1125.779783,15.26592622,0.494778131,15.3,20.259686000000055,0.24103504999999892
661.7,1091.77643,15.59388913,0.845820647,1127.308107,15.31569343,0.515519972,15.3,20.23167700000017,0.27819570000000127
661.8000000000001,1093.341221,15.6761254,0.798904666,1128.841535,15.36812162,0.539669057,15.3,20.200314000000116,0.30800377999999995
661.9000000000001,1094.914001,15.75367007,0.751988686,1130.380344,15.42332437,0.566089639,15.3,20.166342999999824,0.3303457000000005
662.0,1096.494301,15.82652314,0.705072705,1131.924812,15.48130169,0.593645968,15.3,20.130511000000023,0.3452214500000004
662.1,1098.081651,15.89468461,0.658156724,1133.475217,15.54205356,0.62139159,15.3,20.093565999999964,0.35263105000000117
662.2,1099.675583,15.95815448,0.611240743,1135.031836,15.60558,0.649137211,15.3,20.05625300000015,0.35257447999999947
662.3000000000001,1101.275628,16.01693276,0.564557374,1136.594946,15.67188101,0.676882832,15.3,20.01931799999984,0.34505174999999966
662.4000000000001,1102.881316,16.07101943,0.519269679,1138.164825,15.74095657,0.704628453,15.3,19.983509000000094,0.33006285999999996
662.5,1104.492177,16.12041451,0.476773329,1139.74175,15.8128067,0.732374074,15.3,19.949572999999827,0.30760781000000037
662.6,1106.107744,16.16525756,0.438463997,1141.325999,15.88743139,0.760119695,15.3,19.918255,0.27782617000000087
662.7,1107.727547,16.20624642,0.404860555,1142.917849,15.96483064,0.787713324,15.3,19.890301999999974,0.24141577999999875
662.8000000000001,1109.351116,16.24421848,0.379989083,1144.517578,16.04500445,0.814395001,15.3,19.86646199999991,0.19921403000000026
662.9000000000001,1110.977983,16.28001116,0.362382233,1146.125463,16.12795282,0.839252772,15.3,19.847480000000086,0.15205833999999996
663.0,1112.607789,16.31393577,0.353149421,1147.741781,16.21358456,0.861374686,15.3,19.833992000000034,0.10035120999999947
663.1,1114.240625,16.34840796,0.352058034,1149.36681,16.3014437,0.87984879,15.3,19.826185000000077,0.046964259999999314
663.2,1115.87669,16.3826869,0.357945012,1151.000828,16.39098305,0.89376313,15.3,19.824137999999902,-0.008296149999999614
663.3000000000001,1117.516186,16.41813607,0.370291484,1152.644112,16.48165545,0.902357748,15.3,19.827925999999888,-0.06351938000000246
663.4000000000001,1119.159314,16.4554533,0.38507137,1154.296866,16.57291372,0.90548065,15.3,19.837551999999913,-0.11746042000000045
663.5,1120.806273,16.49477816,0.403519404,1155.959004,16.6642107,0.903283829,15.3,19.85273100000013,-0.16943254000000252
663.6,1122.457266,16.53611066,0.423363111,1157.630364,16.75499921,0.896527245,15.3,19.87309800000021,-0.21888855000000262
663.7,1124.112492,16.57945078,0.44343943,1159.310787,16.84473209,0.886122851,15.3,19.898294999999916,-0.26528131000000243
663.8000000000001,1125.772152,16.62479854,0.463515749,1161.000112,16.93295335,0.872982599,15.3,19.92795999999994,-0.3081548099999978
663.9000000000001,1127.436447,16.67215393,0.483592068,1162.698179,17.01957179,0.858018443,15.3,19.961731999999937,-0.3474178600000002
664.0,1129.105579,16.72151696,0.503668387,1164.404828,17.10458743,0.842142333,15.3,19.999248999999917,-0.38307046999999983
664.1,1130.779747,16.77288761,0.523744706,1166.119898,17.18800026,0.826114232,15.3,20.040150999999877,-0.41511264999999753
664.2,1132.459153,16.8262659,0.543821026,1167.843229,17.26981028,0.81008613,15.3,20.08407600000005,-0.4435443800000023
664.3000000000001,1134.143996,16.88165182,0.5638201,1169.574661,17.35001749,0.794058029,15.3,20.13066500000009,-0.46836567000000073
664.4000000000001,1135.834479,16.93904537,0.58335571,1171.314034,17.42862188,0.778029927,15.3,20.17955499999989,-0.4895765100000027
664.5,1137.530802,16.99844655,0.60196439,1173.061187,17.50562347,0.762001826,15.3,20.230385000000023,-0.5071769199999991
664.6,1139.233165,17.05980902,0.619182674,1174.81596,17.58102225,0.745973724,15.3,20.282794999999805,-0.5212132300000007
664.7,1140.941769,17.12290104,0.634547098,1176.578193,17.65481822,0.729945623,15.3,20.336424000000033,-0.5319171800000007
664.8000000000001,1142.656815,17.18744453,0.647880412,1178.347725,17.72701137,0.717034097,15.3,20.39091000000003,-0.5395668399999991
664.9000000000001,1144.378504,17.25316142,0.658282449,1180.124397,17.79760172,0.704567796,15.3,20.445893000000023,-0.544440299999998
665.0,1146.107,17.31977363,0.665500508,1181.908047,17.86658926,0.696531489,15.3,20.501046999999925,-0.5468156300000011
665.1,1147.842317,17.3871748,0.670359723,1183.698516,17.93584393,0.700606953,15.3,20.556198999999832,-0.5486691300000004
665.2,1149.584435,17.45477849,0.672901612,1185.495643,18.00376293,0.717722569,15.3,20.611207999999987,-0.5489844400000017
665.3000000000001,1151.333331,17.52220134,0.67358964,1187.299268,18.07273711,0.751138373,15.3,20.66593699999994,-0.5505357699999998
665.4000000000001,1153.088984,17.58966037,0.672601057,1189.109232,18.14737555,0.800997829,15.3,20.720248000000037,-0.5577151799999989
665.5,1154.851371,17.65690239,0.670913274,1190.925633,18.22823526,0.873232323,15.3,20.77426200000009,-0.5713328700000027
665.6,1156.620473,17.72392741,0.669165213,1192.749616,18.31727228,0.966573787,15.3,20.829143000000112,-0.5933448699999992
665.7,1158.396265,17.79073543,0.666995207,1194.582586,18.41644263,1.07388378,15.3,20.886320999999906,-0.6257071999999972
665.8000000000001,1160.178728,17.85732645,0.6648252,1196.425947,18.52770232,1.194233924,15.3,20.94721899999986,-0.6703758700000009
665.9000000000001,1161.967839,17.92370047,0.662655193,1198.281104,18.65268138,1.324364182,15.3,21.013265,-0.7289809100000006
666.0,1163.763577,17.98985749,0.660485187,1200.149461,18.79170581,1.461014515,15.3,21.085884000000032,-0.8018483200000013
666.1,1165.565919,18.05579751,0.65831518,1202.032423,18.94477562,1.600924886,15.3,21.166504000000213,-0.88897811
666.2,1167.374845,18.12152053,0.656145174,1203.931393,19.11189079,1.741378596,15.3,21.25654800000002,-0.9903702599999988
666.3000000000001,1169.190332,18.18702654,0.654397113,1205.847778,19.29305134,1.881832307,15.3,21.357446000000163,-1.1060248000000001
666.4000000000001,1171.012359,18.25231556,0.65270933,1207.782981,19.48825725,2.022286017,15.3,21.470622000000002,-1.2359416900000006
666.5,1172.840903,18.31738758,0.651757916,1209.738407,19.69750854,2.162739727,15.3,21.597504000000026,-1.3801209600000028
666.6,1174.675945,18.38249576,0.654629468,1211.71546,19.9208052,2.303193438,15.3,21.739514999999937,-1.538309439999999
666.7,1176.51746,18.44742311,0.662277233,1213.715545,20.15814723,2.443647148,15.3,21.89808499999999,-1.7107241200000018
666.8000000000001,1178.365429,18.51257528,0.676293284,1215.740067,20.40953463,2.583002417,15.3,22.074638000000004,-1.8969593499999995
666.9000000000001,1180.219829,18.57980422,0.697847744,1217.790429,20.6749674,2.715767037,15.3,22.270600000000012,-2.09516318
667.0,1182.080639,18.6496819,0.728894354,1219.868038,20.95444554,2.83535036,15.3,22.48739900000005,-2.3047636399999973
667.1,1183.947964,18.72316355,0.770349094,1221.974296,21.24730999,2.935161735,15.3,22.726332000000138,-2.5241464400000027
667.2,1185.822419,18.8012044,0.820452091,1224.110609,21.55026542,3.008610515,15.3,22.988189999999985,-2.749061019999999
667.3000000000001,1187.704747,18.88475972,0.878515444,1226.278381,21.85935744,3.049106051,15.3,23.273634000000083,-2.9745977199999984
667.4000000000001,1189.59569,18.97478473,0.942947082,1228.479016,22.17063167,3.051156135,15.3,23.583325999999897,-3.195846939999999
667.5,1191.495991,19.07207548,1.012154933,1230.713393,22.48013371,3.013662326,15.3,23.917401999999992,-3.4080582300000017
667.6,1193.406393,19.17679117,1.084546927,1232.980279,22.78390917,2.937723065,15.3,24.27388600000013,-3.607118
667.7,1195.327637,19.28893179,1.158530992,1235.277915,23.07800367,2.828830559,15.3,24.650277999999798,-3.7890718800000016
667.8000000000001,1197.260467,19.40849736,1.232780402,1237.604543,23.35846282,2.693575458,15.3,25.04407599999986,-3.9499654600000014
667.9000000000001,1199.205624,19.53548788,1.307029813,1239.958403,23.62199128,2.538548411,15.3,25.452779000000145,-4.086503399999998
668.0,1201.163852,19.66990333,1.381279223,1242.337736,23.86793,2.370340065,15.3,25.873884000000043,-4.198026670000001
668.1,1203.135892,19.81174372,1.455528633,1244.740784,24.09627898,2.195541071,15.3,26.304892000000063,-4.284535260000002
668.2,1205.122488,19.96100905,1.529778043,1247.165787,24.30703822,2.019643635,15.3,26.743298999999933,-4.346029169999998
668.3000000000001,1207.124382,20.11769933,1.604027453,1249.610986,24.50020771,1.8437462,15.3,27.186603999999942,-4.382508380000001
668.4000000000001,1209.142315,20.28181454,1.677825351,1252.074623,24.67578746,1.667848764,15.3,27.63230799999992,-4.3939729199999995
668.5,1211.177032,20.4533547,1.748914171,1254.554939,24.83377746,1.491951328,15.3,28.07790700000005,-4.380422760000002
668.6,1213.229274,20.6323198,1.814584839,1257.050174,24.97417772,1.316053892,15.3,28.520899999999937,-4.341857919999999
668.7,1215.299783,20.81843893,1.872128276,1259.558569,25.09698824,1.140156457,15.3,28.9587860000001,-4.2785493100000025
668.8000000000001,1217.389303,21.01035756,1.918835407,1262.078366,25.20220902,0.964259021,15.3,29.389063000000032,-4.191851460000002
668.9000000000001,1219.498576,21.20645023,1.951997154,1264.607806,25.28984005,0.789073656,15.3,29.809230000000024,-4.083389819999997
669.0,1221.628344,21.40509151,1.969355954,1267.145129,25.35988133,0.618160714,15.3,30.216785000000026,-3.954789820000002
669.1,1223.779133,21.60465595,1.970460294,1269.688577,25.41233288,0.455792621,15.3,30.609443999999893,-3.8076769299999995
669.2,1225.950601,21.80351809,1.955761687,1272.23639,25.44762192,0.306241798,15.3,30.985789000000022,-3.644103829999999
669.3000000000001,1228.142192,22.0000525,1.927517696,1274.786811,25.46788467,0.17378067,15.3,31.34461899999992,-3.467832170000001
669.4000000000001,1230.353347,22.19263373,1.888437399,1277.338079,25.47568459,0.058651925,15.3,31.68473200000012,-3.2830508599999995
669.5,1232.583508,22.37990724,1.841229871,1279.888435,25.47358513,-0.023494875,15.3,32.00492700000014,-3.0936778899999986
669.6,1234.832118,22.56160213,1.788604191,1282.436464,25.46414974,-0.08403687,15.3,32.30434599999985,-2.902547609999999
669.7,1237.098618,22.73771838,1.733269433,1284.982113,25.44752403,-0.119656392,15.3,32.58349500000004,-2.70980565
669.8000000000001,1239.382451,22.90825601,1.677483163,1287.525677,25.43352499,-0.133913796,15.3,32.84322600000014,-2.52526898
669.9000000000001,1241.683058,23.07321502,1.621696893,1290.067445,25.41746255,-0.131081505,15.3,33.084386999999836,-2.3442475300000005
670.0,1243.999883,23.23259539,1.565910623,1292.60771,25.40389075,-0.111402206,15.3,33.307827000000046,-2.1712953599999985
670.1,1246.332367,23.38639714,1.510124353,1295.146764,25.39323685,-0.091237532,15.3,33.5143970000001,-2.0068397100000013
670.2,1248.679952,23.53462026,1.454338083,1297.684899,25.38550083,-0.062770699,15.3,33.70494700000013,-1.850880570000001
670.3000000000001,1251.04208,23.67726476,1.398551812,1300.222405,25.38068271,-0.033591794,15.3,33.88032500000004,-1.7034179499999986
670.4000000000001,1253.418194,23.81433063,1.342765542,1302.759576,25.37878247,-0.00441289,15.3,34.04138199999984,-1.5644518400000003
670.5,1255.807736,23.94581787,1.287081449,1305.296703,25.37980013,0.024766015,15.3,34.188967000000005,-1.4339822600000005
670.6,1258.210147,24.07172648,1.23201042,1307.834077,25.38373568,0.053944919,15.3,34.323929999999976,-1.312009200000002
670.7,1260.62487,24.19205647,1.178165517,1310.371991,25.39058911,0.083123823,15.3,34.44712099999988,-1.1985326399999998
670.8000000000001,1263.051348,24.30686913,1.126159803,1312.910736,25.40036044,0.112302728,15.3,34.559388000000084,-1.093491310000001
670.9000000000001,1265.489021,24.41647101,1.076606343,1315.450604,25.41304966,0.141492139,15.3,34.66158300000002,-0.99657865
671.0,1267.937333,24.52122994,1.030118198,1317.991887,25.42865677,0.170744589,15.3,34.75455399999983,-0.9074268299999986
671.1,1270.395725,24.62151375,0.987206256,1320.534877,25.44718177,0.200123119,15.3,34.83915199999997,-0.825668020000002
671.2,1272.863689,24.71769029,0.947972694,1323.079865,25.46863096,0.229690767,15.3,34.91617599999991,-0.7509406699999985
671.3000000000001,1275.340912,24.81012739,0.912315333,1325.627143,25.49303587,0.259510574,15.3,34.986231000000046,-0.6829084799999983
671.4000000000001,1277.827131,24.89919289,0.879723289,1328.177003,25.52043431,0.289645578,15.3,35.04987200000001,-0.6212414200000005
671.5,1280.322081,24.98525463,0.849583498,1330.729736,25.55086412,0.320148313,15.3,35.10765499999998,-0.5656094899999999
671.6,1282.8255,25.06861914,0.821282897,1333.285641,25.58436311,0.351029285,15.3,35.160141000000024,-0.5157439700000026
671.7,1285.337123,25.14934772,0.794208422,1335.845033,25.62096911,0.382277987,15.3,35.20791000000004,-0.47162138999999925
671.8000000000001,1287.856687,25.22744038,0.76774701,1338.408235,25.66071995,0.413841888,15.3,35.25154800000014,-0.43327956999999984
671.9000000000001,1290.383929,25.30289712,0.741387776,1340.975568,25.70365344,0.445657947,15.3,35.29163899999999,-0.4007563199999993
672.0,1292.918585,25.37571794,0.715028541,1343.547355,25.7498011,0.477663124,15.3,35.328770000000034,-0.37408315999999786
672.1,1295.460391,25.44590283,0.688669307,1346.123918,25.79916925,0.509794381,15.3,35.363526999999934,-0.3532664199999971
672.2,1298.009083,25.5134518,0.662310073,1348.705579,25.85175788,0.541988677,15.3,35.39649600000003,-0.3383060800000024
672.3000000000001,1300.564399,25.57836485,0.635950838,1351.292659,25.90756699,0.574193479,15.3,35.42825999999987,-0.3292021399999996
672.4000000000001,1303.126074,25.64064197,0.609591604,1353.885482,25.96659658,0.606398282,15.3,35.4594079999999,-0.32595461000000014
672.5,1305.693845,25.70028317,0.583220495,1356.484368,26.02884664,0.638603084,15.3,35.4905229999999,-0.3285634700000024
672.6,1308.267449,25.75728844,0.556778139,1359.089641,26.09431719,0.670807887,15.3,35.52219200000009,-0.33702875000000176
672.7,1310.846621,25.81165779,0.53019329,1361.701622,26.16300822,0.70301269,15.3,35.55500100000013,-0.35135042999999655
672.8000000000001,1313.431098,25.8633841,0.503394702,1364.320632,26.23491973,0.735217492,15.3,35.589533999999915,-0.37153563000000034
672.9000000000001,1316.020617,25.91243173,0.476311126,1366.946995,26.31005172,0.767422295,15.3,35.626378000000116,-0.39761998999999904
673.0,1318.614914,25.95875794,0.448871318,1369.581032,26.38840419,0.798815739,15.3,35.666118000000054,-0.42964624999999756
673.1,1321.213725,26.00231999,0.421015904,1372.223066,26.46997714,0.821096966,15.3,35.70934099999995,-0.46765715000000085
673.2,1323.816781,26.04307512,0.39273301,1374.873418,26.55477057,0.842130023,15.3,35.75663699999991,-0.5116954499999977
673.3000000000001,1326.423791,26.08098059,0.364034511,1377.53241,26.64229766,0.844314561,15.3,35.80861900000009,-0.5613170700000012
673.4000000000001,1329.034455,26.11599364,0.334979778,1380.200364,26.72757791,0.827026496,15.3,35.86590900000006,-0.6115842700000016
673.5,1331.648477,26.14807154,0.305640059,1382.877603,26.81532973,0.785397675,15.3,35.929125999999954,-0.6672581899999983
673.6,1334.265558,26.17717865,0.2760866,1385.564449,26.89499293,0.715371307,15.3,35.998890999999915,-0.7178142800000025
673.7,1336.885402,26.20330786,0.246390648,1388.260833,26.96619304,0.6203801,15.3,36.07543099999994,-0.7628851800000014
673.8000000000001,1339.507709,26.22645915,0.216623449,1390.965132,27.02600917,0.488503213,15.3,36.157423000000065,-0.7995500199999981
673.9000000000001,1342.132182,26.24663255,0.186844376,1393.67533,27.07152045,0.336529637,15.3,36.24314799999998,-0.8248879000000002
674.0,1344.758524,26.26382803,0.157065302,1396.389412,27.09980597,0.165083457,15.3,36.330887999999916,-0.8359779399999994
674.1,1347.386437,26.27804561,0.127286229,1399.105364,27.10843166,-0.020967176,15.3,36.418927000000124,-0.8303860500000013
674.2,1350.015622,26.28928528,0.097507155,1401.821172,27.09691071,-0.21675411,15.3,36.50555000000004,-0.8076254299999981
674.3000000000001,1352.645783,26.29754704,0.067728082,1404.53482,27.06524311,-0.417409196,15.3,36.58903700000015,-0.7676960699999995
674.4000000000001,1355.276621,26.30283089,0.037949009,1407.244294,27.01342887,-0.61887564,15.3,36.66767300000011,-0.7105979799999993
674.5,1357.907838,26.30513684,0.008169935,1409.947579,26.94146798,-0.820342084,15.3,36.739740999999825,-0.6363311399999994
674.6,1360.539137,26.30446488,-0.021333218,1412.64266,26.84936045,-1.021808528,15.3,36.803523,-0.5448955699999978
674.7,1363.17022,26.30081501,-0.04918085,1415.327524,26.73710628,-1.223274972,15.3,36.85730400000007,-0.4362912699999981
674.8000000000001,1365.800789,26.29418724,-0.073717438,1418.000155,26.60470546,-1.424741416,15.3,36.89936600000006,-0.3105182200000023
674.9000000000001,1368.430546,26.28474711,-0.093287463,1420.658538,26.45215799,-1.62620786,15.3,36.92799199999986,-0.16741087999999849
675.0,1371.059194,26.27332238,-0.106235402,1423.30066,26.27946389,-1.827674304,15.3,36.941466000000176,-0.006141509999999073
675.1,1373.686435,26.26090638,-0.110905735,1425.924505,26.08662313,-2.027320604,15.3,36.93806999999988,0.174283250000002
675.2,1376.311971,26.2484924,-0.105918859,1428.528058,25.87363574,-2.216046034,15.3,36.91608700000002,0.37485665999999895
675.3000000000001,1378.935636,26.23707377,-0.090998855,1431.109305,25.64050169,-2.382929728,15.3,36.87366900000002,0.5965720799999978
675.4000000000001,1381.557795,26.2276438,-0.066421642,1433.666232,25.3883131,-2.517050814,15.3,36.8084370000001,0.8393306999999979
675.5,1384.178945,26.22119579,-0.033566823,1436.196823,25.12253037,-2.607488427,15.3,36.717877999999885,1.0986654199999997
675.6,1386.799583,26.21872307,0.005910082,1438.699064,24.84970605,-2.643321695,15.3,36.599480999999926,1.3690170199999976
675.7,1389.420205,26.22105339,0.050353551,1441.17094,24.57639264,-2.615449896,15.3,36.45073500000008,1.64466075
675.8000000000001,1392.041309,26.22835231,0.098108063,1443.61131,24.30914268,-2.522052884,15.3,36.27000100000005,1.9192096299999974
675.9000000000001,1394.663392,26.24061982,0.147518096,1446.022529,24.05450868,-2.364950805,15.3,36.05913700000015,2.1861111399999977
676.0,1397.286949,26.25785593,0.19720405,1448.407823,23.81904316,-2.153244382,15.3,35.82087399999996,2.438812770000002
676.1,1399.912479,26.28006063,0.246890003,1450.770419,23.60929864,-1.897854485,15.3,35.557939999999874,2.6707619900000026
676.2,1402.540477,26.30723393,0.296575957,1453.113546,23.43073557,-1.609701981,15.3,35.273069000000035,2.8764983599999994
676.3000000000001,1405.171441,26.33937582,0.34626191,1455.44043,23.28444601,-1.29970774,15.3,34.96898900000015,3.054929810000001
676.4000000000001,1407.805868,26.37648631,0.395947864,1457.754298,23.17042999,-0.97879263,15.3,34.64843000000015,3.206056320000002
676.5,1410.444254,26.41856539,0.445633818,1460.058379,23.08868749,-0.656057375,15.3,34.31412500000006,3.3298778999999996
676.6,1413.087097,26.46561307,0.494869042,1462.355899,23.03921851,-0.33332212,15.3,33.968801999999826,3.4263945599999985
676.7,1415.734892,26.51762935,0.541399894,1464.650086,23.02202306,-0.010586865,15.3,33.61519400000016,3.4956062900000013
676.8000000000001,1418.388138,26.57461422,0.582521998,1466.944167,23.03710114,0.31214839,15.3,33.25602900000008,3.53751308
676.9000000000001,1421.047331,26.63629725,0.615530983,1469.241369,23.08445274,0.634883644,15.3,32.894038000000094,3.5518445099999987
677.0,1423.712967,26.70132625,0.637722475,1471.54492,23.16407787,0.957618899,15.3,32.531953000000115,3.537248380000001
677.1,1426.385544,26.76807859,0.6463921,1473.858048,23.27597652,1.278350442,15.3,32.172504000000075,3.492102069999998
677.2,1429.065559,26.83493166,0.639286215,1476.183979,23.4201487,1.58705971,15.3,31.818420000000014,3.41478296
677.3000000000001,1431.753292,26.90026283,0.61595409,1478.525941,23.5965944,1.871724431,15.3,31.472649,3.3036684299999983
677.4000000000001,1434.448158,26.96244948,0.576846454,1480.887161,23.80411141,2.12032233,15.3,31.139003000000184,3.158338069999999
677.5,1437.149355,27.01986897,0.524216951,1483.270867,24.03668857,2.320831134,15.3,30.821511999999938,2.983180400000002
677.6,1439.856083,27.0708987,0.460769956,1485.680286,24.28711253,2.461228568,15.3,30.524203000000124,2.783786169999999
677.7,1442.567541,27.11418646,0.38920984,1488.118645,24.54816992,2.531496071,15.3,30.251104000000122,2.5660165399999997
677.8000000000001,1445.282927,27.14946183,0.312240978,1490.58821,24.81264738,2.52962993,15.3,30.005282999999917,2.3368144499999985
677.9000000000001,1448.00144,27.17672481,0.232567743,1493.087399,25.07333155,2.457633859,15.3,29.785959000000002,2.1033932600000007
678.0,1450.722278,27.19597538,0.152443778,1495.613669,25.32300905,2.325526418,15.3,29.59139100000011,1.8729663300000006
678.1,1453.444641,27.20721356,0.072319814,1498.164477,25.55446653,2.145329882,15.3,29.419835999999986,1.6527470300000004
678.2,1456.167727,27.21043934,-0.00780415,1500.737279,25.76169284,1.929066524,15.3,29.26955199999993,1.4487465000000022
678.3000000000001,1458.890735,27.20565273,-0.087928114,1503.329532,25.94348577,1.688758618,15.3,29.13879700000002,1.2621669600000018
678.4000000000001,1461.612864,27.19285372,-0.168052079,1505.938693,26.09984531,1.436428438,15.3,29.025829000000112,1.0930084099999995
678.5,1464.333312,27.17204232,-0.248176043,1508.562218,26.23077146,1.182094546,15.3,28.92890600000005,0.9412708599999995
678.6,1467.051278,27.14321851,-0.328300007,1511.197564,26.33626422,0.927760654,15.3,28.846286000000145,0.8069542900000002
678.7,1469.765962,27.10638231,-0.407850484,1513.842187,26.41632359,0.673426761,15.3,28.77622500000002,0.6900587199999997
678.8000000000001,1472.476561,27.06153372,-0.483960034,1516.493545,26.47094957,0.419092869,15.3,28.716984000000092,0.5905841500000015
678.9000000000001,1475.182275,27.00867273,-0.553187733,1519.149094,26.50014216,0.164758977,15.3,28.666819000000213,0.5085305700000013
679.0,1477.882302,26.94814343,-0.612092655,1521.80629,26.50390137,-0.089574915,15.3,28.623988000000008,0.444242059999997
679.1,1480.575841,26.88166629,-0.657233872,1524.462591,26.48222718,-0.343908807,15.3,28.586749999999892,0.39943910999999943
679.2,1483.262091,26.81130587,-0.685170461,1527.115453,26.43511961,-0.5971367,15.3,28.553361999999833,0.37618626000000077
679.3000000000001,1485.94025,26.73912672,-0.693034981,1529.762332,26.36257864,-0.843728602,15.3,28.52208199999991,0.3765480800000027
679.4000000000001,1488.609793,26.6671934,-0.680253947,1532.400685,26.26460429,-1.077048519,15.3,28.490891999999985,0.4025891099999974
679.5,1491.271295,26.59757045,-0.647400845,1535.027969,26.14186014,-1.290460461,15.3,28.456673999999975,0.4557103100000006
679.6,1493.925606,26.53232244,-0.597343113,1537.641641,25.99766421,-1.477328434,15.3,28.41603499999992,0.5346582300000016
679.7,1496.573576,26.47351393,-0.533521678,1540.239157,25.83599807,-1.636125236,15.3,28.365580999999974,0.6375158600000006
679.8000000000001,1499.216057,26.42286537,-0.459377465,1542.817974,25.66084333,-1.745994508,15.3,28.301916999999957,0.7620220400000015
679.9000000000001,1501.853897,26.38072085,-0.378351401,1545.376079,25.47618158,-1.821156616,15.3,28.22218199999993,0.9045392700000008
680.0,1504.487949,26.34708039,-0.29388441,1547.913584,25.28292915,-1.857608771,15.3,28.12563499999983,1.0641512399999975
680.1,1507.119061,26.32194397,-0.208843932,1550.43113,25.09426344,-1.860880966,15.3,28.012068999999837,1.2276805300000007
680.2,1509.748085,26.3053116,-0.123803454,1552.92936,24.90497024,-1.837609193,15.3,27.88127500000014,1.4003413599999988
680.3000000000001,1512.375872,26.29718328,-0.038762976,1555.408914,24.72143281,-1.789320655,15.3,27.733042000000022,1.5757504699999991
680.4000000000001,1515.00327,26.29755901,0.046277502,1557.870437,24.54431475,-1.737977711,15.3,27.567167000000108,1.7532442599999989
680.5,1517.631131,26.30643878,0.13131798,1560.314568,24.37361606,-1.674889986,15.3,27.383436999999912,1.9328227200000008
680.6,1520.260306,26.3238226,0.216358458,1562.74195,24.20933675,-1.610696262,15.3,27.181644000000187,2.114485850000001
680.7,1522.891644,26.34971047,0.300634282,1565.153225,24.05147681,-1.546502539,15.3,26.961580999999978,2.298233660000001
680.8000000000001,1525.525996,26.38410239,0.38032218,1567.549036,23.90003624,-1.482308815,15.3,26.72303999999981,2.4840661500000003
680.9000000000001,1528.164212,26.42699836,0.450834226,1569.930023,23.75501505,-1.418115091,15.3,26.465810999999984,2.671983309999998
681.0,1530.807144,26.47793958,0.507582495,1572.296829,23.61641323,-1.353921367,15.3,26.18968499999978,2.861526350000002
681.1,1533.45564,26.53463209,0.545979061,1574.650096,23.48423078,-1.289727644,15.3,25.894456000000172,3.050401309999998
681.2,1536.110552,26.59432314,0.561435999,1576.990466,23.3584677,-1.22553392,15.3,25.57991399999987,3.2358554400000017
681.3000000000001,1538.77273,26.65425997,0.550130035,1579.31858,23.23912399,-1.161340196,15.3,25.2458500000002,3.4151359799999987
681.4000000000001,1541.442657,26.71168983,0.511296518,1581.635081,23.12619966,-1.097146473,15.3,24.892423999999846,3.58549017
681.5,1544.11935,26.76385995,0.445700099,1583.94061,23.0196947,-1.032952749,15.3,24.521260000000165,3.7441652500000018
681.6,1546.801454,26.8080176,0.357164052,1586.23581,22.91960911,-0.968759025,15.3,24.13435599999998,3.8884084899999998
681.7,1549.48762,26.84141,0.250276302,1588.521322,22.82594289,-0.904565301,15.3,23.733701999999948,4.0154671099999995
681.8000000000001,1552.176495,26.8617432,0.129624775,1590.797789,22.73869605,-0.840371578,15.3,23.321294000000034,4.123047149999998
681.9000000000001,1554.866728,26.8685584,-0.000202605,1593.065852,22.65786858,-0.776177854,15.3,22.899123999999983,4.2106898200000025
682.0,1557.556966,26.86185561,-0.134617909,1595.326153,22.58346048,-0.71198413,15.3,22.469186999999874,4.27839513
682.1,1560.245858,26.84163482,-0.269797869,1597.579334,22.51547175,-0.647790407,15.3,22.033476000000018,4.32616307
682.2,1562.932052,26.80789603,-0.404977828,1599.826037,22.4539024,-0.583596683,15.3,21.59398499999993,4.353993629999998
682.3000000000001,1565.614196,26.76063925,-0.540157787,1602.066905,22.39875241,-0.519402959,15.3,21.152708999999913,4.36188684
682.4000000000001,1568.290939,26.69986448,-0.675337746,1604.302578,22.3500218,-0.455209236,15.3,20.71163900000006,4.349842679999998
682.5,1570.960928,26.6255717,-0.810517705,1606.5337,22.30771057,-0.391015512,15.3,20.272771999999986,4.317861129999997
682.6,1573.622812,26.53776094,-0.945697664,1608.760911,22.2718187,-0.326821788,15.3,19.83809900000001,4.2659422399999976
682.7,1576.275239,26.43643217,-1.080877623,1610.984854,22.24234621,-0.262628064,15.3,19.409614999999985,4.194085959999999
682.8000000000001,1578.916858,26.32158541,-1.216057582,1613.20617,22.21929309,-0.198434341,15.3,18.98931199999988,4.10229232
682.9000000000001,1581.546315,26.19322066,-1.351237542,1615.425503,22.20265934,-0.134240617,15.3,18.579187999999885,3.990561320000001
683.0,1584.162261,26.0513379,-1.486417501,1617.643492,22.19244497,-0.070046893,15.3,18.18123099999998,3.8588929299999997
683.1,1586.763342,25.89593716,-1.62159746,1619.860782,22.18864996,-0.00585317,15.3,17.797440000000005,3.7072871999999997
683.2,1589.348207,25.72701841,-1.756777419,1622.078013,22.19127433,0.037918174,15.3,17.429806000000053,3.5357440800000006
683.3000000000001,1591.915505,25.54458167,-1.891957378,1624.295827,22.20031807,0.09092518,15.3,17.080321999999978,3.344263599999998
683.4000000000001,1594.463883,25.34862694,-2.027137337,1626.514867,22.21578119,0.11637717,15.3,16.750984000000198,3.1328457499999978
683.5,1596.991989,25.1391542,-2.162317296,1628.735774,22.22541025,0.134696524,15.3,16.443784999999888,2.9137439500000006
683.6,1599.498472,24.91616348,-2.297497256,1630.95919,22.24700007,0.140777647,15.3,16.160718000000042,2.669163410000003
683.7,1601.981981,24.67965475,-2.432677215,1633.185757,22.25847626,0.144133663,15.3,15.903776000000061,2.4211784900000026
683.8000000000001,1604.441162,24.42962803,-2.567857174,1635.416117,22.27209225,0.145883242,15.3,15.674954999999908,2.15753578
683.9000000000001,1606.874665,24.16608332,-2.703037133,1637.650913,22.28784802,0.146858771,15.3,15.476247999999895,1.8782353
