t,x_follower,v_follower,a_follower,x_leader,v_leader,a_leader,leader_length,spacing,dv
573.7,287.360814,21.58205648,1.313542526,428.9445667,22.88572689,-0.314925063,64.3,77.2837527,-1.3036704100000023
573.8000000000001,289.5205947,21.72351013,1.50619192,431.2312184,22.84698292,-0.351668015,64.3,77.41062369999999,-1.1234727899999974
573.9,291.6955204,21.88495505,1.68638989,433.5138686,22.80822996,-0.370232348,64.3,77.5183482,-0.92327491
574.0,293.8875901,22.06576868,1.847910723,435.7926121,22.77073847,-0.375162718,64.3,77.60502199999998,-0.7049697899999998
574.1,296.098803,22.26283815,1.988024857,438.0675433,22.7330893,-0.368607543,64.3,77.66874030000004,-0.4702511499999993
574.2,298.3311582,22.47242803,2.090018128,440.3387569,22.69638623,-0.36046054,64.3,77.70759870000002,-0.223958200000002
574.3000000000001,300.5866549,22.69080291,2.159190894,442.6063475,22.66062926,-0.35283915,64.3,77.71969260000004,0.030173649999998275
574.4,302.866794,22.91632504,2.191009386,444.8704097,22.6258184,-0.343378114,64.3,77.70361569999996,0.29050664000000026
574.5,305.1710845,23.13896593,2.186511222,447.1310381,22.59195364,-0.333917079,64.3,77.65995360000001,0.5470122900000014
574.6,307.4985372,23.36128321,2.150884497,449.3883274,22.55903498,-0.324456043,64.3,77.5897902,0.80224823
574.7,309.8481627,23.57744378,2.086858771,451.6423721,22.52706243,-0.314995007,64.3,77.4942094,1.0503813499999985
574.8000000000001,312.218972,23.78433477,2.01114821,453.8932668,22.49603598,-0.305533971,64.3,77.37429479999999,1.2882987900000025
574.9,314.6099758,23.98133361,1.919490073,456.1411062,22.46595564,-0.29585911,64.3,77.23113040000005,1.5153779699999994
575.0,317.0201848,24.1684403,1.821606224,458.3859849,22.43682139,-0.284901301,64.3,77.0658001,1.7316189100000017
575.1,319.4486099,24.34565485,1.722684756,460.6279974,22.40863326,-0.271377593,64.3,76.87938750000002,1.9370215900000005
575.2,321.8942618,24.51297726,1.623763289,462.8672385,22.38151952,-0.254005039,64.3,76.6729767,2.1314577399999983
575.3000000000001,324.3561514,24.67040751,1.524841821,465.1038026,22.35612165,-0.231500689,64.3,76.44765120000001,2.314285860000002
575.4,326.8332894,24.81794562,1.425920353,467.3377845,22.33320942,-0.202581595,64.3,76.20449509999999,2.4847362000000004
575.5,329.3246866,24.95559158,1.326998885,469.5692787,22.31355261,-0.166178631,64.3,75.94459209999998,2.6420389700000015
575.6,331.8293538,25.0833454,1.228077418,471.7984824,22.29792098,-0.122077975,64.3,75.66912860000004,2.7854244199999982
575.7,334.3463018,25.20120707,1.129573804,474.0260035,22.2870843,-0.070493449,64.3,75.37970170000001,2.9141227699999988
575.8000000000001,336.8745413,25.30917659,1.033577318,476.2525524,22.28181234,-0.012494179,64.3,75.07801110000004,3.0273642500000015
575.9,339.4130832,25.40725396,0.942595085,478.4788395,22.28287486,0.050636887,64.3,74.76575629999998,3.1243790999999987
576.0,341.9609382,25.4956899,0.859134233,480.7055753,22.29091336,0.117616799,64.3,74.44463710000004,3.2047765399999975
576.1,344.5171171,25.57573797,0.785701889,482.9334701,22.3060561,0.18716261,64.3,74.11635300000002,3.2696818699999994
576.2,347.0806307,25.64890245,0.722219902,485.1632343,22.32830311,0.257991369,64.3,73.78260360000003,3.320599340000001
576.3000000000001,349.6504898,25.71668761,0.678533375,487.3955785,22.35765438,0.329033953,64.3,73.4450887,3.3590332300000014
576.4,352.2259057,25.78059772,0.647304332,489.6312131,22.3941099,0.400076537,64.3,73.10530740000003,3.3864878199999993
576.5,354.8068921,25.8405859,0.630700197,491.8708484,22.43766969,0.471119122,64.3,72.76395629999998,3.4029162100000008
576.6,357.3936633,25.90280993,0.626631695,494.1151949,22.48833373,0.542161706,64.3,72.4215316,3.4144761999999993
576.7,359.9864332,25.96412057,0.632591702,496.364963,22.54610203,0.61320429,64.3,72.07852979999997,3.4180185399999985
576.8000000000001,362.5854163,26.02732257,0.648658365,498.6208632,22.61097459,0.684246874,64.3,71.73544689999996,3.4163479799999976
576.9,365.1908267,26.09266662,0.664568729,500.8836058,22.6829514,0.754987309,64.3,71.3927791,3.409715219999999
577.0,367.8028786,26.16015274,0.685571496,503.1539013,22.76203248,0.823914845,64.3,71.05102269999999,3.3981202600000024
577.1,370.4217862,26.22978092,0.706992118,505.4324602,22.84821781,0.889216586,64.3,70.710674,3.3815631099999983
577.2,373.0477638,26.30155117,0.72841274,507.7199928,22.94132611,0.949079634,64.3,70.37222900000002,3.360225060000001
577.3000000000001,375.6810254,26.37546347,0.749833362,510.0172095,23.04045093,1.00169109,64.3,70.03618409999997,3.335012540000001
577.4,378.3217854,26.45151784,0.771253984,512.3248209,23.14450454,1.046836738,64.3,69.70303549999996,3.3070133000000013
577.5,380.970258,26.52971427,0.792674606,514.6435373,23.25239918,1.078209787,64.3,69.37327930000005,3.2773150899999983
577.6,383.6266573,26.61005276,0.814095228,516.9739241,23.36304713,1.10030413,64.3,69.0472668,3.2470056299999968
577.7,386.2911975,26.69253331,0.835416709,519.3159666,23.47631985,1.111823235,64.3,68.72476910000002,3.2162134600000023
577.8000000000001,388.9640929,26.77715593,0.856143348,521.669505,23.58825198,1.114277852,64.3,68.40541209999994,3.1889039500000003
577.9,391.6455577,26.86392061,0.875680303,524.0343795,23.70063341,1.109480877,64.3,68.08882180000002,3.1632872000000027
578.0,394.335806,26.95276786,0.893432731,526.4104305,23.81159848,1.097646527,64.3,67.77462449999997,3.141169380000001
578.1,397.0350521,27.04340028,0.909100586,528.797498,23.92096589,1.085383744,64.3,67.46244590000005,3.1224343899999987
578.2,399.7435102,27.13546094,0.921204638,531.1954225,24.02873566,1.069709382,64.3,67.15191229999995,3.1067252800000027
578.3000000000001,402.4613945,27.22859295,0.930133572,533.604044,24.13490777,1.053732871,64.3,66.84264950000006,3.093685179999998
578.4,405.1888716,27.32261628,0.935493453,536.0232028,24.23948223,1.037756359,64.3,66.53433120000001,3.083134049999998
578.5,407.9259177,27.41664339,0.937383421,538.4527393,24.34245904,1.021779847,64.3,66.22682159999995,3.0741843499999995
578.6,410.6724617,27.51084801,0.936299177,540.8924935,24.4438382,1.005803336,64.3,65.92003180000002,3.067009810000002
578.7,413.428432,27.60469635,0.932540768,543.3423057,24.54361971,0.989826824,64.3,65.61387370000001,3.0610766399999996
578.8000000000001,416.1937575,27.69789099,0.927587425,545.8020162,24.64180357,0.973850313,64.3,65.30825870000002,3.0560874200000008
578.9,418.9683668,27.79037246,0.921149601,548.2714653,24.73838977,0.957873801,64.3,65.00309850000004,3.051982689999999
579.0,421.7521886,27.88214074,0.914116935,550.750493,24.83337833,0.942019373,64.3,64.6983044,3.048762410000002
579.1,424.5451515,27.97319584,0.906985128,553.2389398,24.92676923,0.926897446,64.3,64.39378830000005,3.0464266099999975
579.2,427.3471844,28.06353777,0.899853322,555.7366457,25.01856248,0.91324052,64.3,64.08946130000005,3.04497529
579.3000000000001,430.1582157,28.15316651,0.892721515,558.2434511,25.10883133,0.901781097,64.3,63.78523539999999,3.0443351799999974
579.4,432.9781742,28.24208207,0.885589709,560.7591961,25.19794203,0.893251678,64.3,63.481021900000044,3.0441400399999985
579.5,435.8069887,28.33028445,0.878457902,563.2837211,25.28633408,0.888384763,64.3,63.176732400000006,3.043950370000001
579.6,438.6445877,28.41777365,0.871326095,565.8168662,25.37444698,0.887790769,64.3,62.872278500000064,3.0433266700000026
579.7,441.4909,28.50454967,0.864194289,568.3585303,25.46272024,0.891591781,64.3,62.567630299999976,3.04182943
579.8000000000001,444.3458542,28.59061251,0.857009598,570.9088467,25.55159334,0.899665714,64.3,62.26299250000001,3.0390191699999995
579.9,447.2093791,28.67596217,0.849507598,573.468007,25.64150579,0.911402152,64.3,61.95862789999997,3.034456379999998
580.0,450.0814033,28.76059864,0.841370983,576.0362033,25.7328971,0.926068593,64.3,61.65480000000004,3.0277015400000025
580.1,452.9618554,28.84449021,0.832282444,578.6136273,25.82613351,0.942932536,64.3,61.351771899999974,3.018356700000002
580.2,455.8506643,28.92747821,0.821924672,581.2004708,25.92128828,0.961261482,64.3,61.049806499999946,3.0061899300000015
580.3000000000001,458.7477584,29.00937226,0.80998036,583.7969257,26.01836139,0.980322928,64.3,60.74916729999997,2.99101087
580.4,461.6530666,29.08998197,0.796185085,586.4031839,26.11735286,0.999506458,64.3,60.45011730000006,2.9726291099999997
580.5,464.5664922,29.16911697,0.780485961,589.0194371,26.21826268,1.018689987,64.3,60.15294489999998,2.9508542900000023
580.6,467.4878368,29.24658686,0.762935874,591.6458773,26.32109086,1.037873517,64.3,59.85804050000003,2.925495999999999
580.7,470.4168769,29.32220126,0.743799247,594.2826961,26.42583739,1.057057047,64.3,59.56581919999998,2.8963638699999983
580.8000000000001,473.3533889,29.39576979,0.723393388,596.9300856,26.53250227,1.076240577,64.3,59.27669669999996,2.863267520000001
580.9,476.297149,29.46713378,0.702035605,599.5882374,26.6410855,1.095424106,64.3,58.99108840000004,2.826048280000002
581.0,479.2479337,29.53626152,0.680043205,602.2573435,26.75158709,1.114315462,64.3,58.709409800000074,2.784674429999999
581.1,482.2055194,29.603153,0.657733498,604.9375957,26.86400703,1.130506481,64.3,58.43207629999996,2.739145969999999
581.2,485.1696825,29.66780822,0.635370905,607.6291857,26.97834532,1.144981558,64.3,58.159503199999975,2.6894629000000023
581.3000000000001,488.1401992,29.73022718,0.613008313,610.3323055,27.09442666,1.153459075,64.3,57.89210629999998,2.63580052
581.4,491.116846,29.79040988,0.590645721,613.0471469,27.21080616,1.154819978,64.3,57.63030090000002,2.579603719999998
581.5,494.0993993,29.84835633,0.568283129,615.7739018,27.32807444,1.147415654,64.3,57.37450249999996,2.5202818899999997
581.6,497.0876354,29.90406651,0.545920537,618.5127618,27.44366253,1.129785233,64.3,57.12512640000001,2.460403979999999
581.7,500.0813307,29.95754043,0.523557944,621.2637787,27.55689902,1.10258383,64.3,56.88244799999997,2.400641410000002
581.8000000000001,503.0802616,30.0087781,0.501004934,624.0264431,27.66679471,1.063366183,64.3,56.64618150000008,2.3419833899999993
581.9,506.0842045,30.0577795,0.477309411,626.8001053,27.7722978,1.016121732,64.3,56.415900800000045,2.2854816999999983
582.0,509.0929357,30.10454465,0.451328863,629.5841158,27.87235645,0.961969534,64.3,56.191180099999954,2.2321881999999995
582.1,512.1062316,30.14895929,0.421920779,632.3778248,27.96609415,0.9025582,64.3,55.97159319999999,2.1828651400000005
582.2,515.1238685,30.19045216,0.387942647,635.1805827,28.05333557,0.839640775,64.3,55.75671419999999,2.137116589999998
582.3000000000001,518.1456229,30.22833775,0.348251953,637.99174,28.13408074,0.774970305,64.3,55.54611710000002,2.0942570099999998
582.4,521.1712711,30.26193057,0.301896606,640.810647,28.20832963,0.710007661,64.3,55.33937590000001,2.053600939999999
582.5,524.2004982,30.29054509,0.248686185,643.6366541,28.27608227,0.645045017,64.3,55.13615590000002,2.0144628199999985
582.6,527.2326234,30.31349582,0.18881111,646.4691116,28.33733864,0.580082373,64.3,54.936488200000056,1.9761571800000013
582.7,530.2668747,30.33009725,0.123223474,649.3073699,28.39209874,0.515119729,64.3,54.74049520000001,1.93799851
582.8000000000001,533.3024801,30.33966387,0.053065789,652.1507795,28.44036258,0.450157085,64.3,54.548299399999976,1.8993012900000004
582.9,536.3386676,30.34162442,-0.020519432,654.9986906,28.48213016,0.38519444,64.3,54.36002300000003,1.8594942599999982
583.0,539.3746652,30.33586465,-0.096389677,657.8504536,28.51740147,0.320319205,64.3,54.17578840000006,1.818463180000002
583.1,542.4097007,30.32238457,-0.173402435,660.705419,28.54617652,0.25596842,64.3,53.99571829999998,1.776208050000001
583.2,545.4430022,30.30118416,-0.250605611,663.5629371,28.5684553,0.192666536,64.3,53.81993489999998,1.7327288599999981
583.3000000000001,548.4737977,30.27226344,-0.327808788,666.4223582,28.58429027,0.130938004,64.3,53.64856049999999,1.6879731699999994
583.4,551.5013151,30.23562241,-0.405011964,669.2830328,28.59394364,0.071307274,64.3,53.48171769999995,1.6416787700000022
583.5,554.5247824,30.19126105,-0.48221514,672.1443111,28.59773008,0.014298797,64.3,53.319528699999935,1.5935309699999998
583.6,557.5434275,30.13917938,-0.559418317,675.0055437,28.59596427,-0.039650385,64.3,53.16211619999997,1.543215110000002
583.7,560.5564784,30.07937739,-0.636621493,677.8661228,28.58896088,-0.090452864,64.3,53.00964440000003,1.4904165100000029
583.8000000000001,563.5631631,30.01185508,-0.71382467,680.7256085,28.57703458,-0.138196047,64.3,52.86244540000003,1.4348205000000007
583.9,566.5627096,29.93661245,-0.789971768,683.5836031,28.56050003,-0.183316978,64.3,52.72089350000006,1.3761124199999983
584.0,569.5543457,29.85364951,-0.859782399,686.4397085,28.53967192,-0.226340106,64.3,52.585362800000055,1.3139775900000004
584.1,572.5372996,29.76296625,-0.913266208,689.2935269,28.51481245,-0.267789882,64.3,52.45622729999998,1.2481538000000008
584.2,575.5107992,29.66519632,-0.955048393,692.1446604,28.48597409,-0.308190757,64.3,52.33386120000007,1.1792222300000006
584.3000000000001,578.4740723,29.56350795,-0.967830821,694.9927112,28.45315682,-0.348067182,64.3,52.218638900000045,1.1103511300000015
584.4,581.4263471,29.46389535,-0.948930915,697.8372812,28.41636065,-0.387856198,64.3,52.110934099999966,1.0475347
584.5,584.3668514,29.36358342,-0.893068283,700.6779727,28.37558558,-0.427645215,64.3,52.011121300000084,0.987997840000002
584.6,587.2953202,29.27295102,-0.79918685,703.5143878,28.33083161,-0.467434231,64.3,51.91906760000002,0.9421194100000001
584.7,590.2135159,29.1936077,-0.671996581,706.3461285,28.28209873,-0.507223247,64.3,51.83261260000002,0.9115089699999999
584.8000000000001,593.1237082,29.12935535,-0.505816199,709.172797,28.22938696,-0.547012263,64.3,51.74908879999994,0.8999683900000015
584.9,596.0281664,29.08399584,-0.317943838,711.9939954,28.17269628,-0.58680128,64.3,51.66582899999999,0.9112995599999998
585.0,598.92916,29.06069741,-0.111062076,714.8093257,28.1120267,-0.626474445,64.3,51.58016570000002,0.9486707099999983
585.1,601.8289585,29.0600937,0.10849262,717.6183902,28.04737822,-0.665452505,64.3,51.489431700000026,1.0127154800000007
585.2,604.7298313,29.08218471,0.334383783,720.4207908,27.97875084,-0.703040354,64.3,51.390959499999965,1.10343387
585.3000000000001,607.6340481,29.12697046,0.561331024,723.2161298,27.90621407,-0.738542886,64.3,51.282081700000006,1.2207563899999982
585.4,610.5438781,29.19445092,0.788278265,726.0040092,27.83011546,-0.771264997,64.3,51.160131100000015,1.364335460000003
585.5,613.4615909,29.28462611,1.015225506,728.7840311,27.75087207,-0.80051158,64.3,51.02244019999996,1.5337540400000016
585.6,616.3894559,29.39749602,1.242172747,731.5557977,27.66890097,-0.825703382,64.3,50.866341799999944,1.7285950499999991
585.7,619.3297427,29.53306066,1.469119988,734.3189666,27.58461922,-0.84672455,64.3,50.68922389999996,1.9484414399999999
585.8000000000001,622.2847207,29.69132002,1.696067229,737.0734181,27.49844389,-0.863690937,64.3,50.48869740000005,2.1928761299999984
585.9,625.2566594,29.8722741,1.920951164,739.8190878,27.41079204,-0.877181797,64.3,50.26242840000005,2.461482059999998
586.0,628.2478282,30.07592291,2.133455259,742.5559116,27.32208073,-0.887892234,64.3,50.00808339999999,2.7538421799999995
586.1,631.2604966,30.30226645,2.321199675,745.2838252,27.23265751,-0.896517355,64.3,49.723328600000016,3.069608940000002
586.2,634.2969341,30.55006672,2.471804572,748.0027643,27.14259189,-0.903752266,64.3,49.405830199999926,3.4074748300000017
586.3000000000001,637.3594102,30.81313381,2.572890111,750.7126647,27.05188388,-0.91029207,64.3,49.05325450000005,3.7612499300000017
586.4,640.4501943,31.08403982,2.612076453,753.4134623,26.96053348,-0.916716024,64.3,48.663267999999974,4.123506340000002
586.5,643.5715559,31.35535685,2.579047064,756.1050926,26.86854068,-0.923139978,64.3,48.233536700000016,4.486816170000001
586.6,646.7247741,31.61965698,2.471738638,758.7874916,26.77590548,-0.929563932,64.3,47.762717499999965,4.8437515
586.7,649.9071664,31.86951232,2.292214482,761.4605949,26.68262789,-0.935987886,64.3,47.2534285,5.186884429999999
586.8000000000001,653.11506,32.09749496,2.050791128,764.1243384,26.58870791,-0.942411839,64.3,46.70927840000009,5.508787049999999
586.9,656.3447821,32.296177,1.759848416,766.7786577,26.49414552,-0.948835793,64.3,46.13387560000008,5.80203148
587.0,659.5926597,32.45936851,1.431766186,769.4234887,26.39894075,-0.955259747,64.3,45.530829,6.060427759999996
587.1,662.85502,32.58583152,1.078924276,772.058767,26.30309357,-0.961663901,64.3,44.903747000000024,6.282737949999998
587.2,666.1281902,32.67556603,0.713702527,774.6844286,26.20660401,-0.967949253,64.3,44.2562384000001,6.468962019999999
587.3000000000001,669.4084975,32.72857203,0.346417471,777.300409,26.10947204,-0.973997002,64.3,43.591911499999995,6.619099990000002
587.4,672.6922689,32.74484952,-0.020867584,779.9066442,26.01170957,-0.979688347,64.3,42.91437529999992,6.733139950000002
587.5,675.9758316,32.72439851,-0.38815264,782.5030698,25.91337597,-0.984904486,64.3,42.22723820000006,6.81102254
587.6,679.2555128,32.667219,-0.755437696,785.0896216,25.81454255,-0.989526617,64.3,41.53410879999997,6.852676450000004
587.7,682.5276397,32.57331097,-1.122722751,787.6662353,25.71528057,-0.99345574,64.3,40.83859560000003,6.8580304000000005
587.8000000000001,685.7885393,32.44267445,-1.490007807,790.2328563,25.61566132,-0.996672054,64.3,40.14431699999996,6.827013129999997
587.9,689.0345388,32.27530941,-1.855563995,792.7894678,25.51575607,-0.99919536,64.3,39.454929000000064,6.75955334
588.0,692.2619654,32.07121587,-2.210746978,795.3360626,25.41563612,-1.001124658,64.3,38.774097199999986,6.655579750000005
588.1,695.4671463,31.83039383,-2.545183551,797.8726335,25.31537274,-1.00257875,64.3,38.10548720000004,6.515021089999998
588.2,698.6464084,31.5538806,-2.848500508,800.3991732,25.21502533,-1.003676438,64.3,37.45276479999991,6.33885527
588.3000000000001,701.7960792,31.24686279,-3.118073885,802.9156746,25.11460577,-1.004536523,64.3,36.81959539999998,6.132257020000001
588.4,704.9124855,30.91556431,-3.320282757,805.4221305,25.01411407,-1.005277807,64.3,36.20964499999998,5.901450239999999
588.5,707.9919547,30.56620911,-3.469730505,807.9185335,24.91355021,-1.00599929,64.3,35.62657880000002,5.652658899999999
588.6,711.0316438,30.20037154,-3.556939022,810.4048766,24.81291421,-1.006720773,64.3,35.073232799999985,5.38745733
588.7,714.0320291,29.83822417,-3.583637176,812.8811524,24.71220606,-1.007442256,64.3,34.54912329999998,5.12601811
588.8000000000001,716.9944169,29.4720423,-3.558469305,815.3473539,24.61142576,-1.00816374,64.3,34.052937,4.860616539999999
588.9,719.9201135,29.11269937,-3.484059373,817.8034737,24.51057331,-1.008885223,64.3,33.58336020000009,4.60212606
589.0,722.8104253,28.76538201,-3.394028306,820.2495046,24.40964871,-1.009606706,64.3,33.139079300000006,4.355733300000001
589.1,725.6666585,28.43112752,-3.275501588,822.6854395,24.30865197,-1.010610247,64.3,32.71878099999999,4.122475550000001
589.2,728.4901194,28.10993592,-3.146601666,825.1112711,24.20758307,-1.013306136,64.3,32.32115169999993,3.9023528500000033
589.3000000000001,731.2821142,27.80180719,-3.015972875,827.5269922,24.10644203,-1.019386721,64.3,31.944877999999974,3.6953651600000015
589.4,734.0439494,27.50674134,-2.885344085,829.9325956,24.00505961,-1.030544348,64.3,31.588646200000042,3.5016817300000014
589.5,736.7769311,27.22473837,-2.754715295,832.328074,23.90258963,-1.048471366,64.3,31.251142900000062,3.3221487399999994
589.6,739.4823656,26.95579828,-2.624086505,834.7134203,23.79801668,-1.074860122,64.3,30.931054700000075,3.1577816
589.7,742.1615593,26.69992107,-2.493457715,837.0886273,23.69032536,-1.111120907,64.3,30.627067999999966,3.0095957099999993
589.8000000000001,744.8158184,26.45710674,-2.362828925,839.4535523,23.57850025,-1.157535778,64.3,30.337733899999947,2.8786064899999992
589.9,747.4464492,26.22735529,-2.232200134,841.8075112,23.46152596,-1.213822677,64.3,30.061062000000064,2.765829329999999
590.0,750.054758,26.01066671,-2.102083559,844.1496844,23.33838706,-1.278571314,64.3,29.794926399999966,2.67227965
590.1,752.6420511,25.80704102,-1.975040271,846.4792525,23.20806816,-1.350089342,64.3,29.53720140000003,2.59897286
590.2,755.2096348,25.6164782,-1.854143557,848.7953958,23.06972307,-1.426684413,64.3,29.28576100000005,2.546755130000001
590.3000000000001,757.7588153,25.43867094,-1.742466706,851.0972948,22.92318257,-1.50666418,64.3,29.03847949999995,2.51548837
590.4,760.290899,25.27208258,-1.643083004,853.38413,22.76844665,-1.588336294,64.3,28.793231000000063,2.503635929999998
590.5,762.8071921,25.11486915,-1.556321871,855.6550818,22.60551531,-1.670290466,64.3,28.5478897,2.5093538399999993
590.6,765.309001,24.96518669,-1.490237366,857.9093307,22.43438856,-1.752244639,64.3,28.30032970000009,2.530798130000001
590.7,767.7973859,24.82119122,-1.445325952,860.1460572,22.25506638,-1.834198811,64.3,28.04867129999998,2.5661248400000005
590.8000000000001,770.2724241,24.68268508,-1.41560343,862.3644417,22.06754879,-1.916152983,64.3,27.79201760000008,2.615136289999999
590.9,772.7339464,24.54452852,-1.401247346,864.5636647,21.87183579,-1.998107155,64.3,27.52971829999997,2.6726927300000014
591.0,775.1817841,24.40488701,-1.39918441,866.7429066,21.66792736,-2.080061327,64.3,27.261122500000013,2.7369596499999993
591.1,777.6157683,24.2655071,-1.409085204,868.9013479,21.45582352,-2.161332642,64.3,26.98557960000001,2.8096835800000015
591.2,780.03573,24.12443828,-1.422383456,871.038169,21.23552426,-2.238506814,64.3,26.702439000000098,2.8889140200000014
591.3000000000001,782.4415004,23.98168057,-1.436021627,873.1525504,21.00702959,-2.307486701,64.3,26.411050000000003,2.9746509800000034
591.4,784.8329106,23.83723396,-1.452910631,875.2436726,20.77074921,-2.364175158,64.3,26.11076199999998,3.066484749999997
591.5,787.2097916,23.69109844,-1.469799634,877.3107161,20.5287317,-2.404475044,64.3,25.800924500000022,3.1623667399999995
591.6,789.5719747,23.54327403,-1.486688638,879.3528611,20.28343534,-2.424289215,64.3,25.48088639999999,3.2598386899999987
591.7,791.9192909,23.39376072,-1.503577641,881.3692884,20.03731843,-2.420203385,64.3,25.149997499999998,3.3564422900000004
591.8000000000001,794.2515713,23.2425585,-1.520466645,883.359506,19.79283924,-2.391534698,64.3,24.80793469999999,3.449719260000002
591.9,796.568647,23.08966739,-1.537355648,885.3243332,19.55245606,-2.33896601,64.3,24.455686199999903,3.537211329999998
592.0,798.8703492,22.93508737,-1.554602121,887.2649173,19.31862718,-2.265911608,64.3,24.094568100000018,3.6164601900000015
592.1,801.156509,22.77881846,-1.573993409,889.1824052,19.09381088,-2.176468634,64.3,23.725896199999923,3.6850075800000006
592.2,803.4269574,22.62086064,-1.597674329,891.077944,18.88005574,-2.074734231,64.3,23.350986600000013,3.7408049000000005
592.3000000000001,805.6815255,22.46099944,-1.627789696,892.9526809,18.67777146,-1.964805542,64.3,22.9711554,3.7832279799999995
592.4,807.9200446,22.29816246,-1.666484325,894.8077629,18.48695806,-1.850779711,64.3,22.587718299999963,3.811204400000001
592.5,810.1423456,22.13106279,-1.715903033,896.6443371,18.30761552,-1.736071022,64.3,22.201991500000034,3.8234472700000026
592.6,812.3482598,21.95841356,-1.777833165,898.4635506,18.13974385,-1.621362333,64.3,21.815290799999914,3.8186697100000018
592.7,814.5374466,21.77892786,-1.852632192,900.2665504,17.98334305,-1.506653644,64.3,21.429103800000078,3.795584810000001
592.8000000000001,816.7088792,21.59131882,-1.939942643,902.0544837,17.83841312,-1.391944955,64.3,21.04560450000004,3.752905700000003
592.9,818.8613592,21.39429955,-2.037977172,903.8284976,17.70495406,-1.277236266,64.3,20.667138399999956,3.689345490000001
593.0,820.9936882,21.18658314,-2.144590964,905.5897391,17.58296587,-1.162527577,64.3,20.296050900000026,3.603617270000001
593.1,823.1046678,20.9670972,-2.257639204,907.3393553,17.47244855,-1.047818888,64.3,19.934687499999953,3.494648650000002
593.2,825.1930997,20.73562725,-2.374977074,909.0784934,17.37340209,-0.934203887,64.3,19.58539370000001,3.3622251600000013
593.3000000000001,827.2577853,20.49217328,-2.49445976,910.8083003,17.28582651,-0.827151011,64.3,19.25051500000002,3.2063467699999997
593.4,829.2975263,20.2367353,-2.614299915,912.5299232,17.20972179,-0.733535487,64.3,18.93239690000003,3.0270135099999997
593.5,831.3111244,19.9693133,-2.734140071,914.2445092,17.14443173,-0.658980139,64.3,18.6333848,2.8248815699999987
593.6,833.297381,19.68990729,-2.853980226,915.9532054,17.08667526,-0.610986392,64.3,18.35582440000003,2.603232030000001
593.7,835.2550978,19.39851726,-2.973820382,917.6571588,17.03232725,-0.595803274,64.3,18.102061000000006,2.366190009999997
593.8000000000001,837.1830764,19.09514321,-3.093660537,919.3575165,16.97801401,-0.618899221,64.3,17.874440099999973,2.117129200000001
593.9,839.0801185,18.77978515,-3.213500692,921.0549007,16.91923467,-0.681367921,64.3,17.67478219999994,1.860550479999997
594.0,840.9450255,18.45244307,-3.332773813,922.7478336,16.85223983,-0.781802586,64.3,17.502808099999996,1.6002032400000026
594.1,842.7765991,18.11311698,-3.448644723,924.4343124,16.7730922,-0.915674079,64.3,17.357713299999958,1.3400247800000002
594.2,844.5736409,17.76180687,-3.557711213,926.1123345,16.67785451,-1.075480975,64.3,17.23869359999999,1.0839523600000014
594.3000000000001,846.3349525,17.39885297,-3.656571072,927.779897,16.5632457,-1.254974246,64.3,17.144944500000022,0.8356072700000006
594.4,848.0593354,17.02595638,-3.74462295,929.4349973,16.42860956,-1.447591769,64.3,17.075661899999957,0.5973468199999985
594.5,849.7455914,16.64515842,-3.810062058,931.0756326,16.27394609,-1.646771417,64.3,17.030041199999985,0.3712123300000023
594.6,851.3925219,16.25850043,-3.8584558,932.6998001,16.09925528,-1.847044753,64.3,17.00727819999993,0.15924515000000028
594.7,852.9992008,15.86634321,-3.88643628,934.3054973,15.90453714,-2.047318089,64.3,17.00629649999992,-0.038193930000000265
594.8000000000001,854.5657906,15.47576964,-3.894570534,935.8907212,15.68979166,-2.247591425,64.3,17.02493060000002,-0.2140220199999998
594.9,856.0927258,15.08377949,-3.885693738,937.4534693,15.45501885,-2.447864761,64.3,17.060743500000015,-0.3712393600000006
595.0,857.5804412,14.69409461,-3.860407241,938.9917387,15.20021871,-2.648138096,64.3,17.11129750000005,-0.5061240999999992
595.1,859.0293714,14.3084161,-3.830515833,940.5035267,14.92539123,-2.848411432,64.3,17.17415530000001,-0.6169751300000001
595.2,860.4399512,13.92708419,-3.791019144,941.9868306,14.63053642,-3.047685395,64.3,17.24687939999997,-0.7034522299999999
595.3000000000001,861.812615,13.55009886,-3.748120246,943.4396476,14.31565428,-3.240963116,64.3,17.327032599999896,-0.7655554200000001
595.4,863.1477976,13.17746014,-3.704654312,944.8599751,13.9807448,-3.422248357,64.3,17.412177500000055,-0.8032846599999992
595.5,864.4459337,12.809168,-3.661188379,946.2458103,13.62640761,-3.585544876,64.3,17.499876600000064,-0.8172396099999997
595.6,865.7074579,12.44522246,-3.617722446,947.5951504,13.25564084,-3.729054167,64.3,17.58769249999996,-0.8104183799999998
595.7,866.9328049,12.08562351,-3.574256512,948.9059927,12.87204222,-3.834186786,64.3,17.673187800000008,-0.7864187100000013
595.8000000000001,868.1224093,11.73037116,-3.530790579,950.1763345,12.4792095,-3.908539069,64.3,17.753925200000097,-0.7488383399999989
595.9,869.2767059,11.3794654,-3.487324645,951.4046528,12.07822178,-3.946913909,64.3,17.827946899999986,-0.698756379999999
596.0,870.3961291,11.03290623,-3.443858712,952.5913433,11.68023273,-3.950310679,64.3,17.8952141999999,-0.6473265000000001
596.1,871.4811138,10.69069365,-3.400186649,953.7372814,11.28128417,-3.923726246,64.3,17.95616760000003,-0.5905905199999992
596.2,872.5320946,10.35282767,-3.355277813,954.8433427,10.88749249,-3.868959116,64.3,18.011248099999946,-0.5346648199999997
596.3000000000001,873.549506,10.01930829,-3.307895429,955.9104026,10.50185581,-3.804598734,64.3,18.06089660000005,-0.4825475200000007
596.4,874.5337829,9.690259168,-3.256802722,956.9393366,10.12497375,-3.724048135,64.3,18.105553700000044,-0.4347145819999998
596.5,875.4853598,9.366298709,-3.20076292,957.93102,9.756846308,-3.637501296,64.3,18.145660200000023,-0.3905475989999996
596.6,876.4046715,9.048168971,-3.138539248,958.8863285,9.397473488,-3.549955084,64.3,18.181657000000044,-0.3493045169999984
596.7,877.2921525,8.736612021,-3.069101061,959.8061374,9.046855291,-3.462408871,64.3,18.21398489999997,-0.31024327000000085
596.8000000000001,878.1483365,8.432369921,-2.992242231,960.6913223,8.704991714,-3.374862659,64.3,18.2429858,-0.2726217930000008
596.9,878.9741528,8.136184736,-2.908168885,961.5427585,8.371882759,-3.287316447,64.3,18.268605700000037,-0.23569802299999942
597.0,879.7706297,7.848798531,-2.81791167,962.3613215,8.047528425,-3.199770234,64.3,18.29069180000006,-0.19872989399999952
597.1,880.5387957,7.57095337,-2.722707359,963.1478868,7.731928712,-3.112224022,64.3,18.309091100000003,-0.1609753420000004
597.2,881.2796788,7.30326764,-2.623792726,963.9033299,7.42508362,-3.024501472,64.3,18.323651099999964,-0.12181598000000005
597.3000000000001,881.9943076,7.045865019,-2.522404545,964.6285262,7.12699315,-2.935720894,64.3,18.334218600000057,-0.08112813099999983
597.4,882.6837103,6.798745505,-2.41977959,965.3243513,6.837657301,-2.844824263,64.3,18.340640999999962,-0.03891179599999983
597.5,883.3489152,6.5619091,-2.316948506,965.9916804,6.557181876,-2.75075355,64.3,18.342765199999988,0.004727224000000696
597.6,883.9909506,6.335355804,-2.214117422,966.6313892,6.286095888,-2.652450728,64.3,18.340438599999928,0.04925991599999957
597.7,884.6108448,6.119085616,-2.111286338,967.244353,6.025034154,-2.548857771,64.3,18.333508200000054,0.09405146199999947
597.8000000000001,885.2096261,5.913098536,-2.008455255,967.8314473,5.774631491,-2.439092988,64.3,18.321821200000002,0.13846704499999962
597.9,885.7883229,5.717394565,-1.905624171,968.3936323,5.535522713,-2.322980043,64.3,18.305309400000013,0.18187185200000044
598.0,886.3479635,5.531973702,-1.802793087,968.9322066,5.308342639,-2.200695273,64.3,18.284243099999983,0.22363106300000002
598.1,886.8895761,5.356835948,-1.700120581,969.4485536,5.093726083,-2.073120367,64.3,18.258977499999972,0.26310986499999967
598.2,887.4141891,5.191981302,-1.598399544,969.9440564,4.892307862,-1.941313353,64.3,18.22986729999998,0.2996734400000003
598.3000000000001,887.9228308,5.037409764,-1.498581446,970.4200986,4.704616991,-1.806332257,64.3,18.19726779999992,0.33279277300000043
598.4,888.4165295,4.893026188,-1.401617756,970.8780633,4.53075927,-1.669235107,64.3,18.161533799999987,0.36226691800000044
598.5,888.8963135,4.758354838,-1.308459942,971.3193338,4.370734701,-1.53107993,64.3,18.123020299999965,0.38762013699999986
598.6,889.3632112,4.632824834,-1.220059474,971.7452936,4.224543284,-1.392748415,64.3,18.082082399999948,0.4082815499999999
598.7,889.8182507,4.515865294,-1.137209243,972.1573259,4.092185018,-1.2544169,64.3,18.039075200000028,0.4236802759999998
598.8000000000001,890.2623844,4.406905337,-1.060067827,972.5568141,3.973659904,-1.116085385,64.3,17.994429700000026,0.4332454330000006
598.9,890.69626,4.30537408,-0.988476648,972.9451413,3.868967941,-0.97775387,64.3,17.948881299999996,0.4364061389999998
599.0,891.120449,4.210700642,-0.921642816,973.3236911,3.77810913,-0.839422355,64.3,17.903242100000014,0.4325915120000001
599.1,891.5355231,4.122314142,-0.858614859,973.6938466,3.70108347,-0.70109084,64.3,17.858323500000054,0.42123067199999964
599.2,891.9420538,4.039738845,-0.798441311,974.0569912,3.637890962,-0.563172062,64.3,17.81493739999992,0.4018478829999994
599.3000000000001,892.3406128,3.962879605,-0.740170701,974.4145082,3.588531605,-0.4277297,64.3,17.773895399999972,0.3743479999999999
599.4,892.7317717,3.891736421,-0.68285156,974.7677809,3.5530054,-0.297240174,64.3,17.736009200000083,0.3387310210000001
599.5,893.1161021,3.826309293,-0.625690997,975.1181927,3.531064704,-0.1741799,64.3,17.702090599999977,0.29524458900000017
599.6,893.4941755,3.766598222,-0.568530434,975.4671268,3.52147131,-0.061025296,64.3,17.67295129999998,0.24512691199999992
599.7,893.8665637,3.712603206,-0.511369871,975.8159666,3.522739366,0.03974722,64.3,17.6494029,0.18986383999999967
599.8000000000001,894.2338381,3.664324247,-0.454209308,976.1660954,3.533383022,0.126073968,64.3,17.632257300000063,0.13094122499999994
599.9,894.5965705,3.621761345,-0.397048746,976.5186983,3.551916428,0.197542212,64.3,17.6221278,0.06984491699999973
600.0,894.9553324,3.584914498,-0.339888183,976.8741682,3.576853732,0.254564686,64.3,17.618835800000014,0.00806076599999983
600.1,895.3106954,3.553783708,-0.282823711,977.2326997,3.606709086,0.299205073,64.3,17.62200430000003,-0.052925377999999856
600.2,895.6632311,3.528368974,-0.226335785,977.5944874,3.639996637,0.33393979,64.3,17.63125630000009,-0.11162766299999971
600.3000000000001,896.0135111,3.508670297,-0.171000952,977.9597258,3.675478178,0.361245255,64.3,17.646214700000044,-0.166807881
600.4,896.3621071,3.494630021,-0.117395758,978.3286098,3.712906066,0.383597885,64.3,17.66650269999998,-0.21827604500000009
600.5,896.7095906,3.485959873,-0.066096748,978.7013339,3.752280302,0.403474097,64.3,17.691743300000056,-0.26632042899999986
600.6,897.0565333,3.482313927,-0.01768047,979.0780927,3.793600885,0.422937573,64.3,17.721559400000004,-0.31128695800000017
600.7,897.4035067,3.483346253,0.027372623,979.4590809,3.836867816,0.442401049,64.3,17.755574200000027,-0.3535215629999997
600.8000000000001,897.7510364,3.488710925,0.068966438,979.8444931,3.882081095,0.461864525,64.3,17.79345670000005,-0.3933701700000003
600.9,898.0994633,3.498062015,0.107197066,980.2345239,3.929240722,0.481328001,64.3,17.835060599999977,-0.43117870699999994
601.0,898.4490822,3.511053594,0.142544964,980.6293681,3.978346695,0.500791478,64.3,17.880285899999947,-0.4672931010000001
601.1,898.8001881,3.527339736,0.175586677,981.0292201,4.029399017,0.520254954,64.3,17.929031999999964,-0.5020592810000002
601.2,899.1530759,3.546632167,0.206898751,981.4342747,4.082397686,0.53971843,64.3,17.981198799999973,-0.5357655190000004
601.3000000000001,899.5080403,3.568873232,0.237057733,981.8447265,4.137342703,0.559249865,64.3,18.036686200000034,-0.5684694709999998
601.4,899.8653762,3.594062932,0.266640169,982.2607701,4.194234067,0.579189052,64.3,18.095393899999934,-0.6001711350000001
601.5,900.2253785,3.622201266,0.296126513,982.6826001,4.253071779,0.599943745,64.3,18.157221599999914,-0.6308705130000001
601.6,900.5883421,3.653288234,0.325612858,983.1104112,4.313896614,0.621921695,64.3,18.22206910000007,-0.6606083799999998
601.7,900.9545619,3.687323837,0.355099202,983.5443981,4.376912448,0.645530657,64.3,18.289836199999925,-0.6895886109999996
601.8000000000001,901.3243326,3.724308075,0.384585547,983.9847553,4.442363933,0.671178381,64.3,18.360422699999916,-0.718055858
601.9,901.6979492,3.764240946,0.414071891,984.4316775,4.51049572,0.699204662,64.3,18.43372829999994,-0.7462547739999996
602.0,902.0757064,3.807122453,0.443558236,984.885392,4.581552461,0.72967746,64.3,18.509685600000083,-0.7744300080000004
602.1,902.4578993,3.852952594,0.47304458,985.3462564,4.655778808,0.762528814,64.3,18.58835710000001,-0.802826214
602.2,902.8448226,3.901731369,0.502515364,985.8146612,4.733419412,0.797418931,64.3,18.669838600000006,-0.8316880429999998
602.3000000000001,903.2367713,3.953458779,0.531892786,986.2909967,4.814718924,0.833940059,64.3,18.754225400000067,-0.8612601450000001
602.4,903.6340401,4.008134823,0.561083484,986.7756532,4.899881221,0.871684445,64.3,18.841613099999975,-0.8917463980000004
602.5,904.0369239,4.065750165,0.589994096,987.2690211,4.988947079,0.910244336,64.3,18.9320972,-0.923196914
602.6,904.4457177,4.126258125,0.61853126,987.7714908,5.081916497,0.94921198,64.3,19.025773099999995,-0.9556583720000003
602.7,904.8607162,4.189602684,0.646601613,988.2834527,5.178789475,0.988247583,64.3,19.122736500000045,-0.9891867910000007
602.8000000000001,905.2822143,4.255727827,0.674127354,988.805297,5.279566013,1.027283185,64.3,19.223082700000035,-1.0238381859999999
602.9,905.7104995,4.324577534,0.701092922,989.3374141,5.384246112,1.066318788,64.3,19.32691460000008,-1.0596685779999993
603.0,906.1458291,4.39609579,0.727513878,989.8801944,5.492829771,1.10535439,64.3,19.43436530000004,-1.0967339809999999
603.1,906.5884534,4.470226577,0.753468025,990.4340283,5.60531699,1.144389993,64.3,19.545574899999977,-1.1350904130000004
603.2,907.0386223,4.546913878,0.779048722,990.999306,5.721707769,1.183425595,64.3,19.660683700000007,-1.1747938910000002
603.3000000000001,907.496586,4.626111011,0.804349334,991.576418,5.842002109,1.222158647,64.3,19.779832000000013,-1.2158910980000002
603.4,907.9625943,4.707808641,0.829463221,992.1657547,5.966200009,1.259076393,64.3,19.903160400000004,-1.2583913679999998
603.5,908.4368974,4.792006768,0.854483746,992.7677063,6.094301469,1.292363528,64.3,20.03080889999997,-1.302294701
603.6,908.9197454,4.878705391,0.879488711,993.3826632,6.226124959,1.320204746,64.3,20.162917800000017,-1.3474195680000003
603.7,909.4113883,4.96790451,0.904493676,994.0110158,6.360762826,1.340784743,64.3,20.2996275,-1.3928583159999999
603.8000000000001,909.9120761,5.059604126,0.929498641,994.6531544,6.497125886,1.352288211,64.3,20.441078299999916,-1.43752176
603.9,910.4220588,5.153804238,0.954503606,995.3094694,6.634124957,1.353202397,64.3,20.58741060000007,-1.4803207189999998
604.0,910.9415867,5.250504847,0.979508571,995.980206,6.770670855,1.34322475,64.3,20.73861929999994,-1.5201660079999995
604.1,911.4709096,5.349705952,1.004513536,996.6650283,6.905674396,1.322657821,64.3,20.894118699999993,-1.5559684440000003
604.2,912.0102776,5.451407554,1.029313736,997.3634554,7.038046397,1.293014364,64.3,21.05317780000003,-1.5866388429999994
604.3000000000001,912.5599408,5.555609653,1.052885342,998.0750062,7.166697676,1.256109685,64.3,21.215065399999915,-1.6110880229999998
604.4,913.1201493,5.662312248,1.073999761,998.7991999,7.290720579,1.213759089,64.3,21.379050599999985,-1.6284083310000002
604.5,913.691153,5.77139248,1.091428399,999.5355553,7.409933575,1.167777882,64.3,21.544402300000073,-1.638541095
604.6,914.2732021,5.882236052,1.103942664,1000.283592,7.524336665,1.11998137,64.3,21.710389899999953,-1.6421006130000002
604.7,914.8665466,5.994105809,1.110313962,1001.042828,7.633929849,1.071882307,64.3,21.876281399999996,-1.6398240400000006
604.8000000000001,915.4714365,6.106264594,1.109518465,1001.812782,7.738713127,1.023783243,64.3,22.04134549999999,-1.6324485329999998
604.9,916.0880235,6.217975251,1.101351407,1002.592975,7.838686498,0.97568418,64.3,22.204951500000064,-1.620711247
605.0,916.7160664,6.328500625,1.086017554,1003.382925,7.933849963,0.927585117,64.3,22.366858599999958,-1.605349338
605.1,917.3552255,6.437103558,1.064540733,1004.18215,8.024203521,0.879486053,64.3,22.52692450000002,-1.587099963000001
605.2,918.005161,6.543046896,1.038149539,1004.99017,8.109747173,0.83138699,64.3,22.685008999999994,-1.5667002770000007
605.3000000000001,918.6655332,6.645716341,1.008072565,1005.806504,8.190480919,0.783175063,64.3,22.840970799999994,-1.5447645780000006
605.4,919.3360026,6.744989034,0.975538403,1006.630671,8.266404759,0.734285957,64.3,22.99466839999998,-1.5214157250000007
605.5,920.0162294,6.840864975,0.941775649,1007.46219,8.337518692,0.68404249,64.3,23.145960599999924,-1.496653717
605.6,920.705874,6.933344164,0.907808128,1008.30058,8.403755001,0.631767483,64.3,23.294705999999977,-1.4704108370000002
605.7,921.4045966,7.0224266,0.873840608,1009.14536,8.464775095,0.576783757,64.3,23.440763399999994,-1.442348495
605.8000000000001,922.1120577,7.108112285,0.839873088,1009.996049,8.520172667,0.51841413,64.3,23.583991299999937,-1.4120603820000008
605.9,922.8279175,7.190401218,0.805905567,1010.852165,8.569541409,0.456094287,64.3,23.724247500000004,-1.3791401909999994
606.0,923.5518363,7.269293399,0.771938047,1011.713174,8.612475013,0.389711363,64.3,23.861337699999993,-1.3431816139999988
606.1,924.2834745,7.344788827,0.737970527,1012.578325,8.64856717,0.319378223,64.3,23.99485049999994,-1.3037783429999994
606.2,925.0224924,7.416887504,0.704032959,1013.44681,8.677411573,0.245659183,64.3,24.124317599999998,-1.2605240690000006
606.3000000000001,925.7685504,7.485589429,0.670275104,1014.317824,8.698601913,0.169231423,64.3,24.249273599999995,-1.2130124839999992
606.4,926.5213087,7.550894601,0.636876675,1015.19056,8.711799601,0.090772123,64.3,24.369251300000045,-1.1609049999999987
606.5,927.2804277,7.612820993,0.604017386,1016.064214,8.716936919,0.010958463,64.3,24.483786299999977,-1.1041159260000004
606.6,928.0455677,7.671458461,0.57187695,1016.937978,8.714013867,-0.069532377,64.3,24.592410300000054,-1.042555406
606.7,928.816389,7.726914833,0.54063508,1017.811047,8.703030444,-0.150136081,64.3,24.694658000000075,-0.9761156109999991
606.8000000000001,929.592552,7.779297936,0.510441537,1018.682614,8.683986651,-0.230739784,64.3,24.790061999999992,-0.9046887149999998
606.9,930.3737313,7.828715599,0.481326272,1019.551874,8.656882487,-0.311343487,64.3,24.87814269999997,-0.828166888000001
607.0,931.1596592,7.875275649,0.453259335,1020.418021,8.621717953,-0.391947191,64.3,24.95836179999999,-0.7464423039999994
607.1,931.9500823,7.919085915,0.426090964,1021.280248,8.578493049,-0.472550894,64.3,25.03016570000007,-0.6594071340000003
607.2,932.744747,7.960254224,0.399641445,1022.13775,8.527207774,-0.553154598,64.3,25.093003000000024,-0.5669535500000009
607.3000000000001,933.5434002,7.998870434,0.373731067,1022.98972,8.467862129,-0.633407324,64.3,25.146319800000086,-0.4689916950000006
607.4,934.3457882,8.034952514,0.348180114,1023.835352,8.400456114,-0.711554191,64.3,25.18956379999993,-0.36550360000000026
607.5,935.1516577,8.068500466,0.322808875,1024.673841,8.324989728,-0.785489338,64.3,25.222183300000054,-0.25648926200000055
607.6,935.9607554,8.099514289,0.297467588,1025.50438,8.241673558,-0.853106904,64.3,25.243624600000047,-0.14215926900000042
607.7,936.7728276,8.127993984,0.272126301,1026.326164,8.151560534,-0.912301029,64.3,25.253336400000038,-0.023566549999999964
607.8000000000001,937.5876212,8.153939549,0.246785013,1027.138386,8.055914172,-0.962607762,64.3,25.25076480000014,0.0980253770000008
607.9,938.4048826,8.177350986,0.221443726,1027.94024,7.955997987,-0.997346495,64.3,25.235357399999955,0.2213529990000005
608.0,939.2243585,8.198228294,0.196102439,1028.731088,7.853075497,-1.021091976,64.3,25.20672950000001,0.3451527969999999
608.1,940.0457953,8.216571474,0.170761152,1029.510968,7.747425071,-1.032553272,64.3,25.165172700000042,0.4691464029999999
608.2,940.8689398,8.232380525,0.145419865,1030.280083,7.643265661,-1.033485268,64.3,25.111143200000086,0.5891148639999999
608.3000000000001,941.6935385,8.245655447,0.120058037,1031.038639,7.538905349,-1.025993823,64.3,25.04510050000006,0.7067500980000005
608.4,942.519338,8.25639624,0.094572963,1031.786841,7.436382209,-1.010542891,64.3,24.96750300000015,0.8200140310000013
608.5,943.3460848,8.264602905,0.068841399,1032.524892,7.335906826,-0.994164053,64.3,24.87880719999994,0.9286960789999998
608.6,944.1735256,8.270263117,0.042740098,1033.252998,7.237479203,-0.974037448,64.3,24.77947239999999,1.0327839140000004
608.7,945.001407,8.273315252,0.016145815,1033.971364,7.141099337,-0.953559866,64.3,24.669957000000025,1.1322159149999997
608.8000000000001,945.8294755,8.273685364,-0.011064695,1034.680194,7.046767229,-0.933082284,64.3,24.550718500000087,1.226918135
608.9,946.6574777,8.271299506,-0.038994137,1035.379694,6.95448288,-0.912604702,64.3,24.422216300000017,1.3168166260000005
609.0,947.4851503,8.26608373,-0.067663052,1036.070067,6.864246289,-0.89212712,64.3,24.284916700000124,1.4018374410000005
609.1,948.3121907,8.257964088,-0.097050899,1036.751519,6.776057456,-0.871649538,64.3,24.139328299999946,1.4819066319999994
609.2,949.1382863,8.246866634,-0.127054973,1037.424254,6.689916381,-0.851171956,64.3,23.985967700000018,1.5569502530000001
609.3000000000001,949.9631244,8.232717421,-0.157552029,1038.088478,6.605823065,-0.830694374,64.3,23.82535359999993,1.6268943560000002
609.4,950.7863926,8.215454825,-0.188418822,1038.744395,6.523777507,-0.810257291,64.3,23.658002399999944,1.691677318
609.5,951.6077783,8.195066522,-0.219532105,1039.39221,6.443779707,-0.790063203,64.3,23.48443170000003,1.7512868149999994
609.6,952.4269688,8.171552512,-0.250768634,1040.032127,6.365829665,-0.770355105,64.3,23.305158199999894,1.8057228470000002
609.7,953.2436516,8.144912795,-0.282025704,1040.664352,6.289903081,-0.751375992,64.3,23.12070039999999,1.8550097139999995
609.8000000000001,954.0575142,8.115147371,-0.313282774,1041.289089,6.21587846,-0.733368858,64.3,22.931574800000092,1.899268911000001
609.9,954.8682439,8.08225624,-0.344539844,1041.906543,6.143610002,-0.716576698,64.3,22.73829910000002,1.9386462379999996
610.0,955.6755283,8.046239402,-0.375796914,1042.516918,6.072951912,-0.701202009,64.3,22.54138970000004,1.9732874899999997
610.1,956.4790547,8.007096858,-0.407053984,1043.120401,6.003758392,-0.687285289,64.3,22.3413462999999,2.0033384660000007
610.2,957.2785105,7.964828606,-0.438311054,1043.717098,5.935883646,-0.67478604,64.3,22.138587500000042,2.0289449600000005
610.3000000000001,958.0735832,7.919434647,-0.469531908,1044.307098,5.869181876,-0.663501765,64.3,21.93351479999997,2.0502527710000003
610.4,958.8639603,7.870914981,-0.500535466,1044.890489,5.803507286,-0.653189469,64.3,21.72652869999986,2.067407695
610.5,959.6493291,7.819269608,-0.531104433,1045.467359,5.738738378,-0.643606158,64.3,21.518029899999945,2.08053123
610.6,960.4293771,7.764520258,-0.561021513,1046.037796,5.674850853,-0.634508837,64.3,21.308418900000063,2.0896694050000004
610.7,961.2037917,7.706775578,-0.59006941,1046.601888,5.611844711,-0.625654511,64.3,21.09809629999991,2.0949308670000004
610.8000000000001,961.9722603,7.646165946,-0.618030828,1047.159724,5.549719951,-0.616840684,64.3,20.887463700000083,2.096445995
610.9,962.7344704,7.582821739,-0.644724689,1047.711391,5.488476574,-0.608026857,64.3,20.676920600000088,2.094345165
611.0,963.4901267,7.516873335,-0.670114775,1048.256979,5.428114579,-0.59921303,64.3,20.466852299999985,2.088758756
611.1,964.2390037,7.448451111,-0.694237303,1048.796574,5.368633968,-0.590399203,64.3,20.257570299999955,2.0798171429999996
611.2,964.9808931,7.377685444,-0.717273353,1049.330265,5.310034739,-0.581585376,64.3,20.049371900000054,2.067650705
611.3000000000001,965.7155865,7.304706713,-0.73944022,1049.85814,5.252316893,-0.572771549,64.3,19.84255350000008,2.05238982
611.4,966.4428757,7.229623564,-0.7609552,1050.380287,5.195480429,-0.563837703,64.3,19.63741130000001,2.034143135
611.5,967.1625525,7.152457727,-0.782035588,1050.896795,5.139525348,-0.554183741,64.3,19.434242500000167,2.0129323789999995
611.6,967.8744086,7.073209203,-0.802898681,1051.407752,5.08445165,-0.543089548,64.3,19.233343400000038,1.9887575530000001
611.7,968.5782357,6.991877991,-0.823725557,1051.913245,5.030331346,-0.529835008,64.3,19.035009299999913,1.9615466450000003
611.8000000000001,969.2738256,6.908464092,-0.844552434,1052.413363,4.977524494,-0.513700005,64.3,18.839537399999884,1.9309395980000001
611.9,969.9609699,6.822967504,-0.865379311,1052.908194,4.926463164,-0.493964425,64.3,18.647224100000088,1.89650434
612.0,970.6394604,6.735388229,-0.886206188,1053.397826,4.877579424,-0.47002817,64.3,18.458365599999937,1.8578088049999995
612.1,971.3090889,6.645726267,-0.907033065,1053.882405,4.831305345,-0.441771221,64.3,18.27331610000006,1.814420922
612.2,971.969647,6.553981616,-0.927859941,1054.362307,4.788072995,-0.409313598,64.3,18.092660000000095,1.7659086209999995
612.3000000000001,972.6209265,6.460154279,-0.948686818,1054.837966,4.748314444,-0.373255397,64.3,17.917039500000058,1.7118398350000001
612.4,973.2627192,6.364244253,-0.969275845,1055.309815,4.712461762,-0.334316733,64.3,17.747095800000082,1.6517824909999996
612.5,973.8948167,6.26625154,-0.988437774,1055.778289,4.680875005,-0.293217723,64.3,17.58347230000011,1.585376535
612.6,974.5170109,6.166176139,-1.003749457,1056.243821,4.653626186,-0.250678481,64.3,17.426810100000083,1.5125499529999997
612.7,975.1290933,6.06416076,-1.016771945,1056.706846,4.630715305,-0.207419124,64.3,17.277752700000022,1.4334454550000002
612.8000000000001,975.7308558,5.960918952,-1.02308999,1057.167795,4.612142362,-0.164039747,64.3,17.1369392000001,1.34877659
612.9,976.3220901,5.857904604,-1.022272544,1057.627105,4.597907356,-0.120660371,64.3,17.005014900000063,1.2599972479999995
613.0,976.9025879,5.754181086,-1.013130359,1058.085208,4.588010287,-0.077280994,64.3,16.88262010000001,1.1661707989999996
613.1,977.4722552,5.652397546,-0.995425585,1058.542538,4.582451157,-0.033901617,64.3,16.770282799999976,1.069946389
613.2,978.0314544,5.552812612,-0.970392121,1058.999529,4.581229964,0.009477759,64.3,16.668074599999912,0.971582648
613.3000000000001,978.5806623,5.456282544,-0.936231067,1059.456615,4.584346709,0.052857136,64.3,16.575952700000087,0.8719358349999995
613.4,979.1203557,5.363663601,-0.897357669,1059.91423,4.591801391,0.096159025,64.3,16.493874300000087,0.7718622100000001
613.5,979.6510113,5.275669332,-0.854202978,1060.372806,4.603594011,0.138995994,64.3,16.421794700000035,0.6720753209999994
613.6,980.1731059,5.192442446,-0.808194089,1060.832779,4.619724569,0.180903119,64.3,16.35967310000008,0.5727178770000005
613.7,980.6871161,5.113982944,-0.760758103,1061.294582,4.640146572,0.221415479,64.3,16.30746589999997,0.47383637200000006
613.8000000000001,981.1935188,5.040290826,-0.713084267,1061.758649,4.66462756,0.260068153,64.3,16.265130200000115,0.3756632660000001
613.9,981.6927906,4.971366091,-0.665410431,1062.225413,4.69288858,0.29639622,64.3,16.232622399999926,0.2784775110000002
614.0,982.1854083,4.907208739,-0.617736595,1062.695309,4.724650678,0.330012244,64.3,16.209900700000006,0.18255806099999994
614.1,982.6718487,4.847818772,-0.570062759,1063.168732,4.759634903,0.360838739,64.3,16.19688330000004,0.08818386899999986
614.2,983.1525884,4.793196188,-0.522388922,1063.645932,4.797562301,0.388953191,64.3,16.193343599999892,-0.00436611300000056
614.3000000000001,983.6281042,4.743340987,-0.474715086,1064.127117,4.838153918,0.414743036,64.3,16.19901279999995,-0.09481293099999988
614.4000000000001,984.0988729,4.69825317,-0.427073691,1064.6125,4.881130803,0.438673194,64.3,16.21362710000001,-0.18287763299999948
614.5,984.5653712,4.657932737,-0.379626943,1065.10229,4.926260495,0.461208588,64.3,16.236918800000083,-0.26832775799999986
614.6,985.0280758,4.622379688,-0.332569488,1065.596699,4.9734965,0.482814139,64.3,16.268623199999936,-0.3511168120000008
614.7,985.4874634,4.591574557,-0.286095972,1066.095936,5.02283882,0.503954768,64.3,16.308472599999916,-0.4312642629999992
614.8000000000001,985.9440109,4.565420022,-0.240401043,1066.600214,5.074287454,0.525017911,64.3,16.356203100000087,-0.5088674320000006
614.9000000000001,986.3981949,4.543799295,-0.195679347,1067.109741,5.127842402,0.546081053,64.3,16.411546099999967,-0.5840431069999994
615.0,986.8504921,4.526595587,-0.152093089,1067.624729,5.183503664,0.567144195,64.3,16.474236899999894,-0.6569080769999998
615.1,987.3013639,4.513692111,-0.109674711,1068.145388,5.241271241,0.588207338,64.3,16.54402409999996,-0.7275791299999996
615.2,987.7512089,4.504972079,-0.068391771,1068.67193,5.301145132,0.60927048,64.3,16.620721099999926,-0.7961730530000004
615.3000000000001,988.2004106,4.500318703,-0.028082064,1069.204564,5.363125337,0.630333622,64.3,16.70415339999984,-0.862806634
615.4000000000001,988.6493522,4.499615195,0.011449057,1069.743502,5.427211856,0.651347171,64.3,16.794149800000085,-0.9275966609999999
615.5,989.0984171,4.502764232,0.050396238,1070.288953,5.49340469,0.672063159,64.3,16.89053589999999,-0.9906404580000006
615.6,989.5479885,4.509746349,0.088954126,1070.84113,5.561703838,0.692184023,64.3,16.99314150000005,-1.0519574889999994
615.7,989.9984498,4.520561545,0.127317367,1071.400241,5.632079544,0.711412203,64.3,17.10179120000005,-1.1115179990000001
615.8000000000001,990.4501843,4.535209822,0.165648167,1071.966498,5.704383027,0.729450137,64.3,17.216313699999958,-1.1691732050000008
615.9000000000001,990.9035753,4.553691179,0.203978967,1072.540112,5.778435751,0.746000264,64.3,17.336536699999854,-1.2247445719999996
616.0,991.359006,4.576005615,0.242309767,1073.121293,5.854059178,0.760814616,64.3,17.462286999999904,-1.2780535630000003
616.1,991.8168598,4.602153132,0.280640567,1073.710228,5.931074772,0.773843599,64.3,17.593368199999944,-1.32892164
616.2,992.2775201,4.632133729,0.318971367,1074.307008,6.009303996,0.785136807,64.3,17.729487900000052,-1.3771702669999994
616.3000000000001,992.74137,4.665947406,0.357302167,1074.911702,6.088568313,0.794942207,64.3,17.870332000000147,-1.4226209069999998
616.4000000000001,993.208793,4.703594162,0.395546428,1075.524377,6.168689186,0.803557362,64.3,18.015583999999947,-1.465095024
616.5,993.6801723,4.745073999,0.433271452,1076.145101,6.249517835,0.811279832,64.3,18.16492870000009,-1.504443836
616.6,994.1558913,4.790386916,0.469958002,1076.773942,6.331024502,0.81840718,64.3,18.31805070000003,-1.540637586
616.7,994.6363332,4.839480989,0.505086842,1077.410967,6.413209189,0.825236966,64.3,18.474633800000063,-1.5737281999999997
616.8000000000001,995.1218813,4.8920966,0.538138735,1078.056244,6.496071895,0.832017158,64.3,18.634362700000068,-1.6039752949999997
616.9000000000001,995.612919,4.947922207,0.568594443,1078.709842,6.579612621,0.83879735,64.3,18.79692299999995,-1.6316904139999995
617.0,996.1098296,5.006646267,0.596021271,1079.371828,6.663831366,0.845577543,64.3,18.96199840000004,-1.6571850990000003
617.1,996.6129548,5.06795724,0.620332678,1080.042269,6.748728129,0.852357735,64.3,19.129314200000024,-1.6807708889999997
617.2,997.1224703,5.131543582,0.641615203,1080.721234,6.834302913,0.859137928,64.3,19.298763700000066,-1.7027593310000002
617.3000000000001,997.6385101,5.197093751,0.660301545,1081.408791,6.920555715,0.86591812,64.3,19.470280900000105,-1.7234619640000002
617.4000000000001,998.1612083,5.264296207,0.67691094,1082.105007,7.007486537,0.872698312,64.3,19.64379869999989,-1.74319033
617.5,998.690699,5.332891329,0.691962624,1082.809949,7.095095377,0.879403087,64.3,19.81924999999997,-1.762204048
617.6,999.2271162,5.402827195,0.705975835,1083.523687,7.183382238,0.885655356,64.3,19.996570800000157,-1.7805550429999997
617.7,999.770594,5.474103804,0.719469808,1084.246287,7.272347117,0.89062799,64.3,20.17569299999998,-1.7982433129999995
617.8000000000001,1000.321267,5.546721156,0.732877243,1084.977817,7.361944765,0.894992353,64.3,20.356549999999928,-1.8152236089999993
617.9000000000001,1000.879268,5.620679252,0.746284677,1085.718346,7.451948929,0.89717207,64.3,20.53907800000009,-1.8312696769999999
618.0,1001.444732,5.695978092,0.759692112,1086.46794,7.541863331,0.897089257,64.3,20.723207999999957,-1.8458852390000002
618.1,1002.017793,5.772617675,0.773099546,1087.226669,7.632090789,0.894366827,64.3,20.90887599999992,-1.859473114
618.2,1002.598585,5.850598001,0.786506981,1087.994562,7.721685479,0.888929362,64.3,21.095977000000133,-1.8710874779999997
618.3000000000001,1003.187242,5.929919071,0.799914415,1088.771508,7.810600671,0.881226903,64.3,21.284266000000073,-1.8806816000000008
618.4000000000001,1003.783899,6.010580884,0.813321849,1089.557357,7.898564861,0.870512668,64.3,21.473457999999894,-1.8879839769999993
618.5,1004.388688,6.092583441,0.826876122,1090.351959,7.985306546,0.858363033,64.3,21.66327100000008,-1.892723105
618.6,1005.001745,6.175926741,0.841311425,1091.155165,8.070599472,0.844855881,64.3,21.853419999999872,-1.894672731
618.7,1005.623203,6.260610784,0.857508787,1091.966826,8.15439839,0.830443717,64.3,22.043623000000096,-1.893787606000001
618.8000000000001,1006.253197,6.346723674,0.87634924,1092.786792,8.236703299,0.815579047,64.3,22.233595000000108,-1.8899796250000005
618.9000000000001,1006.89186,6.434705926,0.898713812,1093.614914,8.317514199,0.800638959,64.3,22.42305400000005,-1.8828082729999993
619.0,1007.539327,6.525086156,0.925483534,1094.451042,8.396831091,0.785698872,64.3,22.61171499999996,-1.8717449349999988
619.1,1008.195731,6.618392984,0.957392597,1095.295027,8.474653974,0.770758784,64.3,22.79929599999987,-1.8562609900000009
619.2,1008.861278,6.715155028,0.994587839,1096.14672,8.550982848,0.755818697,64.3,22.985441999999992,-1.8358278200000004
619.3000000000001,1009.536453,6.815900904,1.036922423,1097.005971,8.625817713,0.740878609,64.3,23.169517999999997,-1.8099168089999997
619.4000000000001,1010.221814,6.921159232,1.083662157,1097.87263,8.69915857,0.725938522,64.3,23.35081600000008,-1.7779993379999999
619.5,1010.917918,7.031458629,1.133926011,1098.746549,8.771005418,0.711074131,64.3,23.528630999999976,-1.7395467889999994
619.6,1011.625321,7.14723961,1.186832954,1099.627578,8.841358257,0.696663917,64.3,23.702257000000102,-1.6941186469999998
619.7,1012.344581,7.268590279,1.241501957,1100.515568,8.910217087,0.683162057,64.3,23.870987000000085,-1.6416268079999998
619.8000000000001,1013.076254,7.395510634,1.29705199,1101.410369,8.977627326,0.67102273,64.3,24.034115,-1.5821166920000005
619.9000000000001,1013.820898,7.528000677,1.352748862,1102.311831,9.043816063,0.660305709,64.3,24.19093299999993,-1.5158153859999999
620.0,1014.579069,7.666060406,1.408445733,1103.219806,9.109055804,0.652648379,64.3,24.34073700000006,-1.4429953980000008
620.1,1015.351325,7.809689823,1.464142605,1104.134144,9.173619055,0.647246014,64.3,24.482819000000134,-1.3639292319999994
620.2,1016.138222,7.958888927,1.519839476,1105.054732,9.237541682,0.644568713,64.3,24.61651000000002,-1.2786527549999995
620.3000000000001,1016.940318,8.113657719,1.575536348,1105.981602,9.301806114,0.644540779,64.3,24.74128400000002,-1.188148394999999
620.4000000000001,1017.758169,8.273996197,1.631233219,1106.914823,9.365974935,0.646783732,64.3,24.85665400000012,-1.091978738
620.5,1018.592332,8.439904362,1.686370877,1107.854463,9.430557291,0.651237795,64.3,24.962130999999843,-0.9906529289999995
620.6,1019.443365,8.611382215,1.73815325,1108.800592,9.495780272,0.656265587,64.3,25.057227000000083,-0.8843980569999985
620.7,1020.311824,8.788429755,1.781528937,1109.753276,9.561689294,0.662596135,64.3,25.141451999999916,-0.7732595390000014
620.8000000000001,1021.198266,8.970711453,1.81823101,1110.712586,9.628284359,0.66938086,64.3,25.214320000000114,-0.6575729060000004
620.9000000000001,1022.103249,9.156549669,1.839815828,1111.67859,9.695565466,0.676241282,64.3,25.275340999999983,-0.5390157969999994
621.0,1023.027328,9.342913559,1.844624226,1112.651356,9.763532616,0.683101703,64.3,25.32402800000007,-0.42061905700000146
621.1,1023.971062,9.530842968,1.829860135,1113.630954,9.832185807,0.689962125,64.3,25.359892000000016,-0.30134283900000014
621.2,1024.934738,9.715271712,1.79496434,1114.617451,9.90152504,0.696822546,64.3,25.38271300000015,-0.18625332799999939
621.3000000000001,1025.917572,9.89520429,1.742192174,1115.610916,9.971550316,0.703682968,64.3,25.393344000000027,-0.07634602599999951
621.4000000000001,1026.91851,10.06862753,1.669251351,1116.611418,10.04226163,0.710543389,64.3,25.39290799999999,0.026365900000000053
621.5,1027.936498,10.23352827,1.584585511,1117.619025,10.11365899,0.71606984,64.3,25.38252699999994,0.11986928000000141
621.6,1028.970484,10.38822886,1.489853819,1118.633806,10.1857424,0.721405723,64.3,25.36332200000011,0.20248645999999937
621.7,1030.019412,10.53239378,1.388411559,1119.65583,10.25851184,0.724537976,64.3,25.336417999999824,0.273881939999999
621.8000000000001,1031.08223,10.66602302,1.283614016,1120.685166,10.33116694,0.722372208,64.3,25.302936000000003,0.33485608000000155
621.9000000000001,1032.157885,10.78911658,1.178257258,1121.721881,10.40439375,0.714351616,64.3,25.263995999999864,0.3847228299999994
622.0,1033.245321,10.90167447,1.0729005,1122.766044,10.47698442,0.699012493,64.3,25.220722999999865,0.4246900499999988
622.1,1034.343487,11.00369668,0.967543743,1123.817725,10.54708232,0.676225103,64.3,25.174238000000017,0.45661435999999966
622.2,1035.451329,11.09518322,0.862186985,1124.876874,10.61435337,0.643382337,64.3,25.12554500000006,0.4808298499999992
622.3000000000001,1036.567792,11.17613408,0.756830228,1125.942975,10.67791934,0.601277502,64.3,25.075182999999882,0.4982147399999999
622.4000000000001,1037.691823,11.24654926,0.65147347,1127.015394,10.73690201,0.552761037,64.3,25.023570999999905,0.5096472500000004
622.5,1038.822369,11.30642877,0.546486633,1128.093496,10.79042315,0.498389747,64.3,24.97112699999998,0.5160056199999996
622.6,1039.958377,11.35577261,0.443719318,1129.176648,10.83775092,0.439627338,64.3,24.91827099999996,0.5180216900000012
622.7,1041.098792,11.39458076,0.34539105,1130.264216,10.87873894,0.377937517,64.3,24.865424000000033,0.5158418200000003
622.8000000000001,1042.242561,11.4230752,0.25372135,1131.355566,10.91338721,0.314783989,64.3,24.813004999999933,0.5096879899999998
622.9000000000001,1043.38863,11.44236567,0.170929742,1132.450064,10.94169574,0.25138651,64.3,24.761434000000193,0.500669929999999
623.0,1044.535947,11.45378389,0.099235748,1133.547075,10.96366452,0.187989032,64.3,24.711127999999874,0.4901193700000004
623.1,1045.683456,11.45866158,0.040367083,1134.645966,10.97929355,0.124591553,64.3,24.66251000000007,0.47936802999999983
623.2,1046.830283,11.45833045,-0.005334116,1135.746104,10.98858283,0.061194074,64.3,24.615821000000054,0.4697476199999997
623.3000000000001,1047.976262,11.45412221,-0.037652603,1136.846853,10.99153236,-0.002203404,64.3,24.570591000000107,0.46258984999999875
623.4000000000001,1049.121404,11.44729545,-0.058807901,1137.94758,10.98814215,-0.065600883,64.3,24.526176000000035,0.45915330000000054
623.5,1050.265721,11.4391652,-0.071314618,1139.047651,10.97841218,-0.128998362,64.3,24.481930000000105,0.4607530200000003
623.6,1051.409225,11.43119233,-0.077162766,1140.146432,10.96234247,-0.192259648,64.3,24.4372069999999,0.4688498600000006
623.7,1052.551928,11.42337684,-0.078253257,1141.24329,10.93993302,-0.254703782,64.3,24.391361999999802,0.48344381999999975
623.8000000000001,1053.693841,11.41554168,-0.077392592,1142.337589,10.91118381,-0.31551361,64.3,24.343747999999962,0.5043578699999998
623.9000000000001,1054.834977,11.40782455,-0.076351597,1143.428696,10.87617657,-0.373871979,64.3,24.293718999999967,0.5316479800000007
624.0,1055.975347,11.40022546,-0.075400767,1144.515978,10.83531988,-0.428961737,64.3,24.24063099999985,0.5649055799999996
624.1,1057.114963,11.3927444,-0.074220427,1145.598799,10.78910402,-0.479965731,64.3,24.183836000000113,0.6036403799999999
624.2,1058.253837,11.38538137,-0.073040086,1146.676527,10.73801929,-0.526203,64.3,24.122690000000105,0.6473620799999988
624.3000000000001,1059.391981,11.37813638,-0.071859745,1147.748592,10.68255597,-0.567537352,64.3,24.056610999999933,0.6955804100000016
624.4000000000001,1060.529406,11.37100942,-0.070679405,1148.814688,10.62320437,-0.60410498,64.3,23.985281999999827,0.7478050500000002
624.5,1061.666124,11.3640005,-0.069728575,1149.874573,10.56045477,-0.636586843,64.3,23.908448999999976,0.8035457299999997
624.6,1062.802147,11.35710961,-0.068810532,1150.928004,10.49479747,-0.665800094,64.3,23.825857,0.8623121400000002
624.7,1063.937486,11.35033676,-0.068310143,1151.974741,10.42664103,-0.692561887,64.3,23.737254999999962,0.9236957299999986
624.8000000000001,1065.072155,11.34354423,-0.069912734,1153.014541,10.35606718,-0.717689375,64.3,23.642385999999945,0.987477049999999
624.9000000000001,1066.206164,11.33685006,-0.074151786,1154.047163,10.28307592,-0.741999709,64.3,23.540999000000014,1.0537741399999998
625.0,1067.339525,11.33002334,-0.081906119,1155.072365,10.20766724,-0.766173852,64.3,23.4328399999999,1.122356100000001
625.1,1068.47225,11.32205286,-0.093825044,1156.089905,10.12984115,-0.790347994,64.3,23.317655000000016,1.1922117099999987
625.2,1069.604351,11.31261854,-0.110984104,1157.099542,10.04959764,-0.814522136,64.3,23.19519099999998,1.2630209000000008
625.3000000000001,1070.735769,11.30119308,-0.133877253,1158.101034,9.966936719,-0.838696279,64.3,23.06526500000014,1.3342563609999996
625.4000000000001,1071.866165,11.2872492,-0.161551516,1159.094138,9.881858384,-0.862870421,64.3,22.927973000000023,1.4053908160000006
625.5,1072.995129,11.2702596,-0.193619881,1160.078614,9.794362635,-0.887044563,64.3,22.783485000000113,1.4758969649999987
625.6,1074.12225,11.24969699,-0.229203528,1161.054219,9.704449471,-0.911216192,64.3,22.63196900000021,1.5452475190000001
625.7,1075.247118,11.22512195,-0.267423636,1162.020712,9.612118894,-0.935372734,64.3,22.473594000000006,1.6130030560000002
625.8000000000001,1076.369324,11.19644661,-0.307401384,1162.977852,9.517370902,-0.959499106,64.3,22.30852799999998,1.679075708000001
625.9000000000001,1077.488458,11.16367097,-0.348257954,1163.925395,9.420207004,-0.983580221,64.3,22.136936999999946,1.7434639660000002
626.0,1078.604109,11.12679502,-0.389260993,1164.863102,9.320634744,-1.007600994,64.3,21.95899299999992,1.806160276
626.1,1079.715867,11.08581877,-0.430264032,1165.790729,9.218663171,-1.031546339,64.3,21.77486200000017,1.8671555990000002
626.2,1080.823323,11.04074221,-0.471267071,1166.708035,9.114301339,-1.055403685,64.3,21.58471200000004,1.9264408709999987
626.3000000000001,1081.926066,10.99156536,-0.51227011,1167.614779,9.007558298,-1.079170518,64.3,21.38871300000001,1.9840070619999999
626.4000000000001,1083.023686,10.93828819,-0.553273149,1168.510727,8.898443099,-1.102849352,64.3,21.187041000000093,2.039845091
626.5,1084.115773,10.88091073,-0.594276189,1169.395643,8.786964793,-1.126452758,64.3,20.979870000000076,2.093945937000001
626.6,1085.201918,10.81943295,-0.635327679,1170.269293,8.673132433,-1.149995822,64.3,20.767375000000087,2.1463005170000002
626.7,1086.28171,10.75385488,-0.676669873,1171.131442,8.556953561,-1.173493629,64.3,20.549732000000134,2.196901319
626.8000000000001,1087.354739,10.6841765,-0.718593478,1171.981856,8.438429684,-1.196961266,64.3,20.327117,2.2457468159999987
626.9000000000001,1088.420595,10.61036875,-0.761389198,1172.8203,8.317560805,-1.220413816,64.3,20.099705000000043,2.292807945
627.0,1089.478869,10.53228627,-0.805347737,1173.646541,8.194346921,-1.243863853,64.3,19.86767200000004,2.337939349000001
627.1,1090.529149,10.44975464,-0.850759802,1174.460342,8.068788034,-1.26731389,64.3,19.631193000000124,2.3809666059999994
627.2,1091.571027,10.36259944,-0.897867645,1175.261471,7.940884143,-1.290763926,64.3,19.390444000000073,2.4217152970000004
627.3000000000001,1092.604068,10.27064624,-0.946719717,1176.049692,7.810635249,-1.314213963,64.3,19.145623999999955,2.460010991
627.4000000000001,1093.627747,10.17372062,-0.997267569,1176.82477,7.678041351,-1.337664,64.3,18.897022999999948,2.495679268999999
627.5,1094.641514,10.07164816,-1.049268945,1177.586472,7.543102449,-1.361114036,64.3,18.644958000000045,2.5285457110000005
627.6,1095.644819,9.964254438,-1.102433141,1178.334563,7.405818543,-1.384459865,64.3,18.389743999999794,2.5584358949999997
627.7,1096.637112,9.851394097,-1.156469452,1179.068809,7.266189634,-1.407180449,64.3,18.131697000000216,2.585204463
627.8000000000001,1097.617845,9.733038069,-1.211087172,1179.788974,7.124215721,-1.428650543,64.3,17.871129000000067,2.6088223479999995
627.9000000000001,1098.586468,9.609186353,-1.265995598,1180.494824,6.97995933,-1.448244902,64.3,17.608356000000143,2.6292270230000003
628.0,1099.542431,9.479838949,-1.320952474,1181.186126,6.833733081,-1.46533828,64.3,17.343694999999983,2.6461058679999994
628.1,1100.485184,9.344995858,-1.375909351,1181.862643,6.685912123,-1.479886608,64.3,17.077459000000047,2.659083735000001
628.2,1101.414178,9.204657079,-1.430866227,1182.524143,6.536871602,-1.489625324,64.3,16.809965000000105,2.6677854770000007
628.3000000000001,1102.328863,9.058822613,-1.485823104,1183.17044,6.386986666,-1.496193744,64.3,16.541577000000146,2.671835947
628.4000000000001,1103.22869,8.907492459,-1.54077998,1183.80155,6.236283757,-1.499114902,64.3,16.272859999999994,2.6712087020000004
628.5,1104.113109,8.750666617,-1.595736857,1184.417538,6.086184135,-1.498909834,64.3,16.00442900000003,2.6644824820000004
628.6,1104.981571,8.588345087,-1.650516175,1185.018471,5.936016834,-1.496203786,64.3,15.736900000000063,2.6523282530000003
628.7,1105.833526,8.42052787,-1.704230147,1185.604414,5.786443182,-1.491040828,64.3,15.470888000000016,2.6340846880000006
628.8000000000001,1106.668424,8.247214965,-1.755813424,1186.175432,5.637525702,-1.485789729,64.3,15.207008000000044,2.609689263
628.9000000000001,1107.485717,8.068512908,-1.80420066,1186.731591,5.489264395,-1.47933221,64.3,14.94587399999996,2.5792485130000005
629.0,1108.284854,7.88495437,-1.848326507,1187.272956,5.34165926,-1.472770484,64.3,14.688102000000029,2.54329511
629.1,1109.065285,7.697178562,-1.887125619,1187.799594,5.194710298,-1.466208758,64.3,14.43430900000017,2.502468264
629.2,1109.826462,7.505824691,-1.919710206,1188.31157,5.048417508,-1.459647032,64.3,14.185108000000085,2.457407183
629.3000000000001,1110.567919,7.311531966,-1.945902711,1188.80895,4.902780891,-1.453085306,64.3,13.941031000000024,2.4087510750000005
629.4000000000001,1111.289535,7.114939594,-1.96588069,1189.291798,4.757800447,-1.44652358,64.3,13.702263000000087,2.357139147
629.5,1111.991269,6.916686784,-1.980531934,1189.760182,4.613476175,-1.439961854,64.3,13.468912999999887,2.3032106090000006
629.6,1112.673084,6.717412744,-1.99092179,1190.214166,4.469808076,-1.433343117,64.3,13.241081999999963,2.247604668
629.7,1113.334942,6.517650148,-1.998115604,1190.653815,4.326796149,-1.426382313,64.3,13.018872999999942,2.1908539990000007
629.8000000000001,1113.976805,6.317505531,-2.003178724,1191.079197,4.184440396,-1.418737374,64.3,12.802392000000012,2.133065135
629.9000000000001,1114.598635,6.116978892,-2.007176496,1191.490375,4.042775021,-1.410066234,64.3,12.59174000000003,2.074203871
630.0,1115.200392,5.916070231,-2.010996711,1191.887417,3.901971059,-1.400026825,64.3,12.387024999999952,2.014099172
630.1,1115.78204,5.71477955,-2.014816926,1192.270387,3.762233751,-1.38827708,64.3,12.188346999999979,1.9525457990000001
630.2,1116.343539,5.513106846,-2.018637141,1192.639351,3.623768336,-1.374531943,64.3,11.995812000000072,1.8893385100000004
630.3000000000001,1116.884852,5.311052121,-2.022457356,1192.994402,3.486780055,-1.358734403,64.3,11.80955000000013,1.8242720660000002
630.4000000000001,1117.40594,5.108615375,-2.026277571,1193.335742,3.351474148,-1.340941472,64.3,11.629801999999884,1.7571412270000004
630.5,1117.906766,4.905796607,-2.030097786,1193.663602,3.218055855,-1.321438204,64.3,11.456836000000024,1.6877407520000003
630.6,1118.387291,4.702595818,-2.033600358,1193.978211,3.086730417,-1.300566668,64.3,11.2909200000001,1.6158654009999998
630.7,1118.847476,4.499013007,-2.036464811,1194.279799,2.957668868,-1.27866893,64.3,11.132323,1.5413441390000004
630.8000000000001,1119.287284,4.295048175,-2.039577946,1194.568596,2.830905413,-1.256087058,64.3,10.981312000000074,1.4641427619999998
630.9000000000001,1119.706677,4.090891907,-2.038694509,1194.844831,2.706440054,-1.233163118,64.3,10.838154000000216,1.3844518529999994
631.0,1120.105616,3.886736488,-2.03335498,1195.108735,2.58427279,-1.210182168,64.3,10.703118999999973,1.302463698
631.1,1120.484062,3.68204984,-2.022073996,1195.360537,2.46440362,-1.187201217,64.3,10.57647500000003,1.2176462199999998
631.2,1120.841979,3.479379113,-2.003683835,1195.600467,2.346832546,-1.164220266,64.3,10.458487999999946,1.132546567
631.3000000000001,1121.179327,3.279000019,-1.97701961,1195.828754,2.231559567,-1.141239316,64.3,10.349426999999835,1.047440452
631.4000000000001,1121.496188,3.081803777,-1.939709157,1196.04563,2.118584683,-1.118258365,64.3,10.249442000000002,0.9632190940000003
631.5,1121.793116,2.888681605,-1.894759925,1196.251322,2.007907894,-1.095277414,64.3,10.158206000000021,0.8807737109999998
631.6,1122.070788,2.700524722,-1.842383875,1196.446062,1.8995292,-1.072296464,64.3,10.075273999999993,0.800995522
631.7,1122.329877,2.518224345,-1.784066368,1196.630079,1.793448601,-1.049265104,64.3,10.00020200000013,0.7247757440000002
631.8000000000001,1122.571059,2.342523157,-1.721292771,1196.803603,1.689666098,-1.025931292,64.3,9.932543999999965,0.652857059
631.9000000000001,1122.795008,2.173569694,-1.655548445,1196.966863,1.588181689,-1.001992574,64.3,9.871855000000053,0.5853880050000002
632.0,1123.002399,2.011363956,-1.588318756,1197.12009,1.489025621,-0.977146497,64.3,9.817690999999925,0.5223383349999999
632.1,1123.193907,1.855905943,-1.520841506,1197.263513,1.392349119,-0.951090608,64.3,9.769606000000024,0.4635568240000001
632.2,1123.370206,1.707195655,-1.453364256,1197.397363,1.298333656,-0.923522455,64.3,9.727156999999991,0.408861999
632.3000000000001,1123.531972,1.565233092,-1.385887006,1197.521868,1.207160703,-0.894189993,64.3,9.689896000000047,0.35807238899999994
632.4000000000001,1123.679879,1.430018254,-1.318409756,1197.637283,1.119011733,-0.863042814,64.3,9.657404,0.3110065209999999
632.5,1123.814602,1.301551141,-1.250932506,1197.743958,1.034068216,-0.830131326,64.3,9.6293560000001,0.2674829249999999
632.6,1123.936815,1.179831753,-1.183455256,1197.84227,0.952511625,-0.795707573,64.3,9.605455000000077,0.227320128
632.7,1124.047194,1.064860089,-1.116067506,1197.932592,0.874523431,-0.760074009,64.3,9.585398000000126,0.190336658
632.8000000000001,1124.146413,0.956636151,-1.049216752,1198.0153,0.800254861,-0.723533086,64.3,9.568887000000089,0.15638129
632.9000000000001,1124.235148,0.855159938,-0.983439992,1198.090768,0.729736159,-0.686387257,64.3,9.555620000000047,0.125423779
633.0,1124.314071,0.76037775,-0.919274223,1198.159372,0.662967327,-0.648938975,64.3,9.545301000000066,0.09741042299999991
633.1,1124.38386,0.672021089,-0.857256442,1198.221486,0.599948364,-0.611440285,64.3,9.537626000000003,0.07207272500000006
633.2,1124.445188,0.589767757,-0.797923645,1198.277487,0.54067927,-0.573941594,64.3,9.532299000000151,0.0490884869999999
633.3000000000001,1124.49873,0.513295556,-0.74172333,1198.327747,0.485160045,-0.536442904,64.3,9.529017000000024,0.028135511000000002
633.4000000000001,1124.545117,0.442282286,-0.688744996,1198.372644,0.43339069,-0.498944213,64.3,9.527527000000148,0.008891596000000002
633.5,1124.584811,0.376405751,-0.638899145,1198.412551,0.385371203,-0.461445523,64.3,9.527739999999952,-0.008965451999999985
633.6,1124.618228,0.315343753,-0.589963568,1198.447843,0.341101585,-0.423946832,64.3,9.529614999999879,-0.02575783199999998
633.7,1124.645784,0.258774092,-0.542982993,1198.478896,0.300581836,-0.386557391,64.3,9.533112000000031,-0.04180774399999998
633.8000000000001,1124.667897,0.20642827,-0.490580383,1198.506084,0.263811957,-0.349823444,64.3,9.538187000000065,-0.05738368699999999
633.9000000000001,1124.684985,0.158252589,-0.434862232,1198.529783,0.230791946,-0.314400487,64.3,9.544797999999858,-0.072539357
634.0,1124.697463,0.116492491,-0.37616032,1198.550368,0.201456255,-0.280944014,64.3,9.552904999999967,-0.084963764
634.1,1124.705749,0.082057521,-0.313828506,1198.568213,0.175477136,-0.25010952,64.3,9.562464000000048,-0.09341961500000001
634.2,1124.71026,0.054426413,-0.251848343,1198.583693,0.152461293,-0.222552499,64.3,9.57343299999998,-0.09803487999999999
634.3000000000001,1124.711413,0.033077899,-0.191628741,1198.597184,0.132015428,-0.198819198,64.3,9.58577099999998,-0.098937529
634.4000000000001,1124.711422,0.017490712,-0.136621814,1198.609008,0.113746245,-0.179018865,64.3,9.597585999999822,-0.096255533
634.5,1124.71143,0.007143583,-0.090569968,1198.619278,0.097260447,-0.163042251,64.3,9.607847999999834,-0.090116864
634.6,1124.711438,0.001515246,-0.054989111,1198.628053,0.082164736,-0.150343111,64.3,9.616614999999868,-0.08064949
634.7,1124.711447,8.44e-05,-0.029010465,1198.635396,0.068065817,-0.138011315,64.3,9.623948999999996,-0.067981417
634.8000000000001,1124.711455,8.44e-05,-0.011765251,1198.641365,0.054635942,-0.125720343,64.3,9.629910000000066,-0.054551542
634.9000000000001,1124.711464,8.44e-05,-0.002384689,1198.646021,0.041809561,-0.112857931,64.3,9.634557000000044,-0.041725161000000004
635.0,1124.711472,8.44e-05,-9.47e-13,1198.649425,0.030922956,-0.09892181,64.3,9.63795300000011,-0.030838556000000003
635.1,1124.711481,8.44e-05,-5.68e-13,1198.651637,0.021828241,-0.082742076,64.3,9.640155999999891,-0.021743841000000003
635.2,1124.711489,8.44e-05,-2.84e-13,1198.652717,0.014449978,-0.066583372,64.3,9.641227999999913,-0.014365578
635.3000000000001,1124.711498,8.44e-05,0.0,1198.652725,0.008712731,-0.050429647,64.3,9.641227000000029,-0.008628331
635.4000000000001,1124.711506,8.44e-05,7.11e-14,1198.652792,0.004541064,-0.035271788,64.3,9.641285999999994,-0.004456664
635.5,1124.711514,8.44e-05,7.11e-14,1198.652858,0.001859538,-0.022974683,64.3,9.641343999999847,-0.0017751379999999999
635.6,1124.711523,8.44e-05,1.42e-13,1198.652925,0.000665168,-0.013412605,64.3,9.641402000000156,-0.0005807680000000001
635.7,1124.711531,8.44e-05,1.42e-13,1198.652991,0.000665168,-0.006459826,64.3,9.64146000000001,-0.0005807680000000001
635.8000000000001,1124.71154,8.44e-05,9.47e-14,1198.653058,0.000665168,-0.001990617,64.3,9.64151800000009,-0.0005807680000000001
635.9000000000001,1124.711548,8.44e-05,5.68e-14,1198.653124,0.000665168,-4.29e-11,64.3,9.641575999999944,-0.0005807680000000001
636.0,1124.711557,8.44e-05,0.0,1198.653191,0.000665168,-4.74e-13,64.3,9.641634000000025,-0.0005807680000000001
636.1,1124.711565,8.44e-05,0.0,1198.653257,0.000665168,0.0,64.3,9.641691999999878,-0.0005807680000000001
636.2,1124.711574,8.44e-05,0.0,1198.653324,0.000665168,0.0,64.3,9.641750000000187,-0.0005807680000000001
636.3000000000001,1124.711582,8.44e-05,0.0,1198.65339,0.000665168,0.0,64.3,9.64180800000004,-0.0005807680000000001
636.4000000000001,1124.71159,8.44e-05,-5.68e-14,1198.653457,0.000665168,9.47e-14,64.3,9.641867000000005,-0.0005807680000000001
636.5,1124.711599,8.44e-05,-9.47e-14,1198.653523,0.000665168,0.0,64.3,9.641923999999975,-0.0005807680000000001
636.6,1124.711607,8.44e-05,-1.42e-13,1198.65359,0.000665168,0.0,64.3,9.64198299999994,-0.0005807680000000001
636.7,1124.711616,8.44e-05,-1.42e-13,1198.653657,0.000665168,0.0,64.3,9.64204100000002,-0.0005807680000000001
636.8000000000001,1124.711624,8.44e-05,-7.11e-14,1198.653723,0.000665168,0.0,64.3,9.642098999999874,-0.0005807680000000001
636.9000000000001,1124.711633,8.44e-05,-7.11e-14,1198.65379,0.000665168,0.0,64.3,9.642157000000182,-0.0005807680000000001
637.0,1124.711641,8.44e-05,0.0,1198.653856,0.000665168,-9.47e-14,64.3,9.642214999999808,-0.0005807680000000001
637.1,1124.71165,8.44e-05,9.47e-14,1198.653923,0.000665168,1.58e-13,64.3,9.642273000000117,-0.0005807680000000001
637.2,1124.711658,8.44e-05,1.89e-13,1198.653989,0.000665168,1.89e-13,64.3,9.64233099999997,-0.0005807680000000001
637.3000000000001,1124.711666,8.44e-05,3.79e-13,1198.654056,0.000665168,2.37e-13,64.3,9.642390000000162,-0.0005807680000000001
637.4000000000001,1124.711675,8.44e-05,7.58e-13,1198.654122,0.000665168,4.74e-13,64.3,9.642446999999905,-0.0005807680000000001
637.5,1124.711683,8.44e-05,0.013734412,1198.654189,0.000665168,1.39e-11,64.3,9.642506000000097,-0.0005807680000000001
637.6,1124.711692,8.44e-05,0.022646967,1198.654255,0.000665168,0.05947074,64.3,9.64256299999984,-0.0005807680000000001
637.7,1124.7117,8.44e-05,0.031216393,1198.654322,0.000665168,0.12767282,64.3,9.642622000000031,-0.0005807680000000001
637.8000000000001,1124.711709,0.00832508,0.041621857,1198.654388,0.000665168,0.204613287,64.3,9.642679000000001,0.0076599120000000005
637.9000000000001,1124.711717,0.015376365,0.045293935,1198.654455,0.036347612,0.298996514,64.3,9.642738000000193,-0.020971247000000002
638.0,1124.711726,0.018202007,0.045561574,1198.654521,0.07726886,0.398662018,64.3,9.642794999999936,-0.059066852999999996
638.1,1124.711734,0.025057547,0.031179156,1198.654588,0.123433141,0.486982013,64.3,9.642854000000128,-0.098375594
638.2,1124.718335,0.027260794,0.01669571,1198.654654,0.174787474,0.538522287,64.3,9.636318999999915,-0.14752668
638.3000000000001,1124.723984,0.027421377,0.005799402,1198.683267,0.239862379,0.589628107,64.3,9.659282999999917,-0.212441002
638.4000000000001,1124.728512,0.029164408,-0.009926634,1198.71607,0.292854376,0.580733384,64.3,9.687558000000038,-0.26368996800000005
638.5,1124.731746,0.025027758,-0.02010799,1198.753068,0.359460984,0.562577517,64.3,9.721322000000058,-0.334433226
638.6,1124.733517,0.021681648,-0.022321169,1198.794218,0.431045724,0.521495762,64.3,9.760701000000111,-0.409364076
638.7,1124.733654,0.019101567,-0.02522622,1198.839478,0.471873171,0.489138738,64.3,9.805824000000214,-0.452771604
638.8000000000001,1124.735057,0.015196,-0.018919665,1198.888805,0.512333984,0.452853974,64.3,9.853747999999953,-0.497137984
638.9000000000001,1124.73646,0.014028676,-0.012754954,1198.942157,0.552370955,0.398250496,64.3,9.905696999999876,-0.538342279
639.0,1124.737863,0.014028676,-0.008454818,1198.999491,0.591984083,0.394012071,64.3,9.961627999999976,-0.577955407
639.1,1124.739266,0.014028676,-0.001945539,1199.060765,0.631173369,0.389773646,64.3,10.021498999999906,-0.617144693
639.2,1124.740669,0.014028676,3.79e-13,1199.125937,0.669938812,0.385535221,64.3,10.085268,-0.655910136
639.3000000000001,1124.742071,0.014028676,1.24e-11,1199.194965,0.708280413,0.381296797,64.3,10.152894000000018,-0.694251737
639.4000000000001,1124.743474,0.014028676,1.68e-11,1199.267805,0.746198172,0.377058372,64.3,10.22433099999985,-0.732169496
639.5,1124.744877,0.014028676,2.12e-11,1199.344417,0.783692088,0.372819947,64.3,10.299539999999936,-0.769663412
639.6,1124.74628,0.014028676,1.41e-11,1199.424756,0.820762161,0.368581522,64.3,10.378475999999822,-0.806733485
639.7,1124.747683,0.014028676,1.36e-11,1199.508781,0.857408392,0.364343098,64.3,10.46109799999995,-0.843379716
639.8000000000001,1124.749086,0.014028676,3.88e-12,1199.596449,0.893630781,0.360059629,64.3,10.547362999999862,-0.879602105
639.9000000000001,1124.750489,0.014028676,-4.36e-12,1199.687719,0.929429327,0.355505897,64.3,10.637230000000002,-0.915400651
640.0,1124.751891,0.014028676,-1.36e-11,1199.782547,0.96480403,0.350411637,64.3,10.730656000000138,-0.950775354
640.1,1124.753294,0.014028676,-1.41e-11,1199.880892,0.999727865,0.344506586,64.3,10.82759799999981,-0.985699189
640.2,1124.754697,0.014028676,-2.08e-11,1199.98271,1.034065699,0.337520481,64.3,10.928012999999922,-1.020037023
640.3000000000001,1124.7561,0.014028676,-1.66e-11,1200.08796,1.067655374,0.329183058,64.3,11.031860000000009,-1.0536266980000002
640.4000000000001,1124.757503,0.014028676,-1.25e-11,1200.196599,1.100334733,0.319269096,64.3,11.139096000000066,-1.086306057
640.5,1124.758906,0.014028676,-9.89e-12,1200.308563,1.131941616,0.307733553,64.3,11.249657000000028,-1.11791294
640.6,1124.760309,0.014028676,-3.16e-13,1200.423702,1.162313865,0.294621472,64.3,11.363393000000045,-1.148285189
640.7,1124.761712,0.014028676,0.0,1200.541843,1.191289323,0.280158073,64.3,11.480130999999986,-1.177260647
640.8000000000001,1124.763114,0.014028676,3.16e-13,1200.662815,1.218705831,0.264613618,64.3,11.599700999999826,-1.2046771550000002
640.9000000000001,1124.764517,0.014028676,0.177819379,1200.786445,1.244428258,0.248258374,64.3,11.721927999999892,-1.230399582
641.0,1124.76592,0.014028676,0.380417868,1200.912561,1.268429576,0.231362601,64.3,11.846641000000048,-1.2544009
641.1,1124.767323,0.014028676,0.606840074,1201.040991,1.290709787,0.214196565,64.3,11.973668000000046,-1.276681111
641.2,1124.768726,0.120720303,0.865829114,1201.171564,1.311268889,0.196985485,64.3,12.102837999999977,-1.190548586
641.3000000000001,1124.770129,0.242279397,1.154438819,1201.304106,1.330106884,0.179774405,64.3,12.233977000000053,-1.0878274870000002
641.4000000000001,1124.771532,0.37813272,1.419495075,1201.438446,1.34722377,0.162563326,64.3,12.366914000000136,-0.9690910500000001
641.5,1124.772934,0.527707039,1.55383885,1201.574411,1.362619549,0.145352246,64.3,12.50147699999998,-0.8349125099999999
641.6,1124.859691,0.706691968,1.682450271,1201.71183,1.376294219,0.128141166,64.3,12.552138999999855,-0.669602251
641.7,1124.958341,0.865725721,1.627509961,1201.85053,1.388247782,0.110930086,64.3,12.59218899999992,-0.5225220610000001
641.8000000000001,1125.068426,1.053023613,1.542058187,1201.99034,1.398480237,0.093783586,64.3,12.621914000000018,-0.3454566240000001
641.9000000000001,1125.189489,1.25174956,1.399945594,1202.131087,1.406991583,0.077024565,64.3,12.641597999999888,-0.155242023
642.0,1125.321069,1.354638697,1.267055567,1202.272599,1.413781822,0.061040503,64.3,12.651529999999823,-0.059143125000000074
642.1,1125.462709,1.452941952,1.112188013,1202.414704,1.4188897,0.046218878,64.3,12.651995000000127,0.03405225199999995
642.2,1125.61395,1.546659324,0.914244311,1202.55723,1.422508958,0.03294717,64.3,12.643279999999962,0.12415036599999985
642.3000000000001,1125.774334,1.635790814,0.868385486,1202.700004,1.424872084,0.021551196,64.3,12.625670000000085,0.21091872999999994
642.4000000000001,1125.943402,1.720336421,0.822526661,1202.842856,1.426211563,0.012212052,64.3,12.59945399999988,0.294124858
642.5,1126.120694,1.800296146,0.776667836,1202.985642,1.426759885,0.0057897,64.3,12.564948000000143,0.3735362609999999
642.6,1126.305754,1.875669988,0.730809011,1203.128347,1.426712539,0.001300855,64.3,12.5225930000001,0.4489574490000001
642.7,1126.498121,1.946457948,0.684950186,1203.270985,1.426216931,-0.001250595,64.3,12.47286400000003,0.520241017
642.8000000000001,1126.697338,2.012660026,0.639091361,1203.413568,1.425982779,-0.002252128,64.3,12.416229999999999,0.5866772469999999
642.9000000000001,1126.902946,2.074276221,0.593246468,1203.556112,1.425652596,-0.002020808,64.3,12.353166000000058,0.6486236249999999
643.0,1127.114486,2.131306533,0.547485165,1203.698629,1.425461206,-0.00082857,64.3,12.284143000000043,0.705845327
643.1,1127.3315,2.183750963,0.501891043,1203.841135,1.425408608,0.000167982,64.3,12.209634999999892,0.7583423550000001
643.2,1127.55353,2.231617869,0.456547691,1203.983642,1.425494803,0.001555905,64.3,12.130112000000011,0.8061230659999998
643.3000000000001,1127.780115,2.274949047,0.411538701,1204.126164,1.425719789,0.002943827,64.3,12.046048999999996,0.8492292579999998
643.4000000000001,1128.010799,2.313794651,0.366947662,1204.268716,1.426083568,0.004331749,64.3,11.957917000000137,0.8877110829999999
643.5,1128.245122,2.348204835,0.322844234,1204.411312,1.426586139,0.005719672,64.3,11.866189999999918,0.9216186960000001
643.6,1128.482633,2.378229754,0.279242347,1204.553964,1.427227502,0.007107594,64.3,11.771330999999876,0.9510022519999999
643.7,1128.722905,2.40391956,0.23612807,1204.696688,1.428007658,0.008495516,64.3,11.673782999999915,0.9759119019999998
643.8000000000001,1128.965522,2.425324409,0.193431744,1204.839496,1.428926606,0.009980736,64.3,11.573974000000092,0.9963978029999998
643.9000000000001,1129.210064,2.442494455,0.15106978,1204.982404,1.429984346,0.012049746,64.3,11.472339999999988,1.012510109
644.0,1129.456113,2.455471493,0.108958587,1205.125424,1.431180878,0.015286333,64.3,11.36931100000011,1.0242906150000002
644.1,1129.703251,2.464263882,0.067014574,1205.26857,1.432574581,0.020274286,64.3,11.265319000000048,1.0316893010000001
644.2,1129.951059,2.468871622,0.025154152,1205.411858,1.43445735,0.027597395,64.3,11.160798999999955,1.034414272
644.3000000000001,1130.199118,2.469294712,-0.016692339,1205.555299,1.437179458,0.037839448,64.3,11.056181000000109,1.032115254
644.4000000000001,1130.44701,2.465533154,-0.05853883,1205.698909,1.441091177,0.051486936,64.3,10.95189899999987,1.0244419770000002
644.5,1130.694317,2.457586946,-0.100385321,1205.842747,1.446542783,0.068637158,64.3,10.848429999999965,1.0110441630000002
644.6,1130.940619,2.44545609,-0.142231811,1205.987062,1.453884547,0.089192814,64.3,10.746442999999957,0.991571543
644.7,1131.1855,2.429140584,-0.184078302,1206.132147,1.463466743,0.112667414,64.3,10.646646999999987,0.9656738410000003
644.8000000000001,1131.42854,2.408640429,-0.225924793,1206.278297,1.475639645,0.13847717,64.3,10.549756999999957,0.9330007840000001
644.9000000000001,1131.669321,2.383955625,-0.267520866,1206.425805,1.490695146,0.166038293,64.3,10.456484000000003,0.893260479
645.0,1131.907423,2.355086172,-0.307614435,1206.574965,1.508691626,0.194766993,64.3,10.367541999999915,0.846394546
645.1,1132.14243,2.322032071,-0.344702993,1206.726073,1.529629085,0.224079482,64.3,10.283642999999941,0.7924029860000001
645.2,1132.373922,2.28494357,-0.377284037,1206.879421,1.553507522,0.253489269,64.3,10.205499000000103,0.7314360479999997
645.3000000000001,1132.601481,2.244571923,-0.403855062,1207.035304,1.580326939,0.282899056,64.3,10.133823000000078,0.664244984
645.4000000000001,1132.824688,2.201818633,-0.422913563,1207.194015,1.610087334,0.312308843,64.3,10.069327000000115,0.5917312989999999
645.5,1133.043126,2.157585203,-0.433207451,1207.355851,1.642788707,0.34171863,64.3,10.012725000000003,0.514796496
645.6,1133.256495,2.112773135,-0.434486311,1207.521103,1.67843106,0.371128417,64.3,9.964607999999956,0.43434207499999977
645.7,1133.464978,2.068283933,-0.427000559,1207.690066,1.717014391,0.400538205,64.3,9.925087999999917,0.35126954200000005
645.8000000000001,1133.668878,2.025019099,-0.412002283,1207.863035,1.758538701,0.429839654,64.3,9.894157000000135,0.2664803980000001
645.9000000000001,1133.868498,1.983880137,-0.390993987,1208.040303,1.803003989,0.458491077,64.3,9.871804999999952,0.18087614800000007
646.0,1134.064141,1.945618298,-0.365478177,1208.222165,1.850410256,0.485842448,64.3,9.858023999999844,0.0952080420000001
646.1,1134.256108,1.910383833,-0.336957357,1208.408915,1.9006925,0.511243739,64.3,9.852806999999942,0.009691333000000135
646.2,1134.444704,1.878176743,-0.306934032,1208.600846,1.953525706,0.534044925,64.3,9.856142000000048,-0.07534896299999994
646.3000000000001,1134.63023,1.848997027,-0.276660289,1208.798254,2.008519859,0.55359598,64.3,9.868024000000062,-0.15952283200000017
646.4000000000001,1134.812989,1.822844685,-0.246386547,1209.001431,2.065284944,0.569844035,64.3,9.888441999999898,-0.2424402590000001
646.5,1134.993285,1.799719718,-0.216112805,1209.21062,2.123430944,0.581243601,64.3,9.917335000000051,-0.3237112259999999
646.6,1135.17142,1.779622124,-0.185839062,1209.425856,2.182567844,0.589281547,64.3,9.954436000000172,-0.40294571999999973
646.7,1135.347696,1.762551905,-0.15556532,1209.647119,2.242598921,0.594098672,64.3,9.999422999999936,-0.4800470159999999
646.8000000000001,1135.522416,1.74850906,-0.125291578,1209.874393,2.302271867,0.596315692,64.3,10.051977000000036,-0.553762807
646.9000000000001,1135.695884,1.73749359,-0.095017835,1210.10766,2.362088788,0.596553596,64.3,10.11177599999992,-0.624595198
647.0,1135.868401,1.729505493,-0.06474273,1210.346901,2.421744147,0.595060699,64.3,10.178499999999943,-0.6922386540000001
647.1,1136.040271,1.724544771,-0.034459449,1210.592098,2.481220359,0.593837072,64.3,10.251827000000006,-0.756675588
647.2,1136.211797,1.722611423,-0.004159816,1210.843234,2.540517424,0.592074906,64.3,10.331437000000008,-0.8179060009999999
647.3000000000001,1136.38328,1.723706267,0.026164345,1211.100291,2.599635341,0.59028343,64.3,10.41701099999996,-0.8759290739999999
647.4000000000001,1136.555024,1.727833391,0.05652121,1211.363251,2.65857411,0.588491953,64.3,10.50822699999999,-0.9307407189999999
647.5,1136.727332,1.7349977,0.086918955,1211.632096,2.717333731,0.586700477,64.3,10.604764000000117,-0.982336031
647.6,1136.900506,1.7452041,0.117364393,1211.906807,2.775914205,0.584909001,64.3,10.706301000000124,-1.0307101049999998
647.7,1137.074849,1.758457497,0.147858887,1212.187368,2.834315531,0.583117525,64.3,10.812519000000023,-1.0758580340000001
647.8000000000001,1137.250668,1.774762796,0.178401075,1212.47376,2.89253771,0.581326049,64.3,10.923092000000182,-1.117774914
647.9000000000001,1137.42827,1.794124903,0.208984143,1212.765965,2.950580741,0.579456531,64.3,11.037694999999943,-1.156455838
648.0,1137.60796,1.816548723,0.239599914,1213.063966,3.008444625,0.577118759,64.3,11.156005999999891,-1.1918959020000002
648.1,1137.790046,1.842038345,0.270240214,1213.367744,3.066129361,0.573844482,64.3,11.27769799999983,-1.2240910160000003
648.2,1137.974834,1.870594585,0.300896866,1213.677281,3.123588124,0.569165446,64.3,11.402446999999896,-1.2529935389999998
648.3000000000001,1138.162632,1.902217445,0.331561693,1213.99256,3.180586787,0.562613397,64.3,11.529927999999884,-1.2783693420000002
648.4000000000001,1138.353744,1.936906924,0.362227884,1214.313563,3.236844399,0.553720084,64.3,11.659818999999928,-1.2999374750000001
648.5,1138.54848,1.974663022,0.392894074,1214.640272,3.292080009,0.542095295,64.3,11.791792000000171,-1.317416987
648.6,1138.747144,2.015485739,0.423560264,1214.97263,3.346012663,0.527660988,64.3,11.925486000000049,-1.3305269240000004
648.7,1138.950044,2.059375075,0.454226455,1215.310435,3.398361411,0.510495205,64.3,12.060391000000166,-1.338986336
648.8000000000001,1139.157485,2.10633103,0.484892645,1215.653441,3.448845301,0.490988156,64.3,12.195955999999981,-1.3425142709999998
648.9000000000001,1139.369776,2.156353604,0.515558836,1216.001408,3.49718338,0.469608096,64.3,12.331632000000084,-1.340829776
649.0,1139.587223,2.209442797,0.546046651,1216.354091,3.543141522,0.446823277,64.3,12.466867999999934,-1.333698725
649.1,1139.810132,2.265598609,0.575464213,1216.711249,3.586672903,0.423101952,64.3,12.601116999999888,-1.3210742940000002
649.2,1140.038809,2.32482104,0.602741271,1217.072639,3.627777521,0.398912374,64.3,12.733830000000083,-1.3029564810000003
649.3000000000001,1140.273563,2.387003065,0.626807573,1217.438018,3.666455377,0.374644753,64.3,12.864455000000092,-1.279452312
649.4000000000001,1140.514698,2.451609558,0.646592865,1217.807144,3.702706472,0.350377133,64.3,12.992446000000157,-1.2510969140000001
649.5,1140.762522,2.517998367,0.661026895,1218.179773,3.736530804,0.326109513,64.3,13.117251000000081,-1.218532437
649.6,1141.017342,2.58552734,0.669217787,1218.555663,3.767928374,0.301841892,64.3,13.238321,-1.1824010339999997
649.7,1141.279379,2.653554328,0.670987166,1218.934572,3.796899182,0.277574272,64.3,13.35519299999983,-1.1433448540000004
649.8000000000001,1141.548511,2.721437177,0.666513406,1219.316256,3.823443229,0.253306652,64.3,13.467745000000107,-1.1020060520000001
649.9000000000001,1141.82453,2.788533738,0.656688384,1219.700474,3.847560513,0.2290791,64.3,13.575943999999893,-1.059026775
650.0,1142.107231,2.854201857,0.642582354,1220.086982,3.869251035,0.20509196,64.3,13.679751000000081,-1.015049178
650.1,1142.396406,2.91790641,0.625265566,1220.475538,3.888514795,0.181585645,64.3,13.779131999999848,-0.9706083849999998
650.2,1142.691848,2.979540371,0.605808274,1220.865898,3.905375834,0.158800565,64.3,13.874050000000082,-0.9258354629999999
650.3000000000001,1142.993349,3.03910374,0.58528073,1221.257821,3.919954359,0.136977134,64.3,13.964471999999844,-0.8808506190000003
650.4000000000001,1143.300704,3.096596517,0.56457481,1221.651064,3.932394616,0.116355763,64.3,14.050359999999912,-0.8357980989999998
650.5,1143.613704,3.152018702,0.543868891,1222.045384,3.942840852,0.097136795,64.3,14.131679999999918,-0.7908221499999999
650.6,1143.932143,3.205370295,0.523162971,1222.440557,3.951437315,0.079360299,64.3,14.208413999999905,-0.7460670200000004
650.7,1144.255813,3.256651296,0.502457051,1222.836438,3.958328253,0.062986207,64.3,14.280625000000057,-0.7016769570000001
650.8000000000001,1144.584508,3.305861705,0.481751131,1223.232898,3.963657911,0.047814175,64.3,14.348390000000066,-0.657796206
650.9000000000001,1144.918021,3.353001523,0.461045212,1223.62981,3.967570538,0.033603791,64.3,14.411788999999956,-0.6145690149999998
651.0,1145.256144,3.398070748,0.440297588,1224.027048,3.97018634,0.020114644,64.3,14.470903999999976,-0.5721155920000003
651.1,1145.59867,3.441069381,0.419299737,1224.424484,3.971529357,0.00710632,64.3,14.525813999999812,-0.5304599759999999
651.2,1145.945393,3.481997422,0.397801432,1224.82199,3.97159959,-0.005661592,64.3,14.57659699999995,-0.4896021679999998
651.3000000000001,1146.296105,3.520829849,0.375552448,1225.21944,3.970397039,-0.018389435,64.3,14.623335000000182,-0.4495671899999998
651.4000000000001,1146.650599,3.557441547,0.352302556,1225.616706,3.967921703,-0.031117278,64.3,14.666106999999968,-0.4104801560000002
651.5,1147.008669,3.591682382,0.327801531,1226.013661,3.964173583,-0.043845121,64.3,14.704991999999905,-0.3724912009999999
651.6,1147.370106,3.623402216,0.30184085,1226.410177,3.959152679,-0.056572964,64.3,14.740070999999901,-0.33575046299999967
651.7,1147.734685,3.652450915,0.274378809,1226.806128,3.95285899,-0.069300807,64.3,14.771443000000048,-0.300408075
651.8000000000001,1148.102097,3.678678341,0.245457112,1227.201386,3.945292517,-0.08202865,64.3,14.799289000000002,-0.26661417600000004
651.9000000000001,1148.472016,3.701934359,0.215284281,1227.595823,3.93645326,-0.094709319,64.3,14.823807000000173,-0.23451890099999995
652.0,1148.844115,3.722068833,0.184110543,1227.989313,3.926341219,-0.107106944,64.3,14.84519799999994,-0.20427238600000042
652.1,1149.218066,3.738956649,0.152186125,1228.381727,3.914956393,-0.118938479,64.3,14.86366100000005,-0.1759997440000003
652.2,1149.593542,3.752572785,0.119761254,1228.77294,3.902327087,-0.129920881,64.3,14.879397999999995,-0.14975430200000028
652.3000000000001,1149.970216,3.762917241,0.087086156,1229.162824,3.888594824,-0.139771105,64.3,14.892608000000067,-0.12567758300000031
652.4000000000001,1150.347761,3.769990016,0.054369353,1229.55125,3.87392943,-0.148206107,64.3,14.903488999999993,-0.10393941400000006
652.5,1150.72585,3.773791111,0.021652551,1229.938093,3.858500732,-0.155228939,64.3,14.912242999999947,-0.08470962100000001
652.6,1151.104155,3.774320526,-0.011064252,1230.323247,3.842478556,-0.160075657,64.3,14.919092000000049,-0.0681580300000002
652.7,1151.48235,3.771578261,-0.043781054,1230.706699,3.826032729,-0.163510206,64.3,14.924349000000078,-0.05445446799999987
652.8000000000001,1151.860107,3.765564316,-0.076497857,1231.088456,3.809189724,-0.165529533,64.3,14.928348999999983,-0.04362540800000003
652.9000000000001,1152.237099,3.75627869,-0.109214659,1231.468528,3.79254943,-0.166416681,64.3,14.931429000000165,-0.03627074000000041
653.0,1152.612999,3.743721384,-0.141931462,1231.846923,3.775823306,-0.166402942,64.3,14.933924000000118,-0.03210192199999984
653.1,1152.987479,3.727892397,-0.174395462,1232.22365,3.759183012,-0.165690752,64.3,14.936171000000016,-0.03129061499999963
653.2,1153.360213,3.708791731,-0.205342645,1232.598717,3.742628547,-0.165115504,64.3,14.938504000000151,-0.03383681599999999
653.3000000000001,1153.730873,3.686419384,-0.233256194,1232.972133,3.726159911,-0.164257211,64.3,14.941260000000014,-0.03974052699999975
653.4000000000001,1154.099133,3.660927039,-0.256619292,1233.343906,3.709777105,-0.163398919,64.3,14.944773000000126,-0.04885006599999997
653.5,1154.464664,3.633073103,-0.273915123,1233.714045,3.693480128,-0.162540626,64.3,14.94938099999986,-0.06040702499999995
653.6,1154.82714,3.603767667,-0.28362687,1234.082559,3.67726898,-0.161682333,64.3,14.95541899999985,-0.07350131299999996
653.7,1155.186234,3.573920822,-0.284490518,1234.449456,3.661143661,-0.160824041,64.3,14.963222000000044,-0.08722283900000027
653.8000000000001,1155.54174,3.544442657,-0.276253265,1234.814745,3.645104172,-0.159965748,64.3,14.973005000000015,-0.10066151500000009
653.9000000000001,1155.893937,3.516243262,-0.259167913,1235.178434,3.629150511,-0.159107456,64.3,14.984496999999877,-0.11290724900000004
654.0,1156.243227,3.490232728,-0.234498477,1235.540532,3.61328268,-0.158223483,64.3,14.997305000000054,-0.12304995200000013
654.1,1156.59001,3.467321144,-0.203761774,1235.901048,3.597500679,-0.157185431,64.3,15.011038000000056,-0.1301795349999999
654.2,1156.934687,3.44826692,-0.16847462,1236.259989,3.581804506,-0.155839218,64.3,15.025301999999968,-0.1335375860000001
654.3000000000001,1157.277659,3.433221736,-0.130153832,1236.617365,3.566209571,-0.154030764,64.3,15.039705999999981,-0.13298783499999978
654.4000000000001,1157.619327,3.422185593,-0.090316227,1236.973185,3.550792913,-0.15160599,64.3,15.053857999999948,-0.12860731999999997
654.5,1157.960091,3.41515849,-0.05022582,1237.327457,3.535646981,-0.148410815,64.3,15.067366000000177,-0.12048849100000014
654.6,1158.300354,3.412140429,-0.010135412,1237.680188,3.520864222,-0.14431684,64.3,15.079834000000076,-0.10872379300000024
654.7,1158.640515,3.413131408,0.029954995,1238.031402,3.506537085,-0.139298383,64.3,15.090887000000023,-0.09340567700000024
654.8000000000001,1158.980975,3.418131428,0.070045403,1238.381166,3.492758017,-0.133381126,64.3,15.100190999999953,-0.07462658899999974
654.9000000000001,1159.322137,3.427140488,0.11013581,1238.729565,3.479619467,-0.126693468,64.3,15.107427999999985,-0.05247897899999998
655.0,1159.664399,3.44015859,0.150226218,1239.076681,3.467213883,-0.119389489,64.3,15.112282000000008,-0.02705529300000009
655.1,1160.008164,3.457185732,0.190122697,1239.422595,3.455618305,-0.11162327,64.3,15.114430999999925,0.0015674270000003432
655.2,1160.353832,3.478221915,0.228855611,1239.767391,3.444848141,-0.103548891,64.3,15.11355900000008,0.03337377400000019
655.3000000000001,1160.701804,3.503267138,0.265261392,1240.111152,3.434903391,-0.095320431,64.3,15.109347999999912,0.06836374699999981
655.4000000000001,1161.052481,3.532205046,0.298176475,1240.453959,3.425784055,-0.087066292,64.3,15.101478,0.10642099100000024
655.5,1161.406263,3.564453855,0.32719015,1240.795896,3.417490133,-0.078812152,64.3,15.089633000000006,0.14696372200000019
655.6,1161.763553,3.599315425,0.348880279,1241.137045,3.410021624,-0.070558013,64.3,15.073491999999945,0.18929380099999982
655.7,1162.12475,3.636091617,0.364535797,1241.477488,3.40337853,-0.062303873,64.3,15.052738000000048,0.23271308700000004
655.8000000000001,1162.490163,3.674536005,0.373209917,1241.817308,3.39756085,-0.054049733,64.3,15.027144999999976,0.27697515500000014
655.9000000000001,1162.859727,3.712595306,0.375096568,1242.156587,3.392568583,-0.045795594,64.3,14.996859999999927,0.3200267229999998
656.0,1163.233284,3.750926524,0.371165388,1242.495409,3.388401731,-0.037413705,64.3,14.9621250000002,0.36252479299999996
656.1,1163.610677,3.788379805,0.361827085,1242.833855,3.385060293,-0.028265317,64.3,14.923178000000192,0.40331951199999994
656.2,1163.991748,3.824373366,0.350503799,1243.172008,3.382544268,-0.017583931,64.3,14.880260000000092,0.4418290979999999
656.3000000000001,1164.37634,3.858790849,0.336100523,1243.509951,3.380930307,-0.00460305,64.3,14.833610999999976,0.47786054200000017
656.4000000000001,1164.764294,3.891632256,0.320533681,1243.847766,3.38060166,0.011443825,64.3,14.783472000000032,0.5110305959999999
656.5,1165.155454,3.922897585,0.304772911,1244.185536,3.382018225,0.031323194,64.3,14.730081999999996,0.5408793599999999
656.6,1165.549662,3.952586838,0.289012141,1244.523343,3.385639901,0.055673805,64.3,14.673681000000173,0.5669469370000004
656.7,1165.94676,3.980700014,0.273251371,1244.861332,3.391926588,0.084623408,64.3,14.61457199999991,0.5887734259999999
656.8000000000001,1166.34659,4.007237112,0.257490602,1245.19989,3.401338185,0.118044252,64.3,14.553299999999993,0.6058989270000001
656.9000000000001,1166.748995,4.032198134,0.241729832,1245.539469,3.41433459,0.15529759,64.3,14.490474000000134,0.6178635439999995
657.0,1167.153817,4.055583079,0.225969062,1245.88052,3.431375704,0.195616922,64.3,14.426703000000046,0.6242073749999997
657.1,1167.5609,4.077391946,0.210245813,1246.223492,3.452844776,0.238235751,64.3,14.362592000000134,0.6245471699999996
657.2,1167.970084,4.097624737,0.194747691,1246.568837,3.478818455,0.282387576,64.3,14.29875299999999,0.6188062820000004
657.3000000000001,1168.381213,4.116281451,0.179699822,1246.917004,3.509296741,0.3273059,64.3,14.23579100000002,0.6069847099999999
657.4000000000001,1168.794128,4.1333846,0.165327333,1247.268444,3.544279635,0.372351974,64.3,14.174316000000047,0.5891049650000002
657.5,1169.208673,4.149046749,0.15185535,1247.623607,3.583767136,0.417398048,64.3,14.114933999999906,0.565279613
657.6,1169.62469,4.163402972,0.139509,1247.982945,3.627759245,0.462444122,64.3,14.058254999999875,0.5356437270000001
657.7,1170.04202,4.176588346,0.128475889,1248.346907,3.67625596,0.507490196,64.3,14.00488700000001,0.5003323859999997
657.8000000000001,1170.460525,4.188737947,0.118793537,1248.715944,3.729257284,0.55253627,64.3,13.955419000000077,0.4594806629999999
657.9000000000001,1170.880137,4.199986851,0.110424424,1249.090506,3.786763214,0.597582343,64.3,13.910368999999903,0.4132236370000002
658.0,1171.300806,4.210470134,0.103180944,1249.471044,3.848773752,0.642451208,64.3,13.87023799999993,0.3616963820000003
658.1,1171.722483,4.220322871,0.09683797,1249.858008,3.915288898,0.686256815,64.3,13.835524999999919,0.30503397299999957
658.2,1172.145119,4.229657626,0.091170375,1250.25185,3.986308651,0.727935908,64.3,13.806731000000084,0.24334897499999997
658.3000000000001,1172.568663,4.238496912,0.085953034,1250.653018,4.061726685,0.766425231,64.3,13.784354999999962,0.17677022699999956
658.4000000000001,1172.993066,4.246840729,0.08096082,1251.061964,4.141011373,0.800661525,64.3,13.768897999999993,0.10582935599999921
658.5,1173.418278,4.254689076,0.076006127,1251.479138,4.223524759,0.830494017,64.3,13.760859999999823,0.031164316999999997
658.6,1173.844251,4.262041954,0.071051433,1251.904991,4.308628891,0.85311173,64.3,13.760740000000126,-0.04658693699999983
658.7,1174.270935,4.268899363,0.06609674,1252.339887,4.395685813,0.868637343,64.3,13.768952000000084,-0.12678645
658.8000000000001,1174.698279,4.275261302,0.061142047,1252.783853,4.484605061,0.878773145,64.3,13.785573999999954,-0.20934375900000024
658.9000000000001,1175.126235,4.281127772,0.056187354,1253.236828,4.573593723,0.883592661,64.3,13.810593000000111,-0.2924659510000005
659.0,1175.554752,4.286498773,0.05123266,1253.698753,4.662193779,0.884159148,64.3,13.844000999999892,-0.37569500599999994
659.1,1175.983782,4.291374304,0.046277967,1254.169567,4.750788646,0.880623382,64.3,13.885784999999899,-0.45941434200000053
659.2,1176.413275,4.295754366,0.041343187,1254.64921,4.838784487,0.875973548,64.3,13.93593499999993,-0.5430301210000001
659.3000000000001,1176.843181,4.299638959,0.036527886,1255.137623,4.926181302,0.870973013,64.3,13.99444200000012,-0.6265423429999997
659.4000000000001,1177.27345,4.303028082,0.031951542,1255.634746,5.01297909,0.864982749,64.3,14.061296000000041,-0.709951008
659.5,1177.704034,4.305933684,0.027733634,1256.140518,5.099177851,0.858992485,64.3,14.13648399999984,-0.7932441670000001
659.6,1178.134882,4.308415504,0.023993642,1256.654881,5.184777587,0.853002222,64.3,14.219998999999873,-0.8763620830000001
659.7,1178.565946,4.310545229,0.020750253,1257.177773,5.269778296,0.847011958,64.3,14.311826999999951,-0.9592330670000004
659.8000000000001,1178.997175,4.312394547,0.018405406,1257.709136,5.354179978,0.841021694,64.3,14.411960999999977,-1.041785431
659.9000000000001,1179.428529,4.314035145,0.01667664,1258.248909,5.437982635,0.83503143,64.3,14.52037999999989,-1.12394749
660.0,1179.860007,4.315478234,0.015644834,1258.797032,5.521186264,0.829166818,64.3,14.637024999999952,-1.2057080299999994
660.1,1180.291617,4.316976928,0.015210423,1259.353446,5.603790868,0.825047657,64.3,14.761828999999992,-1.28681394
660.2,1180.723366,4.318421488,0.015253926,1259.91809,5.685796445,0.820453245,64.3,14.894723999999954,-1.367374957
660.3000000000001,1181.155262,4.31993213,0.015756657,1260.490904,5.767278387,0.819112109,64.3,15.03564200000001,-1.4473462570000004
660.4000000000001,1181.587313,4.321520801,0.016296763,1261.07183,5.849208572,0.820786623,64.3,15.184517000000099,-1.527687771
660.5,1182.019527,4.3231875,0.017057139,1261.660806,5.930254581,0.826230701,64.3,15.34127900000017,-1.6070670809999994
660.6,1182.451912,4.324932228,0.017837429,1262.257773,6.01265353,0.836072602,64.3,15.505861000000053,-1.687721302
660.7,1182.884475,4.326754986,0.018617718,1262.862732,6.096262842,0.849446441,64.3,15.678256999999988,-1.7695078559999997
660.8000000000001,1183.317224,4.328655772,0.019398007,1263.475923,6.181534865,0.86920118,64.3,15.858699000000072,-1.8528790929999994
660.9000000000001,1183.750167,4.330634587,0.020178297,1264.097649,6.268921948,0.891733944,64.3,16.04748200000013,-1.9382873610000004
661.0,1184.183312,4.332691431,0.020958586,1264.728213,6.358876437,0.917282358,64.3,16.244901000000212,-2.0261850060000004
661.1,1184.616666,4.334826304,0.021738875,1265.367915,6.451775289,0.945092511,64.3,16.451249000000146,-2.1169489850000005
661.2,1185.050238,4.337039206,0.022782109,1266.017058,6.547693896,0.974410488,64.3,16.666819999999873,-2.21065469
661.3000000000001,1185.484035,4.339330137,0.02540301,1266.675944,6.646632257,1.004482378,64.3,16.891909000000126,-2.30730212
661.4000000000001,1185.918065,4.341699097,0.031179244,1267.344874,6.748590372,1.034679921,64.3,17.126808999999824,-2.4068912749999996
661.5,1186.352336,4.344303853,0.04168848,1268.024152,6.853568241,1.064877463,64.3,17.371816000000038,-2.509264387999999
661.6,1186.786855,4.347933237,0.058508383,1268.714078,6.961565864,1.095075005,64.3,17.627222999999915,-2.6136326269999994
661.7,1187.221631,4.353533851,0.08321662,1269.414955,7.072583242,1.125272547,64.3,17.893324000000078,-2.7190493910000004
661.8000000000001,1187.656671,4.362052294,0.117127915,1270.127085,7.186620374,1.15547009,64.3,18.17041400000012,-2.8245680800000006
661.9000000000001,1188.092109,4.374435167,0.160505211,1270.850769,7.30367726,1.185667632,64.3,18.458659999999966,-2.929242093
662.0,1188.528585,4.391629069,0.213085565,1271.58631,7.4237539,1.215865174,64.3,18.757724999999894,-3.032124831
662.1,1188.966862,4.414580602,0.273554253,1272.33401,7.546850295,1.245720445,64.3,19.067148000000046,-3.1322696929999996
662.2,1189.407707,4.444236364,0.340333609,1273.094171,7.672966443,1.273522083,64.3,19.38646399999989,-3.228730079
662.3000000000001,1189.851884,4.48138519,0.411845965,1273.867094,7.802102346,1.29570741,64.3,19.715210000000027,-3.3207171559999997
662.4000000000001,1190.300158,4.526184846,0.486513655,1274.653081,7.93405264,1.31474994,64.3,20.05292299999992,-3.4078677940000004
662.5,1190.753295,4.578635332,0.562759013,1275.452435,8.06779051,1.324068895,64.3,20.399139999999946,-3.489155178
662.6,1191.21206,4.638736648,0.639267314,1276.265458,8.201178346,1.323119692,64.3,20.75339800000002,-3.5624416980000007
662.7,1191.677217,4.706488795,0.715775616,1277.092451,8.335700259,1.310190972,64.3,21.115234000000058,-3.629211463999999
662.8000000000001,1192.149532,4.781891772,0.792283918,1277.933553,8.467407781,1.284940463,64.3,21.48402100000017,-3.6855160090000005
662.9000000000001,1192.62977,4.864945578,0.86879222,1278.788243,8.595974162,1.249219486,64.3,21.85847299999996,-3.731028583999999
663.0,1193.118696,4.955650216,0.945300521,1279.655838,8.720167224,1.200212252,64.3,22.237141999999906,-3.7645170080000003
663.1,1193.617075,5.054005683,1.021808823,1280.535654,8.838754788,1.144499541,64.3,22.61857899999991,-3.7847491049999995
663.2,1194.125672,5.16001198,1.098032106,1281.427007,8.950710037,1.082625936,64.3,23.00133500000011,-3.790698057
663.3000000000001,1194.645252,5.273669108,1.172545277,1282.329215,9.05582761,1.016645068,64.3,23.38396299999995,-3.7821585019999997
663.4000000000001,1195.17658,5.394977065,1.243638222,1283.241592,9.154107505,0.948610568,64.3,23.765012000000027,-3.7591304400000007
663.5,1195.720422,5.523764842,1.309600831,1284.163455,9.245549724,0.880233796,64.3,24.143033000000017,-3.7217848819999997
663.6,1196.277542,5.659177382,1.36872299,1285.094121,9.330154265,0.811857025,64.3,24.51657900000005,-3.670976882999999
663.7,1196.848706,5.800188616,1.419338226,1286.032905,9.407921128,0.743480253,64.3,24.884199000000038,-3.607732512
663.8000000000001,1197.434678,5.945772479,1.461464541,1286.979124,9.478850315,0.675103481,64.3,25.244445999999883,-3.5330778360000004
663.9000000000001,1198.036087,6.094902902,1.490225795,1287.932094,9.542941825,0.606726709,64.3,25.596007000000057,-3.4480389229999995
664.0,1198.653014,6.246580001,1.510585406,1288.891131,9.600195657,0.538349938,64.3,25.938117000000105,-3.3536156560000006
664.1,1199.285403,6.400643567,1.522394455,1289.855552,9.650611812,0.470210527,64.3,26.270148999999904,-3.249968244999999
664.2,1199.933198,6.553312859,1.527363055,1290.824672,9.69419029,0.403495283,64.3,26.59147400000002,-3.140877431
664.3000000000001,1200.596344,6.70653986,1.52669292,1291.797808,9.730931091,0.339628374,64.3,26.90146399999999,-3.024391231
664.4000000000001,1201.274785,6.859209152,1.522161532,1292.774277,9.760976631,0.280033965,64.3,27.19949199999992,-2.901767479
664.5,1201.968465,7.011320735,1.51832728,1293.753394,9.785038995,0.226136225,64.3,27.48492900000015,-2.7737182600000008
664.6,1202.677328,7.162874608,1.512750186,1294.734476,9.803972681,0.179359319,64.3,27.7571480000001,-2.6410980729999993
664.7,1203.401319,7.313870772,1.507173092,1295.716838,9.818632191,0.140890054,64.3,28.015518999999998,-2.504761419000001
664.8000000000001,1204.140381,7.464309226,1.501595999,1296.699912,9.829872025,0.110965792,64.3,28.25953100000011,-2.365562799
664.9000000000001,1204.894459,7.614189972,1.496018905,1297.683583,9.838546682,0.08934917,64.3,28.489123999999904,-2.2243567100000003
665.0,1205.663498,7.763513007,1.490441811,1298.66785,9.845510664,0.074853383,64.3,28.704352000000156,-2.0819976570000005
665.1,1206.447441,7.912278334,1.484864718,1299.652714,9.85161847,0.066054264,64.3,28.905273000000037,-1.9393401360000002
665.2,1207.246232,8.060485951,1.479287624,1300.638175,9.857582183,0.061527646,64.3,29.091943000000086,-1.7970962319999995
665.3000000000001,1208.059817,8.208135859,1.473416877,1301.624231,9.863544221,0.059849362,64.3,29.264413999999945,-1.6554083619999993
665.4000000000001,1208.888138,8.355228057,1.465784211,1302.610884,9.869504583,0.059595245,64.3,29.42274599999992,-1.5142765259999997
665.5,1209.731141,8.501762546,1.454627705,1303.598133,9.87546327,0.059578489,64.3,29.566991999999985,-1.373700723999999
665.6,1210.58877,8.647563134,1.438185441,1304.585978,9.881420281,0.059561733,64.3,29.697208000000003,-1.2338571470000002
665.7,1211.460968,8.79174886,1.414695498,1305.574418,9.887375617,0.059544978,64.3,29.813449999999833,-1.0956267569999998
665.8000000000001,1212.34768,8.933262574,1.382395958,1306.563454,9.893329277,0.05953148,64.3,29.915774000000013,-0.960066702999999
665.9000000000001,1213.248851,9.071047123,1.339818554,1307.553085,9.899281261,0.059516702,64.3,30.004233999999954,-0.8282341380000009
666.0,1214.164283,9.204045356,1.286669632,1308.543311,9.90523157,0.059504484,64.3,30.079027999999838,-0.7011862139999998
666.1,1215.093216,9.331200121,1.223242846,1309.534132,9.911182158,0.059526635,64.3,30.14091600000002,-0.5799820370000006
666.2,1216.034749,9.451454266,1.151006462,1310.525548,9.917130512,0.059850642,64.3,30.190799000000155,-0.46567624599999924
666.3000000000001,1216.987979,9.56375064,1.071722401,1311.517558,9.923076632,0.060758815,64.3,30.229579000000015,-0.3593259920000005
666.4000000000001,1217.952006,9.667208282,0.98715258,1312.510163,9.929045257,0.062539978,64.3,30.25815699999994,-0.2618369749999996
666.5,1218.925928,9.761651001,0.89905892,1313.503362,9.935191646,0.065490404,64.3,30.277433999999815,-0.17354064499999922
666.6,1219.908844,9.847078797,0.809203341,1314.497156,9.941686859,0.069902174,64.3,30.288311999999863,-0.09460806200000071
666.7,1220.899851,9.923491669,0.719054109,1315.491543,9.948706145,0.076026137,64.3,30.291692000000197,-0.025214475999998598
666.8000000000001,1221.89805,9.990889618,0.628904876,1316.486547,9.956424754,0.083895616,64.3,30.288496999999964,0.03446486400000026
666.9000000000001,1222.902537,10.04927264,0.538755644,1317.482285,9.965017936,0.093468911,64.3,30.27974800000011,0.08425470399999924
667.0,1223.912412,10.09864075,0.448606411,1318.478897,9.97466094,0.10450262,64.3,30.26648500000006,0.1239798099999998
667.1,1224.926772,10.13899393,0.358457179,1319.476523,9.985529016,0.11670466,64.3,30.249751000000018,0.15346491400000062
667.2,1225.944718,10.17033218,0.268307946,1320.475303,9.997768206,0.129782948,64.3,30.230584999999977,0.1725639740000009
667.3000000000001,1226.965346,10.19265552,0.178548958,1321.475377,10.01140772,0.143445402,64.3,30.21003100000003,0.1812478000000013
667.4000000000001,1227.987756,10.20596393,0.091131434,1322.476884,10.02644755,0.157399939,64.3,30.18912799999994,0.17951637999999903
667.5,1229.011047,10.21025741,0.008396838,1323.479966,10.0428877,0.171403156,64.3,30.168919000000145,0.1673697100000009
667.6,1230.034315,10.20577012,-0.067313365,1324.484762,10.06072818,0.185406372,64.3,30.150446999999943,0.14504194000000048
667.7,1231.056661,10.19367279,-0.133657711,1325.491411,10.07996898,0.199409589,64.3,30.134749999999897,0.11370381000000052
667.8000000000001,1232.077183,10.17537029,-0.190017758,1326.500055,10.1006101,0.213412806,64.3,30.122871999999873,0.07476018999999923
667.9000000000001,1233.094978,10.1522675,-0.22927322,1327.510833,10.12265154,0.227416023,64.3,30.115854999999968,0.029615960000000996
668.0,1234.109334,10.1257693,-0.256202918,1328.523885,10.1460933,0.24141924,64.3,30.114551000000077,-0.020324000000000453
668.1,1235.120285,10.09624676,-0.269474075,1329.539352,10.17093539,0.255140738,64.3,30.119067000000044,-0.0746886300000007
668.2,1236.128053,10.06820619,-0.271037911,1330.557372,10.1971778,0.265185203,64.3,30.12931900000008,-0.12897161000000068
668.3000000000001,1237.132861,10.03995104,-0.263235889,1331.578087,10.22482052,0.275822462,64.3,30.14522600000005,-0.1848694799999997
668.4000000000001,1238.134931,10.01368584,-0.246686454,1332.601636,10.25369454,0.279402054,64.3,30.16670500000005,-0.24000869999999885
668.5,1239.134486,9.98964475,-0.228900133,1333.62816,10.28176266,0.276220375,64.3,30.19367400000006,-0.29211791
668.6,1240.131748,9.967827765,-0.207049326,1334.657798,10.31158678,0.264587108,64.3,30.226049999999944,-0.3437590150000016
668.7,1241.126939,9.948234885,-0.184808276,1335.69069,10.33857662,0.243093654,64.3,30.263750999999914,-0.3903417349999998
668.8000000000001,1242.120283,9.93086611,-0.162567225,1336.726841,10.36291002,0.21344501,64.3,30.306557999999953,-0.4320439099999991
668.9000000000001,1243.112,9.91572144,-0.140326174,1337.765716,10.38357279,0.16996275,64.3,30.353716000000034,-0.4678513500000001
669.0,1244.102315,9.902800875,-0.118085124,1338.806642,10.39955073,0.120015617,64.3,30.404326999999924,-0.49674985499999913
669.1,1245.091448,9.892104415,-0.095844073,1339.848949,10.40982967,0.063307213,64.3,30.45750100000005,-0.5177252550000002
669.2,1246.079624,9.88363206,-0.073603022,1340.891964,10.41356443,0.001527856,64.3,30.512339999999952,-0.5299323699999992
669.3000000000001,1247.067063,9.877383811,-0.051469772,1341.935018,10.41058599,-0.063632136,64.3,30.56795499999994,-0.5332021789999999
669.4000000000001,1248.053988,9.873359666,-0.029983323,1342.977438,10.40089435,-0.130482445,64.3,30.623450000000005,-0.527534683999999
669.5,1249.040623,9.871559627,-0.009790476,1344.018553,10.3844895,-0.197614475,64.3,30.677930000000018,-0.5129298730000009
669.6,1250.027188,9.871919012,0.008461967,1345.057693,10.36137145,-0.264746504,64.3,30.73050499999995,-0.4894524380000007
669.7,1251.013907,9.874114422,0.024534616,1346.094184,10.3315402,-0.331878533,64.3,30.780277000000027,-0.4574257779999993
669.8000000000001,1252.001003,9.877757775,0.036558435,1347.127357,10.29499575,-0.399010562,64.3,30.826353999999995,-0.4172379750000008
669.9000000000001,1252.988696,9.882460991,0.045216658,1348.15654,10.25173809,-0.466142592,64.3,30.867844000000062,-0.3692770989999996
670.0,1253.977159,9.888080436,0.049994073,1349.181062,10.20176723,-0.533274621,64.3,30.903903000000085,-0.31368679400000055
670.1,1254.966354,9.893494687,0.050998481,1350.20025,10.14508316,-0.60040665,64.3,30.93389600000019,-0.251588473
670.2,1255.956195,9.899049007,0.048768882,1351.213435,10.0816859,-0.667460182,64.3,30.957239999999913,-0.18263689299999974
670.3000000000001,1256.946591,9.904110866,0.043544666,1352.219944,10.01157543,-0.734042729,64.3,30.973353000000046,-0.1074645640000007
670.4000000000001,1257.937457,9.908356863,0.03719487,1353.219106,9.934751756,-0.799683308,64.3,30.98164900000002,-0.026394893000000863
670.5,1258.928703,9.91172232,0.029144059,1354.210251,9.851261979,-0.863910933,64.3,30.981547999999933,0.06046034100000064
670.6,1259.920242,9.914207235,0.020446447,1355.192706,9.76134159,-0.926254621,64.3,30.97246400000013,0.15286564499999855
670.7,1260.911985,9.915811609,0.011641035,1356.1658,9.665273179,-0.986243387,64.3,30.953815000000034,0.25053843000000064
670.8000000000001,1261.903844,9.916535442,0.002835623,1357.128863,9.563339338,-1.043484743,64.3,30.925018999999978,0.35319610400000023
670.9000000000001,1262.895732,9.916378734,-0.005969789,1358.08126,9.455822656,-1.097900194,64.3,30.88552799999998,0.46055607799999976
671.0,1263.88756,9.915341484,-0.014775201,1359.022508,9.343005724,-1.149568235,64.3,30.834948000000125,0.5723357600000014
671.1,1264.879241,9.913423694,-0.023580614,1359.952162,9.225171133,-1.198881354,64.3,30.772920999999954,0.6882525610000005
671.2,1265.870685,9.910625362,-0.032386026,1360.869778,9.102601474,-1.246310535,64.3,30.699092999999905,0.8080238879999992
671.3000000000001,1266.861806,9.906946488,-0.041191438,1361.774909,8.975532239,-1.292326763,64.3,30.613103000000095,0.9314142490000012
671.4000000000001,1267.852515,9.902387074,-0.050239329,1362.667111,8.844010526,-1.337401023,64.3,30.51459599999994,1.058376548
671.5,1268.842724,9.896947118,-0.06074209,1363.545937,8.708036335,-1.382004298,64.3,30.403213000000008,1.1889107830000007
671.6,1269.832345,9.890626622,-0.074154593,1364.410944,8.567609666,-1.426529075,64.3,30.278598999999943,1.323016956
671.7,1270.821289,9.883280096,-0.091931709,1365.261686,8.42273052,-1.471053853,64.3,30.14039700000008,1.460549576
671.8000000000001,1271.80947,9.874180108,-0.115528307,1366.097716,8.273398895,-1.51557863,64.3,29.988246000000075,1.6007812129999994
671.9000000000001,1272.796798,9.862453733,-0.14639926,1366.918592,8.119614793,-1.560103408,64.3,29.82179399999991,1.7428389400000004
672.0,1273.783187,9.847228049,-0.185756959,1367.723866,7.961378214,-1.604628186,64.3,29.64067900000005,1.8858498350000001
672.1,1274.76843,9.827630134,-0.233843883,1368.513093,7.798689156,-1.649152963,64.3,29.44466299999995,2.0289409779999996
672.2,1275.751859,9.802787065,-0.290417554,1369.28583,7.631547621,-1.693557993,64.3,29.233971000000068,2.1712394440000002
672.3000000000001,1276.732687,9.771825921,-0.354265578,1370.041629,7.459953608,-1.737244537,64.3,29.00894200000012,2.3118723129999994
672.4000000000001,1277.710127,9.733873778,-0.423933086,1370.780047,7.283907117,-1.779494108,64.3,28.769919999999914,2.4499666609999995
672.5,1278.683393,9.6882032,-0.497965206,1371.500637,7.103479998,-1.819588222,64.3,28.517244000000076,2.584723202
672.6,1279.6517,9.634668702,-0.574907068,1372.202955,6.919031492,-1.85680839,64.3,28.251255000000086,2.7156372100000006
672.7,1280.614259,9.573270282,-0.6533038,1372.886554,6.730992691,-1.890436129,64.3,27.97229499999999,2.8422775909999993
672.8000000000001,1281.570286,9.504007942,-0.731943011,1373.550991,6.539794688,-1.919872698,64.3,27.680705000000174,2.9642132539999997
672.9000000000001,1282.518993,9.42688168,-0.810582222,1374.195877,6.345868574,-1.944998351,64.3,27.376884000000203,3.0810131059999994
673.0,1283.459594,9.341891497,-0.889221433,1374.821055,6.14964544,-1.965932834,64.3,27.061460999999966,3.192246057000001
673.1,1284.391303,9.249037394,-0.967860644,1375.426423,5.951556379,-1.983274888,64.3,26.73512000000001,3.297481015
673.2,1285.313333,9.148319369,-1.046499855,1376.011882,5.752032481,-1.997742996,64.3,26.39854899999996,3.3962868879999997
673.3000000000001,1286.224899,9.039737422,-1.125139066,1376.577332,5.551432991,-2.010055647,64.3,26.052433000000022,3.4883044309999995
673.4000000000001,1287.125213,8.923291555,-1.203622998,1377.122671,5.349829756,-2.020931325,64.3,25.697458000000054,3.5734617990000004
673.5,1288.013489,8.798981767,-1.281175253,1377.6478,5.147222776,-2.031088517,64.3,25.334311000000028,3.6517589910000003
673.6,1288.888941,8.666808058,-1.356864157,1378.152617,4.943612052,-2.041125961,64.3,24.963676000000035,3.723196006000001
673.7,1289.750783,8.526863595,-1.429758031,1378.637024,4.738997584,-2.051163406,64.3,24.586241000000157,3.787866011
673.8000000000001,1290.598227,8.379614217,-1.498925202,1379.100919,4.533379371,-2.06120085,64.3,24.202692000000027,3.8462348460000007
673.9000000000001,1291.430488,8.225618929,-1.563433991,1379.544202,4.326757414,-2.071238295,64.3,23.813714000000076,3.8988615149999992
674.0,1292.24678,8.065436737,-1.622508003,1379.966772,4.119131712,-2.081275739,64.3,23.41999200000005,3.946305025000001
674.1,1293.04639,7.899626646,-1.675991958,1380.36853,3.910502266,-2.091313183,64.3,23.022139999999993,3.98912438
674.2,1293.828904,7.728747663,-1.724041136,1380.749374,3.700869076,-2.099398902,64.3,22.620470000000026,4.027878587
674.3000000000001,1294.593984,7.553358793,-1.767431933,1381.109205,3.490232141,-2.107205804,64.3,22.215220999999886,4.063126652
674.4000000000001,1295.341291,7.374019042,-1.807096026,1381.447923,3.278591461,-2.111085023,64.3,21.806631999999993,4.095427580999999
674.5,1296.070484,7.191194247,-1.84396509,1381.765426,3.067118072,-2.106952161,64.3,21.39494199999986,4.124076175000001
674.6,1296.781225,7.004977577,-1.878970802,1382.061614,2.85480823,-2.09362775,64.3,20.980389000000017,4.150169347
674.7,1297.473175,6.815369031,-1.913044837,1382.336387,2.643851252,-2.068813901,64.3,20.56321199999998,4.171517779
674.8000000000001,1298.145995,6.622368609,-1.946963594,1382.589645,2.436697779,-2.032164453,64.3,20.143649999999937,4.185670829999999
674.9000000000001,1298.799345,6.425976312,-1.98088235,1382.821471,2.234055491,-1.979708611,64.3,19.722126000000074,4.191920821
675.0,1299.432886,6.226192139,-2.014801106,1383.032684,2.03730312,-1.913180332,64.3,19.299797999999967,4.188889019
675.1,1300.046279,6.023016091,-2.048719863,1383.224286,1.8478194,-1.836281035,64.3,18.878006999999982,4.175196691
675.2,1300.639185,5.816448166,-2.082638619,1383.397281,1.666983063,-1.750190188,64.3,18.458096000000026,4.149465103
675.3000000000001,1301.211265,5.606488367,-2.116557375,1383.55267,1.495943053,-1.657205678,64.3,18.041405000000125,4.1105453139999995
675.4000000000001,1301.762179,5.393136691,-2.150476132,1383.691456,1.334929158,-1.559625393,64.3,17.62927699999996,4.058207532999999
675.5,1302.291588,5.17639314,-2.184010404,1383.814643,1.183941378,-1.459747221,64.3,17.22305499999989,3.992451762
675.6,1302.799154,4.956257714,-2.215237774,1383.923232,1.042979713,-1.359486068,64.3,16.824078000000057,3.913278001
675.7,1303.284536,4.732730411,-2.240157181,1384.018226,0.912044164,-1.259224915,64.3,16.433690000000027,3.8206862470000003
675.8000000000001,1303.747396,4.506041924,-2.261544193,1384.100627,0.79113473,-1.158963762,64.3,16.053231000000054,3.714907194
675.9000000000001,1304.187394,4.277345702,-2.272009436,1384.17144,0.680251412,-1.058702608,64.3,15.684046000000038,3.59709429
676.0,1304.604192,4.049042383,-2.270940165,1384.231665,0.579394209,-0.958441455,64.3,15.327473000000012,3.4696481739999996
676.1,1304.997449,3.819466625,-2.25641396,1384.282305,0.488563121,-0.858180302,64.3,14.984855999999994,3.330903504
676.2,1305.367013,3.593052052,-2.228046337,1384.324364,0.407758148,-0.758238514,64.3,14.65735100000002,3.185293904
676.3000000000001,1305.713465,3.370166313,-2.187915938,1384.358844,0.336979291,-0.66021292,64.3,14.345379000000051,3.033187022
676.4000000000001,1306.037574,3.152193548,-2.13286271,1384.386747,0.276226549,-0.566019712,64.3,14.049173000000067,2.875966999
676.5,1306.340109,2.9405179,-2.070276028,1384.409076,0.225308303,-0.477575084,64.3,13.768966999999932,2.7152095970000003
676.6,1306.621837,2.73629282,-2.000768637,1384.426834,0.183266457,-0.396795229,64.3,13.504997000000188,2.553026363
676.7,1306.883527,2.539748998,-1.92664744,1384.441023,0.148951294,-0.32559634,64.3,13.257496000000131,2.3907977039999997
676.8000000000001,1307.125946,2.350886435,-1.85021934,1384.452646,0.121213098,-0.265575245,64.3,13.026699999999849,2.229673337
676.9000000000001,1307.349864,2.169705131,-1.773406756,1384.462552,0.098902154,-0.21705131,64.3,12.812687999999937,2.070802977
677.0,1307.556047,1.996205084,-1.696594172,1384.470977,0.080868745,-0.179705169,64.3,12.614929999999916,1.915336339
677.1,1307.745264,1.830386296,-1.619781588,1384.478005,0.065963156,-0.150766838,64.3,12.432741000000036,1.76442314
677.2,1307.918283,1.672248766,-1.542969005,1384.483718,0.053035671,-0.12796175,64.3,12.265434999999982,1.619213095
677.3000000000001,1308.075873,1.521792495,-1.466156421,1384.488198,0.041128192,-0.111413378,64.3,12.112325000000013,1.480664303
677.4000000000001,1308.218801,1.379017482,-1.389343837,1384.491529,0.030752995,-0.094736751,64.3,11.972727999999918,1.348264487
677.5,1308.347836,1.243923728,-1.312601839,1384.493794,0.022125104,-0.078684408,64.3,11.845958000000067,1.221798624
677.6,1308.463745,1.116511232,-1.236283359,1384.495074,0.01514097,-0.063520937,64.3,11.731328999999917,1.1013702619999999
677.7,1308.567298,0.996779994,-1.160811913,1384.495455,0.009697046,-0.048636589,64.3,11.628157000000058,0.987082948
677.8000000000001,1308.659261,0.884687663,-1.086611018,1384.49558,0.005689782,-0.034787725,64.3,11.536319000000006,0.878997881
677.9000000000001,1308.740403,0.78002248,-1.014104192,1384.495705,0.00301563,-0.023147503,64.3,11.455302000000032,0.7770068499999999
678.0,1308.811492,0.682530335,-0.943714952,1384.49583,0.001571042,-0.014074295,64.3,11.384338000000028,0.680959293
678.1,1308.873297,0.591957117,-0.875796229,1384.495956,0.001252469,-0.007395522,64.3,11.322658999999888,0.590704648
678.2,1308.926551,0.508048716,-0.810418609,1384.496081,0.001252469,-0.002938602,64.3,11.269529999999989,0.506796247
678.3000000000001,1308.971854,0.430551023,-0.747511505,1384.496206,0.001252469,-0.000530955,64.3,11.224352000000138,0.429298554
678.4000000000001,1309.00977,0.359209926,-0.685548818,1384.496331,0.001252469,-8.86e-12,64.3,11.186561000000168,0.35795745700000003
678.5,1309.040863,0.293771315,-0.625189502,1384.496457,0.001252469,-4.87e-12,64.3,11.155594000000022,0.292518846
678.6,1309.0657,0.234023432,-0.560128934,1384.496582,0.001252469,-2.08e-12,64.3,11.130881999999886,0.232770963
678.7,1309.084844,0.179923924,-0.492293513,1384.496707,0.001252469,0.0,64.3,11.111863000000042,0.178671455
678.8000000000001,1309.09886,0.132935015,-0.422436466,1384.496832,0.001252469,0.0,64.3,11.097971999999984,0.13168254599999998
678.9000000000001,1309.108314,0.094473662,-0.351381606,1384.496958,0.001252469,0.0,64.3,11.088643999999888,0.093221193
679.0,1309.11377,0.063833818,-0.280235094,1384.497083,0.001252469,0.0,64.3,11.083313000000047,0.062581349
679.1,1309.115793,0.040309435,-0.21261071,1384.497208,0.001252469,0.0,64.3,11.081415000000064,0.039056966
679.2,1309.116118,0.023194468,-0.152046796,1384.497333,0.001252469,0.0,64.3,11.081215000000114,0.021941999
679.3000000000001,1309.116442,0.011782868,-0.100980388,1384.497458,0.001252469,0.0,64.3,11.081016000000048,0.010530399
679.4000000000001,1309.116767,0.005368589,-0.061773084,1384.497584,0.001252469,0.0,64.3,11.080816999999982,0.00411612
679.5,1309.117091,0.003245585,-0.033248139,1384.497709,0.001252469,0.0,64.3,11.080617999999916,0.001993116
679.6,1309.117416,0.003245585,-0.014228806,1384.497834,0.001252469,0.0,64.3,11.080417999999966,0.001993116
679.7,1309.117741,0.003245585,-0.003538341,1384.497959,0.001252469,1.76e-12,64.3,11.080218000000016,0.001993116
679.8000000000001,1309.118065,0.003245585,-4.17e-11,1384.498085,0.001252469,4.6e-12,64.3,11.080020000000061,0.001993116
679.9000000000001,1309.11839,0.003245585,-4.74e-13,1384.49821,0.001252469,9.14e-12,64.3,11.079819999999884,0.001993116
680.0,1309.118714,0.003245585,1.24e-11,1384.498335,0.001252469,0.029196426,64.3,11.079621000000046,0.001993116
680.1,1309.119039,0.003245585,0.036036475,1384.49846,0.001252469,0.062420404,64.3,11.079421000000096,0.001993116
680.2,1309.119363,0.003245585,0.077517782,1384.498586,0.001252469,0.099875306,64.3,11.079222999999914,0.001993116
680.3000000000001,1309.119688,0.003245585,0.124394315,1384.498711,0.018770324,0.145824091,64.3,11.079022999999964,-0.015524739000000001
680.4000000000001,1309.120012,0.02486747,0.182430297,1384.498836,0.038704711,0.194432122,64.3,11.078823999999898,-0.013837241000000004
680.5,1309.120337,0.049756254,0.243240396,1384.498961,0.061177653,0.23779315,64.3,11.078623999999948,-0.011421398999999999
680.6,1309.120662,0.077882174,0.296899214,1384.499087,0.086269702,0.262451757,64.3,11.078424999999882,-0.008387528000000005
680.7,1309.120986,0.109215466,0.328824119,1384.513226,0.117911742,0.286671814,64.3,11.092240000000132,-0.008696276000000003
680.8000000000001,1309.138608,0.149189822,0.36045139,1384.529299,0.143928359,0.280842203,64.3,11.090691000000064,0.005261462999999994
680.9000000000001,1309.158844,0.181385113,0.355744552,1384.547403,0.176241378,0.269786216,64.3,11.08855899999999,0.005143734999999983
681.0,1309.181669,0.222161941,0.345295248,1384.567601,0.2107078,0.246537689,64.3,11.085931999999914,0.011454141000000001
681.1,1309.20706,0.266027088,0.320737807,1384.589827,0.229682974,0.225435433,64.3,11.08276700000006,0.03634411400000001
681.2,1309.234994,0.291328905,0.301206596,1384.613979,0.248141432,0.203364517,64.3,11.07898500000006,0.04318747300000003
681.3000000000001,1309.265445,0.316392615,0.279988596,1384.639955,0.265834355,0.172064828,64.3,11.074510000000103,0.050558259999999966
681.4000000000001,1309.298391,0.341218217,0.247065485,1384.667653,0.282554397,0.162024992,64.3,11.069261999999938,0.05866381999999998
681.5,1309.333808,0.365805712,0.244684411,1384.696973,0.298260088,0.15191604,64.3,11.063164999999984,0.06754562400000003
681.6,1309.371671,0.390155099,0.24222656,1384.727812,0.312951428,0.141841646,64.3,11.056140999999982,0.07720367100000003
681.7,1309.411958,0.414266379,0.239308045,1384.76007,0.326628418,0.131698137,64.3,11.048112000000131,0.08763796100000004
681.8000000000001,1309.454644,0.438139552,0.2354682,1384.793645,0.339291056,0.121554627,64.3,11.039001000000056,0.09884849600000001
681.9000000000001,1309.499705,0.461728551,0.230246363,1384.828435,0.350939343,0.111411117,64.3,11.028729999999953,0.11078920799999997
682.0,1309.547118,0.484803044,0.223181869,1384.86434,0.361573279,0.101267608,64.3,11.017222000000132,0.12322976499999999
682.1,1309.596858,0.507086632,0.213814053,1384.901257,0.371192864,0.091124098,64.3,11.004398999999879,0.13589376800000003
682.2,1309.648903,0.528302917,0.201759029,1384.939086,0.379798099,0.080980588,64.3,10.990183000000073,0.14850481799999998
682.3000000000001,1309.703191,0.548175501,0.186940019,1384.977724,0.387388982,0.070819814,64.3,10.974533000000022,0.16078651900000002
682.4000000000001,1309.759514,0.566427984,0.1694338,1385.017071,0.393965514,0.060555456,64.3,10.957556999999909,0.17246247000000003
682.5,1309.817627,0.582783968,0.14962426,1385.057024,0.399527696,0.050083929,64.3,10.939397000000056,0.183256272
682.6,1309.877286,0.596967055,0.127972063,1385.097483,0.404065168,0.039301649,64.3,10.920197000000101,0.19290188700000005
682.7,1309.938245,0.608746912,0.104937873,1385.138347,0.407526138,0.028105031,64.3,10.900102000000018,0.201220774
682.8000000000001,1310.00026,0.618077473,0.080982354,1385.179512,0.409848456,0.016390491,64.3,10.879251999999909,0.20822901700000002
682.9000000000001,1310.063085,0.624958738,0.056566171,1385.220879,0.410969971,0.004071708,64.3,10.85779399999997,0.21398876700000002
683.0,1310.126476,0.629390707,0.03207321,1385.262338,0.410828533,-0.008868581,64.3,10.835862000000091,0.218562174
683.1,1310.190188,0.63137338,0.00758025,1385.303745,0.40936199,-0.022413112,64.3,10.813556999999903,0.22201138999999998
683.2,1310.253976,0.630906757,-0.016912711,1385.34495,0.406508193,-0.036475566,64.3,10.790973999999963,0.22439856399999997
683.3000000000001,1310.317594,0.627990838,-0.041405671,1385.3858,0.40220499,-0.050952357,64.3,10.768205999999921,0.225785848
683.4000000000001,1310.380799,0.622625623,-0.065898632,1385.426146,0.396400589,-0.065739902,64.3,10.745346999999995,0.226225034
683.5,1310.443344,0.614811112,-0.090391592,1385.465836,0.389084632,-0.080734615,64.3,10.72249200000006,0.22572648000000006
683.6,1310.504985,0.604547305,-0.114775618,1385.504719,0.380257119,-0.095832913,64.3,10.699733999999992,0.224290186
683.7,1310.565478,0.591834201,-0.138506032,1385.542643,0.369918049,-0.110948475,64.3,10.677165000000016,0.22191615199999992
683.8000000000001,1310.624577,0.576671802,-0.160929224,1385.579458,0.358067424,-0.126064036,64.3,10.65488099999989,0.218604378
683.9000000000001,1310.682037,0.559125468,-0.181391582,1385.615013,0.344705242,-0.141179598,64.3,10.632976000000056,0.21442022599999994
684.0,1310.737614,0.539522004,-0.199239495,1385.649155,0.329831504,-0.15629516,64.3,10.611541000000173,0.20969050000000006
684.1,1310.791062,0.518253578,-0.214421944,1385.681735,0.31344621,-0.171410722,64.3,10.590672999999882,0.20480736800000005
684.2,1310.842136,0.495712356,-0.224586477,1385.7126,0.29554936,-0.186526284,64.3,10.570464000000086,0.20016299600000004
684.3000000000001,1310.890644,0.472290504,-0.231431935,1385.7416,0.276140953,-0.201641846,64.3,10.550956,0.19614955099999998
684.4000000000001,1310.936603,0.448018636,-0.234464661,1385.768584,0.255220991,-0.216588249,64.3,10.531980999999817,0.19279764500000002
684.5,1310.980081,0.424373581,-0.234229331,1385.7934,0.232789472,-0.230519701,64.3,10.513319000000095,0.191584109
684.6,1311.021147,0.400662843,-0.231379556,1385.815898,0.208846397,-0.241611694,64.3,10.494751000000136,0.191816446
684.7,1311.059869,0.377574781,-0.225966356,1385.835925,0.183493261,-0.251277949,64.3,10.476056000000156,0.19408152000000004
684.8000000000001,1311.096318,0.355174757,-0.220451116,1385.853332,0.157237539,-0.255175238,64.3,10.457013999999802,0.197937218
684.9000000000001,1311.13056,0.333462771,-0.213679674,1385.867966,0.131173937,-0.251092765,64.3,10.437405999999967,0.202288834
685.0,1311.162666,0.312438822,-0.206799297,1385.879677,0.104454221,-0.238884781,64.3,10.41701099999996,0.207984601
685.1,1311.192704,0.292102911,-0.199918919,1385.888395,0.079684329,-0.21908217,64.3,10.3956909999999,0.21241858200000002
685.2,1311.220743,0.272455038,-0.193038542,1385.894374,0.058190738,-0.193363693,64.3,10.37363099999989,0.2142643
685.3000000000001,1311.246851,0.253495203,-0.186158164,1385.897951,0.040162392,-0.160846512,64.3,10.351099999999818,0.213332811
685.4000000000001,1311.271098,0.235223405,-0.179277787,1385.899461,0.025788237,-0.126573899,64.3,10.328363000000039,0.209435168
685.5,1311.293552,0.217639646,-0.172397409,1385.899673,0.015155721,-0.093456694,64.3,10.306120999999806,0.20248392499999998
685.6,1311.314282,0.200743924,-0.165527179,1385.899885,0.007946314,-0.063409451,64.3,10.285602999999995,0.19279760999999998
685.7,1311.333357,0.184536239,-0.158717829,1385.900096,0.003739989,-0.039452526,64.3,10.2667390000001,0.18079625
685.8000000000001,1311.350845,0.169016593,-0.152030243,1385.900308,0.002116721,-0.021731666,64.3,10.249463000000063,0.166899872
685.9000000000001,1311.366816,0.154178896,-0.145525299,1385.90052,0.002116721,-0.009715988,64.3,10.233703999999946,0.15206217500000002
686.0,1311.381338,0.139992708,-0.139263881,1385.900731,0.002116721,-0.002705447,64.3,10.21939300000004,0.137875987
686.1,1311.39448,0.1264215,-0.133306869,1385.900943,0.002116721,-4.17e-11,64.3,10.20646300000017,0.12430477899999999
686.2,1311.406311,0.113428744,-0.127704997,1385.901155,0.002116721,2.84e-11,64.3,10.19484400000006,0.111312023
686.3000000000001,1311.416895,0.100977911,-0.122468413,1385.901366,0.002116721,0.029029859,64.3,10.184470999999988,0.09886119
686.4000000000001,1311.426276,0.089032471,-0.11758697,1385.901578,0.002116721,0.065656148,64.3,10.175302000000059,0.08691575
686.5,1311.434494,0.077555897,-0.112771481,1385.90179,0.002116721,0.110582836,64.3,10.167295999999808,0.075439176
686.6,1311.441588,0.06651166,-0.108432895,1385.902001,0.019534636,0.181327701,64.3,10.16041300000002,0.046977024
686.7,1311.447598,0.055869318,-0.102540567,1385.902213,0.04151041,0.242194326,64.3,10.154615000000106,0.014358908000000004
686.8000000000001,1311.452564,0.045622785,-0.094927772,1385.902425,0.068466423,0.296958783,64.3,10.149861000000058,-0.022843638
686.9000000000001,1311.456525,0.035772059,-0.085859613,1385.902636,0.100825528,0.366915186,64.3,10.146110999999976,-0.065053469
687.0,1311.45952,0.027508131,-0.075367816,1385.916782,0.147178882,0.412130624,64.3,10.157261999999903,-0.119670751
687.1,1311.46159,0.020599234,-0.062808576,1385.934575,0.195872182,0.454304872,64.3,10.17298500000011,-0.175272948
687.2,1311.462774,0.014995892,-0.050412708,1385.956351,0.239683748,0.474161629,64.3,10.193576999999962,-0.224687856
687.3000000000001,1311.463111,0.010648629,-0.037795482,1385.98245,0.288788784,0.501028073,64.3,10.219338999999948,-0.278140155
687.4000000000001,1311.463594,0.007507968,-0.026280654,1386.01321,0.341049346,0.520279945,64.3,10.249616000000017,-0.333541378
687.5,1311.464078,0.005524434,-0.01694175,1386.048969,0.392731127,0.546767814,64.3,10.284890999999973,-0.387206693
687.6,1311.464561,0.004830842,-0.009696311,1386.090065,0.447795726,0.574162749,64.3,10.325504000000095,-0.442964884
687.7,1311.465044,0.004830842,-0.004461876,1386.136836,0.506243144,0.601388266,64.3,10.371791999999871,-0.5014123020000001
687.8000000000001,1311.465527,0.004830842,-0.001155986,1386.189622,0.568073379,0.635216449,64.3,10.424095000000037,-0.563242537
687.9000000000001,1311.46601,0.004830842,-5.41e-13,1386.24876,0.633286433,0.669044632,64.3,10.482749999999854,-0.628455591
688.0,1311.466493,0.004830842,-6.77e-14,1386.314588,0.701882306,0.702872815,64.3,10.54809500000006,-0.6970514640000001
688.1,1311.466976,0.004830842,9.02e-14,1386.387445,0.773860996,0.736700999,64.3,10.620469000000142,-0.7690301540000001
688.2,1311.467459,0.004830842,1.35e-13,1386.467668,0.849222506,0.770529182,64.3,10.700209000000044,-0.8443916640000001
688.3000000000001,1311.467942,0.004830842,1.18e-13,1386.555598,0.927966833,0.804357365,64.3,10.787655999999927,-0.9231359910000001
688.4000000000001,1311.468425,0.004830842,1.18e-13,1386.65157,1.010093978,0.838185773,64.3,10.88314499999997,-1.005263136
688.5,1311.468908,0.004830842,6.77e-14,1386.755925,1.095603942,0.872015528,64.3,10.98701699999988,-1.0907731
688.6,1311.469392,0.004830842,0.0,1386.869,1.184496725,0.90584798,64.3,11.099607999999947,-1.179665883
688.7,1311.469875,0.004830842,-5.41e-14,1386.991133,1.27677246,0.939684475,64.3,11.221257999999992,-1.271941618
688.8000000000001,1311.470358,0.004830842,-1.02e-13,1387.122663,1.372431822,0.973526362,64.3,11.352305000000072,-1.36760098
688.9000000000001,1311.470841,0.004830842,-1.58e-13,1387.263928,1.471475621,1.007374989,64.3,11.493087000000017,-1.466644779
689.0,1311.471324,0.004830842,-2.37e-13,1387.415266,1.573904664,1.041231478,64.3,11.643941999999882,-1.569073822
689.1,1311.471807,0.004830842,-1.58e-13,1387.577016,1.67971976,1.075096056,64.3,11.805209000000062,-1.674888918
689.2,1311.47229,0.004830842,-1.18e-13,1387.749516,1.788921718,1.108968496,64.3,11.977226000000158,-1.784090876
689.3000000000001,1311.472773,0.004830842,-6.77e-14,1387.933106,1.901511347,1.142847676,64.3,12.160332999999994,-1.896680505
689.4000000000001,1311.473256,0.004830842,0.0,1388.128124,2.017489456,1.176732247,64.3,12.354868000000081,-2.012658614
689.5,1311.473739,0.004830842,2.53e-13,1388.334909,2.136856718,1.210620862,64.3,12.561169999999905,-2.132025876
689.6,1311.474222,0.004830842,8.4e-11,1388.5538,2.259613269,1.244512174,64.3,12.779577999999859,-2.254782427
689.7,1311.474705,0.004830842,0.052369565,1388.785137,2.385759108,1.278404833,64.3,13.010431999999994,-2.3809282659999997
689.8000000000001,1311.475189,0.004830842,0.113503144,1389.029257,2.515294235,1.312297716,64.3,13.254067999999918,-2.5104633929999998
689.9000000000001,1311.475672,0.004830842,0.185069136,1389.286501,2.648218651,1.3461906,64.3,13.510829000000015,-2.643387809
690.0,1311.476155,0.036252581,0.287427352,1389.557207,2.784532355,1.380083484,64.3,13.781052000000003,-2.7482797740000002
690.1,1311.476638,0.072932729,0.383236469,1389.841713,2.924235348,1.413976368,64.3,14.065074999999936,-2.8513026189999997
690.2,1311.477121,0.115872324,0.465698389,1390.140359,3.067327629,1.447869251,64.3,14.363238000000095,-2.951455305
690.3000000000001,1311.477604,0.166072407,0.56856162,1390.453484,3.213809198,1.481762135,64.3,14.675879999999964,-3.0477367909999997
690.4000000000001,1311.503224,0.234772724,0.628704405,1390.781426,3.363680056,1.515435334,64.3,14.978201999999968,-3.1289073320000003
690.5,1311.533052,0.307942554,0.689537441,1391.124525,3.516940202,1.547790421,64.3,15.291472999999954,-3.208997648
690.6,1311.567886,0.377389553,0.722425221,1391.48312,3.673589637,1.577509286,64.3,15.615234000000058,-3.296200084
690.7,1311.60853,0.450155371,0.765066295,1391.857548,3.833496548,1.603273816,64.3,15.949017999999981,-3.3833411769999997
690.8000000000001,1311.655782,0.529594788,0.799985468,1392.248151,3.996001882,1.623765902,64.3,16.292368999999965,-3.466407094
690.9000000000001,1311.710444,0.607699485,0.854456556,1392.655265,4.16031477,1.637667431,64.3,16.64482100000005,-3.5526152850000003
691.0,1311.773318,0.693812501,0.916743478,1393.079231,4.325644346,1.643879978,64.3,17.00591299999992,-3.631831845
691.1,1311.845203,0.787933835,0.981254932,1393.520281,4.491199743,1.642183857,64.3,17.375077999999988,-3.703265908
691.2,1311.9269,0.890063487,1.061338116,1393.978228,4.656190095,1.632798754,64.3,17.751328000000015,-3.7661266080000004
691.3000000000001,1312.019211,1.000201458,1.141421301,1394.452777,4.819824535,1.616823094,64.3,18.13356599999993,-3.819623077
691.4000000000001,1312.122936,1.118347747,1.221504485,1394.943635,4.981312196,1.59557499,64.3,18.520699000000107,-3.862964449
691.5,1312.238877,1.244502355,1.30158767,1395.450508,5.139994022,1.570372551,64.3,18.9116309999999,-3.895491667
691.6,1312.367833,1.378665281,1.381670854,1395.973103,5.295738203,1.54253389,64.3,19.30527000000002,-3.917072922
691.7,1312.510605,1.520836526,1.461467671,1396.511125,5.448544737,1.513377117,64.3,19.700520000000054,-3.9277082109999997
691.8000000000001,1312.667996,1.671016089,1.539546281,1397.06428,5.598413626,1.484000659,64.3,20.096284000000153,-3.927397537
691.9000000000001,1312.840805,1.829203971,1.614188476,1397.632276,5.745344869,1.454624202,64.3,20.491471000000004,-3.916140898
692.0,1313.029832,1.99522835,1.68367605,1398.214818,5.889338466,1.425247744,64.3,20.884985999999984,-3.894110116
692.1,1313.23588,2.168230123,1.746290796,1398.811613,6.030394418,1.395871286,64.3,21.27573300000013,-3.8621642950000004
692.2,1313.459749,2.347178367,1.800314507,1399.422366,6.168512724,1.366494828,64.3,21.662616999999912,-3.821334357
692.3000000000001,1313.70224,2.531042156,1.845025123,1400.046784,6.303693383,1.337118371,64.3,22.044543999999817,-3.772651227
692.4000000000001,1313.964015,2.718790567,1.878471805,1400.684573,6.435936398,1.307741913,64.3,22.420557999999986,-3.717145831
692.5,1314.24519,2.909392675,1.901675654,1401.33544,6.565241766,1.278330535,64.3,22.790249999999972,-3.655849091
692.6,1314.545739,3.102243424,1.916753337,1401.999091,6.691609489,1.248709639,64.3,23.153351999999998,-3.589366065
692.7,1314.865638,3.295313206,1.924958192,1402.675231,6.815039566,1.218669706,64.3,23.509592999999953,-3.5197263600000004
692.8000000000001,1315.204865,3.488183759,1.928008426,1403.363567,6.935511045,1.188001216,64.3,23.85870200000018,-3.447327286
692.9000000000001,1315.563395,3.681094159,1.926912465,1404.063806,7.052919167,1.156494651,64.3,24.200411000000216,-3.3718250079999996
693.0,1315.941203,3.873765482,1.925052988,1404.775654,7.167138221,1.123940493,64.3,24.534450999999947,-3.293372739
693.1,1316.338267,4.06619773,1.923127102,1405.498816,7.278042496,1.090164143,64.3,24.86054899999995,-3.2118447660000005
693.2,1316.754562,4.258390902,1.920736346,1406.232982,7.385506279,1.055130681,64.3,25.178419999999917,-3.127115377
693.3000000000001,1317.190065,4.450344999,1.918345591,1406.977776,7.489403862,1.018875026,64.3,25.487710999999948,-3.0390588629999993
693.4000000000001,1317.644751,4.64206002,1.915954835,1407.732801,7.589609531,0.981571777,64.3,25.78805000000007,-2.947549511
693.5,1318.118596,4.833535966,1.913564079,1408.497665,7.685997575,0.943430454,64.3,26.079069000000075,-2.8524616089999997
693.6,1318.611578,5.024772836,1.911173324,1409.271972,7.778463236,0.904660575,64.3,26.360394,-2.7536904
693.7,1319.123671,5.215770631,1.908782568,1410.055329,7.866985562,0.865471659,64.3,26.631657999999973,-2.651214931
693.8000000000001,1319.654851,5.40652935,1.906283153,1410.847341,7.951564552,0.826073223,64.3,26.89248999999991,-2.545035202
693.9000000000001,1320.205096,5.597048994,1.903131779,1411.647614,8.032200207,0.786639868,64.3,27.142518000000067,-2.435151213000001
694.0,1320.774381,5.787329561,1.898676489,1412.455753,8.108892526,0.747206513,64.3,27.381372000000013,-2.321562965
694.1,1321.362681,5.977305858,1.892265323,1413.271364,8.181641509,0.707773158,64.3,27.608682999999886,-2.204335651
694.2,1321.969974,6.166651904,1.883246323,1414.094053,8.250447157,0.668339803,64.3,27.82407899999994,-2.083795253
694.3000000000001,1322.596236,6.354976524,1.870967532,1414.923425,8.31530947,0.628906448,64.3,28.027188999999865,-1.9603329460000012
694.4000000000001,1323.241441,6.541888544,1.85488565,1415.759086,8.376228447,0.589473093,64.3,28.217645000000132,-1.834339903000001
694.5,1323.905515,6.726996788,1.834892017,1416.600642,8.433204088,0.550103236,64.3,28.395127000000187,-1.7062073
694.6,1324.588173,6.909910081,1.811095293,1417.447699,8.486236394,0.511114372,64.3,28.559525999999963,-1.576326313000001
694.7,1325.289077,7.090237248,1.784038778,1418.299861,8.535325365,0.472887493,64.3,28.71078400000006,-1.445088117
694.8000000000001,1326.007891,7.267587114,1.754374428,1419.156736,8.580509099,0.43580359,64.3,28.84884499999994,-1.312921985
694.9000000000001,1326.744279,7.4416337,1.722754204,1420.017927,8.621978093,0.400243656,64.3,28.973648000000097,-1.1803443929999995
695.0,1327.497902,7.61231181,1.689830062,1420.883042,8.659960943,0.366588684,64.3,29.085139999999868,-1.0476491330000002
695.1,1328.268425,7.779621445,1.656253963,1421.751685,8.694686242,0.335156166,64.3,29.183259999999976,-0.9150647969999994
695.2,1329.055511,7.943562603,1.622569203,1422.623494,8.726382588,0.306009602,64.3,29.267982999999916,-0.7828199849999997
695.3000000000001,1329.858822,8.104135285,1.588884444,1423.498225,8.755278575,0.279085493,64.3,29.339403000000132,-0.6511432900000003
695.4000000000001,1330.678022,8.261339492,1.555199684,1424.375668,8.781602799,0.254066344,64.3,29.397645999999853,-0.5202633070000005
695.5,1331.512774,8.415175222,1.521514925,1425.25561,8.805583854,0.230571166,64.3,29.4428359999999,-0.39040863199999976
695.6,1332.362742,8.565642477,1.487830165,1426.137842,8.827412238,0.208218963,64.3,29.47510000000007,-0.26176976100000005
695.7,1333.227587,8.712741255,1.454145405,1427.02215,8.847126049,0.186628746,64.3,29.49456299999993,-0.1343847940000007
695.8000000000001,1334.106974,8.856471558,1.420189227,1427.908324,8.864725288,0.16541952,64.3,29.50134999999996,-0.008253729999999848
695.9000000000001,1335.000566,8.996833384,1.384604532,1428.796152,8.880209953,0.144273793,64.3,29.49558599999996,0.11662343100000072
696.0,1335.908025,9.133826735,1.345762807,1429.685423,8.893580046,0.123128067,64.3,29.47739799999995,0.24024668899999924
696.1,1336.829015,9.267288758,1.302035535,1430.575926,8.904835566,0.10198234,64.3,29.446910999999957,0.36245319200000026
696.2,1337.7632,9.396405196,1.251794201,1431.467448,8.913976514,0.080836613,64.3,29.40424800000001,0.4824286820000001
696.3000000000001,1338.710241,9.520198939,1.193410289,1432.359778,8.921002889,0.059690886,64.3,29.349537000000012,0.5991960499999998
696.4000000000001,1339.669803,9.637692879,1.125526703,1433.252706,8.925914691,0.038545159,64.3,29.28290299999999,0.7117781880000003
696.5,1340.641418,9.747909905,1.047872024,1434.146019,8.928711921,0.017465985,64.3,29.204601000000096,0.8191979840000005
696.6,1341.624098,9.849872908,0.960717671,1435.039505,8.929394578,-0.003213875,64.3,29.115406999999962,0.9204783299999999
696.7,1342.616725,9.94260478,0.865420741,1435.932955,8.927962662,-0.023095106,64.3,29.016229999999908,1.0146421179999994
696.8000000000001,1343.618179,10.02512841,0.763609748,1436.826155,8.924456105,-0.041778394,64.3,28.90797599999992,1.1006723049999998
696.9000000000001,1344.627343,10.09662954,0.656913209,1437.718895,8.919074564,-0.058864424,64.3,28.791551999999868,1.1775549759999997
697.0,1345.643098,10.15694532,0.546959638,1438.610964,8.912057628,-0.073953881,64.3,28.66786599999996,1.2448876920000007
697.1,1346.664325,10.20607575,0.435377552,1439.502148,8.903644885,-0.086714005,64.3,28.537823000000074,1.3024308649999998
697.2,1347.689906,10.24402083,0.323524047,1440.392271,8.894075924,-0.097078242,64.3,28.402364999999875,1.349944906000001
697.3000000000001,1348.718722,10.27078056,0.211670542,1441.281278,8.883590333,-0.105113145,64.3,28.26255599999986,1.3871902269999996
697.4000000000001,1349.749654,10.28635494,0.099817036,1442.169151,8.872427702,-0.111151475,64.3,28.119497000000095,1.4139272380000012
697.5,1350.781585,10.29074397,-0.012036469,1443.055871,8.860827619,-0.115592548,64.3,27.974286000000077,1.4299163509999993
697.6,1351.813396,10.28394765,-0.123889974,1443.941416,8.848989741,-0.118835678,64.3,27.82801999999988,1.4349579089999995
697.7,1352.843968,10.26596598,-0.235743479,1444.825768,8.836954,-0.121280178,64.3,27.681800000000024,1.4290119800000003
697.8000000000001,1353.872182,10.23679895,-0.347168221,1445.708906,8.824720395,-0.123325364,64.3,27.536724000000007,1.4120785550000008
697.9000000000001,1354.89692,10.19644658,-0.456020386,1446.590811,8.812288927,-0.125303998,64.3,27.393891000000124,1.384157652999999
698.0,1355.917064,10.14490885,-0.559727395,1447.471462,8.799659595,-0.127282632,64.3,27.254397999999995,1.3452492550000006
698.1,1356.931494,10.08244304,-0.655716671,1448.350841,8.7868324,-0.129261266,64.3,27.11934700000002,1.2956106399999996
698.2,1357.939094,10.01033542,-0.741415635,1449.228928,8.773807342,-0.1312399,64.3,26.98983399999993,1.236528078000001
698.3000000000001,1358.938743,9.930129538,-0.815667536,1450.105702,8.76058442,-0.133218534,64.3,26.866959000000136,1.1695451179999985
698.4000000000001,1359.929323,9.84336895,-0.873913754,1450.981144,8.747163635,-0.135132488,64.3,26.75182100000002,1.0962053150000006
698.5,1360.909922,9.751597197,-0.91447499,1451.855233,8.733544987,-0.136516257,64.3,26.64531099999995,1.0180522100000005
698.6,1361.88045,9.655508333,-0.941862192,1452.727952,8.719728475,-0.138165118,64.3,26.547501999999852,0.9357798580000001
698.7,1362.841024,9.558094785,-0.956386506,1453.599278,8.705752907,-0.137845822,64.3,26.458253999999854,0.8523418779999989
698.8000000000001,1363.791759,9.461650423,-0.960620509,1454.469193,8.691897588,-0.13531971,64.3,26.37743399999995,0.7697528350000002
698.9000000000001,1364.732772,9.365012223,-0.955720954,1455.337677,8.677676159,-0.129871602,64.3,26.30490499999992,0.6873360640000001
699.0,1365.66418,9.269537046,-0.946675222,1456.204711,8.664456142,-0.120835675,64.3,26.240531000000104,0.6050809039999994
699.1,1366.586098,9.175224892,-0.937306428,1457.070273,8.652353161,-0.10794694,64.3,26.184175000000053,0.5228717309999986
699.2,1367.498643,9.082075761,-0.925676201,1457.934404,8.641805514,-0.089664299,64.3,26.135761000000187,0.44027024700000084
699.3000000000001,1368.401932,8.990089652,-0.914045975,1458.797374,8.633251502,-0.067658207,64.3,26.095442000000006,0.35683814999999974
699.4000000000001,1369.29608,8.899266566,-0.902415748,1459.659516,8.627129424,-0.041999619,64.3,26.063435999999868,0.27213714200000005
699.5,1370.181204,8.809606502,-0.890785521,1460.521161,8.623877579,-0.013419033,64.3,26.039956999999916,0.1857289229999992
699.6,1371.05742,8.721109461,-0.879155294,1461.382638,8.623861218,0.01735305,64.3,26.025217999999953,0.09724824299999923
699.7,1371.924844,8.633775443,-0.867525067,1462.244279,8.62715339,0.049586132,64.3,26.019435000000115,0.006622052999999184
699.8000000000001,1372.783593,8.547604448,-0.855894841,1463.106414,8.633754094,0.082549714,64.3,26.02282099999998,-0.08614964600000086
699.9000000000001,1373.633783,8.462596475,-0.844080794,1463.969375,8.643663332,0.115635045,64.3,26.03559199999991,-0.18106685699999936
700.0,1374.475531,8.378751525,-0.831163829,1464.833493,8.656881103,0.148720376,64.3,26.057962000000046,-0.2781295779999997
700.1,1375.308952,8.296069598,-0.816041028,1465.699097,8.673407407,0.181805707,64.3,26.09014499999985,-0.37733780899999836
700.2,1376.134163,8.214660985,-0.797609473,1466.56652,8.693242245,0.214891038,64.3,26.13235700000014,-0.47858126000000034
700.3000000000001,1376.951281,8.135077146,-0.774766244,1467.436091,8.716385615,0.247976369,64.3,26.184809999999928,-0.5813084689999997
700.4000000000001,1377.760421,8.057979831,-0.746408424,1468.308143,8.742837518,0.2810617,64.3,26.247722000000024,-0.6848576869999992
700.5,1378.5617,7.984030792,-0.711616915,1469.183005,8.772597955,0.314147031,64.3,26.321305000000123,-0.7885671629999997
700.6,1379.355322,7.913891779,-0.670207897,1470.061008,8.805666924,0.347108398,64.3,26.405686000000017,-0.8917751450000004
700.7,1380.141845,7.848224543,-0.622365188,1470.942484,8.842044427,0.379325985,64.3,26.500638999999822,-0.9938198839999997
700.8000000000001,1380.921915,7.787690836,-0.569007889,1471.827763,8.881730463,0.410056009,64.3,26.60584800000011,-1.094039627
700.9000000000001,1381.696177,7.732952408,-0.511238917,1472.717175,8.924650654,0.438554689,64.3,26.720997999999966,-1.1916982460000005
701.0,1382.465277,7.684560718,-0.450161191,1473.611053,8.970433109,0.464078245,64.3,26.845776000000072,-1.2858723909999998
701.1,1383.22986,7.642626058,-0.386877628,1474.509727,9.01863156,0.485981255,64.3,26.979867000000198,-1.376005501999999
701.2,1383.990573,7.607148428,-0.322491146,1475.413527,9.068799738,0.504002775,64.3,27.122953999999893,-1.4616513099999988
701.3000000000001,1384.748062,7.578127829,-0.257920845,1476.322725,9.120491374,0.51635206,64.3,27.274663000000103,-1.5423635450000006
701.4000000000001,1385.502971,7.555564259,-0.193350545,1477.237354,9.173319216,0.525016576,64.3,27.43438300000021,-1.6177549569999998
701.5,1386.255946,7.53945772,-0.128780244,1478.157389,9.227052319,0.529962185,64.3,27.601442999999975,-1.6875945990000005
701.6,1387.007634,7.52980821,-0.064209943,1479.082802,9.280244345,0.53193267,64.3,27.77516799999985,-1.7504361350000002
701.7,1387.758679,7.526615731,0.000360358,1480.013569,9.333641505,0.531496643,64.3,27.954889999999935,-1.8070257739999995
701.8000000000001,1388.509728,7.529880282,0.064930659,1480.949661,9.386777049,0.529269436,64.3,28.139933000000113,-1.8568967670000012
701.9000000000001,1389.261427,7.539601863,0.129497688,1481.891055,9.439650976,0.527431189,64.3,28.32962800000014,-1.9000491129999997
702.0,1390.01442,7.555780474,0.194045082,1482.837722,9.492263287,0.524815023,64.3,28.523302000000015,-1.9364828130000005
702.1,1390.769354,7.578416115,0.258553208,1483.789638,9.544613981,0.522198857,64.3,28.72028399999995,-1.966197866
702.2,1391.526875,7.607506823,0.323002432,1484.746776,9.596703058,0.519582692,64.3,28.91990099999994,-1.9891962349999996
702.3000000000001,1392.287627,7.643042781,0.387373119,1485.70911,9.648530519,0.516966526,64.3,29.121483000000083,-2.0054877379999994
702.4000000000001,1393.052258,7.685012207,0.451645635,1486.676613,9.700096363,0.514350361,64.3,29.324355000000153,-2.0150841560000003
702.5,1393.821412,7.733403322,0.515803618,1487.64926,9.751400591,0.512551747,64.3,29.527847999999906,-2.0179972689999994
702.6,1394.595734,7.788204345,0.579843796,1488.627024,9.802443202,0.510426112,64.3,29.731289999999902,-2.0142388569999996
702.7,1395.375861,7.849403496,0.643769441,1489.609879,9.853224197,0.510515746,64.3,29.93401800000011,-2.0038207009999995
702.8000000000001,1396.16243,7.916988994,0.707596915,1490.5978,9.904266808,0.517432551,64.3,30.135369999999924,-1.9872778139999996
702.9000000000001,1396.956077,7.990949058,0.771345853,1491.590759,9.954655378,0.53338059,64.3,30.334681999999887,-1.96370632
703.0,1397.757438,8.071273872,0.835035888,1492.588731,10.00640581,0.561370277,64.3,30.531292999999962,-1.9351319379999996
703.1,1398.56715,8.157961472,0.898686655,1493.591689,10.06186012,0.603539966,64.3,30.724539000000007,-1.9038986480000002
703.2,1399.385849,8.251011857,0.962317788,1494.599608,10.12247156,0.664426167,64.3,30.913758999999985,-1.8714597029999993
703.3000000000001,1400.214171,8.350425029,1.025945648,1495.612702,10.19004636,0.74367945,64.3,31.098530999999824,-1.839621331
703.4000000000001,1401.052753,8.456200987,1.089573508,1496.632149,10.26639079,0.839905134,64.3,31.27939600000009,-1.810189803
703.5,1401.90223,8.568339731,1.153201368,1497.659367,10.35331108,0.951182877,64.3,31.45713700000006,-1.7849713489999992
703.6,1402.763239,8.68684126,1.216829229,1498.695777,10.45261348,1.074502266,64.3,31.632537999999798,-1.7657722200000006
703.7,1403.636417,8.811705576,1.280457089,1499.742796,10.5658032,1.20685289,64.3,31.806379000000064,-1.754097624
703.8000000000001,1404.522399,8.942932678,1.344084949,1500.801843,10.69318128,1.345224338,64.3,31.979444000000015,-1.7502486019999992
703.9000000000001,1405.421822,9.080522566,1.407712809,1501.874338,10.83474772,1.486606197,64.3,32.15251600000006,-1.7542251539999985
704.0,1406.335322,9.22447524,1.47100598,1502.961699,10.99050252,1.628489792,64.3,32.32637700000005,-1.7660272799999994
704.1,1407.263536,9.3747907,1.532291011,1504.065344,11.16044568,1.770373386,64.3,32.50180800000017,-1.7856549800000003
704.2,1408.207099,9.531468946,1.589559764,1505.186694,11.3445772,1.912256981,64.3,32.67959500000002,-1.8131082539999994
704.3000000000001,1409.166648,9.694309164,1.6408041,1506.327165,11.54289708,2.054140575,64.3,32.86051700000003,-1.8485879159999996
704.4000000000001,1410.142819,9.862307285,1.684919826,1507.488179,11.75540531,2.19602417,64.3,33.04536000000003,-1.8930980250000005
704.5,1411.136249,10.03425842,1.717186964,1508.671152,11.98210191,2.337907765,64.3,33.23490299999999,-1.9478434900000003
704.6,1412.147574,10.2089577,1.738643903,1509.877505,12.22298687,2.47870144,64.3,33.429930999999854,-2.0140291700000006
704.7,1413.177269,10.3857426,1.748052009,1511.108656,12.47806018,2.612955601,64.3,33.63138700000009,-2.0923175799999996
704.8000000000001,1414.225168,10.56178112,1.745745969,1512.366023,12.74732186,2.734130733,64.3,33.840855000000104,-2.1855407400000004
704.9000000000001,1415.290942,10.73749551,1.733399234,1513.651026,13.03011794,2.835687322,64.3,34.06008399999992,-2.2926224299999998
705.0,1416.374265,10.91113849,1.712115996,1514.965083,13.32317868,2.911085854,64.3,34.29081800000013,-2.412040189999999
705.1,1417.474808,11.08170601,1.686616235,1516.309614,13.62258035,2.953786813,64.3,34.534806000000074,-2.5408743400000002
705.2,1418.592244,11.24899724,1.656196248,1517.686036,13.92439926,2.958340605,64.3,34.793792000000124,-2.67540202
705.3000000000001,1419.726246,11.41301219,1.623768122,1519.095247,14.2247117,2.92365731,64.3,35.06900100000003,-2.8116995100000004
705.4000000000001,1420.876485,11.57375087,1.591005307,1520.536048,14.51959395,2.850826848,64.3,35.35956299999994,-2.9458430800000013
705.5,1422.042634,11.73121325,1.558242491,1522.00672,14.8051223,2.745298814,64.3,35.66408600000018,-3.073909050000001
705.6,1423.224366,11.88539936,1.525479676,1523.505542,15.07737306,2.613612723,64.3,35.98117600000019,-3.1919737
705.7,1424.421352,12.03630919,1.49271686,1525.030795,15.33307646,2.462308088,64.3,36.30944299999983,-3.2967672699999984
705.8000000000001,1425.633266,12.18394274,1.459954045,1526.580758,15.57157855,2.297924424,64.3,36.647492000000014,-3.387635809999999
705.9000000000001,1426.859779,12.3283,1.427191229,1528.153711,15.79287933,2.127001246,64.3,36.993932000000044,-3.4645793299999994
706.0,1428.100564,12.46938098,1.394518429,1529.747935,15.9969788,1.954988149,64.3,37.347371000000024,-3.5275978200000004
706.1,1429.355293,12.60718568,1.362385722,1531.361708,16.18387696,1.782975052,64.3,37.706414999999836,-3.5766912799999986
706.2,1430.623639,12.7417141,1.3313332,1532.993311,16.35357381,1.610961955,64.3,38.06967200000004,-3.611859710000001
706.3000000000001,1431.905274,12.87302025,1.301900956,1534.641023,16.50606935,1.438948858,64.3,38.435748999999944,-3.633049100000001
706.4000000000001,1433.199871,13.00137417,1.274629083,1536.303125,16.64136358,1.266935761,64.3,38.80325399999988,-3.63998941
706.5,1434.507101,13.12709992,1.250057674,1537.977897,16.7594565,1.094922663,64.3,39.17079600000007,-3.6323565799999997
706.6,1435.826637,13.25052155,1.228636805,1539.663617,16.86034811,0.924316239,64.3,39.53698000000004,-3.60982656
706.7,1437.158195,13.37196313,1.210456492,1541.358567,16.94403842,0.762149849,64.3,39.90037200000002,-3.572075289999999
706.8000000000001,1438.501663,13.49174871,1.19542672,1543.061026,17.01052741,0.616863529,64.3,40.25936300000008,-3.518778700000002
706.9000000000001,1439.856973,13.61020233,1.183097412,1544.769273,17.06065909,0.496897315,64.3,40.61230000000019,-3.4504567600000016
707.0,1441.224056,13.72764806,1.172928475,1546.481589,17.09865349,0.41069124,64.3,40.95753299999997,-3.3710054300000003
707.1,1442.602845,13.84435595,1.164379815,1548.196254,17.12957462,0.366685341,64.3,41.29340900000007,-3.285218669999999
707.2,1443.993269,13.96038,1.156911341,1549.911547,17.1584865,0.371912978,64.3,41.618277999999876,-3.198106499999998
707.3000000000001,1445.395263,14.07572022,1.14998296,1551.626424,17.19045316,0.427780826,64.3,41.93116099999993,-3.1147329400000014
707.4000000000001,1446.808755,14.19037659,1.143144594,1553.34254,17.23053861,0.532882212,64.3,42.23378500000008,-3.0401620200000004
707.5,1448.23368,14.30434914,1.136306228,1555.062227,17.28380688,0.680183772,64.3,42.52854699999985,-2.979457740000001
707.6,1449.669967,14.41763784,1.129467863,1556.787815,17.35532199,0.861245473,64.3,42.81784799999987,-2.937684150000001
707.7,1451.117549,14.53024271,1.122629497,1558.521636,17.44930395,1.067627278,64.3,43.10408699999989,-2.9190612400000013
707.8000000000001,1452.576358,14.64216374,1.115791131,1560.26602,17.56659677,1.290889154,64.3,43.389662,-2.9244330299999994
707.9000000000001,1454.046324,14.75340093,1.109156752,1562.0233,17.70720044,1.522591064,64.3,43.67697600000015,-2.9537995100000014
708.0,1455.52738,14.86395429,1.104393855,1563.795805,17.87111498,1.755699647,64.3,43.96842499999998,-3.007160690000001
708.1,1457.019457,14.97382381,1.098695216,1565.585867,18.05834037,1.98880823,64.3,44.26640999999991,-3.084516559999999
708.2,1458.522486,15.08313189,1.099764523,1567.395817,18.26887662,2.221916813,64.3,44.57333100000001,-3.1857447299999997
708.3000000000001,1460.036401,15.19287902,1.108448145,1569.227987,18.50272374,2.455025396,64.3,44.89158599999992,-3.309844720000001
708.4000000000001,1461.561131,15.30134302,1.127200083,1571.084707,18.7598817,2.688133979,64.3,45.22357600000005,-3.458538680000002
708.5,1463.096608,15.41325965,1.158333429,1572.968308,19.04035053,2.921242562,64.3,45.57169999999992,-3.627090880000001
708.6,1464.642765,15.52902318,1.202697768,1574.881121,19.34413022,3.154351145,64.3,45.93835599999984,-3.815107040000001
708.7,1466.199734,15.65014386,1.265680479,1576.825479,19.67122076,3.387459728,64.3,46.325745000000055,-4.021076900000001
708.8000000000001,1467.768454,15.77813195,1.341486208,1578.80371,20.02162216,3.620568311,64.3,46.73525599999989,-4.243490209999999
708.9000000000001,1469.350064,15.91449768,1.429877333,1580.818148,20.39533442,3.853676894,64.3,47.16808400000009,-4.480836740000001
709.0,1470.945705,16.06075131,1.528336774,1582.871122,20.79235754,4.086785477,64.3,47.62541699999993,-4.731606230000001
709.1,1472.556516,16.21815137,1.634347453,1584.964964,21.21269152,4.31989406,64.3,48.10844799999991,-4.994540149999999
709.2,1474.183636,16.38694958,1.745392289,1587.102005,21.65633635,4.553002644,64.3,48.61836899999999,-5.2693867700000006
709.3000000000001,1475.828206,16.56714593,1.858954204,1589.284575,22.12329205,4.786111227,64.3,49.156369,-5.556146120000001
709.4000000000001,1477.491366,16.75874042,1.972935633,1591.515007,22.6135586,5.01921981,64.3,49.723641,-5.854818180000002
709.5,1479.174255,16.96173305,2.086917062,1593.795632,23.12713601,5.252328393,64.3,50.32137700000017,-6.1654029600000015
709.6,1480.878014,17.17612383,2.20089849,1596.128779,23.66402428,5.485436976,64.3,50.950765000000004,-6.487900449999998
709.7,1482.603781,17.40191275,2.314879919,1598.516781,24.2242234,5.718545559,64.3,51.613000000000014,-6.822310649999999
709.8000000000001,1484.352697,17.63909982,2.428861347,1600.961969,24.80773339,5.951654142,64.3,52.30927199999992,-7.168633570000001
709.9000000000001,1486.125902,17.88768502,2.542842776,1603.466672,25.41455423,6.184762725,64.3,53.04077000000002,-7.526869210000001
710.0,1487.924535,18.14766837,2.656824204,1606.033224,26.04468593,6.417871308,64.3,53.808688999999916,-7.897017559999998
710.1,1489.749737,18.41904986,2.7701427,1608.663954,26.69812849,6.650979891,64.3,54.61421700000001,-8.279078629999997
710.2,1491.602646,18.7018295,2.879483599,1611.361194,27.37488191,6.884088474,64.3,55.45854800000002,-8.67305241
710.3000000000001,1493.484403,18.99600728,2.980869305,1614.127275,28.07494619,7.117197057,64.3,56.34287200000013,-9.078938909999998
710.4000000000001,1495.396149,19.30118544,3.07032222,1616.964528,28.79832132,7.304978971,64.3,57.26837900000005,-9.497135879999998
710.5,1497.339021,19.61537518,3.143864749,1619.875284,29.54500732,7.51056779,64.3,58.236262999999965,-9.929632139999999
710.6,1499.314161,19.93618995,3.197519294,1622.861874,30.31500417,7.680542799,64.3,59.24771299999993,-10.378814220000002
710.7,1501.322708,20.2612432,3.227971191,1625.926629,31.08111588,7.301125912,64.3,60.30392100000013,-10.81987268
710.8000000000001,1503.365484,20.58814835,3.234557509,1629.071881,31.87830873,6.759828065,64.3,61.406397000000155,-11.29016038
710.9000000000001,1505.442037,20.91451885,3.217941178,1632.29996,32.70658273,6.299470697,64.3,62.55792300000003,-11.79206388
711.0,1507.551598,21.23796815,3.181436864,1635.613198,33.17899687,5.644856178,64.3,63.7616,-11.941028719999998
711.1,1509.693398,21.55610969,3.129022163,1639.013925,33.60090415,5.179441708,64.3,65.02052700000009,-12.044794459999999
711.2,1511.866667,21.86695466,3.064674672,1642.504472,34.03058173,4.403617142,64.3,66.33780500000007,-12.16362707
711.3000000000001,1514.070636,22.17010531,2.992371988,1646.087172,34.46802958,4.374478569,64.3,67.71653600000009,-12.29792427
