t,x_follower,v_follower,a_follower,x_leader,v_leader,a_leader,leader_length,spacing,dv
628.3000000000001,314.0213285,7.017463535,3.341473153,350.5207518,12.74995694,-3.515143472,15.3,21.199423300000046,-5.7324934050000005
628.4000000000001,314.7282239,7.375033116,3.784926626,351.7695384,12.41338228,-3.192549655,15.3,21.741314499999998,-5.038349164
628.5,315.4731906,7.778891855,4.19505764,352.986373,12.11091812,-2.854089059,15.3,22.213182400000004,-4.332026264999999
628.6,316.2608576,8.227373628,4.555204967,354.1746668,11.84256447,-2.512984,15.3,22.613809200000002,-3.6151908419999987
628.7,317.095854,8.71214782,4.848707378,355.3378307,11.60832132,-2.171878941,15.3,22.94197670000001,-2.8961734999999997
628.8000000000001,317.9828084,9.223217695,5.058903644,356.4792758,11.40818868,-1.830773882,15.3,23.19646739999997,-2.1849709849999996
628.9000000000001,318.92635,9.750586516,5.171909407,357.6024132,11.24216654,-1.489668824,15.3,23.376063199999987,-1.4915800239999992
629.0,319.9297746,10.28425754,5.184947795,358.7106538,11.11025491,-1.148563765,15.3,23.480879200000015,-0.8259973699999996
629.1,320.9910468,10.81423404,5.100795681,359.8074089,11.01245379,-0.807458706,15.3,23.51636209999999,-0.1982197499999998
629.2,322.106798,11.33051927,4.933337421,360.8960894,10.94876317,-0.467527406,15.3,23.489291399999967,0.3817561000000005
629.3000000000001,323.2736598,11.8231165,4.699234245,361.9801063,10.91918306,-0.134638658,15.3,23.40644649999997,0.9039334399999994
629.4000000000001,324.4882637,12.2836951,4.415147382,363.0628707,10.92371346,0.184164983,15.3,23.274607000000014,1.359981639999999
629.5,325.7472412,12.71058897,4.097738061,364.1477937,10.9616501,0.481840966,15.3,23.100552500000003,1.74893887
629.6,327.0472238,13.10379809,3.763667511,365.2382863,11.02947172,0.751346737,15.3,22.891062500000043,2.0743263699999996
629.7,328.3848432,13.46332247,3.426820089,366.3377596,11.12295278,0.985639744,15.3,22.65291640000005,2.3403696899999993
629.8000000000001,329.7567307,13.78916211,3.089972668,367.4496246,11.23786775,1.178851192,15.3,22.3928939,2.55129436
629.9000000000001,331.159518,14.081317,2.753125246,368.576729,11.3699911,1.329807323,15.3,22.117211000000008,2.7113259000000003
630.0,332.5898365,14.33978716,2.416277824,369.7196667,11.5150973,1.439681896,15.3,21.829830200000014,2.8246898599999994
630.1,334.0443178,14.56457257,2.079430402,370.8784685,11.66896082,1.514343704,15.3,21.53415070000001,2.8956117499999987
630.2,335.5195934,14.75567324,1.742582981,372.0531649,11.82735611,1.560835301,15.3,21.233571499999993,2.92831713
630.3000000000001,337.0122948,14.91308916,1.407202612,373.2437866,11.98676192,1.586199239,15.3,20.931491800000014,2.926327240000001
630.4000000000001,338.5190536,15.03682035,1.08062456,374.4503642,12.14647398,1.597478071,15.3,20.631310600000017,2.8903463699999996
630.5,340.0365012,15.12686679,0.771651143,375.6729283,12.30649228,1.60171435,15.3,20.336427100000048,2.820374509999999
630.6,341.5612693,15.18410872,0.489084677,376.9115095,12.46681685,1.604776871,15.3,20.05024020000003,2.7172918699999986
630.7,343.0899893,15.2129473,0.241727479,378.1661385,12.62744766,1.607839391,15.3,19.776149199999974,2.58549964
630.8000000000001,344.6192928,15.21866392,0.03150537,379.4368459,12.78838472,1.610901912,15.3,19.517553099999997,2.4302791999999993
630.9000000000001,346.1458112,15.20653997,-0.113616894,380.7236623,12.94962804,1.613964432,15.3,19.277851099999975,2.2569119299999993
631.0,347.6668803,15.18185684,-0.212801753,382.0266184,13.11117761,1.617026953,15.3,19.059738100000015,2.0706792299999996
631.1,349.1826526,15.14577001,-0.260639761,383.3457447,13.27303343,1.620089473,15.3,18.863092100000028,1.8727365799999998
631.2,350.6939847,15.11593859,-0.264466184,384.6810719,13.43519551,1.623242595,15.3,18.68708720000002,1.680743080000001
631.3000000000001,352.2017332,15.08526625,-0.233083339,386.0326307,13.59766383,1.626939324,15.3,18.530897500000048,1.48760242
631.4000000000001,353.7067548,15.06228007,-0.168417044,387.4004516,13.76043841,1.631723269,15.3,18.393696799999997,1.3018416599999991
631.5,355.209906,15.04786026,-0.09989911,388.7845653,13.9235736,1.638138036,15.3,18.274659300000007,1.124286660000001
631.6,356.7120436,15.04200683,-0.015702362,390.1850023,14.08734121,1.646727234,15.3,18.17295869999999,0.9546656200000001
631.7,358.2140242,15.04471979,0.06996144,391.6017934,14.25206739,1.658034469,15.3,18.087769200000036,0.7926523999999997
631.8000000000001,359.7167044,15.05599912,0.155625241,393.0349691,14.41807833,1.672512748,15.3,18.018264699999985,0.637920789999999
631.9000000000001,361.2209408,15.07584484,0.241289042,394.4846036,14.58570017,1.690252673,15.3,17.96366280000002,0.4901446699999994
632.0,362.7275902,15.10425693,0.326952844,395.9509449,14.75525909,1.711163642,15.3,17.923354700000015,0.3489978400000009
632.1,364.237509,15.14123541,0.412616645,397.4342846,14.92708125,1.734792649,15.3,17.896775600000023,0.21415415999999965
632.2,365.7515541,15.18678026,0.498280446,398.9349143,15.10149281,1.760596086,15.3,17.88336019999998,0.08528745000000093
632.3000000000001,367.2705819,15.24089149,0.583599675,400.4531254,15.27876558,1.788030346,15.3,17.88254349999995,-0.03787409000000075
632.4000000000001,368.7954492,15.30356911,0.666851468,401.9892096,15.45895392,1.816551821,15.3,17.893760399999973,-0.15538481000000104
632.5,370.3270125,15.3748131,0.745968388,403.5434584,15.64205782,1.845616904,15.3,17.916445899999996,-0.267244719999999
632.6,371.8661286,15.45441674,0.818883001,405.1161634,15.8280773,1.874772587,15.3,17.95003479999998,-0.37366056000000114
632.7,373.413654,15.54134629,0.88352787,406.7076161,16.01701234,1.903928271,15.3,17.993962099999987,-0.47566605000000095
632.8000000000001,374.9704455,15.63436129,0.939603352,408.318108,16.20886295,1.933083955,15.3,18.047662500000012,-0.574501660000001
632.9000000000001,376.5373595,15.73222129,0.980083203,409.9479309,16.40362913,1.962239639,15.3,18.110571400000037,-0.6714078399999988
633.0,378.1150875,15.83368583,1.009926232,411.5973761,16.60131088,1.991395323,15.3,18.182288600000003,-0.7676250499999995
633.1,379.7036589,15.93857512,1.027709218,413.2667353,16.8019082,2.020551006,15.3,18.2630764,-0.8633330800000003
633.2,381.3029382,16.04246666,1.035155023,414.9562999,17.00542108,2.049478046,15.3,18.353361699999947,-0.9629544200000026
633.3000000000001,382.9127896,16.14730202,1.034331085,416.6663617,17.21184953,2.077033222,15.3,18.453572099999985,-1.064547509999997
633.4000000000001,384.5330773,16.25098682,1.025537044,418.3972121,17.42119356,2.101844671,15.3,18.564134799999987,-1.1702067399999976
633.5,386.1636656,16.35331431,1.01614372,420.1491426,17.63331596,2.122540529,15.3,18.685477000000002,-1.2800016500000027
633.6,387.8044188,16.45428448,1.002915165,421.9224449,17.84753081,2.137748932,15.3,18.818026100000008,-1.3932463300000002
633.7,389.4552011,16.55389734,0.989342038,423.7174105,18.063015,2.146098016,15.3,18.962209400000017,-1.5091176600000011
633.8000000000001,391.1158769,16.65215289,0.975768911,425.5343309,18.2789454,2.146444562,15.3,19.118453999999996,-1.6267925100000014
633.9000000000001,392.7863104,16.74905112,0.962195784,427.373388,18.49449889,2.138559926,15.3,19.287077599999986,-1.7454477699999984
634.0,394.4663658,16.84459205,0.948622657,429.2343246,18.70885236,2.122672751,15.3,19.467958799999973,-1.8642603100000024
634.1,396.1559074,16.93877566,0.93504953,431.1167737,18.9211827,2.099926259,15.3,19.66086630000002,-1.9824070399999982
634.2,397.8547996,17.03160195,0.921476402,433.0203684,19.13066677,2.071692311,15.3,19.865568800000016,-2.0990648200000024
634.3000000000001,399.5629065,17.12307094,0.907967405,434.9447417,19.33661865,2.039342772,15.3,20.08183520000001,-2.2135477099999967
634.4000000000001,401.2800924,17.21318261,0.894843186,436.8895268,19.53890115,2.004249506,15.3,20.309434399999997,-2.3257185400000004
634.5,403.0062217,17.30193697,0.882488526,438.8543567,19.73751428,1.967784376,15.3,20.548134999999956,-2.4355773099999993
634.6,404.7411585,17.38937249,0.871288201,440.8388643,19.93245803,1.931090602,15.3,20.797705800000028,-2.54308554
634.7,406.4847671,17.47568157,0.86131839,442.8426829,20.1237324,1.894396828,15.3,21.0579158,-2.6480508300000025
634.8000000000001,408.2369119,17.56109507,0.853889678,444.8654455,20.31133739,1.857703054,15.3,21.328533600000025,-2.750242319999998
634.9000000000001,409.997457,17.64584386,0.848396906,446.9067851,20.49527301,1.821009281,15.3,21.60932809999998,-2.849429149999999
635.0,411.7662976,17.72997364,0.845212808,448.9663348,20.67553925,1.784315507,15.3,21.900037200000053,-2.945565609999999
635.1,413.5434517,17.81427077,0.844273253,451.0437277,20.85213611,1.747621733,15.3,22.200275999999985,-3.0378653399999997
635.2,415.3289685,17.89841063,0.845257592,453.1385967,21.0250636,1.710762599,15.3,22.50962820000002,-3.1266529699999985
635.3000000000001,417.1228968,17.98280925,0.848089649,455.2505751,21.1943217,1.672911301,15.3,22.827678300000013,-3.2115124500000007
635.4000000000001,418.9252855,18.06765902,0.851458837,457.3792957,21.35991043,1.633075678,15.3,23.154010200000027,-3.2922514099999987
635.5,420.7361837,18.15299841,0.855906186,459.5243918,21.52173057,1.590263565,15.3,23.488208099999962,-3.3687321600000004
635.6,422.5556404,18.23882743,0.860738313,461.6854964,21.67928603,1.543482799,15.3,23.82985599999996,-3.4404585999999995
635.7,424.3837044,18.32514607,0.865634571,463.8622425,21.83198152,1.491741219,15.3,24.17853809999998,-3.5068354500000005
635.8000000000001,426.2204248,18.41195434,0.870530828,466.0542632,21.97922173,1.43421202,15.3,24.53383839999999,-3.567267389999998
635.9000000000001,428.0658505,18.49925224,0.875427085,468.2611121,22.12041138,1.370729843,15.3,24.89526159999998,-3.6211591399999996
636.0,429.9200304,18.58703976,0.880323343,470.4820255,22.25495516,1.301460048,15.3,25.261995100000046,-3.667915400000002
636.1,431.7830136,18.67531691,0.8852196,472.7161603,22.38225778,1.227229437,15.3,25.633146700000008,-3.7069408700000004
636.2,433.654849,18.76408368,0.890115857,474.9626731,22.50172394,1.149030174,15.3,26.007824100000004,-3.7376402600000027
636.3000000000001,435.5355855,18.85334008,0.895012114,477.2207209,22.61285755,1.067854422,15.3,26.385135399999978,-3.7595174700000022
636.4000000000001,437.4252722,18.9430861,0.899816241,479.4894605,22.7155594,0.984694344,15.3,26.76418830000001,-3.7724733000000015
636.5,439.3239579,19.03332175,0.90359386,481.7680487,22.80982949,0.900542103,15.3,27.144090800000026,-3.7765077399999996
636.6,441.2316917,19.12404703,0.907213356,484.0556423,22.89566782,0.816224501,15.3,27.52395059999999,-3.77162079
636.7,443.1485225,19.21520665,0.908700776,486.3513981,22.97307439,0.731906899,15.3,27.90287559999997,-3.757867740000002
636.8000000000001,445.0744993,19.30624,0.907977058,488.6544731,23.0420492,0.647589297,15.3,28.279973800000004,-3.735809200000002
636.9000000000001,447.009671,19.39766809,0.904489418,490.9640239,23.10259225,0.563271695,15.3,28.654352899999946,-3.704924160000001
637.0,448.9540866,19.48830657,0.897777201,493.2792074,23.15470354,0.478954093,15.3,29.025120800000035,-3.666396970000001
637.1,450.9077509,19.57810799,0.888222001,495.5991805,23.19838307,0.394636491,15.3,29.39142959999999,-3.620275079999999
637.2,452.8704916,19.66674068,0.874494779,497.9230999,23.23363083,0.310415408,15.3,29.75260830000003,-3.566890149999999
637.3000000000001,454.8420924,19.75387297,0.858477358,500.2501225,23.26044684,0.226773437,15.3,30.10803009999996,-3.5065738700000004
637.4000000000001,456.822337,19.8391732,0.840248798,502.5794051,23.27883109,0.144289691,15.3,30.45706809999997,-3.4396578899999994
637.5,458.8110089,19.92236496,0.820361886,504.9101046,23.28884149,0.063543282,15.3,30.79909570000002,-3.36647653
637.6,460.8078919,20.00339298,0.799369404,507.2413777,23.2907676,-0.014886677,15.3,31.13348579999997,-3.287374619999998
637.7,462.8127694,20.08225727,0.777824138,509.5723813,23.28495688,-0.090421074,15.3,31.459611900000038,-3.20269961
637.8000000000001,464.8254252,20.15895781,0.756186741,511.9022723,23.2717568,-0.162577316,15.3,31.77684710000001,-3.112798989999998
637.9000000000001,466.8456428,20.23349462,0.734549345,514.2302536,23.25151484,-0.231258883,15.3,32.084610799999965,-3.0180202200000004
638.0,468.873206,20.30586768,0.712911948,516.555714,23.22457845,-0.296562294,15.3,32.38250799999999,-2.9187107700000006
638.1,470.9078982,20.37607701,0.691274551,518.878088,23.1912951,-0.358970144,15.3,32.670189800000074,-2.815218090000002
638.2,472.9495032,20.44412259,0.669637154,521.1968106,23.15201227,-0.419061544,15.3,32.94730740000007,-2.707889680000001
638.3000000000001,474.9978046,20.51000444,0.647999757,523.5113165,23.1070195,-0.477415607,15.3,33.21351190000003,-2.5970150600000004
638.4000000000001,477.052586,20.57372254,0.626363418,525.8210405,23.05637472,-0.534611445,15.3,33.468454499999964,-2.4826521800000023
638.5,479.113631,20.63527691,0.604733426,528.1254174,23.00007791,-0.591228171,15.3,33.71178639999995,-2.364801
638.6,481.1807232,20.69466754,0.583116126,530.4238821,22.93812908,-0.647748377,15.3,33.94315890000003,-2.2434615399999984
638.7,483.2536464,20.75189506,0.561517867,532.7158692,22.87052824,-0.704268584,15.3,34.162222800000066,-2.11863318
638.8000000000001,485.332184,20.80696265,0.539944993,535.0008137,22.79727537,-0.760788791,15.3,34.3686297,-1.9903127200000021
638.9000000000001,487.4161198,20.85987411,0.518403852,537.2781503,22.71837048,-0.817308998,15.3,34.562030500000006,-1.858496370000001
639.0,489.5052373,20.91063326,0.496899732,539.5473138,22.63381357,-0.873829205,15.3,34.74207650000001,-1.72318031
639.1,491.5993207,20.9592439,0.475433691,541.8077391,22.54360464,-0.930349412,15.3,34.90841840000003,-1.584360740000001
639.2,493.6981561,21.00570985,0.454004672,544.0588608,22.44774368,-0.986622159,15.3,35.060704700000045,-1.4420338299999997
639.3000000000001,495.8015303,21.0500349,0.432607386,546.3001138,22.34623071,-1.041410144,15.3,35.19858349999994,-1.2961958100000004
639.4000000000001,497.9092299,21.09222286,0.411235486,548.5309329,22.23906572,-1.093228607,15.3,35.32170300000003,-1.1468428599999996
639.5,500.0210415,21.13227692,0.389882625,550.750753,22.12639718,-1.140592785,15.3,35.42971150000001,-0.9941202600000025
639.6,502.1367519,21.17019769,0.368542457,552.9590087,22.00896748,-1.182017919,15.3,35.52225680000005,-0.8387697900000006
639.7,504.2561477,21.2059852,0.347208636,555.1551349,21.88766747,-1.217237243,15.3,35.598987200000025,-0.6816822699999996
639.8000000000001,506.3790156,21.23963942,0.325875872,557.3385664,21.76338801,-1.241359465,15.3,35.65955079999999,-0.5237485900000003
639.9000000000001,508.5051422,21.27116037,0.304543109,559.5088568,21.63701996,-1.257791117,15.3,35.70371459999997,-0.36585958999999946
640.0,510.6343143,21.30054804,0.283210345,561.6660348,21.50872337,-1.26556166,15.3,35.73172050000001,-0.20817532999999955
640.1,512.7663184,21.32780244,0.261877582,563.8102478,21.3815815,-1.265908397,15.3,35.743929399999914,-0.0537790600000001
640.2,514.9009414,21.35292356,0.240544819,565.9416433,21.25429281,-1.260316089,15.3,35.74070190000005,0.09863075000000165
640.3000000000001,517.0379698,21.3759114,0.219212055,568.0603689,21.12833048,-1.2490515,15.3,35.72239909999992,0.24758092000000076
640.4000000000001,519.1771903,21.39676597,0.19793616,570.166572,21.00384298,-1.237253382,15.3,35.68938169999997,0.39292298999999886
640.5,521.3183896,21.41548726,0.177001472,572.2604001,20.88083031,-1.222752506,15.3,35.64201049999993,0.5346569499999987
640.6,523.4613544,21.43207528,0.156749199,574.3420007,20.75929247,-1.20800417,15.3,35.58064629999997,0.6727828100000011
640.7,525.6058713,21.44656414,0.137520549,576.4115212,20.63922947,-1.193255833,15.3,35.50564990000005,0.8073346699999995
640.8000000000001,527.751727,21.45912444,0.119656729,578.4691091,20.52064131,-1.178507497,15.3,35.41738210000001,0.9384831300000016
640.9000000000001,529.8987083,21.46996092,0.103498947,580.514912,20.40352797,-1.163759161,15.3,35.31620370000003,1.0664329499999994
641.0,532.0466016,21.4792783,0.089331542,582.5490773,20.28788948,-1.149010825,15.3,35.202475699999994,1.1913888200000002
641.1,534.1952211,21.4872813,0.077211383,584.5717525,20.17372581,-1.134262488,15.3,35.07653139999998,1.3135554899999988
641.2,536.3444899,21.49417464,0.067081601,586.5830851,20.06103698,-1.119514152,15.3,34.938595199999966,1.4331376599999999
641.3000000000001,538.4943584,21.50016306,0.058657858,588.5832225,19.94982298,-1.10480794,15.3,34.788864100000026,1.550340079999998
641.4000000000001,540.644777,21.50545127,0.051598944,590.5723122,19.84008381,-1.090354472,15.3,34.62753520000008,1.6653674599999988
641.5,542.7956964,21.51020988,0.045563653,592.5505018,19.73181948,-1.076406493,15.3,34.45480540000001,1.7783904000000028
641.6,544.9470668,21.51447301,0.040210777,594.5179387,19.62500471,-1.063216748,15.3,34.27087189999993,1.8894683000000008
641.7,547.0988387,21.51824067,0.035199109,596.4747704,19.51951313,-1.051037982,15.3,34.07593170000003,1.9987275400000009
641.8000000000001,549.2509626,21.52151284,0.030244309,598.4211444,19.41519308,-1.040122938,15.3,33.870181800000026,2.106319759999998
641.9000000000001,551.403389,21.52428953,0.025289508,600.3572081,19.31189293,-1.030682237,15.3,33.653819100000035,2.2123966000000017
642.0,553.5560683,21.52657074,0.020334708,602.2830888,19.20946103,-1.022758003,15.3,33.42702049999998,2.3171097100000004
642.1,555.7089509,21.52835647,0.015379908,604.198833,19.10774572,-1.016308112,15.3,33.18988210000005,2.420610749999998
642.2,557.8619873,21.52964672,0.010425108,606.1044667,19.00659537,-1.011121944,15.3,32.94247939999998,2.5230513499999994
642.3000000000001,560.015128,21.53044149,0.005470307,608.0000162,18.90585832,-1.006946755,15.3,32.6848882,2.624583170000001
642.4000000000001,562.1683234,21.53074078,0.000429804,609.8855075,18.80540821,-1.003529799,15.3,32.41718410000006,2.725332569999999
642.5,564.3215239,21.53054459,-0.005124918,611.760967,18.70521976,-1.000618332,15.3,32.139443100000065,2.825324830000003
642.6,566.47468,21.52985292,-0.011708078,613.6264207,18.60529297,-0.997959609,15.3,31.851740700000004,2.924559949999999
642.7,568.6277422,21.52861435,-0.019833893,615.4818948,18.50562784,-0.995343011,15.3,31.55415260000002,3.0229865100000026
642.8000000000001,570.7806609,21.52657177,-0.030016584,617.3274154,18.40622437,-0.992726413,15.3,31.246754499999906,3.1203474
642.9000000000001,572.9333866,21.52341664,-0.042770368,619.1630088,18.30708256,-0.990109814,15.3,30.929622199999994,3.2163340799999993
643.0,575.0858697,21.51884045,-0.058523762,620.9887011,18.20820241,-0.987493216,15.3,30.602831399999967,3.3106380400000006
643.1,577.2380195,21.51253464,-0.077362468,622.8045184,18.10958392,-0.984876618,15.3,30.266498900000055,3.4029507199999998
643.2,579.3895808,21.5041907,-0.099200783,624.610487,18.01122708,-0.982260019,15.3,29.920906200000058,3.4929636199999976
643.3000000000001,581.5402572,21.49350009,-0.123610191,626.406633,17.91313191,-0.979399378,15.3,29.566375800000014,3.5803681800000007
643.4000000000001,583.6897524,21.48015429,-0.150076475,628.1929826,17.8152984,-0.975074478,15.3,29.203230200000075,3.664855890000002
643.5,585.8377699,21.46389617,-0.178085415,629.9695619,17.71772655,-0.967821061,15.3,28.831792000000018,3.7461696200000034
643.6,587.9840135,21.44467433,-0.207122792,631.7363971,17.62056278,-0.956174869,15.3,28.45238360000003,3.8241115500000014
643.7,590.1281866,21.42248876,-0.236674388,633.4935143,17.52453923,-0.938671642,15.3,28.065327699999965,3.8979495300000018
643.8000000000001,592.2699931,21.39733945,-0.266311687,635.2409398,17.43053445,-0.913847124,15.3,27.670946700000012,3.966805000000001
643.9000000000001,594.4091364,21.36922642,-0.295948986,636.9786997,17.33942699,-0.880481097,15.3,27.269563300000026,4.029799430000001
644.0,596.5453202,21.33814966,-0.325586285,638.7069373,17.25209541,-0.83832952,15.3,26.861617100000057,4.08605425
644.1,598.6782482,21.30410916,-0.355223584,640.4262644,17.16941827,-0.787636434,15.3,26.44801620000005,4.134690889999998
644.2,600.8076239,21.26710494,-0.384860883,642.1374102,17.09227412,-0.729622056,15.3,26.029786300000023,4.17483082
644.3000000000001,602.9331511,21.22713699,-0.414498182,643.8411035,17.02154152,-0.665750645,15.3,25.6079524,4.205595470000002
644.4000000000001,605.0545332,21.1842053,-0.443784681,645.5380734,16.95795259,-0.597486458,15.3,25.183540199999992,4.226252709999997
644.5,607.171474,21.13830989,-0.470966384,647.2290489,16.90165376,-0.526293753,15.3,24.757574899999963,4.23665613
644.6,609.283677,21.08945075,-0.49282938,648.9147591,16.85264503,-0.453636791,15.3,24.331082099999957,4.2368057199999996
644.7,611.390846,21.03783835,-0.51059621,650.5959329,16.8109264,-0.380735785,15.3,23.90508689999997,4.226911950000002
644.8000000000001,613.4926845,20.98452511,-0.51883474,652.2732993,16.77649787,-0.307834779,15.3,23.480614799999966,4.20802724
644.9000000000001,615.5888961,20.93143936,-0.516549286,653.9475874,16.74935944,-0.234933773,15.3,23.058691299999918,4.18207992
645.0,617.6791845,20.87784758,-0.501985849,655.6195262,16.72951112,-0.162032768,15.3,22.640341699999976,4.1483364599999994
645.1,619.7634217,20.82700905,-0.474793631,657.2898446,16.71695289,-0.089131762,15.3,22.226422900000056,4.110056159999999
645.2,621.8421533,20.77952118,-0.436432543,658.9592717,16.71168476,-0.016230756,15.3,21.817118400000094,4.067836419999999
645.3000000000001,623.9160931,20.73664684,-0.385329245,660.6285365,16.71370674,0.056637248,15.3,21.412443399999983,4.0229401
645.4000000000001,625.9859551,20.69964893,-0.326915872,662.298368,16.72301881,0.129307242,15.3,21.012412900000026,3.9766301199999994
645.5,628.0524532,20.66957983,-0.262188108,663.9694952,16.73962099,0.201581216,15.3,20.617042000000037,3.929958840000001
645.6,630.1163014,20.64665003,-0.193250751,665.6426471,16.76349346,0.273261159,15.3,20.226345699999978,3.8831565700000006
645.7,632.1782136,20.63085952,-0.122208596,667.3185528,16.79453723,0.344149063,15.3,19.84033919999997,3.836322290000002
645.8000000000001,634.2389037,20.62220831,-0.050815642,668.9979412,16.83263349,0.414046916,15.3,19.459037499999976,3.789574820000002
645.9000000000001,636.2990856,20.62069639,0.020577312,670.6815414,16.87766343,0.482789711,15.3,19.0824558,3.7430329600000007
646.0,638.3594733,20.62632377,0.091970266,672.3700665,16.92950825,0.550344445,15.3,18.710593200000016,3.6968155199999977
646.1,640.4207807,20.63909045,0.16336322,674.0641663,16.98804914,0.616744121,15.3,18.343385599999987,3.65104131
646.2,642.4837217,20.65899642,0.234756174,675.7644748,17.05316729,0.682153747,15.3,17.98075309999997,3.60582913
646.3000000000001,644.5490103,20.68604168,0.306149128,677.471626,17.1247439,0.746771332,15.3,17.62261570000005,3.5612977800000003
646.4000000000001,646.6173604,20.72022624,0.377542082,679.1862537,17.20267997,0.810794887,15.3,17.2688932999999,3.5175462700000004
646.5,648.6894859,20.7615501,0.448053912,680.9089921,17.28695568,0.874422422,15.3,16.919506199999955,3.4745944200000025
646.6,650.7661008,20.81001325,0.513278993,682.6404751,17.37757105,0.937851947,15.3,16.5743743,3.4324422000000006
646.7,652.8479189,20.8656157,0.564455597,684.3813365,17.47452607,1.001248471,15.3,16.233417600000006,3.3910896299999997
646.8000000000001,654.9356543,20.92782876,0.606721916,686.1322104,17.57782074,1.064644994,15.3,15.896556099999952,3.3500080200000006
646.9000000000001,657.0300208,20.99400908,0.624366263,687.8937308,17.68745507,1.128041517,15.3,15.563709999999968,3.306554010000003
647.0,659.1317323,21.0588996,0.615576867,689.6665316,17.80342905,1.191438041,15.3,15.23479930000003,3.255470550000002
647.1,661.2415029,21.12558325,0.575948106,691.4512468,17.92574268,1.254834564,15.3,14.909743900000034,3.199840569999999
647.2,663.3596234,21.18463301,0.504598855,693.2485103,18.05439596,1.318231087,15.3,14.588886899999988,3.130237049999998
647.3000000000001,665.4846932,21.23496182,0.405885219,695.0589562,18.1893889,1.380907091,15.3,14.274262999999973,3.045572919999998
647.4000000000001,667.6148885,21.27339763,0.273787881,696.8832183,18.33072148,1.439259979,15.3,13.968329799999946,2.9426761500000005
647.5,669.7483855,21.29676839,0.12401853,698.7219307,18.47839372,1.485847444,15.3,13.673545199999989,2.8183746700000007
647.6,671.8833607,21.30243073,-0.041611066,700.5757272,18.6319733,1.52570394,15.3,13.392366499999934,2.6704574300000026
647.7,674.0179902,21.28985598,-0.217814159,702.4452419,18.78929867,1.545148781,15.3,13.127251700000055,2.500557309999998
647.8000000000001,676.1504504,21.25904413,-0.399304,704.3311088,18.94590443,1.542978041,15.3,12.880658400000083,2.3131397000000007
647.9000000000001,678.2789176,21.20999518,-0.581674965,706.2339618,19.10481126,1.515589122,15.3,12.655044199999974,2.105183919999998
648.0,680.401568,21.14270913,-0.764045931,708.154089,19.25781075,1.462261505,15.3,12.452521,1.8848983799999992
648.1,682.516578,21.05718599,-0.946416897,710.0903951,19.40418055,1.3868349,15.3,12.273817100000041,1.6530054400000012
648.2,684.6221238,20.95342575,-1.128787863,712.041439,19.54132678,1.283554334,15.3,12.119315199999914,1.4120989700000024
648.3000000000001,686.7163817,20.83142842,-1.311158829,714.0057797,19.66665557,1.166100492,15.3,11.989397999999891,1.164772850000002
648.4000000000001,688.797528,20.69119399,-1.493529794,715.9819758,19.77800537,1.035677302,15.3,11.88444779999993,0.9131886199999997
648.5,690.863739,20.53272246,-1.674525041,717.9685864,19.87494386,0.896607878,15.3,11.804847400000039,0.6577786000000003
648.6,692.913191,20.35601384,-1.847265971,719.9641702,19.95747105,0.753215339,15.3,11.750979200000028,0.3985427900000005
648.7,694.9440603,20.16106811,-2.003498268,721.9672862,20.02558693,0.60910228,15.3,11.723225899999942,0.1354811799999993
648.8000000000001,696.9545232,19.94871073,-2.134967615,723.9764933,20.0792915,0.464989221,15.3,11.721970099999975,-0.13058077000000168
648.9000000000001,698.942756,19.72306884,-2.233419697,725.9903502,20.11858477,0.320876163,15.3,11.747594199999934,-0.3955159299999984
649.0,700.9069348,19.48909503,-2.290600196,728.0074159,20.14346674,0.176763104,15.3,11.80048109999991,-0.6543717099999995
649.1,702.8452362,19.25174189,-2.299630515,730.0262492,20.15393739,0.032650045,15.3,11.881013000000006,-0.9021954999999977
649.2,704.7564966,19.01596202,-2.259134936,732.045409,20.14999674,-0.111463014,15.3,11.988912399999958,-1.134034719999999
649.3000000000001,706.6421941,18.786708,-2.170489177,734.0634542,20.13164479,-0.25455448,15.3,12.12126010000004,-1.3449367899999984
649.4000000000001,708.5044671,18.56893242,-2.040571836,736.0789436,20.09888153,-0.391516386,15.3,12.274476499999945,-1.5299491100000004
649.5,710.3454539,18.36758787,-1.877637229,738.0904362,20.05170696,-0.516219174,15.3,12.444982299999946,-1.6841190899999994
649.6,712.1672928,18.18680152,-1.689939672,740.0964907,19.99073405,-0.622533284,15.3,12.629197899999962,-1.8039325300000009
649.7,713.9721224,18.02739879,-1.485733482,742.095666,19.91902756,-0.704329158,15.3,12.823543600000061,-1.8916287700000005
649.8000000000001,715.7620808,17.88937968,-1.273272976,744.0865211,19.84026524,-0.755477235,15.3,13.024440299999991,-1.9508855599999997
649.9000000000001,717.5393065,17.77274419,-1.059436751,746.0676148,19.75812482,-0.77086955,15.3,13.228308300000048,-1.985380629999998
650.0,719.3059378,17.67749233,-0.845600525,748.0379963,19.67628404,-0.74948451,15.3,13.432058499999993,-1.998791709999999
650.1,721.0641131,17.60362409,-0.6317643,749.9986763,19.59842062,-0.692343708,15.3,13.63456320000007,-1.9947965299999986
650.2,722.8159708,17.55113947,-0.417928074,751.9511558,19.52821232,-0.60455511,15.3,13.835185000000092,-1.9770728500000025
650.3000000000001,724.5636492,17.52003847,-0.204091849,753.896936,19.46933686,-0.492248275,15.3,14.033286799999996,-1.9492983899999992
650.4000000000001,726.3092867,17.5103211,0.009744377,755.8375179,19.42485902,-0.361552762,15.3,14.228231199999936,-1.9145379200000008
650.5,728.0550216,17.52198735,0.222807205,757.7744025,19.39539175,-0.218598131,15.3,14.419380899999918,-1.8734044000000019
650.6,729.8029924,17.55503722,0.431229646,759.709091,19.38093507,-0.06951394,15.3,14.60609859999995,-1.8258978500000005
650.7,731.5553373,17.60947071,0.630371315,761.6430843,19.38148897,0.080591843,15.3,14.787747000000035,-1.7720182599999994
650.8000000000001,733.3141947,17.68482379,0.815591826,763.5778835,19.39705344,0.230697627,15.3,14.963688799999954,-1.7122296500000012
650.9000000000001,735.081703,17.77877626,0.982250792,765.5149897,19.42762849,0.38080341,15.3,15.133286700000053,-1.6488522299999993
651.0,736.8600006,17.88854389,1.125707827,767.4559039,19.47321412,0.530909194,15.3,15.295903299999917,-1.5846702300000004
651.1,738.6512258,18.01134244,1.244289982,769.4021272,19.53381033,0.681014977,15.3,15.450901399999974,-1.5224678900000015
651.2,740.4571457,18.1443877,1.332372746,771.3551607,19.60941712,0.831120761,15.3,15.5980150000001,-1.4650294200000005
651.3000000000001,742.2780426,18.28489541,1.39211862,773.3165053,19.70003448,0.980091708,15.3,15.738462699999967,-1.4151390699999986
651.4000000000001,744.1138275,18.43139778,1.430393568,775.2876623,19.80566243,1.122253636,15.3,15.873834800000008,-1.3742646500000006
651.5,745.9644112,18.57819991,1.450106971,777.2701325,19.92630095,1.250797526,15.3,16.005721300000072,-1.348101040000003
651.6,747.8297048,18.72381506,1.455899215,779.2654172,20.06126915,1.358914359,15.3,16.135712400000056,-1.3374540900000014
651.7,749.7096193,18.86957859,1.450216648,781.2750172,20.20716251,1.439795115,15.3,16.265397899999993,-1.3375839200000001
651.8000000000001,751.6040657,19.01445188,1.442550769,783.3004338,20.35989563,1.486630776,15.3,16.39636809999997,-1.3454437500000012
651.9000000000001,753.5129548,19.15843494,1.435379462,785.3431679,20.5153831,1.493747159,15.3,16.530213100000037,-1.3569481600000017
652.0,755.4361978,19.30152777,1.42647715,787.404176,20.66953949,1.460009427,15.3,16.66797820000006,-1.3680117199999984
652.1,757.3737055,19.44373037,1.417574839,789.4822353,20.81827941,1.386552417,15.3,16.808529799999928,-1.374549039999998
652.2,759.325389,19.58504274,1.408672527,791.5755788,20.95751744,1.279050312,15.3,16.950189800000043,-1.3724747000000015
652.3000000000001,761.2911592,19.72546488,1.399770215,793.682439,21.08316817,1.144312131,15.3,17.091279800000006,-1.35770329
652.4000000000001,763.2709271,19.86499678,1.390867904,795.8010488,21.19182708,0.989146893,15.3,17.230121699999994,-1.326830300000001
652.5,765.2646036,20.00363846,1.381676009,797.9296408,21.28281328,0.820363616,15.3,17.365037200000028,-1.279174819999998
652.6,767.2720999,20.1413899,1.37074662,800.0664478,21.35612677,0.64477132,15.3,17.494347900000047,-1.2147368699999994
652.7,769.2933267,20.27825111,1.356342239,802.2097025,21.41176755,0.468044188,15.3,17.616375800000082,-1.133516440000001
652.8000000000001,771.3281952,20.41404834,1.336725372,804.3576376,21.44973561,0.291317055,15.3,17.729442399999993,-1.0356872700000004
652.9000000000001,773.3766163,20.54791285,1.310158524,806.508486,21.47003096,0.114589923,15.3,17.831869699999924,-0.9221181099999995
653.0,775.4385009,20.67880213,1.274904198,808.6604802,21.4726536,-0.062137209,15.3,17.921979300000043,-0.7938514699999999
653.1,777.5137601,20.80567368,1.229514483,810.811853,21.45760352,-0.238864341,15.3,17.998092900000028,-0.6519298399999975
653.2,779.6021657,20.92748501,1.173699795,812.9608372,21.42488073,-0.415591474,15.3,18.058671500000013,-0.4973957200000001
653.3000000000001,781.7029339,21.04319363,1.107749717,815.1056655,21.37448522,-0.591201836,15.3,18.102731600000038,-0.3312915899999993
653.4000000000001,783.8151416,21.15175703,1.033112162,817.2445706,21.30641701,-0.760111581,15.3,18.129429000000027,-0.1546599800000017
653.5,785.9378657,21.25213272,0.951524626,819.3757853,21.22067608,-0.91562009,15.3,18.137919599999986,0.03145663999999826
653.6,788.0701832,21.34345196,0.864724603,821.4975422,21.11793249,-1.051026746,15.3,18.127359000000023,0.22551946999999828
653.7,790.2111712,21.42554098,0.774449589,823.6080741,21.00153657,-1.159630931,15.3,18.096902899999986,0.424004410000002
653.8000000000001,792.3599065,21.49839979,0.68243708,825.7056138,20.87550867,-1.234732026,15.3,18.04570730000007,0.622891120000002
653.9000000000001,794.5154662,21.56202839,0.590134988,827.7883939,20.74386918,-1.270746184,15.3,17.972927699999968,0.8181592099999975
654.0,796.6769273,21.61642679,0.497832896,829.8551832,20.61063845,-1.266556635,15.3,17.878255900000067,1.0057883399999987
654.1,798.8433667,21.66159497,0.405530804,831.9068948,20.47983686,-1.223280148,15.3,17.763528099999984,1.1817581100000005
654.2,801.0138614,21.69753295,0.313228713,833.9449776,20.35548478,-1.146500572,15.3,17.63111620000002,1.3420481699999982
654.3000000000001,803.1874884,21.72424071,0.220926621,835.9708806,20.24160259,-1.042918526,15.3,17.48339219999998,1.4826381200000007
654.4000000000001,805.3633246,21.74171827,0.128624529,837.986053,20.14154058,-0.919234625,15.3,17.322728399999914,1.6001776899999989
654.5,807.5404471,21.74996562,0.036710712,839.9919436,20.05596883,-0.782149489,15.3,17.15149649999996,1.69399679
654.6,809.7179329,21.74898276,-0.052873462,841.9900016,19.98488733,-0.638363735,15.3,16.972068699999976,1.7640954300000011
654.7,811.8948588,21.73876969,-0.137798346,843.981676,19.92829608,-0.493461212,15.3,16.78681720000004,1.8104736100000025
654.8000000000001,814.0703019,21.71955938,-0.215734298,845.9684157,19.88619509,-0.348558688,15.3,16.598113800000032,1.8333642899999987
654.9000000000001,816.2433392,21.69251664,-0.284351672,847.9516699,19.85858435,-0.203656165,15.3,16.40833069999992,1.83393229
655.0,818.4130476,21.65903926,-0.343936082,849.9328875,19.84546386,-0.058753641,15.3,16.219839899999965,1.8135754000000013
655.1,820.5785041,21.62052504,-0.384700385,851.9135175,19.84683362,0.086148882,15.3,16.03501339999998,1.7736914199999987
655.2,822.7389721,21.57837176,-0.414102079,853.895009,19.86269363,0.231051406,15.3,15.856036900000003,1.7156781300000006
655.3000000000001,824.8944605,21.53240804,-0.429914181,855.8788111,19.8930439,0.375165486,15.3,15.68435059999997,1.6393641400000014
655.4000000000001,827.0451643,21.48873914,-0.434078061,857.8663727,19.93788442,0.514548904,15.3,15.521208400000045,1.5508547200000002
655.5,829.1912788,21.44405539,-0.428923364,859.8591429,19.99721519,0.644471,15.3,15.367864100000087,1.4468402000000005
655.6,831.3329993,21.40109076,-0.414164476,861.8585706,20.07056315,0.760201111,15.3,15.225571300000023,1.3305276099999972
655.7,833.4705209,21.36007821,-0.399976814,863.866105,20.15556296,0.857715272,15.3,15.09558409999995,1.20451525
655.8000000000001,835.6040389,21.32101774,-0.380844251,865.883195,20.24937623,0.930162734,15.3,14.979156100000022,1.0716415099999992
655.9000000000001,837.7337485,21.28390936,-0.361323414,867.9112897,20.34916457,0.975721366,15.3,14.87754119999995,0.9347447899999999
656.0,839.8598448,21.24875306,-0.341802576,869.9514596,20.45251358,0.99289603,15.3,14.791614800000001,0.796239479999997
656.1,841.982523,21.21554884,-0.322281739,872.0032615,20.55531283,0.982475168,15.3,14.720738499999992,0.660236010000002
656.2,844.1019785,21.18429671,-0.302760901,874.0658737,20.65599597,0.948400999,15.3,14.663895200000024,0.5283007400000024
656.3000000000001,846.2184063,21.15499666,-0.283240064,876.1384745,20.75130058,0.894697488,15.3,14.620068200000059,0.40369607999999957
656.4000000000001,848.3320018,21.1276487,-0.263719226,878.2202423,20.83886133,0.828215385,15.3,14.588240500000051,0.28878737000000143
656.5,850.44296,21.10225281,-0.244198389,880.3103552,20.91820517,0.751565263,15.3,14.567395200000032,0.1840476399999993
656.6,852.5514763,21.07880902,-0.224835142,882.4079918,20.98933208,0.670184479,15.3,14.5565155,0.08947694000000084
656.7,854.6577458,21.0573173,-0.206417441,884.5123301,21.05224206,0.588015252,15.3,14.554584299999942,0.005075240000000036
656.8000000000001,856.7619637,21.03777767,-0.189890829,886.6225486,21.10693513,0.505846024,15.3,14.560584899999935,-0.06915745999999956
656.9000000000001,858.8643253,21.02009557,-0.176200853,888.7378256,21.15341127,0.423676797,15.3,14.573500299999932,-0.1333157000000007
657.0,860.9650257,21.00379823,-0.166293057,890.8573393,21.19167049,0.34150757,15.3,14.592313600000079,-0.1878722599999989
657.1,863.0642602,20.98831832,-0.161112986,892.9802682,21.22171278,0.259338342,15.3,14.616007999999919,-0.23339445999999953
657.2,865.1622239,20.97308851,-0.161448594,895.1057904,21.24353815,0.177169115,15.3,14.643566500000087,-0.27044963999999894
657.3000000000001,867.2590365,20.95754147,-0.167457472,897.2330843,21.2571466,0.095290677,15.3,14.674047799999993,-0.2996051299999998
657.4000000000001,869.3545149,20.94110988,-0.17898203,899.3613281,21.26253813,0.015156977,15.3,14.70681320000001,-0.3214282500000003
657.5,871.4484004,20.92322642,-0.195234313,901.4897003,21.25971274,-0.061487249,15.3,14.741299900000012,-0.33648632000000234
657.6,873.5404345,20.90332375,-0.215268776,903.6173792,21.24884489,-0.132897263,15.3,14.776944700000012,-0.34552114000000245
657.7,875.6303585,20.8809291,-0.238139874,905.7435429,21.23080697,-0.197328328,15.3,14.813184399999908,-0.34987787000000026
657.8000000000001,877.7179136,20.85594792,-0.262902063,907.8673699,21.2066458,-0.253035706,15.3,14.849456299999996,-0.350697880000002
657.9000000000001,879.8028413,20.8283802,-0.288609796,909.9880384,21.17740825,-0.298932229,15.3,14.885197100000095,-0.3490280499999976
658.0,881.8848829,20.79822596,-0.31447512,912.1048663,21.14414113,-0.334152825,15.3,14.919983400000046,-0.3459151700000014
658.1,883.9637798,20.76548518,-0.340340444,914.2177298,21.10789131,-0.358510456,15.3,14.953950000000031,-0.34240613000000053
658.2,886.0392732,20.73015787,-0.366205768,916.3266448,21.06948555,-0.374670455,15.3,14.987371600000028,-0.33932768000000024
658.3000000000001,888.1111046,20.69224403,-0.392071093,918.4316269,21.03031527,-0.383851506,15.3,15.020522299999993,-0.3380712399999979
658.4000000000001,890.1790153,20.65174365,-0.417936417,920.5326921,20.99153953,-0.387798344,15.3,15.053676800000016,-0.3397958800000005
658.5,892.2427466,20.60865674,-0.443801741,922.6298559,20.95260597,-0.387757415,15.3,15.08710930000002,-0.3439492299999998
658.6,894.3020399,20.5629833,-0.46989251,924.7231344,20.91383023,-0.386475158,15.3,15.121094500000094,-0.35084692999999945
658.7,896.3566365,20.51472333,-0.497335949,926.8125431,20.87521231,-0.385390171,15.3,15.155906599999934,-0.3604889799999995
658.8000000000001,898.4062778,20.46387683,-0.527484729,928.8980979,20.8367522,-0.383812007,15.3,15.19182010000004,-0.37287536999999915
658.9000000000001,900.4507052,20.41030852,-0.561691519,930.9798146,20.7984499,-0.382233844,15.3,15.229109400000038,-0.3881413800000004
659.0,902.4896599,20.35334208,-0.601308989,933.057709,20.76030543,-0.380655681,15.3,15.268049100000052,-0.40696334999999806
659.1,904.5228833,20.29216591,-0.64768981,935.1317968,20.72231877,-0.379077518,15.3,15.30891349999997,-0.43015285999999975
659.2,906.5501167,20.22596839,-0.701961206,937.2020938,20.68448992,-0.37780622,15.3,15.351977099999953,-0.4585215300000023
659.3000000000001,908.5709934,20.15393794,-0.764348623,939.2686159,20.6468189,-0.376433227,15.3,15.397622499999965,-0.4928809600000008
659.4000000000001,910.5847136,20.07526294,-0.834626616,941.3313787,20.60930569,-0.375263623,15.3,15.446665099999972,-0.5340427500000011
659.5,912.5903692,19.9891318,-0.911667959,943.3903981,20.57176617,-0.37822658,15.3,15.500028899999915,-0.582634370000001
659.6,914.5870525,19.89473291,-0.994119983,945.4456898,20.53443708,-0.389619991,15.3,15.55863729999994,-0.6397041700000017
659.7,916.5738555,19.79138994,-1.080630017,947.4972697,20.49730332,-0.413302261,15.3,15.62341419999991,-0.7059133800000019
659.8000000000001,918.5498702,19.67896762,-1.169845392,949.5451535,20.45755398,-0.453062812,15.3,15.695283299999982,-0.7785863599999985
659.9000000000001,920.5141887,19.55746595,-1.260413436,951.589357,20.4130469,-0.51339247,15.3,15.775168299999972,-0.8555809500000002
660.0,922.4659031,19.42688493,-1.351206925,953.629896,20.36132433,-0.598362377,15.3,15.863992900000039,-0.9344393999999987
660.1,924.4041054,19.28722456,-1.442000415,955.6664585,20.29992849,-0.707383948,15.3,15.962353099999927,-1.0127039300000007
660.2,926.3278877,19.13848485,-1.532793904,957.6974219,20.2264016,-0.840300524,15.3,16.069534199999975,-1.087916749999998
660.3000000000001,928.236342,18.98066578,-1.623587394,959.7208356,20.1382859,-0.993698532,15.3,16.18449359999995,-1.1576201200000007
660.4000000000001,930.1285605,18.81376737,-1.714380883,961.7347493,20.03312361,-1.163481685,15.3,16.306188799999926,-1.2193562399999998
660.5,932.0036352,18.6377896,-1.805174373,963.7372125,19.90886659,-1.345553698,15.3,16.433577300000092,-1.2710769899999974
660.6,933.8606581,18.45273249,-1.895745117,965.7262748,19.76510521,-1.535818284,15.3,16.56561670000003,-1.3123727200000026
660.7,935.6987213,18.25859603,-1.984979387,967.6999857,19.60183947,-1.730179157,15.3,16.701264399999967,-1.343243440000002
660.8000000000001,937.516917,18.05538022,-2.071540712,969.6563949,19.41906938,-1.925222744,15.3,16.839477899999974,-1.3636891599999998
660.9000000000001,939.314337,17.84321871,-2.154092617,971.5935518,19.21679493,-2.120266331,15.3,16.979214799999976,-1.3735762200000003
661.0,941.0900736,17.62277974,-2.23129863,973.509506,18.99501611,-2.315309917,15.3,17.119432400000004,-1.372236370000003
661.1,942.8432188,17.39486518,-2.301822277,975.4023072,18.75373294,-2.510353504,15.3,17.25908839999995,-1.358867759999999
661.2,944.5728647,17.16027692,-2.364549831,977.2700048,18.49294541,-2.705397091,15.3,17.39714010000007,-1.3326684899999997
661.3000000000001,946.2782101,16.91981685,-2.419258547,979.1106485,18.21265352,-2.900440678,15.3,17.5324384,-1.2928366699999998
661.4000000000001,947.9588819,16.67428686,-2.466171169,980.9222877,17.91285728,-3.09478451,15.3,17.663405799999918,-1.238570420000002
661.5,949.6146135,16.42448881,-2.506401426,982.7029721,17.59355667,-3.284929813,15.3,17.78835859999999,-1.169067860000002
661.6,951.2451385,16.17122461,-2.54128579,984.4507512,17.25475171,-3.466678059,15.3,17.90561269999996,-1.0835271000000013
661.7,952.8501905,15.91516248,-2.572160735,986.1636746,16.89686224,-3.635830719,15.3,18.01348409999998,-0.9816997600000015
661.8000000000001,954.4295031,15.65643607,-2.600362734,987.8397919,16.52198752,-3.788189264,15.3,18.11028879999999,-0.8655514499999999
661.9000000000001,955.9828099,15.39504538,-2.627228259,989.4771525,16.13264669,-3.919555165,15.3,18.19434259999998,-0.7376013100000023
662.0,957.5098443,15.13099042,-2.653871039,991.0738062,15.73135885,-4.028432307,15.3,18.26396189999998,-0.6003684299999996
662.1,959.0103401,14.86427117,-2.680513819,992.6281382,15.32064311,-4.109374087,15.3,18.31779809999996,-0.45637194000000036
662.2,960.4840307,14.59488765,-2.707156599,994.1398777,14.90301861,-4.165304854,15.3,18.355847000000107,-0.30813095999999973
662.3000000000001,961.9306498,14.32283985,-2.73379938,995.6090894,14.47980285,-4.201504105,15.3,18.378439600000046,-0.15696300000000107
662.4000000000001,963.3499308,14.04812778,-2.76044216,997.0358383,14.05636307,-4.22090924,15.3,18.385907499999984,-0.008235290000000006
662.5,964.7416075,13.77075142,-2.78708494,998.4201891,13.63346378,-4.227718789,15.3,18.37858160000003,0.13728764000000027
662.6,966.1054133,13.49071079,-2.813580181,999.7622068,13.21045638,-4.224128623,15.3,18.356793499999934,0.2802544099999995
662.7,967.4410818,13.20800588,-2.839190187,1001.061956,12.78809757,-4.219084118,15.3,18.320874200000002,0.4199083100000003
662.8000000000001,968.7483466,12.92263669,-2.863029725,1002.319502,12.36638733,-4.213859453,15.3,18.271155400000065,0.5562493599999989
662.9000000000001,970.0269412,12.63469174,-2.88421356,1003.534909,11.94532568,-4.207373661,15.3,18.20796779999996,0.6893660599999993
663.0,971.2765994,12.34461366,-2.901856457,1004.708243,11.5249126,-4.200887869,15.3,18.13164360000003,0.8197010599999999
663.1,972.4970545,12.05293359,-2.915073182,1005.839567,11.1051481,-4.194402078,15.3,18.042512499999997,0.9477854900000011
663.2,973.6880402,11.76018265,-2.923126039,1006.928948,10.68603219,-4.187916286,15.3,17.940907799999945,1.0741504600000003
663.3000000000001,974.8493609,11.466892,-2.92586749,1007.97645,10.26756485,-4.181430494,15.3,17.827089100000034,1.1993271500000002
663.4000000000001,975.9811042,11.17359278,-2.923445074,1008.982137,9.849746087,-4.174400617,15.3,17.70103279999996,1.3238466930000001
663.5,977.0834286,10.88081612,-2.916596486,1009.946075,9.432575907,-4.16410623,15.3,17.562646399999903,1.448240213
663.6,978.1564927,10.58909317,-2.90620696,1010.868328,9.016054305,-4.14728282,15.3,17.411835300000075,1.5730388649999991
663.7,979.2004548,10.29886654,-2.893161731,1011.748961,8.600507734,-4.120665877,15.3,17.24850620000002,1.6983588059999999
663.8000000000001,980.2154736,10.01022476,-2.878346033,1012.58804,8.187568449,-4.08099089,15.3,17.07256639999998,1.8226563109999994
663.9000000000001,981.2017074,9.723167827,-2.8626451,1013.385628,7.779195156,-4.024993347,15.3,16.883920599999964,1.9439726709999992
664.0,982.1593147,9.43769574,-2.846796629,1014.141792,7.377346561,-3.949952824,15.3,16.682477300000027,2.060349179
664.1,983.0884541,9.153808501,-2.830948158,1014.856856,6.983981373,-3.855325235,15.3,16.468401899999957,2.1698271280000005
664.2,983.989284,8.871506109,-2.815099686,1015.532192,6.601058297,-3.741654664,15.3,16.24290800000001,2.2704478120000005
664.3000000000001,984.8619629,8.590788564,-2.799251215,1016.169431,6.23053604,-3.611661539,15.3,16.00746810000005,2.3602525240000007
664.4000000000001,985.7066493,8.311655866,-2.783402744,1016.770205,5.874373308,-3.468610369,15.3,15.763555700000051,2.4372825580000006
664.5,986.5235016,8.034108015,-2.767554272,1017.336146,5.534202357,-3.315765666,15.3,15.512644399999953,2.4999056579999994
664.6,987.3126785,7.758145011,-2.751458154,1017.868886,5.210349638,-3.156391941,15.3,15.256207500000027,2.5477953729999996
664.7,988.0743382,7.483766855,-2.733876153,1018.370057,4.902815152,-2.993753705,15.3,14.995718799999917,2.580951703
664.8000000000001,988.8086394,7.210973545,-2.713322389,1018.84129,4.611598897,-2.830571384,15.3,14.73265060000001,2.5993746479999995
664.9000000000001,989.5157405,6.939913671,-2.688310979,1019.284218,4.336700875,-2.667389063,15.3,14.468477500000017,2.603212796
665.0,990.1958,6.671330174,-2.657356042,1019.700471,4.078121085,-2.504206742,15.3,14.20467100000003,2.593209089
665.1,990.8489764,6.406114581,-2.618971695,1020.091683,3.835859526,-2.341024421,15.3,13.942706600000019,2.5702550549999996
665.2,991.4754281,6.145158424,-2.571919703,1020.459484,3.6099162,-2.1778421,15.3,13.68405589999993,2.535242224
665.3000000000001,992.0754326,5.88935323,-2.515952419,1020.805507,3.400291106,-2.014659779,15.3,13.430074400000034,2.489062124
665.4000000000001,992.6497426,5.639590529,-2.451317492,1021.131383,3.206984244,-1.852023902,15.3,13.18164040000006,2.4326062850000003
665.5,993.1992299,5.39676185,-2.379253154,1021.438745,3.029995615,-1.692666689,15.3,12.939515100000062,2.366766235
665.6,993.7247661,5.161758722,-2.301245289,1021.729223,2.869325217,-1.539866805,15.3,12.704456900000036,2.292433505
665.7,994.2272231,4.935324086,-2.218779778,1022.004451,2.724645185,-1.396902912,15.3,12.47722790000007,2.2106789009999996
665.8000000000001,994.7074724,4.717606531,-2.133342503,1022.266059,2.594316187,-1.267053676,15.3,12.258586600000012,2.1232903440000004
665.9000000000001,995.1663859,4.508606056,-2.046419346,1022.515679,2.476371024,-1.153597761,15.3,12.049293099999954,2.0322350319999996
666.0,995.6048351,4.308322662,-1.959248543,1022.754944,2.368842497,-1.059267386,15.3,11.850108900000077,1.939480165
666.1,996.0236918,4.116756348,-1.872077739,1022.985223,2.269763409,-0.984608996,15.3,11.661531199999967,1.8469929390000002
666.2,996.4238278,3.933907114,-1.784906935,1023.206836,2.177166561,-0.929076146,15.3,11.483008199999926,1.7567405530000002
666.3000000000001,996.8061147,3.759774961,-1.697736131,1023.419841,2.089084753,-0.889936617,15.3,11.313726300000052,1.6706902080000003
666.4000000000001,997.1714243,3.594359888,-1.610565328,1023.624297,2.003550789,-0.863911744,15.3,11.152872699999943,1.590809099
666.5,997.5206282,3.437661895,-1.523394524,1023.820261,1.918925336,-0.847722864,15.3,10.999632799999926,1.5187365590000002
666.6,997.8545981,3.289680983,-1.436448662,1024.007792,1.834880527,-0.838091311,15.3,10.853193900000132,1.4548004559999999
666.7,998.1742058,3.150417151,-1.350852451,1024.186947,1.751416362,-0.831738423,15.3,10.712741199999936,1.399000789
666.8000000000001,998.480323,3.0198704,-1.267955542,1024.357785,1.668532842,-0.825931979,15.3,10.577461999999922,1.3513375579999998
666.9000000000001,998.7738214,2.897905764,-1.189107586,1024.520363,1.586229967,-0.820125535,15.3,10.446541600000113,1.311675797
667.0,999.0555726,2.783848417,-1.115658233,1024.674741,1.504507735,-0.814319091,15.3,10.319168400000034,1.2793406820000002
667.1,999.3264485,2.67688857,-1.048957135,1024.820975,1.423366148,-0.808512647,15.3,10.19452650000012,1.253522422
667.2,999.5873206,2.576216432,-0.990129001,1024.959123,1.342805206,-0.802706203,15.3,10.071802400000092,1.2334112259999999
667.3000000000001,999.8389528,2.481022211,-0.939398773,1025.089245,1.262824908,-0.796899759,15.3,9.950292199999875,1.218197303
667.4000000000001,1000.081677,2.390496119,-0.896541509,1025.211398,1.183425254,-0.790976575,15.3,9.829720999999903,1.2070708649999997
667.5,1000.315717,2.303828363,-0.860432499,1025.32564,1.104606245,-0.784352951,15.3,9.709923000000071,1.199222118
667.6,1000.541296,2.220209153,-0.829722093,1025.432029,1.02636788,-0.776328449,15.3,9.590733000000068,1.1938412729999999
667.7,1000.758639,2.138963665,-0.803060639,1025.530623,0.948780204,-0.766202629,15.3,9.471984000000088,1.190183461
667.8000000000001,1000.96797,2.059956932,-0.779098488,1025.621481,0.872193435,-0.753275051,15.3,9.353510999999866,1.187763497
667.9000000000001,1001.169511,1.983188956,-0.756485988,1025.70466,0.797027838,-0.736845276,15.3,9.235149000000046,1.186161118
668.0,1001.363488,1.908659735,-0.734098429,1025.780218,0.723703677,-0.716329604,15.3,9.116730000000143,1.184956058
668.1,1001.550124,1.83636927,-0.711710871,1025.848269,0.652641215,-0.691611296,15.3,8.99814500000009,1.183728055
668.2,1001.729642,1.766317561,-0.689323312,1025.909153,0.584260715,-0.662807092,15.3,8.879511000000047,1.182056846
668.3000000000001,1001.902268,1.698504608,-0.666935754,1025.963262,0.518982441,-0.63050069,15.3,8.760993999999936,1.179522167
668.4000000000001,1002.068224,1.63293041,-0.644548195,1026.010992,0.457226657,-0.595392531,15.3,8.642768,1.175703753
668.5,1002.227735,1.569594969,-0.622160636,1026.052736,0.399343583,-0.558183054,15.3,8.525001000000042,1.170251386
668.6,1002.381024,1.508498283,-0.599773078,1026.088889,0.345403263,-0.519572698,15.3,8.407865000000083,1.16309502
668.7,1002.528315,1.449640353,-0.577418774,1026.119846,0.295405696,-0.480261903,15.3,8.291531000000031,1.154234657
668.8000000000001,1002.669832,1.393021179,-0.555264001,1026.145999,0.249350882,-0.440834368,15.3,8.176167000000031,1.143670297
668.9000000000001,1002.8058,1.338640761,-0.53350829,1026.167744,0.207238822,-0.401406832,15.3,8.061944000000107,1.1314019389999999
669.0,1002.936441,1.286479145,-0.512351169,1026.185475,0.169069516,-0.361979297,15.3,7.949034000000051,1.117409629
669.1,1003.06198,1.236436568,-0.491992171,1026.199587,0.134842963,-0.322059298,15.3,7.837607000000116,1.101593605
669.2,1003.182641,1.188393309,-0.472630826,1026.210473,0.104559163,-0.281169319,15.3,7.727832000000102,1.083834146
669.3000000000001,1003.298647,1.142229651,-0.454433409,1026.218527,0.078218117,-0.24076433,15.3,7.619880000000034,1.064011534
669.4000000000001,1003.410207,1.097825876,-0.437433174,1026.224145,0.056115304,-0.199765051,15.3,7.513937999999893,1.041710572
669.5,1003.517464,1.055062265,-0.421596869,1026.22772,0.038537231,-0.160893576,15.3,7.4102560000000715,1.016525034
669.6,1003.620547,1.0138191,-0.406758215,1026.229646,0.024991055,-0.124337749,15.3,7.309099000000014,0.9888280450000001
669.7,1003.719583,0.973976663,-0.392717684,1026.230319,0.014983932,-0.091411442,15.3,7.210736000000065,0.9589927309999999
669.8000000000001,1003.814702,0.935435188,-0.379275745,1026.230368,0.008023018,-0.063413576,15.3,7.115665999999987,0.92741217
669.9000000000001,1003.90603,0.898174722,-0.366232866,1026.230417,0.003615468,-0.040836617,15.3,7.024387000000001,0.894559254
670.0,1003.993696,0.862195266,-0.353389518,1026.230466,0.001268438,-0.024158079,15.3,6.936769999999978,0.860926828
670.1,1004.077828,0.827496818,-0.340579426,1026.230514,0.000489085,-0.012556555,15.3,6.85268600000013,0.827007733
670.2,1004.158555,0.794079381,-0.327769333,1026.230563,0.000489085,-0.003731158,15.3,6.7720080000000955,0.793590296
670.3000000000001,1004.236004,0.761942952,-0.31495924,1026.230612,0.000489085,4.07e-11,15.3,6.694608000000084,0.761453867
670.4000000000001,1004.310303,0.731087533,-0.302149147,1026.230661,0.000489085,0.003913667,15.3,6.620358000000078,0.730598448
670.5,1004.381581,0.701513122,-0.289339055,1026.23071,0.001376773,0.005419522,15.3,6.549129000000061,0.700136349
670.6,1004.449965,0.673219722,-0.276528962,1026.230759,0.0022459,0.006306081,15.3,6.480794000000014,0.670973822
670.7,1004.515584,0.64620733,-0.263758704,1026.230808,0.002837285,0.006848917,15.3,6.415224000000034,0.643370045
670.8000000000001,1004.578566,0.620475948,-0.25122746,1026.230857,0.003740798,0.005490354,15.3,6.35229099999999,0.61673515
670.9000000000001,1004.639039,0.596025575,-0.239174242,1026.231616,0.004272733,0.004058844,15.3,6.292577000000005,0.591752842
671.0,1004.697131,0.57283231,-0.227838062,1026.23236,0.004598435,0.001498125,15.3,6.235228999999958,0.568233875
671.1,1004.75297,0.550776646,-0.217457934,1026.233052,0.004670986,-0.000857349,15.3,6.180082000000038,0.5461056599999999
671.2,1004.806684,0.529715177,-0.20827287,1026.233654,0.004681206,-0.003535546,15.3,6.126969999999869,0.525033971
671.3000000000001,1004.858401,0.509504493,-0.200482049,1026.234128,0.00373616,-0.005213432,15.3,6.0757270000000965,0.505768333
671.4000000000001,1004.908231,0.490001188,-0.194125305,1026.234438,0.002913785,-0.006203873,15.3,6.026206999999953,0.487087403
671.5,1004.956206,0.471061853,-0.189162803,1026.234545,0.002151406,-0.006746709,15.3,5.978339000000073,0.46891044699999995
671.6,1005.002338,0.45254308,-0.185395366,1026.234602,0.001470376,-0.005275514,15.3,5.932263999999986,0.451072704
671.7,1005.046643,0.434301463,-0.182583981,1026.234659,0.000948662,-0.003956636,15.3,5.888015999999947,0.433352801
671.8000000000001,1005.089132,0.416217495,-0.180489634,1026.234716,0.000633181,-0.002634257,15.3,5.845583999999985,0.415584314
671.9000000000001,1005.129819,0.398267273,-0.178873313,1026.234773,0.000570851,-0.001499208,15.3,5.804953999999906,0.397696422
672.0,1005.168718,0.380450799,-0.177496005,1026.23483,0.000570851,-0.000629684,15.3,5.7661120000000885,0.379879948
672.1,1005.205842,0.362768072,-0.176158533,1026.234887,0.000570851,-0.000103883,15.3,5.729045000000109,0.362197221
672.2,1005.241205,0.345219093,-0.174821061,1026.234944,0.000570851,-7.11e-12,15.3,5.693739000000004,0.344648242
672.3000000000001,1005.274819,0.32780386,-0.173483588,1026.235001,0.000570851,-1.34e-11,15.3,5.660182000000031,0.327233009
672.4000000000001,1005.306699,0.310522375,-0.172146116,1026.235058,0.000570851,-1.56e-11,15.3,5.628359,0.30995152400000003
672.5,1005.336857,0.293374637,-0.170808643,1026.235116,0.000570851,-1.56e-11,15.3,5.598259000000052,0.292803786
672.6,1005.365307,0.276360646,-0.169471171,1026.235173,0.000570851,-2.07e-11,15.3,5.569866000000001,0.275789795
672.7,1005.392062,0.259480403,-0.168115511,1026.23523,0.000570851,-1.59e-11,15.3,5.543167999999991,0.25890955200000004
672.8000000000001,1005.417136,0.242733907,-0.166650726,1026.235287,0.000570851,-1.99e-12,15.3,5.518150999999943,0.242163056
672.9000000000001,1005.440542,0.226121158,-0.164967693,1026.235344,0.000570851,2.27e-12,15.3,5.49480199999989,0.22555030699999998
673.0,1005.462294,0.209653068,-0.162957285,1026.235401,0.000570851,1.68e-11,15.3,5.473106999999867,0.209082217
673.1,1005.482404,0.193384201,-0.160510379,1026.235458,0.000570851,2.76e-11,15.3,5.453054000000133,0.19281335
673.2,1005.500886,0.177380031,-0.15751785,1026.235515,0.000570851,4.07e-11,15.3,5.43462900000004,0.17680917999999998
673.3000000000001,1005.517754,0.161706032,-0.15388876,1026.235572,0.000570851,4.41e-11,15.3,5.417818000000079,0.161135181
673.4000000000001,1005.533029,0.146427679,-0.149604923,1026.235629,0.000570851,0.018795273,15.3,5.4025999999999605,0.145856828
673.5,1005.54677,0.131610448,-0.144684526,1026.235686,0.000570851,0.039882989,15.3,5.3889159999999485,0.13103959699999998
673.6,1005.55904,0.117319812,-0.139218505,1026.235743,0.000570851,0.062561847,15.3,5.376702999999974,0.116748961
673.7,1005.569907,0.103621247,-0.133315986,1026.235801,0.011848015,0.086130546,15.3,5.365894000000093,0.091773232
673.8000000000001,1005.579436,0.090569315,-0.127086093,1026.235858,0.024500644,0.109887784,15.3,5.35642200000002,0.066068671
673.9000000000001,1005.587692,0.078174929,-0.120637951,1026.235915,0.038107959,0.13313226,15.3,5.348223000000029,0.04006697000000001
674.0,1005.594742,0.066438088,-0.114080684,1026.235972,0.052249179,0.1363674,15.3,5.34122999999995,0.014188909000000006
674.1,1005.600651,0.055358792,-0.106640212,1026.245051,0.066503522,0.135394732,15.3,5.344400000000132,-0.011144729999999999
674.2,1005.605485,0.044937042,-0.097918969,1026.25523,0.080450207,0.111418982,15.3,5.349744999999938,-0.03551316499999999
674.3000000000001,1005.60931,0.035172837,-0.088053942,1026.266173,0.093668455,0.080942979,15.3,5.3568629999999295,-0.058495618
674.4000000000001,1005.612191,0.026585188,-0.07718212,1026.277543,0.105737483,0.044668026,15.3,5.36535199999987,-0.079152295
674.5,1005.614194,0.019423548,-0.06495698,1026.289003,0.104959348,0.003295424,15.3,5.374809000000095,-0.0855358
674.6,1005.615385,0.013605723,-0.052966048,1026.300218,0.100814967,-0.036933897,15.3,5.384833000000139,-0.087209244
674.7,1005.61583,0.00904952,-0.040760792,1026.31085,0.093304338,-0.077764245,15.3,5.3950200000001125,-0.084254818
674.8000000000001,1005.61601,0.005672746,-0.029377468,1026.320562,0.082427462,-0.090428961,15.3,5.404552000000148,-0.076754716
674.9000000000001,1005.61619,0.003393208,-0.019681093,1026.329018,0.071508117,-0.0955679,15.3,5.412827999999944,-0.068114909
675.0,1005.61637,0.002128713,-0.012087422,1026.335882,0.059078936,-0.09247976,15.3,5.419512000000122,-0.056950223
675.1,1005.616549,0.001797067,-0.006459465,1026.340816,0.050701972,-0.073856756,15.3,5.42426699999994,-0.048904905
675.2,1005.616729,0.001797067,-0.002660235,1026.343485,0.043474227,-0.054968385,15.3,5.426756000000136,-0.04167716
675.3000000000001,1005.616909,0.001797067,-0.000552743,1026.343551,0.037816481,-0.034376971,15.3,5.426641999999969,-0.036019414
675.4000000000001,1005.617088,0.001797067,-6.67e-11,1026.347481,0.038113408,-0.019001426,15.3,5.430393000000048,-0.036316341
675.5,1005.617268,0.001797067,-6.95e-12,1026.351411,0.03831136,-0.006955184,15.3,5.43414300000013,-0.036514293
675.6,1005.617448,0.001797067,-2.78e-12,1026.355341,0.038452754,0.002474392,15.3,5.437892999999985,-0.036655687
675.7,1005.617627,0.001797067,-2.5e-12,1026.359271,0.039301117,0.001979514,15.3,5.441644000000064,-0.037504050000000004
675.8000000000001,1005.617807,0.001797067,0.0,1026.363201,0.039301117,0.001484635,15.3,5.445393999999919,-0.037504050000000004
675.9000000000001,1005.617987,0.001797067,0.0,1026.367132,0.039301117,0.001187708,15.3,5.449145000000112,-0.037504050000000004
676.0,1005.618167,0.001797067,0.0,1026.371062,0.039301117,7.04e-11,15.3,5.452894999999966,-0.037504050000000004
676.1,1005.618346,0.001797067,0.0,1026.374992,0.039301117,2.68e-11,15.3,5.456646000000045,-0.037504050000000004
676.2,1005.618526,0.001797067,2.78e-12,1026.378922,0.039301117,1.55e-11,15.3,5.460396000000127,-0.037504050000000004
676.3000000000001,1005.618706,0.001797067,1.11e-11,1026.382852,0.039301117,5.55e-12,15.3,5.464145999999982,-0.037504050000000004
676.4000000000001,1005.618885,0.001797067,2.5e-11,1026.386782,0.039301117,2.98e-12,15.3,5.467897000000061,-0.037504050000000004
676.5,1005.619065,0.001797067,0.023284736,1026.390712,0.039301117,0.0,15.3,5.4716469999999156,-0.037504050000000004
676.6,1005.619245,0.001797067,0.050472292,1026.394642,0.039301117,0.0,15.3,5.475396999999997,-0.037504050000000004
676.7,1005.619425,0.001797067,0.082133187,1026.398572,0.039301117,0.0,15.3,5.479147000000079,-0.037504050000000004
676.8000000000001,1005.619604,0.015767908,0.134607618,1026.402503,0.039301117,0.0,15.3,5.482899000000042,-0.023533209000000003
676.9000000000001,1005.619784,0.032080442,0.179476823,1026.406433,0.039301117,0.0,15.3,5.486649000000124,-0.007220675000000003
677.0,1005.619964,0.051076979,0.228543397,1026.410363,0.039301117,0.0,15.3,5.490398999999979,0.011775861999999998
677.1,1005.620143,0.073900828,0.27824104,1026.414293,0.039301117,1.39e-11,15.3,5.494150000000058,0.034599711
677.2,1005.6315,0.109483161,0.330433369,1026.418223,0.039301117,0.311796955,15.3,5.486722999999937,0.070182044
677.3000000000001,1005.644729,0.143376858,0.380115999,1026.422153,0.039301117,0.677712917,15.3,5.477423999999996,0.104075741
677.4000000000001,1005.660106,0.18127389,0.437120689,1026.426083,0.039301117,1.101176901,15.3,5.46597700000002,0.141972773
677.5,1005.678545,0.230340463,0.491546918,1026.430013,0.22637929,1.651765352,15.3,5.451467999999931,0.0039611729999999845
677.6,1005.701121,0.278483373,0.566701627,1026.433943,0.445928867,2.202353803,15.3,5.432822000000055,-0.16744549400000003
677.7,1005.728908,0.336173241,0.653098195,1026.437874,0.700007257,2.721248854,15.3,5.408965999999918,-0.363834016
677.8000000000001,1005.762981,0.404411312,0.738792948,1026.441804,0.990178638,3.074684945,15.3,5.378823000000079,-0.585767326
677.9000000000001,1005.804416,0.483397834,0.843941226,1026.595396,1.360713398,3.421263005,15.3,5.49097999999999,-0.8773155639999999
678.0,1005.854286,0.573132807,0.951091994,1026.774966,1.707277265,3.451956578,15.3,5.620679999999947,-1.1341444580000002
678.1,1005.913668,0.673616232,1.058576509,1026.982159,2.071190256,3.420333342,15.3,5.76849099999988,-1.3975740239999999
678.2,1005.983635,0.784848109,1.166061025,1027.218226,2.49868667,3.247676988,15.3,5.934590999999909,-1.7138385610000002
678.3000000000001,1006.065263,0.906828437,1.273545541,1027.482841,2.771181204,3.078148182,15.3,6.117578000000048,-1.8643527669999997
678.4000000000001,1006.159627,1.039557217,1.381030057,1027.775281,3.042378643,2.918916732,15.3,6.315653999999949,-2.002821426
678.5,1006.267801,1.183034449,1.488514572,1028.094826,3.309319591,2.635796216,15.3,6.527025000000048,-2.126285142
678.6,1006.39086,1.337260132,1.595999088,1028.440753,3.569537886,2.564870444,15.3,6.74989300000011,-2.232277754
678.7,1006.529878,1.502234266,1.703483604,1028.812341,3.822540296,2.493122617,15.3,6.982463000000006,-2.3203060300000002
678.8000000000001,1006.685932,1.677956853,1.810483973,1029.208869,4.06832682,2.421785818,15.3,7.222937000000069,-2.3903699670000003
678.9000000000001,1006.860096,1.86442789,1.914579464,1029.629615,4.306897459,2.349626964,15.3,7.469519000000059,-2.442469569
679.0,1007.053444,2.06164738,2.012865198,1030.073856,4.538252213,2.277468111,15.3,7.720411999999964,-2.4766048329999997
679.1,1007.267051,2.269324833,2.102436295,1030.540873,4.762391081,2.205309257,15.3,7.973821999999881,-2.4930662479999994
679.2,1007.501992,2.48600781,2.180628282,1031.029943,4.979314064,2.133150404,15.3,8.22795100000003,-2.4933062540000006
679.3000000000001,1007.759343,2.709953385,2.2452366,1031.540344,5.189021162,2.06099155,15.3,8.48100100000006,-2.4790677770000005
679.4000000000001,1008.040177,2.93941863,2.290297134,1032.071355,5.391512374,1.988832697,15.3,8.731178000000067,-2.4520937440000004
679.5,1008.345338,3.17280486,2.319349928,1032.622254,5.586787701,1.916702653,15.3,8.976916000000141,-2.4139828410000006
679.6,1008.674738,3.40878934,2.331457596,1033.19232,5.774847143,1.844745472,15.3,9.21758200000006,-2.366057803
679.7,1009.028058,3.643503113,2.329040871,1033.780832,5.955690699,1.773134013,15.3,9.45277399999993,-2.312187586
679.8000000000001,1009.404978,3.877617767,2.314764229,1034.387066,6.129335657,1.70204114,15.3,9.682087999999975,-2.2517178900000006
679.9000000000001,1009.805179,4.108827942,2.290832226,1035.010303,6.295868445,1.631639713,15.3,9.905124000000068,-2.1870405030000004
680.0,1010.228342,4.336843152,2.263693125,1035.64982,6.455392783,1.562102594,15.3,10.121478000000092,-2.1185496309999996
680.1,1010.674145,4.561663397,2.232227614,1036.304896,6.608012385,1.493573835,15.3,10.330751000000145,-2.046348988
680.2,1011.142272,4.783288675,2.200277957,1036.974823,6.753830971,1.426082245,15.3,10.532550999999966,-1.9705422960000005
680.3000000000001,1011.632401,5.001718988,2.1683283,1037.658949,6.892952256,1.359599015,15.3,10.726547999999934,-1.8912332679999997
680.4000000000001,1012.144213,5.216954335,2.136378643,1038.356634,7.025479957,1.293980093,15.3,10.912420999999949,-1.8085256220000003
680.5,1012.677389,5.428994717,2.104428985,1039.067241,7.151517792,1.229052618,15.3,11.089852000000018,-1.7225230749999998
680.6,1013.231609,5.637840132,2.072479328,1039.790131,7.271152192,1.164643727,15.3,11.258521999999925,-1.6333120599999997
680.7,1013.806555,5.843490582,2.040529671,1040.524665,7.384400441,1.10058056,15.3,11.41810999999991,-1.540909859
680.8000000000001,1014.401905,6.045946067,2.008207436,1041.270204,7.491262542,1.036690254,15.3,11.568298999999865,-1.4453164750000003
680.9000000000001,1015.017341,6.245206585,1.97364973,1042.026111,7.591738492,0.972828759,15.3,11.708769999999912,-1.3465319070000001
681.0,1015.652544,6.441272138,1.934621086,1042.791745,7.685828294,0.908967264,15.3,11.839200999999957,-1.2445561559999998
681.1,1016.307193,6.633919178,1.888886033,1043.566469,7.773531945,0.845105768,15.3,11.959276000000113,-1.139612767
681.2,1016.98097,6.822029971,1.834209101,1044.349645,7.854849447,0.781244273,15.3,12.068675000000052,-1.0328194760000002
681.3000000000001,1017.673554,7.004263234,1.76835482,1045.140632,7.9297808,0.717382778,15.3,12.167078000000128,-0.9255175659999999
681.4000000000001,1018.384627,7.179277686,1.6894603,1045.938794,7.998326003,0.653521282,15.3,12.254166999999892,-0.819048317
681.5,1019.11369,7.345732045,1.597152962,1046.74349,8.060485056,0.589987514,15.3,12.329800000000045,-0.7147530109999991
681.6,1019.859529,7.50228503,1.491805384,1047.554084,8.11625796,0.528420106,15.3,12.39455500000015,-0.6139729300000001
681.7,1020.620752,7.647595358,1.375280458,1048.369935,8.165644714,0.470785419,15.3,12.449182999999902,-0.5180493560000006
681.8000000000001,1021.395966,7.780321748,1.249813654,1049.190406,8.208841955,0.419049813,15.3,12.494439999999894,-0.42852020700000004
681.9000000000001,1022.183779,7.899346465,1.11764044,1050.014857,8.246832863,0.373675382,15.3,12.531077999999933,-0.34748639800000003
682.0,1022.982798,8.004445961,0.980996287,1050.842651,8.280797254,0.34114129,15.3,12.55985299999993,-0.2763512929999994
682.1,1023.791631,8.095620238,0.842116665,1051.673148,8.311914944,0.318573366,15.3,12.58151700000003,-0.21629470599999934
682.2,1024.608885,8.172869294,0.702864464,1052.505867,8.340463189,0.307803605,15.3,12.59698199999998,-0.16759389499999955
682.3000000000001,1025.433167,8.23619313,0.563612263,1053.340957,8.370329488,0.30850428,15.3,12.607789999999977,-0.13413635799999923
682.4000000000001,1026.263086,8.285591747,0.424360062,1054.178722,8.399985975,0.319036759,15.3,12.615636000000176,-0.1143942280000001
682.5,1027.097248,8.321065143,0.285107861,1055.019467,8.431515026,0.338938948,15.3,12.62221900000004,-0.11044988299999936
682.6,1027.934261,8.342613319,0.14585566,1055.863498,8.465899822,0.361731682,15.3,12.62923699999983,-0.12328650300000099
682.7,1028.772733,8.350236275,0.006603459,1056.711121,8.503336999,0.389961405,15.3,12.638388000000031,-0.15310072399999974
682.8000000000001,1029.611271,8.343934011,-0.131755947,1057.56264,8.543826558,0.420157489,15.3,12.651369000000113,-0.19989254699999925
682.9000000000001,1030.448483,8.323706527,-0.264758585,1058.41836,8.587368497,0.450681299,15.3,12.669876999999996,-0.26366196999999936
683.0,1031.282975,8.289553822,-0.387047686,1059.278587,8.633962818,0.48120511,15.3,12.695611999999937,-0.3444089960000003
683.1,1032.113356,8.242011575,-0.493266483,1060.143626,8.683609519,0.51172892,15.3,12.730269999999972,-0.4415979440000015
683.2,1032.938233,8.183758168,-0.578058207,1061.013783,8.736308602,0.542252731,15.3,12.77555000000002,-0.5525504339999987
683.3000000000001,1033.756213,8.118007663,-0.636066089,1061.889362,8.792060065,0.572776542,15.3,12.833149000000002,-0.6740524019999992
683.4000000000001,1034.565904,8.047974121,-0.662826157,1062.770669,8.85086391,0.603300352,15.3,12.904764999999951,-0.802889789
683.5,1035.366343,7.976871603,-0.657445616,1063.658008,8.912720136,0.633658254,15.3,12.991665000000193,-0.9358485330000006
683.6,1036.158278,7.907914169,-0.62081726,1064.551687,8.977628743,0.663020705,15.3,13.093408999999792,-1.0697145740000007
683.7,1036.942889,7.84431588,-0.557405062,1065.452008,9.04558973,0.690392253,15.3,13.209119000000054,-1.2012738499999998
683.8000000000001,1037.721354,7.789290799,-0.472565792,1066.359278,9.116503554,0.714777448,15.3,13.337923999999884,-1.3272127549999997
683.9000000000001,1038.494853,7.745517307,-0.371656217,1067.273802,9.189872488,0.735359466,15.3,13.47894900000001,-1.4443551810000006
684.0,1039.264564,7.713531084,-0.260033106,1068.195886,9.265099262,0.750606971,15.3,13.631321999999908,-1.5515681779999992
684.1,1040.031666,7.693332127,-0.143053226,1069.125834,9.341586604,0.760226305,15.3,13.794167999999853,-1.648254477
684.2,1040.797337,7.684920438,-0.025180552,1070.063872,9.418844422,0.763872932,15.3,13.966534999999975,-1.7339239839999996
684.3000000000001,1041.562756,7.688296017,0.092692123,1071.009906,9.495953913,0.76171276,15.3,14.147149999999964,-1.8076578959999994
684.4000000000001,1042.329103,7.703458863,0.210564797,1071.963766,9.572639337,0.754575331,15.3,14.334663000000045,-1.8691804740000002
684.5,1043.097555,7.730408976,0.328437472,1072.925277,9.648196247,0.743277469,15.3,14.527721999999994,-1.917787271
684.6,1043.869291,7.769146357,0.446310146,1073.894268,9.722126918,0.729350511,15.3,14.724977000000035,-1.9529805610000004
684.7,1044.64549,7.819671006,0.56418282,1074.870566,9.794331803,0.713254021,15.3,14.925075999999944,-1.9746607970000003
684.8000000000001,1045.427331,7.881982921,0.681536671,1075.853997,9.864810904,0.69616208,15.3,15.12666599999984,-1.9828279830000008
684.9000000000001,1046.215993,7.956082105,0.795777579,1076.844391,9.933564219,0.678904231,15.3,15.32839800000006,-1.9774821140000007
685.0,1047.012654,8.041968555,0.903792604,1077.841573,10.00059175,0.661646381,15.3,15.528918999999814,-1.9586231949999995
685.1,1047.818493,8.139330979,1.002468802,1078.845372,10.0658935,0.644388532,15.3,15.726879000000007,-1.9265625209999993
685.2,1048.634689,8.246612905,1.088693231,1079.855615,10.12946946,0.627130683,15.3,15.920925999999962,-1.882856555
685.3000000000001,1049.46242,8.361946568,1.162028565,1080.872129,10.19131963,0.609872833,15.3,16.10970900000002,-1.8293730620000002
685.4000000000001,1050.302866,8.483464202,1.211853839,1081.894741,10.25144402,0.592614984,15.3,16.291875000000072,-1.7679798179999988
685.5,1051.156955,8.609298043,1.245677076,1082.92328,10.30984263,0.575429246,15.3,16.46632500000005,-1.7005445869999996
685.6,1052.024622,8.739185694,1.261341484,1083.957573,10.36651545,0.558676178,15.3,16.632951000000002,-1.627329756
685.7,1052.90555,8.866443283,1.261441181,1084.997446,10.42146249,0.542788448,15.3,16.791896000000133,-1.555019206999999
685.8000000000001,1053.799426,8.994019151,1.249089109,1086.042728,10.474727,0.528198727,15.3,16.943301999999857,-1.4807078489999999
685.9000000000001,1054.705932,9.118751458,1.224722596,1087.093246,10.52652534,0.515339685,15.3,17.087313999999832,-1.407773881999999
686.0,1055.624753,9.240328911,1.199481429,1088.148827,10.57711709,0.50409428,15.3,17.224073999999927,-1.3367881789999991
686.1,1056.555575,9.358751509,1.168451705,1089.209299,10.62676187,0.496472199,15.3,17.35372400000001,-1.268010361
686.2,1057.498081,9.474019252,1.136903157,1090.274523,10.67571926,0.490896426,15.3,17.476442000000088,-1.2017000079999995
686.3000000000001,1058.451956,9.58613214,1.105354609,1091.344501,10.72391905,0.487844558,15.3,17.592544999999927,-1.137786909999999
686.4000000000001,1059.416885,9.695090173,1.073806061,1092.419267,10.77261032,0.486956038,15.3,17.702381999999897,-1.0775201469999995
686.5,1060.392552,9.800893352,1.042257513,1093.498856,10.82106319,0.487798196,15.3,17.80630399999991,-1.020169838000001
686.6,1061.378641,9.903541676,1.010708965,1094.583304,10.86982383,0.490488071,15.3,17.90466299999998,-0.966282154
686.7,1062.374837,10.00303514,0.979160416,1095.672645,10.91893549,0.492943867,15.3,17.99780800000003,-0.9159003500000011
686.8000000000001,1063.380825,10.09937376,0.947846343,1096.766915,10.96839818,0.496382042,15.3,18.086089999999967,-0.8690244199999988
686.9000000000001,1064.39629,10.19255752,0.91793912,1097.866149,11.0182119,0.499892328,15.3,18.16985900000004,-0.8256543800000014
687.0,1065.420914,10.28258642,0.890845597,1098.970382,11.06837664,0.503402614,15.3,18.249467999999933,-0.7857902200000009
687.1,1066.454384,10.36960116,0.867972623,1100.079649,11.11889242,0.5069129,15.3,18.325265000000126,-0.7492912599999997
687.2,1067.496384,10.45430515,0.850727048,1101.193985,11.16975922,0.510423187,15.3,18.397601000000076,-0.7154540699999998
687.3000000000001,1068.546598,10.5375425,0.840515723,1102.313425,11.22097706,0.513933473,15.3,18.466827000000148,-0.6834345599999985
687.4000000000001,1069.60471,10.62015733,0.838511021,1103.438005,11.27254592,0.517443759,15.3,18.533294999999907,-0.652388590000001
687.5,1070.670518,10.70299375,0.844947419,1104.567759,11.32446581,0.521095109,15.3,18.59724100000012,-0.6214720600000003
687.6,1071.74427,10.78689586,0.859590441,1105.702723,11.37673673,0.525592842,15.3,18.65845300000019,-0.5898408699999997
687.7,1072.826324,10.87270777,0.881267712,1106.842931,11.42935867,0.531783342,15.3,18.716606999999794,-0.5566508999999993
687.8000000000001,1073.91704,10.9612736,0.908572383,1107.988419,11.48241629,0.54051299,15.3,18.77137899999998,-0.5211426899999996
687.9000000000001,1075.016779,11.05329677,0.940097603,1109.139222,11.53633276,0.552628171,15.3,18.822442999999975,-0.4830359900000012
688.0,1076.125901,11.14891796,0.974436523,1110.295374,11.59161592,0.568975267,15.3,18.869472999999925,-0.4426979600000003
688.1,1077.244764,11.24813718,1.010182292,1111.456912,11.6487736,0.590259598,15.3,18.91214800000007,-0.40063641999999966
688.2,1078.373729,11.35095442,1.046162537,1112.623938,11.70831363,0.616622228,15.3,18.95020900000004,-0.3573592099999985
688.3000000000001,1079.513156,11.45736968,1.082142781,1113.796825,11.77074383,0.647922092,15.3,18.983668999999917,-0.31337415000000135
688.4000000000001,1080.663404,11.56738297,1.118123026,1114.976015,11.83657205,0.683453871,15.3,19.01261100000006,-0.2691890799999985
688.5,1081.824833,11.68099429,1.15410327,1116.16195,11.9063061,0.722371183,15.3,19.037117000000034,-0.2253118100000009
688.6,1082.997804,11.79820363,1.190083515,1117.35507,11.98036918,0.763827644,15.3,19.05726599999998,-0.18216555000000056
688.7,1084.182675,11.91901099,1.22606376,1118.555817,12.05884592,0.806976871,15.3,19.073141999999915,-0.13983492999999925
688.8000000000001,1085.379807,12.04341638,1.262044004,1119.764632,12.14173634,0.850972481,15.3,19.084824999999864,-0.09831995999999954
688.9000000000001,1086.589559,12.17141979,1.297662172,1120.981957,12.22904042,0.895109156,15.3,19.092397999999957,-0.05762063000000062
689.0,1087.812292,12.30302123,1.331107881,1122.208233,12.32075817,0.93924583,15.3,19.095940999999993,-0.017736939999998924
689.1,1089.048364,12.43822069,1.359126429,1123.443902,12.41688959,0.983382504,15.3,19.095537999999987,0.02133109999999938
689.2,1090.298137,12.57680093,1.382792081,1124.689404,12.51743467,1.027519178,15.3,19.09126699999997,0.059366259999999116
689.3000000000001,1091.561969,12.71767572,1.396685653,1125.945182,12.62239342,1.071655852,15.3,19.08321299999984,0.09528230000000093
689.4000000000001,1092.840221,12.85889224,1.399716928,1127.211676,12.73176584,1.115792526,15.3,19.07145499999997,0.12712639999999986
689.5,1094.133252,13.00109504,1.390075523,1128.489328,12.84555193,1.159311174,15.3,19.056075999999802,0.15554310999999998
689.6,1095.441248,13.14103262,1.36739936,1129.77858,12.96375168,1.199121666,15.3,19.037331999999832,0.17728094000000105
689.7,1096.7637,13.27805085,1.333132758,1131.079872,13.0863651,1.229812268,15.3,19.01617200000005,0.19168574999999954
689.8000000000001,1098.099925,13.41084625,1.285839376,1132.393646,13.21302138,1.252785557,15.3,18.993721000000004,0.19782486999999982
689.9000000000001,1099.449241,13.53811534,1.230938396,1133.720344,13.34186642,1.259222643,15.3,18.97110300000004,0.1962489199999986
690.0,1100.810963,13.65877189,1.169520039,1135.060406,13.4696532,1.247118949,15.3,18.949443000000155,0.1891186900000008
690.1,1102.18441,13.77259867,1.103756762,1136.414274,13.59722326,1.213384344,15.3,18.929863999999906,0.1753754100000009
690.2,1103.568898,13.87959566,1.035821025,1137.782093,13.71928527,1.157400801,15.3,18.91319500000004,0.16031038999999936
690.3000000000001,1104.963744,13.97976287,0.967523213,1139.162822,13.83463647,1.081489926,15.3,18.8990780000001,0.14512640000000054
690.4000000000001,1106.368265,14.0731003,0.8992254,1140.55512,13.94105198,0.983631114,15.3,18.886854999999922,0.13204832000000088
690.5,1107.781779,14.15960795,0.830927587,1141.957651,14.0363069,0.872643256,15.3,18.875872000000026,0.12330105000000025
690.6,1109.203602,14.23928582,0.762629774,1143.369074,14.11854716,0.750530928,15.3,18.865471999999908,0.12073865999999889
690.7,1110.633051,14.31213391,0.694331961,1144.788053,14.18740193,0.621002289,15.3,18.855001999999967,0.12473197999999996
690.8000000000001,1112.069443,14.37815221,0.626034148,1146.213247,14.24287122,0.487765493,15.3,18.843803999999817,0.13528099000000005
690.9000000000001,1113.512096,14.43734074,0.557539924,1147.64332,14.28495503,0.353910672,15.3,18.831223999999974,0.152385709999999
691.0,1114.960326,14.48969948,0.487867237,1149.076931,14.31365336,0.22005585,15.3,18.816605000000163,0.17604612000000053
691.1,1116.413451,14.53522844,0.415837622,1150.512743,14.3289662,0.086201028,15.3,18.799292000000104,0.20626223999999915
691.2,1117.870787,14.57380977,0.340272616,1151.949417,14.33089356,-0.047653793,15.3,18.778629999999975,0.24291621000000063
691.3000000000001,1119.331651,14.60485425,0.259993755,1153.385615,14.31943544,-0.181508615,15.3,18.75396399999995,0.28541881000000124
691.4000000000001,1120.795361,14.62765479,0.173822576,1154.819997,14.29459184,-0.315363437,15.3,18.7246360000001,0.33306294999999864
691.5,1122.261234,14.64150431,0.080777024,1156.251226,14.25636275,-0.449161811,15.3,18.68999200000003,0.385141560000001
691.6,1123.728491,14.64569573,-0.019339309,1157.677962,14.20474819,-0.582621499,15.3,18.649470999999902,0.4409475399999998
691.7,1125.19598,14.63952199,-0.126330015,1159.098868,14.13974814,-0.715403814,15.3,18.602888000000075,0.4997738500000004
691.8000000000001,1126.66245,14.62227599,-0.239213039,1160.512605,14.06139647,-0.84717007,15.3,18.550154999999858,0.5608795200000003
691.9000000000001,1128.126654,14.59325066,-0.356809918,1161.917833,13.96986254,-0.977581581,15.3,18.491179000000056,0.6233881200000013
692.0,1129.587344,14.55185678,-0.477942189,1163.313216,13.86534955,-1.106299661,15.3,18.42587199999998,0.6865072300000001
692.1,1131.043269,14.49797648,-0.601431386,1164.697413,13.74806071,-1.233042072,15.3,18.354144000000087,0.7499157699999994
692.2,1132.493182,14.43160978,-0.726099048,1166.069114,13.61819924,-1.357752364,15.3,18.275931999999965,0.8134105400000013
692.3000000000001,1133.935834,14.35275667,-0.85096312,1167.427116,13.47596834,-1.480486987,15.3,18.191281999999955,0.8767883300000001
692.4000000000001,1135.369977,14.26141716,-0.975827192,1168.770242,13.32157123,-1.601528178,15.3,18.10026499999999,0.9398459300000006
692.5,1136.794361,14.15759123,-1.100691264,1170.097317,13.15521112,-1.721214625,15.3,18.002955999999994,1.002380109999999
692.6,1138.207738,14.0412789,-1.225555336,1171.407164,12.97705736,-1.839885012,15.3,17.899425999999902,1.0642215400000001
692.7,1139.60886,13.91248017,-1.350419409,1172.698608,12.7871438,-1.957878027,15.3,17.78974799999987,1.1253363699999994
692.8000000000001,1140.996477,13.77119502,-1.475283481,1173.970473,12.58547046,-2.075532356,15.3,17.67399600000017,1.1857245600000006
692.9000000000001,1142.369342,13.61742347,-1.599937861,1175.221582,12.37203733,-2.193130237,15.3,17.552239999999937,1.2453861400000008
693.0,1143.726205,13.45116551,-1.723334088,1176.45076,12.14684442,-2.310728118,15.3,17.42455500000001,1.3043210899999984
693.1,1145.065818,13.27242115,-1.844214011,1177.656831,11.90989171,-2.428325999,15.3,17.291012999999975,1.3625294399999994
693.2,1146.386933,13.08131619,-1.961319475,1178.838618,11.66117922,-2.54592388,15.3,17.151684999999997,1.4201369700000015
693.3000000000001,1147.6883,12.87847971,-2.07339233,1179.994947,11.40070693,-2.663521761,15.3,17.006646999999884,1.4777727800000005
693.4000000000001,1148.96867,12.66466662,-2.179174421,1181.12464,11.12847486,-2.781119642,15.3,16.855970000000024,1.5361917599999995
693.5,1150.226797,12.44063179,-2.277617289,1182.226521,10.844483,-2.898175593,15.3,16.699724000000014,1.596148789999999
693.6,1151.46153,12.20713011,-2.368511241,1183.299416,10.54873136,-3.011979963,15.3,16.537886000000025,1.65839875
693.7,1152.672126,11.96491649,-2.452065971,1184.342148,10.24121992,-3.119281171,15.3,16.370022000000017,1.7236965699999995
693.8000000000001,1153.857938,11.71474582,-2.529329937,1185.35354,9.922273859,-3.216827635,15.3,16.195601999999962,1.7924719609999986
693.9000000000001,1155.018324,11.45737297,-2.601561293,1186.332417,9.593518956,-3.302768165,15.3,16.014093000000184,1.8638540139999993
694.0,1156.152637,11.19342703,-2.670018191,1187.277603,9.256906161,-3.369650009,15.3,15.824966000000085,1.9365208690000006
694.1,1157.260233,10.92303382,-2.735958784,1188.187922,8.914386424,-3.418964687,15.3,15.6276890000001,2.0086473960000006
694.2,1158.340467,10.64619334,-2.800641225,1189.062459,8.56707046,-3.448769878,15.3,15.421992,2.07912288
694.3000000000001,1159.392695,10.36290558,-2.865113973,1189.901337,8.219429919,-3.459607513,15.3,15.208642000000008,2.143475661
694.4000000000001,1160.416272,10.07317054,-2.929586722,1190.704941,7.870895047,-3.454187243,15.3,14.988669000000026,2.2022754929999993
694.5,1161.410553,9.776988235,-2.99405947,1191.473657,7.524257029,-3.434360258,15.3,14.763104000000066,2.252731205999999
694.6,1162.374893,9.47435865,-3.058532219,1192.207868,7.181141653,-3.407579309,15.3,14.532975000000032,2.293216996999999
694.7,1163.308648,9.165281791,-3.123004967,1192.907961,6.841874078,-3.372894809,15.3,14.299312999999938,2.323407713
694.8000000000001,1164.211173,8.849757657,-3.187477715,1193.574319,6.506454305,-3.334958727,15.3,14.063146000000142,2.3433033519999995
694.9000000000001,1165.081823,8.527786248,-3.251367908,1194.207328,6.174882333,-3.296480716,15.3,13.825504999999975,2.3529039149999997
695.0,1165.919954,8.199367564,-3.311762767,1194.807372,5.847158162,-3.258002704,15.3,13.587418000000024,2.352209401999999
695.1,1166.72492,7.864501606,-3.365166959,1195.374836,5.523281792,-3.219524692,15.3,13.349915999999848,2.3412198140000005
695.2,1167.496078,7.523537905,-3.40808515,1195.910104,5.203253224,-3.18104668,15.3,13.114026000000148,2.3202846810000004
695.3000000000001,1168.232782,7.178224131,-3.437022006,1196.413563,4.887072456,-3.142568668,15.3,12.880781000000024,2.291151675
695.4000000000001,1168.934387,6.830657482,-3.448482193,1196.885595,4.57473949,-3.104090657,15.3,12.65120799999995,2.2559179920000005
695.5,1169.600249,6.482935158,-3.439552934,1197.326587,4.266254325,-3.065612645,15.3,12.42633799999994,2.216680833
695.6,1170.230003,6.137154361,-3.409651673,1197.736922,3.961616961,-3.026717891,15.3,12.206919000000152,2.1755374000000005
695.7,1170.824403,5.79541229,-3.359360966,1198.116986,3.660827398,-2.985322683,15.3,11.992582999999922,2.134584892
695.8000000000001,1171.38448,5.459806145,-3.29159359,1198.467164,3.363885637,-2.938926568,15.3,11.782683999999971,2.095920508
695.9000000000001,1171.911269,5.132433127,-3.209844879,1198.787839,3.071041722,-2.885029091,15.3,11.576570000000128,2.0613914049999997
696.0,1172.405801,4.815040902,-3.117610167,1199.079398,2.78354588,-2.821129799,15.3,11.373596999999972,2.0314950219999997
696.1,1172.869112,4.507979004,-3.018384788,1199.342224,2.502898384,-2.744728238,15.3,11.1731119999999,2.00508062
696.2,1173.302232,4.211247434,-2.915664075,1199.576704,2.230599506,-2.653740697,15.3,10.974472000000059,1.9806479279999998
696.3000000000001,1173.706196,3.924846189,-2.812360806,1199.78342,1.968149519,-2.547750433,15.3,10.777223999999887,1.9566966700000001
696.4000000000001,1174.082036,3.648775272,-2.709057538,1199.963759,1.717048694,-2.427174188,15.3,10.581722999999965,1.931726578
696.5,1174.430786,3.383034682,-2.605754269,1200.119305,1.478797304,-2.294095675,15.3,10.388519000000041,1.904237378
696.6,1174.753478,3.127624418,-2.502451001,1200.251643,1.25489562,-2.151015346,15.3,10.198164999999971,1.8727287979999998
696.7,1175.051146,2.882544482,-2.399147732,1200.362359,1.046593871,-2.000433657,15.3,10.011212999999952,1.8359506110000001
696.8000000000001,1175.324822,2.647794872,-2.295844464,1200.453037,0.854142101,-1.833870497,15.3,9.828214999999954,1.793652771
696.9000000000001,1175.575539,2.423375589,-2.192600712,1200.525262,0.677540311,-1.649478358,15.3,9.649723000000176,1.745835278
697.0,1175.804332,2.209286633,-2.089714059,1200.58062,0.5167885,-1.45264303,15.3,9.476288000000022,1.692498133
697.1,1176.012232,2.005528004,-1.987541605,1200.620695,0.378475005,-1.247083334,15.3,9.308463000000028,1.627052999
697.2,1176.200272,1.812063992,-1.886440449,1200.647072,0.265208605,-1.036101349,15.3,9.146799999999939,1.546855387
697.3000000000001,1176.369486,1.628716046,-1.786767691,1200.661337,0.175008053,-0.822999154,15.3,8.99185099999995,1.453707993
697.4000000000001,1176.520907,1.455269909,-1.688880429,1200.665074,0.105892101,-0.62205939,15.3,8.844166999999924,1.349377808
697.5,1176.655568,1.29151132,-1.593076247,1200.665139,0.055879501,-0.440932101,15.3,8.70957100000005,1.235631819
697.6,1176.774473,1.137226019,-1.499414661,1200.665204,0.022989007,-0.290597847,15.3,8.590730999999959,1.114237012
697.7,1176.878512,0.992199746,-1.407836155,1200.665269,0.005239371,-0.175404593,15.3,8.486757000000079,0.986960375
697.8000000000001,1176.968548,0.856218243,-1.318043145,1200.665334,0.000649345,-0.092050261,15.3,8.396785999999974,0.855568898
697.9000000000001,1177.045441,0.72906725,-1.228888128,1200.665399,0.000649345,-0.037232771,15.3,8.319957999999996,0.7284179049999999
698.0,1177.110053,0.610568216,-1.141909087,1200.665464,0.000649345,-0.007650043,15.3,8.255410999999821,0.609918871
698.1,1177.163246,0.500685432,-1.049727437,1200.665528,0.000649345,-3.45e-11,15.3,8.202281999999922,0.500036087
698.2,1177.205882,0.399418899,-0.947997399,1200.665593,0.000649345,-8.03e-12,15.3,8.15971099999997,0.39876955399999997
698.3000000000001,1177.238822,0.306768615,-0.838692573,1200.665658,0.000649345,-2.6e-12,15.3,8.126835999999866,0.30611927
698.4000000000001,1177.262927,0.226381781,-0.723548494,1200.665723,0.000649345,-3.26e-12,15.3,8.10279600000008,0.225732436
698.5,1177.279061,0.16026881,-0.604360217,1200.665788,0.000649345,-1.56e-12,15.3,8.086727000000064,0.15961946500000002
698.6,1177.288083,0.107352673,-0.482922791,1200.665853,0.000649345,0.0,15.3,8.077770000000054,0.106703328
698.7,1177.290855,0.066556336,-0.367109936,1200.665918,0.000649345,0.0,15.3,8.075062999999954,0.065906991
698.8000000000001,1177.291158,0.036802769,-0.262067394,1200.665983,0.000649345,0.0,15.3,8.0748250000001,0.036153423999999997
698.9000000000001,1177.291461,0.01701494,-0.17387383,1200.666048,0.000649345,-2.27e-13,15.3,8.074587000000019,0.016365595
699.0,1177.291764,0.006115819,-0.105879936,1200.666113,0.000649345,1.62e-13,15.3,8.074348999999938,0.005466474
699.1,1177.292067,0.003028374,-0.056290657,1200.666178,0.000649345,0.0,15.3,8.074110999999856,0.002379029
699.2,1177.29237,0.003028374,-0.023310943,1200.666243,0.000649345,0.0,15.3,8.073873000000003,0.002379029
699.3000000000001,1177.292672,0.003028374,-0.005145742,1200.666308,0.000649345,0.0,15.3,8.073636000000032,0.002379029
699.4000000000001,1177.292975,0.003028374,-1.22e-11,1200.666373,0.000649345,-2.27e-13,15.3,8.073397999999951,0.002379029
699.5,1177.293278,0.003028374,-1.22e-11,1200.666438,0.000649345,1.62e-13,15.3,8.07315999999987,0.002379029
699.6,1177.293581,0.003028374,-1.15e-11,1200.666503,0.000649345,0.0,15.3,8.072922000000016,0.002379029
699.7,1177.293884,0.003028374,-1.12e-11,1200.666567,0.000649345,0.0,15.3,8.072683000000051,0.002379029
699.8000000000001,1177.294187,0.003028374,-8.43e-12,1200.666632,0.000649345,0.0,15.3,8.07244499999997,0.002379029
699.9000000000001,1177.294489,0.003028374,-6.74e-12,1200.666697,0.000649345,2.27e-13,15.3,8.072208,0.002379029
700.0,1177.294792,0.003028374,0.0,1200.666762,0.000649345,0.0,15.3,8.071970000000146,0.002379029
700.1,1177.295095,0.003028374,0.0,1200.666827,0.000649345,1.62e-13,15.3,8.071732000000065,0.002379029
700.2,1177.295398,0.003028374,7.31e-12,1200.666892,0.000649345,0.0,15.3,8.071493999999984,0.002379029
700.3000000000001,1177.295701,0.003028374,9.14e-12,1200.666957,0.000649345,0.0,15.3,8.071255999999902,0.002379029
700.4000000000001,1177.296004,0.003028374,1.19e-11,1200.667022,0.000649345,2.27e-13,15.3,8.071018000000048,0.002379029
700.5,1177.296307,0.003028374,1.22e-11,1200.667087,0.000649345,0.0,15.3,8.070779999999967,0.002379029
700.6,1177.296609,0.003028374,9.14e-12,1200.667152,0.000649345,1.62e-13,15.3,8.070542999999997,0.002379029
700.7,1177.296912,0.003028374,7.31e-12,1200.667217,0.000649345,0.0,15.3,8.070304999999916,0.002379029
700.8000000000001,1177.297215,0.003028374,0.0,1200.667282,0.000649345,0.0,15.3,8.070066999999835,0.002379029
700.9000000000001,1177.297518,0.003028374,0.0,1200.667347,0.000649345,0.0,15.3,8.06982899999998,0.002379029
701.0,1177.297821,0.003028374,-7.31e-12,1200.667412,0.000649345,0.0,15.3,8.0695909999999,0.002379029
701.1,1177.298124,0.003028374,-9.14e-12,1200.667477,0.000649345,0.0,15.3,8.069353000000046,0.002379029
701.2,1177.298426,0.003028374,-1.22e-11,1200.667541,0.000649345,0.0,15.3,8.069114999999965,0.002379029
701.3000000000001,1177.298729,0.003028374,-1.19e-11,1200.667606,0.000649345,0.0,15.3,8.068876999999883,0.002379029
701.4000000000001,1177.299032,0.003028374,-8.93e-12,1200.667671,0.000649345,0.0,15.3,8.06863900000003,0.002379029
701.5,1177.299335,0.003028374,-7.31e-12,1200.667736,0.000649345,-1.62e-13,15.3,8.068401000000176,0.002379029
701.6,1177.299638,0.003028374,0.0,1200.667801,0.000649345,0.0,15.3,8.068163000000094,0.002379029
701.7,1177.299941,0.003028374,0.0,1200.667866,0.000649345,-2.27e-13,15.3,8.067925000000013,0.002379029
701.8000000000001,1177.300243,0.003028374,7.31e-12,1200.667931,0.000649345,0.0,15.3,8.067688000000043,0.002379029
701.9000000000001,1177.300546,0.003028374,9.14e-12,1200.667996,0.000649345,0.0,15.3,8.067449999999962,0.002379029
702.0,1177.300849,0.003028374,1.22e-11,1200.668061,0.000649345,-1.62e-13,15.3,8.067212000000108,0.002379029
702.1,1177.301152,0.003028374,1.13e-11,1200.668126,0.000649345,0.0,15.3,8.066974000000027,0.002379029
702.2,1177.301455,0.003028374,7.51e-12,1200.668191,0.000649345,-2.27e-13,15.3,8.066735999999946,0.002379029
702.3000000000001,1177.301758,0.003028374,6.77e-12,1200.668256,0.000649345,0.0,15.3,8.066497999999864,0.002379029
702.4000000000001,1177.30206,0.003028374,-6.77e-13,1200.668321,0.000649345,0.0,15.3,8.066261000000122,0.002379029
702.5,1177.302363,0.003028374,-1.42e-12,1200.668386,0.000649345,0.0,15.3,8.06602300000004,0.002379029
702.6,1177.302666,0.003028374,-7.15e-12,1200.668451,0.000649345,-1.62e-13,15.3,8.06578499999996,0.002379029
702.7,1177.302969,0.003028374,-9.14e-12,1200.668515,0.000649345,2.27e-13,15.3,8.065545999999994,0.002379029
702.8000000000001,1177.303272,0.003028374,-1.12e-11,1200.66858,0.000649345,0.0,15.3,8.065307999999913,0.002379029
702.9000000000001,1177.303575,0.003028374,-1.03e-11,1200.668645,0.000649345,-1.4e-12,15.3,8.065070000000059,0.002379029
703.0,1177.303877,0.003028374,-7.51e-12,1200.66871,0.000649345,-3.52e-12,15.3,8.064832999999862,0.002379029
703.1,1177.30418,0.003028374,-6.01e-12,1200.668775,0.000649345,-3.49e-12,15.3,8.064595000000008,0.002379029
703.2,1177.304483,0.003028374,-2.71e-13,1200.66884,0.000649345,-1.33e-12,15.3,8.064357000000154,0.002379029
703.3000000000001,1177.304786,0.003028374,2.71e-13,1200.668905,0.000649345,-5.55e-12,15.3,8.064119000000073,0.002379029
703.4000000000001,1177.305089,0.003028374,6.77e-12,1200.66897,0.000649345,-4.89e-12,15.3,8.063880999999991,0.002379029
703.5,1177.305392,0.003028374,8.66e-12,1200.669035,0.000649345,-3.33e-12,15.3,8.06364299999991,0.002379029
703.6,1177.305694,0.003028374,1.15e-11,1200.6691,0.000649345,0.0,15.3,8.063406000000167,0.002379029
703.7,1177.305997,0.003028374,1.14e-11,1200.669165,0.000649345,0.0,15.3,8.063168000000086,0.002379029
703.8000000000001,1177.3063,0.003028374,8.93e-12,1200.66923,0.000649345,2.27e-13,15.3,8.062930000000005,0.002379029
703.9000000000001,1177.306603,0.003028374,6.92e-12,1200.669295,0.000649345,0.0,15.3,8.062691999999924,0.002379029
704.0,1177.306906,0.003028374,1.58e-12,1200.66936,0.000649345,3.68e-12,15.3,8.06245400000007,0.002379029
704.1,1177.307209,0.003028374,4.74e-13,1200.669425,0.000649345,4.89e-12,15.3,8.062215999999989,0.002379029
704.2,1177.307512,0.003028374,-6.01e-12,1200.669489,0.000649345,5.82e-12,15.3,8.061977000000024,0.002379029
704.3000000000001,1177.307814,0.003028374,-8.46e-12,1200.669554,0.000649345,1.4e-12,15.3,8.061740000000054,0.002379029
704.4000000000001,1177.308117,0.003028374,-1.19e-11,1200.669619,0.000649345,3.49e-12,15.3,8.061501999999972,0.002379029
704.5,1177.30842,0.003028374,-1.22e-11,1200.669684,0.000649345,3.49e-12,15.3,8.061263999999891,0.002379029
704.6,1177.308723,0.003028374,-9.14e-12,1200.669749,0.000649345,1.56e-12,15.3,8.06102599999981,0.002379029
704.7,1177.309026,0.003028374,-7.31e-12,1200.669814,0.000649345,0.0,15.3,8.060788000000183,0.002379029
704.8000000000001,1177.309329,0.003028374,0.0,1200.669879,0.000649345,0.0,15.3,8.060550000000102,0.002379029
704.9000000000001,1177.309631,0.003028374,0.0,1200.669944,0.000649345,0.0,15.3,8.060312999999905,0.002379029
705.0,1177.309934,0.003028374,6.92e-12,1200.670009,0.000649345,0.0,15.3,8.060074999999824,0.002379029
705.1,1177.310237,0.003028374,8.65e-12,1200.670074,0.000649345,0.0,15.3,8.059837000000197,0.002379029
705.2,1177.31054,0.003028374,1.15e-11,1200.670139,0.000649345,0.0,15.3,8.059599000000116,0.002379029
705.3000000000001,1177.310843,0.003028374,1.17e-11,1200.670204,0.000649345,0.0,15.3,8.059361000000035,0.002379029
705.4000000000001,1177.311146,0.003028374,8.43e-12,1200.670269,0.000649345,-1.62e-13,15.3,8.059122999999953,0.002379029
705.5,1177.311448,0.003028374,7.31e-12,1200.670334,0.000649345,0.0,15.3,8.058885999999983,0.002379029
705.6,1177.311751,0.003028374,-7.58e-13,1200.670399,0.000649345,-2.27e-13,15.3,8.05864800000013,0.002379029
705.7,1177.312054,0.003028374,-1.42e-12,1200.670464,0.000649345,0.0,15.3,8.058410000000048,0.002379029
705.8000000000001,1177.312357,0.003028374,1.62e-13,1200.670528,0.000649345,0.0,15.3,8.058171000000083,0.002379029
705.9000000000001,1177.31266,0.003028374,2.84e-13,1200.670593,0.000649345,-1.62e-13,15.3,8.057933000000002,0.002379029
706.0,1177.312963,0.003028374,3.55e-13,1200.670658,0.000649345,0.0,15.3,8.05769499999992,0.002379029
706.1,1177.313265,0.003028374,4.74e-13,1200.670723,0.000649345,-2.27e-13,15.3,8.05745799999995,0.002379029
706.2,1177.313568,0.003028374,7.11e-13,1200.670788,0.000649345,0.0,15.3,8.05721999999987,0.002379029
706.3000000000001,1177.313871,0.003028374,5.68e-13,1200.670853,0.000649345,0.0,15.3,8.056982000000016,0.002379029
706.4000000000001,1177.314174,0.003028374,0.0,1200.670918,0.000649345,0.0,15.3,8.056743999999934,0.002379029
706.5,1177.314477,0.003028374,0.0,1200.670983,0.000649345,-1.62e-13,15.3,8.05650600000008,0.002379029
706.6,1177.31478,0.003028374,0.0,1200.671048,0.000649345,2.27e-13,15.3,8.056268,0.002379029
706.7,1177.315082,0.003028374,-7.31e-12,1200.671113,0.000649345,0.0,15.3,8.05603100000003,0.002379029
706.8000000000001,1177.315385,0.003028374,-9.14e-12,1200.671178,0.000649345,0.0,15.3,8.055792999999948,0.002379029
706.9000000000001,1177.315688,0.003028374,-1.22e-11,1200.671243,0.000649345,0.0,15.3,8.055555000000094,0.002379029
707.0,1177.315991,0.003028374,-1.19e-11,1200.671308,0.000649345,-1.62e-13,15.3,8.055317000000013,0.002379029
707.1,1177.316294,0.003028374,-9.14e-12,1200.671373,0.000649345,3.49e-12,15.3,8.055078999999932,0.002379029
707.2,1177.316597,0.003028374,-7.31e-12,1200.671438,0.000649345,0.0,15.3,8.054841000000078,0.002379029
707.3000000000001,1177.316899,0.003028374,0.0,1200.671502,0.000649345,8.03e-12,15.3,8.054602999999997,0.002379029
707.4000000000001,1177.317202,0.003028374,0.0,1200.671567,0.000649345,2.78e-11,15.3,8.054365000000143,0.002379029
707.5,1177.317505,0.003028374,7.31e-12,1200.671632,0.000649345,5.03e-11,15.3,8.054127000000062,0.002379029
707.6,1177.317808,0.003028374,1.19e-11,1200.671697,0.000649345,0.247480053,15.3,8.05388899999998,0.002379029
707.7,1177.318111,0.003028374,3.65e-11,1200.671762,0.000649345,0.530556516,15.3,8.053650999999899,0.002379029
707.8000000000001,1177.318414,0.003028374,0.094813552,1200.671827,0.000649345,0.848576464,15.3,8.053412999999818,0.002379029
707.9000000000001,1177.318716,0.003028374,0.213098255,1200.671892,0.149137377,1.228516289,15.3,8.053176000000075,-0.146109003
708.0,1177.319019,0.003028374,0.357478399,1200.671957,0.318983255,1.638021719,15.3,8.052937999999994,-0.315954881
708.1,1177.319322,0.059916505,0.584060615,1200.672022,0.509795224,2.005767954,15.3,8.052699999999913,-0.449878719
708.2,1177.319625,0.130887327,0.781330414,1200.672087,0.721181528,2.209552526,15.3,8.052461999999831,-0.5902942010000001
708.3000000000001,1177.319928,0.217515414,0.959361839,1200.790942,0.983462377,2.409419541,15.3,8.171014000000195,-0.7659469630000001
708.4000000000001,1177.320231,0.321375337,1.184335567,1200.926884,1.204110118,2.357888946,15.3,8.30665300000005,-0.882734781
708.5,1177.366044,0.470276866,1.32506921,1201.079598,1.474868892,2.266844382,15.3,8.41355399999993,-1.0045920259999999
708.6,1177.423124,0.628092706,1.466431728,1201.248772,1.764634979,2.085752168,15.3,8.525648,-1.1365422729999999
708.7,1177.492729,0.770517846,1.538934942,1201.434092,1.924528591,1.936625255,15.3,8.64136299999991,-1.1540107450000001
708.8000000000001,1177.57612,0.925928854,1.632823217,1201.635245,2.081288157,1.763156147,15.3,8.759124999999994,-1.155359303
708.9000000000001,1177.674556,1.09737445,1.703958809,1201.851917,2.234913677,1.520584974,15.3,8.877361000000018,-1.1375392270000002
709.0,1177.789296,1.266720616,1.799701308,1202.083795,2.385405152,1.489244516,15.3,8.994499000000086,-1.1186845360000002
709.1,1177.921601,1.448663367,1.90627254,1202.330565,2.53276258,1.457904059,15.3,9.108963999999968,-1.084099213
709.2,1178.072731,1.643202706,2.008376315,1202.591914,2.676985963,1.426563602,15.3,9.219183000000111,-1.0337832569999998
709.3000000000001,1178.243944,1.85033863,2.117297818,1202.867529,2.818075301,1.395223144,15.3,9.323585000000048,-0.9677366709999999
709.4000000000001,1178.4365,2.069692378,2.219906594,1203.157096,2.956030592,1.363882687,15.3,9.420595999999886,-0.8863382139999998
709.5,1178.65166,2.29937013,2.310196564,1203.460302,3.090851838,1.33254223,15.3,9.508641999999963,-0.7914817080000001
709.6,1178.890682,2.537099306,2.375884879,1203.776834,3.222539038,1.301520528,15.3,9.586152000000038,-0.6854397319999999
709.7,1179.154826,2.780607324,2.422310389,1204.106377,3.351092193,1.272411362,15.3,9.651551000000108,-0.570484869
709.8000000000001,1179.44505,3.029320644,2.446010083,1204.448619,3.476511301,1.248014898,15.3,9.70356899999997,-0.44719065700000016
709.9000000000001,1179.761097,3.275869558,2.447615234,1204.803247,3.598987618,1.227580772,15.3,9.742149999999992,-0.3231180600000001
710.0,1180.10241,3.523078611,2.430282205,1205.169946,3.719477409,1.215684419,15.3,9.767536000000018,-0.19639879800000015
710.1,1180.468429,3.76697618,2.394966895,1205.548403,3.839660777,1.21335074,15.3,9.779973999999992,-0.0726845970000003
710.2,1180.858597,4.005668446,2.353952152,1205.938306,3.959087502,1.222173514,15.3,9.779709000000093,0.04658094399999957
710.3000000000001,1181.272355,4.238776647,2.302530399,1206.339493,4.080502844,1.242471497,15.3,9.767137999999886,0.15827380300000016
710.4000000000001,1181.709145,4.466300781,2.247321011,1206.752416,4.204521745,1.2730383,15.3,9.743271000000004,0.2617790360000001
710.5,1182.168407,4.688240849,2.19148035,1207.17768,4.332291726,1.314943044,15.3,9.70927300000012,0.35594912299999937
710.6,1182.649585,4.904596851,2.135639689,1207.615889,4.464960308,1.363610294,15.3,9.666304000000036,0.43963654299999977
710.7,1183.152119,5.115368787,2.079799028,1208.067649,4.603483757,1.418015148,15.3,9.615529999999989,0.5118850300000002
710.8000000000001,1183.675451,5.320556656,2.023958367,1208.533563,4.748053328,1.476245072,15.3,9.558111999999891,0.5725033279999998
710.9000000000001,1184.219022,5.52016046,1.968117706,1209.014236,4.89866902,1.53638753,15.3,9.495213999999986,0.6214914399999998
711.0,1184.782275,5.714180198,1.912277045,1209.510274,5.055330834,1.596848745,15.3,9.427998999999954,0.6588493639999999
711.1,1185.36465,5.902615869,1.856483856,1210.02228,5.218038769,1.657309959,15.3,9.357629999999926,0.6845771000000003
711.2,1185.96559,6.085467475,1.8009755,1210.550858,5.386792826,1.717771174,15.3,9.285268000000041,0.698674649
711.3000000000001,1186.584536,6.262735014,1.746036809,1211.096615,5.561593004,1.778232388,15.3,9.212078999999857,0.7011420100000008
711.4000000000001,1187.220929,6.43444697,1.691952616,1211.660154,5.742439304,1.838693603,15.3,9.13922499999985,0.6920076659999994
711.5,1187.874211,6.60074576,1.639007753,1212.24208,5.929331725,1.899154817,15.3,9.067868999999927,0.6714140349999997
711.6,1188.543825,6.761802283,1.587487053,1212.842997,6.122270267,1.959037916,15.3,8.999171999999998,0.6395320159999995
711.7,1189.22921,6.917787439,1.537627876,1213.463511,6.321254931,2.015452315,15.3,8.934300999999959,0.5965325079999992
711.8000000000001,1189.929832,7.068872126,1.489477695,1214.104225,6.526285716,2.064605153,15.3,8.874393000000008,0.5425864099999993
711.9000000000001,1190.645247,7.215227245,1.442989038,1214.765745,6.737015753,2.104000222,15.3,8.820497999999997,0.4782114920000007
712.0,1191.375032,7.357023696,1.397924544,1215.448675,6.951710693,2.129196333,15.3,8.773643000000174,0.40531300299999984
712.1,1192.118766,7.494432377,1.353999379,1216.153619,7.168094816,2.13704895,15.3,8.734852999999884,0.3263375609999999
712.2,1192.876027,7.627595706,1.310928713,1216.881183,7.384670401,2.124667491,15.3,8.705155999999942,0.24292530499999998
712.3000000000001,1193.646393,7.756542165,1.268427712,1217.631692,7.598772731,2.09147384,15.3,8.68529899999994,0.15776943399999954
712.4000000000001,1194.429444,7.881271754,1.226211544,1218.404366,7.808515087,2.038370277,15.3,8.674921999999878,0.07275666700000016
712.5,1195.224756,8.001784473,1.184042847,1219.198142,8.011816248,1.967274892,15.3,8.67338599999989,-0.010031774999999854
712.6,1196.031909,8.118080323,1.141874151,1220.011962,8.206594997,1.882628876,15.3,8.680052999999997,-0.08851467400000068
712.7,1196.850481,8.230159304,1.099705454,1220.844763,8.391116982,1.787576764,15.3,8.694282000000111,-0.16095767799999905
712.8000000000001,1197.680049,8.338021414,1.057536758,1221.695487,8.565035336,1.685587254,15.3,8.715437999999903,-0.22701392199999937
712.9000000000001,1198.520193,8.441666655,1.015368062,1222.563072,8.728350057,1.580129046,15.3,8.742878999999856,-0.28668340199999953
713.0,1199.370491,8.541095026,0.973199365,1223.446459,8.881061145,1.474092722,15.3,8.775968000000102,-0.3399661189999996
713.1,1200.230521,8.636306528,0.93096442,1224.344586,9.023168601,1.368056397,15.3,8.814064999999982,-0.38686207299999964
713.2,1201.099861,8.72730116,0.888331982,1225.256394,9.154672424,1.262020072,15.3,8.85653300000008,-0.4273712639999996
713.3000000000001,1201.978089,8.814078923,0.84490456,1226.180822,9.275572615,1.155983747,15.3,8.90273300000008,-0.46149369199999946
713.4000000000001,1202.864785,8.896600066,0.80028466,1227.11681,9.385869174,1.049947423,15.3,8.952025000000003,-0.48926910800000023
713.5,1203.759526,8.974665845,0.75407479,1228.063298,9.4855621,0.943911098,15.3,9.00377199999998,-0.5108962549999987
713.6,1204.66189,9.048037762,0.705877459,1229.019225,9.574651393,0.837874773,15.3,9.05733499999992,-0.526613631
713.7,1205.571456,9.116477324,0.655361421,1229.98353,9.653137054,0.732034722,15.3,9.112074000000074,-0.5366597300000002
713.8000000000001,1206.487771,9.179746035,0.602460428,1230.955154,9.721019083,0.627372312,15.3,9.167382999999926,-0.541273047999999
713.9000000000001,1207.410253,9.237605398,0.54724073,1231.933036,9.778297479,0.525065183,15.3,9.22278299999989,-0.5406920810000013
714.0,1208.338291,9.289816919,0.490033569,1232.916115,9.825090007,0.426290976,15.3,9.277823999999963,-0.5352730880000003
714.1,1209.271271,9.336142101,0.431236438,1233.903332,9.861985487,0.332227333,15.3,9.33206100000002,-0.525843386
714.2,1210.208582,9.3763822,0.37124683,1234.893626,9.889690503,0.244051893,15.3,9.385044000000061,-0.5133083030000005
714.3000000000001,1211.14961,9.410497466,0.310462237,1235.885936,9.90891164,0.162746025,15.3,9.436325999999962,-0.49841417399999877
714.4000000000001,1212.093744,9.438487897,0.249280152,1236.879297,9.920355483,0.088506001,15.3,9.485552999999936,-0.4818675859999999
714.5,1213.04037,9.460353496,0.188031818,1237.873118,9.924728615,0.021135548,15.3,9.532748000000037,-0.4643751189999996
714.6,1213.988877,9.476094261,0.126783484,1238.866906,9.922737622,-0.0403467,15.3,9.578028999999969,-0.4466433609999996
714.7,1214.938651,9.485710193,0.06553515,1239.860165,9.915089087,-0.097118386,15.3,9.621514000000115,-0.42937889400000095
714.8000000000001,1215.889081,9.489201291,0.004286816,1240.8524,9.902371832,-0.150357149,15.3,9.663318999999955,-0.4131705409999995
714.9000000000001,1216.839554,9.486567556,-0.056961518,1241.843115,9.88470362,-0.201240631,15.3,9.70356099999999,-0.3981360639999991
715.0,1217.789457,9.477808988,-0.118209852,1242.831816,9.862084451,-0.250946472,15.3,9.742358999999805,-0.3842754629999998
715.1,1218.738178,9.462925586,-0.179090234,1243.818007,9.834514326,-0.300456039,15.3,9.779829000000017,-0.37158874
715.2,1219.685105,9.44191735,-0.237762902,1244.801194,9.801993243,-0.349965606,15.3,9.816088999999874,-0.3600758929999994
715.3000000000001,1220.629624,9.414784282,-0.292020142,1245.780881,9.764521204,-0.399475174,15.3,9.851256999999986,-0.34973692199999995
715.4000000000001,1221.571124,9.381747151,-0.339654242,1246.756574,9.722098209,-0.448984741,15.3,9.885449999999945,-0.34035105799999954
715.5,1222.508992,9.343909815,-0.378457487,1247.727777,9.674724256,-0.498494309,15.3,9.918785000000025,-0.33081444099999935
715.6,1223.442615,9.302596902,-0.406222163,1248.693994,9.622399347,-0.548003876,15.3,9.951379000000042,-0.31980244500000055
715.7,1224.371381,9.259133041,-0.421108509,1249.654732,9.565123481,-0.596956046,15.3,9.983351000000038,-0.3059904400000004
715.8000000000001,1225.294855,9.214842858,-0.422748573,1250.609494,9.502896658,-0.642563827,15.3,10.014638999999942,-0.28805379999999836
715.9000000000001,1226.213306,9.171050984,-0.411510307,1251.557787,9.435718879,-0.678914593,15.3,10.044480999999859,-0.26466789499999877
716.0,1227.127182,9.129082046,-0.389233472,1252.499114,9.363924581,-0.710368677,15.3,10.071932000000015,-0.23484253499999852
716.1,1228.036931,9.090260671,-0.358125783,1253.43298,9.28918596,-0.725876969,15.3,10.096048999999947,-0.19892528899999995
716.2,1228.942998,9.055690718,-0.320394952,1254.358891,9.215050591,-0.724663322,15.3,10.115893000000096,-0.15935987300000143
716.3000000000001,1229.845833,9.025592957,-0.278248694,1255.276352,9.138902275,-0.703940747,15.3,10.130519000000003,-0.11330931799999888
716.4000000000001,1230.745881,8.999967389,-0.233894723,1256.185134,9.067370477,-0.663151845,15.3,10.139253000000007,-0.06740308800000072
716.5,1231.64359,8.978814013,-0.189172799,1257.086081,9.000920885,-0.605422255,15.3,10.142491000000017,-0.022106872000000166
716.6,1232.539407,8.962132829,-0.144450875,1257.980302,8.941560133,-0.525834245,15.3,10.140894999999954,0.020572696000000334
716.7,1233.43378,8.949923838,-0.099728951,1258.868908,8.891294853,-0.435436925,15.3,10.135127999999849,0.058628985000000355
716.8000000000001,1234.327156,8.942187039,-0.055007027,1259.75301,8.851797238,-0.335006442,15.3,10.125853999999844,0.0903898010000006
716.9000000000001,1235.219982,8.938922432,-0.010285103,1260.633717,8.823401728,-0.227887183,15.3,10.11373499999986,0.1155207039999997
717.0,1236.112705,8.940130018,0.034436821,1261.512139,8.806108322,-0.117423537,15.3,10.099433999999928,0.13402169599999958
717.1,1237.005772,8.945809797,0.078833543,1262.389387,8.79991702,-0.006402493,15.3,10.083614999999963,0.14589277700000025
717.2,1237.89963,8.955961767,0.121279057,1263.266572,8.804827823,0.104618552,15.3,10.066942000000108,0.1511339439999997
717.3000000000001,1238.794728,8.97058593,0.159822152,1264.144802,8.820840731,0.215639596,15.3,10.050073999999949,0.14974519899999983
717.4000000000001,1239.691511,8.989487165,0.19251162,1265.025189,8.847955742,0.326660641,15.3,10.033677999999963,0.141531423
717.5,1240.590428,9.011689866,0.217396253,1265.908842,8.886172859,0.437681685,15.3,10.018414000000075,0.12551700699999913
717.6,1241.491926,9.03602331,0.23252484,1266.796872,8.935492079,0.54870273,15.3,10.004945999999972,0.10053123099999972
717.7,1242.39645,9.061316769,0.236271374,1267.690389,8.995913405,0.658793311,15.3,9.993939000000136,0.0654033639999998
717.8000000000001,1243.304294,9.086399519,0.228310654,1268.590504,9.067436834,0.763301109,15.3,9.986209999999982,0.01896268499999998
717.9000000000001,1244.215124,9.110100834,0.208967882,1269.498326,9.150062368,0.856643344,15.3,9.983201999999846,-0.03996153399999969
718.0,1245.128449,9.131249989,0.179869065,1270.414965,9.243231729,0.933237234,15.3,9.986515999999892,-0.11198173999999916
718.1,1246.043781,9.148676259,0.142965411,1271.341533,9.344153524,0.987499995,15.3,9.997751999999945,-0.19547726499999918
718.2,1246.960631,9.161404039,0.100208131,1272.279138,9.449478086,1.013848847,15.3,10.01850700000018,-0.2880740469999985
718.3000000000001,1247.878509,9.169238208,0.053548432,1273.228892,9.555855745,1.00763147,15.3,10.050383000000192,-0.3866175370000011
718.4000000000001,1248.796926,9.172178765,0.004937524,1274.191458,9.659936831,0.967917402,15.3,10.094532000000026,-0.4877580659999996
718.5,1249.715392,9.170225712,-0.043998585,1275.165712,9.758371676,0.895637107,15.3,10.150319999999919,-0.5881459639999989
718.6,1250.633417,9.163379048,-0.092934694,1276.150086,9.847810611,0.795442901,15.3,10.216669000000092,-0.6844315630000004
718.7,1251.550514,9.151638774,-0.141870803,1277.14301,9.924903966,0.672917568,15.3,10.292495999999982,-0.7732651920000002
718.8000000000001,1252.466192,9.135004888,-0.190806912,1278.142915,9.98686035,0.533643888,15.3,10.37672299999981,-0.8518554620000014
718.9000000000001,1253.379962,9.113477391,-0.239743022,1279.14823,10.03312149,0.383204645,15.3,10.468268000000034,-0.9196440989999992
719.0,1254.291334,9.087056284,-0.288679131,1280.157387,10.06368737,0.22718262,15.3,10.566052999999965,-0.9766310859999994
719.1,1255.19982,9.055741565,-0.33761524,1281.168815,10.07855801,0.070230132,15.3,10.66899499999995,-1.0228164450000001
719.2,1256.104929,9.019533236,-0.386333777,1282.180946,10.0777334,-0.086722357,15.3,10.776016999999865,-1.0582001640000005
719.3000000000001,1257.006173,8.978431295,-0.433746884,1283.192209,10.06121354,-0.243674846,15.3,10.886036000000058,-1.0827822450000006
719.4000000000001,1257.903063,8.932435744,-0.478549129,1284.201036,10.02899843,-0.400627334,15.3,10.997972999999956,-1.0965626860000004
719.5,1258.795107,8.881677125,-0.519435082,1285.205857,9.981088071,-0.557579823,15.3,11.110750000000007,-1.0994109460000008
719.6,1259.681819,8.826808153,-0.555099312,1286.205102,9.917482464,-0.714532311,15.3,11.223282999999991,-1.0906743110000008
719.7,1260.562707,8.768612088,-0.585454576,1287.197201,9.838181609,-0.870485915,15.3,11.334493999999903,-1.069569521
719.8000000000001,1261.437283,8.707872186,-0.605758452,1288.180585,9.743185504,-1.020446211,15.3,11.443302000000084,-1.035313318
719.9000000000001,1262.305162,8.645371708,-0.619447932,1289.153686,9.632494151,-1.15841989,15.3,11.548523999999997,-0.9871224429999987
720.0,1263.166376,8.581162999,-0.625522398,1290.114932,9.50670688,-1.278413645,15.3,11.648556000000053,-0.9255438809999994
720.1,1264.021063,8.518222053,-0.625069711,1291.062755,9.368820344,-1.374434167,15.3,11.741692000000011,-0.850598290999999
720.2,1264.86936,8.455139394,-0.619395301,1291.995585,9.22243053,-1.440488147,15.3,11.826224999999976,-0.7672911360000008
720.3000000000001,1265.711405,8.393298649,-0.608586412,1292.911852,9.071133422,-1.471581163,15.3,11.90044699999994,-0.6778347730000007
720.4000000000001,1266.547334,8.332830359,-0.597603036,1293.810467,8.918525004,-1.46671433,15.3,11.963132999999925,-0.5856946449999985
720.5,1267.377285,8.273734527,-0.584096041,1294.692257,8.768201263,-1.426886532,15.3,12.014971999999897,-0.4944667359999997
720.6,1268.201394,8.216011151,-0.570371475,1295.55853,8.623758182,-1.357092193,15.3,12.057136000000082,-0.40774703099999954
720.7,1269.019801,8.159660232,-0.556646909,1296.410592,8.488791746,-1.263324621,15.3,12.090791000000035,-0.3291315140000002
720.8000000000001,1269.83264,8.104681769,-0.542922343,1297.249752,8.366298611,-1.151577124,15.3,12.11711199999986,-0.2616168419999987
720.9000000000001,1270.640051,8.051075763,-0.529197777,1298.077316,8.256878106,-1.027843011,15.3,12.137265000000024,-0.20580234300000022
721.0,1271.442169,7.998842214,-0.515473211,1298.894591,8.160530232,-0.89811559,15.3,12.152422000000069,-0.16168801799999954
721.1,1272.239133,7.947981121,-0.501748645,1299.702886,8.077254988,-0.767389284,15.3,12.163752999999996,-0.1292738670000002
721.2,1273.031079,7.898492485,-0.488019524,1300.503506,8.007052375,-0.636662978,15.3,12.172426999999924,-0.10855989000000044
721.3000000000001,1273.818145,7.850376306,-0.474263081,1301.29776,7.949922392,-0.505936672,15.3,12.179614999999966,-0.09954608600000014
721.4000000000001,1274.600468,7.803632583,-0.46045199,1302.086954,7.905865041,-0.375210366,15.3,12.186486000000013,-0.10223245800000047
721.5,1275.378185,7.758264049,-0.446558929,1302.872396,7.874880319,-0.24448406,15.3,12.19421099999995,-0.11661626999999974
721.6,1276.151434,7.714284366,-0.432556573,1303.655394,7.856968229,-0.113757754,15.3,12.203959999999778,-0.14268386299999936
721.7,1276.920352,7.671709927,-0.4184176,1304.437254,7.852128768,0.016104846,15.3,12.216901999999845,-0.18041884099999983
721.8000000000001,1277.685075,7.630557128,-0.40411924,1305.219283,7.860361939,0.140785208,15.3,12.234207999999807,-0.22980481099999928
721.9000000000001,1278.445744,7.590842362,-0.389656938,1306.00279,7.88166774,0.255101093,15.3,12.2570459999999,-0.2908253780000001
722.0,1279.202507,7.552582023,-0.375035249,1306.78908,7.915527948,0.353870266,15.3,12.286573000000043,-0.362945925
722.1,1279.955513,7.515792505,-0.360276942,1307.579463,7.959351444,0.431910486,15.3,12.323949999999922,-0.4435589389999999
722.2,1280.704914,7.480490203,-0.345409341,1308.375244,8.010028885,0.484039517,15.3,12.370330000000148,-0.529538682000001
722.3000000000001,1281.450859,7.446688778,-0.330459769,1309.177731,8.064450928,0.505938827,15.3,12.426871999999957,-0.617762149999999
722.4000000000001,1282.1935,7.414390963,-0.31545555,1309.987816,8.119508231,0.496744709,15.3,12.49431599999998,-0.7051172679999995
722.5,1282.932986,7.383596757,-0.300424008,1310.804735,8.17209145,0.45732087,15.3,12.571748999999908,-0.7884946929999996
722.6,1283.669467,7.354306161,-0.285387911,1311.627306,8.219091244,0.391985841,15.3,12.657839000000148,-0.8647850829999992
722.7,1284.403095,7.326519175,-0.270351815,1312.454351,8.257398269,0.305921861,15.3,12.751256000000193,-0.9308790939999998
722.8000000000001,1285.134019,7.300235798,-0.255315719,1313.284687,8.284421407,0.204311167,15.3,12.850667999999995,-0.9841856089999999
722.9000000000001,1285.862391,7.275456031,-0.240279622,1314.117136,8.299642433,0.092335997,15.3,12.954745000000184,-1.0241864020000007
723.0,1286.588359,7.252179874,-0.225243526,1314.950517,8.303061347,-0.024821411,15.3,13.062157999999908,-1.0508814729999996
723.1,1287.312075,7.230407326,-0.21020743,1315.783649,8.29467815,-0.142842525,15.3,13.171573999999918,-1.0642708239999994
723.2,1288.033689,7.210138388,-0.195338423,1316.615353,8.274492842,-0.260863639,15.3,13.281663999999818,-1.064354454000001
723.3000000000001,1288.753351,7.191373059,-0.181471949,1317.444449,8.242505422,-0.378884754,15.3,13.39109800000001,-1.0511323630000007
723.4000000000001,1289.471211,7.17411134,-0.170445351,1318.269755,8.198715891,-0.496905868,15.3,13.498543999999992,-1.0246045510000013
723.5,1290.187421,7.158252978,-0.160756741,1319.090093,8.143124249,-0.614926982,15.3,13.602671999999938,-0.9848712709999994
723.6,1290.90213,7.143296704,-0.155913074,1319.904281,8.075730495,-0.732948096,15.3,13.70215100000014,-0.9324337910000002
723.7,1291.615489,7.128140115,-0.156082076,1320.71114,7.99653463,-0.850567137,15.3,13.79565099999986,-0.8683945150000003
723.8000000000001,1292.327648,7.113684343,-0.162099194,1321.509489,7.905536653,-0.965773739,15.3,13.881841000000076,-0.7918523100000003
723.9000000000001,1293.038677,7.097825215,-0.174131516,1322.298149,7.802736565,-1.076155463,15.3,13.959471999999959,-0.7049113499999997
724.0,1293.748326,7.080462095,-0.191177146,1323.075938,7.688375609,-1.179299869,15.3,14.027612000000044,-0.6079135140000007
724.1,1294.456263,7.060993461,-0.21490506,1323.841676,7.563660006,-1.27279452,15.3,14.08541299999997,-0.5026665450000003
724.2,1295.162159,7.038817794,-0.241808304,1324.594185,7.430037217,-1.354226975,15.3,14.13202599999995,-0.3912194229999999
724.3000000000001,1295.865681,7.013433828,-0.271719149,1325.332282,7.288954708,-1.421586869,15.3,14.166601000000082,-0.2755208800000002
724.4000000000001,1296.5665,6.984741307,-0.303635062,1326.054982,7.141859941,-1.474472128,15.3,14.188482000000203,-0.1571186339999997
724.5,1297.264284,6.952740233,-0.336553509,1326.762068,6.99020038,-1.513284827,15.3,14.19778399999991,-0.037460147
724.6,1297.958702,6.917430605,-0.369639045,1327.453519,6.835423488,-1.54003533,15.3,14.194817000000011,0.08200711699999985
724.7,1298.649424,6.878812424,-0.402724581,1328.129312,6.678976729,-1.557136076,15.3,14.179888000000073,0.19983569499999998
724.8000000000001,1299.336119,6.836885689,-0.435810118,1328.789426,6.522066321,-1.566999506,15.3,14.153306999999995,0.3148193680000002
724.9000000000001,1300.018456,6.7916504,-0.468895654,1329.433837,6.36493351,-1.572038057,15.3,14.115381000000024,0.4267168899999998
725.0,1300.696103,6.743106558,-0.50198119,1330.062524,6.207578295,-1.57466417,15.3,14.066420999999945,0.5355282629999998
725.1,1301.368731,6.691254162,-0.535066726,1330.675464,6.050000676,-1.576888209,15.3,14.006732999999894,0.6412534860000001
725.2,1302.036008,6.636093213,-0.568134289,1331.272635,5.892200653,-1.579112248,15.3,13.936626999999998,0.7438925599999999
725.3000000000001,1302.697604,6.57762371,-0.601094014,1331.854015,5.734178227,-1.581336288,15.3,13.856410999999934,0.843445483
725.4000000000001,1303.353187,6.515845653,-0.633838061,1332.419582,5.575933396,-1.583560327,15.3,13.766395000000056,0.9399122570000005
725.5,1304.002427,6.450769827,-0.666258592,1332.969313,5.417466161,-1.585784366,15.3,13.666886000000158,1.0333036660000001
725.6,1304.644993,6.38245015,-0.698247768,1333.503186,5.258776523,-1.588008405,15.3,13.5581929999998,1.1236736270000005
725.7,1305.280555,6.310951326,-0.729697751,1334.021179,5.09986448,-1.589533731,15.3,13.440624000000025,1.2110868459999997
725.8000000000001,1305.90878,6.236338058,-0.760518675,1334.52327,4.940730034,-1.591344464,15.3,13.314489999999932,1.2956080239999999
725.9000000000001,1306.529347,6.158675049,-0.790692567,1335.009437,4.781373183,-1.591536312,15.3,13.180090000000018,1.3773018659999998
726.0,1307.141969,6.078027003,-0.8202374,1335.479656,4.622238737,-1.589451617,15.3,13.03768699999996,1.4557882659999999
726.1,1307.746365,5.994458622,-0.84924304,1335.933907,4.462551242,-1.584572067,15.3,12.88754200000012,1.5319073799999998
726.2,1308.342258,5.90803461,-0.877817325,1336.372166,4.303854736,-1.576198949,15.3,12.729908000000204,1.6041798739999997
726.3000000000001,1308.929368,5.818808886,-0.906068094,1336.794411,4.14619351,-1.564374896,15.3,12.565043000000014,1.6726153760000004
726.4000000000001,1309.507415,5.726792234,-0.934103186,1337.200677,3.989986793,-1.547108773,15.3,12.393262000000004,1.7368054410000004
726.5,1310.076121,5.631984654,-0.962030439,1337.59122,3.835653814,-1.526391714,15.3,12.215098999999963,1.79633084
726.6,1310.635207,5.534386146,-0.989939719,1337.966354,3.683613799,-1.502181087,15.3,12.031146999999873,1.850772347
726.7,1311.184394,5.43399671,-1.017848999,1338.326391,3.534285978,-1.475175606,15.3,11.841996999999946,1.8997107319999995
726.8000000000001,1311.723402,5.330816346,-1.045758279,1338.671646,3.388019707,-1.446073983,15.3,11.64824399999993,1.9427966389999995
726.9000000000001,1312.251953,5.224845054,-1.073667559,1339.00243,3.244884858,-1.415574934,15.3,11.450477000000046,1.9799601960000004
727.0,1312.769767,5.116082835,-1.101576839,1339.319057,3.10488143,-1.38437717,15.3,11.249289999999927,2.0112014050000004
727.1,1313.276565,5.004529687,-1.129486119,1339.62184,2.968009424,-1.353062954,15.3,11.045275000000128,2.036520263
727.2,1313.772068,4.890185611,-1.157248747,1339.911093,2.834268839,-1.321748739,15.3,10.839024999999946,2.055916772
727.3000000000001,1314.255997,4.773050607,-1.184131467,1340.187128,2.703659676,-1.290434523,15.3,10.63113100000005,2.069390931
727.4000000000001,1314.728074,4.653124675,-1.209254368,1340.450259,2.576181934,-1.259120307,15.3,10.422184999999853,2.076942741
727.5,1315.188018,4.530495806,-1.231737541,1340.700799,2.451835615,-1.227806092,15.3,10.212780999999904,2.0786601910000004
727.6,1315.635551,4.405603955,-1.251091451,1340.939061,2.330620716,-1.196491876,15.3,10.00350999999996,2.0749832390000003
727.7,1316.070393,4.278977066,-1.265265071,1341.165357,2.212537239,-1.165159175,15.3,9.794964000000117,2.0664398270000004
727.8000000000001,1316.492267,4.151143086,-1.274696259,1341.380002,2.097585184,-1.133715563,15.3,9.58773500000002,2.053557902
727.9000000000001,1316.900962,4.022395736,-1.278847993,1341.583309,1.98576455,-1.10205013,15.3,9.382347000000163,2.036631186
728.0,1317.296551,3.893965633,-1.277866924,1341.77559,1.877086429,-1.070051963,15.3,9.179039000000056,2.0168792040000003
728.1,1317.679179,3.765678051,-1.27248631,1341.957158,1.771606276,-1.037610153,15.3,8.977978999999959,1.994071775
728.2,1318.048988,3.638295159,-1.263195686,1342.128327,1.669390638,-1.004613788,15.3,8.77933899999989,1.968904521
728.3000000000001,1318.406122,3.512256912,-1.25204608,1342.289411,1.570506061,-0.970970442,15.3,8.583288999999876,1.9417508509999999
728.4000000000001,1318.750723,3.3876513,-1.238746284,1342.44073,1.475019092,-0.936661631,15.3,8.390006999999922,1.912632208
728.5,1319.082936,3.264478325,-1.224566578,1342.582642,1.382996278,-0.901705839,15.3,8.19970600000006,1.8814820469999998
728.6,1319.402903,3.142737985,-1.210240221,1342.715515,1.294504164,-0.866195493,15.3,8.012612000000171,1.8482338210000002
728.7,1319.710767,3.02243028,-1.195913864,1342.839714,1.209609298,-0.830241503,15.3,7.828946999999925,1.812820982
728.8000000000001,1320.006672,2.903555212,-1.181587507,1342.955605,1.128367135,-0.79395478,15.3,7.648933000000124,1.7751880770000001
728.9000000000001,1320.290762,2.786112779,-1.167261149,1343.063555,1.050788766,-0.757446235,15.3,7.472792999999864,1.7353240130000003
729.0,1320.563179,2.670102982,-1.152934792,1343.163931,0.976874191,-0.720826779,15.3,7.300752000000056,1.6932287910000001
729.1,1320.824066,2.555525821,-1.138608435,1343.257098,0.90662341,-0.684188838,15.3,7.133032000000139,1.648902411
729.2,1321.073567,2.442381295,-1.124282078,1343.343423,0.840036423,-0.647550897,15.3,6.969856000000117,1.6023448720000002
729.3000000000001,1321.311826,2.330669405,-1.109890013,1343.423273,0.77711323,-0.610912955,15.3,6.811446999999998,1.5535561750000002
729.4000000000001,1321.538985,2.220390151,-1.095103701,1343.497014,0.717853832,-0.574275014,15.3,6.658029000000123,1.5025363190000003
729.5,1321.755188,2.111543532,-1.079528894,1343.565012,0.662258228,-0.537637073,15.3,6.509823999999934,1.4492853039999998
729.6,1321.960577,2.004168974,-1.062771347,1343.627634,0.610326417,-0.500999132,15.3,6.367056999999885,1.3938425570000001
729.7,1322.155297,1.8984636,-1.044436811,1343.685246,0.562058401,-0.464446134,15.3,6.229948999999987,1.3364051989999999
729.8000000000001,1322.339491,1.794663958,-1.024131039,1343.738214,0.517454179,-0.428402795,15.3,6.098723000000017,1.2772097789999999
729.9000000000001,1322.513301,1.693006597,-1.001525493,1343.786905,0.476513751,-0.393378775,15.3,5.973603999999977,1.216492846
730.0,1322.676903,1.593728065,-0.976554464,1343.831685,0.439186151,-0.359883731,15.3,5.854782000000068,1.1545419140000002
730.1,1322.830597,1.497064909,-0.94928366,1343.87292,0.40521655,-0.328427324,15.3,5.742323000000123,1.091848359
730.2,1322.974716,1.403253679,-0.920041621,1343.910978,0.374299153,-0.299519213,15.3,5.636261999999942,1.0289545260000001
730.3000000000001,1323.109593,1.312530922,-0.889222593,1343.946223,0.346128162,-0.273584113,15.3,5.536630000000013,0.96640276
730.4000000000001,1323.23556,1.225093762,-0.857220825,1343.978983,0.320397784,-0.250706967,15.3,5.443422999999893,0.9046959779999999
730.5,1323.352949,1.140981625,-0.824430561,1344.009419,0.296802223,-0.230802833,15.3,5.356469999999899,0.844179402
730.6,1323.462094,1.060194508,-0.791246051,1344.037653,0.275035684,-0.213446994,15.3,5.275559000000111,0.7851588239999999
730.7,1323.563326,0.982732414,-0.757995833,1344.063807,0.25479237,-0.198129792,15.3,5.200481000000035,0.727940044
730.8000000000001,1323.656978,0.908595342,-0.724745615,1344.088003,0.235817453,-0.184341567,15.3,5.13102500000009,0.672777889
730.9000000000001,1323.743382,0.837783291,-0.691495397,1344.110362,0.218059966,-0.17157266,15.3,5.066979999999784,0.619723325
731.0,1323.822872,0.770296262,-0.658245179,1344.131006,0.201519909,-0.159313412,15.3,5.008134000000108,0.5687763530000001
731.1,1323.895779,0.706134255,-0.624994961,1344.150057,0.186197283,-0.147139108,15.3,4.954278000000112,0.519936972
731.2,1323.962436,0.64529727,-0.591744743,1344.167637,0.172092088,-0.134964803,15.3,4.9052009999999875,0.47320518200000006
731.3000000000001,1324.023176,0.587785307,-0.558555478,1344.183867,0.159204323,-0.122790498,15.3,4.860691000000042,0.428580984
731.4000000000001,1324.078331,0.533598365,-0.525731933,1344.198869,0.147533988,-0.110616194,15.3,4.8205380000001234,0.386064377
731.5,1324.128233,0.482736445,-0.493639825,1344.212765,0.137081084,-0.098441889,15.3,4.78453200000008,0.34565536100000005
731.6,1324.173215,0.435162975,-0.462644875,1344.225676,0.12784561,-0.086267585,15.3,4.752460999999993,0.307317365
731.7,1324.21361,0.390695096,-0.433112802,1344.237725,0.119827567,-0.07409328,15.3,4.724114999999937,0.270867529
731.8000000000001,1324.24975,0.349113375,-0.405409324,1344.249033,0.113026954,-0.062003313,15.3,4.699283000000104,0.236086421
731.9000000000001,1324.281968,0.310198382,-0.379839208,1344.259722,0.107443772,-0.05041937,15.3,4.677754000000004,0.20275461
732.0,1324.310567,0.273730684,-0.356463407,1344.269913,0.10307802,-0.039847476,15.3,4.659346000000095,0.170652664
732.1,1324.335732,0.239490851,-0.335220968,1344.279729,0.099879096,-0.030793655,15.3,4.6439970000000805,0.139611755
732.2,1324.357621,0.20725945,-0.315807125,1344.289291,0.097593988,-0.023763932,15.3,4.631669999999939,0.109665462
732.3000000000001,1324.376392,0.176817051,-0.296393281,1344.29872,0.095919081,-0.01926433,15.3,4.622328000000106,0.08089797
732.4000000000001,1324.3922,0.147980794,-0.277049582,1344.308139,0.094550761,-0.017716538,15.3,4.61593899999998,0.053430033
732.5,1324.405203,0.120714107,-0.253419344,1344.317629,0.093185413,-0.019204891,15.3,4.612425999999868,0.027528694000000006
732.6,1324.415558,0.095016989,-0.226926719,1344.327108,0.091519422,-0.023645054,15.3,4.611550000000033,0.003497566999999993
732.7,1324.423422,0.073261101,-0.197593934,1344.336457,0.089249174,-0.030615338,15.3,4.6130350000000355,-0.015988073000000005
732.8000000000001,1324.428951,0.055207844,-0.163981389,1344.345554,0.086071054,-0.03960972,15.3,4.616602999999895,-0.030863209999999995
732.9000000000001,1324.432303,0.04066102,-0.131532998,1344.354277,0.081732049,-0.049657316,15.3,4.621973999999863,-0.041071029
733.0,1324.433635,0.029424434,-0.09934093,1344.362506,0.076181558,-0.060107719,15.3,4.628870999999844,-0.046757124
733.1,1324.435001,0.02130189,-0.069252167,1344.370119,0.069419581,-0.068629347,15.3,4.635117999999874,-0.04811769099999999
733.2,1324.436366,0.016097191,-0.045007461,1344.376996,0.061446117,-0.074510398,15.3,4.640630000000055,-0.045348926
733.3000000000001,1324.437732,0.013656544,-0.026279818,1344.383014,0.053184543,-0.075779494,15.3,4.645281999999906,-0.039527999
733.4000000000001,1324.439098,0.013656544,-0.012742244,1344.388054,0.044893445,-0.07324211,15.3,4.648955999999952,-0.031236900999999997
733.5,1324.440463,0.013656544,-0.004067745,1344.391993,0.03702581,-0.066645855,15.3,4.651530000000047,-0.023369266
733.6,1324.441829,0.013656544,4.36e-12,1344.394711,0.030713862,-0.057277295,15.3,4.652881999999817,-0.017057318000000002
733.7,1324.443195,0.013656544,4.36e-12,1344.396086,0.025474315,-0.044374324,15.3,4.652890999999908,-0.011817771000000001
733.8000000000001,1324.44456,0.013656544,2.91e-12,1344.397913,0.021458604,-0.033280743,15.3,4.653353000000106,-0.0078020599999999996
733.9000000000001,1324.445926,0.013656544,1.75e-12,1344.39974,0.018818166,-0.020741685,15.3,4.653813999999965,-0.005161622000000001
734.0,1324.447292,0.013656544,4.06e-13,1344.401567,0.018268851,-0.012009106,15.3,4.654274999999824,-0.0046123069999999995
734.1,1324.448657,0.013656544,0.0,1344.403394,0.018268851,-0.005316255,15.3,4.654737000000022,-0.0046123069999999995
734.2,1324.450023,0.013656544,0.0,1344.405221,0.018268851,-0.000915525,15.3,4.655197999999881,-0.0046123069999999995
734.3000000000001,1324.451388,0.013656544,0.0,1344.407047,0.018268851,-4.23e-11,15.3,4.655658999999968,-0.0046123069999999995
734.4000000000001,1324.452754,0.013656544,0.0,1344.408874,0.018268851,-1.37e-11,15.3,4.656120000000055,-0.0046123069999999995
734.5,1324.45412,0.013656544,0.0,1344.410701,0.018268851,-1.21e-11,15.3,4.656580999999914,-0.0046123069999999995
734.6,1324.455485,0.013656544,4.06e-13,1344.412528,0.018268851,-6.11e-12,15.3,4.657043000000112,-0.0046123069999999995
734.7,1324.456851,0.013656544,3.88e-12,1344.414355,0.018268851,0.0,15.3,4.657503999999971,-0.0046123069999999995
734.8000000000001,1324.458217,0.013656544,1.31e-11,1344.416182,0.018268851,4.26e-12,15.3,4.65796499999983,-0.0046123069999999995
734.9000000000001,1324.459582,0.013656544,2.62e-11,1344.418009,0.018268851,1.39e-11,15.3,4.658427000000028,-0.0046123069999999995
735.0,1324.460948,0.013656544,0.086205156,1344.419836,0.018268851,4.12e-11,15.3,4.658888000000115,-0.0046123069999999995
735.1,1324.462314,0.013656544,0.186325816,1344.421663,0.018268851,0.129715013,15.3,4.659348999999974,-0.0046123069999999995
735.2,1324.463679,0.013656544,0.30118724,1344.423489,0.018268851,0.289117505,15.3,4.659810000000061,-0.0046123069999999995
735.3000000000001,1324.465045,0.065379637,0.451780861,1344.425316,0.018268851,0.480672016,15.3,4.660271000000147,0.047110786
735.4000000000001,1324.466411,0.125452033,0.602374481,1344.427143,0.096097858,0.763735821,15.3,4.660731999999779,0.029354174999999996
735.5,1324.467776,0.194368888,0.735400955,1344.42897,0.191739354,1.018314428,15.3,4.661193999999977,0.002629533999999989
735.6,1324.469142,0.272532224,0.828406603,1344.430797,0.30667206,1.253176731,15.3,4.661655000000064,-0.034139836000000034
735.7,1324.511886,0.375081232,0.91757811,1344.432624,0.4423747,1.533077958,15.3,4.620738000000028,-0.06729346800000002
735.8000000000001,1324.56131,0.463690521,0.925206705,1344.496714,0.629257508,1.668575403,15.3,4.635404000000062,-0.165566987
735.9000000000001,1324.617809,0.562423599,0.916255075,1344.575054,0.820781672,1.800275979,15.3,4.657244999999829,-0.2583580729999999
736.0,1324.681705,0.675998899,0.868776639,1344.668827,1.015944633,1.860514618,15.3,4.687121999999999,-0.33994573399999994
736.1,1324.753022,0.749492911,0.831759411,1344.779216,1.192884596,1.907559253,15.3,4.726193999999804,-0.44339168500000004
736.2,1324.831709,0.82228527,0.79507843,1344.907404,1.386837648,1.925113588,15.3,4.775694999999995,-0.564552378
736.3000000000001,1324.917715,0.895127363,0.726341332,1345.054574,1.583805373,1.922695943,15.3,4.836858999999958,-0.68867801
736.4000000000001,1325.010989,0.967553536,0.721483642,1345.221909,1.782718837,1.943423052,15.3,4.910919999999987,-0.815165301
736.5,1325.11148,1.039470657,0.716470733,1345.410254,1.976433244,1.926399885,15.3,4.998773999999866,-0.936962587
736.6,1325.219138,1.110878726,0.711535433,1345.61911,2.169348378,1.891092698,15.3,5.099972000000161,-1.058469652
736.7,1325.333911,1.181777744,0.706444915,1345.847639,2.358938427,1.838581435,15.3,5.213728000000128,-1.177160683
736.8000000000001,1325.455748,1.252167709,0.701354397,1346.095002,2.542677579,1.780774085,15.3,5.339253999999936,-1.2905098699999997
736.9000000000001,1325.584599,1.322048623,0.696263879,1346.360363,2.718460992,1.71033768,15.3,5.47576399999998,-1.3964123689999999
737.0,1325.720412,1.391420485,0.691173361,1346.642883,2.885867698,1.631481904,15.3,5.622471000000086,-1.4944472130000002
737.1,1325.863137,1.460283295,0.686082843,1346.941725,3.044897696,1.548416442,15.3,5.7785879999998535,-1.584614401
737.2,1326.012723,1.528637054,0.680992325,1347.256051,3.195550986,1.464649366,15.3,5.943328000000019,-1.6669139320000002
737.3000000000001,1326.169119,1.59648176,0.675826078,1347.585023,3.337827569,1.380882291,15.3,6.115904000000182,-1.7413458089999998
737.4000000000001,1326.332274,1.663817415,0.670205458,1347.927804,3.471727444,1.297115215,15.3,6.295529999999825,-1.8079100289999999
737.5,1326.502137,1.730644018,0.663676092,1348.283557,3.597250612,1.213348139,15.3,6.481420000000025,-1.8666065939999998
737.6,1326.678658,1.796916132,0.655783606,1348.651443,3.714397072,1.129581063,15.3,6.67278499999993,-1.9174809400000001
737.7,1326.861784,1.86240657,0.646073628,1349.030625,3.823166824,1.045813987,15.3,6.868841000000156,-1.9607602539999998
737.8000000000001,1327.051466,1.926842709,0.634091785,1349.420265,3.923559869,0.962209967,15.3,7.06879900000008,-1.99671716
737.9000000000001,1327.247653,1.989951924,0.619459432,1349.819525,4.015576207,0.879584279,15.3,7.2718720000002115,-2.0256242829999995
738.0,1327.450256,2.051461592,0.60210084,1350.227568,4.099215837,0.798915256,15.3,7.477311999999937,-2.047754245
738.1,1327.659045,2.111099089,0.582091739,1350.643557,4.174576592,0.721181229,15.3,7.6845119999999945,-2.063477503
738.2,1327.873748,2.168591791,0.559810773,1351.066652,4.242147639,0.647360532,15.3,7.892903999999998,-2.073555848
738.3000000000001,1328.094099,2.223667074,0.535712314,1351.496018,4.302515978,0.578431496,15.3,8.101919000000134,-2.0788489039999996
738.4000000000001,1328.319827,2.276097752,0.510250735,1351.930816,4.356268607,0.515209399,15.3,8.310989000000017,-2.0801708549999995
738.5,1328.550663,2.325838387,0.483880411,1352.370286,4.403992526,0.457857296,15.3,8.519623000000092,-2.0781541389999996
738.6,1328.78634,2.37288898,0.457055713,1352.813983,4.446274734,0.406212132,15.3,8.727642999999897,-2.0733857540000002
738.7,1329.026586,2.41724953,0.430155287,1353.261538,4.483702232,0.359458629,15.3,8.93495200000002,-2.066452702
738.8000000000001,1329.271135,2.458920037,0.40325486,1353.712583,4.516862017,0.316618455,15.3,9.141448000000036,-2.0579419800000003
738.9000000000001,1329.519715,2.497900502,0.376354434,1354.166751,4.546243257,0.276713279,15.3,9.34703600000007,-2.0483427550000006
739.0,1329.77206,2.534190924,0.349454008,1354.623672,4.571943784,0.238764766,15.3,9.551611999999931,-2.0377528600000003
739.1,1330.027899,2.567791304,0.322553581,1355.08298,4.593963599,0.201794587,15.3,9.755080999999972,-2.0261722950000003
739.2,1330.286963,2.598701641,0.295653155,1355.544305,4.612302701,0.164987463,15.3,9.95734199999988,-2.01360106
739.3000000000001,1330.548984,2.626921935,0.268752728,1356.007281,4.626961091,0.128180338,15.3,10.158296999999902,-2.000039156
739.4000000000001,1330.813692,2.652452186,0.241910634,1356.471538,4.637938769,0.091373214,15.3,10.357846000000063,-1.9854865829999997
739.5,1331.080819,2.675292395,0.215418535,1356.936709,4.645235734,0.05456609,15.3,10.555890000000044,-1.9699433389999998
739.6,1331.350096,2.695442561,0.189626424,1357.402425,4.648851987,0.017758965,15.3,10.752329000000099,-1.9534094259999994
739.7,1331.621253,2.712937684,0.164884297,1357.868319,4.648787527,-0.019048159,15.3,10.947065999999904,-1.9358498429999997
739.8000000000001,1331.894021,2.727952761,0.141542148,1358.334023,4.645042355,-0.055962438,15.3,11.140001999999821,-1.9170895940000001
739.9000000000001,1332.168132,2.740697789,0.119949971,1358.799168,4.637616471,-0.093519642,15.3,11.331035999999994,-1.8969186820000004
740.0,1332.443317,2.751382765,0.100399428,1359.263387,4.626509874,-0.132362697,15.3,11.520069999999986,-1.8751271090000001
740.1,1332.719334,2.760217684,0.082948853,1359.726311,4.611658272,-0.17313453,15.3,11.706977000000006,-1.8514405879999996
740.2,1332.996055,2.767412544,0.067539911,1360.187572,4.592740202,-0.216478065,15.3,11.891516999999975,-1.825327658
740.3000000000001,1333.273378,2.773177341,0.053880942,1360.646802,4.569369909,-0.263036228,15.3,12.073423999999886,-1.796192568
740.4000000000001,1333.551202,2.777722073,0.041621951,1361.103633,4.541161637,-0.313344791,15.3,12.252430999999842,-1.763439564
740.5,1333.829427,2.781221736,0.030412944,1361.557646,4.507729632,-0.367510908,15.3,12.42821900000008,-1.7265078960000002
740.6,1334.107951,2.78371133,0.019903925,1362.008215,4.468688137,-0.425427425,15.3,12.600264000000106,-1.684976807
740.7,1334.386674,2.785190855,0.009744901,1362.454664,4.423651397,-0.48655857,15.3,12.767990000000008,-1.6384605420000002
740.8000000000001,1334.665495,2.78566031,-0.000355791,1362.896316,4.372233657,-0.550261417,15.3,12.930821000000105,-1.5865733469999999
740.9000000000001,1334.944311,2.785119696,-0.010456483,1363.332494,4.314113454,-0.615893041,15.3,13.088183000000026,-1.528993758
741.0,1335.223024,2.783569013,-0.020557175,1363.762522,4.249226496,-0.682810517,15.3,13.239498000000093,-1.4656574830000002
741.1,1335.50153,2.781008261,-0.030657867,1364.185723,4.177572782,-0.750370919,15.3,13.38419300000005,-1.3965645210000002
741.2,1335.77973,2.77743744,-0.040758559,1364.60142,4.099152312,-0.818038474,15.3,13.521689999999989,-1.3217148720000003
741.3000000000001,1336.057523,2.77285655,-0.050859251,1365.008937,4.013965087,-0.88570603,15.3,13.651414000000113,-1.2411085369999997
741.4000000000001,1336.334807,2.76726559,-0.061001669,1365.407597,3.922011106,-0.953373585,15.3,13.77278999999994,-1.1547455159999997
741.5,1336.611481,2.760664561,-0.071394448,1365.796722,3.82329037,-1.021041141,15.3,13.885241000000132,-1.062625809
741.6,1336.887445,2.753053463,-0.082287948,1366.175638,3.717802878,-1.088708697,15.3,13.988192999999864,-0.964749415
741.7,1337.162597,2.74440726,-0.09393253,1366.543666,3.60554863,-1.156376252,15.3,14.081069000000024,-0.8611413699999999
741.8000000000001,1337.436836,2.734600771,-0.106578553,1366.900131,3.486527627,-1.223630657,15.3,14.163295000000016,-0.7519268559999999
741.9000000000001,1337.710062,2.723483781,-0.120476378,1367.244355,3.360739869,-1.288406153,15.3,14.234292999999933,-0.637256088
742.0,1337.982173,2.710906072,-0.135834639,1367.575662,3.228185355,-1.348223834,15.3,14.293488999999862,-0.5172792829999997
742.1,1338.253049,2.696717429,-0.152695063,1367.893376,3.089111976,-1.400604791,15.3,14.34032700000007,-0.39239454699999987
742.2,1338.522487,2.680767636,-0.171015923,1368.196819,2.944759186,-1.443070117,15.3,14.374332000000049,-0.2639915500000001
742.3000000000001,1338.790268,2.662906476,-0.190588585,1368.485314,2.79661433,-1.473140904,15.3,14.395046000000047,-0.1337078540000003
742.4000000000001,1339.056169,2.642983733,-0.211162689,1368.758186,2.646164753,-1.488751394,15.3,14.402017000000068,-0.003181019999999979
742.5,1339.319971,2.620874227,-0.232487874,1369.014956,2.494897799,-1.489488438,15.3,14.394985000000087,0.12597642799999997
742.6,1339.58145,2.596552921,-0.25431378,1369.255938,2.344300812,-1.475765186,15.3,14.37448800000011,0.2522521089999996
742.7,1339.840387,2.570019816,-0.276390047,1369.481647,2.195861139,-1.449647395,15.3,14.341260000000101,0.37415867700000005
742.8000000000001,1340.09656,2.541274912,-0.29850804,1369.692594,2.051066123,-1.413613972,15.3,14.296034000000144,0.490208789
742.9000000000001,1340.349748,2.510318208,-0.320626033,1369.889294,1.911155218,-1.370143826,15.3,14.239545999999972,0.5991629900000002
743.0,1340.59973,2.477149705,-0.342744027,1370.072259,1.776376316,-1.321715864,15.3,14.172529000000122,0.7007733890000001
743.1,1340.846284,2.441769403,-0.36486202,1370.242003,1.646729415,-1.270808994,15.3,14.095719000000098,0.7950399879999999
743.2,1341.089189,2.404177301,-0.386980013,1370.399039,1.522214517,-1.219488973,15.3,14.009849999999869,0.8819627839999997
743.3000000000001,1341.328225,2.3643734,-0.409098006,1370.54388,1.402831621,-1.168168951,15.3,13.915654999999969,0.9615417789999998
743.4000000000001,1341.56317,2.3223577,-0.431170696,1370.67704,1.288580727,-1.11684893,15.3,13.813870000000133,1.033776973
743.5,1341.793803,2.2781302,-0.45297156,1370.79903,1.179461835,-1.065528909,15.3,13.705226999999876,1.0986683650000002
743.6,1342.019902,2.231690901,-0.474228774,1370.910366,1.075474945,-1.014208888,15.3,13.590464000000065,1.1562159559999998
743.7,1342.241247,2.183066986,-0.494670514,1371.011559,0.976620057,-0.962888867,15.3,13.470312000000103,1.2064469290000002
743.8000000000001,1342.457616,2.132394365,-0.514024955,1371.103124,0.882897172,-0.91161752,15.3,13.345508000000063,1.2494971930000003
743.9000000000001,1342.668788,2.079836136,-0.532020271,1371.185573,0.794306288,-0.860638219,15.3,13.216785000000026,1.285529848
744.0,1342.874542,2.025555391,-0.548429942,1371.259419,0.710847407,-0.810243009,15.3,13.08487699999996,1.314707984
744.1,1343.074679,1.969715228,-0.563208663,1371.325176,0.632491323,-0.760723935,15.3,12.950496999999995,1.337223905
744.2,1343.269085,1.912478739,-0.57640174,1371.383357,0.559092014,-0.712373045,15.3,12.814272000000027,1.353386725
744.3000000000001,1343.457671,1.854009021,-0.588235692,1371.434475,0.490474252,-0.665482382,15.3,12.676804000000129,1.363534769
744.4000000000001,1343.640346,1.794469167,-0.598982345,1371.479044,0.426462811,-0.620295319,15.3,12.538698000000021,1.368006356
744.5,1343.817019,1.733995092,-0.608913523,1371.517552,0.366882461,-0.576860529,15.3,12.40053299999995,1.367112631
744.6,1343.987599,1.672613976,-0.618301051,1371.550397,0.311557978,-0.535129339,15.3,12.262797999999929,1.361055998
744.7,1344.151995,1.610325821,-0.627416755,1371.577952,0.260314132,-0.493373617,15.3,12.125957000000152,1.350011689
744.8000000000001,1344.310117,1.547130625,-0.636487154,1371.600589,0.212975696,-0.451845172,15.3,11.990471999999908,1.334154929
744.9000000000001,1344.461875,1.48302839,-0.645557554,1371.618682,0.169396649,-0.405680425,15.3,11.856807000000071,1.313631741
745.0,1344.607177,1.418019114,-0.654627953,1371.632604,0.129547784,-0.356849213,15.3,11.725426999999808,1.2884713300000001
745.1,1344.745932,1.352102799,-0.663698352,1371.642727,0.095775358,-0.305836611,15.3,11.596794999999883,1.256327441
745.2,1344.878051,1.285279444,-0.672768752,1371.649424,0.068149722,-0.253176369,15.3,11.471373000000039,1.217129722
745.3000000000001,1345.003442,1.217549049,-0.681839151,1371.65307,0.046204604,-0.199596934,15.3,11.34962800000012,1.1713444450000001
745.4000000000001,1345.122014,1.148911614,-0.690758834,1371.654036,0.02947373,-0.149785853,15.3,11.23202199999987,1.1194378839999999
745.5,1345.233677,1.079367139,-0.698015306,1371.654572,0.017490828,-0.104637502,15.3,11.120894999999972,1.061876311
745.6,1345.338341,1.008915624,-0.70498102,1371.655109,0.009789624,-0.068062304,15.3,11.016768000000138,0.9991259999999998
745.7,1345.435914,0.937647499,-0.708474932,1371.655646,0.005903846,-0.040177514,15.3,10.919732000000021,0.931743653
745.8000000000001,1345.526306,0.86647026,-0.708351662,1371.656183,0.005367221,-0.020206011,15.3,10.829877000000078,0.8611030390000001
745.9000000000001,1345.609426,0.794560437,-0.703706916,1371.656719,0.005367221,-0.007370671,15.3,10.74729300000008,0.789193216
746.0,1345.685183,0.723826655,-0.693787113,1371.657256,0.005367221,-0.000894375,15.3,10.672072999999909,0.718459434
746.1,1345.75356,0.654356142,-0.679200456,1371.657793,0.005367221,-4.59e-11,15.3,10.604232999999976,0.648988921
746.2,1345.814826,0.586691474,-0.657820909,1371.658329,0.005367221,-4.07e-11,15.3,10.543503000000054,0.581324253
746.3000000000001,1345.869326,0.52137523,-0.632678803,1371.658866,0.005367221,-2.81e-11,15.3,10.489539999999987,0.516008009
746.4000000000001,1345.917402,0.458949987,-0.603919515,1371.659403,0.005367221,-2.11e-11,15.3,10.442001000000072,0.453582766
746.5,1345.959399,0.399867891,-0.572447341,1371.65994,0.005367221,-1.39e-11,15.3,10.40054099999993,0.39450067
746.6,1345.995659,0.344219373,-0.539166576,1371.660476,0.005367221,-9.93e-12,15.3,10.364817000000084,0.338852152
746.7,1346.026526,0.292004433,-0.504981516,1371.661013,0.005367221,-6.32e-13,15.3,10.334486999999807,0.28663721200000003
746.8000000000001,1346.052343,0.24322307,-0.470645741,1371.66155,0.005367221,4.06e-13,15.3,10.309206999999969,0.237855849
746.9000000000001,1346.073454,0.197875285,-0.431444438,1371.662087,0.005367221,9.47e-13,15.3,10.288632999999844,0.192508064
747.0,1346.090201,0.155961077,-0.388160645,1371.662623,0.005367221,0.038048179,15.3,10.27242199999996,0.150593856
747.1,1346.102929,0.117480447,-0.34150969,1371.66316,0.005367221,0.081024825,15.3,10.260231000000157,0.112113226
747.2,1346.111981,0.085352711,-0.291862004,1371.663697,0.005367221,0.129080864,15.3,10.251715999999941,0.07998548999999999
747.3000000000001,1346.117699,0.059108046,-0.24096761,1371.664233,0.028196129,0.187558748,15.3,10.246534000000064,0.030911916999999997
747.4000000000001,1346.120428,0.038317256,-0.188507142,1371.66477,0.053982116,0.25007833,15.3,10.244342000000142,-0.015664859999999996
747.5,1346.12051,0.022551144,-0.140338646,1371.665307,0.082815739,0.304027196,15.3,10.244797000000016,-0.060264595000000004
747.6,1346.120625,0.011380511,-0.096597538,1371.665844,0.114787555,0.336314681,15.3,10.245219000000088,-0.103407044
747.7,1346.12074,0.004376162,-0.061946222,1371.684643,0.15541422,0.366791042,15.3,10.263902999999981,-0.151038058
747.8000000000001,1346.120855,0.001149523,-0.035669368,1371.705809,0.188507989,0.362992401,15.3,10.284954000000152,-0.18735846599999997
747.9000000000001,1346.12097,0.001149523,-0.017051647,1371.729413,0.230437719,0.355559254,15.3,10.308443000000079,-0.229288196
748.0,1346.121085,0.001149523,-0.005377731,1371.755527,0.274056742,0.337238204,15.3,10.334442000000035,-0.27290721900000003
748.1,1346.1212,0.001149523,-5.83e-11,1371.784224,0.30061118,0.322334512,15.3,10.36302399999995,-0.299461657
748.2,1346.121315,0.001149523,-1.89e-11,1371.815577,0.328123108,0.304740184,15.3,10.39426199999998,-0.326973585
748.3000000000001,1346.12143,0.001149523,-1.25e-11,1371.849657,0.35644687,0.282275054,15.3,10.42822700000006,-0.35529734700000004
748.4000000000001,1346.121545,0.001149523,4.74e-13,1371.886538,0.384578118,0.285992244,15.3,10.464993000000003,-0.38342859500000004
748.5,1346.12166,0.001149523,3.55e-13,1371.926286,0.413281829,0.290051345,15.3,10.50462599999987,-0.412132306
748.6,1346.121775,0.001149523,2.84e-13,1371.96895,0.442520005,0.294864103,15.3,10.547174999999879,-0.441370482
748.7,1346.12189,0.001149523,0.0,1372.01457,0.47225465,0.299327199,15.3,10.592680000000154,-0.471105127
748.8000000000001,1346.122005,0.001149523,0.0,1372.063189,0.502447766,0.303811884,15.3,10.64118400000002,-0.5012982429999999
748.9000000000001,1346.12212,0.001149523,0.0,1372.114849,0.533067689,0.308217169,15.3,10.692729000000053,-0.531918166
749.0,1346.122235,0.001149523,0.0,1372.169593,0.564108087,0.312495797,15.3,10.74735800000003,-0.562958564
749.1,1346.12235,0.001149523,3.79e-12,1372.227461,0.595568959,0.316711098,15.3,10.805110999999851,-0.5944194359999999
749.2,1346.122465,0.001149523,2.08e-11,1372.288496,0.627450306,0.320915843,15.3,10.866030999999975,-0.6263007829999999
749.3000000000001,1346.12258,0.001149523,0.060602408,1372.352741,0.659752128,0.325120589,15.3,10.930160999999952,-0.658602605
749.4000000000001,1346.122694,0.001149523,0.13071619,1372.420236,0.692474424,0.329325335,15.3,10.99754200000002,-0.691324901
749.5,1346.122809,0.001149523,0.210703096,1372.491025,0.725617195,0.333530081,15.3,11.068216000000074,-0.724467672
749.6,1346.122924,0.037510968,0.310438982,1372.56515,0.75918044,0.337734826,15.3,11.14222599999989,-0.721669472
749.7,1346.123039,0.079579237,0.413918643,1372.642651,0.79316416,0.341939572,15.3,11.219611999999824,-0.713584923
749.8000000000001,1346.123154,0.127571381,0.505825438,1372.723572,0.827568355,0.346144318,15.3,11.30041799999999,-0.699996974
749.9000000000001,1346.123269,0.181284742,0.560275557,1372.807955,0.862393024,0.350243492,15.3,11.384686000000055,-0.681108282
750.0,1346.152473,0.249500709,0.61269911,1372.89584,0.897638168,0.353152227,15.3,11.443366999999807,-0.648137459
750.1,1346.186243,0.304644786,0.601619303,1372.987272,0.933303786,0.355908118,15.3,11.50102899999997,-0.628659
750.2,1346.224752,0.373676302,0.57795229,1373.082291,0.969326536,0.356206708,15.3,11.55753899999986,-0.595650234
750.3000000000001,1346.267837,0.447198703,0.526188038,1373.18094,1.005055497,0.353971577,15.3,11.613102999999864,-0.5578567940000001
750.4000000000001,1346.315254,0.488542962,0.478843075,1373.28326,1.041113225,0.348569293,15.3,11.668005999999831,-0.5525702629999999
750.5,1346.366755,0.528056116,0.430783445,1373.389294,1.076117049,0.339471997,15.3,11.722539000000051,-0.548060933
750.6,1346.422095,0.565213532,0.359270833,1373.499033,1.110021114,0.327131127,15.3,11.776938000000154,-0.544807582
750.7,1346.481028,0.599910283,0.334664186,1373.612266,1.142445362,0.309981229,15.3,11.831238000000166,-0.5425350789999999
750.8000000000001,1346.543308,0.632146369,0.310057538,1373.728731,1.173009734,0.290221186,15.3,11.8854229999999,-0.5408633650000001
750.9000000000001,1346.608688,0.66192179,0.285450891,1373.848166,1.201334173,0.267927421,15.3,11.939477999999962,-0.539412383
751.0,1346.676922,0.689236547,0.260844244,1373.970308,1.227101963,0.243733364,15.3,11.993385999999827,-0.5378654159999999
751.1,1346.747765,0.714090639,0.236237596,1374.094896,1.25024976,0.218272447,15.3,12.04713099999999,-0.536159121
751.2,1346.820971,0.736484066,0.211630949,1374.221668,1.270777566,0.192178098,15.3,12.100696999999808,-0.5342935
751.3000000000001,1346.896293,0.756416829,0.187024302,1374.350361,1.28868538,0.165978178,15.3,12.154068000000006,-0.532268551
751.4000000000001,1346.973485,0.773888927,0.162417654,1374.480715,1.303973202,0.139778258,15.3,12.207229999999935,-0.5300842750000001
751.5,1347.052301,0.78890036,0.137860858,1374.612466,1.316641032,0.113578338,15.3,12.260165000000097,-0.527740672
751.6,1347.132495,0.801451128,0.113603171,1374.745353,1.32668887,0.087378419,15.3,12.31285799999996,-0.525237742
751.7,1347.213821,0.811541232,0.089943699,1374.879114,1.334116715,0.061178499,15.3,12.365293000000019,-0.522575483
751.8000000000001,1347.296034,0.819200581,0.067181551,1375.013486,1.338924569,0.034978579,15.3,12.417452000000093,-0.519723988
751.9000000000001,1347.378886,0.824578731,0.045615835,1375.148209,1.341112431,0.008808221,15.3,12.469322999999985,-0.5165337
752.0,1347.462132,0.827855146,0.025545659,1375.283019,1.340680301,-0.017184762,15.3,12.520886999999856,-0.5128251549999999
752.1,1347.545526,0.82920929,0.00722028,1375.417655,1.337628179,-0.042822997,15.3,12.572128999999858,-0.508418889
752.2,1347.628845,0.828820629,-0.009310451,1375.551855,1.331973802,-0.06792911,15.3,12.623009999999976,-0.5031531730000001
752.3000000000001,1347.711964,0.826868627,-0.024096385,1375.685356,1.323805858,-0.092325726,15.3,12.673391999999875,-0.4969372310000001
752.4000000000001,1347.794779,0.823532749,-0.037386779,1375.817897,1.313230771,-0.115835472,15.3,12.72311799999984,-0.489698022
752.5,1347.877189,0.818992461,-0.049480741,1375.949216,1.300354965,-0.138310534,15.3,12.772026999999934,-0.4813625039999999
752.6,1347.95909,0.813397315,-0.060677379,1376.079065,1.285284865,-0.159721352,15.3,12.81997499999984,-0.47188754999999993
752.7,1348.040381,0.806777223,-0.071275801,1376.207253,1.268126896,-0.180097488,15.3,12.866872000000011,-0.46134967300000007
752.8000000000001,1348.120958,0.799132184,-0.081575115,1376.333604,1.248987482,-0.199586753,15.3,12.912645999999949,-0.449855298
752.9000000000001,1348.20072,0.7904622,-0.091824578,1376.457939,1.227973047,-0.218366521,15.3,12.95721899999985,-0.4375108470000001
753.0,1348.279563,0.780767269,-0.102074041,1376.580082,1.205172278,-0.236614166,15.3,13.000518999999894,-0.424405009
753.1,1348.357385,0.770047391,-0.112323503,1376.699858,1.180602914,-0.254507064,15.3,13.042472999999926,-0.4105555230000001
753.2,1348.434085,0.758302568,-0.122572966,1376.817087,1.154264953,-0.272222587,15.3,13.083001999999805,-0.39596238500000003
753.3000000000001,1348.509558,0.745532798,-0.132822429,1376.931595,1.126158396,-0.289908548,15.3,13.122037000000045,-0.38062559799999984
753.4000000000001,1348.583704,0.731738082,-0.143071891,1377.043203,1.096283243,-0.307594509,15.3,13.15949900000005,-0.364545161
753.5,1348.656419,0.71691842,-0.153167447,1377.151736,1.064639494,-0.325280469,15.3,13.195317000000113,-0.34772107399999996
753.6,1348.7276,0.701073811,-0.16197282,1377.257015,1.031227149,-0.34296643,15.3,13.229414999999971,-0.330153338
753.7,1348.797146,0.684204256,-0.16954967,1377.358866,0.996046208,-0.360652391,15.3,13.261719999999922,-0.311841952
753.8000000000001,1348.864953,0.666402099,-0.174219712,1377.457109,0.959096671,-0.378338352,15.3,13.292155999999931,-0.29269457199999993
753.9000000000001,1348.93092,0.648349106,-0.175080864,1377.551569,0.920378538,-0.395837066,15.3,13.320648999999957,-0.27202943200000007
754.0,1348.994944,0.63000828,-0.171324815,1377.642069,0.879891809,-0.412212302,15.3,13.34712499999996,-0.249883529
754.1,1349.056922,0.612386593,-0.16218203,1377.728432,0.837636483,-0.425617894,15.3,13.371510000000125,-0.22524989000000006
754.2,1349.116826,0.596025293,-0.147865346,1377.810481,0.79372491,-0.43709842,15.3,13.393655000000035,-0.19769961700000005
754.3000000000001,1349.174922,0.581409368,-0.127543569,1377.888039,0.748718827,-0.443362345,15.3,13.41311700000001,-0.16730945900000005
754.4000000000001,1349.231551,0.569092881,-0.102741077,1377.960929,0.703725935,-0.444008875,15.3,13.429377999999996,-0.13463305400000003
754.5,1349.287055,0.559629898,-0.074359951,1378.028975,0.658119486,-0.438101777,15.3,13.441919999999936,-0.09848958800000007
754.6,1349.341774,0.553482139,-0.043208505,1378.092089,0.613874402,-0.425453806,15.3,13.450315,-0.060392263
754.7,1349.396048,0.550741947,-0.010210177,1378.150544,0.571231159,-0.406974893,15.3,13.454496000000017,-0.02048921199999998
754.8000000000001,1349.450218,0.551409322,0.02371159,1378.204703,0.530863843,-0.381433215,15.3,13.454485000000158,0.020545479000000033
754.9000000000001,1349.504626,0.555484265,0.057787265,1378.254927,0.493446544,-0.352120306,15.3,13.450301000000035,0.062037721000000046
755.0,1349.559611,0.562966775,0.091862939,1378.30158,0.459540999,-0.319436961,15.3,13.441969000000153,0.10342577600000002
755.1,1349.615515,0.573856853,0.125938613,1378.345024,0.429259557,-0.284506657,15.3,13.429509000000007,0.144597296
755.2,1349.672679,0.588154498,0.160014288,1378.38562,0.402602218,-0.248452874,15.3,13.412941,0.18555227999999996
755.3000000000001,1349.731442,0.60585971,0.194089962,1378.423732,0.379568982,-0.212211845,15.3,13.392289999999957,0.22629072800000005
755.4000000000001,1349.792147,0.62697249,0.228165636,1378.459722,0.360159849,-0.175970816,15.3,13.367574999999942,0.266812641
755.5,1349.855133,0.651492837,0.262245336,1378.493952,0.344374819,-0.139729787,15.3,13.338819000000012,0.30711801800000005
755.6,1349.920742,0.679420752,0.296349186,1378.526785,0.332213892,-0.103488758,15.3,13.306042999999999,0.34720685999999995
755.7,1349.989314,0.710756234,0.330501339,1378.558583,0.323677067,-0.067247729,15.3,13.269269000000076,0.387079167
755.8000000000001,1350.061189,0.745501699,0.364725944,1378.589708,0.318764346,-0.0310067,15.3,13.22851899999996,0.426737353
755.9000000000001,1350.13671,0.783669222,0.399047152,1378.620523,0.317475727,0.005473945,15.3,13.183813000000054,0.466193495
756.0,1350.216215,0.825273293,0.433489116,1378.651391,0.319811211,0.043392291,15.3,13.135176000000182,0.505462082
756.1,1350.300047,0.870328404,0.46807196,1378.682674,0.325770799,0.084186035,15.3,13.082626999999956,0.5445576050000001
756.2,1350.388548,0.918849044,0.502799709,1378.714733,0.335498259,0.129292878,15.3,13.026185000000122,0.5833507849999999
756.3000000000001,1350.482069,0.970849704,0.537668338,1378.747932,0.349712442,0.18015052,15.3,12.96586300000008,0.621137262
756.4000000000001,1350.58096,1.026344875,0.572657723,1378.782634,0.369275967,0.238196659,15.3,12.901673999999911,0.657068908
756.5,1350.685576,1.085349047,0.607743711,1378.819199,0.395051454,0.304629379,15.3,12.833622999999942,0.6902975929999999
756.6,1350.796269,1.147874296,0.642902151,1378.858107,0.427901523,0.379688297,15.3,12.761838000000079,0.7199727729999998
756.7,1350.913389,1.213923037,0.678108894,1378.900293,0.468688794,0.463133795,15.3,12.686903999999867,0.7452342430000001
756.8000000000001,1351.037291,1.28349527,0.713339788,1378.946812,0.518275886,0.553767792,15.3,12.609520999999813,0.765219384
756.9000000000001,1351.168327,1.356590995,0.748574706,1378.998715,0.57752542,0.650152586,15.3,12.530387999999856,0.779065575
757.0,1351.306848,1.433210211,0.783809625,1379.057054,0.647156244,0.75085048,15.3,12.450206000000161,0.786053967
757.1,1351.453207,1.51335292,0.819044544,1379.122883,0.727312129,0.854423772,15.3,12.36967599999998,0.786040791
757.2,1351.607757,1.59701912,0.854279462,1379.197254,0.817993075,0.959434765,15.3,12.289496999999937,0.779026045
757.3000000000001,1351.770849,1.684208812,0.889514381,1379.28122,0.919199082,1.064685373,15.3,12.210371000000077,0.76500973
757.4000000000001,1351.942837,1.774921996,0.9247493,1379.375832,1.03093015,1.169935982,15.3,12.132994999999891,0.7439918459999999
757.5,1352.124072,1.869158672,0.959938852,1379.482143,1.153186278,1.275186591,15.3,12.058070999999881,0.715972394
757.6,1352.314907,1.96691884,0.99485621,1379.601206,1.285967468,1.3804372,15.3,11.986299000000098,0.680951372
757.7,1352.515694,2.0682025,1.029229179,1379.734074,1.429273718,1.485687808,15.3,11.918380000000024,0.638928782
757.8000000000001,1352.726785,2.172982432,1.062785563,1379.881799,1.58310503,1.590938417,15.3,11.855013999999937,0.5898774019999999
757.9000000000001,1352.948534,2.281122539,1.095253168,1380.045433,1.747461402,1.695915229,15.3,11.796898999999893,0.533661137
758.0,1353.181292,2.392459504,1.126359799,1380.226028,1.922342835,1.799249258,15.3,11.744736000000056,0.47011666900000004
758.1,1353.425411,2.50683001,1.155878627,1380.424639,2.107749329,1.89929772,15.3,11.69922800000013,0.39908068100000005
758.2,1353.681223,2.624070741,1.183764287,1380.642316,2.303516605,1.994417834,15.3,11.661092999999891,0.32055413600000016
758.3000000000001,1353.94897,2.744018379,1.210062143,1380.880112,2.508823273,2.082966817,15.3,11.631142000000136,0.23519510599999993
758.4000000000001,1354.228874,2.866509608,1.234999026,1381.139081,2.722683662,2.163301885,15.3,11.610207000000127,0.14382594599999976
758.5,1354.521158,2.991381111,1.258847129,1381.420273,2.944112102,2.234054052,15.3,11.599114999999937,0.04726900899999986
758.6,1354.826042,3.11849679,1.281878649,1381.724612,3.172122925,2.294949522,15.3,11.598570000000063,-0.05362613500000002
758.7,1355.143749,3.247829426,1.304365778,1382.052491,3.405730459,2.346262092,15.3,11.608741999999847,-0.1579010329999999
758.8000000000001,1355.474499,3.379379018,1.326580713,1382.404175,3.643949036,2.389360747,15.3,11.629675999999971,-0.26457001800000013
758.9000000000001,1355.818516,3.513145568,1.348750282,1382.779928,3.885792986,2.42588827,15.3,11.661411999999881,-0.3726474179999997
759.0,1356.17602,3.649129075,1.370919851,1383.180014,4.130440917,2.457487445,15.3,11.70399399999992,-0.48131184199999977
759.1,1356.547233,3.787329538,1.39308942,1383.604697,4.377728551,2.485801054,15.3,11.757463999999981,-0.5903990129999999
759.2,1356.932377,3.927746959,1.415258989,1384.05424,4.627655887,2.51247188,15.3,11.821862999999848,-0.6999089280000006
759.3000000000001,1357.331674,4.070381336,1.437428558,1384.528908,4.880222927,2.538868909,15.3,11.89723399999998,-0.8098415910000005
759.4000000000001,1357.745345,4.21523267,1.459598127,1385.028965,5.135429669,2.565265937,15.3,11.983619999999927,-0.9201969989999998
759.5,1358.173612,4.362300961,1.481654179,1385.554674,5.393276114,2.591662966,15.3,12.081061999999928,-1.030975153
759.6,1358.616697,4.511586209,1.50302913,1386.1063,5.653762262,2.618059995,15.3,12.189602999999988,-1.142176053
759.7,1359.074821,4.663088414,1.52304188,1386.684107,5.916888113,2.644457024,15.3,12.30928600000011,-1.253799699
759.8000000000001,1359.548206,4.816739466,1.541011327,1387.288358,6.182653667,2.670854052,15.3,12.44015200000008,-1.3659142010000007
759.9000000000001,1360.037074,4.972198814,1.556804888,1387.919317,6.451058923,2.696826295,15.3,12.582243000000016,-1.4788601089999993
760.0,1360.541646,5.129057798,1.56809591,1388.57725,6.722103883,2.717948973,15.3,12.735604000000148,-1.5930460850000001
760.1,1361.062145,5.286907757,1.575962361,1389.262418,6.995788545,2.738575912,15.3,12.900272999999924,-1.708880788
760.2,1361.598737,5.445669143,1.579742207,1389.975088,7.271858039,2.749255851,15.3,13.076350999999885,-1.8261888959999997
760.3000000000001,1362.151371,5.60394596,1.579548965,1390.715521,7.547657497,2.749740923,15.3,13.264150000000154,-1.9437115370000004
760.4000000000001,1362.719943,5.762316883,1.575950218,1391.483983,7.825799214,2.737482409,15.3,13.464040000000022,-2.0634823310000003
760.5,1363.304347,5.920044138,1.56907855,1392.280737,8.100612434,2.710356379,15.3,13.676390000000037,-2.1805682960000006
760.6,1363.904478,6.076787177,1.561260616,1393.105844,8.371948437,2.670238893,15.3,13.901366000000007,-2.2951612600000004
760.7,1364.520231,6.232477888,1.551531961,1393.958548,8.638277991,2.610652196,15.3,14.138317000000097,-2.4058001030000007
760.8000000000001,1365.1515,6.387116273,1.541122206,1394.837889,8.898071866,2.540622761,15.3,14.386388999999962,-2.5109555930000003
760.9000000000001,1365.79818,6.54070233,1.530598934,1395.742908,9.149800832,2.460398458,15.3,14.64472799999994,-2.609098502
761.0,1366.460167,6.693236059,1.520075663,1396.672646,9.392190531,2.372528003,15.3,14.91247900000003,-2.6989544720000005
761.1,1367.137354,6.844717462,1.509552391,1397.626143,9.624986091,2.279560114,15.3,15.188788999999996,-2.780268629
761.2,1367.829636,6.995146538,1.499029119,1398.602441,9.848187511,2.184043508,15.3,15.472805000000061,-2.8530409730000006
761.3000000000001,1368.536909,7.144523286,1.488505847,1399.600578,10.06179479,2.088102116,15.3,15.763669000000117,-2.9172715040000003
761.4000000000001,1369.259067,7.292847707,1.477982575,1400.619597,10.26580793,1.992160723,15.3,16.060530000000153,-2.9729602229999994
761.5,1369.996005,7.440119801,1.467459303,1401.658537,10.46022694,1.896219331,15.3,16.362532000000055,-3.0201071390000003
761.6,1370.747617,7.586339568,1.456855593,1402.716439,10.6450518,1.800277939,15.3,16.668822000000045,-3.0587122319999995
761.7,1371.513799,7.731507007,1.445769248,1403.792344,10.82028252,1.704336547,15.3,16.978544999999894,-3.088775512999999
761.8000000000001,1372.294445,7.87562212,1.433717637,1404.885293,10.98591911,1.608395154,15.3,17.29084800000005,-3.1102969899999993
761.9000000000001,1373.089449,8.018636641,1.420218126,1405.994325,11.14196156,1.512397863,15.3,17.60487599999983,-3.123324919
762.0,1373.898708,8.160309256,1.404788081,1407.118482,11.28840986,1.416065179,15.3,17.919774000000142,-3.128100604
762.1,1374.722115,8.300350383,1.386944869,1408.256804,11.42526403,1.319061708,15.3,18.23468900000007,-3.1249136469999996
762.2,1375.559565,8.438470443,1.366286295,1409.408332,11.55249052,1.221052057,15.3,18.548766999999952,-3.1140200769999993
762.3000000000001,1376.410914,8.574379856,1.34273192,1410.572106,11.66992163,1.121700834,15.3,18.861192000000027,-3.095541773999999
762.4000000000001,1377.275865,8.707789041,1.316362184,1411.747167,11.77735613,1.020672644,15.3,19.171301999999923,-3.0695670889999995
762.5,1378.154079,8.838408418,1.287579281,1412.932555,11.87459279,0.917687993,15.3,19.47847600000018,-3.0361843719999992
762.6,1379.045221,8.965948408,1.256865844,1414.127285,11.96143036,0.812690983,15.3,19.782063999999945,-2.9954819520000004
762.7,1379.948953,9.090167694,1.224704507,1415.330262,12.03766762,0.705737512,15.3,20.081308999999873,-2.9474999260000008
762.8000000000001,1380.864939,9.211018012,1.191577903,1416.540367,12.10310331,0.597107075,15.3,20.37542800000001,-2.8920852979999996
762.9000000000001,1381.792841,9.328499362,1.157968665,1417.756478,12.15753622,0.487135065,15.3,20.66363700000006,-2.8290368580000003
763.0,1382.732323,9.442611745,1.124278989,1418.977476,12.20079864,0.376156876,15.3,20.945153000000072,-2.7581868949999997
763.1,1383.683048,9.55335516,1.090589313,1420.20224,12.23285704,0.264507899,15.3,21.219191999999975,-2.67950188
763.2,1384.644679,9.660729608,1.056899636,1421.42965,12.2537114,0.15252353,15.3,21.48497100000004,-2.592981792
763.3000000000001,1385.616879,9.764735087,1.02320996,1422.658584,12.26336174,0.040483262,15.3,21.741705000000092,-2.4986266530000005
763.4000000000001,1386.599311,9.8653716,0.989520284,1423.887924,12.26180805,-0.071557007,15.3,21.988613000000168,-2.3964364500000013
763.5,1387.591638,9.962639144,0.955830607,1425.116548,12.24905034,-0.183597275,15.3,22.224909999999863,-2.2864111959999995
763.6,1388.593523,10.05653772,0.922140759,1426.343336,12.2250886,-0.295637544,15.3,22.449812999999903,-2.1685508799999997
763.7,1389.60463,10.14706733,0.888449882,1427.567168,12.18992283,-0.407677812,15.3,22.662537999999994,-2.0428555
763.8000000000001,1390.624621,10.23422797,0.854756946,1428.786923,12.14355304,-0.51971808,15.3,22.862301999999953,-1.9093250700000013
763.9000000000001,1391.65316,10.31801954,0.821060921,1430.00148,12.08597922,-0.631483186,15.3,23.04831999999983,-1.7679596800000006
764.0,1392.689909,10.39844153,0.787360779,1431.20972,12.01720137,-0.741597314,15.3,23.219811000000117,-1.618759840000001
764.1,1393.734533,10.47549331,0.75365549,1432.410523,11.93721949,-0.848409488,15.3,23.375989999999955,-1.4617261800000012
764.2,1394.786693,10.54917427,0.719944197,1433.602766,11.84619869,-0.950268731,15.3,23.51607299999996,-1.2970244199999996
764.3000000000001,1395.846053,10.6194838,0.686226726,1434.785331,11.74496444,-1.045524065,15.3,23.639278000000058,-1.125480640000001
764.4000000000001,1396.912276,10.68642127,0.652503251,1435.957097,11.63450734,-1.132524513,15.3,23.744820999999956,-0.9480860700000004
764.5,1397.985024,10.74998606,0.618774629,1437.116943,11.51581798,-1.209894261,15.3,23.831918999999925,-0.7658319200000001
764.6,1399.06396,10.81017756,0.585041889,1438.263882,11.38988693,-1.277358146,15.3,23.899922000000014,-0.5797093699999998
764.7,1400.148747,10.86699526,0.551306062,1439.397452,11.25770478,-1.335191331,15.3,23.948704999999972,-0.3907095199999997
764.8000000000001,1401.239046,10.92043905,0.517568175,1440.517326,11.12026213,-1.38476963,15.3,23.978279999999994,-0.19982307999999982
764.9000000000001,1402.334521,10.97050893,0.483829259,1441.623177,10.97854956,-1.42774402,15.3,23.988655999999946,-0.008040629999999993
765.0,1403.434835,11.0172049,0.450090171,1442.714676,10.83339255,-1.465765479,15.3,23.979841000000032,0.18381235000000018
765.1,1404.539649,11.06052697,0.416351083,1443.791495,10.6849562,-1.500484983,15.3,23.951845999999886,0.3755707699999995
765.2,1405.648627,11.10047512,0.382611996,1444.853307,10.53324052,-1.533553511,15.3,23.904680000000052,0.5672346000000008
765.3000000000001,1406.761431,11.13704936,0.348872908,1445.899783,10.3782455,-1.566346875,15.3,23.838352000000167,0.7588038600000004
765.4000000000001,1407.877724,11.1702497,0.31513382,1446.930596,10.21997114,-1.59914024,15.3,23.75287199999998,0.9502785599999992
765.5,1408.997168,11.20007613,0.281394733,1447.945417,10.05841745,-1.631933604,15.3,23.648248999999804,1.141658679999999
765.6,1410.119426,11.22652865,0.247614714,1448.943919,9.89358442,-1.664726969,15.3,23.524493000000074,1.3329442300000007
765.7,1411.244161,11.24960726,0.213589107,1449.925773,9.725472055,-1.697520333,15.3,23.38161199999986,1.5241352050000003
765.8000000000001,1412.371035,11.26931196,0.179072326,1450.890653,9.554080354,-1.730313698,15.3,23.219618000000036,1.7152316059999997
765.9000000000001,1413.49971,11.28561819,0.143818783,1451.838229,9.379409316,-1.76262318,15.3,23.038518999999905,1.906208873999999
766.0,1414.62985,11.29840317,0.10758289,1452.768174,9.201458941,-1.79139799,15.3,22.83832400000001,2.096944229
766.1,1415.761117,11.30751952,0.070119059,1453.680161,9.02022923,-1.815029889,15.3,22.619043999999985,2.2872902899999996
766.2,1416.893174,11.31281992,0.031222636,1454.57386,8.836010512,-1.830518689,15.3,22.380685999999923,2.476809408000001
766.3000000000001,1418.025663,11.31415699,-0.009147313,1455.448944,8.650633261,-1.833795235,15.3,22.123281000000087,2.6635237290000013
766.4000000000001,1419.158149,11.31138339,-0.050949854,1456.305086,8.46506242,-1.822555311,15.3,21.84693699999998,2.846320969999999
766.5,1420.290177,11.30435177,-0.093980333,1457.141957,8.281098102,-1.794379508,15.3,21.55177999999996,3.0232536680000006
766.6,1421.421291,11.29291478,-0.137993161,1457.959461,8.1011818,-1.74941532,15.3,21.23816999999981,3.1917329799999994
766.7,1422.551036,11.27694961,-0.182742752,1458.758433,7.926696044,-1.686851577,15.3,20.9073969999999,3.350253566000001
766.8000000000001,1423.678957,11.25643172,-0.227983517,1459.539937,7.759382808,-1.609204583,15.3,20.560979999999926,3.4970489120000003
766.9000000000001,1424.804599,11.2313611,-0.27346987,1460.305039,7.600984069,-1.520543494,15.3,20.200440000000025,3.630377031000001
767.0,1425.927505,11.20173774,-0.318997155,1461.054805,7.452951474,-1.423172524,15.3,19.827299999999877,3.7487862660000006
767.1,1427.047222,11.16756166,-0.364524439,1461.790301,7.315575352,-1.319994967,15.3,19.44307900000008,3.8519863080000007
767.2,1428.163294,11.12883286,-0.410051723,1462.512592,7.188855704,-1.213914115,15.3,19.04929800000009,3.9399771559999994
767.3000000000001,1429.275265,11.08555132,-0.455579007,1463.222744,7.072792529,-1.107349382,15.3,18.64747899999993,4.012758791
767.4000000000001,1430.382681,11.03771705,-0.501106291,1463.921822,6.967385828,-1.000784649,15.3,18.23914099999997,4.070331221999999
767.5,1431.485085,10.98533006,-0.546633576,1464.610893,6.872635599,-0.894219915,15.3,17.825808000000006,4.112694461000001
767.6,1432.582023,10.92839034,-0.592062084,1465.291021,6.788541845,-0.787655182,15.3,17.408998000000064,4.139848495
767.7,1433.67304,10.86689789,-0.636897941,1465.963273,6.715104563,-0.681090449,15.3,16.99023300000017,4.151793327000001
767.8000000000001,1434.757679,10.80085271,-0.680548492,1466.628714,6.652323755,-0.574525715,15.3,16.571034999999892,4.148528954999999
767.9000000000001,1435.835487,10.73031407,-0.722421085,1467.28841,6.60019942,-0.467960982,15.3,16.152923000000055,4.13011465
768.0,1436.906006,10.65557829,-0.761923068,1467.943426,6.558731558,-0.361683694,15.3,15.73742000000011,4.0968467319999995
768.1,1437.968784,10.57700097,-0.798461788,1468.594828,6.52792017,-0.25713108,15.3,15.326044000000092,4.0490808000000005
768.2,1439.023363,10.49493769,-0.831543368,1469.243681,6.507765255,-0.156027814,15.3,14.920317999999906,3.9871724350000006
768.3000000000001,1440.069336,10.40974405,-0.861069032,1469.891053,6.498094346,-0.060098569,15.3,14.521717000000034,3.9116497040000002
768.4000000000001,1441.106486,10.32177564,-0.887137556,1470.538007,6.498045107,0.02893198,15.3,14.131521000000202,3.823730533
768.5,1442.13464,10.23138805,-0.910242818,1471.185609,6.506582731,0.10933916,15.3,13.750969000000122,3.7248053189999997
768.6,1443.153629,10.13893687,-0.930977469,1471.834926,6.522672417,0.179685743,15.3,13.381297000000085,3.6162644530000003
768.7,1444.163282,10.04471843,-0.949934162,1472.486885,6.545279358,0.239684283,15.3,13.023603000000048,3.4994390719999995
768.8000000000001,1445.163427,9.948791998,-0.96770555,1473.141862,6.573368751,0.289622225,15.3,12.67843499999999,3.3754232470000005
768.9000000000001,1446.153894,9.851157567,-0.984884286,1473.800094,6.605905792,0.330936798,15.3,12.346199999999907,3.245251775
769.0,1447.134512,9.751815141,-1.001964246,1474.461819,6.641855676,0.365352676,15.3,12.027307000000018,3.109959465
769.1,1448.105111,9.650764718,-1.019044206,1475.127276,6.680356066,0.394594532,15.3,11.722164999999858,2.9704086519999997
769.2,1449.065519,9.548006299,-1.036124166,1475.796702,6.721234496,0.420387041,15.3,11.4311830000001,2.8267718030000006
769.3000000000001,1450.015566,9.443539885,-1.053204126,1476.470334,6.764490964,0.444454875,15.3,11.154768000000058,2.6790489209999997
769.4000000000001,1450.955081,9.337365474,-1.070284087,1477.148411,6.810125471,0.468235265,15.3,10.893329999999832,2.527240003
769.5,1451.883894,9.229483067,-1.087364047,1477.83117,6.858138017,0.492015654,15.3,10.647275999999874,2.3713450500000004
769.6,1452.801832,9.119892665,-1.104370432,1478.518849,6.908528601,0.515796043,15.3,10.417016999999941,2.2113640639999996
769.7,1453.708726,9.008594266,-1.120935371,1479.211687,6.961297225,0.539576432,15.3,10.202960999999913,2.0472970409999993
769.8000000000001,1454.604405,8.895587871,-1.136617416,1479.90992,7.016443888,0.563356821,15.3,10.005515000000013,1.8791439829999996
769.9000000000001,1455.488698,8.780917625,-1.150975121,1480.613786,7.073968589,0.58713721,15.3,9.825087999999777,1.706949036000001
770.0,1456.361434,8.664804251,-1.163567039,1481.323524,7.13387133,0.610464311,15.3,9.662089999999989,1.5309329209999998
770.1,1457.222442,8.547512618,-1.174260293,1482.039372,7.196152109,0.628569012,15.3,9.516929999999956,1.351360509000001
770.2,1458.071552,8.429307592,-1.1817613,1482.761566,7.260810928,0.646239591,15.3,9.390013999999791,1.168496664000001
770.3000000000001,1458.908628,8.310454043,-1.186922196,1483.490345,7.327575812,0.65324831,15.3,9.281717000000025,0.9828782309999999
770.4000000000001,1459.733675,8.191031696,-1.189507987,1484.225946,7.393585295,0.649378108,15.3,9.192271000000073,0.7974464009999993
770.5,1460.546736,8.071860845,-1.189886543,1484.968608,7.461712344,0.631909255,15.3,9.121871999999893,0.6101485009999994
770.6,1461.347851,7.952650933,-1.188499312,1485.718568,7.525820316,0.598575308,15.3,9.070717000000013,0.42683061700000025
770.7,1462.137061,7.833807826,-1.18547917,1486.475847,7.585778974,0.551425649,15.3,9.038786000000027,0.24802885200000002
770.8000000000001,1462.914407,7.715375666,-1.182193275,1487.239594,7.63995648,0.483405557,15.3,9.025186999999914,0.07541918599999953
770.9000000000001,1463.679931,7.597354456,-1.178157364,1488.008742,7.686720996,0.404289483,15.3,9.028811000000086,-0.08936654000000033
771.0,1464.433672,7.479744194,-1.174047877,1488.782222,7.724440684,0.314294489,15.3,9.048550000000159,-0.24469648999999993
771.1,1465.175674,7.36254488,-1.169938391,1489.558968,7.751755678,0.216140303,15.3,9.083293999999977,-0.3892107980000006
771.2,1465.905976,7.245756515,-1.165828905,1490.337912,7.768394006,0.112546657,15.3,9.13193599999995,-0.5226374910000002
771.3000000000001,1466.62462,7.129379099,-1.161719418,1491.117985,7.774355667,0.00623328,15.3,9.193365000000039,-0.6449765679999997
771.4000000000001,1467.331646,7.013412632,-1.157609932,1491.898121,7.769640662,-0.100533385,15.3,9.266474999999854,-0.7562280299999999
771.5,1468.027097,6.897857113,-1.153500446,1492.677252,7.75424899,-0.207300049,15.3,9.35015500000004,-0.8563918770000001
771.6,1468.711012,6.782712542,-1.14939096,1493.454309,7.728180652,-0.314066714,15.3,9.443296999999983,-0.9454681100000002
771.7,1469.383434,6.667978921,-1.145306178,1494.228226,7.691435648,-0.420833379,15.3,9.54479199999987,-1.0234567270000001
771.8000000000001,1470.044403,6.553656248,-1.141369622,1494.997935,7.644013976,-0.527600044,15.3,9.653531999999995,-1.0903577279999999
771.9000000000001,1470.69396,6.439744523,-1.137729518,1495.762367,7.585915639,-0.634366709,15.3,9.768406999999979,-1.1461711160000005
772.0,1471.332146,6.326228925,-1.134534091,1496.520456,7.517140635,-0.740810019,15.3,9.88831,-1.19091171
772.1,1471.959003,6.21303534,-1.131931569,1497.271134,7.437688964,-0.845313204,15.3,10.012131000000135,-1.224653624
772.2,1472.574571,6.100074832,-1.130070176,1498.013332,7.347560627,-0.945936137,15.3,10.138760999999885,-1.2474857950000002
772.3000000000001,1473.178892,5.987258466,-1.129073435,1498.745984,7.246949636,-1.040738694,15.3,10.267092000000002,-1.25969117
772.4000000000001,1473.771995,5.874497306,-1.12896605,1499.468022,7.136826054,-1.127780747,15.3,10.396026999999957,-1.2623287479999998
772.5,1474.353862,5.761702418,-1.129723316,1500.178377,7.018353956,-1.205122172,15.3,10.524515000000019,-1.2566515380000007
772.6,1474.924462,5.648784864,-1.131221712,1500.875983,6.892697418,-1.271146197,15.3,10.651520999999956,-1.2439125540000004
772.7,1475.483766,5.53565571,-1.133313011,1501.559927,6.761020516,-1.325529468,15.3,10.776160999999956,-1.225364806
772.8000000000001,1476.031744,5.422240842,-1.135848989,1502.229917,6.624487324,-1.368595339,15.3,10.898172999999996,-1.2022464820000005
772.9000000000001,1476.568365,5.308525439,-1.138681418,1502.885817,6.484261918,-1.401960581,15.3,11.017452000000002,-1.1757364789999993
773.0,1477.093599,5.1945095,-1.141662073,1503.52749,6.341508373,-1.42756532,15.3,11.133890999999903,-1.1469988730000003
773.1,1477.607417,5.080193024,-1.144667433,1504.154801,6.197196753,-1.447349683,15.3,11.247383999999965,-1.1170037290000003
773.2,1478.109788,4.965576013,-1.147672793,1504.767612,6.05152107,-1.463253794,15.3,11.357824000000118,-1.085945057
773.3000000000001,1478.600682,4.850658466,-1.150678152,1505.365787,5.904481324,-1.477217779,15.3,11.465104999999948,-1.0538228580000002
773.4000000000001,1479.08007,4.735440383,-1.153683512,1505.94919,5.756077514,-1.49085841,15.3,11.569120000000066,-1.020637131
773.5,1479.547921,4.619921763,-1.156688872,1506.517684,5.606309642,-1.50449904,15.3,11.66976299999983,-0.9863878790000005
773.6,1480.004205,4.504102608,-1.159694231,1507.071134,5.455177706,-1.518139671,15.3,11.766929000000072,-0.9510750979999996
773.7,1480.448892,4.387982917,-1.162686498,1507.609402,5.302681707,-1.531780302,15.3,11.860510000000158,-0.9146987899999992
773.8000000000001,1480.881951,4.27156269,-1.165600209,1508.132352,5.148821646,-1.545420933,15.3,11.95040100000001,-0.8772589560000004
773.9000000000001,1481.303354,4.154841927,-1.168356806,1508.639848,4.993597521,-1.559061564,15.3,12.036494000000129,-0.8387555940000002
774.0,1481.71307,4.037828484,-1.170877733,1509.131754,4.837009333,-1.572486738,15.3,12.118683999999984,-0.7991808489999999
774.1,1482.111069,3.920561638,-1.173084434,1509.607932,4.679057082,-1.583456933,15.3,12.196862999999848,-0.7584954439999998
774.2,1482.49732,3.803088525,-1.174959886,1510.068247,4.519740768,-1.594166111,15.3,12.270926999999983,-0.716652243
774.3000000000001,1482.871794,3.685456277,-1.176254022,1510.512562,4.359189665,-1.599834823,15.3,12.34076799999998,-0.6737333879999996
774.4000000000001,1483.234467,3.56771203,-1.177138353,1510.940741,4.198747486,-1.600332561,15.3,12.406273999999893,-0.6310354560000002
774.5,1483.585341,3.449865996,-1.177564437,1511.352648,4.037097854,-1.594366581,15.3,12.467307000000073,-0.5872318579999996
774.6,1483.924422,3.33207607,-1.177597738,1511.748145,3.877108439,-1.580859596,15.3,12.523722999999972,-0.5450323690000003
774.7,1484.251719,3.214278627,-1.177316812,1512.1272,3.718857545,-1.560758385,15.3,12.575480999999808,-0.504578918
774.8000000000001,1484.56724,3.096549863,-1.176738682,1512.490194,3.563120819,-1.530791701,15.3,12.62295399999989,-0.466570956
774.9000000000001,1484.870991,2.978897635,-1.176126508,1512.83761,3.410673907,-1.495523533,15.3,12.666619000000036,-0.431776272
775.0,1485.162981,2.861321943,-1.175374243,1513.169934,3.262292455,-1.455084391,15.3,12.706953000000066,-0.4009705119999998
775.1,1485.443217,2.743822786,-1.174608885,1513.487648,3.118622834,-1.410767018,15.3,12.74443100000003,-0.374800048
775.2,1485.711707,2.626400165,-1.173843527,1513.791238,2.979794319,-1.363864158,15.3,12.779531000000087,-0.3533941539999996
775.3000000000001,1485.968459,2.509054081,-1.173078169,1514.081187,2.845806911,-1.315668554,15.3,12.81272800000006,-0.33675283
775.4000000000001,1486.21348,2.391784532,-1.172312811,1514.357979,2.716660609,-1.267257493,15.3,12.844498999999995,-0.3248760769999999
775.5,1486.446778,2.274591519,-1.171547453,1514.622098,2.592355412,-1.218846432,15.3,12.875320000000055,-0.31776389299999996
775.6,1486.66836,2.157475041,-1.170782095,1514.874029,2.472891322,-1.170435371,15.3,12.90566900000017,-0.3154162810000001
775.7,1486.878234,2.040435099,-1.169819697,1515.114256,2.358268338,-1.12202431,15.3,12.936022000000047,-0.3178332389999996
775.8000000000001,1487.076409,1.923471694,-1.167675062,1515.343262,2.24848646,-1.073613249,15.3,12.966853000000082,-0.325014766
775.9000000000001,1487.26289,1.806584824,-1.16316595,1515.561533,2.143545688,-1.025202189,15.3,12.998643000000083,-0.33696086400000014
776.0,1487.437687,1.689892713,-1.155110124,1515.769551,2.043446022,-0.976985459,15.3,13.031863999999995,-0.3535533089999998
776.1,1487.600807,1.573986482,-1.142325347,1515.967801,1.948187463,-0.929934718,15.3,13.066993999999976,-0.374200981
776.2,1487.752257,1.459575471,-1.123629379,1516.156768,1.857770009,-0.885215955,15.3,13.104510999999956,-0.39819453800000004
776.3000000000001,1487.892045,1.347369025,-1.098037024,1516.336935,1.772077063,-0.843995157,15.3,13.144889999999986,-0.4247080379999999
776.4000000000001,1488.020274,1.238076486,-1.06535124,1516.508786,1.690525629,-0.807438314,15.3,13.188512000000127,-0.45244914299999994
776.5,1488.137424,1.132407196,-1.025769068,1516.672806,1.612416115,-0.775747267,15.3,13.235382000000026,-0.4800089190000001
776.6,1488.244069,1.031070499,-0.980275706,1516.829478,1.537048928,-0.752786114,15.3,13.285409000000026,-0.505978429
776.7,1488.340786,0.934775738,-0.930053392,1516.979194,1.463724475,-0.735856745,15.3,13.338408000000026,-0.528948737
776.8000000000001,1488.428149,0.84411403,-0.876284364,1517.121971,1.392321649,-0.725728977,15.3,13.393821999999954,-0.5482076190000001
776.9000000000001,1488.506733,0.759203601,-0.82015086,1517.257734,1.320405395,-0.721431153,15.3,13.451001000000087,-0.5612017940000001
777.0,1488.577114,0.68004445,-0.762835118,1517.386407,1.249011582,-0.721797282,15.3,13.509293000000024,-0.568967132
777.1,1488.639866,0.606636578,-0.705322337,1517.507914,1.176978729,-0.726625524,15.3,13.568048000000044,-0.570342151
777.2,1488.695565,0.538979983,-0.647809555,1517.622181,1.104190237,-0.73185745,15.3,13.626615999999967,-0.565210254
777.3000000000001,1488.744786,0.477074667,-0.590296774,1517.72913,1.030646105,-0.739219512,15.3,13.684343999999964,-0.553571438
777.4000000000001,1488.788105,0.420920628,-0.532783992,1517.828688,0.956346334,-0.746775905,15.3,13.740582999999969,-0.5354257060000001
777.5,1488.826095,0.370517868,-0.475271211,1517.920777,0.881290924,-0.754332297,15.3,13.794682000000147,-0.510773056
777.6,1488.859333,0.325866386,-0.417758429,1518.005324,0.805479875,-0.76188869,15.3,13.845990999999866,-0.47961348899999995
777.7,1488.888393,0.286966182,-0.360313609,1518.082251,0.728913186,-0.768084046,15.3,13.89385800000009,-0.441947004
777.8000000000001,1488.91385,0.253817257,-0.303276555,1518.151484,0.651590858,-0.774640103,15.3,13.93763400000007,-0.39777360100000003
777.9000000000001,1488.93628,0.226419609,-0.247055033,1518.212947,0.573512891,-0.780474758,15.3,13.976667000000088,-0.347093282
778.0,1488.956258,0.204732463,-0.192056811,1518.266565,0.495495907,-0.777610733,15.3,14.010306999999965,-0.290763444
778.1,1488.974359,0.188551935,-0.138689653,1518.312261,0.416601317,-0.753059244,15.3,14.037901999999985,-0.22804938200000002
778.2,1488.991158,0.177633366,-0.087361327,1518.34996,0.336634252,-0.710745975,15.3,14.058801999999968,-0.15900088600000004
778.3000000000001,1489.007231,0.171732096,-0.038411638,1518.379588,0.262346746,-0.651874539,15.3,14.072356999999965,-0.09061465000000002
778.4000000000001,1489.023118,0.170603465,0.008091453,1518.401067,0.199755312,-0.574723198,15.3,14.077948999999943,-0.02915184699999998
778.5,1489.039234,0.174002813,0.052215908,1518.414323,0.147065306,-0.476448369,15.3,14.075088999999888,0.026937507
778.6,1489.055957,0.18168548,0.094301531,1518.41928,0.104371183,-0.376489537,15.3,14.063323000000036,0.077314297
778.7,1489.073666,0.193406807,0.134756089,1518.422824,0.071767399,-0.275113882,15.3,14.049157999999988,0.12163940799999999
778.8000000000001,1489.092741,0.208962911,0.173987348,1518.426369,0.049348407,-0.186037806,15.3,14.033628000000089,0.159614504
778.9000000000001,1489.113562,0.228313014,0.212403074,1518.429913,0.037208663,-0.114880935,15.3,14.01635099999994,0.191104351
779.0,1489.136507,0.251457118,0.250411034,1518.433457,0.035442622,-0.060541294,15.3,13.996950000000151,0.21601449599999997
779.1,1489.161956,0.278395221,0.288351033,1518.437002,0.035442622,-0.023176308,15.3,13.975045999999974,0.24295259900000002
779.2,1489.190289,0.309127324,0.326291032,1518.440546,0.035442622,-0.002943402,15.3,13.950257000000146,0.273684702
779.3000000000001,1489.221885,0.343653428,0.364231031,1518.44409,0.035442622,-4.95e-11,15.3,13.92220500000003,0.308210806
779.4000000000001,1489.257123,0.381973531,0.40217103,1518.447634,0.035442622,-2.66e-11,15.3,13.890511000000014,0.346530909
779.5,1489.296382,0.424087634,0.440111029,1518.451179,0.035442622,-7.67e-12,15.3,13.854796999999916,0.388645012
779.6,1489.340043,0.469995736,0.478051028,1518.454723,0.035442622,0.0,15.3,13.814680000000134,0.434553114
779.7,1489.388484,0.519697839,0.516046403,1518.458267,0.035442622,7.67e-12,15.3,13.769782999999915,0.484255217
779.8000000000001,1489.442086,0.573193942,0.554374038,1518.461811,0.035442622,2.66e-11,15.3,13.71972499999988,0.5377513199999999
779.9000000000001,1489.501226,0.630484044,0.593366191,1518.465356,0.035442622,4.95e-11,15.3,13.66412999999984,0.595041422
780.0,1489.566285,0.691601373,0.633355123,1518.4689,0.035442622,0.204608094,15.3,13.602614999999968,0.656158751
780.1,1489.637643,0.756712056,0.674673091,1518.472444,0.035442622,0.44776306,15.3,13.53480099999997,0.721269434
780.2,1489.715678,0.826015451,0.717652356,1518.475988,0.035442622,0.731391763,15.3,13.46030999999989,0.7905728289999999
780.3000000000001,1489.800769,0.899710913,0.7625698,1518.479533,0.158207479,1.10663336,15.3,13.378764,0.741503434
780.4000000000001,1489.893324,0.977997796,0.8094808,1518.483077,0.304100459,1.475511146,15.3,13.2897530000002,0.6738973370000001
780.5,1489.993854,1.061075458,0.858329979,1518.486621,0.47427768,1.828974015,15.3,13.192766999999957,0.586797778
780.6,1490.102898,1.149143253,0.908840455,1518.490165,0.669895262,2.104573132,15.3,13.087266999999837,0.47924799100000004
780.7,1490.220995,1.242400536,0.960679968,1518.591922,0.92074931,2.337781226,15.3,13.070927000000164,0.32165122600000007
780.8000000000001,1490.348684,1.341013439,1.013516258,1518.71218,1.17766489,2.424187166,15.3,13.06349599999994,0.16334854899999995
780.9000000000001,1490.486503,1.445015186,1.067017068,1518.851866,1.420951359,2.495518653,15.3,13.065362999999888,0.024063826999999982
781.0,1490.634992,1.554405777,1.120850136,1519.011905,1.706769194,2.481344066,15.3,13.076913000000058,-0.1523634170000001
781.1,1490.79469,1.669185213,1.174738581,1519.19322,1.92878998,2.472189985,15.3,13.098530000000164,-0.2596047669999999
781.2,1490.966135,1.789353493,1.228627026,1519.396738,2.167206454,2.480685446,15.3,13.130603000000018,-0.3778529610000001
781.3000000000001,1491.149866,1.914910618,1.282515471,1519.623382,2.409827353,2.451431617,15.3,13.173516000000017,-0.4949167349999999
781.4000000000001,1491.346423,2.045856587,1.336403917,1519.874079,2.654970514,2.52657934,15.3,13.227655999999978,-0.6091139270000001
781.5,1491.556343,2.182191401,1.390292362,1520.149752,2.909362626,2.601377021,15.3,13.293409000000064,-0.7271712250000002
781.6,1491.780166,2.32391506,1.444180807,1520.451327,3.173003689,2.68265538,15.3,13.371160999999983,-0.8490886290000002
781.7,1492.018432,2.471027563,1.498069252,1520.779728,3.445893703,2.775144885,15.3,13.461295999999901,-0.97486614
781.8000000000001,1492.271678,2.62352891,1.551876991,1521.135881,3.728032666,2.867634391,15.3,13.56420299999986,-1.1045037559999997
781.9000000000001,1492.540443,2.781419102,1.605200496,1521.52071,4.019420581,2.960123896,15.3,13.680266999999912,-1.2380014790000002
782.0,1492.825267,2.944698139,1.657555533,1521.935141,4.320057446,3.051724038,15.3,13.80987399999999,-1.3753593069999996
782.1,1493.126688,3.113317596,1.708457867,1522.380097,4.629943261,3.137987996,15.3,13.953408999999919,-1.5166256650000003
782.2,1493.445246,3.287035358,1.757423264,1522.856505,4.949078027,3.212601544,15.3,14.111258999999972,-1.6620426689999999
782.3000000000001,1493.781478,3.465560882,1.803967489,1523.365288,5.276928125,3.273162628,15.3,14.283809999999857,-1.8113672430000003
782.4000000000001,1494.135925,3.64860363,1.847687015,1523.907373,5.610825464,3.311400936,15.3,14.471447999999963,-1.9622218340000002
782.5,1494.509086,3.83587306,1.888501136,1524.483683,5.946981507,3.322958327,15.3,14.674596999999903,-2.1111084470000003
782.6,1494.901306,4.027078632,1.926490556,1525.095143,6.283955023,3.303387982,15.3,14.89383700000003,-2.2568763909999996
782.7,1495.312892,4.221929805,1.962058806,1525.742253,6.616783823,3.251800537,15.3,15.129360999999971,-2.3948540179999993
782.8000000000001,1495.74415,4.420136039,1.995690118,1526.423801,6.942853023,3.170063399,15.3,15.379650999999921,-2.5227169839999997
782.9000000000001,1496.195387,4.621455216,2.027868728,1527.138152,7.258960914,3.059689258,15.3,15.642765000000008,-2.637505698
783.0,1496.666909,4.825838914,2.059078869,1527.883669,7.561905786,2.928948426,15.3,15.916760000000021,-2.7360668719999994
783.1,1497.159022,5.033287131,2.089804776,1528.658715,7.849019546,2.782199045,15.3,16.19969299999998,-2.8157324150000003
783.2,1497.672034,5.243799869,2.120449977,1529.461655,8.119768577,2.624777297,15.3,16.489621000000124,-2.8759687080000003
783.3000000000001,1498.20625,5.457377127,2.151095178,1530.290852,8.374152879,2.462019365,15.3,16.78460200000013,-2.9167757520000004
783.4000000000001,1498.761977,5.674018905,2.181740379,1531.144668,8.61217245,2.29837207,15.3,17.082691000000022,-2.9381535449999996
783.5,1499.339521,5.893725203,2.212385581,1532.021468,8.833827292,2.134724774,15.3,17.38194699999981,-2.9401020890000007
783.6,1499.93919,6.116496021,2.243030782,1532.919616,9.039117405,1.971077479,15.3,17.68042599999985,-2.922621384000001
783.7,1500.561288,6.342331359,2.273675983,1533.837474,9.228042788,1.807430183,15.3,17.976185999999824,-2.8857114289999997
783.8000000000001,1501.206124,6.571231217,2.303889206,1534.773407,9.400603442,1.643782888,15.3,18.26728299999986,-2.8293722249999993
783.9000000000001,1501.874002,6.803195596,2.331510558,1535.725777,9.556799366,1.480135592,15.3,18.551775000000088,-2.75360377
784.0,1502.565231,7.038224494,2.352842753,1536.692949,9.69663056,1.31710112,15.3,18.827717999999958,-2.6584060659999995
784.1,1503.280115,7.276058726,2.368610173,1537.673286,9.820097025,1.157743587,15.3,19.093170999999938,-2.5440382990000012
784.2,1504.018962,7.515402356,2.372904694,1538.665151,9.92719876,1.005739932,15.3,19.34618899999982,-2.4117964039999995
784.3000000000001,1504.782078,7.75403701,2.364239865,1539.666908,10.01830346,0.864767096,15.3,19.584829999999965,-2.26426645
784.4000000000001,1505.569769,7.992397321,2.340455793,1540.67692,10.09524959,0.738502016,15.3,19.807151000000157,-2.1028522689999996
784.5,1506.382135,8.226938412,2.3011205,1541.693552,10.16024333,0.630171806,15.3,20.01141699999989,-1.9333049179999993
784.6,1507.218446,8.456768413,2.247771383,1542.715166,10.21549082,0.540908616,15.3,20.196719999999868,-1.7587224069999987
784.7,1508.077763,8.680332202,2.179252078,1543.74042,10.26319823,0.479820126,15.3,20.36265700000008,-1.5828660279999998
784.8000000000001,1508.959148,8.896074656,2.101470711,1544.769149,10.30530184,0.436899003,15.3,20.510001000000056,-1.4092271840000006
784.9000000000001,1509.861666,9.10269984,2.015913734,1545.80148,10.34284863,0.412362576,15.3,20.63981400000007,-1.240148790000001
785.0,1510.784377,9.299948568,1.925173017,1546.837544,10.38314167,0.402533906,15.3,20.75316700000003,-1.083193102000001
785.1,1511.726344,9.487820839,1.831840429,1547.877466,10.42238273,0.404674871,15.3,20.851121999999986,-0.9345618910000013
785.2,1512.686629,9.666316654,1.738075863,1548.921378,10.46290836,0.415573526,15.3,20.934748999999965,-0.796591706000001
785.3000000000001,1513.664295,9.835436012,1.644311297,1549.969406,10.50471858,0.424525046,15.3,21.005110999999896,-0.6692825679999999
785.4000000000001,1514.658404,9.995178913,1.550546731,1551.021679,10.54781337,0.437370835,15.3,21.06327499999993,-0.5526344569999999
785.5,1515.668019,10.14554536,1.456782165,1552.078326,10.59219275,0.450216624,15.3,21.110307000000102,-0.44664739000000075
785.6,1516.692202,10.28653535,1.363017599,1553.139475,10.6378567,0.463062413,15.3,21.147272999999995,-0.351321350000001
785.7,1517.730015,10.41814888,1.269253033,1554.205255,10.68480523,0.475908202,15.3,21.175239999999985,-0.2666563499999999
785.8000000000001,1518.78052,10.54038595,1.175818149,1555.275794,10.73303834,0.488753991,15.3,21.19527399999988,-0.192652390000001
785.9000000000001,1519.84278,10.65324657,1.08436136,1556.351221,10.78255603,0.50159978,15.3,21.208440999999947,-0.12930946
786.0,1520.915857,10.75673073,0.996860761,1557.431663,10.83335829,0.514445569,15.3,21.21580600000011,-0.07662756000000037
786.1,1521.998814,10.85103625,0.915294445,1558.51725,10.88544514,0.527353778,15.3,21.218436000000064,-0.034408889999999914
786.2,1523.090713,10.93715216,0.841640507,1559.60811,10.93881657,0.540636505,15.3,21.217396999999846,-0.0016644100000000606
786.3000000000001,1524.190616,11.01626533,0.777877043,1560.704371,10.99347257,0.554668271,15.3,21.213754999999946,0.022792759999999745
786.4000000000001,1525.297586,11.08956262,0.725488823,1561.806162,11.0494506,0.569823593,15.3,21.208576000000175,0.04011202000000047
786.5,1526.410844,11.15823088,0.684901793,1562.913611,11.10693793,0.586476991,15.3,21.202766999999948,0.05129294999999878
786.6,1527.530242,11.22345696,0.656249107,1564.026847,11.16615926,0.605002984,15.3,21.196605000000044,0.05729769999999945
786.7,1528.655792,11.28632954,0.637552671,1565.145999,11.2273393,0.62571367,15.3,21.190207000000054,0.05899023999999997
786.8000000000001,1529.787507,11.34809324,0.626538396,1566.271224,11.29070276,0.64867147,15.3,21.18371700000007,0.057390480000000466
786.9000000000001,1530.925399,11.4100148,0.621458404,1567.4028,11.35647436,0.673813963,15.3,21.1774010000001,0.0535404400000008
787.0,1532.069479,11.47209422,0.620695571,1568.541037,11.42487881,0.700829051,15.3,21.17155799999996,0.04721541000000151
787.1,1533.219759,11.53415391,0.621558886,1569.686242,11.49614081,0.729342215,15.3,21.166482999999925,0.03801310000000058
787.2,1534.37625,11.596332,0.622603086,1570.838724,11.57044763,0.758978935,15.3,21.16247399999993,0.02588436999999999
787.3000000000001,1535.538966,11.65862849,0.623556844,1571.998791,11.64783673,0.789364694,15.3,21.15982499999991,0.010791760000000039
787.4000000000001,1536.707917,11.72104337,0.624740819,1573.166751,11.72830809,0.820124971,15.3,21.158834000000024,-0.007264720000000224
787.5,1537.883115,11.78357665,0.625924793,1574.342911,11.81186172,0.850947668,15.3,21.15979599999987,-0.028285069999999024
787.6,1539.064573,11.84622833,0.627108768,1575.527582,11.89849762,0.881770365,15.3,21.16300899999983,-0.05226928999999991
787.7,1540.252302,11.9089984,0.628216305,1576.72107,11.98821579,0.912593062,15.3,21.168767999999954,-0.07921739000000017
787.8000000000001,1541.446314,11.97188688,0.629082059,1577.923684,12.08101623,0.94341576,15.3,21.177370000000064,-0.1091293499999999
787.9000000000001,1542.64662,12.03489375,0.630058304,1579.135732,12.17689895,0.974238457,15.3,21.189111999999977,-0.14200519999999983
788.0,1543.853233,12.09797315,0.629811608,1580.357522,12.27586393,1.005061154,15.3,21.20428899999997,-0.17789078000000025
788.1,1545.066165,12.16102589,0.628209538,1581.589364,12.37791118,1.03559092,15.3,21.223198999999976,-0.21688529000000045
788.2,1546.285426,12.22426331,0.624800304,1582.831563,12.4830407,1.064363099,15.3,21.246137000000044,-0.25877739000000055
788.3000000000001,1547.51103,12.28688537,0.619208553,1584.084431,12.59125249,1.089620104,15.3,21.273401000000103,-0.3043671200000002
788.4000000000001,1548.742988,12.3488126,0.611147839,1585.348273,12.70237079,1.109604348,15.3,21.305285000000094,-0.35355818999999933
788.5,1549.981276,12.40977393,0.599814097,1586.623399,12.8155168,1.122558245,15.3,21.342123000000083,-0.4057428699999992
788.6,1551.225724,12.46949828,0.586164267,1587.910116,12.92963599,1.126724207,15.3,21.384392000000116,-0.4601377099999997
788.7,1552.476128,12.52771459,0.570255482,1589.208734,13.04367379,1.120637579,15.3,21.432606000000032,-0.5159591999999993
788.8000000000001,1553.732283,12.58415177,0.552539533,1590.519419,13.15657564,1.104005429,15.3,21.487135999999918,-0.5724238699999997
788.9000000000001,1554.993984,12.63858393,0.533468211,1591.841777,13.26728701,1.077120689,15.3,21.547793000000137,-0.6287030800000011
789.0,1556.261025,12.69096589,0.513493307,1593.175272,13.37475333,1.041448014,15.3,21.61424699999993,-0.6837874400000015
789.1,1557.533202,12.74129765,0.493066613,1594.51937,13.47792006,0.998744991,15.3,21.686167999999906,-0.7366224100000007
789.2,1558.81031,12.78957921,0.472564619,1595.873533,13.5759084,0.950769208,15.3,21.76322299999988,-0.78632919
789.3000000000001,1560.092143,12.83581057,0.452062626,1597.237228,13.66854259,0.899278251,15.3,21.84508499999988,-0.8327320199999999
789.4000000000001,1561.378497,12.87999174,0.431560632,1598.609919,13.75582264,0.846029706,15.3,21.931422000000065,-0.8758309000000004
789.5,1562.669166,12.9221227,0.411058639,1599.99107,13.83774854,0.792488231,15.3,22.02190400000013,-0.9156258400000006
789.6,1563.963947,12.96220346,0.390556646,1601.380146,13.91432028,0.738946756,15.3,22.116199000000005,-0.9521168200000005
789.7,1565.262632,13.00023403,0.370054652,1602.776611,13.98553789,0.685405281,15.3,22.213979000000062,-0.9853038600000001
789.8000000000001,1566.565018,13.03621439,0.349681462,1604.17993,14.05140134,0.631863805,15.3,22.314912000000003,-1.0151869500000004
789.9000000000001,1567.8709,13.07014456,0.330081089,1605.589568,14.11191065,0.57832233,15.3,22.418668000000206,-1.0417660900000012
790.0,1569.180072,13.10202453,0.31202635,1607.00499,14.16706581,0.524780855,15.3,22.524917999999797,-1.0650412800000009
790.1,1570.49233,13.13193158,0.296290064,1608.425659,14.21686682,0.47142238,15.3,22.633328999999957,-1.08493524
790.2,1571.807468,13.16025212,0.283645047,1609.85104,14.26131368,0.419161911,15.3,22.74357200000004,-1.1010615599999998
790.3000000000001,1573.125282,13.18744984,0.274864117,1611.280598,14.3004064,0.369097451,15.3,22.855316000000084,-1.1129565600000006
790.4000000000001,1574.445566,13.21398843,0.270591288,1612.713798,14.33425477,0.322327005,15.3,22.968231999999897,-1.1202663399999988
790.5,1575.768177,13.24033159,0.270955363,1614.150104,14.36340779,0.279948579,15.3,23.08192700000013,-1.1230761999999999
790.6,1577.09322,13.266943,0.275827539,1615.588981,14.38852428,0.243060177,15.3,23.19576100000013,-1.121581280000001
790.7,1578.42086,13.29428635,0.284563802,1617.029894,14.41026302,0.212576803,15.3,23.309034000000064,-1.1159766700000002
790.8000000000001,1579.751263,13.32282534,0.296391334,1618.472393,14.42928283,0.188681459,15.3,23.421129999999902,-1.1064574900000004
790.9000000000001,1581.084595,13.35294636,0.310537319,1619.916385,14.44624251,0.171191142,15.3,23.531789999999955,-1.0932961499999987
791.0,1582.421023,13.38472671,0.326228938,1621.361859,14.46180085,0.15919085,15.3,23.64083599999999,-1.0770741399999988
791.1,1583.760711,13.41816639,0.342693374,1622.808809,14.47661667,0.151582577,15.3,23.74809800000021,-1.0584502800000006
791.2,1585.103826,13.45326539,0.359286614,1624.257225,14.49123896,0.147268318,15.3,23.853399000000035,-1.0379735700000001
791.3000000000001,1586.450535,13.49002371,0.375879853,1625.707099,14.50577753,0.145150069,15.3,23.956564000000025,-1.0157538200000005
791.4000000000001,1587.801001,13.52844136,0.392473092,1627.158422,14.52023238,0.144129825,15.3,24.05742099999993,-0.9917910199999991
791.5,1589.155393,13.56851833,0.409066332,1628.611187,14.5346035,0.143292582,15.3,24.15579399999997,-0.9660851699999995
791.6,1590.513875,13.61025463,0.425659571,1630.065385,14.54889089,0.142455338,15.3,24.251510000000007,-0.9386362599999991
791.7,1591.876614,13.65365025,0.44225281,1631.521007,14.56309456,0.141618095,15.3,24.344393000000036,-0.9094443099999996
791.8000000000001,1593.243776,13.69870519,0.45884605,1632.978045,14.57721451,0.140780852,15.3,24.43426900000004,-0.8785093199999991
791.9000000000001,1594.615526,13.74541945,0.475365863,1634.436492,14.59125073,0.139943609,15.3,24.520965999999998,-0.8458312800000005
792.0,1595.99203,13.79379305,0.491445117,1635.896337,14.60520323,0.139106365,15.3,24.60430699999979,-0.8114101800000011
792.1,1597.373455,13.84382596,0.506643256,1637.357574,14.61907201,0.138269122,15.3,24.68411900000019,-0.7752460499999998
792.2,1598.759966,13.89547414,0.520519719,1638.820194,14.63285706,0.137431879,15.3,24.760227999999824,-0.7373829199999999
792.3000000000001,1600.151729,13.94851732,0.53263395,1640.284187,14.64655838,0.136594635,15.3,24.83245800000004,-0.6980410599999995
792.4000000000001,1601.54891,14.00269114,0.542941294,1641.749547,14.66017598,0.135757392,15.3,24.900636999999914,-0.6574848400000004
792.5,1602.951675,14.05773129,0.549886907,1643.216264,14.67370986,0.134920149,15.3,24.964588999999886,-0.6159785700000011
792.6,1604.360155,14.11337342,0.554585075,1644.684331,14.68716001,0.134082906,15.3,25.02417599999985,-0.5737865899999992
792.7,1605.77434,14.16959074,0.55671332,1646.153738,14.70052644,0.133245662,15.3,25.079398000000037,-0.5309357000000006
792.8000000000001,1607.194183,14.22540629,0.556638774,1647.624478,14.71380915,0.132408419,15.3,25.130294999999887,-0.488402859999999
792.9000000000001,1608.61964,14.28126836,0.554801995,1649.096542,14.72700813,0.131571176,15.3,25.17690200000011,-0.4457397699999994
793.0,1610.050664,14.33671913,0.551247637,1650.569922,14.74012338,0.130733932,15.3,25.219257999999808,-0.40340424999999946
793.1,1611.487211,14.39171455,0.547603971,1652.044609,14.75315491,0.129896689,15.3,25.257398000000148,-0.36144035999999957
793.2,1612.929235,14.44625461,0.543123843,1653.520594,14.76610272,0.129059446,15.3,25.29135900000001,-0.3198481099999988
793.3000000000001,1614.37669,14.50033932,0.538570288,1654.997871,14.7789668,0.128222203,15.3,25.321180999999978,-0.27862747999999904
793.4000000000001,1615.82953,14.55396867,0.534016734,1656.47643,14.79174716,0.127384959,15.3,25.34689999999996,-0.23777849000000018
793.5,1617.287711,14.60714267,0.529463179,1657.956262,14.80444379,0.126547716,15.3,25.36855099999998,-0.19730112000000055
793.6,1618.751187,14.65986131,0.524909625,1659.43736,14.8170567,0.125710473,15.3,25.386172999999825,-0.15719539000000005
793.7,1620.219911,14.71212459,0.52035607,1660.919715,14.82958589,0.124873229,15.3,25.399804000000085,-0.11746130000000043
793.8000000000001,1621.693839,14.76393252,0.515802515,1662.403319,14.84203135,0.124035986,15.3,25.409479999999984,-0.07809883000000006
793.9000000000001,1623.172925,14.81528509,0.511248961,1663.888164,14.85439309,0.123198743,15.3,25.415238999999882,-0.03910800000000059
794.0,1624.657124,14.86618231,0.506695406,1665.37424,14.8666711,0.1223615,15.3,25.417116000000032,-0.0004887900000003498
794.1,1626.14639,14.91662418,0.502141852,1666.86154,14.87886539,0.111676316,15.3,25.415149999999993,0.03775878999999982
794.2,1627.640677,14.96661068,0.497588297,1668.350055,14.89097595,0.10108416,15.3,25.409378000000014,0.07563473000000087
794.3000000000001,1629.139939,15.01614183,0.493034742,1669.839777,14.90300279,0.09058503,15.3,25.399838,0.11313904000000008
794.4000000000001,1630.644133,15.06521763,0.488481188,1671.330697,14.90903714,0.080178928,15.3,25.38656400000009,0.15618048999999878
794.5,1632.153211,15.11383807,0.483927633,1672.822808,14.91504358,0.071993586,15.3,25.36959699999984,0.19879448999999916
794.6,1633.667128,15.16200316,0.479374079,1674.3161,14.92102212,0.059924885,15.3,25.348971999999957,0.24098103999999942
794.7,1635.185839,15.20971289,0.474820524,1675.810566,14.92697274,0.059785344,15.3,25.32472700000012,0.2827401500000004
