t,x_follower,v_follower,a_follower,x_leader,v_leader,a_leader,leader_length,spacing,dv
524.7,62.33722397,30.3064376,-1.285567376,109.0778352,26.531703,-0.96955359,13.9,32.84061123,3.7747345999999986
524.8000000000001,65.40696321,30.17788086,-1.288870226,111.7255205,26.43602207,-0.944065016,13.9,32.41855729,3.7418587899999984
524.9,68.45046264,30.05020489,-1.53475401,114.3637652,26.34289,-0.918576442,13.9,32.01330256000001,3.7073148899999993
525.0,71.4679865,29.92340967,-1.692804798,116.9928241,26.25230678,-0.893087868,13.9,31.624837600000014,3.6711028900000002
525.1,74.45979901,29.79088951,-1.89862541,119.6129521,26.16427243,-0.867599294,13.9,31.253153090000005,3.626617079999999
525.2,77.4261644,29.5390606,-2.082427019,122.2244041,26.07878693,-0.842110719,13.9,30.898239699999998,3.4602736699999994
525.3000000000001,80.3673469,29.29075472,-2.275403212,124.827435,25.99585028,-0.816622145,13.9,30.560088099999994,3.29490444
525.4,83.28361074,29.04597189,-2.450030236,127.4222997,25.9154625,-0.791133571,13.9,30.238688959999998,3.1305093900000003
525.5,86.17522014,28.80074867,-2.430763609,130.0092531,25.83762357,-0.765644997,13.9,29.934032960000003,2.963125099999999
525.6,89.04243934,28.55816774,-2.407460164,132.58855,25.7623335,-0.740156422,13.9,29.646110659999998,2.795834239999998
525.7,91.88553255,28.31822909,-2.386175128,135.1604454,25.68959228,-0.714667848,13.9,29.374912849999994,2.6286368099999997
525.8000000000001,94.70476401,28.08093272,-2.359752324,137.7251941,25.61939993,-0.689179274,13.9,29.120430090000006,2.4615327899999997
525.9,97.50039795,27.84627862,-2.333329521,140.2830509,25.55175643,-0.6636907,13.9,28.88265295,2.2945221899999986
526.0,100.2726986,27.61426681,-2.306906718,142.8342709,25.48666179,-0.638202125,13.9,28.66157230000001,2.1276050200000007
526.1,103.0219302,27.38489728,-2.280483914,145.3791089,25.424116,-0.612713551,13.9,28.457178700000007,1.960781279999999
526.2,105.7483569,27.15817003,-2.254061111,147.9178197,25.36411908,-0.587224977,13.9,28.269462799999992,1.7940509500000026
526.3000000000001,108.452243,26.93408506,-2.227638307,150.4506583,25.30667101,-0.561736403,13.9,28.098415299999992,1.6274140500000023
526.4,111.1338528,26.71264237,-2.201215504,152.9778795,25.2517718,-0.536247828,13.9,27.944026700000002,1.4608705700000009
526.5,113.7934504,26.49384196,-2.174792701,155.4997382,25.19942144,-0.510759254,13.9,27.8062878,1.2944205200000027
526.6,116.4313,26.27768383,-2.148369897,158.0164893,25.14961995,-0.485516444,13.9,27.685189299999998,1.1280638799999991
526.7,119.047666,26.06416798,-2.121947094,160.5283877,25.10236731,-0.461748222,13.9,27.58072169999999,0.9618006699999988
526.8000000000001,121.6428125,25.85329441,-2.09552429,163.0356883,25.05766353,-0.441263379,13.9,27.4928758,0.7956308800000009
526.9,124.2170037,25.64506312,-2.069101487,165.538646,25.01536114,-0.424533892,13.9,27.421642299999995,0.6297019800000001
527.0,126.770504,25.43947411,-2.042678683,168.0375156,24.97472286,-0.414036958,13.9,27.367011600000005,0.46475124999999906
527.1,129.3035774,25.23652738,-2.01625588,170.5325521,24.93466342,-0.410912963,13.9,27.32897470000001,0.3018639599999986
527.2,131.8164883,25.03622293,-1.989833077,173.0240103,24.89489961,-0.416390729,13.9,27.307521999999985,0.14132332000000147
527.3000000000001,134.3095009,24.83856077,-1.963410273,175.5120271,24.85394513,-0.43071602,13.9,27.302526200000024,-0.015384359999998765
527.4,136.7828793,24.64354088,-1.93698747,177.9962676,24.81111575,-0.45330887,13.9,27.31338830000002,-0.16757486999999927
527.5,139.2368879,24.45116327,-1.910564666,180.4762789,24.7655267,-0.483943064,13.9,27.339391000000013,-0.3143634300000002
527.6,141.6717908,24.26142795,-1.884141863,182.951608,24.71629325,-0.520141405,13.9,27.379817199999998,-0.45486529999999803
527.7,144.0878524,24.0743349,-1.85771906,185.4218021,24.66267809,-0.560763509,13.9,27.433949700000007,-0.5883431899999998
527.8000000000001,146.4853367,23.88988413,-1.831296256,187.8864082,24.60453377,-0.604334788,13.9,27.501071500000002,-0.7146496400000011
527.9,148.864508,23.70807565,-1.804873453,190.3449735,24.54186029,-0.649380655,13.9,27.58046550000001,-0.8337846399999975
528.0,151.2256307,23.52890944,-1.778450649,192.7970449,24.47465764,-0.694672287,13.9,27.671414199999994,-0.9457482000000006
528.1,153.5689688,23.35238552,-1.752027846,195.2421696,24.40292583,-0.739963918,13.9,27.77320080000002,-1.0505403100000024
528.2,155.8947866,23.17850387,-1.72546237,197.6798946,24.32666486,-0.78525555,13.9,27.88510800000001,-1.148160990000001
528.3000000000001,158.2033484,23.00726451,-1.698040858,200.1097671,24.24587472,-0.830547181,13.9,28.00641869999999,-1.238610210000001
528.4,160.4949184,22.83866743,-1.668907276,202.5313342,24.16055542,-0.875838813,13.9,28.136415800000016,-1.3218879900000005
528.5,162.7697608,22.67279823,-1.637205587,204.9441428,24.07070696,-0.921130444,13.9,28.27438200000001,-1.3979087299999975
528.6,165.0281398,22.51008493,-1.602079756,207.3477401,23.97632933,-0.966922727,13.9,28.41960030000002,-1.4662443999999972
528.7,167.2703196,22.35104115,-1.562673748,209.7416732,23.87742254,-1.015718918,13.9,28.571353600000016,-1.526381390000001
528.8000000000001,169.4965646,22.19618052,-1.5182742,212.1254892,23.77398659,-1.070522925,13.9,28.728924600000006,-1.5778060700000012
528.9,171.7072074,22.04601666,-1.468738439,214.4987351,23.66572109,-1.134338655,13.9,28.89152770000002,-1.6197044300000023
529.0,173.9028546,21.90106318,-1.414209137,216.8609581,23.55112407,-1.210170018,13.9,29.058103499999994,-1.650060889999999
529.1,176.0841813,21.76183371,-1.355399658,219.2117052,23.4283932,-1.30102092,13.9,29.2275239,-1.6665594899999974
529.2,178.2518628,21.62884187,-1.293166038,221.5505234,23.29572614,-1.409394619,13.9,29.398660600000007,-1.6668842700000006
529.3000000000001,180.4065741,21.50251567,-1.228364311,223.8767197,23.15132053,-1.535791766,13.9,29.570145599999996,-1.6488048599999985
529.4,182.5489903,21.38294073,-1.161850513,226.1886394,22.99337404,-1.679711709,13.9,29.739649099999987,-1.6104333099999977
529.5,184.6797866,21.27011703,-1.094480679,228.4843878,22.82008431,-1.838651193,13.9,29.90460120000001,-1.549967279999997
529.6,186.7996381,21.16404459,-1.026968173,230.7620701,22.62964901,-2.009606308,13.9,30.06243199999998,-1.4656044200000018
529.7,188.9092199,21.0647234,-0.959455667,233.0197916,22.42056618,-2.189573147,13.9,30.21057169999998,-1.3558427800000032
529.8000000000001,191.0092072,20.97215346,-0.891943161,235.2556573,22.19253542,-2.375547802,13.9,30.346450100000006,-1.2203819599999974
529.9,193.100275,20.88633477,-0.824430655,237.4677726,21.94555675,-2.564526365,13.9,30.46749759999998,-1.0592219800000002
530.0,195.1830985,20.80726733,-0.756918148,239.6542426,21.67963015,-2.754005579,13.9,30.571144100000005,-0.8723628200000029
530.1,197.2583528,20.73495114,-0.689405642,241.8131726,21.39475563,-2.943484793,13.9,30.65481979999999,-0.6598044899999991
530.2,199.3267131,20.6693862,-0.623135735,243.9426677,21.09093319,-3.132964007,13.9,30.715954599999982,-0.4215469899999995
530.3000000000001,201.3888544,20.61057251,-0.569891223,246.0408332,20.76816283,-3.322443222,13.9,30.751978799999996,-0.15759032000000062
530.4,203.445452,20.55851007,-0.520418286,248.1057743,20.42644455,-3.511922436,13.9,30.76032230000002,0.13206552000000116
530.5,205.4971808,20.51245333,-0.498881929,250.1355961,20.06577834,-3.70140165,13.9,30.738415299999993,0.4466749899999982
530.6,207.5447161,20.46533259,-0.507167937,252.1284039,19.68616422,-3.890880865,13.9,30.68368780000001,0.7791683700000007
530.7,209.588733,20.42270017,-0.552731905,254.0823029,19.28760217,-4.079351595,13.9,30.593569900000013,1.1350979999999993
530.8000000000001,211.6299065,20.37005704,-0.641786823,255.9953983,18.8700922,-4.261771427,13.9,30.465491800000002,1.4999648400000005
530.9,213.6683155,20.30627175,-0.770005487,257.8657953,18.43363431,-4.432089459,13.9,30.297479799999998,1.8726374400000019
531.0,215.7016527,20.22687093,-0.95285471,259.6915991,17.97883359,-4.584254792,13.9,30.08994640000001,2.2480373399999998
531.1,217.7270146,20.12738123,-1.167412088,261.4709149,17.50871549,-4.715376515,13.9,29.843900300000037,2.618665740000001
531.2,219.7414976,20.0033293,-1.411791832,263.201848,17.02691054,-4.809923762,13.9,29.560350399999983,2.9764187600000014
531.3000000000001,221.7421982,19.85098734,-1.678538351,264.8825035,16.5370493,-4.872334083,13.9,29.240305299999996,3.31393804
531.4,223.7262129,19.66960979,-1.960196053,266.5114708,16.04086629,-4.898439006,13.9,28.885257899999978,3.628743499999999
531.5,225.690638,19.45919665,-2.249309347,268.0892753,15.54768006,-4.889247014,13.9,28.49863729999999,3.9115165899999997
531.6,227.63257,19.21974792,-2.53966524,269.6169267,15.05543314,-4.849800524,13.9,28.084356700000036,4.16431478
531.7,229.5491053,18.9512636,-2.830021132,271.0954347,14.56965209,-4.782990446,13.9,27.646329399999992,4.381611510000001
531.8000000000001,231.4373405,18.65374369,-3.120377025,272.5258089,14.09336234,-4.704347647,13.9,27.188468400000012,4.560381349999998
531.9,233.2943719,18.3271882,-3.410732917,273.909059,13.62716898,-4.61044306,13.9,26.714687100000027,4.700019219999998
532.0,235.1172959,17.97159711,-3.70108881,275.2461945,13.17107203,-4.510487573,13.9,26.228898600000015,4.800525080000002
532.1,236.9032091,17.58697043,-3.991444703,276.5382252,12.72507147,-4.409523603,13.9,25.735016100000003,4.861898960000001
532.2,238.6492078,17.17330817,-4.281800595,277.7861606,12.28916731,-4.308559633,13.9,25.23695280000002,4.884140859999999
532.3000000000001,240.3523885,16.73061032,-4.570413061,278.9910105,11.86335954,-4.207595662,13.9,24.738622000000028,4.867250780000001
532.4,242.0098477,16.25887687,-4.848564966,280.1537843,11.44764817,-4.106631692,13.9,24.24393659999999,4.811228700000001
532.5,243.6186817,15.75810784,-5.105795751,281.2754919,11.0420332,-4.005667722,13.9,23.756810200000025,4.716074639999999
532.6,245.175987,15.22934927,-5.331644855,282.3571428,10.64651463,-3.904703752,13.9,23.28115580000003,4.58283464
532.7,246.6788601,14.67783145,-5.515651718,283.3997466,10.26109245,-3.803704429,13.9,22.820886500000007,4.416739
532.8000000000001,248.1243974,14.10983072,-5.64735578,284.4043131,9.885766673,-3.702492987,13.9,22.379915700000033,4.224064047000001
532.9,249.5096954,13.5316234,-5.718039906,285.3718518,9.52053729,-3.600857307,13.9,21.962156400000005,4.011086110000001
533.0,250.8326872,12.94948584,-5.725960671,286.3033723,9.165425516,-3.498585271,13.9,21.57068509999997,3.7840603239999986
533.1,252.0946537,12.36969437,-5.6728615,287.1998844,8.820537411,-3.395464761,13.9,21.205230699999966,3.5491569589999994
533.2,253.2977122,11.79852533,-5.567459528,288.0623977,8.486000245,-3.291283656,13.9,20.864685500000014,3.3125250850000008
533.3000000000001,254.4439804,11.24225505,-5.420215315,288.8919217,8.16194129,-3.185865193,13.9,20.547941300000026,3.080313760000001
533.4,255.5355757,10.70611382,-5.241589421,289.6894832,7.848487816,-3.079174017,13.9,20.253907499999976,2.857626004000001
533.5,256.5746156,10.19114768,-5.042042406,290.4561765,7.545767096,-2.971245481,13.9,19.981560900000012,2.6453805840000006
533.6,257.5632177,9.697356652,-4.832034831,291.1931133,7.253906401,-2.862256352,13.9,19.7298956,2.443450251
533.7,258.5034994,9.224740719,-4.62028383,291.9014048,6.973033001,-2.752418749,13.9,19.497905400000015,2.2517077179999996
533.8000000000001,259.3975783,8.773299886,-4.408532828,292.5821626,6.703252956,-2.641944788,13.9,19.284584299999985,2.07004693
533.9,260.2475718,8.343034153,-4.196781826,293.2364981,6.444587478,-2.531046591,13.9,19.088926300000004,1.8984466749999998
534.0,261.0555976,7.933943521,-3.985030825,293.8655228,6.197036567,-2.419936275,13.9,18.90992520000001,1.7369069540000002
534.1,261.823773,7.546027988,-3.773279823,294.4703481,5.960600223,-2.308790605,13.9,18.74657510000001,1.5854277649999995
534.2,262.5542156,7.179287556,-3.561528821,295.0520856,5.735278446,-2.197644936,13.9,18.59786999999998,1.4440091100000005
534.3000000000001,263.249043,6.833722224,-3.350149388,295.6118465,5.521071236,-2.086499266,13.9,18.462803500000042,1.3126509879999997
534.4,263.9103725,6.509331992,-3.140999362,296.1507425,5.317978593,-1.975353597,13.9,18.340369999999986,1.1913533989999996
534.5,264.5403218,6.20611686,-2.936308152,296.669885,5.126000517,-1.864207927,13.9,18.22956320000001,1.0801163430000003
534.6,265.1410083,5.923853888,-2.738305167,297.1703853,4.945137008,-1.753062258,13.9,18.129377000000012,0.9787168800000003
534.7,265.7145496,5.661428371,-2.549219813,297.6533551,4.775388065,-1.641654824,13.9,18.038805500000002,0.8860403060000008
534.8000000000001,266.2630632,5.417502665,-2.3712815,298.1199057,4.61675369,-1.528676804,13.9,17.95684250000003,0.8007489749999994
534.9,266.7886665,5.190739124,-2.206348067,298.5711485,4.469233881,-1.412557611,13.9,17.882482000000017,0.7215052430000002
535.0,267.2932987,4.979800104,-2.054791081,299.0081952,4.332985699,-1.291726659,13.9,17.81489650000001,0.6468144049999998
535.1,267.7781856,4.78334796,-1.916238976,299.432157,4.208794434,-1.164613362,13.9,17.753971400000047,0.5745535260000008
535.2,268.2443746,4.600045048,-1.788833912,299.8441455,4.097602441,-1.029647134,13.9,17.69977090000001,0.5024426069999999
535.3000000000001,268.6929131,4.428553722,-1.670346479,300.2452721,4.00035207,-0.885519151,13.9,17.652359000000025,0.42820165200000027
535.4,269.1248484,4.267759279,-1.55854727,300.6367739,3.917985673,-0.731967651,13.9,17.611925499999963,0.34977360599999985
535.5,269.541228,4.117438777,-1.451206877,301.0203906,3.851445601,-0.569254397,13.9,17.579162599999997,0.2659931760000003
535.6,269.9430992,3.977592217,-1.346095893,301.3979876,3.801674208,-0.398688211,13.9,17.554888400000017,0.1759180090000001
535.7,270.3315095,3.848219598,-1.241356476,301.7714302,3.769613844,-0.22183968,13.9,17.539920700000017,0.0786057539999998
535.8000000000001,270.7075061,3.729320922,-1.136617059,302.1425837,3.756049803,-0.04027939,13.9,17.5350776,-0.026728880999999927
535.9,271.0721367,3.620896187,-1.031877642,302.5133135,3.761139143,0.144422072,13.9,17.541176799999995,-0.1402429559999998
536.0,271.4264484,3.522945393,-0.927138226,302.8854848,3.784881864,0.330694121,13.9,17.559036399999947,-0.26193647099999984
536.1,271.7714888,3.435468542,-0.822398809,303.2609631,3.827277967,0.517227935,13.9,17.58947430000004,-0.39180942499999993
536.2,272.1083052,3.358465631,-0.717659392,303.6416137,3.888327451,0.703761748,13.9,17.633308499999977,-0.5298618199999998
536.3000000000001,272.4379449,3.291936663,-0.612919976,304.0293019,3.968030317,0.890295561,13.9,17.691357000000018,-0.6760936540000002
536.4,272.7614555,3.235881636,-0.508653601,304.4258931,4.066386564,1.076829375,13.9,17.764437599999987,-0.8305049280000003
536.5,273.0798843,3.190300551,-0.407225479,304.8332526,4.183396192,1.263363188,13.9,17.85336829999998,-0.993095641
536.6,273.3942787,3.155193408,-0.311473864,305.2532457,4.319059201,1.449897001,13.9,17.95896700000001,-1.1638657929999998
536.7,273.705686,3.130276381,-0.224237008,305.6877377,4.473375592,1.636430815,13.9,18.0820517,-1.3430992110000002
536.8000000000001,274.0151537,3.114130344,-0.148001665,306.1385941,4.646345364,1.82115038,13.9,18.223440399999994,-1.5322150200000002
536.9,274.3237292,3.105052345,-0.085528196,306.6076801,4.837968518,1.994984458,13.9,18.38395089999998,-1.7329161730000004
537.0,274.6324599,3.101339432,-0.041524481,307.0968611,5.048245052,2.143091556,13.9,18.5644012,-1.9469056200000003
537.1,274.942166,3.101499552,-0.013417896,307.6080024,5.27608642,2.266454202,13.9,18.76583639999999,-2.1745868680000005
537.2,275.2527598,3.10387649,-0.001867787,308.1429694,5.516049876,2.342318893,13.9,18.99020960000005,-2.412173386
537.3000000000001,275.5639262,3.105361692,-0.004508943,308.7036274,5.759230525,2.363756146,13.9,19.239701199999992,-2.6538688330000006
537.4,275.8753502,3.106079606,-0.018854609,309.2918417,6.006217885,2.321694723,13.9,19.516491500000008,-2.9001382789999997
537.5,276.1867169,3.103931673,-0.042144426,309.9086069,6.243359853,2.214320375,13.9,19.821889999999975,-3.1394281800000003
537.6,276.4977114,3.098634066,-0.069197471,310.551434,6.46649874,2.047403356,13.9,20.15372259999996,-3.367864674
537.7,276.8080186,3.090186787,-0.100221158,311.2169634,6.669103254,1.818146889,13.9,20.508944799999973,-3.5789164670000004
537.8000000000001,277.1173236,3.078589835,-0.131717886,311.9018354,6.844642101,1.549304477,13.9,20.884511799999963,-3.766052266
537.9,277.4253114,3.063843209,-0.163214615,312.6026903,6.987672539,1.247805603,13.9,21.27737890000001,-3.9238293300000002
538.0,277.731667,3.045946912,-0.194711343,313.3161684,7.097106018,0.924535754,13.9,21.684501399999967,-4.051159106
538.1,278.0360756,3.024900941,-0.226208072,314.03891,7.172942539,0.590380417,13.9,22.102834399999985,-4.148041598000001
538.2,278.3382221,3.000705297,-0.2577048,314.7675554,7.215182102,0.254410833,13.9,22.529333299999998,-4.214476805
538.3000000000001,278.6377915,2.973359981,-0.289201529,315.4987449,7.223824706,-0.081558751,13.9,22.96095340000003,-4.2504647250000005
538.4,278.9344689,2.942864992,-0.320050782,316.2291188,7.198870351,-0.417528336,13.9,23.39464989999997,-4.2560053589999995
538.5,279.2279393,2.909220329,-0.342067566,316.9553174,7.140319039,-0.75349792,13.9,23.82737810000001,-4.23109871
538.6,279.5178878,2.872425994,-0.366209887,317.6739811,7.048170767,-1.089467504,13.9,24.25609330000001,-4.175744773
538.7,279.8039994,2.832870472,-0.373750039,318.3817501,6.922425538,-1.425437089,13.9,24.67775069999997,-4.089555065999999
538.8000000000001,280.085959,2.795464758,-0.365750789,319.0752647,6.76308335,-1.75935676,13.9,25.08930569999999,-3.9676185919999996
538.9,280.3634519,2.753634048,-0.338327287,319.7511652,6.570144203,-2.080976949,13.9,25.48771330000003,-3.816510155
539.0,280.6361629,2.718614968,-0.288242159,320.406092,6.343608098,-2.377998176,13.9,25.869929100000014,-3.62499313
539.1,280.9040879,2.689769856,-0.219795548,321.0366853,6.084704983,-2.638120958,13.9,26.23259740000001,-3.394935127
539.2,281.1684658,2.669429622,-0.118792071,321.6395855,5.799584598,-2.849045815,13.9,26.571119700000033,-3.130154976
539.3000000000001,281.4308466,2.659925176,-0.003311962,322.2114328,5.495626632,-2.998473264,13.9,26.880586200000018,-2.835701456
539.4,281.6927798,2.663587429,0.127707549,322.7488676,5.180210775,-3.076153739,13.9,27.1560878,-2.516623346
539.5,281.9558152,2.682358806,0.27038161,323.2495141,4.860716714,-3.080037326,13.9,27.393698899999983,-2.1783579079999997
539.6,282.2215027,2.716627791,0.420825372,323.7149324,4.54452414,-3.012173938,13.9,27.593429700000037,-1.827896349
539.7,282.491392,2.766394385,0.575153985,324.1476665,4.239012739,-2.882813142,13.9,27.756274499999996,-1.4726183539999997
539.8000000000001,282.7670328,2.831658588,0.730130072,324.5502606,3.951562203,-2.704254421,13.9,27.88322780000002,-1.1199036150000001
539.9,283.0499749,2.9124204,0.88510616,324.9252587,3.68832227,-2.488797256,13.9,27.97528379999998,-0.7759018700000002
540.0,283.3417681,3.00867982,1.040082248,325.2752048,3.45052289,-2.248741128,13.9,28.03343669999996,-0.44184307
540.1,283.6439621,3.120436849,1.195058335,325.602643,3.238164062,-1.996385519,13.9,28.05868089999999,-0.11772721300000022
540.2,283.9581066,3.247691487,1.350034423,325.9101173,3.051245786,-1.741979996,13.9,28.052010700000018,0.19644570100000003
540.3000000000001,284.2857516,3.390443734,1.50501051,326.2001719,2.889768062,-1.487574473,13.9,28.014420299999962,0.5006756720000003
540.4,284.6284466,3.548693589,1.659986598,326.4753507,2.753730891,-1.23316895,13.9,27.946904099999962,0.794962698
540.5,284.9877415,3.722441053,1.813336447,326.7381978,2.643134272,-0.978763427,13.9,27.850456299999998,1.0793067809999997
540.6,285.365186,3.911686126,1.956928868,326.9912572,2.557978206,-0.724357904,13.9,27.726071200000014,1.3537079200000002
540.7,285.7623299,4.116428808,2.075492846,327.2370731,2.498262691,-0.469952382,13.9,27.57474319999998,1.6181661170000003
540.8000000000001,286.180723,4.335693356,2.17581171,327.4781895,2.463987729,-0.216665355,13.9,27.397466499999986,1.8717056270000003
540.9,286.6219149,4.564601055,2.231587275,327.7171504,2.45515332,0.029910696,13.9,27.195235500000003,2.109447735
541.0,287.0874555,4.793989297,2.238575697,327.9564999,2.471759462,0.263064794,13.9,26.96904440000001,2.3222298350000004
541.1,287.5788946,5.02792808,2.188645786,328.198782,2.51313506,0.476085963,13.9,26.719887399999983,2.5147930199999995
541.2,288.0970013,5.250638491,2.080171304,328.4465408,2.575924623,0.662263227,13.9,26.449539499999993,2.674713868
541.3000000000001,288.6394223,5.459574226,1.920292075,328.7023204,2.656101568,0.820597007,13.9,26.162898100000042,2.803472658
541.4,289.203024,5.648880827,1.700598532,328.9686648,2.749639307,0.928360629,13.9,25.865640799999973,2.8992415200000003
541.5,289.7846724,5.812703837,1.447388861,329.2475812,2.852511256,1.001569792,13.9,25.562908800000038,2.960192581
541.6,290.3812337,5.946164542,1.164906904,329.5389292,2.964117666,1.035631593,13.9,25.25769549999999,2.982046876
541.7,290.9895743,6.048287199,0.86291009,329.8420317,3.070151437,1.036138512,13.9,24.952457399999993,2.978135762
541.8000000000001,291.6065602,6.119071808,0.551155848,330.1562113,3.176866498,1.009801526,13.9,24.649651100000007,2.9422053100000003
541.9,292.2290577,6.158518368,0.237775367,330.480791,3.277480523,0.957620213,13.9,24.351733300000014,2.8810378450000003
542.0,292.8539329,6.166626881,-0.075605113,330.8150935,3.371322414,0.903439744,13.9,24.061160599999972,2.795304467
542.1,293.4780521,6.143397346,-0.388985593,331.1584416,3.458392171,0.8368369,13.9,23.78038949999999,2.6850051750000006
542.2,294.0982814,6.088829762,-0.702366074,331.510158,3.538689794,0.76911556,13.9,23.511876599999972,2.5501399679999994
542.3000000000001,294.7114871,6.002924131,-1.015746554,331.8695656,3.612215284,0.701394221,13.9,23.25807849999999,2.3907088470000004
542.4,295.3145353,5.885680452,-1.329127034,332.2359871,3.678968639,0.633672881,13.9,23.0214518,2.206711813
542.5,295.9042922,5.737098724,-1.64026122,332.6087454,3.73894986,0.565951541,13.9,22.80445319999999,1.998148864
542.6,296.477624,5.557178949,-1.937917634,332.9871632,3.792158947,0.498230201,13.9,22.609539200000007,1.765020002
542.7,297.031397,5.345921125,-2.208618507,333.3705633,3.8385959,0.430508861,13.9,22.43916629999999,1.5073252250000002
542.8000000000001,297.5624773,5.104673031,-2.438886068,333.7582684,3.878260719,0.362787522,13.9,22.29579110000001,1.226412312
542.9,298.0677311,4.840173551,-2.615242546,334.1496015,3.911153404,0.295418364,13.9,22.181870400000015,0.9290201470000006
543.0,298.5440246,4.560509347,-2.72421017,334.5438852,3.937273955,0.230162295,13.9,22.099860599999978,0.6232353919999998
543.1,298.988224,4.273767083,-2.754557465,334.9404423,3.956622373,0.169132406,13.9,22.05221829999997,0.31714471
543.2,299.3982737,3.988033421,-2.704038135,335.3385957,3.969409965,0.114441785,13.9,22.040321999999982,0.018623455999999816
543.3000000000001,299.776431,3.711395023,-2.574898477,335.7376681,3.976693277,0.067090049,13.9,22.061237100000007,-0.26529825399999973
543.4,300.1260315,3.451938552,-2.378369964,336.1369823,3.979740162,0.032530709,13.9,22.11095079999999,-0.52780161
543.5,300.4504107,3.217750669,-2.127930369,336.5358612,3.979818475,0.009184251,13.9,22.18545049999998,-0.7620678060000001
543.6,300.752904,3.015570261,-1.837057461,336.9337964,3.977527985,-0.00148367,13.9,22.280892400000006,-0.9619577239999999
543.7,301.0368471,2.846745105,-1.519229012,337.3309561,3.976140798,0.000174766,13.9,22.394108999999993,-1.1293956929999998
543.8000000000001,301.3055754,2.7112752,-1.187922792,337.7276773,3.974920515,0.012398649,13.9,22.522101899999974,-1.2636453149999998
543.9,301.5624245,2.609160547,-0.854370277,338.1242971,3.975803075,0.034188365,13.9,22.66187259999996,-1.3666425279999999
544.0,301.8107299,2.540401145,-0.520817762,338.5211526,3.979845022,0.060090402,13.9,22.810422699999982,-1.439443877
544.1,302.0538271,2.504996994,-0.187265247,338.9185808,3.987257665,0.091332092,13.9,22.964753699999996,-1.4822606710000001
544.2,302.2950517,2.502948095,0.146287268,339.3169188,3.998041004,0.124686872,13.9,23.12186710000001,-1.4950929090000002
544.3000000000001,302.5377391,2.534254448,0.479839783,339.7165036,4.012195039,0.158393833,13.9,23.2787645,-1.4779405909999999
544.4,302.7852249,2.598916052,0.813392298,340.1176724,4.02971977,0.192100794,13.9,23.432447500000002,-1.430803718
544.5,303.0408447,2.696932908,1.146944813,340.5207622,4.050615198,0.225807755,13.9,23.5799175,-1.35368229
544.6,303.3079339,2.828305015,1.478477607,340.9261101,4.074881321,0.259514716,13.9,23.718176199999995,-1.2465763060000001
544.7,303.5898281,2.993032373,1.797892071,341.3340531,4.102518141,0.293221678,13.9,23.84422500000003,-1.1094857679999999
544.8000000000001,303.8898627,3.191114983,2.093069877,341.7449284,4.133525657,0.326928639,13.9,23.955065700000013,-0.942410674
544.9,304.2113734,3.421341012,2.351892695,342.1590729,4.167903869,0.360597577,13.9,24.0476995,-0.7465628569999998
545.0,304.5576957,3.677651294,2.562242196,342.5768238,4.205652777,0.394038378,13.9,24.11912809999999,-0.5280014830000002
545.1,304.932165,3.952774834,2.712000051,342.9985181,4.246772381,0.427022905,13.9,24.166353100000016,-0.29399754700000047
545.2,305.3381169,4.239440631,2.791067652,343.4244929,4.291239868,0.459323021,13.9,24.18637600000003,-0.051799237
545.3000000000001,305.7779175,4.530377691,2.797425278,343.8550853,4.338941168,0.490710587,13.9,24.177167799999985,0.19143652300000014
545.4,306.2500549,4.818315014,2.73309265,344.2906323,4.3897394,0.520957468,13.9,24.14057740000002,0.42857561400000055
545.5,306.7520479,5.095981603,2.608168376,344.731471,4.443497681,0.549873549,13.9,24.07942310000002,0.652483922
545.6,307.2814152,5.356106461,2.434770785,345.1779203,4.500079129,0.577420807,13.9,23.996505099999958,0.856027332
545.7,307.8356756,5.592630423,2.225018206,345.6302259,4.559346862,0.603637265,13.9,23.894550300000027,1.0332835610000002
545.8000000000001,308.4123477,5.804341657,1.991028969,346.0886153,4.621163997,0.628713037,13.9,23.77626760000002,1.1831776600000001
545.9,309.0089503,5.991240161,1.744921402,346.5533163,4.685393653,0.652876261,13.9,23.644366000000026,1.3058465080000001
546.0,309.6230021,6.153325937,1.496794114,347.0245562,4.751921759,0.676355073,13.9,23.5015541,1.401404178
546.1,310.2520218,6.290598984,1.248666826,347.5025628,4.820725504,0.69937761,13.9,23.350541,1.4698734799999995
546.2,310.8935282,6.403059303,1.000539538,347.9875635,4.891804886,0.722172011,13.9,23.19403530000003,1.511254417
546.3000000000001,311.54504,6.490706892,0.75241225,348.479786,4.965159906,0.744928389,13.9,23.03474600000002,1.5255469860000002
546.4,312.204076,6.553541753,0.504284962,348.9794577,5.040790564,0.767684766,13.9,22.875381700000027,1.5127511890000003
546.5,312.8681548,6.591563884,0.256157674,349.4868063,5.118696859,0.790441144,13.9,22.7186515,1.4728670250000002
546.6,313.5347951,6.604773287,0.009269179,350.0020592,5.198878792,0.813197522,13.9,22.567264100000024,1.405894495
546.7,314.2015158,6.593169962,-0.230186561,350.5254442,5.281336363,0.835953899,13.9,22.4239284,1.3118335989999999
546.8000000000001,314.8658355,6.556753907,-0.454776788,351.0571887,5.366069572,0.858710277,13.9,22.291353199999982,1.1906843350000003
546.9,315.5252729,6.496268399,-0.657068748,351.5975203,5.453078419,0.881466655,13.9,22.172247399999982,1.0431899800000002
547.0,316.1773469,6.415429816,-0.834874866,352.1466666,5.542362903,0.904163955,13.9,22.06931970000003,0.8730669129999997
547.1,316.819576,6.318697811,-0.965026839,352.7048551,5.633923025,0.926506795,13.9,21.985279099999993,0.6847747860000002
547.2,317.4494791,6.210532039,-1.057066252,353.2723133,5.727758785,0.948140712,13.9,21.92283419999999,0.4827732540000005
547.3000000000001,318.0651695,6.092245042,-1.104509129,353.849269,5.823834737,0.968711245,13.9,21.88409949999997,0.26841030499999974
547.4,318.667139,5.977737803,-1.108594263,354.4359496,5.921973649,0.987863933,13.9,21.868810599999996,0.05576415400000023
547.5,319.256474,5.862028648,-1.075515617,355.0325826,6.021962846,1.005244315,13.9,21.876108599999988,-0.1599341980000002
547.6,319.8342611,5.752724339,-1.007460765,355.6393957,6.12358965,1.020557007,13.9,21.905134600000032,-0.3708653110000002
547.7,320.4015867,5.653541254,-0.92759801,356.2565881,6.226641385,1.03374293,13.9,21.955001399999993,-0.5731001309999995
547.8000000000001,320.9595371,5.565222668,-0.82762456,356.8842455,6.330905374,1.044861163,13.9,22.024708400000044,-0.7656827060000007
547.9,321.5091989,5.487768583,-0.720218355,357.5224253,6.436168941,1.05420709,13.9,22.11322640000001,-0.9484003579999998
548.0,322.0516586,5.421178997,-0.611573357,358.1711851,6.542219407,1.062135172,13.9,22.219526500000008,-1.12104041
548.1,322.5880025,5.365453912,-0.502928358,358.8305821,6.648879544,1.06899987,13.9,22.3425796,-1.2834256319999993
548.2,323.1193171,5.320593326,-0.39428336,359.5006739,6.756113904,1.075155645,13.9,22.481356799999993,-1.4355205780000002
548.3000000000001,323.6466889,5.28659724,-0.285638362,360.1815178,6.863922488,1.080956959,13.9,22.63482889999998,-1.5773252480000002
548.4,324.1712043,5.263465653,-0.176993364,360.8731712,6.972305296,1.086699197,13.9,22.801966900000004,-1.7088396430000001
548.5,324.6939498,5.251198567,-0.068348366,361.5756917,7.081262328,1.092441434,13.9,22.98174190000001,-1.830063761
548.6,325.2160118,5.24979598,0.040296633,362.2891366,7.190793583,1.098183671,13.9,23.173124800000018,-1.9409976029999996
548.7,325.7384767,5.259257894,0.148651342,363.0135633,7.300899062,1.103925908,13.9,23.37508660000001,-2.041641168
548.8000000000001,326.2624311,5.279584306,0.255264315,363.7490293,7.411578765,1.109668146,13.9,23.586598200000005,-2.1319944589999995
548.9,326.7889613,5.310775219,0.358393819,364.495592,7.522832691,1.115410383,13.9,23.806630700000007,-2.2120574719999997
549.0,327.3191539,5.352656458,0.456298116,365.2533087,7.634660841,1.12141888,13.9,24.03415479999999,-2.2820043829999994
549.1,327.8540952,5.404357156,0.547235473,366.022237,7.747063215,1.129024936,13.9,24.268141800000002,-2.342706059
549.2,328.3948718,5.464832272,0.629464154,366.8024343,7.860039813,1.13982611,13.9,24.50756250000004,-2.3952075410000004
549.3000000000001,328.94257,5.533036763,0.701532712,367.5939579,7.97375039,1.15541996,13.9,24.751387900000033,-2.440713627
549.4,329.4981369,5.60792559,0.76315086,368.3968653,8.088993726,1.177404045,13.9,24.998728399999983,-2.481068136
549.5,330.0619625,5.688453712,0.814608885,369.2112139,8.206728357,1.207375925,13.9,25.249251400000027,-2.518274644999999
549.6,330.6342969,5.773576086,0.857358234,370.0370611,8.327912817,1.246666898,13.9,25.502764200000037,-2.5543367309999994
549.7,331.2153907,5.862247672,0.893140642,370.8745923,8.453505642,1.295543224,13.9,25.75920160000002,-2.59125797
549.8000000000001,331.8054944,5.953597602,0.923697845,371.7245037,8.584465368,1.353738643,13.9,26.01900930000003,-2.6308677659999997
549.9,332.4048582,6.047451704,0.950771577,372.5876197,8.721750529,1.419921857,13.9,26.282761500000028,-2.6742988249999993
550.0,333.0137326,6.143809976,0.976103574,373.4647645,8.866319661,1.492495306,13.9,26.551031899999977,-2.7225096850000003
550.1,333.6323681,6.242672418,1.001145281,374.3567624,9.018971543,1.569861431,13.9,26.824394299999973,-2.7762991249999995
550.2,334.261015,6.344039032,1.026186989,375.2644376,9.179865931,1.650422674,13.9,27.103422600000023,-2.8358268989999997
550.3000000000001,334.8999238,6.447909816,1.051228697,376.1886143,9.349002826,1.732581476,13.9,27.388690499999974,-2.9010930099999994
550.4,335.5493449,6.554284771,1.076270404,377.1301169,9.526382226,1.815006538,13.9,27.680772000000026,-2.972097455000001
550.5,336.2095287,6.663163897,1.101312112,378.0897695,9.712004133,1.8974316,13.9,27.98024079999997,-3.048840236000001
550.6,336.8807256,6.774547194,1.12635382,379.0683965,9.905868546,1.979856662,13.9,28.287670900000002,-3.1313213520000005
550.7,337.563186,6.888434661,1.151550971,380.066822,10.10797547,2.062281724,13.9,28.60363600000003,-3.2195408089999997
550.8000000000001,338.2571604,7.004826299,1.177680782,381.0858703,10.31832489,2.144706785,13.9,28.928709900000037,-3.313498590999999
550.9,338.9628992,7.123722108,1.205675915,382.1263657,10.53691682,2.227131847,13.9,29.26346650000003,-3.413194712
551.0,339.6806528,7.245215354,1.236469028,383.1891324,10.76375126,2.309294074,13.9,29.60847959999999,-3.5185359059999994
551.1,340.4106715,7.369772366,1.270992784,384.2749947,10.9988282,2.389879289,13.9,29.964323200000003,-3.629055834
551.2,341.1532059,7.497952742,1.310179842,385.3847768,11.24214765,2.467310482,13.9,30.33157090000001,-3.744194908
551.3000000000001,341.9085064,7.630316078,1.354807419,386.519303,11.49355191,2.540010641,13.9,30.71079659999996,-3.863235832000001
551.4,342.6768979,7.76742197,1.405030959,387.6793975,11.75225246,2.606402754,13.9,31.102499600000023,-3.9848304899999993
551.5,343.4590039,7.909830013,1.460695018,388.8658845,12.01730311,2.664909811,13.9,31.506880599999967,-4.107473097000001
551.6,344.2555226,8.058099805,1.521022379,390.0795884,12.28775764,2.714217636,13.9,31.924065799999973,-4.229657835000001
551.7,345.0671521,8.212790942,1.585080382,391.3212072,12.56266986,2.754063393,13.9,32.35405510000002,-4.349878918
551.8000000000001,345.8945904,8.374369753,1.651936366,392.5909344,12.84109354,2.784709917,13.9,32.796343999999955,-4.466723786999999
551.9,346.7385356,8.542929505,1.720657672,393.8888372,13.12208249,2.807471385,13.9,33.250301600000036,-4.579152985
552.0,347.5996858,8.718470199,1.790311637,395.2149829,13.4046905,2.823924808,13.9,33.71529710000002,-4.686220300999999
552.1,348.4787391,8.900991833,1.860121046,396.5694388,13.68812906,2.835647197,13.9,34.19069970000002,-4.787137226999999
552.2,349.3763937,9.090494408,1.929930456,397.9522723,13.97224048,2.844215563,13.9,34.67587860000001,-4.881746072
552.3000000000001,350.2933475,9.286977924,1.999739865,399.3635505,14.25702474,2.851206918,13.9,35.170202999999994,-4.970046816
552.4,351.2302988,9.490442381,2.069549274,400.8033408,14.54248186,2.857935438,13.9,35.67304199999999,-5.052039479000001
552.5,352.1879455,9.700887779,2.139358683,402.2717105,14.82861183,2.864663958,13.9,36.18376499999997,-5.1277240509999995
552.6,353.1669859,9.918314117,2.209168092,403.7687268,15.11541465,2.871392477,13.9,36.70174090000004,-5.197100533
552.7,354.1681179,10.1427214,2.278977501,405.294457,15.40289033,2.878120997,13.9,37.2263391,-5.260168930000001
552.8000000000001,355.1920397,10.37410962,2.348619719,406.8489684,15.69103885,2.884849517,13.9,37.75692869999998,-5.3169292299999995
552.9,356.2394493,10.61247878,2.41725879,408.4323283,15.97986023,2.891578037,13.9,38.292879000000006,-5.36738145
553.0,357.311045,10.85782888,2.483891565,410.044604,16.26935446,2.898306557,13.9,38.833559000000015,-5.411525579999999
553.1,358.4075247,11.11005961,2.547514898,411.6858628,16.55952154,2.903657085,13.9,39.378338099999986,-5.449461929999998
553.2,359.5295865,11.36866939,2.607125641,413.3561719,16.85036147,2.908960046,13.9,39.9265854,-5.481692079999998
553.3000000000001,360.6779286,11.63305634,2.661720647,415.0555986,17.14187426,2.910818029,13.9,40.477670000000025,-5.508817920000002
553.4,361.853249,11.90261856,2.710463959,416.7842103,17.4332331,2.907030208,13.9,41.03096129999998,-5.530614539999998
553.5,363.0561656,12.17675416,2.753188387,418.5420742,17.72523626,2.896420977,13.9,41.58590860000002,-5.548482099999999
553.6,364.2869752,12.45486127,2.790061121,420.3292576,18.01584528,2.877284982,13.9,42.142282400000035,-5.56098401
553.7,365.5458944,12.73633799,2.821918117,422.1458277,18.30373966,2.849294863,13.9,42.69993329999998,-5.567401670000001
553.8000000000001,366.8331398,13.02058242,2.849762524,423.9917155,18.58821406,2.809414844,13.9,43.25857569999997,-5.567631639999998
553.9,368.148928,13.30709301,2.874597488,425.8663061,18.86824525,2.759621208,13.9,43.817378099999964,-5.56115224
554.0,369.4934755,13.59576943,2.897426157,427.7688481,19.14281002,2.701830555,13.9,44.37537260000003,-5.547040589999998
554.1,370.866999,13.88661168,2.919251679,429.6985904,19.41088516,2.637218491,13.9,44.93159139999998,-5.52427348
554.2,372.2697149,14.17961976,2.940910009,431.6547816,19.671618,2.56749037,13.9,45.48506669999998,-5.491998239999999
554.3000000000001,373.70184,14.47479368,2.96256834,433.6366704,19.924838,2.494351544,13.9,46.03483040000001,-5.450044320000002
554.4,375.1635907,14.77213343,2.98422667,435.6435056,20.17054515,2.419507365,13.9,46.57991490000004,-5.398411719999999
554.5,376.6551838,15.07163901,3.005885001,437.6745359,20.40873947,2.344378961,13.9,47.11935210000005,-5.33710046
554.6,378.1768356,15.37331043,3.027543332,439.7290099,20.63942095,2.269250557,13.9,47.65217429999999,-5.266110520000002
554.7,379.7287629,15.67714768,3.049201662,441.8061765,20.86258958,2.194122153,13.9,48.1774136,-5.1854419000000025
554.8000000000001,381.3111822,15.98315076,3.070655012,443.9052842,21.07824538,2.118993748,13.9,48.694101999999965,-5.095094619999999
554.9,382.9243102,16.29131968,3.090878481,446.025582,21.28638833,2.043865344,13.9,49.20127180000001,-4.99506865
555.0,384.5683633,16.60165443,3.108642188,448.1663183,21.48701845,1.96873694,13.9,49.697955000000015,-4.885364020000001
555.1,386.2435581,16.91403202,3.12271625,450.3267421,21.68013572,1.893477095,13.9,50.18318400000002,-4.766103699999999
555.2,387.9501114,17.22783752,3.131870788,452.5061019,21.86574015,1.817428604,13.9,50.65599049999995,-4.637902629999999
555.3000000000001,389.6882395,17.54233299,3.134875919,454.7036465,22.04383175,1.739802823,13.9,51.11540699999998,-4.5014987600000005
555.4,391.4581592,17.85678051,3.130706742,456.9186247,22.21433163,1.659811106,13.9,51.5604655,-4.35755112
555.5,393.2599885,18.17044215,3.119158278,459.150285,22.37684549,1.576664807,13.9,51.99029649999998,-4.206403340000001
555.6,395.0934523,18.48257998,3.100435506,461.3978764,22.53090014,1.489575282,13.9,52.40442409999995,-4.048320159999999
555.7,396.9581766,18.79245607,3.075563327,463.6606474,22.67602238,1.397885325,13.9,52.802470800000016,-3.883566309999999
555.8000000000001,398.8537877,19.09933249,3.045771624,465.9377836,22.81173904,1.301463496,13.9,53.18399589999999,-3.7124065500000007
555.9,400.7799119,19.4025943,3.012290276,468.2282185,22.93757691,1.200441236,13.9,53.548306600000025,-3.53498261
556.0,402.7361753,19.70211851,2.976349166,470.530822,23.05306283,1.09547575,13.9,53.89464669999999,-3.35094432
556.1,404.7222044,19.99790513,2.939178175,472.8444644,23.15772359,0.987355682,13.9,54.222259999999984,-3.1598184600000003
556.2,406.7376252,20.28995414,2.901802204,475.1680159,23.25116488,0.876869677,13.9,54.53039069999998,-2.961210740000002
556.3000000000001,408.782064,20.57826557,2.864426232,477.5003466,23.33330783,0.764806382,13.9,54.81828260000001,-2.7550422599999997
556.4,410.8551471,20.86283939,2.82705026,479.8403266,23.40415245,0.651954442,13.9,55.08517950000002,-2.5413130600000002
556.5,412.9565007,21.14367562,2.789674289,482.1868262,23.46369872,0.538971061,13.9,55.330325499999994,-2.3200231000000002
556.6,415.085751,21.42077425,2.752298317,484.5387155,23.51194666,0.42598768,13.9,55.55296450000001,-2.0911724099999986
556.7,417.2425243,21.69413528,2.714922346,486.8948647,23.54889626,0.313004298,13.9,55.752340400000016,-1.8547609799999982
556.8000000000001,419.4264468,21.96375872,2.677376146,489.254144,23.57454752,0.200020917,13.9,55.92769719999999,-1.6107887999999981
556.9,421.6371448,22.22964456,2.638808575,491.6154234,23.58890044,0.087037536,13.9,56.07827860000001,-1.3592558799999992
557.0,423.8742446,22.4917928,2.598198263,493.9775732,23.59195503,-0.025945845,13.9,56.2033286,-1.1001622300000022
557.1,426.1373722,22.75010131,2.55452384,496.3394636,23.58371127,-0.138929226,13.9,56.30209139999997,-0.8336099599999969
557.2,428.426154,23.00405939,2.506763934,498.6999646,23.56416918,-0.25148103,13.9,56.37381059999999,-0.560109790000002
557.3000000000001,430.7402163,23.25305424,2.453897174,501.0579466,23.53332875,-0.361443365,13.9,56.417730299999995,-0.28027450999999814
557.4,433.0791852,23.49647302,2.39507242,503.4122796,23.49118998,-0.466226765,13.9,56.433094399999995,0.005283039999998351
557.5,435.4426054,23.73370292,2.330119442,505.7618337,23.43801182,-0.563241763,13.9,56.41922830000002,0.2956910999999991
557.6,437.8296944,23.9641311,2.259208468,508.1054793,23.37508901,-0.649898889,13.9,56.37578490000002,0.5890420899999995
557.7,440.2395882,24.18714476,2.183190641,510.4420864,23.30397521,-0.724868998,13.9,56.30249819999998,0.8831695499999981
557.8000000000001,442.671423,24.40213106,2.103087332,512.7705252,23.22622412,-0.783981033,13.9,56.19910219999995,1.1759069399999973
557.9,445.1243345,24.60857932,2.019919911,515.089873,23.14338942,-0.825280991,13.9,56.06553850000004,1.4651899000000022
558.0,447.5974589,24.80638741,1.934709749,517.4000358,23.05626858,-0.853243517,13.9,55.902576899999964,1.7501188299999981
558.1,450.0899321,24.99555532,1.848478216,519.7011267,22.9676232,-0.868258704,13.9,55.711194600000034,2.0279321200000027
558.2,452.6008901,25.17608305,1.762076455,521.9932589,22.87992041,-0.872916021,13.9,55.49236879999999,2.2961626399999986
558.3000000000001,455.1294688,25.34797061,1.675674694,524.2765453,22.7920291,-0.868544614,13.9,55.24707649999997,2.5559415100000002
558.4,457.6748043,25.51121799,1.589272932,526.5510991,22.7052689,-0.859747117,13.9,54.976294799999984,2.8059490899999986
558.5,460.2360325,25.66582519,1.502871171,528.8170335,22.6196398,-0.850635424,13.9,54.68100099999996,3.046185389999998
558.6,462.8122894,25.81179222,1.41646941,531.0744615,22.53514182,-0.839324356,13.9,54.36217209999999,3.276650400000001
558.7,465.402711,25.94911908,1.330067649,533.3234963,22.45177493,-0.828013289,13.9,54.02078529999998,3.49734415
558.8000000000001,468.0064333,26.07780575,1.243665887,535.564251,22.36953916,-0.816702222,13.9,53.65781769999999,3.708266590000001
558.9,470.6225923,26.19785225,1.157238743,537.7968386,22.28843449,-0.805391154,13.9,53.274246299999994,3.90941776
559.0,473.2503239,26.30925858,1.070659304,540.0213723,22.20846093,-0.794080087,13.9,52.87104840000004,4.1007976500000005
559.1,475.8887641,26.41202473,0.983775274,542.2379652,22.12961847,-0.78276902,13.9,52.44920109999996,4.282406259999998
559.2,478.5370489,26.50613547,0.896434358,544.4467304,22.05190712,-0.771488182,13.9,52.00968149999998,4.454228350000001
559.3000000000001,481.1943143,26.59151466,0.808484261,546.6477811,21.97532688,-0.760388724,13.9,51.5534668,4.616187780000001
559.4,483.8596963,26.66807092,0.719772686,548.8412303,21.89987775,-0.749652025,13.9,51.08153400000001,4.76819317
559.5,486.5323308,26.73571287,0.630172722,551.0271911,21.82554158,-0.739459464,13.9,50.59486029999997,4.910171290000001
559.6,489.2113417,26.79434913,0.539658986,553.2057767,21.75222769,-0.72999242,13.9,50.09443500000001,5.042121439999999
559.7,491.895804,26.84388834,0.44825686,555.3771001,21.67982726,-0.721432272,13.9,49.58129610000001,5.16406108
559.8000000000001,494.5847806,26.8842391,0.356093257,557.5412745,21.60823144,-0.713930171,13.9,49.0564939,5.276007659999998
559.9,497.2773344,26.91531005,0.263320472,559.6983985,21.53733143,-0.707516345,13.9,48.52106410000008,5.37797862
560.0,499.9725282,26.93702503,0.170090802,561.8485126,21.46701838,-0.702160566,13.9,47.97598440000005,5.470006650000002
560.1,502.669425,26.94936882,0.076556541,563.9916429,21.39718348,-0.697711684,13.9,47.4222179,5.552185340000001
560.2,505.3670876,26.95234142,-0.017130016,566.1278154,21.32771788,-0.693988318,13.9,46.86072780000004,5.624623539999998
560.3000000000001,508.0645788,26.94594282,-0.110841955,568.2570562,21.25853092,-0.690809091,13.9,46.292477399999974,5.687411900000001
560.4,510.7609617,26.93017303,-0.204553894,570.3793914,21.18960443,-0.687992623,13.9,45.71842970000004,5.7405686
560.5,513.4552991,26.90503204,-0.298265833,572.4948469,21.12093844,-0.685357533,13.9,45.139547799999924,5.7840935999999985
560.6,516.1466537,26.87051986,-0.391977773,574.6034488,21.05253293,-0.682752674,13.9,44.55679510000002,5.81798693
560.7,518.8340886,26.82663649,-0.485689712,576.7052232,20.9843879,-0.680147815,13.9,43.971134600000006,5.842248589999997
560.8000000000001,521.5166666,26.77338192,-0.579401651,578.8001961,20.91650336,-0.677542955,13.9,43.38352949999999,5.856878559999998
560.9,524.1934506,26.71075616,-0.672870691,580.8883936,20.84887931,-0.674938096,13.9,42.79494299999997,5.861876849999998
561.0,526.8635034,26.6387592,-0.764882334,582.9698418,20.78151575,-0.672333237,13.9,42.20633840000003,5.857243449999999
561.1,529.525888,26.55739105,-0.853979184,585.0445666,20.71441266,-0.669728377,13.9,41.618678600000045,5.842978389999999
561.2,532.1796673,26.46679745,-0.938703844,587.1125941,20.64757007,-0.667400988,13.9,41.03292680000002,5.819227380000001
561.3000000000001,534.823904,26.36770709,-1.017598918,589.1739503,20.58098796,-0.665441612,13.9,40.45004630000003,5.786719129999998
561.4,537.4576611,26.26099441,-1.089207009,591.2286614,20.51466634,-0.663881509,13.9,39.87100029999997,5.746328069999997
561.5,540.0800015,26.14753385,-1.15231362,593.2767534,20.44843872,-0.663973141,13.9,39.29675189999998,5.69909513
561.6,542.6901046,26.02819985,-1.206675852,595.3182522,20.38225078,-0.665813848,13.9,38.72814759999992,5.64594907
561.7,545.2876163,25.90386684,-1.252536603,597.353184,20.31608376,-0.669840899,13.9,38.16556770000009,5.587783079999998
561.8000000000001,547.872299,25.77540927,-1.291110372,599.3815748,20.24918619,-0.676214093,13.9,37.609275799999956,5.526223080000001
561.9,550.4439151,25.64370157,-1.323854554,601.4034157,20.18149965,-0.685280156,13.9,37.05950059999996,5.462201920000002
562.0,553.0022271,25.50947245,-1.352226546,603.4185578,20.1127618,-0.697372218,13.9,36.516330700000005,5.396710649999999
562.1,555.5469975,25.37286763,-1.377683746,605.4268173,20.04271026,-0.711310696,13.9,35.979819800000065,5.3301573699999985
562.2,558.0779885,25.23388712,-1.401683548,607.4280104,19.97108268,-0.726998249,13.9,35.4500219,5.26280444
562.3000000000001,560.5949627,25.09253092,-1.425440452,609.4219531,19.89766043,-0.743997609,13.9,34.9269904,5.194870490000003
562.4,563.0976825,24.94879903,-1.449197355,611.4084616,19.82239977,-0.761871507,13.9,34.41077909999999,5.1263992599999995
562.5,565.5859104,24.80269145,-1.472954258,613.3873522,19.7453007,-0.780182673,13.9,33.90144180000002,5.05739075
562.6,568.0594087,24.65420817,-1.496711162,615.358441,19.66636323,-0.798566718,13.9,33.39903230000002,4.987844939999999
562.7,570.5179399,24.50334921,-1.520468065,617.3215441,19.58558736,-0.816950762,13.9,32.9036042,4.917761849999998
562.8000000000001,572.9612664,24.35011456,-1.544224968,619.2764777,19.50297308,-0.835334807,13.9,32.41521129999999,4.847141480000001
562.9,575.3891506,24.19450422,-1.567981872,621.2230579,19.4185204,-0.853718851,13.9,31.933907299999966,4.77598382
563.0,577.801355,24.03651819,-1.591631745,623.1611009,19.33222931,-0.872102895,13.9,31.45974590000001,4.70428888
563.1,580.1976421,23.87615646,-1.614639441,625.090423,19.24409982,-0.89048694,13.9,30.992780899999936,4.632056640000002
563.2,582.5777742,23.71341905,-1.636362779,627.0108401,19.15413192,-0.908870984,13.9,30.533065899999976,4.559287129999998
563.3000000000001,584.9415137,23.54837017,-1.656159583,628.9221685,19.06232562,-0.926905064,13.9,30.080654800000026,4.486044549999999
563.4,587.2886232,23.3813309,-1.673442728,630.8242244,18.96868092,-0.94092059,13.9,29.63560120000009,4.412649979999998
563.5,589.618865,23.21268655,-1.687714929,632.7168239,18.87319781,-0.954574062,13.9,29.197958899999982,4.33948874
563.6,591.9320016,23.04282244,-1.69767603,634.5997832,18.77608627,-0.960009401,13.9,28.767781600000013,4.266736169999998
563.7,594.2278467,22.87209083,-1.704094118,636.4729184,18.67954746,-0.957045579,13.9,28.34507170000004,4.192543370000003
563.8000000000001,596.5064198,22.70079009,-1.706766166,638.3360457,18.58138749,-0.943582806,13.9,27.929625899999998,4.119402600000001
563.9,598.7677913,22.52976455,-1.706227322,640.1889812,18.48631998,-0.917871257,13.9,27.521189899999946,4.043444569999998
564.0,601.0120321,22.35887443,-1.703064711,642.0317091,18.39445357,-0.88147973,13.9,27.11967699999989,3.9644208600000006
564.1,603.2392128,22.18862685,-1.697775616,643.8648855,18.30704812,-0.829001902,13.9,26.725672699999997,3.8815787299999975
564.2,605.4494041,22.01908604,-1.691767224,645.6893344,18.22536352,-0.767943886,13.9,26.33993029999997,3.793722520000003
564.3000000000001,607.6426767,21.850252,-1.684806597,647.5058799,18.15065963,-0.698486709,13.9,25.96320319999993,3.6995923700000013
564.4,609.8191011,21.68212472,-1.67773894,649.3153461,18.08398634,-0.622730161,13.9,25.596245000000046,3.5981383800000017
564.5,611.9787482,21.51470421,-1.670671284,651.1185569,18.02555365,-0.542774034,13.9,25.239808700000005,3.4891505600000023
564.6,614.1216886,21.34799047,-1.663603627,652.9163365,17.97536154,-0.460718116,13.9,24.894647900000088,3.3726289299999976
564.7,616.2479929,21.18198349,-1.65653597,654.7095089,17.93341003,-0.378312233,13.9,24.561515999999962,3.2485734599999994
564.8000000000001,618.3577319,21.01668327,-1.649468313,656.4988982,17.8996991,-0.29590635,13.9,24.24116630000001,3.116984170000002
564.9,620.4509762,20.85208983,-1.642400656,658.2853284,17.87422876,-0.213500467,13.9,23.934352200000014,2.9778610699999994
565.0,622.5277965,20.68820314,-1.634987747,660.0696237,17.856999,-0.131094585,13.9,23.641827199999945,2.8312041400000005
565.1,624.5882635,20.52502323,-1.625503325,661.8526079,17.84800984,-0.048688702,13.9,23.364344399999915,2.677013389999999
565.2,626.6324478,20.36255007,-1.611875875,663.6351053,17.84726126,0.033717181,13.9,23.102657499999943,2.5152888100000013
565.3000000000001,628.6604201,20.20099084,-1.592033886,665.4179399,17.85475328,0.115799225,13.9,22.857519799999956,2.3462375599999987
565.4,630.6722511,20.04138128,-1.563905843,667.2019357,17.87048588,0.195938232,13.9,22.629684599999997,2.170895399999999
565.5,632.6680115,19.8849643,-1.525420232,668.9879168,17.89445907,0.272191166,13.9,22.41990529999996,1.9905052300000001
565.6,634.647772,19.73298281,-1.474850794,670.7767072,17.92647854,0.342614991,13.9,22.228935200000002,1.8065042699999978
565.7,636.6117689,19.58667972,-1.411852275,672.5691311,17.96557278,0.405266671,13.9,22.057362200000036,1.6211069400000007
565.8000000000001,638.5609015,19.44729793,-1.336769928,674.3660124,18.01057596,0.45989242,13.9,21.905110900000047,1.4367219700000007
565.9,640.4962349,19.31608036,-1.251330014,676.1681752,18.06032227,0.501369845,13.9,21.77194029999996,1.2557580900000005
566.0,642.418834,19.19426991,-1.157604046,677.9762882,18.11364588,0.52974919,13.9,21.657454200000053,1.0806240299999992
566.1,644.3297639,19.08290234,-1.057663538,679.7903981,18.17039452,0.548358713,13.9,21.56063419999996,0.9125078200000019
566.2,646.2300895,18.9821848,-0.953580003,681.6103965,18.22730045,0.557253053,13.9,21.480307000000018,0.7548843499999975
566.3000000000001,648.1208758,18.89211729,-0.847424955,683.4361746,18.28342229,0.558375249,13.9,21.41529879999994,0.6086950000000009
566.4,650.0031879,18.81269981,-0.740924654,685.2676239,18.33959119,0.551979085,13.9,21.364436000000047,0.4731086200000014
566.5,651.8780908,18.74393236,-0.634424353,687.1046358,18.3946741,0.543510792,13.9,21.32654499999999,0.34925825999999915
566.6,653.7466494,18.68581494,-0.527924053,688.9471017,18.44867103,0.534539326,13.9,21.30045229999994,0.23714391000000035
566.7,655.6099287,18.63834755,-0.421423752,690.794913,18.50158197,0.523679464,13.9,21.284984299999998,0.13676557999999872
566.8000000000001,657.4689939,18.60153019,-0.314923452,692.6479611,18.55340692,0.512819601,13.9,21.27896719999999,0.04812326999999783
566.9,659.3249097,18.57536286,-0.208423151,694.5061374,18.60414589,0.501959739,13.9,21.28122769999991,-0.02878303000000315
567.0,661.1787414,18.55984556,-0.101922851,696.3693333,18.65379887,0.491099877,13.9,21.29059189999996,-0.09395330999999985
567.1,663.0315538,18.55497829,0.004536481,698.2374402,18.70236586,0.480240015,13.9,21.305886400000055,-0.14738756999999936
567.2,664.8844121,18.56076105,0.110749996,700.1103495,18.74984687,0.469380153,13.9,21.325937400000022,-0.18908581999999896
567.3000000000001,666.738381,18.57719384,0.21647188,701.9879525,18.79624189,0.46063193,13.9,21.349571500000003,-0.21904805000000138
567.4,668.5945258,18.60425208,0.321456317,703.8701408,18.84155093,0.452185371,13.9,21.375614999999904,-0.23729885000000195
567.5,670.4539114,18.64181286,0.42545749,705.7568057,18.88577398,0.448972454,13.9,21.402894299999936,-0.24396111999999803
567.6,672.3176027,18.68972869,0.528229585,707.6478386,18.93017803,0.454792586,13.9,21.43023590000005,-0.2404493400000014
567.7,674.1866648,18.74785208,0.629567754,709.5431309,18.97367709,0.471432174,13.9,21.456466100000036,-0.22582500999999766
567.8000000000001,676.0621431,18.81603554,0.729431029,711.442574,19.01923034,0.501596082,13.9,21.48043090000008,-0.20319479999999857
567.9,677.9450041,18.89413159,0.827860379,713.3460594,19.06911745,0.545877534,13.9,21.50105529999994,-0.1749858599999996
568.0,679.836195,18.98199273,0.925060649,715.2536947,19.12441023,0.60879137,13.9,21.51749970000001,-0.14241749999999698
568.1,681.7366627,19.07947148,1.021277657,717.1664533,19.18673163,0.687659665,13.9,21.529790599999934,-0.10726015000000189
568.2,683.6473542,19.18644492,1.116757217,719.0855251,19.25770455,0.779133822,13.9,21.538170900000047,-0.07125963000000013
568.3000000000001,685.5692166,19.30288847,1.211745146,721.0120997,19.33895191,0.881427436,13.9,21.54288310000002,-0.0360634399999995
568.4,687.5031969,19.42880214,1.306487259,722.9473668,19.43182614,0.991835641,13.9,21.54416990000002,-0.0030239999999999156
568.5,689.450242,19.56418592,1.401188403,724.8925162,19.53659774,1.107653574,13.9,21.542274200000044,0.02758817999999863
568.6,691.411299,19.70903982,1.495889546,726.8487377,19.6532667,1.226176371,13.9,21.53743870000003,0.05577312000000134
568.7,693.3873149,19.86336383,1.59059069,728.8172209,19.78183301,1.345149979,13.9,21.529906000000075,0.08153082000000111
568.8000000000001,695.3792367,20.02715796,1.685291834,730.7991556,19.92229669,1.464123586,13.9,21.519918899999972,0.10486127000000067
568.9,697.3880114,20.2004222,1.779992977,732.7957315,20.07465773,1.583097194,13.9,21.507720100000007,0.12576447000000002
569.0,699.4145861,20.38315655,1.874694121,734.8081385,20.23891613,1.702070802,13.9,21.49355240000009,0.14424041999999915
569.1,701.4599077,20.57536102,1.968889179,736.8375661,20.41507189,1.821044409,13.9,21.477658399999974,0.1602891299999989
569.2,703.5249232,20.77703561,2.06004772,738.8852042,20.60312501,1.940018017,13.9,21.460280999999988,0.17391059999999925
569.3000000000001,705.6105798,20.9881803,2.145133228,740.9522424,20.80307549,2.058991624,13.9,21.441662600000065,0.18510480999999857
569.4,707.7178242,21.20849146,2.221109186,743.0398706,21.01492334,2.177429619,13.9,21.422046399999978,0.1935681200000019
569.5,709.8476037,21.43645083,2.286599716,745.1492784,21.23866854,2.292653931,13.9,21.401674699999923,0.19778228999999925
569.6,712.0008652,21.67023649,2.333586389,747.2816556,21.47431111,2.40145088,13.9,21.380790400000002,0.19592538000000204
569.7,714.1785557,21.90802653,2.364520686,749.4381919,21.72152966,2.500606785,13.9,21.359636200000047,0.18649686999999915
569.8000000000001,716.3813793,22.14899544,2.377235883,751.6200771,21.97871737,2.587147691,13.9,21.338697799999956,0.17027807000000195
569.9,718.6090684,22.38833214,2.372238068,753.8285009,22.24394602,2.658771088,13.9,21.31943250000004,0.14438612000000006
570.0,720.8611124,22.62720388,2.35205767,756.064653,22.51528741,2.708627027,13.9,21.303540599999998,0.1119164700000006
570.1,723.137001,22.86279236,2.31807057,758.3294661,22.79095716,2.740831231,13.9,21.292465099999937,0.07183519999999888
570.2,725.4362235,23.09357933,2.278295193,760.6228445,23.06957376,2.75428896,13.9,21.28662100000006,0.02400556999999992
570.3000000000001,727.7582694,23.31926114,2.230786146,762.9444352,23.34670588,2.75167828,13.9,21.286165800000028,-0.027444739999999967
570.4,730.1026283,23.53983778,2.180240583,765.2938855,23.62321611,2.735973146,13.9,21.291257199999997,-0.08337833000000217
570.5,732.4687896,23.75530925,2.129188934,767.6708426,23.8965194,2.709476068,13.9,21.30205299999998,-0.14121014999999915
570.6,734.8562427,23.96567556,2.078137285,770.0749536,24.16629438,2.67957261,13.9,21.318710899999907,-0.20061881999999898
570.7,737.2644773,24.17093671,2.027085636,772.5058656,24.43254104,2.644825115,13.9,21.34138830000004,-0.26160433000000083
570.8000000000001,739.6929827,24.37109269,1.976033987,774.9632259,24.6952594,2.609542005,13.9,21.370243199999983,-0.3241667100000001
570.9,742.1412484,24.56614351,1.924982338,777.4466817,24.95444944,2.574258896,13.9,21.405433300000006,-0.38830593000000135
571.0,744.6087639,24.75608916,1.873930689,779.95588,25.21011118,2.538975787,13.9,21.447116099999995,-0.45402202
571.1,747.0950188,24.94092965,1.82287904,782.490468,25.4622446,2.503692678,13.9,21.495449199999918,-0.5213149499999972
571.2,749.5995025,25.12066497,1.771585509,785.050093,25.71084971,2.468409569,13.9,21.550590499999977,-0.5901847400000015
571.3000000000001,752.1217044,25.29529512,1.718840689,787.6344021,25.95592652,2.43312646,13.9,21.61269769999999,-0.6606313999999998
571.4,754.6611141,25.46482012,1.663193291,790.2430425,26.19747501,2.397397271,13.9,21.68192840000004,-0.7326548900000027
571.5,757.217221,25.62909481,1.603192024,792.8756613,26.43549519,2.358991604,13.9,21.758440300000053,-0.8064003799999995
571.6,759.7895146,25.78739357,1.537385601,795.5319057,26.66998705,2.315232979,13.9,21.84239110000008,-0.8825934800000006
571.7,762.3774845,25.93884562,1.46432273,798.2114229,26.90068296,2.263444919,13.9,21.933938399999967,-0.9618373400000024
571.8000000000001,764.98062,26.08258018,1.382794006,800.91386,27.12624468,2.200950944,13.9,22.033239999999957,-1.0436644999999984
571.9,767.5982947,26.21772648,1.292557546,803.6388642,27.3450663,2.125074576,13.9,22.14056949999995,-1.1273398199999995
572.0,770.2294173,26.34341375,1.193855231,806.3860827,27.55554196,2.033585416,13.9,22.256665399999953,-1.2121282099999995
572.1,772.8727809,26.45877122,1.08789647,809.1549485,27.75606575,1.926037384,13.9,22.382167600000095,-1.297294530000002
572.2,775.5271782,26.5629281,0.976132552,811.9440382,27.9450318,1.802876561,13.9,22.516860000000044,-1.3821036999999983
572.3000000000001,778.1914022,26.65515876,0.860014765,814.7517143,28.12083421,1.666333344,13.9,22.660312100000034,-1.4656754500000027
572.4,780.8642456,26.73531806,0.7409944,817.5763393,28.28186711,1.519084213,13.9,22.81209369999997,-1.5465490499999994
572.5,783.5445015,26.80340601,0.620522746,820.4162755,28.42679224,1.363805647,13.9,22.97177399999996,-1.6233862300000013
572.6,786.2309625,26.85942261,0.499809211,823.2698854,28.55534196,1.203174123,13.9,23.13892289999999,-1.6959193500000005
572.7,788.9224217,26.90336786,0.379095675,826.1355316,28.66751628,1.03986612,13.9,23.313109900000065,-1.7641484200000015
572.8000000000001,791.6176718,26.93524175,0.258382139,829.0115764,28.76331519,0.876112038,13.9,23.49390459999993,-1.8280734400000007
572.9,794.3155057,26.95504428,0.137668603,831.8963823,28.84273869,0.712357955,13.9,23.680876600000012,-1.8876944100000017
573.0,797.0147163,26.96277547,0.016955068,834.7883118,28.90578678,0.548603873,13.9,23.873595499999944,-1.9430113099999993
573.1,799.7140965,26.9584353,-0.103758468,837.6857274,28.95245946,0.38484979,13.9,24.071630900000038,-1.9940241599999986
573.2,802.412439,26.94202377,-0.223927447,840.5869914,28.98275674,0.221095708,13.9,24.27455240000004,-2.0407329700000005
573.3000000000001,805.1085369,26.9135409,-0.340829085,843.4904664,28.9966786,0.057341626,13.9,24.481929499999957,-2.083137699999998
573.4,807.8011829,26.87298667,-0.451196041,846.3945148,28.99422506,-0.106412457,13.9,24.693331900000068,-2.121238390000002
573.5,810.4891699,26.82068782,-0.551760975,849.2974991,28.97539611,-0.269089936,13.9,24.908329200000004,-2.1547082899999985
573.6,813.1712908,26.75827802,-0.639603022,852.1977818,28.94019175,-0.425307794,13.9,25.12649100000008,-2.1819137300000016
573.7,815.8463384,26.68771767,-0.711846949,855.0937252,28.88861199,-0.56860641,13.9,25.34738679999996,-2.2008943199999997
573.8000000000001,818.5131056,26.61096719,-0.76251479,857.9836919,28.82130278,-0.692526163,13.9,25.570586300000038,-2.2103355899999997
573.9,821.1706467,26.52977908,-0.795010123,860.8660443,28.74149393,-0.790607432,13.9,25.79539759999998,-2.21171485
574.0,823.8190614,26.4458785,-0.808445967,863.7391448,28.65306122,-0.856390596,13.9,26.020083399999955,-2.2071827200000023
574.1,826.458711,26.36317894,-0.805545108,866.601356,28.55988041,-0.884492638,13.9,26.242645000000017,-2.1967014700000007
574.2,829.0899566,26.28127194,-0.789228408,869.4515571,28.4658273,-0.873836954,13.9,26.461600499999896,-2.184555360000001
574.3000000000001,831.7131595,26.20265009,-0.762371101,872.2906943,28.37477763,-0.825500148,13.9,26.677534800000082,-2.1721275400000017
574.4,834.3286807,26.12764012,-0.731495712,875.1202307,28.29060719,-0.744865237,13.9,26.89155000000003,-2.1629670700000005
574.5,836.9368816,26.05624204,-0.695921444,877.9416295,28.21719176,-0.638391843,13.9,27.104747899999985,-2.160949719999998
574.6,839.5381232,25.98845584,-0.659802619,880.7563537,28.15776113,-0.512539585,13.9,27.318230500000006,-2.1693052900000005
574.7,842.1327668,25.92428152,-0.623683794,883.5658664,28.11296127,-0.373768085,13.9,27.533099599999993,-2.1886797499999986
574.8000000000001,844.7211735,25.86371908,-0.587564969,886.3716306,28.08279219,-0.228536965,13.9,27.75045710000004,-2.21907311
574.9,847.3037047,25.80676852,-0.551446144,889.1751094,28.06725388,-0.082229241,13.9,27.971404699999972,-2.2604853600000006
575.0,849.8807213,25.75342985,-0.515327319,891.977766,28.06634634,0.064078483,13.9,28.19704469999997,-2.312916489999999
575.1,852.4525847,25.70370306,-0.479208494,894.7810633,28.08006958,0.210386208,13.9,28.42847860000004,-2.3763665200000013
575.2,855.019656,25.65758815,-0.443089669,897.5864645,28.10842358,0.356693932,13.9,28.66680849999998,-2.4508354300000015
575.3000000000001,857.5822964,25.61508512,-0.40673003,900.3954326,28.15140836,0.503001656,13.9,28.913136200000032,-2.5363232400000015
575.4,860.1408671,25.57619398,-0.368925503,903.2094308,28.20902391,0.64930938,13.9,29.168563699999915,-2.6328299299999998
575.5,862.6957292,25.54091472,-0.328231203,906.029922,28.28127024,0.794737859,13.9,29.434192800000098,-2.7403555200000014
575.6,865.2472441,25.50939183,-0.283202241,908.8583694,28.36814734,0.934890865,13.9,29.711125300000027,-2.8587555100000017
575.7,867.7957728,25.48234776,-0.232393731,911.6962361,28.4696552,1.064492926,13.9,30.000463299999957,-2.9873074399999986
575.8000000000001,870.3416765,25.46064943,-0.174360786,914.5449851,28.5852663,1.17826857,13.9,30.303308600000015,-3.1246168700000005
575.9,872.8853165,25.44516378,-0.107899334,917.4060795,28.71234288,1.270942324,13.9,30.62076299999999,-3.2671791
576.0,875.4271694,25.43675774,-0.032768558,920.2809824,28.84771967,1.337238716,13.9,30.953812999999947,-3.410961929999999
576.1,877.9681746,25.43629825,0.050790724,923.1711568,28.98823138,1.372761519,13.9,31.302982199999953,-3.5519331299999983
576.2,880.5093866,25.44465223,0.141574442,926.0776438,29.13071273,1.376631487,13.9,31.668257200000063,-3.6860605
576.3000000000001,883.0518603,25.46268662,0.238137709,928.9997963,29.27199843,1.349727866,13.9,32.047935999999915,-3.8093118100000005
576.4,885.5966503,25.49112386,0.339035636,931.9365452,29.40892321,1.296446882,13.9,32.43989489999999,-3.917799350000003
576.5,888.1448114,25.53010844,0.442823337,934.8868212,29.53832177,1.222064008,13.9,32.84200980000001,-4.00821333
576.6,890.6973983,25.57964037,0.548055926,937.8495553,29.65755639,1.131854718,13.9,33.25215699999999,-4.07791602
576.7,893.2554658,25.63971963,0.653529329,940.8236782,29.76609951,1.031094482,13.9,33.668212399999994,-4.126379880000002
576.8000000000001,895.8200685,25.71034623,0.759002732,943.8081209,29.86395113,0.925058774,13.9,34.0880523999999,-4.153604900000001
576.9,898.3922613,25.79152018,0.864476135,946.8018142,29.95111126,0.81814382,13.9,34.509552899999996,-4.159591080000002
577.0,900.9730989,25.88324146,0.969949538,949.8036889,30.0275799,0.711228867,13.9,34.93059000000003,-4.1443384399999985
577.1,903.563636,25.98551008,1.075422941,952.8126759,30.09335704,0.604313913,13.9,35.34903990000007,-4.10784696
577.2,906.1649272,26.09832605,1.180896344,955.8277061,30.14844268,0.49739896,13.9,35.762778900000036,-4.050116629999998
577.3000000000001,908.7780275,26.22168935,1.286084738,958.8477102,30.19283683,0.390484006,13.9,36.169682700000045,-3.9711474800000026
577.4,911.4039914,26.3556,1.389563084,961.8716192,30.22653948,0.283569053,13.9,36.56762780000006,-3.8709394800000005
577.5,914.0438738,26.50005798,1.489621329,964.8983639,30.24955064,0.177209007,13.9,36.95449010000002,-3.749492659999998
577.6,916.6987294,26.6548923,1.584549426,967.9268751,30.2618703,0.07417841,13.9,37.328145699999915,-3.606977999999998
577.7,919.3696128,26.81924793,1.672637325,970.9560837,30.26349847,-0.022193291,13.9,37.686470899999996,-3.4442505399999988
577.8000000000001,922.0575789,26.99209885,1.752174975,973.9849205,30.25476809,-0.108576648,13.9,38.02734160000009,-3.2626692399999975
577.9,924.7636823,27.17241901,1.821737335,977.0123165,30.23734388,-0.183513945,13.9,38.34863419999997,-3.0649248700000022
578.0,927.4888411,27.35918239,1.881039398,980.0372023,30.21322351,-0.238060537,13.9,38.648361200000046,-2.854041119999998
578.1,930.2334258,27.55136297,1.930366172,983.058509,30.18440465,-0.275057081,13.9,38.925083199999996,-2.6330416800000016
578.2,932.9976705,27.7479347,1.971142697,986.0754337,30.15176194,-0.292076936,13.9,39.17776319999994,-2.403827240000002
578.3000000000001,935.781809,27.94787157,2.005079023,989.088239,30.12066215,-0.28967501,13.9,39.40643000000009,-2.172790580000001
578.4,938.5860753,28.15031855,2.033885201,992.0974539,30.08973384,-0.270625844,13.9,39.61137860000006,-1.9394152899999995
578.5,941.4107032,28.35510463,2.059271279,995.1036074,30.06209771,-0.236387154,13.9,39.792904200000045,-1.7069930800000002
578.6,944.2559267,28.56222981,2.082947308,998.1072285,30.0394185,-0.195903583,13.9,39.95130179999999,-1.4771886899999984
578.7,947.1219796,28.77169409,2.106338329,1001.108846,30.02202914,-0.146889385,13.9,40.08686639999994,-1.2503350500000003
578.8000000000001,950.0090959,28.98349747,2.129729349,1004.108989,30.00992964,-0.094545738,13.9,40.19989309999992,-1.0264321699999996
578.9,952.9175095,29.19763996,2.15312037,1007.108187,30.00312,-0.041647183,13.9,40.290677499999994,-0.8054800399999991
579.0,955.8474544,29.41412155,2.17651139,1010.106968,30.00160021,0.011251372,13.9,40.359513600000106,-0.5874786599999986
579.1,958.7991643,29.63294224,2.199902411,1013.105862,30.00537027,0.064149927,13.9,40.406697699999974,-0.3724280300000018
579.2,961.7728733,29.85410203,2.223293431,1016.105398,30.01443019,0.117048482,13.9,40.43252470000002,-0.16032815999999883
579.3000000000001,964.7688152,30.07760092,2.246684452,1019.106103,30.02877997,0.169947037,13.9,40.437287800000014,0.04882094999999964
579.4,967.7872239,30.30343892,2.265527218,1022.108509,30.0484196,0.222845591,13.9,40.42128510000007,0.2550193200000024
579.5,970.8283334,30.53161602,2.283720234,1025.113142,30.07334909,0.275744146,13.9,40.38480859999991,0.4582669300000006
579.6,973.8923775,30.76213222,2.293522906,1028.120534,30.10356843,0.327660072,13.9,40.328156499999956,0.6585637900000023
579.7,976.9795903,30.99225857,2.284936873,1031.131211,30.13907763,0.369003825,13.9,40.251620699999854,0.8531809400000014
579.8000000000001,980.0902055,31.22433417,2.255608967,1034.145704,30.17987668,0.40790882,13.9,40.1554985,1.0444574899999992
579.9,983.2244571,31.45371467,2.20035372,1037.164542,30.22537601,0.424450091,13.9,40.04008489999999,1.2283386599999986
580.0,986.382579,31.67440104,2.118533919,1040.188252,30.26982189,0.417408259,13.9,39.90567299999996,1.40457915
580.1,989.5643903,31.8849814,2.00106559,1043.217365,30.31809438,0.380887547,13.9,39.75297469999996,1.5668870199999994
580.2,992.7680507,32.08234445,1.851368105,1046.25241,30.35823848,0.309974811,13.9,39.58435930000005,1.72410597
580.3000000000001,995.9913051,32.26337892,1.678575579,1049.293443,30.38952258,0.208363816,13.9,39.40213790000005,1.8738563399999997
580.4,999.2318984,32.42497352,1.485041181,1052.338636,30.40840921,0.063008003,13.9,39.206737599999975,2.0165643100000032
580.5,1002.487575,32.56453553,1.275950379,1055.385687,30.4113609,-0.107150293,13.9,38.99811199999997,2.1531746300000023
580.6,1005.756081,32.68154639,1.05648864,1058.432295,30.39484018,-0.300891691,13.9,38.776214000000074,2.286706210000002
580.7,1009.03516,32.77600611,0.831841433,1061.47616,30.35589918,-0.512320417,13.9,38.54099999999992,2.4201069299999958
580.8000000000001,1012.322558,32.84791468,0.606329981,1064.51498,30.29394831,-0.735540695,13.9,38.292421999999966,2.5539663700000013
580.9,1015.616019,32.8972721,0.38081853,1067.546454,30.20898757,-0.964656748,13.9,38.03043499999999,2.6882845300000007
581.0,1018.913288,32.92407838,0.155307078,1070.568282,30.10101696,-1.194755431,13.9,37.75499399999999,2.8230614199999984
581.1,1022.21211,32.92833352,-0.070204374,1073.578163,29.97003648,-1.424854114,13.9,37.46605299999985,2.9582970400000015
581.2,1025.51023,32.91003751,-0.295715825,1076.573794,29.81604613,-1.654952797,13.9,37.163563999999816,3.093991380000002
581.3000000000001,1028.805393,32.86919035,-0.521227277,1079.552877,29.63904592,-1.885051479,13.9,36.84748399999999,3.2301444299999957
581.4,1032.095344,32.80579205,-0.746263152,1082.513109,29.43903584,-2.115150162,13.9,36.51776499999992,3.366756210000002
581.5,1035.377827,32.71984261,-0.968445567,1085.452189,29.21601589,-2.345248845,13.9,36.174362000000066,3.5038267199999993
581.6,1038.650588,32.61134202,-1.184921062,1088.367817,28.96998607,-2.574428383,13.9,35.81722900000009,3.6413559500000012
581.7,1041.911371,32.48057563,-1.392836177,1091.257691,28.70094638,-2.798093058,13.9,35.44632000000011,3.7796292499999957
581.8000000000001,1045.157921,32.32897017,-1.589337452,1094.119511,28.40889683,-3.010728004,13.9,35.061590000000116,3.9200733399999983
581.9,1048.387984,32.15823772,-1.771571426,1096.950975,28.09438889,-3.206818359,13.9,34.66299100000001,4.063848830000001
582.0,1051.599304,31.97009035,-1.937160217,1099.749783,27.76018,-3.380849257,13.9,34.250478999999906,4.209910350000001
582.1,1054.789854,31.76624014,-2.085628248,1102.513634,27.40957909,-3.531490947,13.9,33.82377999999981,4.35666105
582.2,1057.95852,31.54839916,-2.217451096,1105.240226,27.04589505,-3.642557411,13.9,33.38170599999999,4.50250411
582.3000000000001,1061.104417,31.3182795,-2.335006643,1107.9277,26.67243683,-3.722789725,13.9,32.92328299999995,4.64584267
582.4,1064.22666,31.07759322,-2.44114835,1110.575961,26.29000226,-3.771817037,13.9,32.44930099999997,4.787590959999999
582.5,1067.324363,30.82776706,-2.538729678,1113.185354,25.90885444,-3.79327003,13.9,31.960991000000014,4.91891262
582.6,1070.396641,30.56908636,-2.630604085,1115.756227,25.52650617,-3.792663565,13.9,31.459586000000037,5.042580189999999
582.7,1073.442608,30.30155113,-2.719625032,1118.288925,25.14648886,-3.771327397,13.9,30.946317,5.155062269999998
582.8000000000001,1076.461378,30.02516135,-2.808170402,1120.783794,24.76993304,-3.746366686,13.9,30.422415999999977,5.25522831
582.9,1079.452067,29.73991704,-2.896715773,1123.241181,24.39683869,-3.713636076,13.9,29.889114000000156,5.3430783500000025
583.0,1082.413789,29.4458182,-2.985261143,1125.661431,24.02720582,-3.679021284,13.9,29.347642000000043,5.418612380000003
583.1,1085.345658,29.14286482,-3.073806513,1128.044891,23.66103443,-3.644406491,13.9,28.79923300000005,5.481830389999999
583.2,1088.246789,28.8310569,-3.162351884,1130.391907,23.29832452,-3.609791699,13.9,28.245117999999913,5.532732379999999
583.3000000000001,1091.116297,28.51039444,-3.250897254,1132.702825,22.93907609,-3.575176907,13.9,27.686528000000045,5.5713183499999985
583.4,1093.953295,28.18087745,-3.339442625,1134.977992,22.58328914,-3.540562114,13.9,27.12469700000006,5.597588309999999
583.5,1096.7569,27.84250591,-3.427575805,1137.217752,22.23096367,-3.505947322,13.9,26.560851999999933,5.611542239999999
583.6,1099.526224,27.49527985,-3.513235841,1139.422454,21.88209968,-3.471223114,13.9,25.99623000000006,5.61318017
583.7,1102.260383,27.13919924,-3.593949589,1141.592441,21.53669716,-3.435842414,13.9,25.432057999999962,5.602502080000001
583.8000000000001,1104.958491,26.77451141,-3.667243907,1143.728062,21.19475613,-3.399148729,13.9,24.869570999999816,5.5797552800000005
583.9,1107.619663,26.40245294,-3.732085473,1145.829662,20.85634223,-3.360485568,13.9,24.309999000000154,5.546110710000001
584.0,1110.243013,26.02450769,-3.781681675,1147.897587,20.52178369,-3.319196437,13.9,23.754573999999913,5.502724000000001
584.1,1112.827656,25.64215957,-3.818291029,1149.932183,20.19147443,-3.274624845,13.9,23.204526999999963,5.450685140000001
584.2,1115.372905,25.25602856,-3.84006152,1151.933796,19.86580834,-3.226223715,13.9,22.660891000000085,5.39022022
584.3000000000001,1117.878862,24.87019024,-3.84740534,1153.902826,19.5451793,-3.173883632,13.9,22.12396399999998,5.3250109399999985
584.4,1120.34583,24.4835368,-3.842383442,1155.83988,19.22998122,-3.11771401,13.9,21.594050000000017,5.2535555800000004
584.5,1122.77411,24.09841602,-3.826029146,1157.745621,18.920608,-3.058261927,13.9,21.071510999999965,5.177808019999997
584.6,1125.164005,23.71606449,-3.805135064,1159.620709,18.61745351,-2.996183875,13.9,20.556703999999947,5.09861098
584.7,1127.515815,23.33672951,-3.777854873,1161.465805,18.32084603,-2.932136346,13.9,20.049990000000072,5.015883480000003
584.8000000000001,1129.829843,22.96041108,-3.748101538,1163.281572,18.03085118,-2.866775832,13.9,19.551729000000115,4.929559900000001
584.9,1132.106389,22.5871092,-3.717936012,1165.068669,17.74746898,-2.800758826,13.9,19.062279999999966,4.83964022
585.0,1134.345756,22.21682387,-3.687770487,1166.827759,17.47069942,-2.734632405,13.9,18.58200300000008,4.74612445
585.1,1136.548245,21.8495551,-3.657604961,1168.559503,17.2005425,-2.668505984,13.9,18.111258,4.649012599999999
585.2,1138.714159,21.48530288,-3.627439435,1170.264561,16.93699822,-2.602379563,13.9,17.65040199999985,4.5483046599999994
585.3000000000001,1140.843798,21.12406721,-3.59727391,1171.943596,16.68006658,-2.536253142,13.9,17.199797999999966,4.4440006300000015
585.4,1142.937464,20.7658481,-3.567108384,1173.597268,16.42974759,-2.470126721,13.9,16.759803999999896,4.336100509999998
585.5,1144.995459,20.41064554,-3.53646306,1175.226239,16.18604124,-2.404000299,13.9,16.330780000000097,4.224604299999999
585.6,1147.018085,20.05845953,-3.502938943,1176.83117,15.94894753,-2.337873878,13.9,15.913085,4.1095120000000005
585.7,1149.005643,19.70929007,-3.463657243,1178.412723,15.71846646,-2.270824859,13.9,15.50707999999995,3.9908236100000014
585.8000000000001,1150.958435,19.36342504,-3.415739166,1179.971557,15.49459804,-2.198240249,13.9,15.113122000000066,3.8688269999999996
585.9,1152.876762,19.02230385,-3.35630592,1181.508336,15.27734226,-2.114584458,13.9,14.731574,3.744961590000001
586.0,1154.760926,18.68765375,-3.282478715,1183.023719,15.06725268,-2.014321895,13.9,14.362793000000101,3.6204010699999998
586.1,1156.61123,18.36120204,-3.191858555,1184.518369,14.86709709,-1.89191697,13.9,14.007138999999915,3.4941049499999988
586.2,1158.428204,18.04467597,-3.083965642,1185.992947,14.68019686,-1.741834093,13.9,13.664742999999907,3.3644791099999996
586.3000000000001,1160.213302,17.73980284,-2.959279776,1187.448113,14.50987333,-1.559460272,13.9,13.334810999999808,3.22992951
586.4,1161.968208,17.44830991,-2.820199949,1188.884972,14.35944786,-1.343872907,13.9,13.016764000000057,3.0888620499999995
586.5,1163.694604,17.17192446,-2.669604954,1190.3064,14.2322418,-1.095994598,13.9,12.711795999999913,2.939682659999999
586.6,1165.394175,16.91208589,-2.510373582,1191.715715,14.13157651,-0.820438336,13.9,12.42154000000014,2.78050938
586.7,1167.068604,16.66908207,-2.345384627,1193.116235,14.06077335,-0.522739712,13.9,12.14763099999991,2.608308720000002
586.8000000000001,1168.719574,16.442913,-2.177516879,1194.511278,14.0226001,-0.208434317,13.9,11.891703999999981,2.4203129000000008
586.9,1170.348769,16.23357869,-2.009169332,1195.904163,14.01761033,0.116942259,13.9,11.655393999999978,2.2159683600000015
587.0,1171.957873,16.04107914,-1.840821786,1197.298208,14.04580403,0.447854426,13.9,11.440334999999868,1.9952751100000015
587.1,1173.548568,15.86541433,-1.672474239,1198.696732,14.10718121,0.779689191,13.9,11.248164000000179,1.7582331199999999
587.2,1175.122538,15.70658429,-1.504126693,1200.103053,14.20174187,1.111523957,13.9,11.080514999999968,1.504842420000001
587.3000000000001,1176.681467,15.564589,-1.335779146,1201.520488,14.329486,1.443358722,13.9,10.939020999999775,1.2351030000000005
587.4,1178.227039,15.43942846,-1.1674316,1202.952358,14.49041361,1.775193487,13.9,10.825318999999899,0.9490148500000011
587.5,1179.760936,15.33110268,-0.999084053,1204.401979,14.6845247,2.107028252,13.9,10.741043000000081,0.64657798
587.6,1181.284842,15.23961165,-0.831431711,1205.872671,14.91181926,2.438863017,13.9,10.687829000000056,0.3277923900000008
587.7,1182.800441,15.16495537,-0.667950596,1207.367752,15.1722973,2.769224671,13.9,10.667311000000018,-0.007341930000000829
587.8000000000001,1184.309416,15.10713386,-0.512811935,1208.890539,15.46595882,3.090747652,13.9,10.681122999999934,-0.3588249600000015
587.9,1185.81345,15.06572997,-0.370186954,1210.444352,15.79280381,3.394593289,13.9,10.730901999999878,-0.727073840000001
588.0,1187.314228,15.0386581,-0.244246881,1212.032508,16.15194841,3.67192291,13.9,10.81828000000005,-1.11329031
588.1,1188.813432,15.02341552,-0.134100797,1213.658326,16.53897329,3.913897843,13.9,10.944894000000067,-1.515557770000001
588.2,1190.312746,15.01749948,-0.05841116,1215.325125,16.94857524,4.119829514,13.9,11.11237900000001,-1.9310757600000006
588.3000000000001,1191.81352,15.01840725,-0.00268674,1217.036223,17.37545105,4.257902068,13.9,11.322703000000137,-2.3570437999999996
588.4,1193.315768,15.02667338,0.028705523,1218.79423,17.81429752,4.351092688,13.9,11.578462000000036,-2.78762414
588.5,1194.819173,15.03068327,0.039241652,1220.59893,18.26470152,4.392724388,13.9,11.879757000000017,-3.2340182499999983
588.6,1196.323415,15.03704606,0.033092874,1222.449399,18.70668966,4.390162728,13.9,12.225984000000016,-3.669643599999999
588.7,1197.828176,15.04063883,0.009368269,1224.344712,19.1496289,4.35224638,13.9,12.616536000000087,-4.108990069999999
588.8000000000001,1199.333136,15.04104447,-0.012574499,1226.283946,19.58420987,4.279663916,13.9,13.050810000000046,-4.5431653999999995
588.9,1200.837978,15.03826297,-0.043750639,1228.266176,20.00954869,4.205704307,13.9,13.528198000000065,-4.971285719999999
589.0,1202.342383,15.03229434,-0.075621984,1230.290477,20.42564535,4.114755926,13.9,14.048094000000082,-5.39335101
589.1,1203.846031,15.02313857,-0.107493328,1232.355926,20.83249987,4.022334434,13.9,14.609894999999915,-5.809361299999999
589.2,1205.348604,15.01079567,-0.139364673,1234.461598,21.23011224,3.929912941,13.9,15.212994000000071,-6.21931657
589.3000000000001,1206.849783,14.99526564,-0.171236017,1236.606569,21.61848246,3.837491449,13.9,15.856786000000147,-6.62321682
589.4,1208.349251,14.97654847,-0.203107362,1238.789915,21.99761053,3.745069956,13.9,16.54066399999997,-7.02106206
589.5,1209.846687,14.95464417,-0.234978706,1241.010712,22.36749645,3.652648464,13.9,17.26402500000004,-7.412852280000001
589.6,1211.341773,14.92955273,-0.256226269,1243.268036,22.72814022,3.560226971,13.9,18.026262999999837,-7.798587490000001
589.7,1212.834191,14.90127416,-0.282785723,1245.560961,23.07954184,3.467805479,13.9,18.82676999999999,-8.178267680000001
589.8000000000001,1214.323621,14.86980845,-0.281964414,1247.888565,23.42170132,3.375152101,13.9,19.66494399999997,-8.55189287
589.9,1215.809746,14.84152988,-0.247196941,1250.249923,23.75461864,3.281107412,13.9,20.540177000000178,-8.91308876
590.0,1217.292246,14.80596067,-0.16920429,1252.64411,24.07829382,3.184280099,13.9,21.45186399999998,-9.27233315
590.1,1218.770803,14.78546552,-0.037180166,1255.070203,24.39258771,3.083278851,13.9,22.399400000000107,-9.60712219
590.2,1220.245097,14.78123456,0.149057945,1257.527276,24.69680467,2.976712357,13.9,23.382179000000043,-9.915570109999999
590.3000000000001,1221.715676,14.79975158,0.417779288,1260.014407,24.9901099,2.863189305,13.9,24.398730999999863,-10.19035832
590.4,1223.186542,14.84750035,0.740714618,1262.530671,25.27166863,2.741550269,13.9,25.444129000000068,-10.42416828
590.5,1224.662563,14.93096464,1.117681421,1265.075032,25.54064606,2.611563363,13.9,26.512468999999875,-10.609681420000001
590.6,1226.148609,15.05662824,1.537873402,1267.646009,25.7962074,2.473460472,13.9,27.597399999999972,-10.73957916
590.7,1227.649547,15.22989429,1.990484268,1270.242011,26.03751787,2.328401023,13.9,28.692464000000065,-10.807623579999998
590.8000000000001,1229.170246,15.45184342,2.464707723,1272.861445,26.26374269,2.177776328,13.9,29.7911990000001,-10.811899270000001
590.9,1230.715574,15.72247562,2.949737472,1275.502719,26.47418619,2.022977698,13.9,30.88714500000001,-10.75171057
591.0,1232.2904,16.04179091,3.436568271,1278.164242,26.66870924,1.865396444,13.9,31.97384199999997,-10.626918329999999
591.1,1233.899591,16.40978928,3.923399069,1280.844422,26.84731185,1.706423879,13.9,33.044830999999796,-10.437522570000002
591.2,1235.548016,16.82647073,4.410229868,1283.541665,27.00999402,1.547219429,13.9,34.093649000000006,-10.18352329
591.3000000000001,1237.240544,17.29183525,4.897060666,1286.254381,27.15675574,1.388014978,13.9,35.11383699999997,-9.864920490000003
591.4,1238.982042,17.80588286,5.383891465,1288.980976,27.28759701,1.228810528,13.9,36.098933999999964,-9.481714149999998
591.5,1240.777379,18.36861354,5.870722264,1291.71986,27.40251784,1.069606078,13.9,37.04248099999982,-9.033904300000003
591.6,1242.631423,18.98002731,6.353714692,1294.46944,27.50151823,0.910401628,13.9,37.93801700000004,-8.521490919999998
591.7,1244.549043,19.64012416,6.813676898,1297.228124,27.58459817,0.751197177,13.9,38.779081,-7.94447401
591.8000000000001,1246.535106,20.34890408,7.22757866,1299.99432,27.65175766,0.592499748,13.9,39.559213999999976,-7.302853580000001
591.9,1248.594482,21.10406407,7.572389755,1302.766436,27.70299672,0.436844442,13.9,40.27195400000014,-6.598932650000002
592.0,1250.732038,21.894089,7.825079962,1305.54288,27.73831532,0.287273384,13.9,40.91084199999987,-5.844226320000001
592.1,1252.952643,22.70516074,7.962619059,1308.322059,27.75801769,0.146828698,13.9,41.469416,-5.052856949999999
592.2,1255.261165,23.52346116,7.965815193,1311.102382,27.76362489,0.018552507,13.9,41.941217000000144,-4.240163729999999
592.3000000000001,1257.66063,24.33517213,7.830829995,1313.882258,27.7569622,-0.094513063,13.9,42.32162800000001,-3.42179007
592.4,1260.146694,25.12647552,7.561501834,1316.660092,27.73985488,-0.189832911,13.9,42.61339800000005,-2.6133793599999997
592.5,1262.713171,25.88355318,7.177022563,1319.434538,27.71412822,-0.266900016,13.9,42.821366999999874,-1.8305750399999994
592.6,1265.353875,26.59258699,6.700422404,1322.20522,27.68160748,-0.326221397,13.9,42.95134500000004,-1.0890204899999993
592.7,1268.06262,27.24206184,6.154731578,1324.972006,27.64411795,-0.370332159,13.9,43.00938600000004,-0.40205610999999664
592.8000000000001,1270.833219,27.8296747,5.562980308,1327.734763,27.60348489,-0.402274425,13.9,43.00154399999983,0.22618981000000105
592.9,1273.659486,28.35542558,4.948198816,1330.493362,27.56122936,-0.425090319,13.9,42.93387599999992,0.7941962199999999
593.0,1276.535235,28.81931447,4.329578953,1333.247668,27.51765559,-0.441821966,13.9,42.81243299999992,1.301658879999998
593.1,1279.454279,29.22134137,3.71095909,1335.997552,27.47276356,-0.455511488,13.9,42.643273,1.7485778100000005
593.2,1282.410434,29.56150628,3.092339228,1338.74288,27.42655329,-0.46869399,13.9,42.43244600000012,2.1349529899999986
593.3000000000001,1285.397512,29.83980921,2.473719365,1341.483522,27.37902477,-0.481876492,13.9,42.18600999999999,2.4607844399999976
593.4,1288.409327,30.05625016,1.855099503,1344.219344,27.33017799,-0.495058994,13.9,41.91001700000002,2.726072170000002
593.5,1291.439693,30.21082911,1.23647964,1346.950216,27.28001297,-0.508241496,13.9,41.61052299999992,2.9308161399999975
593.6,1294.482424,30.30354608,0.617859778,1349.676006,27.22852969,-0.521423998,13.9,41.29358199999988,3.075016390000002
593.7,1297.531333,30.33440107,0.001979316,1352.396582,27.17572817,-0.5346065,13.9,40.96524900000018,3.158672899999999
593.8000000000001,1300.580235,30.30339407,-0.597464742,1355.111811,27.12160839,-0.547904738,13.9,40.63157600000009,3.181785680000001
593.9,1303.622943,30.21052508,-1.164035991,1357.821562,27.06617037,-0.561897399,13.9,40.29861900000001,3.1443547100000018
594.0,1306.653271,30.05743775,-1.681298028,1360.525704,27.00941409,-0.577278902,13.9,39.972433,3.0480236599999984
594.1,1309.665033,29.85235027,-2.132814447,1363.224104,26.95127012,-0.594743669,13.9,39.659070999999905,2.9010801499999985
594.2,1312.652042,29.60512449,-2.517005418,1365.916631,26.89139125,-0.614986122,13.9,39.364589000000116,2.71373324
594.3000000000001,1315.608113,29.32562225,-2.77560422,1368.603153,26.82936083,-0.638700682,13.9,39.09504000000002,2.4962614199999997
594.4,1318.528374,29.0237054,-2.950441169,1371.283537,26.76476219,-0.666466034,13.9,38.85516300000004,2.2589432100000018
594.5,1321.413213,28.70032183,-3.029399093,1373.957598,26.69717869,-0.698397914,13.9,38.64438499999992,2.003143139999999
594.6,1324.264334,28.39207521,-3.026174996,1376.624924,26.62619368,-0.734380585,13.9,38.46059,1.7658815300000015
594.7,1327.083441,28.08208557,-2.957205282,1379.285051,26.5513905,-0.773835364,13.9,38.301610000000075,1.5306950700000002
594.8000000000001,1329.872235,27.78748503,-2.824069783,1381.937514,26.47235251,-0.816067829,13.9,38.16527899999992,1.3151325199999988
594.9,1332.632421,27.50991726,-2.68777462,1384.581847,26.38873248,-0.860383557,13.9,38.049425999999904,1.12118478
595.0,1335.365702,27.24938223,-2.520186481,1387.217586,26.30046097,-0.906088129,13.9,37.95188399999993,0.9489212599999988
595.1,1338.073781,27.00587996,-2.349858941,1389.844265,26.207538,-0.952487122,13.9,37.8704839999999,0.7983419600000019
595.2,1340.758362,26.77941044,-2.179531401,1392.461419,26.10996355,-0.999001852,13.9,37.803056999999946,0.6694468899999997
595.3000000000001,1343.421147,26.56997368,-2.009203861,1395.068584,26.00773763,-1.045516581,13.9,37.74743700000008,0.5622360499999992
595.4,1346.06384,26.37756967,-1.838876321,1397.665293,25.90086023,-1.092031311,13.9,37.701452999999994,0.4767094400000005
595.5,1348.688145,26.20219841,-1.668548781,1400.251081,25.78933137,-1.138546041,13.9,37.66293600000004,0.41286704000000185
595.6,1351.295763,26.04385991,-1.498221242,1402.825485,25.67315102,-1.185060771,13.9,37.629721999999994,0.3707088899999995
595.7,1353.8884,25.90255417,-1.328607695,1405.388037,25.55231921,-1.231575501,13.9,37.599636999999895,0.3502349599999981
595.8000000000001,1356.467758,25.77828117,-1.163278107,1407.938274,25.42683592,-1.278090231,13.9,37.57051600000009,0.35144525000000115
595.9,1359.03554,25.67104093,-1.006516437,1410.47573,25.29670116,-1.324412675,13.9,37.54019000000003,0.37433976999999885
596.0,1361.59345,25.58040505,-0.862606644,1412.99994,25.16191493,-1.369581405,13.9,37.50648999999985,0.4184901200000013
596.1,1364.14319,25.50423155,-0.735832688,1415.510439,25.02247723,-1.412442707,13.9,37.4672489999999,0.4817543200000003
596.2,1366.686465,25.43995005,-0.625339258,1418.006761,24.87850342,-1.451842867,13.9,37.4202960000001,0.561446629999999
596.3000000000001,1369.224977,25.38499018,-0.550114124,1420.488442,24.73057037,-1.486628171,13.9,37.363465,0.6544198100000003
596.4,1371.760087,25.33678156,-0.495453477,1422.955017,24.5793703,-1.517061134,13.9,37.29492999999989,0.7574112599999978
596.5,1374.291785,25.29583738,-0.46578259,1425.406019,24.42559544,-1.537931641,13.9,37.214234000000125,0.8702419399999997
596.6,1376.819718,25.25033658,-0.457531499,1427.841077,24.26993803,-1.553296093,13.9,37.121359000000076,0.9803985500000003
596.7,1379.343532,25.20695946,-0.466416243,1430.260187,24.11224055,-1.561930547,13.9,37.01665499999999,1.094718910000001
596.8000000000001,1381.862875,25.1604805,-0.493292132,1432.663436,23.95574443,-1.56479643,13.9,36.90056100000002,1.2047360699999992
596.9,1384.377393,25.11047128,-0.518457404,1435.050915,23.79859271,-1.563047458,13.9,36.77352200000005,1.3118785699999975
597.0,1386.886734,25.05693181,-0.553045902,1437.422712,23.64221197,-1.556421114,13.9,36.635978000000115,1.4147198399999965
597.1,1389.390545,24.9998621,-0.588348393,1439.778915,23.48671759,-1.550319801,13.9,36.488370000000124,1.51314451
597.2,1391.888472,24.93926214,-0.623650885,1442.119612,23.33210955,-1.541648544,13.9,36.33113999999987,1.6071525900000019
597.3000000000001,1394.380162,24.87513192,-0.658953376,1444.444893,23.17838788,-1.532785002,13.9,36.16473100000017,1.6967440400000022
597.4,1396.865263,24.80747146,-0.694255868,1446.754847,23.02555255,-1.52392146,13.9,35.989584000000015,1.7819189099999981
597.5,1399.343422,24.73628075,-0.729558359,1449.049561,22.87360359,-1.515057918,13.9,35.80613900000012,1.8626771600000005
597.6,1401.814285,24.66155979,-0.76486085,1451.329124,22.72254097,-1.506194375,13.9,35.61483900000017,1.9390188199999976
597.7,1404.277499,24.58330858,-0.800163342,1453.593626,22.57236471,-1.497330833,13.9,35.41612700000005,2.010943870000002
597.8000000000001,1406.732711,24.50152712,-0.835920011,1455.843154,22.4230748,-1.490190758,13.9,35.210442999999806,2.0784523200000002
597.9,1409.179569,24.41621541,-0.874401751,1458.077797,22.27467125,-1.482558263,13.9,34.99822800000002,2.1415441599999987
598.0,1411.61772,24.32737346,-0.91833363,1460.297645,22.12715405,-1.475910606,13.9,34.77992500000014,2.200219409999999
598.1,1414.046809,24.23472874,-0.970440717,1462.502785,21.97948913,-1.479173354,13.9,34.555975999999966,2.2552396100000003
598.2,1416.466485,24.13691874,-1.033448084,1464.693306,21.83300601,-1.494012682,13.9,34.326820999999974,2.3039127300000004
598.3000000000001,1418.876394,24.0323084,-1.110080799,1466.869298,21.68684562,-1.524226845,13.9,34.09290400000018,2.345462780000002
598.4,1421.276183,23.91926269,-1.202609754,1469.030847,21.53557079,-1.571936085,13.9,33.85466400000005,2.3836918999999988
598.5,1423.665282,23.79614656,-1.311489127,1471.178044,21.37826364,-1.643199996,13.9,33.61276200000007,2.4178829200000003
598.6,1426.042246,23.66132498,-1.43626474,1473.310669,21.21261795,-1.740430485,13.9,33.368422999999986,2.4487070300000013
598.7,1428.405416,23.51316289,-1.574665701,1475.427274,21.03632748,-1.857768713,13.9,33.12185799999984,2.4768354099999996
598.8000000000001,1430.75313,23.35002526,-1.723966941,1477.526102,20.84708602,-1.994325483,13.9,32.87297199999998,2.50293924
598.9,1433.083726,23.17054956,-1.88144339,1479.605396,20.64258733,-2.146257089,13.9,32.62166999999986,2.52796223
599.0,1435.395545,22.97446327,-2.044369979,1481.663401,20.42090956,-2.309719821,13.9,32.36785599999994,2.5535537100000028
599.1,1437.686924,22.7617664,-2.210021637,1483.69836,20.18166835,-2.48086997,13.9,32.111436000000005,2.58009805
599.2,1439.956204,22.53245894,-2.376127474,1485.708516,19.92486369,-2.655863828,13.9,31.85231199999985,2.607595250000003
599.3000000000001,1442.201722,22.2865409,-2.54223331,1487.692114,19.65049559,-2.831498304,13.9,31.59039199999993,2.63604531
599.4,1444.421817,22.02401228,-2.708339147,1489.647397,19.35856403,-3.00713278,13.9,31.325580000000038,2.6654482500000007
599.5,1446.614829,21.74487307,-2.874444983,1491.572609,19.04906903,-3.182767256,13.9,31.05777999999996,2.6958040400000023
599.6,1448.779097,21.44912328,-3.04055082,1493.465993,18.72201058,-3.358401732,13.9,30.786895999999935,2.7271126999999993
599.7,1450.912959,21.13676291,-3.206656656,1495.325792,18.37738869,-3.534036208,13.9,30.512833000000093,2.7593742200000015
599.8000000000001,1453.014755,20.80779195,-3.372142294,1497.150252,18.01520334,-3.709670684,13.9,30.235496999999988,2.7925886099999992
599.9,1455.082823,20.46221041,-3.533906734,1498.937615,17.63545455,-3.88530516,13.9,29.95479200000009,2.8267558600000022
600.0,1457.115502,20.10001829,-3.68822878,1500.686125,17.23814231,-4.060277811,13.9,29.670622999999843,2.8618759800000007
600.1,1459.111132,19.7215877,-3.831387236,1502.394025,16.82326662,-4.231279514,13.9,29.38289300000006,2.8983210800000023
600.2,1461.068051,19.32877924,-3.959660904,1504.05956,16.39082749,-4.394339318,13.9,29.091508999999952,2.93795175
600.3000000000001,1462.984598,18.92382564,-4.069580164,1505.680972,15.941222,-4.545486275,13.9,28.796374000000107,2.9826036400000007
600.4,1464.859112,18.50895961,-4.160839628,1507.256506,15.47643563,-4.680749437,13.9,28.49739399999985,3.0325239800000023
600.5,1466.690229,18.08641387,-4.222922811,1508.784406,14.99885096,-4.797101203,13.9,28.194176999999947,3.087562910000001
600.6,1468.477778,17.65827019,-4.26684935,1510.262914,14.51085054,-4.891336162,13.9,27.885135999999967,3.14741965
600.7,1470.221883,17.22508392,-4.292169904,1511.690592,14.01481696,-4.956821257,13.9,27.56870899999999,3.2102669600000002
600.8000000000001,1471.92267,16.79502556,-4.302605671,1513.067273,13.51256676,-5.002076243,13.9,27.244602999999962,3.282458799999999
600.9,1473.580263,16.36371603,-4.300583636,1514.393106,13.0064203,-5.027476484,13.9,26.91284299999993,3.357295729999999
601.0,1475.194788,15.93365767,-4.29041795,1515.66824,12.50234288,-5.036992929,13.9,26.573451999999953,3.43131479
601.1,1476.766369,15.50485047,-4.281816216,1516.892826,11.99760521,-5.033653179,13.9,26.226457000000075,3.5072452599999995
601.2,1478.295132,15.07729443,-4.269304602,1518.067013,11.49436465,-5.021324469,13.9,25.871881000000123,3.5829297800000006
601.3000000000001,1479.781202,14.65098955,-4.256792988,1519.19095,10.9926212,-5.00994898,13.9,25.509748000000037,3.65836835
601.4,1481.224704,14.22593583,-4.244281374,1520.264788,10.49237486,-4.994977906,13.9,25.14008399999998,3.733560969999999
601.5,1482.625764,13.80213327,-4.23176976,1521.288677,9.99362562,-4.980006833,13.9,24.76291300000012,3.808507650000001
601.6,1483.984505,13.37958188,-4.219258146,1522.262765,9.49637349,-4.96503576,13.9,24.378260000000047,3.88320839
601.7,1485.301055,12.95828164,-4.206746533,1523.187203,9.000618468,-4.950064687,13.9,23.98614800000005,3.9576631719999984
601.8000000000001,1486.575536,12.53823257,-4.194234919,1524.06214,8.506360553,-4.935093613,13.9,23.586603999999944,4.0318720169999995
601.9,1487.808076,12.11943466,-4.181378846,1524.887726,8.013599745,-4.92012254,13.9,23.179649999999903,4.105834914999999
602.0,1488.998798,11.70188791,-4.16645602,1525.664111,7.522336045,-4.903695001,13.9,22.76531299999997,4.179551865
602.1,1490.147828,11.28559232,-4.147399688,1526.391445,7.032569452,-4.878528665,13.9,22.343617000000087,4.2530228679999995
602.2,1491.25529,10.87075457,-4.122143096,1527.069877,6.544299966,-4.835884736,13.9,21.914586999999848,4.326454604000001
602.3000000000001,1492.321312,10.45840803,-4.088619491,1527.699556,6.058401467,-4.767024418,13.9,21.478243999999997,4.400006562999999
602.4,1493.346016,10.04979276,-4.04476212,1528.280634,5.579243354,-4.663208914,13.9,21.034618000000002,4.470549406000001
602.5,1494.329528,9.6461488,-3.988848689,1528.813258,5.112068903,-4.515699427,13.9,20.583729999999925,4.534079897000001
602.6,1495.27214,9.248716213,-3.920534739,1529.29758,4.662121394,-4.317213627,13.9,20.12543999999989,4.586594819
602.7,1496.174802,8.858735047,-3.840164728,1529.734447,4.234644103,-4.066295049,13.9,19.659645000000047,4.624090944
602.8000000000001,1497.038632,8.477445354,-3.749460951,1530.127506,3.83488031,-3.764400157,13.9,19.188874000000034,4.642565044
602.9,1497.864747,8.106087186,-3.650490161,1530.4811,3.468073291,-3.418811283,13.9,18.71635299999989,4.638013895
603.0,1498.654263,7.74569392,-3.545319111,1530.799574,3.139466324,-3.038267223,13.9,18.245310999999994,4.606227596
603.1,1499.4083,7.39647223,-3.436014555,1531.087272,2.853428809,-2.631506774,13.9,17.778971999999932,4.543043421
603.2,1500.127972,7.058422117,-3.324643246,1531.348538,2.610834624,-2.207268731,13.9,17.320565999999964,4.447587493
603.3000000000001,1500.814398,6.731543581,-3.212927478,1531.587717,2.411683769,-1.774291893,13.9,16.87331900000013,4.319859812000001
603.4,1501.468695,6.415836621,-3.10121171,1531.809153,2.255976245,-1.339858588,13.9,16.4404579999999,4.159860376000001
603.5,1502.09198,6.111301239,-2.989495942,1532.017191,2.143712052,-0.905425283,13.9,16.02521099999999,3.967589187
603.6,1502.685369,5.817937433,-2.877780174,1532.216174,2.074891189,-0.470991977,13.9,15.630804999999873,3.743046244
603.7,1503.249981,5.535745204,-2.766064406,1532.410447,2.049513656,-0.036558672,13.9,15.260466000000042,3.4862315480000006
603.8000000000001,1503.786933,5.264724551,-2.654348638,1532.604355,2.067579454,0.397874633,13.9,14.917421999999851,3.1971450969999995
603.9,1504.297341,5.004875476,-2.541916877,1532.802241,2.129088583,0.832307938,13.9,14.604900000000134,2.8757868929999995
604.0,1504.782322,4.756197977,-2.425189159,1533.008451,2.234041042,1.264487135,13.9,14.3261289999999,2.5221569350000004
604.1,1505.242994,4.518692056,-2.299869527,1533.227328,2.382436831,1.683141687,13.9,14.08433399999999,2.1362552249999998
604.2,1505.680475,4.292787306,-2.161662023,1533.463217,2.574275951,2.074746947,13.9,13.882742000000098,1.718511355
604.3000000000001,1506.09588,4.080631708,-2.00627069,1533.720461,2.808205937,2.425778271,13.9,13.724580999999807,1.2724257710000004
604.4,1506.490328,3.884802835,-1.829399571,1534.003407,3.077464466,2.730387028,13.9,13.613078999999834,0.807338369
604.5,1506.864935,3.707878262,-1.627468701,1534.316397,3.373936751,2.952020526,13.9,13.551461999999992,0.3339415109999999
604.6,1507.221163,3.552435564,-1.399762089,1534.663776,3.689508005,3.102436274,13.9,13.542613000000165,-0.13707244099999993
604.7,1507.561846,3.421052313,-1.146995726,1535.048806,4.020669048,3.171704148,13.9,13.586959999999953,-0.5996167350000001
604.8000000000001,1507.890164,3.316306085,-0.872749576,1535.470422,4.345488267,3.162078256,13.9,13.680258000000185,-1.0291821820000004
604.9,1508.209297,3.240774455,-0.581319598,1535.926477,4.669667702,3.084829136,13.9,13.81717999999987,-1.428893247
605.0,1508.522423,3.1966054,-0.277001749,1536.414823,4.980486955,2.945805419,13.9,13.99240000000018,-1.7838815549999998
605.1,1508.832722,3.184228517,0.035908015,1536.933312,5.271183705,2.781559795,13.9,14.200589999999783,-2.086955188
605.2,1509.143373,3.203643805,0.353113737,1537.479797,5.540405486,2.582588865,13.9,14.436423999999851,-2.336761681
605.3000000000001,1509.457555,3.254851264,0.671035451,1538.052131,5.7881523,2.370093289,13.9,14.69457599999996,-2.533301036
605.4,1509.778447,3.337850895,0.988957165,1538.648165,6.014424144,2.155343606,13.9,14.969718000000148,-2.6765732490000005
605.5,1510.109229,3.452642697,1.306878879,1539.265753,6.219221021,1.940593922,13.9,15.25652399999999,-2.766578324
605.6,1510.453079,3.59922667,1.624800593,1539.902747,6.402542929,1.725844239,13.9,15.549668000000201,-2.803316259
605.7,1510.813178,3.777602815,1.942722307,1540.556999,6.564389869,1.511094556,13.9,15.843820999999798,-2.7867870540000004
605.8000000000001,1511.192704,3.987771132,2.260644021,1541.226362,6.70476184,1.296344872,13.9,16.13365800000006,-2.7169907079999995
605.9,1511.594836,4.22973162,2.578565735,1541.908689,6.823658843,1.081595189,13.9,16.41385300000011,-2.5939272229999997
606.0,1512.022754,4.503484279,2.893555085,1542.601832,6.921080878,0.866845506,13.9,16.679077999999983,-2.4175965989999995
606.1,1512.479637,4.80902911,3.190950251,1543.303643,6.997027944,0.652430419,13.9,16.924006000000055,-2.187998834
606.2,1512.968664,5.146366112,3.453157047,1544.011975,7.051500042,0.440022913,13.9,17.143310999999905,-1.9051339299999999
606.3000000000001,1513.493014,5.513735867,3.662581288,1544.72468,7.084497172,0.231630568,13.9,17.331666000000133,-1.5707613049999996
606.4,1514.055867,5.902341282,3.801628791,1545.439612,7.096220091,0.029260964,13.9,17.483744999999864,-1.193878809
606.5,1514.660401,6.301625848,3.852705371,1546.154621,7.087672591,-0.165078319,13.9,17.594219999999815,-0.786046743
606.6,1515.309797,6.701033052,3.801149206,1546.867562,7.060059218,-0.349379699,13.9,17.65776500000002,-0.3590261660000005
606.7,1516.005825,7.090006384,3.644027933,1547.576287,7.014584522,-0.521970193,13.9,17.670462000000136,0.07542186199999978
606.8000000000001,1516.744627,7.457989334,3.384273915,1548.278808,6.952453051,-0.682515205,13.9,17.63418099999999,0.5055362829999996
606.9,1517.520938,7.79442539,3.036548974,1548.973781,6.874869353,-0.83134933,13.9,17.55284300000003,0.9195560369999995
607.0,1518.32949,8.088758042,2.618447295,1549.660022,6.783037976,-0.970145554,13.9,17.43053199999995,1.3057200660000001
607.1,1519.165019,8.332190197,2.147563061,1550.336348,6.678163468,-1.100911456,13.9,17.271329000000016,1.654026728999999
607.2,1520.022258,8.522962437,1.641490458,1551.001574,6.56124962,-1.225654617,13.9,17.079315999999928,1.9617128170000004
607.3000000000001,1520.895942,8.661074761,1.11782367,1551.654517,6.43249719,-1.346382616,13.9,16.85857499999984,2.2285775709999998
607.4,1521.780803,8.746527171,0.591224518,1552.293993,6.291906177,-1.465103036,13.9,16.613189999999896,2.454620994
607.5,1522.671577,8.779319665,0.064625366,1552.918817,6.139476583,-1.583488858,13.9,16.34723999999992,2.6398430819999987
607.6,1523.562997,8.759452244,-0.461973787,1553.527807,5.975208406,-1.701874681,13.9,16.064809999999945,2.784243838
607.7,1524.449797,8.686924907,-0.988572939,1554.119778,5.799101647,-1.820260503,13.9,15.769981000000007,2.8878232600000002
607.8000000000001,1525.326712,8.561737656,-1.515172091,1554.693547,5.611156305,-1.938646326,13.9,15.466835000000037,2.9505813510000003
607.9,1526.188475,8.383890489,-2.041771243,1555.247929,5.411372381,-2.057032148,13.9,15.159454000000187,2.972518108000001
608.0,1527.02982,8.153383407,-2.565574318,1555.781741,5.199749876,-2.175417971,13.9,14.851921000000038,2.9536335309999995
608.1,1527.845481,7.87021641,-3.072600931,1556.293798,4.976288787,-2.292733408,13.9,14.54831699999986,2.8939276230000006
608.2,1528.630193,7.534389498,-3.546074619,1556.782918,4.740989117,-2.403626529,13.9,14.252725000000146,2.7934003810000005
608.3000000000001,1529.378689,7.147580317,-3.96921892,1557.247915,4.493850864,-2.501675021,13.9,13.969226000000026,2.6537294530000004
608.4,1530.085704,6.718177098,-4.333774149,1557.687607,4.235516261,-2.580456567,13.9,13.701902999999993,2.482660837
608.5,1530.74597,6.256245718,-4.597413513,1558.100809,3.969196464,-2.633548852,13.9,13.454839000000083,2.287049254
608.6,1531.354224,5.771852055,-4.771706956,1558.486338,3.698744863,-2.654529563,13.9,13.232114000000001,2.073107192
608.7,1531.906539,5.269951921,-4.845341626,1558.84301,3.428014847,-2.638046768,13.9,13.036470999999983,1.8419370739999996
608.8000000000001,1532.404362,4.77594139,-4.8211136,1559.170154,3.160859805,-2.583030083,13.9,12.865791999999919,1.615081585
608.9,1532.850478,4.284556143,-4.713003262,1559.469155,2.901133126,-2.490549894,13.9,12.718676999999934,1.3834230169999997
609.0,1533.247675,3.810972122,-4.529270297,1559.741914,2.6526882,-2.365958129,13.9,12.59423899999988,1.1582839219999999
609.1,1533.598739,3.363577558,-4.3122415,1559.990327,2.419378414,-2.215677103,13.9,12.491587999999956,0.9441991439999997
609.2,1533.906457,2.944050099,-4.053143001,1560.216295,2.204414927,-2.046129132,13.9,12.4098379999999,0.7396351719999998
609.3000000000001,1534.173615,2.552389743,-3.77726804,1560.421716,2.00843997,-1.863736531,13.9,12.348101000000133,0.543949773
609.4,1534.403001,2.188596491,-3.498597002,1560.608489,1.831453544,-1.674921615,13.9,12.305488000000059,0.35714294700000027
609.5,1534.597401,1.852670342,-3.219925963,1560.778512,1.673455647,-1.485036313,13.9,12.2811110000001,0.17921469499999998
609.6,1534.759602,1.544611298,-2.941254925,1560.933686,1.534446281,-1.295151011,13.9,12.274083999999993,0.010165017000000054
609.7,1534.89239,1.264419357,-2.662583887,1561.075907,1.414425445,-1.105265709,13.9,12.283516999999938,-0.15000608800000004
609.8000000000001,1534.998552,1.012094521,-2.377217555,1561.207076,1.313393139,-0.915380408,13.9,12.308523999999897,-0.3012986179999999
609.9,1535.080875,0.787636788,-2.082825898,1561.329092,1.231349363,-0.725495106,13.9,12.34821699999984,-0.44371257500000005
610.0,1535.142146,0.591046158,-1.787166822,1561.443852,1.168294118,-0.535609804,13.9,12.401706000000194,-0.5772479599999999
610.1,1535.185151,0.42633981,-1.490189197,1561.553256,1.124227403,-0.345973414,13.9,12.468105000000014,-0.6978875929999999
610.2,1535.212677,0.294915759,-1.203555446,1561.659203,1.099149217,-0.157830494,13.9,12.546525999999949,-0.8042334579999999
610.3000000000001,1535.227511,0.19329062,-0.931118957,1561.763592,1.093059563,0.027325485,13.9,12.636080999999967,-0.899768943
610.4,1535.232439,0.117981002,-0.68538067,1561.868321,1.105809091,0.208001051,13.9,12.73588199999981,-0.987828089
610.5,1535.233462,0.06550352,-0.474476264,1561.975289,1.136651067,0.382702736,13.9,12.841827000000057,-1.071147547
610.6,1535.234485,0.032374784,-0.305101031,1562.086396,1.184689409,0.549937068,13.9,12.951910999999972,-1.152314625
610.7,1535.235508,0.015111407,-0.179585002,1562.203539,1.249028033,0.708459488,13.9,13.06803100000011,-1.233916626
610.8000000000001,1535.236531,0.010230001,-0.040168054,1562.328499,1.328770859,0.858021085,13.9,13.191967999999951,-1.318540858
610.9,1535.237554,0.010230001,0.089119626,1562.462577,1.423021803,0.99887077,13.9,13.325022999999964,-1.4127918019999999
611.0,1535.238577,0.010230001,0.209413665,1562.606955,1.530884784,1.132253103,13.9,13.468377999999893,-1.520654783
611.1,1535.2396,0.042715599,0.370444903,1562.762814,1.651463718,1.259661553,13.9,13.623213999999825,-1.608748119
611.2,1535.240623,0.08584656,0.492407734,1562.931338,1.784011871,1.382589591,13.9,13.790715000000182,-1.698165311
611.3000000000001,1535.241646,0.140759607,0.621611426,1563.113707,1.928379895,1.502530689,13.9,13.97206100000003,-1.7876202879999998
611.4,1535.242669,0.208591462,0.774672571,1563.311104,2.084567791,1.620978316,13.9,14.168434999999908,-1.875976329
611.5,1535.26968,0.312092793,0.902089957,1563.52471,2.252575558,1.739177031,13.9,14.355029999999806,-1.9404827650000003
611.6,1535.305208,0.402819687,0.986338668,1563.755709,2.432403197,1.857375746,13.9,14.55050100000003,-2.02958351
611.7,1535.350161,0.507519142,1.091849442,1564.005281,2.624050707,1.975574461,13.9,14.755119999999897,-2.116531565
611.8000000000001,1535.40545,0.627100534,1.180244517,1564.274609,2.827518089,2.093773176,13.9,14.969159000000081,-2.2004175549999996
611.9,1535.471983,0.748832569,1.252581671,1564.564875,3.042805343,2.211971892,13.9,15.19289200000012,-2.293972774
612.0,1535.55067,0.874917494,1.329263821,1564.87726,3.269912467,2.330170607,13.9,15.426589999999896,-2.394994973
612.1,1535.642419,1.010096201,1.40507575,1565.212947,3.508839464,2.448369322,13.9,15.670527999999967,-2.4987432629999997
612.2,1535.748142,1.15436869,1.488193797,1565.573118,3.759586332,2.565951589,13.9,15.924976000000106,-2.605217642
612.3000000000001,1535.868746,1.30773496,1.577743847,1565.958955,4.022153071,2.679835172,13.9,16.19020899999996,-2.714418111
612.4,1536.005142,1.470145984,1.664839645,1566.371639,4.296539682,2.786321383,13.9,16.466496999999983,-2.8263936979999995
612.5,1536.158238,1.641356613,1.750792818,1566.812353,4.582376296,2.881711537,13.9,16.75411500000005,-2.9410196829999995
612.6,1536.328945,1.821072673,1.834294526,1567.282278,4.87781357,2.964067837,13.9,17.05333299999993,-3.056740897
612.7,1536.518171,2.008999988,1.914936191,1567.782597,5.180632293,3.024408935,13.9,17.36442599999996,-3.1716323050000006
612.8000000000001,1536.726786,2.20484438,1.992636097,1568.314492,5.488613254,3.064935254,13.9,17.687706000000027,-3.2837688739999997
612.9,1536.955505,2.408311676,2.067475961,1568.878848,5.800593773,3.083269461,13.9,18.02334300000016,-3.3922820970000003
613.0,1537.205,2.619107698,2.139864358,1569.475369,6.111185043,3.080028002,13.9,18.370369000000075,-3.4920773449999998
613.1,1537.475946,2.836938272,2.210291584,1570.10346,6.421337449,3.058293116,13.9,18.72751400000002,-3.5843991770000003
613.2,1537.769017,3.06155825,2.27924793,1570.762529,6.727775247,3.020002601,13.9,19.09351200000001,-3.6662169970000003
613.3000000000001,1538.084888,3.292918603,2.34722369,1571.451982,7.028649095,2.974137803,13.9,19.467093999999953,-3.7357304919999996
613.4,1538.424231,3.531019331,2.414709156,1572.171226,7.323589124,2.919114748,13.9,19.84699499999997,-3.7925697929999997
613.5,1538.787721,3.775860434,2.482112907,1572.919667,7.612595334,2.860393006,13.9,20.231945999999972,-3.8367348999999997
613.6,1539.176033,4.027441912,2.549516659,1573.696712,7.895667725,2.801054817,13.9,20.620678999999974,-3.8682258130000005
613.7,1539.58984,4.285763766,2.61692041,1574.501768,8.172806297,2.741716629,13.9,21.01192799999999,-3.8870425309999996
613.8000000000001,1540.029815,4.550825994,2.684324161,1575.33424,8.444011051,2.68237844,13.9,21.40442499999981,-3.893185057
613.9,1540.496635,4.822628598,2.751727912,1576.193537,8.709281985,2.623040251,13.9,21.796902000000138,-3.886653387000001
614.0,1540.990971,5.101171577,2.819131663,1577.079064,8.968619101,2.563702062,13.9,22.188093000000073,-3.867447524
614.1,1541.513499,5.386454931,2.886535414,1577.990227,9.222022398,2.504363873,13.9,22.576728000000095,-3.8355674669999997
614.2,1542.064892,5.67847866,2.953610856,1578.926435,9.469491876,2.444942858,13.9,22.961542999999985,-3.7910132159999996
614.3000000000001,1542.645824,5.977242764,3.018716437,1579.887093,9.711027535,2.385024886,13.9,23.341269000000104,-3.733784771
614.4000000000001,1543.25697,6.282747243,3.079882297,1580.871607,9.946629375,2.324112998,13.9,23.71463700000013,-3.6638821320000003
614.5,1543.899004,6.594795111,3.135138578,1581.879386,10.1762477,2.261710238,13.9,24.080381999999965,-3.5814525889999995
614.6,1544.572598,6.912401439,3.183673136,1582.909834,10.39963403,2.197319647,13.9,24.437236000000077,-3.4872325909999997
614.7,1545.278429,7.234384309,3.220042956,1583.962359,10.6164902,2.130444268,13.9,24.783930000000147,-3.3821058909999993
614.8000000000001,1546.017169,7.559561806,3.246079644,1585.036367,10.82651802,2.060669971,13.9,25.11919799999996,-3.2669562140000004
614.9000000000001,1546.789335,7.887446645,3.260297171,1586.131226,11.02941932,1.987913928,13.9,25.441891000000034,-3.1419726750000008
615.0,1547.594813,8.214773017,3.263023847,1587.246142,11.22489594,1.912258966,13.9,25.751329000000034,-3.010122922999999
615.1,1548.433332,8.542442898,3.255901223,1588.380285,11.41264968,1.834119217,13.9,26.046952999999895,-2.8702067820000003
615.2,1549.30462,8.868579741,3.239741439,1589.532822,11.59238239,1.753991637,13.9,26.328201999999784,-2.7238026489999996
615.3000000000001,1550.208405,9.192198617,3.219987512,1590.702921,11.76384558,1.672373184,13.9,26.594515999999977,-2.571646962999999
615.4000000000001,1551.144417,9.51310254,3.195136146,1591.889751,11.92698955,1.589760816,13.9,26.84533399999996,-2.41388701
615.5,1552.112383,9.831291509,3.16831492,1593.092479,12.0818143,1.506651491,13.9,27.080096000000005,-2.250522791
615.6,1553.112033,10.14676552,3.141165384,1594.310273,12.22831985,1.42345934,13.9,27.298239999999943,-2.0815543299999995
615.7,1554.143094,10.45952459,3.114015848,1595.542302,12.36650617,1.340267188,13.9,27.499208000000046,-1.90698158
615.8000000000001,1555.205295,10.76956869,3.086866312,1596.787734,12.49637328,1.257075036,13.9,27.682439000000024,-1.7268045900000004
615.9000000000001,1556.298365,11.07689785,3.059716775,1598.045736,12.61792118,1.173882885,13.9,27.84737099999993,-1.5410233299999998
616.0,1557.422032,11.38151205,3.032567239,1599.315478,12.73114986,1.090690733,13.9,27.99344600000004,-1.3496378100000008
616.1,1558.576025,11.6834113,3.005417703,1600.596126,12.83605933,1.007498582,13.9,28.120100999999842,-1.15264803
616.2,1559.760072,11.98259559,2.977948483,1601.886849,12.93264958,0.92430643,13.9,28.22677699999995,-0.9500539899999989
616.3000000000001,1560.973901,12.27906493,2.94856116,1603.186815,13.02092061,0.841114279,13.9,28.312913999999957,-0.7418556799999987
616.4000000000001,1562.217242,12.57281932,2.915337629,1604.495193,13.10087243,0.757922127,13.9,28.37795100000003,-0.5280531100000001
616.5,1563.489823,12.86366694,2.876359787,1605.81115,13.17250504,0.674729976,13.9,28.42132700000011,-0.3088381000000009
616.6,1564.791371,13.15064874,2.829709532,1607.133854,13.23581843,0.591537824,13.9,28.442482999999903,-0.08516969000000074
616.7,1566.121617,13.43261387,2.773468758,1608.462473,13.2908126,0.508345673,13.9,28.440856000000032,0.1418012700000002
616.8000000000001,1567.480287,13.70841146,2.706039047,1609.796176,13.33748756,0.425153521,13.9,28.41588899999997,0.3709239000000011
616.9000000000001,1568.866958,13.97689065,2.627100715,1611.13413,13.37584331,0.34196137,13.9,28.367171999999847,0.6010473399999992
617.0,1570.280591,14.23690057,2.536973445,1612.475504,13.40587984,0.258769218,13.9,28.294913000000044,0.8310207299999988
617.1,1571.719992,14.48729037,2.437255657,1613.819466,13.42759715,0.175577067,13.9,28.199473999999874,1.0596932199999998
617.2,1573.183971,14.72690917,2.329865455,1615.165183,13.44099525,0.092384915,13.9,28.081212000000143,1.2859139200000005
617.3000000000001,1574.671335,14.95479794,2.216720943,1616.511824,13.44607413,0.009192764,13.9,27.940488999999936,1.508723810000001
617.4000000000001,1576.180892,15.17076486,2.099740223,1617.858557,13.4428338,-0.073999388,13.9,27.777664999999935,1.7279310599999995
617.5,1577.711449,15.37480992,1.980841399,1619.204551,13.43127426,-0.157191539,13.9,27.593102000000137,1.9435356600000002
617.6,1579.261815,15.56693314,1.861622892,1620.548972,13.41139549,-0.240383691,13.9,27.38715699999998,2.1555376499999994
617.7,1580.830797,15.7471345,1.742404385,1621.890989,13.38319752,-0.323575843,13.9,27.160191999999917,2.36393698
617.8000000000001,1582.417203,15.91541401,1.623185878,1623.229771,13.34668033,-0.406767994,13.9,26.912568000000057,2.5687336799999994
617.9000000000001,1584.01984,16.07177168,1.50396737,1624.564485,13.30184392,-0.489960146,13.9,26.644645000000175,2.7699277600000016
618.0,1585.637518,16.21620749,1.384748863,1625.894299,13.2486883,-0.566985681,13.9,26.356781000000048,2.967519189999999
618.1,1587.269043,16.34872145,1.265530356,1627.218382,13.18721346,-0.630346901,13.9,26.04933900000001,3.1615079899999987
618.2,1588.913223,16.46931356,1.146311849,1628.535902,13.11741941,-0.697940524,13.9,25.722679000000063,3.3518941499999997
618.3000000000001,1590.568866,16.57798382,1.027093341,1629.846026,13.04300611,-0.726437305,13.9,25.37715999999987,3.5349777099999997
618.4000000000001,1592.234781,16.67473223,0.907874834,1631.147922,12.96951209,-0.704094438,13.9,25.013140999999997,3.7052201399999998
618.5,1593.909774,16.75955878,0.788656327,1632.44076,12.87892,-0.672507998,13.9,24.630985999999986,3.880638779999998
618.6,1595.592653,16.83246349,0.669437819,1633.723706,12.81282591,-0.638993697,13.9,24.231053000000067,4.019637579999998
618.7,1597.282227,16.89344635,0.550219312,1634.99593,12.7647568,-0.618425478,13.9,23.813703000000125,4.128689550000001
618.8000000000001,1598.977304,16.94250735,0.431000805,1636.256598,12.71391461,-0.546551622,13.9,23.379293999999938,4.22859274
618.9000000000001,1600.67669,16.97964651,0.311782298,1637.50488,12.66029935,-0.536152603,13.9,22.92818999999995,4.319347159999998
