t,x_follower,v_follower,a_follower,x_leader,v_leader,a_leader,leader_length,spacing,dv
394.0,48.20678359,16.49643661,0.392214147,100.1042925,17.21025226,0.904564802,16.8,35.09750891,-0.7138156500000008
394.1,49.84502834,16.53524967,0.394255897,101.8297751,17.30094922,0.905634993,16.8,35.18474676000001,-0.7656995500000008
394.20000000000005,51.4907907,16.57447109,0.474332126,103.5643855,17.39169694,0.905546991,16.8,35.2735948,-0.8172258499999998
394.3,53.14419316,16.61410085,0.529758028,105.3081487,17.48237629,0.904267703,16.8,35.363955540000006,-0.8682754400000015
394.40000000000003,54.80535823,16.65413897,0.601592594,107.061026,17.57286815,0.901830223,16.8,35.45566776999999,-0.9187291799999997
394.5,56.47440843,16.73360267,0.674788326,108.822963,17.66305339,0.898400005,16.8,35.54855457000001,-0.929450720000002
394.6,58.15146624,16.81429142,0.749345224,110.5939052,17.75281288,0.894175597,16.8,35.64243895999999,-0.9385214600000005
394.70000000000005,59.83665419,16.89620523,0.82526329,112.373798,17.84204735,0.889355547,16.8,35.73714380999999,-0.9458421200000018
394.8,61.53009476,16.97934408,0.837513788,114.1625871,17.93073694,0.884138402,16.8,35.83249234,-0.9513928599999986
394.90000000000003,63.23191048,17.06370799,0.849764287,115.9602178,18.01888165,0.878722709,16.8,35.92830731999999,-0.9551736599999998
395.0,64.94222384,17.14929694,0.862014786,117.7666358,18.10648148,0.873273925,16.8,36.02441196000001,-0.9571845400000001
395.1,66.66115734,17.23611094,0.874265285,119.5817866,18.19353643,0.867825141,16.8,36.12062926,-0.9574254900000021
395.20000000000005,68.3888335,17.32415,0.886515784,121.4056156,18.28004651,0.862376358,16.8,36.2167821,-0.9558965099999988
395.3,70.12537482,17.4134141,0.898766282,123.2380683,18.36601171,0.856927574,16.8,36.31269347999999,-0.952597609999998
395.40000000000003,71.8709038,17.50390325,0.911016781,125.0790903,18.45143202,0.85147879,16.8,36.40818650000001,-0.9475287699999981
395.5,73.62554294,17.59561746,0.92326728,126.9286272,18.53630746,0.846030006,16.8,36.503084259999994,-0.94069
395.6,75.38941476,17.68855671,0.935517779,128.7866243,18.62063802,0.840581222,16.8,36.59720954000001,-0.9320813100000009
395.70000000000005,77.16264176,17.78272101,0.947768278,130.6530272,18.70442371,0.835067598,16.8,36.69038544,-0.9217027000000009
395.8,78.94534644,17.87811036,0.960018776,132.5277815,18.78766451,0.829164928,16.8,36.78243506000001,-0.9095541499999982
395.90000000000003,80.73765131,17.97472477,0.972269275,134.4108325,18.87036044,0.822484168,16.8,36.87318119,-0.8956356699999972
396.0,82.53967887,18.07256422,0.984519774,136.302126,18.95247258,0.814636273,16.8,36.96244712999999,-0.8799083599999982
396.1,84.35155163,18.17162872,0.996770273,138.2016073,19.03380642,0.805232197,16.8,37.050055670000006,-0.8621777000000002
396.20000000000005,86.17339209,18.27191827,1.009020772,140.109222,19.11412853,0.793882895,16.8,37.13582991,-0.8422102599999981
396.3,88.00532276,18.37343288,1.021271271,142.0249155,19.19320547,0.780264163,16.8,37.219592739999996,-0.8197725899999995
396.40000000000003,89.84746614,18.47617253,1.033521769,143.9486023,19.27080383,0.764311161,16.8,37.30113616000001,-0.7946312999999989
396.5,91.69994474,18.58013723,1.045772268,145.8800723,19.34669018,0.746088728,16.8,37.38012755999999,-0.7665529500000012
396.6,93.56288106,18.68532698,1.058022767,147.8190843,19.42063108,0.72592107,16.8,37.456203239999994,-0.7353041000000005
396.70000000000005,95.43639761,18.79174178,1.070273266,149.7653969,19.49239312,0.704197232,16.8,37.528999290000016,-0.7006513400000003
396.8,97.32061689,18.89938164,1.082523765,151.718769,19.56178176,0.681306258,16.8,37.598152110000015,-0.6624001199999974
396.90000000000003,99.21566141,19.00824654,1.094774263,153.6789594,19.62875811,0.657637193,16.8,37.663297990000004,-0.6205115700000015
397.0,101.1216537,19.11833649,1.107024762,155.6457268,19.69332217,0.633579084,16.8,37.72407310000001,-0.5749856799999975
397.1,103.0387162,19.22965149,1.119275261,157.61883,19.75547393,0.609456133,16.8,37.78011380000001,-0.5258224400000024
397.20000000000005,104.9669714,19.34219154,1.13152576,159.5980278,19.8152134,0.585333183,16.8,37.83105640000001,-0.47302185999999935
397.3,106.906542,19.45595664,1.143776259,161.5830788,19.87254057,0.561210233,16.8,37.87653680000001,-0.4165839300000016
397.40000000000003,108.8575502,19.57094679,1.156026758,163.573742,19.92745544,0.537087282,16.8,37.91619180000001,-0.35650864999999854
397.5,110.8201188,19.68716199,1.167082908,165.5697761,19.97995802,0.512964332,16.8,37.94965730000001,-0.29279603000000165
397.6,112.7943701,19.80460224,1.176252471,167.5709398,20.03004831,0.488841382,16.8,37.9765697,-0.22544607000000028
397.70000000000005,114.7804267,19.92326754,1.183605868,169.5769919,20.0777263,0.464730174,16.8,37.99656519999999,-0.15445875999999714
397.8,116.7784111,20.04244128,1.183286801,171.5876912,20.122992,0.440689425,16.8,38.0092801,-0.08055072000000152
397.90000000000003,118.7884458,20.16170812,1.174814503,173.6027964,20.1658454,0.41678959,16.8,38.014350599999986,-0.004137279999998356
398.0,120.8106532,20.28111031,1.156150665,175.6220664,20.20629355,0.393101127,16.8,38.01141319999999,0.07481675999999737
398.1,122.845156,20.39713407,1.126451327,177.6452599,20.24437168,0.369694495,16.8,38.00010390000001,0.15276238999999947
398.20000000000005,124.8919135,20.50949094,1.084370421,179.6721356,20.28012206,0.34664015,16.8,37.98022209999999,0.2293688799999991
398.3,126.9502329,20.61695794,1.028138936,181.7024524,20.31358698,0.323996808,16.8,37.9522195,0.30337095999999875
398.40000000000003,129.0192584,20.71831208,0.963273451,183.7359746,20.34480869,0.30177621,16.8,37.91671619999998,0.37350338999999977
398.5,131.098134,20.81233038,0.890254734,185.7724892,20.37382949,0.279966615,16.8,37.87435520000001,0.43850089000000025
398.6,133.1860039,20.89799367,0.811121094,187.8117888,20.40069163,0.258509307,16.8,37.82578489999999,0.497302040000001
398.70000000000005,135.2820121,20.97509814,0.727910838,189.853666,20.4254374,0.23733383,16.8,37.771653900000004,0.5496607400000002
398.8,137.3853029,21.04364379,0.642662273,191.8979134,20.44810203,0.216369725,16.8,37.7126105,0.5955417599999997
398.90000000000003,139.4950203,21.1036306,0.557073991,193.9443235,20.46869256,0.195546535,16.8,37.649303200000006,0.634938039999998
399.0,141.6103084,21.15505858,0.471485709,195.9926889,20.48720899,0.174793802,16.8,37.582380499999985,0.6678495899999994
399.1,143.7303114,21.19792774,0.385897427,198.0428023,20.50365132,0.154052813,16.8,37.5124909,0.6942764200000013
399.20000000000005,145.8541734,21.23223807,0.300309144,200.0944562,20.51801955,0.133311823,16.8,37.44028279999999,0.7142185199999993
399.3,147.9810385,21.25798957,0.214720862,202.1474433,20.53031369,0.112570833,16.8,37.366404799999984,0.7276758799999996
399.40000000000003,150.1100507,21.27518224,0.12913258,204.201556,20.54053372,0.091829844,16.8,37.291505300000026,0.7346485200000004
399.5,152.2403543,21.28381609,0.043905714,206.2565871,20.54867965,0.071088854,16.8,37.216232799999986,0.735136439999998
399.6,154.3710934,21.2838911,-0.039152653,208.312329,20.55475149,0.050347864,16.8,37.1412356,0.7291396100000007
399.70000000000005,156.501412,21.27540729,-0.117874022,210.3685744,20.55874923,0.029455798,16.8,37.067162400000015,0.7166580600000003
399.8,158.6304542,21.2585815,-0.190089894,212.4251159,20.56067287,0.007657274,16.8,36.99466170000001,0.697908629999997
399.90000000000003,160.7573643,21.23449798,-0.25363177,214.481746,20.5605224,-0.015954166,16.8,36.924381699999984,0.6739755800000005
400.0,162.8812863,21.20445783,-0.308582664,216.5382574,20.5582072,-0.04228498,16.8,36.856971099999996,0.6462506300000008
400.1,165.0013643,21.16976215,-0.346380956,218.5944426,20.55327402,-0.072241627,16.8,36.793078300000005,0.6164881300000005
400.20000000000005,167.1169159,21.13171204,-0.373419767,220.6500943,20.54517899,-0.106730564,16.8,36.7331784,0.5865330499999999
400.3,169.2279527,21.09025769,-0.387809001,222.705005,20.53337824,-0.146507173,16.8,36.6770523,0.5568794500000003
400.40000000000003,171.3346596,21.05075292,-0.39135574,224.7588948,20.51732789,-0.19172253,16.8,36.6242352,0.5334250300000001
400.5,173.4372217,21.01044612,-0.386228483,226.8111936,20.49648407,-0.24222556,16.8,36.57397189999999,0.51396205
400.6,175.5358239,20.97177243,-0.372344217,228.8612591,20.47030289,-0.29726088,16.8,36.52543520000002,0.5014695400000022
400.70000000000005,177.6306512,20.93494871,-0.358625977,230.9084486,20.4382405,-0.355922032,16.8,36.47779740000003,0.4967082100000013
400.8,179.7218886,20.89997495,-0.340487727,232.9521197,20.39984365,-0.417302558,16.8,36.4302311,0.5001312999999996
400.90000000000003,181.8097212,20.86685116,-0.32198806,234.9916299,20.35502171,-0.480496001,16.8,36.38190869999998,0.5118294500000005
401.0,183.8943339,20.83557734,-0.303488393,237.0263366,20.30377467,-0.544595901,16.8,36.33200270000002,0.5318026700000011
401.1,185.9759117,20.80615348,-0.284988726,239.0555974,20.24610253,-0.608846878,16.8,36.2796857,0.5600509499999973
401.20000000000005,188.0546396,20.77857959,-0.266489059,241.0787697,20.18200529,-0.673097855,16.8,36.22413010000001,0.5965743000000003
401.3,190.1307026,20.75285567,-0.247989392,243.095211,20.11148296,-0.737348832,16.8,36.1645084,0.6413727099999988
401.40000000000003,192.2042857,20.72898171,-0.229489725,245.1042788,20.03453553,-0.801599809,16.8,36.09999309999999,0.6944461799999999
401.5,194.275574,20.70695772,-0.21129957,247.1053306,19.951163,-0.865850786,16.8,36.0297566,0.7557947199999973
401.6,196.3447523,20.6867837,-0.196500232,249.097724,19.86136537,-0.930101762,16.8,35.95297169999999,0.825418329999998
401.70000000000005,198.4120057,20.66845965,-0.182347558,251.0808163,19.76514265,-0.99363953,16.8,35.8688106,0.9033169999999977
401.8,200.4775192,20.65179985,-0.175299849,253.053965,19.66249482,-1.05289804,16.8,35.77644580000002,0.9893050300000006
401.90000000000003,202.5414779,20.63495553,-0.175680436,255.0165278,19.5534219,-1.100011282,16.8,35.67504990000002,1.0815336299999991
402.0,204.6040665,20.61957318,-0.185346395,256.967862,19.43835181,-1.141460261,16.8,35.56379550000004,1.1812213699999994
402.1,206.6654703,20.60177782,-0.205845287,258.9073251,19.31942417,-1.162205457,16.8,35.44185479999997,1.2823536499999975
402.20000000000005,208.7257256,20.58137544,-0.235952883,260.8342747,19.2013586,-1.161554367,16.8,35.30854909999998,1.3800168399999997
402.3,210.7842746,20.55725181,-0.279960895,262.7480682,19.08026649,-1.135940945,16.8,35.16379359999998,1.4769853200000007
402.40000000000003,212.8404108,20.52829268,-0.331720537,264.6484054,18.96517155,-1.084651979,16.8,35.0079946,1.563121129999999
402.5,214.893428,20.4933838,-0.390908475,266.5363556,18.85648928,-1.011987435,16.8,34.84292759999998,1.6368945199999985
402.6,216.9426196,20.45159664,-0.455667637,268.4133303,18.75678724,-0.910753096,16.8,34.67071069999999,1.6948094000000005
402.70000000000005,218.9872793,20.40274549,-0.524140947,270.280741,18.66863299,-0.795988483,16.8,34.49346169999997,1.734112500000002
402.8,221.0267007,20.34683036,-0.594471331,272.1399992,18.59416614,-0.668386099,16.8,34.31329849999999,1.7526642199999998
402.90000000000003,223.0601774,20.28385123,-0.665111227,273.9925165,18.53381463,-0.5322252,16.8,34.13233910000004,1.7500366000000014
403.0,225.0870029,20.21380811,-0.735751123,275.8397045,18.48757846,-0.391785045,16.8,33.9527016,1.726229649999997
403.1,227.106471,20.136701,-0.80639102,277.6829746,18.45545762,-0.25063168,16.8,33.77650360000003,1.681243379999998
403.20000000000005,229.1178751,20.05252991,-0.877030916,279.5237383,18.43745212,-0.109478315,16.8,33.6058632,1.6150777900000008
403.3,231.120509,19.96129482,-0.947670813,281.3634073,18.43356196,0.03167505,16.8,33.44289830000001,1.5277328600000004
403.40000000000003,233.1136661,19.86299574,-1.018310709,283.2033931,18.44378713,0.172828416,16.8,33.28972700000004,1.4192086099999983
403.5,235.0966401,19.75763268,-1.088950605,285.0451071,18.46812764,0.313981781,16.8,33.148467,1.2895050400000017
403.6,237.0687246,19.64520562,-1.15854732,286.8899609,18.50658349,0.455135146,16.8,33.02123630000001,1.1386221299999981
403.70000000000005,239.0292132,19.52571458,-1.220470688,288.7393661,18.55915467,0.595215674,16.8,32.9101529,0.9665599099999973
403.8,240.9773995,19.39915954,-1.271437004,290.5947342,18.62584119,0.728859181,16.8,32.81733470000002,0.7733183500000003
403.90000000000003,242.9125771,19.26616643,-1.304746589,292.4574767,18.70664305,0.849628644,16.8,32.74489959999998,0.5595233799999981
404.0,244.8340396,19.13071333,-1.311752427,294.3290051,18.80091654,0.951087043,16.8,32.69496550000001,0.3297967899999996
404.1,246.7410806,18.99477047,-1.287462826,296.2107311,18.90544315,1.026797355,16.8,32.669650499999975,0.08932731999999888
404.20000000000005,248.6329937,18.86235767,-1.226661881,298.104066,19.01636068,1.07032256,16.8,32.671072300000006,-0.15400300999999672
404.3,250.5095732,18.73866312,-1.129720669,300.0104215,19.1298069,1.076298472,16.8,32.700848300000004,-0.39114378000000016
404.40000000000003,252.3726164,18.62668185,-0.994706988,301.9306941,19.2419196,1.043652255,16.8,32.75807769999999,-0.6152377499999986
404.5,254.2244212,18.5301693,-0.827277337,303.8637206,19.34883658,0.973456745,16.8,32.83929940000003,-0.8186672799999997
404.6,256.0672857,18.45288093,-0.636078731,305.8078227,19.44669562,0.871076128,16.8,32.94053699999996,-0.9938146900000007
404.70000000000005,257.9035076,18.39794628,-0.426102862,307.7613222,19.5316345,0.742947424,16.8,33.057814599999986,-1.1336882199999998
404.8,259.7353851,18.36599127,-0.203608817,309.7225408,19.60043472,0.595507655,16.8,33.18715570000002,-1.2344434500000006
404.90000000000003,261.5652161,18.35701588,0.025144315,311.6898003,19.65245257,0.435193844,16.8,33.32458420000002,-1.2954366900000025
405.0,263.3952985,18.37102013,0.254940628,313.6614225,19.68768806,0.26844301,16.8,33.46612399999999,-1.3166679299999977
405.1,265.2279303,18.40800401,0.484736942,315.6357291,19.70614118,0.10061934,16.8,33.60779879999997,-1.2981371700000004
405.20000000000005,267.0654094,18.46796752,0.714533255,317.6110419,19.70781193,-0.06720433,16.8,33.74563249999996,-1.23984441
405.3,268.910034,18.55091066,0.944329569,319.5856827,19.69270031,-0.235028,16.8,33.87564870000001,-1.1417896499999998
405.40000000000003,270.7641018,18.65683343,1.174125883,321.5579732,19.66080633,-0.40285167,16.8,33.9938714,-1.0039729000000008
405.5,272.6299108,18.78573584,1.403922196,323.5262351,19.61212998,-0.570675341,16.8,34.096324300000006,-0.8263941399999979
405.6,274.5097591,18.93761787,1.631893918,325.4887903,19.54667126,-0.738499011,16.8,34.17903120000001,-0.6090533899999997
405.70000000000005,276.4059446,19.11247954,1.84891809,327.4439606,19.46443017,-0.905258246,16.8,34.23801600000003,-0.35195063000000104
405.8,278.3207652,19.31032084,2.044047162,329.3900676,19.36540672,-1.065630872,16.8,34.26930240000003,-0.05508588000000003
405.90000000000003,280.2565189,19.53004701,2.206333584,331.3254331,19.2496009,-1.213230281,16.8,34.2689142,0.28044610999999975
406.0,282.2155037,19.76618429,2.324829806,333.2483789,19.11765138,-1.341669862,16.8,34.23287519999998,0.6485329100000001
406.1,284.2000176,20.01216413,2.388588279,335.1572268,18.97275145,-1.444563008,16.8,34.15720919999997,1.039412679999998
406.20000000000005,286.2123584,20.26141802,2.388486044,337.0502985,18.81873309,-1.515523108,16.8,34.03794009999997,1.4426849300000022
406.3,288.2539484,20.50737742,2.322698508,338.9259159,18.65942826,-1.549227989,16.8,33.8719675,1.8479491600000024
406.40000000000003,290.3227065,20.7434738,2.193050265,340.7829114,18.49866892,-1.544613217,16.8,33.66020490000001,2.2448048800000002
406.5,292.4156759,20.96313864,2.008664272,342.6221617,18.34028704,-1.502743225,16.8,33.4064858,2.6228516000000006
406.6,294.5298996,21.15980339,1.780488079,344.445054,18.18811459,-1.428940189,16.8,33.11515440000001,2.971688799999999
406.70000000000005,296.6624209,21.32799429,1.519469236,346.2529757,18.04598352,-1.329590716,16.8,32.79055480000001,3.2820107699999994
406.8,298.8102828,21.46661658,1.236555293,348.0473141,17.91708716,-1.211081417,16.8,32.437031300000015,3.549529419999999
406.90000000000003,300.9705285,21.57567027,0.942693801,349.8294565,17.80206414,-1.079798899,16.8,32.058927999999995,3.773606130000001
407.0,303.1402011,21.65515534,0.647007716,351.6007902,17.70091449,-0.942129772,16.8,31.660589099999992,3.9542408500000015
407.1,305.3163439,21.70507181,0.351321632,353.3627027,17.61363819,-0.803396211,16.8,31.246358800000007,4.09143362
407.20000000000005,307.4959998,21.72541967,0.055635548,355.1165812,17.54023525,-0.66466265,16.8,30.82058139999999,4.185184420000002
407.3,309.6762121,21.71619892,-0.240050537,356.863813,17.48070566,-0.525929088,16.8,30.387600900000006,4.235493259999998
407.40000000000003,311.8540239,21.67740956,-0.535736621,358.6057856,17.43504943,-0.387195527,16.8,29.951761699999974,4.242360130000002
407.5,314.0264783,21.6090516,-0.831422705,360.3438863,17.40326655,-0.248461966,16.8,29.517408,4.205785049999999
407.6,316.1906185,21.51112502,-1.125469521,362.0795023,17.38535704,-0.109728404,16.8,29.088883799999973,4.125767980000003
407.70000000000005,318.3434876,21.38362984,-1.409680725,363.814021,17.38132087,0.029005157,16.8,28.67053340000002,4.002308970000001
407.8,320.4821288,21.22656605,-1.674220706,365.5488298,17.39115807,0.167067179,16.8,28.266701000000023,3.8354079799999994
407.90000000000003,322.6035851,21.04091721,-1.909253853,367.2853159,17.41486862,0.301099969,16.8,27.881730800000025,3.62604859
408.0,324.7048998,20.83160113,-2.104944553,369.0248668,17.45245252,0.427074292,16.8,27.519966999999962,3.379148609999998
408.1,326.783116,20.60451917,-2.251457195,370.7688697,17.50350686,0.540960916,16.8,27.185753699999974,3.101012309999998
408.20000000000005,328.8352767,20.36557271,-2.340595436,372.5187121,17.56601702,0.64131444,16.8,26.883435400000007,2.7995556899999983
408.3,330.8592121,20.12066311,-2.370720008,374.2757811,17.63756545,0.716354133,16.8,26.616569000000037,2.4830976599999985
408.40000000000003,332.8558994,19.87569173,-2.34347018,376.0414643,17.71573462,0.770473799,16.8,26.385564899999974,2.1599571100000006
408.5,334.827103,19.63655995,-2.267042293,377.8168265,17.79965728,0.800418066,16.8,26.189723499999968,1.836902669999997
408.6,336.774587,19.40916912,-2.15127196,379.6016434,17.882265,0.806858473,16.8,26.027056400000003,1.526904120000001
408.70000000000005,338.7001156,19.19843707,-2.005994793,381.3953683,17.96579114,0.793152715,16.8,25.89525269999997,1.2326459300000003
408.8,340.6054532,19.00534734,-1.841046402,383.1974545,18.04626786,0.760746191,16.8,25.792001299999992,0.9590794799999998
408.90000000000003,342.4923639,18.82989993,-1.6662624,385.0073553,18.12168053,0.721419634,16.8,25.714991399999985,0.7082194000000008
409.0,344.362612,18.67209486,-1.489839129,386.8245241,18.19162624,0.671450777,16.8,25.661912100000006,0.4804686199999999
409.1,346.2179617,18.53193211,-1.313415858,388.6484141,18.256105,0.617452688,16.8,25.630452400000035,0.27582710999999804
409.20000000000005,348.0601773,18.40941168,-1.136992587,390.4784786,18.31511678,0.562783059,16.8,25.618301299999995,0.09429490000000129
409.3,349.8910229,18.30453359,-0.960569316,392.3141709,18.36866161,0.508113431,16.8,25.623148000000025,-0.06412802000000184
409.40000000000003,351.7122628,18.21729782,-0.784146046,394.1549444,18.41673947,0.453443803,16.8,25.642681599999957,-0.1994416500000007
409.5,353.5256613,18.14770438,-0.607722775,396.0002523,18.45935037,0.398774174,16.8,25.674590999999975,-0.3116459899999988
409.6,355.3329826,18.09575327,-0.431299504,397.8495479,18.4964943,0.344104546,16.8,25.716565300000024,-0.40074102999999894
409.70000000000005,357.1359908,18.06144448,-0.255687609,399.7022846,18.52817128,0.289434918,16.8,25.766293799999982,-0.4667268
409.8,358.9364503,18.04477802,-0.084943972,401.5579157,18.55438129,0.234952875,16.8,25.821465400000033,-0.5096032699999995
409.90000000000003,360.7361252,18.04575389,0.076063149,403.4158944,18.57512433,0.181596348,16.8,25.87976920000001,-0.529370440000001
410.0,362.5367799,18.06388525,0.222465498,405.275674,18.59040042,0.130490852,16.8,25.93889409999998,-0.5265151700000033
410.1,364.3401785,18.096738,0.351343113,407.1367079,18.60032209,0.082761901,16.8,25.996529399999996,-0.5035840900000004
410.20000000000005,366.1480853,18.14139116,0.451982846,408.9984494,18.60545211,0.039535012,16.8,26.050364100000035,-0.46406095000000036
410.3,367.9622644,18.19492378,0.526172707,410.8603517,18.60646579,0.001935699,16.8,26.098087300000042,-0.41154201000000157
410.40000000000003,369.7840908,18.25558389,0.571153022,412.7218683,18.60403843,-0.029098107,16.8,26.13777749999998,-0.34845453999999876
410.5,371.6133812,18.31694359,0.587735167,414.5825423,18.59884534,-0.053378822,16.8,26.169161100000007,-0.2819017499999994
410.6,373.4495632,18.37958888,0.579976024,416.4422773,18.59156184,-0.07109403,16.8,26.1927141,-0.21197296000000065
410.70000000000005,375.2920643,18.43942981,0.550795554,418.301067,18.58286323,-0.083181662,16.8,26.209002699999996,-0.14343342000000092
410.8,377.1403118,18.49403226,0.510906905,420.1589047,18.57342482,-0.090767232,16.8,26.218592899999987,-0.07939255999999872
410.90000000000003,378.9937334,18.54290939,0.459333443,422.0157842,18.56380937,-0.094976256,16.8,26.222050799999987,-0.020899980000002927
411.0,380.8517564,18.58606122,0.402891724,423.8716989,18.55412943,-0.09693425,16.8,26.219942500000013,0.03193179000000157
411.1,382.7138083,18.62348774,0.345638629,425.7266423,18.544385,-0.097766729,16.8,26.212833999999997,0.07910274000000328
411.20000000000005,384.5793166,18.65518894,0.288385533,427.5806081,18.53457609,-0.098411621,16.8,26.20129149999998,0.120612849999997
411.3,386.4477087,18.68116484,0.231132438,429.4335898,18.52470268,-0.099056514,16.8,26.18588109999997,0.15646216000000024
411.40000000000003,388.3184122,18.70141543,0.173879342,431.2855809,18.51476478,-0.099701406,16.8,26.1671687,0.1866506500000007
411.5,390.1908545,18.71594071,0.116626247,433.136575,18.5047624,-0.100346299,16.8,26.145720499999992,0.2111783100000011
411.6,392.064463,18.72474068,0.059373151,434.9865656,18.49469552,-0.100991191,16.8,26.122102600000016,0.23004515999999953
411.70000000000005,393.9386652,18.72781534,0.002333146,436.8355463,18.48456416,-0.101636084,16.8,26.096881099999973,0.2432511799999979
411.8,395.8128887,18.72516469,-0.053428321,438.6835107,18.47436831,-0.102340164,16.8,26.070622000000025,0.2507963800000006
411.90000000000003,397.6865608,18.71678873,-0.10663271,440.5304522,18.46410796,-0.103399374,16.8,26.043891400000017,0.25268077000000133
412.0,399.5591091,18.70281532,-0.156001483,442.3763645,18.45378313,-0.105168842,16.8,26.01725540000002,0.24903218999999766
412.1,401.429961,18.68388372,-0.200256101,444.2212411,18.4433583,-0.108003697,16.8,25.991280099999994,0.24052542000000088
412.20000000000005,403.2985439,18.66076106,-0.238128626,446.0650755,18.4326559,-0.112259068,16.8,25.96653159999995,0.22810515999999836
412.3,405.1642854,18.63421445,-0.269680972,447.9078614,18.42146285,-0.118290085,16.8,25.943576000000018,0.2127516000000007
412.40000000000003,407.0267152,18.60501103,-0.291254356,449.7495921,18.40956609,-0.126392687,16.8,25.92287689999996,0.19544494000000157
412.5,408.8857722,18.57391156,-0.306528762,451.590233,18.39675252,-0.136626064,16.8,25.904460799999992,0.17715903999999938
412.6,410.7414976,18.54100674,-0.315410474,453.4296354,18.38280908,-0.148931027,16.8,25.888137799999992,0.15819765999999902
412.70000000000005,412.5939324,18.50913111,-0.319178031,455.2676225,18.36752269,-0.163011635,16.8,25.873690099999987,0.14160841999999718
412.8,414.4431179,18.4768438,-0.318756307,457.1040174,18.35068026,-0.178512759,16.8,25.86089949999997,0.1261635400000003
412.90000000000003,416.2890953,18.44496817,-0.315411436,458.9386431,18.33210424,-0.195079271,16.8,25.849547799999993,0.11286392999999961
413.0,418.1319057,18.41350421,-0.31258116,460.7713228,18.31175911,-0.21235604,16.8,25.839417100000002,0.1017450999999987
413.1,419.9715903,18.38245194,-0.308464394,462.6018795,18.28964487,-0.229987939,16.8,25.830289199999992,0.09280706999999921
413.20000000000005,421.8081903,18.35181133,-0.304347629,464.4301363,18.26576152,-0.247679025,16.8,25.821946000000036,0.08604980999999867
413.3,423.6417468,18.32158241,-0.300230864,466.2559164,18.24010906,-0.265370112,16.8,25.814169599999968,0.08147334999999956
413.40000000000003,425.4723009,18.29176516,-0.296114098,468.0790427,18.2126875,-0.283061199,16.8,25.806741800000008,0.07907765999999938
413.5,427.299894,18.26235959,-0.291997333,469.8993384,18.18349682,-0.300752286,16.8,25.79944439999998,0.07886277000000064
413.6,429.124567,18.2333657,-0.287880568,471.7166266,18.15253704,-0.318443373,16.8,25.79205959999997,0.08082866000000166
413.70000000000005,430.9463613,18.20478348,-0.283796057,473.5307304,18.11980815,-0.336134459,16.8,25.784369100000003,0.0849753299999989
413.8,432.7653179,18.17661293,-0.279905069,475.3414728,18.08531015,-0.353815291,16.8,25.776154900000005,0.09130277999999947
413.90000000000003,434.581478,18.14885407,-0.27640113,477.148677,18.04904304,-0.371434591,16.8,25.767199000000016,0.09981102999999791
414.0,436.3948828,18.12148753,-0.273477762,478.952166,18.01100682,-0.388930829,16.8,25.75728319999997,0.11048071000000093
414.1,438.2055735,18.09441655,-0.271328489,480.7517629,17.97120765,-0.406242472,16.8,25.746189400000002,0.12320889999999807
414.20000000000005,440.0135913,18.06752502,-0.270146836,482.5472908,17.92967628,-0.423307991,16.8,25.73369950000001,0.13784874000000258
414.3,441.8189772,18.04069682,-0.270094073,484.3385728,17.88644965,-0.440065853,16.8,25.7195956,0.15424717000000143
414.40000000000003,443.621757,18.01381584,-0.271202453,486.1254321,17.84156466,-0.456464782,16.8,25.70367510000001,0.17225117999999995
414.5,445.4218945,17.98676597,-0.273439722,487.9076965,17.79505824,-0.472494524,16.8,25.685801999999978,0.19170773000000096
414.6,447.2193379,17.95943108,-0.276644611,489.6852138,17.74696731,-0.488165333,16.8,25.665875899999957,0.21246377000000294
414.70000000000005,449.0140355,17.93169508,-0.280623596,491.4578367,17.69732878,-0.503528485,16.8,25.643801199999995,0.23436630000000136
414.8,450.8059355,17.90346118,-0.285183152,493.2254177,17.64617957,-0.518645512,16.8,25.619482200000004,0.2572816099999997
414.90000000000003,452.5949863,17.87471005,-0.290129756,494.9878095,17.59355045,-0.533577945,16.8,25.59282320000001,0.2811596000000023
415.0,454.3811361,17.84544168,-0.295269883,496.7448647,17.53944757,-0.548387316,16.8,25.5637286,0.3059941100000003
415.1,456.1643333,17.81565608,-0.300442265,498.4964359,17.48387094,-0.563135155,16.8,25.532102599999984,0.3317851400000009
415.20000000000005,457.944526,17.78535323,-0.305614647,500.2423757,17.42682054,-0.57787274,16.8,25.497849700000028,0.358532689999997
415.3,459.7216625,17.75453315,-0.310787029,501.9825369,17.36829639,-0.592610324,16.8,25.460874400000034,0.3862367599999992
415.40000000000003,461.4956912,17.72319583,-0.315959411,503.7167719,17.30829848,-0.607347908,16.8,25.421080700000015,0.4148973500000004
415.5,463.2665603,17.69134127,-0.321131792,505.4449334,17.24682681,-0.622085492,16.8,25.378373100000044,0.44451445999999706
415.6,465.0342181,17.65896947,-0.326304174,507.1668741,17.18388138,-0.636823076,16.8,25.332655999999997,0.47508808999999985
415.70000000000005,466.7986128,17.62608043,-0.331476556,508.8824466,17.11946219,-0.65156066,16.8,25.28383379999998,0.5066182399999981
415.8,468.5596928,17.59267416,-0.336744171,510.5915034,17.05356925,-0.666317821,16.8,25.231810600000028,0.5391049100000025
415.90000000000003,470.3174063,17.55875064,-0.342583183,512.2938973,16.98620254,-0.681192444,16.8,25.17649100000001,0.5725480999999988
416.0,472.0717015,17.52430989,-0.349564992,513.9894808,16.91736208,-0.696301989,16.8,25.117779300000006,0.6069478100000012
416.1,473.8225269,17.48929476,-0.358260995,515.6781066,16.84703611,-0.711763919,16.8,25.055579699999964,0.6422586499999987
416.20000000000005,475.5698305,17.45341956,-0.369242589,517.3596273,16.77516591,-0.727695694,16.8,24.989796800000033,0.678253650000002
416.3,477.3135608,17.41634143,-0.383081173,519.0338955,16.701681,-0.744214777,16.8,24.920334699999966,0.7146604299999986
416.40000000000003,479.053666,17.37771756,-0.400252912,520.7007638,16.6265109,-0.761419051,16.8,24.847097799999982,0.7512066600000011
416.5,480.7900486,17.33720509,-0.420853039,522.3600755,16.54958513,-0.779328094,16.8,24.770026900000016,0.7876199600000007
416.6,482.5224284,17.29446119,-0.444786321,524.0116362,16.47083322,-0.797922329,16.8,24.689207799999974,0.8236279700000004
416.70000000000005,484.2504794,17.24914302,-0.471576592,525.6552421,16.39018468,-0.817103871,16.8,24.60476269999999,0.8589583400000009
416.8,485.9738756,17.20090773,-0.500652456,527.2906895,16.30756906,-0.836755259,16.8,24.5168139,0.8933386700000021
416.90000000000003,487.692291,17.14946964,-0.531442513,528.9177747,16.2229276,-0.856759031,16.8,24.425483699999983,0.9265420400000011
417.0,489.4053995,17.0947716,-0.563375366,530.5362939,16.13624857,-0.876997726,16.8,24.330894400000044,0.958523030000002
417.1,491.1128752,17.03681362,-0.595879617,532.1460432,16.04753197,-0.897353883,16.8,24.23316799999999,0.9892816499999988
417.20000000000005,492.8143922,16.97559568,-0.628479101,533.746819,15.9567778,-0.917729616,16.8,24.132426799999973,1.018817880000002
417.3,494.5096244,16.9111178,-0.661078586,535.3384176,15.86398605,-0.938105349,16.8,24.02879319999995,1.0471317500000001
417.40000000000003,496.1982457,16.84337996,-0.69367807,536.920635,15.76915673,-0.958481083,16.8,23.922389299999974,1.0742232299999994
417.5,497.8799303,16.77238218,-0.726277554,538.4932677,15.67228983,-0.978856816,16.8,23.813337400000034,1.1000923500000006
417.6,499.5543521,16.69812445,-0.758877038,540.0561118,15.57338536,-0.999232549,16.8,23.701759700000036,1.124739090000002
417.70000000000005,501.2211852,16.62060677,-0.791476522,541.6089636,15.47244332,-1.019608283,16.8,23.587778400000058,1.1481634499999984
417.8,502.8801035,16.53982915,-0.824085994,543.1516192,15.36946371,-1.039984016,16.8,23.47151570000001,1.1703654399999994
417.90000000000003,504.530781,16.45579157,-0.856755394,544.6838751,15.26444652,-1.060365119,16.8,23.353094100000032,1.191345049999999
418.0,506.1728918,16.36849405,-0.889544648,546.2055273,15.15739176,-1.080778436,16.8,23.23263549999997,1.2111022899999995
418.1,507.8061098,16.27793059,-0.922513685,547.7163722,15.04829942,-1.101256182,16.8,23.11026240000002,1.229631170000001
418.20000000000005,509.430109,16.18407122,-0.955722431,549.216206,14.93716629,-1.121830573,16.8,22.98609700000004,1.2469049299999995
418.3,511.0445636,16.08687999,-0.989230815,550.7048249,14.82397626,-1.142533822,16.8,22.860261299999944,1.2629037299999997
418.40000000000003,512.6491474,15.98632094,-1.023088776,552.1820252,14.70871,-1.163398145,16.8,22.73287780000005,1.2776109400000006
418.5,514.2435297,15.88235811,-1.057306301,553.6476031,14.59134817,-1.184450387,16.8,22.604073400000015,1.2910099400000004
418.6,515.8273604,15.77495556,-1.091873403,555.1013523,14.47187146,-1.205695916,16.8,22.473991900000055,1.3030841000000013
418.70000000000005,517.400285,15.66407732,-1.126740142,556.5430561,14.35026053,-1.227129365,16.8,22.34277109999989,1.3138167900000006
418.8,518.9619485,15.54968744,-1.161846591,557.9724953,14.22649606,-1.248723887,16.8,22.210546800000042,1.323191379999999
418.90000000000003,520.5119963,15.43175594,-1.197132823,559.3894508,14.10055871,-1.270447268,16.8,22.077454499999998,1.3311972300000008
419.0,522.0500735,15.31027685,-1.232538909,560.7937032,13.97243238,-1.292267293,16.8,21.943629699999928,1.3378444699999985
419.1,523.5758254,15.18525016,-1.268004923,562.1850333,13.84211384,-1.314151747,16.8,21.8092079,1.343136320000001
419.20000000000005,525.0888973,15.05667587,-1.303480924,563.563222,13.7096031,-1.336068416,16.8,21.67432470000001,1.3470727699999987
419.3,526.5889344,14.92455397,-1.338956926,564.9280501,13.57490016,-1.357990454,16.8,21.53911569999998,1.3496538099999995
419.40000000000003,528.0755819,14.78888448,-1.374432928,566.2792982,13.43800501,-1.379912492,16.8,21.403716299999996,1.3508794700000006
419.5,529.5484851,14.64966739,-1.409908929,567.6167472,13.29891766,-1.40183453,16.8,21.26826209999997,1.3507497299999986
419.6,531.0072892,14.5069027,-1.445384931,568.9401778,13.15763811,-1.423756568,16.8,21.13288860000007,1.3492645899999989
419.70000000000005,532.4516394,14.3605904,-1.480860932,570.2493709,13.01416635,-1.445678606,16.8,20.997731500000054,1.3464240499999995
419.8,533.8811811,14.21073051,-1.516220911,571.5441072,12.86850238,-1.467600644,16.8,20.862926099999935,1.3422281299999987
419.90000000000003,535.2955593,14.05732302,-1.550884754,572.8241675,12.72064622,-1.489252556,16.8,20.728608200000007,1.3366767999999993
420.0,536.6944195,13.90036792,-1.584156324,574.0893325,12.57059785,-1.509283706,16.8,20.594912999999973,1.3297700700000004
420.1,538.0774067,13.73993484,-1.615339484,575.3393831,12.41835727,-1.525016777,16.8,20.46197639999998,1.3215775700000005
420.20000000000005,539.4441663,13.57637184,-1.643738099,576.5741001,12.26408657,-1.538000683,16.8,20.329933800000003,1.3122852700000003
420.3,540.7943435,13.41009661,-1.668656031,577.7932641,12.10859612,-1.543444988,16.8,20.19892060000002,1.3015004900000005
420.40000000000003,542.1275835,13.24152682,-1.689513168,578.9966561,11.95349232,-1.540785489,16.8,20.06907259999998,1.2880345000000002
420.5,543.4435873,13.07108016,-1.706193486,580.1840567,11.79784581,-1.528671553,16.8,19.94046940000005,1.2732343499999992
420.6,544.7422786,12.8991743,-1.718813009,581.3553764,11.64453086,-1.506833054,16.8,19.81309779999999,1.2546434400000006
420.70000000000005,546.0236366,12.72622694,-1.727951849,582.5110444,11.49388598,-1.476596676,16.8,19.687407799999914,1.2323409600000002
420.8,547.2876409,12.55265575,-1.734306143,583.6516192,11.34688364,-1.436143377,16.8,19.563978299999985,1.2057721099999998
420.90000000000003,548.5342709,12.3788088,-1.738572029,584.7776598,11.20449629,-1.390263594,16.8,19.443388900000013,1.17431251
421.0,549.7635058,12.20475571,-1.741445641,585.8897248,11.06753431,-1.33952153,16.8,19.32621899999999,1.1372214000000014
421.1,550.9753251,12.03049647,-1.743623117,586.9883729,10.93615978,-1.285537944,16.8,19.21304779999998,1.0943366899999987
421.20000000000005,552.1697081,11.85603109,-1.745684571,588.074163,10.8103727,-1.229933598,16.8,19.104454900000018,1.0456583899999998
421.3,553.3466344,11.68135956,-1.747746024,589.1476537,10.69017306,-1.174059124,16.8,19.001019300000006,0.9911865000000013
421.40000000000003,554.5060831,11.50648188,-1.749807477,590.2094039,10.57556087,-1.118184651,16.8,18.903320800000028,0.9309210100000005
421.5,555.6480338,11.33139806,-1.751868931,591.2599722,10.46653613,-1.062310178,16.8,18.811938399999985,0.86486193
421.6,556.7724658,11.1561081,-1.753930384,592.2999174,10.36309884,-1.006435704,16.8,18.727451600000062,0.7930092600000016
421.70000000000005,557.8793585,10.98061198,-1.755991837,593.3297982,10.26524899,-0.950561231,16.8,18.65043970000006,0.7153629900000009
421.8,558.9686913,10.80490973,-1.757652452,594.3501735,10.17298659,-0.894686758,16.8,18.581482199999936,0.6319231399999996
421.90000000000003,560.0404435,10.62900133,-1.759255805,595.3616018,10.08631164,-0.838828631,16.8,18.52115829999998,0.5426896899999996
422.0,561.0945946,10.45288678,-1.760281475,596.3646421,10.00522414,-0.783068583,16.8,18.470047499999918,0.4476626400000008
422.1,562.131124,10.27680659,-1.757842964,597.3598529,9.929724078,-0.727504692,16.8,18.428728899999964,0.34708251200000007
422.20000000000005,563.1500109,10.10055461,-1.751141329,598.3477932,9.85980166,-0.672235036,16.8,18.39778229999997,0.2407529499999992
422.3,564.1512349,9.924443099,-1.738755529,599.3290215,9.795407842,-0.617357695,16.8,18.37778659999999,0.12903525699999996
422.40000000000003,565.1347752,9.75020395,-1.71966536,600.3040967,9.736483777,-0.562970747,16.8,18.36932149999991,0.013720172999999392
422.5,566.1006114,9.578316529,-1.692106205,601.2735775,9.682970618,-0.509155924,16.8,18.37296609999994,-0.10465408900000028
422.6,567.0488364,9.409633462,-1.655177443,602.2380148,9.634809518,-0.455929572,16.8,18.389178399999945,-0.22517605600000046
422.70000000000005,567.979998,9.245007374,-1.610581371,603.1979281,9.59194163,-0.403275345,16.8,18.41793009999999,-0.34693425600000083
422.8,568.8947578,9.08529089,-1.558880093,604.1538291,9.554308106,-0.351111511,16.8,18.459071300000073,-0.469017216000001
422.90000000000003,569.7937772,8.931336634,-1.50149465,605.1062294,9.521850099,-0.299339991,16.8,18.512452199999938,-0.590513464999999
423.0,570.6777177,8.783855127,-1.439846082,606.0556408,9.49451857,-0.247862707,16.8,18.577923099999975,-0.7106634429999996
423.1,571.5472408,8.642988473,-1.375355432,607.0025748,9.472303712,-0.19658158,16.8,18.655333999999993,-0.8293152389999996
423.20000000000005,572.4030079,8.508736672,-1.30944374,607.9475432,9.455205524,-0.145398532,16.8,18.744535300000006,-0.9464688520000006
423.3,573.2456807,8.381099725,-1.243295208,608.8910576,9.443224006,-0.09423183,16.8,18.845376899999973,-1.0621242809999991
423.40000000000003,574.0759205,8.260077631,-1.177146676,609.8336296,9.436359158,-0.043065128,16.8,18.957709099999942,-1.1762815270000004
423.5,574.8943888,8.14567039,-1.110998144,610.7757711,9.43461098,0.008101574,16.8,19.08138230000004,-1.288940590000001
423.6,575.7017471,8.037878002,-1.044849612,611.7179935,9.437979472,0.059268275,16.8,19.2162464,-1.400101470000001
423.70000000000005,576.498657,7.936700467,-0.97870108,612.6608086,9.446464635,0.110434977,16.8,19.362151600000015,-1.5097641680000002
423.8,577.2857798,7.842137786,-0.912552548,613.6047281,9.460066468,0.161601679,16.8,19.518948299999987,-1.6179286820000005
423.90000000000003,578.0637771,7.754189958,-0.846191571,614.5502636,9.478784971,0.212438,16.8,19.686486499999955,-1.7245950129999992
424.0,578.8333103,7.672856983,-0.778555922,615.4979268,9.502620144,0.261292033,16.8,19.864616499999965,-1.8297631609999998
424.1,579.5950411,7.598138861,-0.708370929,616.4482293,9.531571987,0.306181493,16.8,20.053188199999976,-1.9334331259999997
424.20000000000005,580.3496307,7.530163059,-0.63436192,617.4016828,9.565442272,0.34512409,16.8,20.25205209999997,-2.035279213
424.3,581.0977407,7.469566914,-0.555254223,618.358799,9.603239855,0.37613754,16.8,20.461058299999944,-2.1336729410000004
424.40000000000003,581.8400327,7.417115229,-0.469773167,619.3200896,9.643775363,0.397239553,16.8,20.680056899999908,-2.2266601339999994
424.5,582.577168,7.373572806,-0.376856525,620.2860662,9.685859425,0.406778226,16.8,20.90889820000002,-2.312286619
424.6,583.3099102,7.339704449,-0.276291851,621.2570819,9.728302668,0.404423175,16.8,21.147171700000012,-2.3885982189999995
424.70000000000005,584.0394306,7.31627496,-0.16829159,622.2328555,9.769915719,0.390504783,16.8,21.39342490000008,-2.453640759
424.8,584.7670025,7.304049144,-0.05391797,623.212947,9.809509208,0.366674955,16.8,21.645944499999995,-2.5054600639999993
424.90000000000003,585.4938993,7.303791804,0.065554337,624.1969168,9.84589376,0.334915979,16.8,21.9030175000001,-2.542101955999999
425.0,586.2213943,7.316140274,0.188850661,625.184325,9.878078233,0.297210141,16.8,22.1629306999999,-2.5619379589999998
425.1,586.9507607,7.341222023,0.314696328,626.1747316,9.905864398,0.255539729,16.8,22.423970899999926,-2.564642375
425.20000000000005,587.683272,7.379037051,0.441816667,627.167697,9.929252255,0.21188703,16.8,22.684424999999987,-2.5502152039999997
425.3,588.4202015,7.429585357,0.569149452,628.1627812,9.948241804,0.167903949,16.8,22.942579700000078,-2.5186564470000006
425.40000000000003,589.1628224,7.492866941,0.696482236,629.1595445,9.962833045,0.123920869,16.8,23.196722100000056,-2.469966104
425.5,589.9124082,7.568881804,0.823815021,630.157547,9.973025978,0.079937788,16.8,23.445138800000063,-2.4041441740000007
425.6,590.6702322,7.657629945,0.951147805,631.1563489,9.978820602,0.035954708,16.8,23.686116700000024,-2.3211906570000007
425.70000000000005,591.4375676,7.759111365,1.07848059,632.1555103,9.980216919,-0.008028372,16.8,23.91794269999998,-2.221105554
425.8,592.2156878,7.873326063,1.205813375,633.1545914,9.977214928,-0.052011453,16.8,24.138903600000003,-2.103888865
425.90000000000003,593.0058662,8.00027404,1.332387471,634.1531524,9.969814629,-0.095417627,16.8,24.34728619999994,-1.9695405889999993
426.0,593.809376,8.139955295,1.454409436,635.1507535,9.958016021,-0.135362367,16.8,24.541377499999907,-1.8180607260000006
426.1,594.6274906,8.292369829,1.56732714,636.1469548,9.941819106,-0.16563441,16.8,24.719464200000015,-1.6494492770000004
426.20000000000005,595.4614833,8.457062428,1.666588453,637.1413164,9.921570026,-0.191021806,16.8,24.879833099999995,-1.464507597999999
426.3,596.3126275,8.631757027,1.747641243,638.1333987,9.898999499,-0.199813637,16.8,25.02077120000008,-1.2672424719999995
426.40000000000003,597.1821964,8.813722348,1.805933379,639.1227617,9.877834282,-0.191298294,16.8,25.140565300000002,-1.0641119339999996
426.5,598.0714634,9.000227112,1.83767142,640.1089655,9.855201545,-0.162591251,16.8,25.237502099999983,-0.8549744330000006
426.6,598.9813377,9.188540041,1.842096678,641.0918474,9.838127839,-0.113115601,16.8,25.310509699999965,-0.6495877980000007
426.70000000000005,599.9112718,9.375929856,1.81996784,642.072352,9.827040129,-0.046198079,16.8,25.361080200000014,-0.4511102729999994
426.8,600.8603539,9.55966528,1.775078349,643.051701,9.824015275,0.043526272,16.8,25.39134710000003,-0.2643499949999999
426.90000000000003,601.8276723,9.737015034,1.711980336,644.031116,9.831130138,0.144346533,16.8,25.40344369999998,-0.09411510400000012
427.0,602.8123153,9.905703052,1.63522593,645.0118187,9.850115434,0.255551097,16.8,25.399503400000025,0.05558761800000056
427.1,603.8133714,10.06527412,1.549367263,645.9950308,9.881317308,0.373678531,16.8,25.381659399999943,0.18395681199999991
427.20000000000005,604.8299286,10.21572824,1.458956466,646.9819739,9.924735759,0.495267398,16.8,25.35204529999994,0.29099248099999997
427.3,605.8610755,10.35706541,1.36778698,647.9738697,9.980370788,0.617433171,16.8,25.312794200000052,0.3766946220000005
427.40000000000003,606.9059002,10.48928564,1.276617495,648.9719398,10.04822239,0.739598945,16.8,25.266039599999953,0.4410632500000009
427.5,607.9634911,10.61238891,1.185448009,649.9774058,10.12829058,0.861764718,16.8,25.213914699999986,0.48409833000000013
427.6,609.0329364,10.72637524,1.094278523,650.9914896,10.22057534,0.983930491,16.8,25.158553199999982,0.5057998999999995
427.70000000000005,610.1133246,10.83124462,1.003109037,652.0154126,10.32507668,1.106096265,16.8,25.102087999999934,0.5061679399999992
427.8,611.2037438,10.92699705,0.911939552,653.0503966,10.44179459,1.228262038,16.8,25.046652800000015,0.48520246
427.90000000000003,612.3032825,11.01363253,0.820770066,654.0976633,10.57072908,1.349688112,16.8,24.9943808,0.4429034500000011
428.0,613.4110288,11.09115106,0.729904432,655.1584342,10.71188015,1.466675987,16.8,24.947405399999933,0.3792709099999989
428.1,614.5260712,11.15955264,0.640861913,656.233931,10.8652478,1.574787465,16.8,24.907859799999937,0.2943048399999988
428.20000000000005,615.6474978,11.21883728,0.555465623,657.3253754,11.0303882,1.669584348,16.8,24.877877599999987,0.18844907999999982
428.3,616.7743971,11.26918728,0.475538675,658.4339891,11.20508227,1.746628438,16.8,24.859591999999974,0.06410501000000046
428.40000000000003,617.9058573,11.3115142,0.402904184,659.5609937,11.38666707,1.801481536,16.8,24.85513640000006,-0.07515287000000015
428.5,619.0409667,11.3469119,0.339385264,660.7076109,11.57247969,1.830445143,16.8,24.86664419999995,-0.2255677899999995
428.6,620.1788137,11.37647427,0.286501178,661.8747072,11.75985722,1.83277956,16.8,24.89589350000001,-0.38338295000000144
428.70000000000005,621.3186323,11.40129515,0.244555777,663.0617291,11.94613672,1.809224486,16.8,24.94309679999999,-0.5448415700000009
428.8,622.4602402,11.42246844,0.213245209,664.2677678,12.12865529,1.763478421,16.8,25.007527599999957,-0.7061868499999999
428.90000000000003,623.6036007,11.44108798,0.191050212,665.4919148,12.30475,1.699979562,16.8,25.0883141,-0.8636620199999996
429.0,624.7486772,11.45824766,0.176147672,666.7332612,12.47220176,1.623166107,16.8,25.18458400000004,-1.0139541000000012
429.1,625.8954332,11.47485903,0.166714475,667.9908985,12.63056674,1.537476256,16.8,25.2954653,-1.1557077100000015
429.20000000000005,627.043832,11.49110439,0.160927507,669.2639179,12.77984495,1.447348207,16.8,25.42008590000007,-1.288740559999999
429.3,628.1938371,11.50698376,0.156963653,670.5514109,12.92003639,1.356480458,16.8,25.557573799999954,-1.4130526299999993
429.40000000000003,629.3454118,11.52249712,0.153303651,671.8524686,13.05114104,1.265612708,16.8,25.707056799999986,-1.5286439199999986
429.5,630.4985195,11.53764449,0.149643649,673.1661825,13.17315893,1.174744959,16.8,25.867662999999947,-1.6355144399999997
429.6,631.6531237,11.55242585,0.145983647,674.4916438,13.28609004,1.08387721,16.8,26.03852009999998,-1.733664189999999
429.70000000000005,632.8091877,11.56684122,0.142323645,675.8279439,13.38993437,0.993009461,16.8,26.218756199999984,-1.82309315
429.8,633.9666749,11.58089058,0.138663643,677.174174,13.48469193,0.902141712,16.8,26.40749909999995,-1.9038013500000002
429.90000000000003,635.1255488,11.59457395,0.135715308,678.5294256,13.57036271,0.811273963,16.8,26.60387679999992,-1.9757887600000004
430.0,636.2857727,11.60789131,0.13286864,679.89279,13.64694672,0.720836748,16.8,26.807017299999938,-2.0390554100000013
430.1,637.4473101,11.62084267,0.131334301,681.2633584,13.71444395,0.63298274,16.8,27.016048300000033,-2.0936012799999997
430.20000000000005,638.6101243,11.63385504,0.136344626,682.6402221,13.77285441,0.550295146,16.8,27.230097799999907,-2.1389993700000005
430.3,639.7741787,11.6465624,0.149568944,684.0224726,13.82243642,0.475357172,16.8,27.44829390000002,-2.17587402
430.40000000000003,640.9394367,11.65969116,0.173745254,685.4092012,13.86448157,0.408614637,16.8,27.669764499999996,-2.204790410000001
430.5,642.1058618,11.67638072,0.210899886,686.799499,13.9005398,0.359062914,16.8,27.89363720000001,-2.2241590800000015
430.6,643.2734174,11.69763268,0.264380839,688.1924576,13.93216102,0.322442509,16.8,28.11904020000004,-2.2345283400000007
430.70000000000005,644.4422858,11.72508983,0.335715447,689.5873748,13.95961274,0.301321345,16.8,28.345088999999984,-2.234522910000001
430.8,645.6135257,11.76039497,0.421953042,690.9843752,13.98829216,0.295268888,16.8,28.570849500000076,-2.22789719
430.90000000000003,646.7884147,11.8051909,0.521880626,692.3837902,14.01590192,0.302132465,16.8,28.795375500000045,-2.2107110199999997
431.0,647.9682304,11.86112043,0.632760201,693.785951,14.04527438,0.321466259,16.8,29.017720599999915,-2.1841539500000007
431.1,649.1542505,11.92955255,0.75185377,695.1911888,14.07770113,0.344274895,16.8,29.236938299999974,-2.148148579999999
431.20000000000005,650.3477527,12.01076105,0.876423335,696.5998349,14.1134405,0.374387333,16.8,29.452082200000017,-2.10267945
431.3,651.5500146,12.10474595,1.003730898,698.0122206,14.15249249,0.407082979,16.8,29.662205999999923,-2.0477465400000003
431.40000000000003,652.7623137,12.21150723,1.131494793,699.4286771,14.1948571,0.440209159,16.8,29.86636339999991,-1.9833498699999996
431.5,653.9859278,12.33104491,1.259258689,700.8495357,14.24053432,0.473335339,16.8,30.063607900000033,-1.9094894100000008
431.6,655.2221345,12.46335897,1.387022585,702.2751276,14.28952417,0.506461519,16.8,30.25299309999998,-1.8261652000000002
431.70000000000005,656.4722114,12.60844942,1.51478648,703.7057842,14.34182663,0.539587699,16.8,30.433572800000046,-1.7333772100000004
431.8,657.7374362,12.76631627,1.642550376,705.1418366,14.39744171,0.572713879,16.8,30.604400399999985,-1.63112544
431.90000000000003,659.0190865,12.9369595,1.770314271,706.5836162,14.4563694,0.605840059,16.8,30.764529700000093,-1.5194098999999994
432.0,660.3184399,13.12037912,1.897298563,708.0314542,14.51860972,0.63892771,16.8,30.91301429999994,-1.3982305999999998
432.1,661.6367741,13.31657513,2.019605233,709.4856819,14.58416265,0.67178418,16.8,31.048907800000006,-1.2675875199999993
432.20000000000005,662.9753667,13.52554753,2.132556657,710.9466304,14.6530282,0.704178292,16.8,31.171263700000008,-1.1274806699999989
432.3,664.3354954,13.74682856,2.231475214,712.4146312,14.72518325,0.735878866,16.8,31.279135800000017,-0.9783546899999997
432.40000000000003,665.7184378,13.97807941,2.31168328,713.8900154,14.80051221,0.766654722,16.8,31.37157760000009,-0.8224328000000014
432.5,667.1254715,14.21649349,2.368503235,715.3731143,14.87887638,0.796274681,16.8,31.447642799999993,-0.66238289
432.6,668.5578742,14.45926425,2.398037057,716.8642592,14.96013704,0.824546093,16.8,31.506384999999977,-0.500872789999999
432.70000000000005,670.0165493,14.7035851,2.399505145,718.3637628,15.04415548,0.851430428,16.8,31.547213500000066,-0.34057038000000084
432.8,671.5009034,14.94664947,2.373687101,719.871864,15.13079301,0.876966217,16.8,31.57096059999999,-0.1841435399999991
432.90000000000003,673.0099689,15.1856508,2.324480945,721.388783,15.21991091,0.901346109,16.8,31.5788141,-0.034260109999999955
433.0,674.5427781,15.41778249,2.256564299,722.9147401,15.31137047,0.924801283,16.8,31.571962000000052,0.1064120200000005
433.1,676.0983635,15.64070575,2.174614785,724.4499556,15.40505611,0.947562919,16.8,31.551592099999947,0.2356496400000001
433.20000000000005,677.6757574,15.85395282,2.083310026,725.9946498,15.5009447,0.969862196,16.8,31.518892400000095,0.35300812000000015
433.3,679.2739922,16.05752368,1.987327645,727.549043,15.59903625,0.991930294,16.8,31.47505080000003,0.4584874299999999
433.40000000000003,680.8921002,16.25141834,1.89056566,729.1133556,15.69933076,1.013959862,16.8,31.421255400000017,0.5520875800000002
433.5,682.5291139,16.43563681,1.793803674,730.6878077,15.80182823,1.035989429,16.8,31.358693800000037,0.6338085799999984
433.6,684.1840657,16.61017908,1.697041689,732.2726198,15.90652865,1.058018997,16.8,31.28855410000001,0.7036504300000015
433.70000000000005,685.8559878,16.77504515,1.600279704,733.868012,16.01343203,1.080048565,16.8,31.21202420000004,0.7616131199999998
433.8,687.5439128,16.93023502,1.503517719,735.4742047,16.12253836,1.102078132,16.8,31.13029189999993,0.8076966600000013
433.90000000000003,689.2468729,17.07574869,1.406755734,737.0914182,16.23384765,1.1241077,16.8,31.04454530000005,0.8419010399999998
434.0,690.9639006,17.21158617,1.309993749,738.7198727,16.3473599,1.145708534,16.8,30.955972100000007,0.8642262699999996
434.1,692.6940283,17.33774744,1.213416883,740.3597887,16.46307511,1.162112849,16.8,30.865760399999953,0.8746723300000028
434.20000000000005,694.4362882,17.45423252,1.117950737,742.0113863,16.58099327,1.178620595,16.8,30.77509809999999,0.873239250000001
434.3,696.1897129,17.5610414,1.024706029,743.6748858,16.70085715,1.184787018,16.8,30.68517289999995,0.8601842499999997
434.40000000000003,697.9533346,17.65828515,0.934793479,745.3505077,16.81980607,1.180663834,16.8,30.59717310000003,0.8384790800000026
434.5,699.7261858,17.74651914,0.849323806,747.0384721,16.94102001,1.163678641,16.8,30.51228629999998,0.8054991300000012
434.6,701.5072988,17.82640978,0.769407728,748.7389993,17.05823211,1.13168777,16.8,30.4317005000001,0.76817767
434.70000000000005,703.2957061,17.89862353,0.695970846,750.4521039,17.17147341,1.086886606,16.8,30.356397800000035,0.7271501199999975
434.8,705.0905288,17.9638268,0.629198279,752.1769772,17.27920045,1.021831529,16.8,30.286448399999994,0.6846263499999985
434.90000000000003,706.8912436,18.02268604,0.568904907,753.9126047,17.37986981,0.946538561,16.8,30.22136109999992,0.6428162300000011
435.0,708.6974161,18.07586766,0.514165131,755.657972,17.47193803,0.860955986,16.8,30.160555899999917,0.6039296299999997
435.1,710.5086117,18.1240381,0.463868231,757.4120646,17.55411893,0.767656205,16.8,30.103452900000047,0.5699191699999986
435.20000000000005,712.324396,18.16775273,0.41690349,759.173868,17.62615525,0.669211621,16.8,30.04947199999999,0.5415974800000001
435.3,714.1443346,18.20712261,0.372160186,760.9423679,17.688047,0.568194634,16.8,29.998033300000042,0.519075609999998
435.40000000000003,715.9679929,18.24214774,0.328527602,762.7165497,17.73979418,0.466748914,16.8,29.94855679999996,0.5023535599999995
435.5,717.7949365,18.27282813,0.285080138,764.495399,17.78139678,0.365303194,16.8,29.90046250000007,0.49143134999999916
435.6,719.6247309,18.29916377,0.241632673,766.2779014,17.81285481,0.263857474,16.8,29.853170499999987,0.4863089599999988
435.70000000000005,721.4569417,18.32115466,0.198185209,768.0630423,17.83416828,0.162411754,16.8,29.80610059999999,0.48698638000000116
435.8,723.2911342,18.33880081,0.154737745,769.8498073,17.84533717,0.060966034,16.8,29.758673099999964,0.4934636399999981
435.90000000000003,725.1268742,18.35210221,0.11129028,771.637182,17.84636148,-0.040479686,16.8,29.710307800000077,0.505740730000003
436.0,726.9637271,18.36105887,0.067842816,773.4241519,17.83724123,-0.141935154,16.8,29.66042479999994,0.5238176400000008
436.1,728.8012583,18.36567078,0.024061255,775.2097025,17.8179764,-0.243449114,16.8,29.608444200000076,0.5476943799999994
436.20000000000005,730.6390336,18.36593794,-0.021724886,776.9928195,17.788567,-0.345080056,16.8,29.553785900000047,0.577370939999998
436.3,732.4766183,18.36186035,-0.071520188,778.7724882,17.74900718,-0.446886471,16.8,29.495869899999956,0.6128531700000011
436.40000000000003,734.313578,18.35323756,-0.127329229,780.5476943,17.6992677,-0.548926851,16.8,29.43411629999998,0.6539698600000001
436.5,736.1494783,18.33906728,-0.191156592,782.3174234,17.63931345,-0.651259687,16.8,29.367945099999996,0.6997538299999988
436.6,737.9838846,18.31814675,-0.265006855,784.0806609,17.56910935,-0.75393372,16.8,29.296776299999987,0.7490373999999989
436.70000000000005,739.8163625,18.28927324,-0.350550502,785.8363877,17.48862029,-0.856958701,16.8,29.220025200000077,0.8006529499999999
436.8,741.6463171,18.25124398,-0.448121629,787.583566,17.39781119,-0.96032488,16.8,29.137248899999985,0.8534327900000029
436.90000000000003,743.4725122,18.20285624,-0.557386141,789.3211533,17.29664695,-1.063983515,16.8,29.048641100000008,0.9062092899999996
437.0,745.293551,18.14290726,-0.676673553,791.0481069,17.18509248,-1.167876115,16.8,28.954555900000013,0.9578147799999996
437.1,747.1080369,18.0701943,-0.803979286,792.7633844,17.06311852,-1.271944187,16.8,28.855347499999947,1.007075780000001
437.20000000000005,748.9145732,17.98371507,-0.937298759,794.4659433,16.93071924,-1.376129242,16.8,28.7513701000001,1.0529958300000004
437.3,750.7117633,17.88326911,-1.074627393,796.154741,16.78789462,-1.480372789,16.8,28.642977699999914,1.095374490000001
437.40000000000003,752.4982104,17.76885641,-1.213960606,797.8287349,16.63464468,-1.584626083,16.8,28.530524500000023,1.1342117300000005
437.5,754.2725179,17.64047698,-1.353627917,799.4868826,16.47096941,-1.688879378,16.8,28.41436469999992,1.1695075700000004
437.6,756.0332892,17.49813083,-1.493295227,801.1281414,16.2968688,-1.793132673,16.8,28.29485219999999,1.2012620300000023
437.70000000000005,757.7791275,17.34181794,-1.632962537,802.751469,16.11234287,-1.897385968,16.8,28.172341500000083,1.2294750699999994
437.8,759.5086361,17.17153832,-1.772629847,804.3558227,15.91739161,-2.001639263,16.8,28.047186599999986,1.2541467100000006
437.90000000000003,761.2204185,16.98729197,-1.912297158,805.94016,15.71201502,-2.105892557,16.8,27.91974149999994,1.2752769500000003
438.0,762.9130779,16.78907889,-2.051964468,807.5034383,15.4962131,-2.209733422,16.8,27.790360400000008,1.2928657899999987
438.1,764.5852176,16.57689908,-2.190851994,809.0446153,15.26998585,-2.311099708,16.8,27.659397700000067,1.306913230000001
438.20000000000005,766.2354411,16.35075253,-2.325060819,810.5626482,15.03333327,-2.407516836,16.8,27.52720710000001,1.3174192600000012
438.3,767.8623515,16.11063926,-2.449912241,812.0564946,14.78650282,-2.496510228,16.8,27.394143099999905,1.3241364399999984
438.40000000000003,769.4645523,15.85702712,-2.560727557,813.5251119,14.53073178,-2.575605303,16.8,27.26055959999992,1.3262953399999997
438.5,771.0406467,15.59225548,-2.652828066,814.9674577,14.26750492,-2.644304906,16.8,27.12681099999993,1.32475056
438.6,772.5892381,15.31913154,-2.721535066,816.3824893,13.99830696,-2.695969386,16.8,26.993251199999985,1.32082458
438.70000000000005,774.1089299,15.04046254,-2.76294964,817.7693622,13.72462267,-2.732054285,16.8,26.860432300000024,1.3158398699999996
438.8,775.5986996,14.75905569,-2.776292003,819.1280238,13.44675033,-2.755058904,16.8,26.72932420000002,1.3123053599999999
438.90000000000003,777.059022,14.47771822,-2.762341939,820.4586192,13.16892119,-2.765690629,16.8,26.599597200000016,1.3087970299999991
439.0,778.4907463,14.19925734,-2.724998367,821.7612937,12.89149921,-2.766424038,16.8,26.470547400000054,1.3077581300000016
439.1,779.8947215,13.92648028,-2.668939988,823.0361927,12.61446957,-2.757756289,16.8,26.34147120000007,1.3120107099999991
439.20000000000005,781.2717968,13.66172638,-2.598845503,824.2834613,12.33889258,-2.74673946,16.8,26.21166450000005,1.3228337999999997
439.3,782.6228213,13.40546352,-2.519393615,825.5032449,12.06476824,-2.733980161,16.8,26.08042359999997,1.3406952800000003
439.40000000000003,783.948644,13.1576917,-2.435263025,826.6956887,11.79209655,-2.719453667,16.8,25.94704470000006,1.3655951500000008
439.5,785.2501141,12.91841092,-2.350352651,827.8609379,11.52087751,-2.704927172,16.8,25.810823799999934,1.3975334099999994
439.6,786.5280807,12.68762117,-2.265442278,828.9991378,11.25111112,-2.690400678,16.8,25.67105709999994,1.4365100500000008
439.70000000000005,787.7833928,12.46532246,-2.180531904,830.1104338,10.98279737,-2.675874184,16.8,25.527041000000008,1.4825250899999993
439.8,789.0168997,12.25151479,-2.095621531,831.194971,10.71593628,-2.66134769,16.8,25.378071300000055,1.5355785100000006
439.90000000000003,790.2294503,12.04619816,-2.010711157,832.2528947,10.45052784,-2.646821196,16.8,25.223444399999902,1.59567032
440.0,791.4218938,11.84937256,-1.925800784,833.2843502,10.18657204,-2.632294701,16.8,25.062456399999927,1.6628005200000011
440.1,792.5950793,11.661038,-1.84089041,834.2894828,9.924068896,-2.617010116,16.8,24.89440350000002,1.736969104
440.20000000000005,793.7498559,11.48119448,-1.756025203,835.2684377,9.6630184,-2.597176984,16.8,24.718581800000106,1.8181760799999989
440.3,794.8870726,11.30984199,-1.671430992,836.2213602,9.403420553,-2.568246759,16.8,24.534287600000038,1.9064214370000006
440.40000000000003,796.0075787,11.14698054,-1.587378774,837.1483955,9.145730211,-2.525670894,16.8,24.340816800000038,2.0012503289999994
440.5,797.1122232,10.99258303,-1.504139545,838.0496889,8.892221646,-2.464900842,16.8,24.13746569999996,2.100361384000001
440.6,798.2018552,10.84651396,-1.421984301,838.9253857,8.645623986,-2.381388058,16.8,23.923530500000037,2.200889973999999
440.70000000000005,799.2773239,10.70861073,-1.34118404,839.7756312,8.40866636,-2.271342084,16.8,23.698307299999964,2.2999443700000004
440.8,800.3394782,10.57871075,-1.261964592,840.6009344,8.184077895,-2.134004831,16.8,23.461456199999997,2.394632855000001
440.90000000000003,801.3891457,10.45665141,-1.184371122,841.4032601,7.974587719,-1.97013439,16.8,23.21411440000004,2.4820636909999996
441.0,802.427067,10.34227012,-1.108358464,842.1849369,7.78292496,-1.783521215,16.8,22.95786990000006,2.5593451600000003
441.1,803.4539612,10.23540428,-1.033700788,842.9482932,7.611818747,-1.578713854,16.8,22.694331999999985,2.623585532999999
441.20000000000005,804.4705473,10.13589129,-0.960127099,843.6956578,7.463543352,-1.360260853,16.8,22.425110500000027,2.6723479379999997
441.3,805.4775444,10.04359566,-0.887366398,844.4293591,7.338553631,-1.132710758,16.8,22.1518147,2.7050420289999995
441.40000000000003,806.4756713,9.958490276,-0.81514769,845.1517257,7.236849582,-0.900612117,16.8,21.876054399999997,2.7216406939999995
441.5,807.4656473,9.880575151,-0.743199979,845.8650862,7.158431207,-0.667755385,16.8,21.59943889999995,2.722143944000001
441.6,808.4481912,9.80985028,-0.671297434,846.5717691,7.103298505,-0.434898653,16.8,21.323577899999986,2.7065517749999994
441.70000000000005,809.4240222,9.746315664,-0.599394888,847.274103,7.071451477,-0.202041921,16.8,21.0500808,2.6748641870000007
441.8,810.3938592,9.689971303,-0.527492343,847.9744165,7.062890121,0.030814811,16.8,20.78055730000001,2.6270811820000004
441.90000000000003,811.3584213,9.640817196,-0.455589798,848.6750382,7.077614439,0.263671543,16.8,20.516616899999985,2.563202757
442.0,812.3184276,9.598853343,-0.383687253,849.3782966,7.11562443,0.496528275,16.8,20.259869000000048,2.4832289130000005
442.1,813.2745969,9.564079745,-0.311784708,850.0865203,7.176920094,0.728419184,16.8,20.011923399999954,2.387159651000001
442.20000000000005,814.2276484,9.536496402,-0.240001835,850.8020378,7.261501431,0.954515154,16.8,19.774389399999972,2.274994970999999
442.3,815.178301,9.516103313,-0.168936999,851.5271777,7.369368441,1.169021248,16.8,19.548876700000005,2.1467348720000006
442.40000000000003,816.1272739,9.502900478,-0.099308237,852.2642686,7.499941631,1.366142526,16.8,19.33699470000006,2.0029588470000004
442.5,817.075286,9.496816095,-0.031833585,853.0156391,7.650323531,1.54008405,16.8,19.140353100000038,1.846492564
442.6,818.0230564,9.497491143,0.032768919,853.7836177,7.817037178,1.692424402,16.8,18.960561300000062,1.6804539649999999
442.70000000000005,818.971304,9.504494803,0.09378124,854.570533,7.996605609,1.796213905,16.8,18.799228999999922,1.5078891939999997
442.8,819.9207479,9.51739625,0.150605014,855.3782499,8.185551861,1.872607298,16.8,18.657501999999976,1.3318443889999987
442.90000000000003,820.8720498,9.535764664,0.203120566,856.2067791,8.384823082,1.915196883,16.8,18.534729299999935,1.1509415819999997
443.0,821.8256413,9.559169223,0.251447571,857.0556675,8.577669974,1.928811775,16.8,18.430026199999997,0.9814992489999987
443.1,822.7818969,9.587179103,0.296184392,857.9244622,8.77388791,1.919246914,16.8,18.3425653,0.8132911930000013
443.20000000000005,823.7411909,9.619363483,0.338049066,858.8127101,8.966155308,1.884923717,16.8,18.27151920000001,0.6532081750000014
443.3,824.7038977,9.655363346,0.37775963,859.7199583,9.153892674,1.853757683,16.8,18.21606060000006,0.501470672
443.40000000000003,825.6703917,9.695106886,0.41603412,860.6457537,9.337100009,1.809423191,16.8,18.175362000000018,0.35800687699999933
443.5,826.6410473,9.738594104,0.453590574,861.5896433,9.515777313,1.764122876,16.8,18.148596000000065,0.2228167910000014
443.6,827.6162387,9.785825001,0.491027354,862.5511741,9.689924584,1.71882256,16.8,18.13493539999997,0.0959004169999993
443.70000000000005,828.5963404,9.836799575,0.528464135,863.5298932,9.859541825,1.673522245,16.8,18.133552799999915,-0.022742250000000297
443.8,829.5817268,9.891517828,0.565900916,864.5253475,10.02462903,1.628221929,16.8,18.143620699999996,-0.13311120200000026
443.90000000000003,830.5727722,9.949979758,0.603337696,865.537084,10.18518621,1.582921614,16.8,18.164311800000018,-0.2352064519999999
444.0,831.5698509,10.01218537,0.640774477,866.5646498,10.34121336,1.537621299,16.8,18.194798899999977,-0.32902799000000016
444.1,832.5733374,10.07813465,0.678211258,867.6075917,10.49271047,1.492612831,16.8,18.23425429999993,-0.4145758199999996
444.20000000000005,833.583606,10.14782762,0.715648038,868.6654569,10.63967755,1.449355452,16.8,18.28185089999995,-0.49184993000000077
444.3,834.6010311,10.22126426,0.752917644,869.7377923,10.7821146,1.409600249,16.8,18.336761200000023,-0.56085034
444.40000000000003,835.625987,10.29844458,0.789184198,870.8241448,10.92019673,1.37509831,16.8,18.39815779999999,-0.6217521500000007
444.5,836.6588482,10.37936858,0.823444651,871.9240616,11.05479948,1.347600724,16.8,18.465213399999993,-0.6754309000000003
444.6,837.6999889,10.46393595,0.854695951,873.0370896,11.18697351,1.328858578,16.8,18.53710069999995,-0.7230375599999999
444.70000000000005,838.7497836,10.55164517,0.881935047,874.1627757,11.31776946,1.320331112,16.8,18.612992099999996,-0.7661242899999987
444.8,839.8086066,10.64189441,0.904945379,875.3008072,11.44823799,1.322310175,16.8,18.692200600000046,-0.8063435800000001
444.90000000000003,840.8768323,10.73408183,0.920531601,876.4514313,11.57942975,1.334503919,16.8,18.77459899999992,-0.84534792
445.0,841.9547548,10.82760561,0.930886007,877.6150357,11.7123954,1.355453103,16.8,18.860280899999974,-0.8847897899999992
445.1,843.0423472,10.92233581,0.935389282,878.7920078,11.84818559,1.38340664,16.8,18.94966059999997,-0.9258497800000001
445.20000000000005,844.1395025,11.01625491,0.934877303,879.9827352,11.98767586,1.416613441,16.8,19.04323269999993,-0.9714209499999988
445.3,845.2461136,11.11017678,0.930353121,881.1876054,12.13104132,1.453322418,16.8,19.141491800000107,-1.0208645399999998
445.40000000000003,846.3620734,11.20312798,0.922033295,882.4070059,12.27828197,1.491782483,16.8,19.24493249999996,-1.0751539900000004
445.5,847.4872747,11.29500821,0.913280348,883.6413242,12.42939781,1.530534396,16.8,19.35404950000004,-1.1343895999999987
445.6,848.6216105,11.38581748,0.90273786,884.8909478,12.58438885,1.56928631,16.8,19.469337300000074,-1.1985713699999998
445.70000000000005,849.7649737,11.47555579,0.892028196,886.1562644,12.74325508,1.608038223,16.8,19.591290700000012,-1.2676992900000013
445.8,850.9172571,11.56422312,0.881318533,887.4376613,12.90599649,1.646790136,16.8,19.720404199999916,-1.3417733700000003
445.90000000000003,852.0783538,11.65181949,0.87060887,888.7355261,13.0726131,1.685542049,16.8,19.85717230000007,-1.4207936100000005
446.0,853.2481565,11.7383449,0.859899207,890.0502463,13.2431049,1.724293962,16.8,20.002089799999975,-1.504760000000001
446.1,854.4265583,11.82379933,0.849189543,891.3822095,13.4174719,1.762613952,16.8,20.155651200000033,-1.5936725700000007
446.20000000000005,855.6134519,11.9081828,0.83847988,892.7318031,13.59571408,1.798342402,16.8,20.318351200000006,-1.68753128
446.3,856.8087303,11.99149531,0.828209043,894.0994147,13.77783145,1.826768551,16.8,20.49068440000003,-1.7863361400000013
446.40000000000003,858.0122864,12.07373685,0.820630441,895.4854318,13.96356487,1.851658518,16.8,20.67314540000002,-1.8898280200000013
446.5,859.2240132,12.15490742,0.813922716,896.8902419,14.15161854,1.864063104,16.8,20.866228700000033,-1.9967111199999987
446.6,860.4438034,12.23527032,0.813589258,898.3142325,14.33916604,1.863509988,16.8,21.070429100000023,-2.1038957200000006
446.70000000000005,861.67155,12.3161776,0.819986313,899.7577912,14.52846701,1.847839553,16.8,21.286241200000017,-2.2122894100000003
446.8,862.907146,12.39653643,0.834796507,901.2210982,14.71415194,1.816619876,16.8,21.513952200000016,-2.3176155100000013
446.90000000000003,864.1504842,12.47964886,0.859263642,902.7035043,14.89593745,1.7724021,16.8,21.75302009999991,-2.4162885900000006
447.0,865.4015921,12.56572864,0.892816939,904.2041531,15.0722686,1.710988182,16.8,22.002560999999968,-2.5065399599999996
447.1,866.6610357,12.65578532,0.938679945,905.7221883,15.24159047,1.641327323,16.8,22.261152600000013,-2.5858051500000006
447.20000000000005,867.9295156,12.75082851,0.991629706,907.2567533,15.40260729,1.563891843,16.8,22.527237700000068,-2.651778780000001
447.3,869.2077322,12.85186776,1.05130998,908.8069918,15.55505992,1.481273281,16.8,22.79925959999998,-2.7031921600000004
447.40000000000003,870.4963863,12.9597444,1.116038137,910.3720474,15.69894834,1.39606318,16.8,23.0756611,-2.7392039399999994
447.5,871.7961783,13.07462669,1.18413155,911.9510636,15.83427255,1.310421155,16.8,23.354885300000046,-2.759645859999999
447.6,873.1078088,13.19651462,1.253907592,913.543184,15.96103257,1.22477913,16.8,23.635375199999952,-2.76451795
447.70000000000005,874.4319784,13.32540821,1.323964071,915.1475522,16.07922838,1.139137105,16.8,23.9155737999999,-2.753820169999999
447.8,875.7693876,13.46130744,1.39402055,916.7633118,16.18885999,1.05349508,16.8,24.193924200000037,-2.7275525500000004
447.90000000000003,877.1207371,13.60421232,1.464077029,918.3896063,16.28992739,0.967853055,16.8,24.468869199999926,-2.6857150699999988
448.0,878.4867273,13.75412284,1.534133508,920.0255794,16.3824306,0.88221103,16.8,24.738852099999985,-2.6283077599999984
448.1,879.8680588,13.91103902,1.604189988,921.6703745,16.4663696,0.796844411,16.8,25.002315700000008,-2.5553305799999997
448.20000000000005,881.2654323,14.07496084,1.674246467,923.3231354,16.5417444,0.713130228,16.8,25.25770309999991,-2.4667835599999997
448.3,882.6795482,14.24588831,1.743774031,924.9830055,16.608555,0.632720917,16.8,25.50345729999999,-2.3626666899999993
448.40000000000003,884.1111071,14.42382143,1.810128107,926.6491285,16.66696663,0.557268915,16.8,25.738021399999933,-2.2431452000000007
448.5,885.5608096,14.6087602,1.870135205,928.3206479,16.71780553,0.488426656,16.8,25.95983830000007,-2.109045329999999
448.6,887.0293563,14.80038726,1.920621838,929.9967073,16.76206315,0.427846577,16.8,26.167351000000007,-1.9616758899999986
448.70000000000005,888.5174477,14.99711588,1.958414515,931.6764503,16.80073095,0.376905709,16.8,26.359002600000007,-1.8036150699999975
448.8,890.0257844,15.19704196,1.980339749,933.3591527,16.83480039,0.335879457,16.8,26.53336829999996,-1.6377584300000017
448.90000000000003,891.555067,15.39826141,1.983752965,935.044619,16.86526294,0.304492415,16.8,26.689552000000003,-1.467001530000001
449.0,893.1057421,15.59887014,1.968125249,936.7327859,16.89311006,0.281367553,16.8,26.82704379999991,-1.2942399200000008
449.1,894.6772409,15.79696405,1.933985515,938.4235903,16.91933321,0.264852436,16.8,26.946349399999985,-1.1223691600000016
449.20000000000005,896.2687407,15.99063904,1.883978338,940.1169688,16.9447586,0.253294626,16.8,27.048228100000028,-0.9541195600000005
449.3,897.8794187,16.17799103,1.821277206,941.8128583,16.96955148,0.245041689,16.8,27.13343960000004,-0.7915604499999986
449.40000000000003,899.5084524,16.35743327,1.749055608,943.5111954,16.99371185,0.238441187,16.8,27.20274300000001,-0.636278579999999
449.5,901.155019,16.52864842,1.670487032,945.2119169,17.01723972,0.232116092,16.8,27.256897899999966,-0.4885912999999995
449.6,902.8182956,16.69163646,1.588744968,946.9149596,17.04013507,0.225790996,16.8,27.296663999999918,-0.34849861000000004
449.70000000000005,904.4974598,16.84639741,1.506473989,948.6202602,17.06239792,0.219465901,16.8,27.32280039999996,-0.2160005099999971
449.8,906.1916887,16.99293126,1.42420301,950.3277554,17.08402825,0.213140805,16.8,27.336066700000014,-0.09109699000000049
449.90000000000003,907.9001596,17.13123801,1.341932031,952.0373821,17.10502608,0.20681571,16.8,27.337222499999893,0.026211930000002326
450.0,909.6220498,17.26131767,1.259661052,953.7490769,17.1253914,0.200490614,16.8,27.327027099999963,0.1359262699999988
450.1,911.3565367,17.38317022,1.177390073,955.4627766,17.1451242,0.19422341,16.8,27.30623989999999,0.23804601999999875
450.20000000000005,913.1027974,17.49679568,1.095119094,957.178418,17.1642245,0.188303554,16.8,27.27562059999998,0.3325711800000022
450.3,914.8600094,17.60219404,1.012848115,958.8959377,17.18269229,0.183078395,16.8,27.235928300000023,0.419501750000002
450.40000000000003,916.6273498,17.6993653,0.930619165,960.6152727,17.2005623,0.178895281,16.8,27.187922899999943,0.4988029999999988
450.5,918.403996,17.78830947,0.848642392,962.3363595,17.21800821,0.176101559,16.8,27.13236349999995,0.5703012600000008
450.6,920.1891252,17.86902654,0.767169974,964.059135,17.23523843,0.175044579,16.8,27.070009799999934,0.6337881100000011
450.70000000000005,921.9819148,17.94154172,0.686454086,965.7835359,17.25246137,0.176013797,16.8,27.00162109999992,0.6890803500000011
450.8,923.7815421,18.00598112,0.606746906,967.5095267,17.26988543,0.179067104,16.8,26.927984600000013,0.7360956900000026
450.90000000000003,925.5871843,18.06249603,0.52830061,969.2371832,17.28771903,0.184146609,16.8,26.849998900000013,0.7747769999999967
451.0,927.3980187,18.11123776,0.451325347,970.9666087,17.30617058,0.190962856,16.8,26.768590000000085,0.8050671800000018
451.1,929.2132427,18.15235761,0.375863145,972.6979068,17.32544847,0.199168496,16.8,26.68466410000003,0.8269091399999979
451.20000000000005,931.0321347,18.1860069,0.301871976,974.431181,17.3457264,0.208416181,16.8,26.59904630000001,0.8402804999999987
451.3,932.8539928,18.21233693,0.229141691,976.1665347,17.36703908,0.218358562,16.8,26.51254190000004,0.8452978499999979
451.40000000000003,934.6781154,18.231499,0.157420114,977.9040715,17.38938653,0.228648291,16.8,26.42595609999996,0.84211247
451.5,936.5038009,18.24361921,0.086455068,979.6438947,17.41276874,0.238995912,16.8,26.340093800000044,0.8308504699999979
451.6,938.3303476,18.24872277,0.015994376,981.3861078,17.43718571,0.249343532,16.8,26.255760200000008,0.8115370599999991
451.70000000000005,940.1570538,18.24680968,-0.05421414,983.1308144,17.46263745,0.259691153,16.8,26.17376059999999,0.7841722299999994
451.8,941.9832179,18.23787994,-0.124380626,984.8781179,17.48912395,0.270038774,16.8,26.094900000000006,0.7487559899999994
451.90000000000003,943.8081381,18.22193356,-0.194547111,986.6281218,17.5166452,0.280386395,16.8,26.01998370000008,0.7052883600000008
452.0,945.6311129,18.19897052,-0.264713597,988.3809296,17.54520122,0.290734015,16.8,25.949816699999996,0.6537693000000004
452.1,947.4514405,18.16899084,-0.334880083,990.1366447,17.57479201,0.301081636,16.8,25.885204200000043,0.5941988299999998
452.20000000000005,949.2684194,18.1319945,-0.405046569,991.8953706,17.60541755,0.311332571,16.8,25.826951200000007,0.5265769500000026
452.3,951.0813478,18.08798152,-0.475213055,993.6572108,17.63707786,0.321003394,16.8,25.775863000000026,0.45090365999999804
452.40000000000003,952.889524,18.03695189,-0.544928521,995.4222688,17.66977293,0.32951399,16.8,25.73274479999993,0.3671789600000004
452.5,954.6922465,17.97890561,-0.611937873,997.190648,17.70344475,0.336284249,16.8,25.6984015,0.2754608600000026
452.6,956.4888135,17.91384269,-0.673534993,998.962452,17.73780326,0.340734055,16.8,25.673638499999992,0.17603942999999944
452.70000000000005,958.2785233,17.84203372,-0.727013768,1000.737784,17.7725004,0.342283298,16.8,25.659260700000072,0.06953332000000145
452.8,960.0606744,17.76483178,-0.769668082,1002.516748,17.8071881,0.340448549,16.8,25.656073599999967,-0.04235631999999967
452.90000000000003,961.834565,17.68386053,-0.79879182,1004.299401,17.84151829,0.335133123,16.8,25.66483599999999,-0.15765775999999931
453.0,963.5994935,17.60074363,-0.812129885,1006.085613,17.87514291,0.326433706,16.8,25.686119499999972,-0.2743992800000008
453.1,965.3549747,17.51710477,-0.809231258,1007.875211,17.90771388,0.314833724,16.8,25.720236300000078,-0.39060910999999976
453.20000000000005,967.1013894,17.4345676,-0.79054696,1009.668019,17.93888313,0.300913291,16.8,25.76662959999994,-0.5043155299999995
453.3,968.8393349,17.35475579,-0.758332084,1011.463863,17.96836062,0.28525252,16.8,25.824528099999906,-0.6136048299999999
453.40000000000003,970.5694084,17.27929303,-0.715292748,1013.262566,17.99608833,0.268431523,16.8,25.89315759999995,-0.7167952999999976
453.5,972.2922071,17.20953235,-0.664135066,1015.063955,18.02206627,0.251030413,16.8,25.971747899999922,-0.8125339199999999
453.6,974.0083285,17.14574438,-0.607565153,1016.867854,18.04629442,0.233532617,16.8,26.059525500000017,-0.9005500399999988
453.70000000000005,975.7183697,17.08792912,-0.548289125,1018.674089,18.06877279,0.216034822,16.8,26.15571929999994,-0.9808436700000023
453.8,977.422928,17.03608656,-0.488562078,1020.482484,18.08950138,0.198537026,16.8,26.259556000000043,-1.0534148200000004
453.90000000000003,979.1226006,16.9902167,-0.428835031,1022.292864,18.10848019,0.181039231,16.8,26.370263399999953,-1.1182634900000004
454.0,980.8179849,16.95031955,-0.369107984,1024.105055,18.12570923,0.163541435,16.8,26.487070099999936,-1.1753896799999985
454.1,982.5096782,16.9163951,-0.309380936,1025.918881,18.14118848,0.14604364,16.8,26.609202800000002,-1.2247933800000013
454.20000000000005,984.1982776,16.88844336,-0.249653889,1027.734167,18.15491796,0.128805551,16.8,26.735889400000087,-1.2664745999999987
454.3,985.8843805,16.86646433,-0.189926842,1029.550739,18.16689765,0.113558884,16.8,26.8663585,-1.3004333199999998
454.40000000000003,987.5685841,16.85045799,-0.130456585,1031.368422,18.17712757,0.100841001,16.8,26.999837900000056,-1.3266695800000008
454.5,989.2514857,16.84042437,-0.072527066,1033.18704,18.18576353,0.092673689,16.8,27.135554300000035,-1.3453391599999982
454.6,990.9336826,16.83636344,-0.017679025,1035.006418,18.19384456,0.091018004,16.8,27.27273539999994,-1.3574811199999992
454.70000000000005,992.6157721,16.83812115,0.032546799,1036.826382,18.20169308,0.097153521,16.8,27.410609900000008,-1.363571929999999
454.8,994.2983513,16.84492712,0.076609667,1038.646757,18.21052217,0.112378774,16.8,27.548405699999943,-1.3655950499999996
454.90000000000003,995.9820177,16.85585691,0.114023546,1040.467492,18.22150845,0.136520288,16.8,27.685474299999964,-1.3656515400000018
455.0,997.6673684,16.86998607,0.140340372,1042.289035,18.23541968,0.170339234,16.8,27.821666600000025,-1.3654336100000002
455.1,999.3548774,16.88639017,0.158467469,1044.11196,18.25319079,0.212073534,16.8,27.95708259999999,-1.366800620000003
455.20000000000005,1001.044526,16.90477757,0.167606923,1045.93684,18.27575673,0.259762128,16.8,28.092314000000055,-1.370979160000001
455.3,1002.736171,16.92232538,0.169042683,1047.764247,18.30389662,0.312125444,16.8,28.228076000000055,-1.3815712399999995
455.40000000000003,1004.429672,16.9400076,0.164315486,1049.594754,18.33776629,0.367605241,16.8,28.365081999999983,-1.3977586899999999
455.5,1006.124884,16.95642106,0.153911369,1051.428935,18.37736573,0.424643278,16.8,28.504050999999958,-1.4209446700000008
455.6,1007.821667,16.97141168,0.142535183,1053.267362,18.42269494,0.481941021,16.8,28.645695,-1.4512832600000003
455.70000000000005,1009.519878,16.98497946,0.128563554,1055.110609,18.47375393,0.539238765,16.8,28.790731000000118,-1.4887744699999992
455.8,1011.219374,16.99712439,0.114335135,1056.959248,18.5305427,0.596536509,16.8,28.93987399999987,-1.5334183100000018
455.90000000000003,1012.920014,17.00784649,0.100106715,1058.813853,18.59306124,0.653834252,16.8,29.09383900000007,-1.5852147500000022
456.0,1014.621655,17.01714574,0.085878296,1060.674996,18.66130955,0.711131996,16.8,29.25334099999993,-1.6441638099999984
456.1,1016.324155,17.02502215,0.071649877,1062.54325,18.73528763,0.76842974,16.8,29.419094999999924,-1.7102654799999968
456.20000000000005,1018.027371,17.03147571,0.057421458,1064.419188,18.8149955,0.824836373,16.8,29.59181700000006,-1.7835197899999997
456.3,1019.731161,17.03650644,0.043193038,1066.303384,18.90043313,0.871897388,16.8,29.772223000000007,-1.8639266899999996
456.40000000000003,1021.435384,17.04011432,0.028964619,1068.19641,18.99160054,0.916262979,16.8,29.961026000000015,-1.9514862199999996
456.5,1023.139896,17.04229936,0.014970267,1070.098839,19.08796306,0.940589623,16.8,30.158942999999976,-2.0456636999999986
456.6,1024.844555,17.04306156,0.003586507,1072.011245,19.18444798,0.943529608,16.8,30.366690000000016,-2.14138642
456.70000000000005,1026.549219,17.04240092,-0.007400839,1073.934199,19.28504542,0.919736269,16.8,30.58498000000004,-2.242644500000001
456.8,1028.253747,17.04045787,-0.012968793,1075.868276,19.37934927,0.864754052,16.8,30.814528999999947,-2.338891399999998
456.90000000000003,1029.957994,17.03865834,-0.012919148,1077.81362,19.4665509,0.7816908,16.8,31.0556259999998,-2.42789256
457.0,1031.66182,17.03567382,-0.005847504,1079.768666,19.5434423,0.659440762,16.8,31.306845999999904,-2.5077684799999993
457.1,1033.365082,17.03451808,0.009416472,1081.73142,19.60681549,0.514456354,16.8,31.56633800000004,-2.5722974099999973
457.20000000000005,1035.06775,17.03531007,0.031900654,1083.699889,19.65346246,0.348085287,16.8,31.83213900000005,-2.6181523899999988
457.3,1036.770243,17.03889241,0.064989554,1085.67208,19.68070988,0.165674225,16.8,32.10183700000012,-2.6418174699999994
457.40000000000003,1038.473094,17.04610776,0.10389426,1087.645998,19.68802308,-0.027430166,16.8,32.37290400000002,-2.641915319999999
457.5,1040.176834,17.05779873,0.148416565,1089.619652,19.67540207,-0.225881222,16.8,32.64281799999999,-2.6176033400000023
457.6,1041.881995,17.07466755,0.197152069,1091.591046,19.64284684,-0.425223389,16.8,32.90905100000005,-2.56817929
457.70000000000005,1043.589108,17.09685464,0.248696373,1093.558188,19.59035739,-0.624565555,16.8,33.16908000000008,-2.493502750000001
457.8,1045.298706,17.12436001,0.301645077,1095.519085,19.51793373,-0.823907722,16.8,33.42037899999987,-2.393573719999999
457.90000000000003,1047.011321,17.15718366,0.354827847,1097.471742,19.42557585,-1.023249889,16.8,33.660421,-2.26839219
458.0,1048.727484,17.19532558,0.408010618,1099.414167,19.31328375,-1.222592056,16.8,33.886682999999906,-2.1179581700000014
458.1,1050.447727,17.23878578,0.461193388,1101.344366,19.18105744,-1.421934223,16.8,34.09663900000005,-1.9422716599999994
458.20000000000005,1052.172582,17.28756426,0.514376158,1103.260345,19.02889691,-1.620026154,16.8,34.287763,-1.7413326500000004
458.3,1053.902581,17.34166101,0.567558929,1105.160112,18.85680216,-1.810616673,16.8,34.457530999999975,-1.5151411500000016
458.40000000000003,1055.638255,17.40107604,0.620741699,1107.041673,18.66477319,-1.986204368,16.8,34.60341799999988,-1.2636971499999987
458.5,1057.380137,17.46580935,0.673304054,1108.903034,18.45356015,-2.139287827,16.8,34.72289699999983,-0.9877508000000006
458.6,1059.128758,17.53586094,0.722143922,1110.742202,18.22691375,-2.262365636,16.8,34.81344399999985,-0.6910528100000022
458.70000000000005,1060.88465,17.6112308,0.76132159,1112.557184,17.98933481,-2.347936385,16.8,34.872534000000044,-0.3781040099999977
458.8,1062.648345,17.69154669,0.793766239,1114.345985,17.74532421,-2.389748896,16.8,34.89763999999987,-0.05377752000000058
458.90000000000003,1064.420375,17.77494736,0.809103713,1116.107214,17.49938278,-2.386552934,16.8,34.886839000000194,0.2755645799999975
459.0,1066.201271,17.857869,0.805828745,1117.841876,17.25601136,-2.339598735,16.8,34.84060500000005,0.6018576400000022
459.1,1067.991565,17.94206909,0.780839263,1119.55158,17.01971082,-2.255137475,16.8,34.760015000000024,0.9223582700000001
459.20000000000005,1069.791492,18.02132316,0.733514851,1121.237932,16.79498198,-2.140670566,16.8,34.64643999999994,1.2263411800000021
459.3,1071.600095,18.09472805,0.666693147,1122.90254,16.58557557,-2.00369942,16.8,34.50244500000004,1.509152480000001
459.40000000000003,1073.416117,18.16005025,0.576824558,1124.547011,16.39224172,-1.85172545,16.8,34.33089400000013,1.76780853
459.5,1075.238305,18.21505628,0.474283237,1126.172952,16.21498044,-1.692250068,16.8,34.134646999999816,2.0000758399999974
459.6,1077.065403,18.25788489,0.360574453,1127.781971,16.05379171,-1.53152445,16.8,33.916568000000055,2.204093180000001
459.70000000000005,1078.896157,18.28816383,0.239420691,1129.375674,15.90867555,-1.370798833,16.8,33.67951699999999,2.3794882799999986
459.8,1080.729311,18.30589311,0.114544442,1130.95567,15.77963194,-1.210073215,16.8,33.426359000000005,2.5262611699999997
459.90000000000003,1082.56361,18.31107272,-0.010952222,1132.523564,15.6666609,-1.049347598,16.8,33.159954000000155,2.6444118199999984
460.0,1084.3978,18.30370266,-0.136448887,1134.080966,15.56976242,-0.88862198,16.8,32.88316600000003,2.733940239999999
460.1,1086.230626,18.28378294,-0.261945551,1135.629481,15.48893651,-0.727896363,16.8,32.598854999999915,2.794846429999998
460.20000000000005,1088.060832,18.25131355,-0.387442215,1137.170717,15.42418315,-0.567881536,16.8,32.30988500000008,2.8271303999999997
460.3,1089.887163,18.2062945,-0.512938879,1138.706281,15.37550236,-0.412131455,16.8,32.01911799999989,2.830792139999998
460.40000000000003,1091.708366,18.14872578,-0.638435543,1140.237781,15.34289413,-0.264910863,16.8,31.72941499999997,2.80583165
460.5,1093.523183,18.07860739,-0.763143306,1141.766824,15.32593198,-0.130484505,16.8,31.443641000000024,2.7526754099999984
460.6,1095.330362,17.99593933,-0.883117661,1143.295016,15.32248355,-0.013117128,16.8,31.16465400000011,2.6734557799999994
460.70000000000005,1097.128646,17.90072161,-0.993625201,1144.823966,15.32998999,0.086740003,16.8,30.895320000000037,2.570731620000002
460.8,1098.916781,17.79342757,-1.089932518,1146.355281,15.34589245,0.154092501,16.8,30.638500000000203,2.4475351199999995
460.90000000000003,1100.693512,17.6764239,-1.167306204,1147.890226,15.36763208,0.199670006,16.8,30.39671399999993,2.3087918199999997
461.0,1102.457583,17.55255066,-1.221012852,1149.428704,15.39493813,0.220369833,16.8,30.17112099999981,2.1576125300000015
461.1,1104.207741,17.42464788,-1.247107955,1150.970273,15.41838748,0.219745935,16.8,29.962531999999964,2.0062603999999986
461.20000000000005,1105.943108,17.29555561,-1.244802612,1152.514495,15.44228556,0.202063058,16.8,29.771386999999958,1.8532700500000008
461.3,1107.664322,17.1681139,-1.214885724,1154.060929,15.46221189,0.167772469,16.8,29.596606999999903,1.7059020100000009
461.40000000000003,1109.372402,17.0451628,-1.161301798,1155.609136,15.47774001,0.132579345,16.8,29.43673400000007,1.5674227900000002
461.5,1111.068364,16.92954233,-1.088784241,1157.158676,15.48886992,0.089307998,16.8,29.29031200000004,1.4406724099999995
461.6,1112.753226,16.82361922,-1.002066461,1158.709109,15.49560161,0.045325861,16.8,29.155882999999857,1.3280176100000016
461.70000000000005,1114.428003,16.7278668,-0.905881866,1160.259996,15.49793509,0.001343724,16.8,29.03199300000001,1.2299317100000007
461.8,1116.093714,16.64228507,-0.804963863,1161.810896,15.49587035,-0.042638414,16.8,28.917181999999865,1.1464147199999992
461.90000000000003,1117.751375,16.56687403,-0.703256959,1163.361369,15.48940741,-0.086620551,16.8,28.809993999999914,1.077466620000001
462.0,1119.402003,16.50163368,-0.601550055,1164.910976,15.47854624,-0.130602688,16.8,28.70897299999997,1.0230874400000012
462.1,1121.046616,16.44656402,-0.499843151,1166.459277,15.46328687,-0.174584826,16.8,28.612660999999843,0.983277150000001
462.20000000000005,1122.68623,16.40166505,-0.398136247,1168.005833,15.44362928,-0.21838938,16.8,28.519602999999915,0.9580357699999986
462.3,1124.321864,16.36693677,-0.296429342,1169.550202,15.41957348,-0.261128439,16.8,28.428337999999894,0.9473632899999984
462.40000000000003,1125.954532,16.34237918,-0.194722438,1171.091946,15.39111946,-0.301736506,16.8,28.337414000000035,0.9512597199999977
462.5,1127.585254,16.32799228,-0.093015534,1172.630625,15.35837378,-0.339148085,16.8,28.24537099999993,0.9696184999999993
462.6,1129.215046,16.32377607,0.007959557,1174.165799,15.32186918,-0.37229768,16.8,28.150753000000076,1.0019068900000008
462.70000000000005,1130.844924,16.32973055,0.104543769,1175.697028,15.28224496,-0.401086357,16.8,28.052104000000053,1.0474855900000009
462.8,1132.475906,16.34585573,0.192346222,1177.223872,15.24014043,-0.421726519,16.8,27.947966000000132,1.1057153
462.90000000000003,1134.10901,16.3717125,0.266976037,1178.745976,15.19619487,-0.436940266,16.8,27.83696600000003,1.1755176300000016
463.0,1135.745251,16.40510544,0.324042334,1180.263328,15.15046764,-0.44593862,16.8,27.718076999999948,1.2546377999999994
463.1,1137.385648,16.44340001,0.359154235,1181.775998,15.10533787,-0.449609495,16.8,27.590350000000125,1.3380621400000017
463.20000000000005,1139.031217,16.48396169,0.368652674,1183.284059,15.05970502,-0.449018385,16.8,27.4528420000001,1.4242566700000001
463.3,1140.682624,16.52415595,0.351805836,1184.787581,15.01468179,-0.444264227,16.8,27.304957000000012,1.5094741600000017
463.40000000000003,1142.33913,16.56134827,0.309345536,1186.286637,14.97037473,-0.439312199,16.8,27.14750699999986,1.5909735400000002
463.5,1143.999644,16.5929041,0.244930839,1187.781298,14.92678384,-0.432328115,16.8,26.981654000000116,1.6661202599999978
463.6,1145.663076,16.61618894,0.162952625,1189.271636,14.88390911,-0.425166447,16.8,26.808559999999897,1.7322798300000013
463.70000000000005,1147.328335,16.62900733,0.067801773,1190.757722,14.84175055,-0.41800478,16.8,26.629387000000133,1.7872567799999999
463.8,1148.99433,16.6309202,-0.036130838,1192.239628,14.80030815,-0.410843112,16.8,26.445298000000047,1.8306120499999992
463.90000000000003,1150.659971,16.62192753,-0.144454328,1193.717425,14.75958192,-0.403681445,16.8,26.257454000000006,1.8623456100000002
464.0,1152.324168,16.60202933,-0.253509631,1195.191186,14.71957186,-0.396519777,16.8,26.067017999999916,1.8824574700000003
464.1,1153.98583,16.5712256,-0.362564934,1196.660982,14.68027797,-0.38935811,16.8,25.875152000000025,1.8909476299999977
464.20000000000005,1155.643866,16.52951634,-0.471620238,1198.126884,14.64170024,-0.382196442,16.8,25.68301800000013,1.8878161000000002
464.3,1157.297186,16.47690155,-0.580675541,1199.588964,14.60383868,-0.37526664,16.8,25.49177800000002,1.87306287
464.40000000000003,1158.944699,16.41338124,-0.689730844,1201.047293,14.56669329,-0.37026033,16.8,25.30259400000018,1.8466879499999997
464.5,1160.585315,16.33895539,-0.798786147,1202.501944,14.53026406,-0.365729336,16.8,25.116629000000056,1.8086913299999985
464.6,1162.217943,16.25362401,-0.907380146,1203.952988,14.49441188,-0.365444045,16.8,24.9350449999999,1.7592121299999999
464.70000000000005,1163.841493,16.1573871,-1.013206318,1205.400496,14.45812177,-0.369619106,16.8,24.759003000000074,1.6992653300000011
464.8,1165.454873,16.05024465,-1.113496836,1206.844541,14.42226264,-0.379369608,16.8,24.589668000000028,1.6279820100000002
464.90000000000003,1167.056994,15.93247347,-1.205483872,1208.285193,14.38457225,-0.395578772,16.8,24.428198999999903,1.54790122
465.0,1168.646765,15.80545744,-1.2863996,1209.722435,14.34492182,-0.417670062,16.8,24.275669999999945,1.46053562
465.1,1170.223096,15.67085728,-1.35624564,1211.155893,14.30264229,-0.448020891,16.8,24.132797000000163,1.3682149900000002
465.20000000000005,1171.784895,15.53033368,-1.404407127,1212.585103,14.25706462,-0.483046722,16.8,24.000207999999883,1.2732690600000005
465.3,1173.331294,15.38554734,-1.4387311,1214.009602,14.20751973,-0.522532905,16.8,23.878308000000015,1.178027610000001
465.40000000000003,1174.862309,15.23649727,-1.456909414,1215.428925,14.15345011,-0.565364353,16.8,23.76661599999984,1.0830471599999996
465.5,1176.378178,15.08982919,-1.461248593,1216.84261,14.09474422,-0.610425977,16.8,23.664431999999987,0.9950849699999988
465.6,1177.87914,14.94221878,-1.454516464,1218.250192,14.03140208,-0.656602688,16.8,23.571051999999963,0.9108166999999998
465.70000000000005,1179.365432,14.79671164,-1.436711406,1219.651209,13.96342368,-0.702965248,16.8,23.485777000000052,0.8332879599999998
465.8,1180.837292,14.65358453,-1.418909589,1221.045195,13.89080903,-0.749327808,16.8,23.407902999999987,0.7627755
465.90000000000003,1182.294959,14.51283746,-1.395570497,1222.431689,13.81355812,-0.795690367,16.8,23.336729999999942,0.6992793400000004
466.0,1183.73867,14.37447043,-1.371770101,1223.810225,13.73167096,-0.842052927,16.8,23.27155499999999,0.6427994699999999
466.1,1185.168663,14.23848344,-1.347969705,1225.180341,13.64514754,-0.888415487,16.8,23.211678000000074,0.5933358999999996
466.20000000000005,1186.585177,14.10487649,-1.324169309,1226.541573,13.55398786,-0.934778047,16.8,23.15639600000004,0.5508886300000011
466.3,1187.988448,13.97364957,-1.300368913,1227.893457,13.45819193,-0.980788203,16.8,23.105008999999836,0.5154576399999993
466.40000000000003,1189.378716,13.8448027,-1.276568517,1229.235529,13.35775974,-1.024683937,16.8,23.0568130000001,0.48704296000000014
466.5,1190.756219,13.71833587,-1.252768121,1230.567327,13.25269129,-1.064350828,16.8,23.011107999999876,0.4656445800000011
466.6,1192.121194,13.59424908,-1.229002543,1231.888386,13.14319803,-1.097674453,16.8,22.967192000000022,0.45105105000000023
466.70000000000005,1193.473879,13.47254233,-1.20544588,1233.198242,13.03033717,-1.122540392,16.8,22.92436300000004,0.4422051600000003
466.8,1194.814512,13.35321561,-1.182307044,1234.496433,12.91537736,-1.136834221,16.8,22.8819210000001,0.43783824999999865
466.90000000000003,1196.143332,13.23624805,-1.159794949,1235.782494,12.79958725,-1.138793924,16.8,22.83916199999994,0.4366608000000003
467.0,1197.460576,13.12153518,-1.13811851,1237.056131,12.6842355,-1.128067095,16.8,22.795555000000103,0.43729968000000063
467.1,1198.766482,13.00895164,-1.117486639,1238.317726,12.57059076,-1.10500614,16.8,22.751243999999996,0.4383608799999994
467.20000000000005,1200.061289,12.89837211,-1.098073432,1239.567831,12.45992168,-1.071373076,16.8,22.70654200000008,0.4384504299999996
467.3,1201.345217,12.78967122,-1.079913707,1240.806996,12.35349692,-1.029282324,16.8,22.661778999999978,0.4361743000000011
467.40000000000003,1202.618422,12.68272363,-1.062972646,1242.035774,12.25237368,-0.980848308,16.8,22.617351999999936,0.4303499500000001
467.5,1203.88104,12.57740399,-1.047076153,1243.254715,12.15676341,-0.928185447,16.8,22.573675000000048,0.4206405800000006
467.6,1205.13321,12.47358695,-1.032015316,1244.46437,12.06666611,-0.873408165,16.8,22.531159999999954,0.40692083999999973
467.70000000000005,1206.375069,12.37116806,-1.01758122,1245.665291,11.98208178,-0.81827848,16.8,22.490222000000085,0.3890862800000008
467.8,1207.606755,12.27012642,-1.003564951,1246.85803,11.90301041,-0.763148794,16.8,22.451275000000077,0.36711601000000016
467.90000000000003,1208.828405,12.17046203,-0.989757596,1248.043137,11.82945202,-0.708019108,16.8,22.414731999999912,0.34101000999999975
468.0,1210.040159,12.0721749,-0.97598506,1249.221164,11.76140659,-0.652889423,16.8,22.38100500000014,0.31076831000000027
468.1,1211.242152,11.97526502,-0.962212524,1250.392662,11.69887413,-0.597759737,16.8,22.35050999999994,0.27639089000000006
468.20000000000005,1212.434523,11.87973239,-0.948439988,1251.558182,11.64185464,-0.542630052,16.8,22.323659000000088,0.2378777499999991
468.3,1213.61741,11.78557702,-0.934667452,1252.718276,11.59034812,-0.487726525,16.8,22.300865999999996,0.19522890000000004
468.40000000000003,1214.79095,11.6927989,-0.920894916,1253.873495,11.54435457,-0.434179956,16.8,22.28254499999998,0.14844433000000024
468.5,1215.955281,11.60139804,-0.90712238,1255.024391,11.50387399,-0.383347299,16.8,22.26910999999991,0.09752404999999875
468.6,1217.110541,11.51137443,-0.893349844,1256.171514,11.46877068,-0.336585512,16.8,22.260972999999876,0.04260374999999961
468.70000000000005,1218.256867,11.42272807,-0.879584617,1257.315416,11.43836616,-0.29525155,16.8,22.258548999999856,-0.015638089999999494
468.8,1219.394398,11.33545897,-0.865863238,1258.456648,11.41184626,-0.259176905,16.8,22.262250000000176,-0.07638729000000133
468.90000000000003,1220.52327,11.24956711,-0.852229557,1259.595761,11.38839682,-0.234068773,16.8,22.272491000000127,-0.13882971000000133
469.0,1221.643622,11.16504813,-0.838727424,1260.733199,11.36720364,-0.215576913,16.8,22.289576999999962,-0.20215550999999898
469.1,1222.755592,11.0818801,-0.825400686,1261.868969,11.34836784,-0.205000632,16.8,22.313377000000127,-0.26648774000000053
469.20000000000005,1223.859317,11.00003669,-0.812293193,1263.002972,11.32832941,-0.201209134,16.8,22.34365500000008,-0.3282927200000003
469.3,1224.954934,10.91949162,-0.799441487,1264.135108,11.30902001,-0.202845462,16.8,22.38017399999985,-0.38952838999999884
469.40000000000003,1226.042579,10.84021855,-0.786852874,1265.265277,11.28884588,-0.210078127,16.8,22.422698000000036,-0.44862733000000077
469.5,1227.122371,10.7621912,-0.774520048,1266.393378,11.26767133,-0.21697377,16.8,22.471007000000053,-0.5054801300000005
469.6,1228.194427,10.68538324,-0.762406467,1267.519311,11.24549636,-0.226751838,16.8,22.52488400000011,-0.5601131200000005
469.70000000000005,1229.258863,10.60976837,-0.750468281,1268.642977,11.22232097,-0.236756064,16.8,22.584113999999953,-0.6125526000000008
469.8,1230.315797,10.53532466,-0.738661643,1269.764275,11.19814515,-0.24676029,16.8,22.648478000000022,-0.6628204899999997
469.90000000000003,1231.365345,10.46204774,-0.726942703,1270.883106,11.17296891,-0.256764517,16.8,22.717761000000063,-0.7109211700000007
470.0,1232.407623,10.38993759,-0.715267612,1271.999369,11.14679225,-0.266768744,16.8,22.79174599999983,-0.7568546600000001
470.1,1233.442749,10.31899421,-0.703599829,1273.112965,11.11961516,-0.27677297,16.8,22.87021599999998,-0.8006209500000008
470.20000000000005,1234.470839,10.24921762,-0.691932046,1274.223793,11.09143765,-0.286777196,16.8,22.952953999999817,-0.84222003
470.3,1235.492009,10.1806078,-0.680264263,1275.331753,11.06225972,-0.296571191,16.8,23.03974399999988,-0.8816519199999995
470.40000000000003,1236.506377,10.11316477,-0.66859648,1276.436745,11.03208137,-0.303450907,16.8,23.130368000000043,-0.9189166000000011
470.5,1237.514059,10.04688851,-0.656928697,1277.538669,11.00090259,-0.311113617,16.8,23.224609999999938,-0.9540140800000003
470.6,1238.515171,9.981779027,-0.645260913,1278.637426,10.96884953,-0.313339267,16.8,23.322254999999995,-0.987070503
470.70000000000005,1239.509831,9.917836325,-0.63322134,1279.732914,10.93754462,-0.310519353,16.8,23.42308299999986,-1.019708295000001
470.8,1240.498155,9.855060401,-0.61895102,1280.825035,10.90476948,-0.301392484,16.8,23.526880000000073,-1.0497090790000012
470.90000000000003,1241.48026,9.793451256,-0.600219211,1281.913687,10.87425616,-0.284907503,16.8,23.633426999999937,-1.080804903999999
471.0,1242.456262,9.733231963,-0.574795165,1282.998872,10.84576976,-0.262507063,16.8,23.742609999999967,-1.1125377969999999
471.1,1243.426278,9.675517896,-0.540448138,1284.080995,10.8200671,-0.229442735,16.8,23.854717000000118,-1.1445492039999987
471.20000000000005,1244.390425,9.621647501,-0.494947385,1285.16056,10.79790503,-0.191724341,16.8,23.97013499999998,-1.1762575290000008
471.3,1245.34882,9.572959226,-0.436433951,1286.238074,10.78004038,-0.148960383,16.8,24.089254000000164,-1.2070811540000008
471.40000000000003,1246.301757,9.530791518,-0.364536046,1287.314041,10.76710384,-0.102412252,16.8,24.212284000000135,-1.2363123220000016
471.5,1247.250246,9.496482825,-0.27962546,1288.388968,10.75922156,-0.053341339,16.8,24.338721999999915,-1.262738735000001
471.6,1248.195473,9.471371592,-0.183561147,1289.463359,10.75639353,-0.003009036,16.8,24.46788600000009,-1.2850219379999999
471.70000000000005,1249.138627,9.456796268,-0.078573853,1290.537719,10.75861975,0.047533499,16.8,24.59909199999988,-1.3018234819999996
471.8,1250.080895,9.453872225,0.033105677,1291.612555,10.76590023,0.098076034,16.8,24.731659999999874,-1.3120280050000002
471.90000000000003,1251.023465,9.462822538,0.149246697,1292.688372,10.77823496,0.148618569,16.8,24.864907000000084,-1.3154124220000014
472.0,1251.967523,9.483647207,0.267618463,1293.765675,10.79562394,0.199161104,16.8,24.998152000000072,-1.3119767329999998
472.1,1252.914257,9.516346231,0.386362019,1294.84497,10.81806718,0.24970364,16.8,25.130713000000195,-1.301720949
472.20000000000005,1253.864855,9.56091961,0.505105575,1295.926762,10.84556467,0.300246175,16.8,25.26190700000002,-1.2846450600000008
472.3,1254.820504,9.617367346,0.623849132,1297.011556,10.87811641,0.350816436,16.8,25.3910519999999,-1.2607490640000005
472.40000000000003,1255.782391,9.685689437,0.742592688,1298.099858,10.91572241,0.401553053,16.8,25.517467000000078,-1.2300329730000001
472.5,1256.751704,9.765885883,0.861336245,1299.192173,10.95838266,0.452622383,16.8,25.640468999999893,-1.1924967770000006
472.6,1257.729631,9.857956686,0.980079801,1300.289007,11.0061138,0.504190782,16.8,25.759376000000156,-1.148157114
472.70000000000005,1258.717358,9.961901844,1.099119726,1301.390865,11.05899901,0.556424605,16.8,25.87350699999997,-1.097097166000001
472.8,1259.716074,10.07772136,1.219937861,1302.498253,11.1171381,0.60949021,16.8,25.98217900000004,-1.03941674
472.90000000000003,1260.726966,10.20541523,1.344312417,1303.611676,11.18063088,0.663526226,16.8,26.08471000000004,-0.9752156500000009
473.0,1261.75122,10.34516127,1.474021603,1304.731653,11.24957717,0.71856038,16.8,26.180432999999947,-0.9044159
473.1,1262.790025,10.4978486,1.610843631,1305.858755,11.32407679,0.774564945,16.8,26.26872999999996,-0.8262281900000001
473.20000000000005,1263.844568,10.66454414,1.75655671,1306.993568,11.40422954,0.831401291,16.8,26.349000000000114,-0.739685399999999
473.3,1264.916037,10.84631481,1.912642683,1308.136678,11.49013524,0.888903063,16.8,26.420641000000114,-0.6438204299999999
473.40000000000003,1266.00576,11.04422754,2.079397917,1309.288669,11.58187706,0.946903902,16.8,26.482909000000017,-0.5376495200000004
473.5,1267.115637,11.25934925,2.256526045,1310.450127,11.67947166,1.005237455,16.8,26.53448999999996,-0.42012241000000117
473.6,1268.24771,11.49274688,2.442545224,1311.621637,11.78291901,1.063737364,16.8,26.573926999999866,-0.2901721300000002
473.70000000000005,1269.404017,11.74548735,2.635677245,1312.803784,11.89221913,1.122264998,16.8,26.599766999999883,-0.14673178000000142
473.8,1270.586602,12.01845976,2.834143896,1313.997154,12.00737201,1.180792633,16.8,26.610551999999824,0.011087750000001506
473.90000000000003,1271.797504,12.31184194,3.036166968,1315.202332,12.12837766,1.239320268,16.8,26.60482800000018,0.1834642800000008
474.0,1273.038766,12.62563388,3.23996825,1316.419903,12.25523606,1.297847902,16.8,26.58113700000008,0.3703978200000009
474.1,1274.312426,12.95983559,3.444065901,1317.650453,12.38794724,1.356375537,16.8,26.53802700000001,0.57188835
474.20000000000005,1275.620528,13.31444706,3.648163551,1318.894566,12.52651117,1.414903172,16.8,26.474038000000018,0.78793589
474.3,1276.965111,13.6894683,3.852261202,1320.152829,12.67092787,1.473430806,16.8,26.38771800000013,1.0185404299999998
474.40000000000003,1278.348217,14.0848993,4.056358852,1321.425826,12.82119733,1.531898161,16.8,26.277608999999938,1.2637019699999996
474.5,1279.771886,14.50074007,4.260456503,1322.714142,12.97731956,1.590003834,16.8,26.142256000000042,1.5234205100000011
474.6,1281.23816,14.9369906,4.464554154,1324.018363,13.13929455,1.647386143,16.8,25.9802029999998,1.797696049999999
474.70000000000005,1282.749079,15.3936509,4.668651804,1325.339075,13.30708613,1.703683408,16.8,25.789996000000155,2.0865647700000007
474.8,1284.306685,15.87072096,4.870757848,1326.676861,13.48051347,1.758533947,16.8,25.5701759999999,2.39020749
474.90000000000003,1285.913018,16.36820079,5.060914249,1328.032309,13.65935956,1.811576078,16.8,25.319290999999975,2.708841229999999
475.0,1287.57012,16.88609039,5.222213064,1329.406002,13.84340738,1.8625084,16.8,25.035881999999855,3.0426830099999993
475.1,1289.280032,17.42319478,5.357579559,1330.798498,14.03243993,1.911270632,16.8,24.718466000000216,3.3907548499999987
475.20000000000005,1291.044793,17.97353915,5.440189184,1332.210236,14.22624019,1.957923055,16.8,24.365442999999868,3.74729896
475.3,1292.866447,18.52697874,5.463050598,1333.64163,14.42459117,2.00276707,16.8,23.97518299999997,4.102387570000001
