t,x_follower,v_follower,a_follower,x_leader,v_leader,a_leader,leader_length,spacing,dv
330.6,56.89629796,25.04670311,-1.057532964,102.4889438,23.84189429,-0.407230652,17.8,27.792645840000002,1.2048088200000002
330.70000000000005,59.43388508,24.94094981,-1.064975598,104.8710446,23.80127621,-0.405130877,17.8,27.63715952,1.1396735999999983
330.8,61.94913072,24.83718121,-1.251177235,107.249094,23.76086812,-0.403031103,17.8,27.49996328,1.0763130899999993
330.90000000000003,64.44263029,24.73539732,-1.362080311,109.6231132,23.72066999,-0.400931328,17.8,27.38048291000001,1.0147273299999995
331.0,66.9149792,24.62071287,-1.516045622,111.993123,23.68068185,-0.398831553,17.8,27.27814379999999,0.9400310199999993
331.1,69.36677286,24.42111449,-1.62693361,114.3591446,23.64090368,-0.396731779,17.8,27.192371739999995,0.7802108099999998
331.20000000000005,71.79860669,24.22945492,-1.755225462,116.7211988,23.60133549,-0.394632004,17.8,27.122592109999996,0.6281194299999981
331.3,74.21107609,24.04573416,-1.842169349,119.0793067,23.56197728,-0.392532229,17.8,27.068230609999997,0.48375687999999784
331.40000000000003,76.60477647,23.86102105,-1.798753984,121.4334893,23.52282905,-0.390432455,17.8,27.02871283,0.33819200000000293
331.5,78.98030324,23.68226205,-1.746242066,123.7837675,23.48389079,-0.38833268,17.8,27.003464259999998,0.19837125999999827
331.6,81.33825182,23.50945715,-1.698278425,126.1301624,23.44516251,-0.386232905,17.8,26.991910580000006,0.06429463999999996
331.70000000000005,83.67921762,23.34260636,-1.638737353,128.472695,23.40664421,-0.384133131,17.8,26.993477379999984,-0.06403784999999829
331.8,86.00379604,23.18170968,-1.579196281,130.8113863,23.36833589,-0.382033356,17.8,27.00759026000001,-0.18662621000000001
331.90000000000003,88.3125825,23.0267671,-1.519655209,133.1462572,23.33023754,-0.379933582,17.8,27.033674700000002,-0.3034704399999981
332.0,90.60617241,22.87777864,-1.460114137,135.4773288,23.29234917,-0.377833807,17.8,27.07115639000001,-0.41457053000000244
332.1,92.88516117,22.73474428,-1.400573065,137.8046221,23.25467078,-0.375734032,17.8,27.119460929999985,-0.5199265000000004
332.20000000000005,95.15014421,22.59766402,-1.341031993,140.128158,23.21720236,-0.373634258,17.8,27.17801379000002,-0.6195383400000019
332.3,97.40171693,22.46653788,-1.281490921,142.4479575,23.17994393,-0.371534483,17.8,27.246240569999994,-0.7134060499999997
332.40000000000003,99.64047473,22.34136584,-1.221949849,144.7640418,23.14289547,-0.369434708,17.8,27.323567070000006,-0.8015296299999974
332.5,101.867013,22.22214791,-1.162408777,147.0764316,23.10605698,-0.367334934,17.8,27.409418600000006,-0.8839090700000014
332.6,104.0819273,22.10888408,-1.102867705,149.3851482,23.06942848,-0.365235159,17.8,27.5032209,-0.9605443999999999
332.70000000000005,106.2858128,22.00157437,-1.043326633,151.6902124,23.03300995,-0.363543674,17.8,27.604399600000004,-1.0314355800000001
332.8,108.4792651,21.90021876,-0.983785561,153.9916452,22.9968014,-0.361910516,17.8,27.712380099999987,-1.0965826399999976
332.90000000000003,110.6628795,21.80481726,-0.924244489,156.2894676,22.96080283,-0.361195843,17.8,27.82658809999999,-1.1559855699999986
333.0,112.8372515,21.71536986,-0.864703417,158.5837008,22.92476926,-0.362193117,17.8,27.94644930000001,-1.2093994000000023
333.1,115.0029764,21.63187657,-0.805162345,160.8743655,22.88891068,-0.365199287,17.8,28.071389100000015,-1.2570341099999993
333.20000000000005,117.1606497,21.55433739,-0.745621273,163.1614829,22.85271097,-0.370716577,17.8,28.200833200000016,-1.2983735799999998
333.3,119.3108668,21.48275232,-0.686080201,165.4450739,22.81569408,-0.378838921,17.8,28.33420710000001,-1.3329417600000006
333.40000000000003,121.4542231,21.41712135,-0.626539129,167.7251194,22.77768183,-0.390418507,17.8,28.470896300000017,-1.3605604800000002
333.5,123.5913141,21.35744449,-0.566998057,170.0014394,22.73837289,-0.405013696,17.8,28.610125300000004,-1.380928400000002
333.6,125.722735,21.30372174,-0.507456985,172.273814,22.69746591,-0.421914731,17.8,28.751078999999987,-1.393744169999998
333.70000000000005,127.8490814,21.25595309,-0.447915913,174.5420229,22.65465957,-0.440824662,17.8,28.892941500000003,-1.3987064800000013
333.8,129.9709486,21.21413856,-0.388374841,176.8058462,22.60970276,-0.461241266,17.8,29.034897599999976,-1.3955642000000026
333.90000000000003,132.088932,21.17827813,-0.328833769,179.0650638,22.56254524,-0.482662317,17.8,29.17613179999999,-1.3842671099999997
334.0,134.2036271,21.1483718,-0.269434964,181.3194556,22.51318703,-0.504585592,17.8,29.31582849999999,-1.3648152300000014
334.1,136.3156293,21.12441959,-0.210889761,183.5688016,22.46162813,-0.526592572,17.8,29.453172299999988,-1.3372085400000024
334.20000000000005,138.425534,21.10642148,-0.15405176,185.8128816,22.40786852,-0.548599551,17.8,29.587347599999998,-1.3014470399999993
334.3,140.5339366,21.09429212,-0.099774563,188.0514756,22.35190822,-0.57060653,17.8,29.717539,-1.2576161
334.40000000000003,142.6414324,21.0876047,-0.048911772,190.2843636,22.29374721,-0.59261351,17.8,29.84293119999999,-1.2061425099999994
334.5,144.748617,21.08584707,-0.002316987,192.5113254,22.23338551,-0.614620489,17.8,29.962708400000007,-1.1475384400000017
334.6,146.8560857,21.08850707,0.039298456,194.732141,22.17082312,-0.636627469,17.8,30.076055300000018,-1.0823160500000029
334.70000000000005,148.9643657,21.09507252,0.075792291,196.9465904,22.10606002,-0.658747534,17.8,30.18222469999999,-1.0109875000000024
334.8,151.0737109,21.10503129,0.107306784,199.1544534,22.03909623,-0.681546114,17.8,30.280742499999985,-0.934064939999999
334.90000000000003,153.184307,21.11787119,0.13455327,201.35551,21.96993173,-0.705701725,17.8,30.37120300000002,-0.8520605400000001
335.0,155.2963396,21.13308007,0.158385351,203.5495401,21.89849869,-0.731892881,17.8,30.45320049999999,-0.7654186200000019
335.1,157.4099946,21.15023114,0.179656628,205.7363236,21.82445784,-0.760798098,17.8,30.526328999999986,-0.674226700000002
335.20000000000005,159.5254575,21.16923903,0.199220702,207.9156406,21.74740208,-0.793095891,17.8,30.5901831,-0.5781630500000006
335.3,161.642914,21.19010373,0.217931175,210.0872708,21.66692429,-0.82935169,17.8,30.644356800000008,-0.47682056000000017
335.40000000000003,163.7625498,21.21282526,0.23649938,212.25094,21.58261737,-0.869678579,17.8,30.688390200000025,-0.36979211000000234
335.5,165.8845506,21.23740361,0.255067586,214.4061567,21.4940742,-0.913963473,17.8,30.721606099999985,-0.2566705899999988
335.6,168.0091021,21.26383878,0.273635792,216.5523751,21.40088768,-0.961640943,17.8,30.743273,-0.13704889999999992
335.70000000000005,170.13639,21.29213077,0.292203997,218.6890494,21.3026507,-1.012032474,17.8,30.75265939999998,-0.010519930000000954
335.8,172.2665999,21.32227958,0.310772203,220.815634,21.199024,-1.064459551,17.8,30.7490341,0.12325557999999859
335.90000000000003,174.3999175,21.35428521,0.329340409,222.931583,21.08993972,-1.118243658,17.8,30.731665500000002,0.2643454900000002
336.0,176.5365285,21.38814766,0.347908615,225.0363507,20.97539788,-1.17270628,17.8,30.69982220000001,0.4127497800000022
336.1,178.6766186,21.42386693,0.365901685,227.1293914,20.85539847,-1.227281988,17.8,30.65277279999999,0.5684684599999983
336.20000000000005,180.8203735,21.46144303,0.378855624,229.2101592,20.72994148,-1.281857695,17.8,30.589785700000004,0.7315015500000008
336.3,182.9679788,21.50087594,0.390622442,231.2781084,20.59902693,-1.336433403,17.8,30.51012960000001,0.9018490099999994
336.40000000000003,185.1196202,21.54182059,0.391388454,233.3326934,20.4626548,-1.391009111,17.8,30.413073199999996,1.0791657900000011
336.5,187.2754835,21.58159858,0.380607096,235.3733682,20.32082511,-1.445584819,17.8,30.29788469999998,1.2607734700000002
336.6,189.4357543,21.62252113,0.355391528,237.3995872,20.17353784,-1.500160527,17.8,30.1638329,1.4489832899999975
336.70000000000005,191.6006182,21.6587,0.313430042,239.4108045,20.020793,-1.554251582,17.8,30.010186299999997,1.6379069999999984
336.8,193.7700301,21.68980728,0.25629979,241.4064746,19.86259059,-1.605434717,17.8,29.83644449999998,1.8272166900000002
336.90000000000003,195.9430208,21.71411085,0.177743063,243.3860514,19.69893061,-1.650802012,17.8,29.643030600000014,2.0151802399999994
337.0,198.1183904,21.72987861,0.087092403,245.3489895,19.53010386,-1.687445548,17.8,29.430599099999977,2.1997747499999996
337.1,200.2949388,21.73537846,-0.015105625,247.2947428,19.35756428,-1.712457405,17.8,29.199803999999983,2.3778141800000014
337.20000000000005,202.4714661,21.72916696,-0.12596418,249.2227658,19.18305663,-1.722929664,17.8,28.951299700000003,2.546110330000001
337.3,204.6467722,21.71095545,-0.24259642,251.1325127,19.00832567,-1.716439058,17.8,28.68574050000002,2.7026297799999988
337.40000000000003,206.8196572,21.68074391,-0.362115502,253.0236703,18.83511615,-1.692500933,17.8,28.404013099999997,2.8456277599999993
337.5,208.988921,21.63853235,-0.482115725,254.896856,18.66517282,-1.651599943,17.8,28.10793500000001,2.9733595299999998
337.6,211.1533636,21.58432076,-0.602115947,256.7529199,18.50024042,-1.596159354,17.8,27.79955629999999,3.08408034
337.70000000000005,213.3117852,21.51810916,-0.72211617,258.592712,18.34206372,-1.529087086,17.8,27.480926800000002,3.176045440000003
337.8,215.4629855,21.43989753,-0.842116392,260.4170824,18.19209667,-1.45329106,17.8,27.154096900000024,3.247800859999998
337.90000000000003,217.6057647,21.34968588,-0.962116614,262.2268811,18.05063006,-1.371679193,17.8,26.821116400000005,3.2990558199999995
338.0,219.7389227,21.24747421,-1.082116837,264.0229582,17.9176639,-1.287159407,17.8,26.484035500000015,3.329810309999999
338.1,221.8612595,21.13326251,-1.201984076,265.8061637,17.79319818,-1.202154968,17.8,26.144904200000024,3.3400643300000006
338.20000000000005,223.9715752,21.00705079,-1.321053419,267.5773476,17.6772329,-1.117150529,17.8,25.805772400000006,3.329817890000001
338.3,226.0686697,20.86883905,-1.438526967,269.33736,17.56976807,-1.03214609,17.8,25.468690300000002,3.2990709799999998
338.40000000000003,228.151343,20.71870708,-1.553606823,271.087051,17.47080369,-0.94714165,17.8,25.135707999999976,3.247903390000001
338.5,230.2183952,20.55705383,-1.665495091,272.8272705,17.38033974,-0.862137211,17.8,24.808875299999993,3.176714090000001
338.6,232.2686261,20.38435803,-1.773393873,274.5588687,17.29837624,-0.777132772,17.8,24.4902426,3.0859817900000017
338.70000000000005,234.3008359,20.20109842,-1.876638254,276.2826956,17.22491319,-0.692128332,17.8,24.1818597,2.9761852300000022
338.8,236.3138883,20.00775374,-1.975095252,277.9996011,17.15995058,-0.607439554,17.8,23.885712800000004,2.847803159999998
338.90000000000003,238.3069026,19.80480273,-2.06889785,279.7104354,17.10348841,-0.52464474,17.8,23.603532799999993,2.701314319999998
339.0,240.2790616,19.59272413,-2.158710963,281.4160486,17.05552669,-0.445637854,17.8,23.336987000000004,2.53719744
339.1,242.2295484,19.37199668,-2.245332486,283.1172906,17.01587601,-0.372312861,17.8,23.08774219999999,2.3561206699999993
339.20000000000005,244.157546,19.14301932,-2.329560318,284.8150114,16.9835894,-0.306563725,17.8,22.857465400000006,2.159429920000001
339.3,246.0622373,18.90587184,-2.412192355,286.5100613,16.95753048,-0.25028441,17.8,22.647824000000025,1.9483413600000006
339.40000000000003,247.9428054,18.66055425,-2.494026495,288.2032901,16.93656286,-0.203400266,17.8,22.460484700000006,1.723991390000002
339.5,249.7984333,18.40706654,-2.575727652,289.8953964,16.91955018,-0.171185816,17.8,22.29696309999998,1.4875163599999972
339.6,251.6283038,18.14540872,-2.65742881,291.5864726,16.90535604,-0.148366537,17.8,22.15816879999998,1.240052679999998
339.70000000000005,253.4316001,17.87558078,-2.739129967,293.2764598,16.89383585,-0.135017079,17.8,22.0448597,0.9817449300000014
339.8,255.207505,17.59758272,-2.820831124,294.9652989,16.88087791,-0.129243478,17.8,21.957793899999995,0.7167048099999995
339.90000000000003,256.9552017,17.31141455,-2.902532282,296.6529307,16.86851055,-0.129579407,17.8,21.897729000000037,0.44290399999999863
340.0,258.673873,17.01707627,-2.984233439,298.3392963,16.85555261,-0.134426294,17.8,21.865423299999986,0.1615236600000003
340.1,260.362702,16.71456787,-3.064143216,300.0243365,16.84200409,-0.138438175,17.8,21.86163449999999,-0.12743621999999988
340.20000000000005,262.0208716,16.40388935,-3.120402034,301.7079924,16.82786498,-0.144344021,17.8,21.8871208,-0.42397563000000105
340.3,263.6475649,16.08504072,-3.180969649,303.3902048,16.81313528,-0.150249866,17.8,21.94263989999997,-0.7280945600000024
340.40000000000003,265.2419648,15.75909679,-3.196389743,305.0709147,16.79781501,-0.156155711,17.8,22.028949899999997,-1.0387182200000016
340.5,266.8032543,15.43917333,-3.168816714,306.7500631,16.78190414,-0.162061557,17.8,22.146808799999985,-1.3427308100000026
340.6,268.3306165,15.10849448,-3.087502284,308.4275909,16.76540269,-0.167967402,17.8,22.296974399999964,-1.6569082099999992
340.70000000000005,269.8232342,14.79673402,-2.94348955,310.1034389,16.74831066,-0.173873248,17.8,22.480204700000012,-1.9515766400000008
340.8,271.2811504,14.50259932,-2.747889811,311.7775483,16.73062805,-0.179685686,17.8,22.696397899999976,-2.22802873
340.90000000000003,272.7078473,14.23253935,-2.463786413,313.4498598,16.71235484,-0.184426673,17.8,22.942012499999986,-2.47981549
341.0,274.1076672,13.99300306,-2.13884429,315.1203145,16.69349106,-0.189068784,17.8,23.212647300000025,-2.700488
341.1,275.4849521,13.79043945,-1.770909045,316.7888533,16.67409273,-0.191518556,17.8,23.50390120000004,-2.8836532800000025
341.20000000000005,276.8440443,13.63022263,-1.370728958,318.4554172,16.65474669,-0.19172655,17.8,23.81137289999999,-3.024524059999999
341.3,278.1892858,13.51342745,-0.949052311,320.119947,16.63486939,-0.189132322,17.8,24.13066120000003,-3.1214419399999986
341.40000000000003,279.5250189,13.44005389,-0.516627382,321.7823837,16.61571691,-0.183268835,17.8,24.457364800000004,-3.17566302
341.5,280.8555858,13.41010197,-0.082411074,323.4427131,16.59731891,-0.174553688,17.8,24.78712730000002,-3.187216939999999
341.6,282.1853285,13.42357168,0.351805234,325.1011003,16.58001166,-0.16154727,17.8,25.11577179999996,-3.15643998
341.70000000000005,283.5185893,13.48046302,0.786021542,326.7577553,16.56413143,-0.146249636,17.8,25.43916600000001,-3.0836684099999996
341.8,284.8597103,13.58077599,1.220237851,328.4128881,16.55001448,-0.128710225,17.8,25.753177799999957,-2.969238490000002
341.90000000000003,286.2130337,13.72451059,1.654454159,330.0667085,16.53794103,-0.10948948,17.8,26.05367480000002,-2.8134304399999994
342.0,287.5829016,13.91166682,2.088670467,331.7194265,16.52796713,-0.089147846,17.8,26.336524899999983,-2.6163003099999997
342.1,288.9736562,14.14224468,2.519953453,333.3712521,16.52009278,-0.068245768,17.8,26.597595899999998,-2.3778480999999996
342.20000000000005,290.3896397,14.41624417,2.933636508,335.0223953,16.51431798,-0.047250283,17.8,26.832755600000052,-2.0980738100000007
342.3,291.8351943,14.7336653,3.312119699,336.6730659,16.51064272,-0.026254798,17.8,27.03787159999997,-1.7769774199999997
342.40000000000003,293.314662,15.09274806,3.637803095,338.3234741,16.50906702,-0.005259313,17.8,27.2088121,-1.41631896
342.5,294.8323851,15.48469249,3.893086764,339.9738296,16.50959086,0.015736173,17.8,27.341444499999977,-1.024898369999999
342.6,296.3927056,15.89893864,4.060370775,341.6243425,16.51221425,0.036731658,17.8,27.43163690000001,-0.6132756099999987
342.70000000000005,297.9999659,16.32492654,4.124988517,343.2752226,16.51693719,0.057727143,17.8,27.4752567,-0.19201065000000028
342.8,299.6571001,16.75209623,4.084006669,344.9266801,16.52375968,0.078655184,17.8,27.46958000000002,0.22833654999999808
342.90000000000003,301.3614102,17.16988776,3.940358552,346.5789248,16.53268172,0.099178561,17.8,27.417514599999958,0.6372060400000024
343.0,303.1087906,17.56774117,3.708710777,348.2321667,16.5437033,0.118892609,17.8,27.323376099999972,1.0240378700000008
343.1,304.8951355,17.93509649,3.406663275,349.8866157,16.55678397,0.137392663,17.8,27.19148020000001,1.378312519999998
343.20000000000005,306.716339,18.26315377,3.051815978,351.5424818,16.57172139,0.154274059,17.8,27.026142800000013,1.6914323799999984
343.3,308.5682953,18.550153,2.661768817,353.1999749,16.58827276,0.169132133,17.8,26.831679599999983,1.9618802400000028
343.40000000000003,310.4468986,18.7960942,2.254121725,354.8593051,16.60619528,0.181629664,17.8,26.612406499999974,2.1898989199999974
343.5,312.3480431,19.00097735,1.84354131,356.5206498,16.62524615,0.191699207,17.8,26.372606700000016,2.3757312000000006
343.6,314.2676231,19.16480246,1.432960896,358.1840572,16.64518258,0.199408208,17.8,26.116434100000003,2.5196198800000005
343.70000000000005,316.2015326,19.28756953,1.022380482,359.849543,16.66576177,0.205093887,17.8,25.848010399999975,2.6218077599999994
343.8,318.145666,19.36927856,0.611800068,361.5171229,16.68674091,0.209160907,17.8,25.571456899999998,2.6825376500000004
343.90000000000003,320.0959174,19.40992954,0.201219653,363.1868126,16.70791768,0.212013934,17.8,25.290895199999976,2.702011859999999
344.0,322.0481809,19.40952249,-0.209360761,364.8586279,16.72925161,0.214057632,17.8,25.01044700000001,2.680270880000002
344.1,323.9983509,19.36805739,-0.617877211,366.5325844,16.7507427,0.215696665,17.8,24.734233500000027,2.6173146900000006
344.20000000000005,325.9423214,19.28553425,-1.014009873,368.2086978,16.77239094,0.217268254,17.8,24.466376399999955,2.5131433100000002
344.3,327.8759868,19.16195307,-1.385374959,369.886984,16.79419635,0.218839843,17.8,24.210997199999962,2.367756719999999
344.40000000000003,329.7952411,18.99855223,-1.719588681,371.5674585,16.81615891,0.220411433,17.8,23.972217399999987,2.1823933200000027
344.5,331.6959785,18.80152362,-2.013948604,373.2501372,16.83827863,0.221983022,17.8,23.75415869999996,1.9632449899999997
344.6,333.5740934,18.57829751,-2.227026884,374.9350357,16.86055552,0.223554611,17.8,23.560942300000033,1.7177419900000004
344.70000000000005,335.4254798,18.33630418,-2.377547753,376.6221697,16.88298956,0.2251262,17.8,23.396689899999966,1.4533146200000004
344.8,337.2470227,18.07716509,-2.453765895,378.311555,16.90558076,0.226666005,17.8,23.264532299999996,1.1715843300000017
344.90000000000003,339.0395698,17.82573694,-2.457745274,380.0032073,16.92832911,0.227745516,17.8,23.163637500000004,0.8974078299999988
345.0,340.8049594,17.57202358,-2.399805714,381.6971422,16.95123463,0.229055173,17.8,23.0921828,0.6207889500000014
345.1,342.5450301,17.32926408,-2.282649651,383.3933756,16.97427824,0.228835843,17.8,23.048345499999993,0.3549858400000012
345.20000000000005,344.2616202,17.10365035,-2.147704928,385.0919231,16.99720283,0.22687638,17.8,23.03030289999999,0.10644751999999968
345.3,345.9565681,16.89642075,-1.978311277,386.7928005,17.02043605,0.222626504,17.8,23.03623239999997,-0.12401529999999994
345.40000000000003,347.6317123,16.7075753,-1.796533838,388.4960234,17.04288226,0.215545398,17.8,23.06431110000001,-0.3353069600000005
345.5,349.2888911,16.53711398,-1.612692435,390.2016075,17.06445494,0.205488966,17.8,23.11271640000002,-0.5273409600000001
345.6,350.929943,16.38503681,-1.428851032,391.9095229,17.08481053,0.191171842,17.8,23.179579900000032,-0.6997737199999996
345.70000000000005,352.5567064,16.25134378,-1.245009628,393.6195561,17.10360548,0.173942963,17.8,23.262849700000015,-0.8522616999999997
345.8,354.1710197,16.13603489,-1.061168225,395.331448,17.12049621,0.153851068,17.8,23.360428300000034,-0.9844613199999976
345.90000000000003,355.7747213,16.03911013,-0.877326822,397.0449396,17.13513916,0.13146876,17.8,23.47021830000001,-1.0960290300000004
346.0,357.3696496,15.96056952,-0.693485418,398.7597715,17.14724804,0.107368643,17.8,23.590121899999996,-1.186678520000001
346.1,358.9576431,15.90041305,-0.509644015,400.4756848,17.15676558,0.08212332,17.8,23.718041700000025,-1.2563525299999991
346.20000000000005,360.5405402,15.85864072,-0.326643378,402.1924203,17.16369179,0.056305394,17.8,23.85188009999997,-1.305051070000001
346.3,362.1201792,15.83525253,-0.148687342,403.9097189,17.16802666,0.030392034,17.8,23.989539699999977,-1.332774129999999
346.40000000000003,363.6983986,15.83024848,0.019179493,405.6273213,17.1697702,0.004478674,17.8,24.128922699999986,-1.3395217199999987
346.5,365.2770368,15.84312411,0.171912527,407.3449686,17.1689224,-0.021434686,17.8,24.267931799999996,-1.3257982899999998
346.6,366.8579322,15.87135712,0.306057881,409.0624015,17.16548326,-0.047348046,17.8,24.404469300000027,-1.2941261399999977
346.70000000000005,368.4429233,15.91192075,0.411798789,410.7793609,17.15945279,-0.073261406,17.8,24.536437599999953,-1.2475320399999994
346.8,370.0338484,15.96178823,0.489703583,412.4955877,17.15083098,-0.099174766,17.8,24.661739299999976,-1.1890427499999987
346.90000000000003,371.6321424,16.01888726,0.537340774,414.2108228,17.13961783,-0.125097214,17.8,24.778680399999995,-1.1207305699999992
347.0,373.2376259,16.07732775,0.55555113,415.9248069,17.12581335,-0.15107419,17.8,24.88718100000001,-1.048485600000003
347.1,374.8497158,16.13694626,0.548538483,417.6372811,17.10941754,-0.177160221,17.8,24.987565299999982,-0.9724712800000006
347.20000000000005,376.4678292,16.19376158,0.519756712,419.3479861,17.09042493,-0.203409837,17.8,25.08015690000003,-0.8966633500000007
347.3,378.0913831,16.24525142,0.479022585,421.0566628,17.06880827,-0.229877564,17.8,25.165279700000053,-0.8235568500000028
347.40000000000003,379.7197944,16.29091132,0.426608534,422.7630522,17.04453485,-0.25661793,17.8,25.24325779999999,-0.7536235300000023
347.5,381.3524803,16.33074128,0.369149883,424.4668949,17.01757193,-0.283676377,17.8,25.314414599999974,-0.6868306499999974
347.6,382.9888577,16.3647413,0.310850465,426.1679276,16.98788682,-0.31106199,17.8,25.3790699,-0.6231455200000013
347.70000000000005,384.6283435,16.39291138,0.252551047,427.8658694,16.95544678,-0.338765683,17.8,25.43752589999998,-0.562535399999998
347.8,386.2703549,16.41525151,0.194251629,429.5604348,16.92021911,-0.366742015,17.8,25.490079900000023,-0.5049676000000005
347.90000000000003,387.9143088,16.4317617,0.135952211,431.2513386,16.88217108,-0.394936459,17.8,25.53702979999998,-0.45040937999999997
348.0,389.5596222,16.44244195,0.077652793,432.9382956,16.84127544,-0.423294487,17.8,25.578673400000024,-0.39883349000000123
348.1,391.2057122,16.44729226,0.019353375,434.6210203,16.79752672,-0.451761571,17.8,25.615308100000004,-0.35023445999999936
348.20000000000005,392.8519957,16.44631263,-0.038799532,436.2992274,16.75092494,-0.480283182,17.8,25.64723170000003,-0.30461230999999955
348.3,394.4978897,16.43950305,-0.096073377,437.9726318,16.70147009,-0.508813882,17.8,25.674742100000014,-0.2619670400000018
348.40000000000003,396.1428112,16.42686354,-0.151589096,439.640948,16.64916216,-0.537344581,17.8,25.698136799999997,-0.2222986200000001
348.5,397.7861774,16.40848198,-0.204467626,441.3038908,16.59400117,-0.565875281,17.8,25.71771339999999,-0.18551918999999728
348.6,399.427405,16.38479793,-0.253829904,442.9611748,16.53598711,-0.594405981,17.8,25.73376979999996,-0.15118917999999937
348.70000000000005,401.0659113,16.3563388,-0.298796868,444.6125147,16.47511997,-0.62293668,17.8,25.746603400000037,-0.11878117000000188
348.8,402.7011131,16.32363205,-0.338635964,446.2576253,16.41139977,-0.65146738,17.8,25.756512199999985,-0.08776771999999866
348.90000000000003,404.3324978,16.28720511,-0.373200684,447.8962212,16.3448265,-0.679995702,17.8,25.763723400000014,-0.05762139000000133
349.0,405.959834,16.24758541,-0.402637536,449.5280171,16.27540016,-0.708509765,17.8,25.768183099999998,-0.027814750000001
349.1,407.5829607,16.2053004,-0.427679074,451.1527278,16.20312074,-0.736995307,17.8,25.769767099999978,0.0021796599999994726
349.20000000000005,409.2017169,16.16087752,-0.44920436,452.7700678,16.12798969,-0.765438068,17.8,25.768350899999984,0.03288782999999995
349.3,410.8159414,16.11475628,-0.468092457,454.379752,16.05001412,-0.793823788,17.8,25.76381060000001,0.06474216000000155
349.40000000000003,412.4254734,16.06702461,-0.485222428,455.9814949,15.96920259,-0.822138207,17.8,25.756021499999985,0.09782202000000062
349.5,414.0301516,16.01768249,-0.501473337,457.5750113,15.88556366,-0.85036944,17.8,25.744859700000017,0.1321188299999978
349.6,415.6298151,15.96672994,-0.517577735,459.160017,15.79910588,-0.878515112,17.8,25.730201900000008,0.16762405999999963
349.70000000000005,417.2243028,15.91416695,-0.533682133,460.7362325,15.70983782,-0.9065776,17.8,25.711929700000052,0.20432912999999964
349.8,418.8134537,15.85999351,-0.549786531,462.3033792,15.61776802,-0.934568785,17.8,25.68992549999997,0.24222549000000093
349.90000000000003,420.3971067,15.80420964,-0.565890929,463.8611787,15.52290505,-0.96250293,17.8,25.664071999999987,0.2813045899999995
350.0,421.9751008,15.74681533,-0.581995327,465.4093525,15.42525603,-0.990394294,17.8,25.634251700000004,0.32155930000000055
350.1,423.547275,15.68781058,-0.598099725,466.9476222,15.32482239,-1.018257137,17.8,25.600347199999998,0.36298819000000115
350.20000000000005,425.1134682,15.62719538,-0.614232577,468.4757093,15.22160412,-1.04610572,17.8,25.562241100000005,0.40559125999999956
350.3,426.6735193,15.56496975,-0.63053615,469.9933353,15.11560124,-1.073951926,17.8,25.519816000000002,0.44936850999999933
350.40000000000003,428.2272673,15.50113368,-0.647181165,471.5002219,15.00681374,-1.101798132,17.8,25.47295459999999,0.49431994000000046
350.5,429.7745513,15.43567009,-0.664338344,472.9960904,14.89524162,-1.129644338,17.8,25.42153910000003,0.5404284700000002
350.6,431.31521,15.36849364,-0.682178409,474.4806625,14.78088487,-1.157490545,17.8,25.365452500000014,0.587608770000001
350.70000000000005,432.8490825,15.29950188,-0.70087208,475.9536597,14.66374351,-1.185336751,17.8,25.304577199999994,0.6357583699999996
350.8,434.3760078,15.22859238,-0.720561625,477.4148035,14.54381752,-1.213182957,17.8,25.23879569999998,0.684774860000001
350.90000000000003,435.8958111,15.15566271,-0.741275497,478.8638155,14.42110692,-1.241029163,17.8,25.168004399999983,0.7345557899999999
351.0,437.4082631,15.08061043,-0.762985244,480.3004172,14.29561169,-1.268818809,17.8,25.092154100000027,0.7849987400000007
351.1,438.9131208,15.00333312,-0.785548597,481.7243302,14.16733184,-1.296269095,17.8,25.011209399999995,0.8360012800000014
351.20000000000005,440.4101412,14.92372834,-0.808794836,483.1352759,14.03626737,-1.323040658,17.8,24.92513470000001,0.8874609700000011
351.3,441.8990814,14.84171073,-0.832553238,484.5329759,13.90245222,-1.348794138,17.8,24.833894499999996,0.9392585100000002
351.40000000000003,443.3796983,14.75726322,-0.856653082,485.9171519,13.76605606,-1.373190174,17.8,24.73745360000005,0.9912071600000001
351.5,444.851749,14.6703858,-0.880923648,487.2875252,13.62728252,-1.395889404,17.8,24.63577620000002,1.0431032800000004
351.6,446.3149904,14.58107849,-0.905222668,488.6438174,13.48633521,-1.41660903,17.8,24.52882699999999,1.0947432799999994
351.70000000000005,447.7691797,14.48934127,-0.929521688,489.9857773,13.34341774,-1.435292488,17.8,24.4165976,1.145923530000001
351.8,449.2140737,14.39517415,-0.953820707,491.3132621,13.19873373,-1.451996342,17.8,24.299188400000002,1.19644042
351.90000000000003,450.6494294,14.29857713,-0.978119727,492.6261562,13.0524868,-1.46700339,17.8,24.17672680000005,1.2460903299999995
352.0,452.075004,14.19955021,-1.002418746,493.924344,12.90488057,-1.480652994,17.8,24.04934000000004,1.2946696400000004
352.1,453.4905544,14.09809338,-1.026717766,495.2077101,12.75608472,-1.493284515,17.8,23.917155699999977,1.3420086599999994
352.20000000000005,454.8958377,13.99420665,-1.050963355,496.4761388,12.60613317,-1.505237314,17.8,23.780301099999985,1.388073480000001
352.3,456.2906107,13.88789002,-1.07488836,497.7295146,12.45502594,-1.516850751,17.8,23.638903900000013,1.4328640799999999
352.40000000000003,457.6746306,13.77914349,-1.098172198,498.9677219,12.30276302,-1.528407629,17.8,23.493091300000014,1.4763804699999987
352.5,459.0476544,13.66799912,-1.120494285,500.1906451,12.14934442,-1.539964507,17.8,23.342990699999984,1.518654699999999
352.6,460.409439,13.55461719,-1.141534036,501.3981686,11.99477012,-1.551521385,17.8,23.1887296,1.55984707
352.70000000000005,461.7597415,13.43919006,-1.16097087,502.5901769,11.83904014,-1.563078263,17.8,23.0304354,1.6001499199999998
352.8,463.0983188,13.32191008,-1.178537631,503.7665545,11.68215447,-1.57463514,17.8,22.868235699999968,1.63975561
352.90000000000003,464.4249537,13.2029696,-1.194180891,504.9271857,11.52411311,-1.586192018,17.8,22.70223199999999,1.6788564899999994
353.0,465.7395314,13.08256097,-1.207954078,506.0719549,11.36491606,-1.597690277,17.8,22.532423500000004,1.7176449099999989
353.1,467.0419628,12.96087654,-1.220124347,507.2007467,11.20456333,-1.608836823,17.8,22.358783900000002,1.75631321
353.20000000000005,468.3321587,12.83810866,-1.231012282,508.3134454,11.04305491,-1.619279944,17.8,22.181286699999998,1.7950537499999992
353.3,469.61003,12.71441761,-1.240938465,509.4099355,10.88042597,-1.628667926,17.8,21.999905500000022,1.8339916400000007
353.40000000000003,470.8754877,12.58983547,-1.25022348,510.4901014,10.71685237,-1.636958699,17.8,21.814613700000006,1.8729831000000008
353.5,472.1284427,12.46436223,-1.259187912,511.5538276,10.55254514,-1.642871623,17.8,21.625384899999982,1.9118170900000013
353.6,473.3688057,12.33799789,-1.268098914,512.6009984,10.38771531,-1.647042532,17.8,21.432192699999984,1.9502825799999997
353.70000000000005,474.5964878,12.21074245,-1.277009915,513.6315264,10.22238811,-1.649103164,17.8,21.235038600000006,1.988354339999999
353.8,475.8113998,12.08259591,-1.285920916,514.6454368,10.05733194,-1.649112137,17.8,21.034036999999966,2.025263970000001
353.90000000000003,477.0134525,11.95355827,-1.294831918,515.6427828,9.892200453,-1.647362547,17.8,20.829330299999935,2.061357817000001
354.0,478.202557,11.82362952,-1.303742919,516.6236177,9.727390476,-1.643896463,17.8,20.62106069999994,2.0962390440000007
354.1,479.378624,11.69280968,-1.31265392,517.5879947,9.563077862,-1.639994525,17.8,20.409370699999965,2.1297318179999998
354.20000000000005,480.5415645,11.56109874,-1.321564922,518.535967,9.399297781,-1.635079519,17.8,20.194402500000034,2.1618009590000007
354.3,481.6912893,11.4284967,-1.330433584,519.467588,9.236050234,-1.629812801,17.8,19.976298699999983,2.192446466
354.40000000000003,482.8277094,11.29500356,-1.339048214,520.3829108,9.073335221,-1.624487463,17.8,19.755201399999986,2.221668338999999
354.5,483.9507356,11.16061931,-1.34715478,521.2819887,8.911152742,-1.619162126,17.8,19.531253100000082,2.249466567999999
354.6,485.0602788,11.02536937,-1.354499247,522.1648751,8.749502796,-1.613836788,17.8,19.304596300000025,2.275866574
354.70000000000005,486.1562499,10.88938075,-1.361031542,523.031623,8.588385384,-1.608511451,17.8,19.07537309999999,2.3009953660000004
354.8,487.2385598,10.75280587,-1.365885759,523.8822859,8.427800506,-1.603186113,17.8,18.843726100000037,2.325005363999999
354.90000000000003,488.3071195,10.61579715,-1.369462078,524.7169169,8.267748161,-1.597860776,17.8,18.6097974,2.3480489890000005
355.0,489.36186,10.47838463,-1.371514201,525.5355692,8.10822835,-1.59243123,17.8,18.373709200000075,2.3701562800000016
355.1,490.4027939,10.34108786,-1.372084468,526.3382963,7.949241073,-1.586376431,17.8,18.135502400000018,2.3918467870000004
355.20000000000005,491.4299541,10.20369213,-1.371384573,527.1251512,7.79078633,-1.579071129,17.8,17.89519710000003,2.4129058
355.3,492.4433733,10.06647223,-1.369464589,527.8961873,7.632926646,-1.569890069,17.8,17.652813999999932,2.433545584000001
355.40000000000003,493.4430844,9.929555192,-1.367190424,528.6514577,7.475974647,-1.558208001,17.8,17.40837330000006,2.4535805450000003
355.5,494.4291202,9.792966406,-1.364204236,529.3910159,7.320305484,-1.543399671,17.8,17.161895699999956,2.4726609219999993
355.6,495.4015135,9.656705877,-1.360964015,530.1149149,7.166294309,-1.524944037,17.8,16.91340140000001,2.490411568
355.70000000000005,496.3602972,9.520773603,-1.357681456,530.8232582,7.014316273,-1.50273689,17.8,16.662961000000063,2.50645733
355.8,497.3055041,9.385169586,-1.354398896,531.516349,6.864746527,-1.476882438,17.8,16.410844899999983,2.5204230589999996
355.90000000000003,498.237167,9.249893824,-1.351116337,532.1945406,6.717960224,-1.447901725,17.8,16.157373599999982,2.5319336000000012
356.0,499.1553188,9.114946318,-1.347833777,532.8581866,6.574332513,-1.416420003,17.8,15.902867799999978,2.5406138049999996
356.1,500.0599922,8.980327068,-1.344551218,533.5076403,6.434176021,-1.383062524,17.8,15.647648100000037,2.5461510469999995
356.20000000000005,500.9512201,8.846036075,-1.341268658,534.143255,6.297553274,-1.348454541,17.8,15.392034899999953,2.5484828010000005
356.3,501.8290353,8.712073337,-1.337927664,534.7653841,6.164464271,-1.313221306,17.8,15.136348800000018,2.5476090659999997
356.40000000000003,502.6934706,8.578438855,-1.334236057,535.3743809,6.034909013,-1.277883862,17.8,14.880910299999993,2.543529842
356.5,503.5445589,8.445132629,-1.329843226,535.970599,5.908887499,-1.242546418,17.8,14.626040099999965,2.5362451299999993
356.6,504.382333,8.31218972,-1.32439856,536.5543916,5.786399729,-1.207208974,17.8,14.372058600000013,2.525789990999999
356.70000000000005,505.2068257,8.179785434,-1.317551446,537.1261121,5.667445704,-1.17187153,17.8,14.119286399999975,2.512339729999999
356.8,506.0180698,8.048130139,-1.308951272,537.6861138,5.552025423,-1.136534086,17.8,13.868044000000065,2.4961047159999996
356.90000000000003,506.8160983,7.917434201,-1.298305863,538.2347503,5.440138887,-1.101196642,17.8,13.618651999999951,2.477295314
357.0,507.6009718,7.787907987,-1.285556781,538.7723747,5.331786095,-1.065718775,17.8,13.371402899999975,2.4561218919999996
357.1,508.3728636,7.659761865,-1.270762464,539.2993406,5.226967047,-1.029398374,17.8,13.126477000000033,2.4327948180000005
357.20000000000005,509.1319747,7.533206203,-1.254215087,539.8160013,5.125681744,-0.991392901,17.8,12.884026600000038,2.4075244589999993
357.3,509.8785063,7.408451366,-1.236265262,540.3227101,5.028014439,-0.950859822,17.8,12.644203799999968,2.3804369270000008
357.40000000000003,510.6126594,7.285672661,-1.217263601,540.8198204,4.934386399,-0.906956602,17.8,12.407161000000041,2.3512862620000003
357.5,511.3346352,7.164905149,-1.197560717,541.3076857,4.845303146,-0.858840705,17.8,12.173050499999999,2.319602003
357.6,512.0446348,7.04614883,-1.17750722,541.7866592,4.761270202,-0.805810019,17.8,11.94202439999999,2.2848786279999995
357.70000000000005,512.7428594,6.929403705,-1.157395289,542.2571618,4.682793086,-0.74772412,17.8,11.714302399999905,2.246610619
357.8,513.42951,6.814669772,-1.137283357,542.7198839,4.610377321,-0.684723432,17.8,11.490373899999963,2.2042924510000006
357.90000000000003,514.1047877,6.701947033,-1.117171425,543.1755831,4.544528428,-0.617510066,17.8,11.270795400000065,2.157418605
358.0,514.7688938,6.591235487,-1.097059494,543.6250174,4.485751927,-0.54692656,17.8,11.056123600000046,2.1054835599999997
358.1,515.4220292,6.482535135,-1.076947562,544.0689446,4.434469087,-0.473815447,17.8,10.846915400000011,2.048066048
358.20000000000005,516.0643952,6.375845975,-1.05683563,544.5081223,4.390764162,-0.399019264,17.8,10.643727099999932,1.9850818129999999
358.3,516.6961928,6.271168009,-1.036675321,544.9433084,4.35463715,-0.323380545,17.8,10.447115600000028,1.9165308589999999
358.40000000000003,517.3176232,6.168501235,-1.016224744,545.3752608,4.326088053,-0.247601404,17.8,10.25763760000002,1.8424131819999996
358.5,517.9288875,6.067845655,-0.995193634,545.8047371,4.305116869,-0.171822263,17.8,10.075849600000037,1.7627287860000003
358.6,518.5301867,5.969230295,-0.973291723,546.2324952,4.2917236,-0.096043121,17.8,9.902308500000071,1.677506695
358.70000000000005,519.1217221,5.872800288,-0.950228744,546.6592929,4.285908245,-0.02026398,17.8,9.737570799999911,1.5868920429999998
358.8,519.7036948,5.778729794,-0.92571443,547.0858879,4.287670804,0.055515161,17.8,9.582193099999994,1.49105899
358.90000000000003,520.2763057,5.687192975,-0.899506892,547.5130381,4.297011277,0.131294302,17.8,9.43673240000005,1.3901816980000001
359.0,520.8397794,5.598363989,-0.871557753,547.9415012,4.313929664,0.207073444,17.8,9.30172179999995,1.2844343250000003
359.1,521.394433,5.512416997,-0.84191539,548.372035,4.338425966,0.282844135,17.8,9.177601999999933,1.173991031
359.20000000000005,521.940607,5.429526159,-0.810821692,548.8053974,4.370500181,0.358564131,17.8,9.064790399999946,1.0590259780000002
359.3,522.4786418,5.349865636,-0.778566926,549.2423461,4.410152311,0.434182735,17.8,8.963704299999971,0.9397133249999996
359.40000000000003,523.0088779,5.273580561,-0.745441359,549.6836389,4.457377285,0.50964925,17.8,8.874760999999989,0.8162032760000004
359.5,523.5316557,5.20069996,-0.711735258,550.1300336,4.512149756,0.584912981,17.8,8.798377900000059,0.6885502039999993
359.6,524.0473157,5.131223833,-0.677738891,550.582288,4.574439305,0.659923231,17.8,8.734972299999935,0.5567845279999997
359.70000000000005,524.5561983,5.065152182,-0.643694145,551.0411599,4.644215516,0.734637754,17.8,8.684961600000019,0.42093666600000024
359.8,525.0586439,5.002485004,-0.6096494,551.507403,4.72144797,0.809048101,17.8,8.64875909999996,0.2810370340000006
359.90000000000003,525.554993,4.943222302,-0.575604654,551.9817548,4.80610625,0.88316272,17.8,8.626761800000008,0.13711605199999966
360.0,526.0455861,4.887364074,-0.541559909,552.4649489,4.898159938,0.957023858,17.8,8.61936279999993,-0.010795864000000321
360.1,526.5307636,4.83491032,-0.507515164,552.9577185,4.997578616,1.030682212,17.8,8.626954900000054,-0.16266829600000055
360.20000000000005,527.0108659,4.785861041,-0.473470418,553.4607973,5.104336937,1.104188478,17.8,8.649931399999968,-0.3184758959999998
360.3,527.4862336,4.740216236,-0.43929118,553.9749186,5.218429831,1.177593352,17.8,8.688685000000032,-0.4782135949999997
360.40000000000003,527.9572069,4.697975906,-0.404304988,554.500816,5.339857297,1.250947529,17.8,8.743609100000025,-0.6418813910000001
360.5,528.4241265,4.659140051,-0.367704886,555.0392228,5.468619337,1.324293257,17.8,8.81509629999989,-0.8094792860000002
360.6,528.8873327,4.623789365,-0.328683921,555.5908726,5.604715949,1.397638986,17.8,8.903539900000009,-0.9809265839999997
360.70000000000005,529.347166,4.592327327,-0.286435138,556.1564987,5.748147134,1.470984714,17.8,9.009332700000027,-1.1558198070000003
360.8,529.8039668,4.565238109,-0.240151582,556.7368347,5.898912892,1.544330442,17.8,9.132867900000019,-1.3336747830000002
360.90000000000003,530.2580756,4.543005883,-0.189160792,557.332614,6.057013222,1.61767617,17.8,9.27453840000005,-1.514007339
361.0,530.7098974,4.526114823,-0.133328274,557.9445701,6.222448126,1.691021898,17.8,9.434672699999918,-1.6963333029999994
361.1,531.1600954,4.515049101,-0.072788522,558.5734363,6.395217602,1.763942333,17.8,9.61334089999998,-1.880168501
361.20000000000005,531.6093974,4.51029289,-0.008213997,559.2199463,6.575321651,1.834311012,17.8,9.810548899999912,-2.0650287610000007
361.3,532.0585312,4.512330363,0.059588346,559.8848334,6.762760273,1.899576179,17.8,10.0263022000001,-2.2504299099999994
361.40000000000003,532.5082246,4.521564996,0.129811553,560.5688311,6.957278292,1.957186076,17.8,10.260606500000062,-2.4357132959999994
361.5,532.9592053,4.538077485,0.201648669,561.2726728,7.15759983,2.004588948,17.8,10.5134675,-2.619522345
361.6,533.4122011,4.561867831,0.274292739,561.997092,7.362193833,2.039233037,17.8,10.784890900000004,-2.8003260020000003
361.70000000000005,533.8679399,4.592936033,0.347071302,562.7428222,7.569529247,2.058991881,17.8,11.074882299999967,-2.976593214
361.8,534.3271494,4.631282092,0.419849865,563.5103927,7.778075019,2.063440187,17.8,11.383243299999958,-3.146792927
361.90000000000003,534.7905574,4.676906006,0.492628428,564.2995162,7.986300095,2.053003248,17.8,11.708958799999959,-3.3093940889999995
362.0,535.2588917,4.729807777,0.56540699,565.1097014,8.192673421,2.029807526,17.8,12.050809699999899,-3.462865644
362.1,535.73288,4.789987404,0.638185553,565.9404568,8.395663942,1.996404779,17.8,12.407576799999969,-3.605676538000001
362.20000000000005,536.2132502,4.857444888,0.710964116,566.7912911,8.593995782,1.955346763,17.8,12.778040900000018,-3.7365508940000005
362.3,536.7007301,4.932180227,0.783809769,567.6617129,8.787413763,1.909185234,17.8,13.16098280000001,-3.855233536
362.40000000000003,537.1960474,5.014193423,0.857057963,568.5512308,8.975917887,1.860471949,17.8,13.555183399999986,-3.9617244639999996
362.5,537.6999298,5.103484476,0.931111241,569.4593534,9.159508153,1.811333371,17.8,13.959423600000104,-4.056023677000001
362.6,538.2131053,5.200093638,1.006372142,570.3855893,9.338184561,1.762194793,17.8,14.37248399999994,-4.138090923
362.70000000000005,538.7363016,5.304222182,1.08324321,571.3294472,9.511947112,1.713056215,17.8,14.793145599999956,-4.2077249299999995
362.8,539.2702464,5.416111632,1.162126985,572.2904357,9.680795804,1.663917637,17.8,15.22018929999997,-4.264684172000001
362.90000000000003,539.8156676,5.536003513,1.243358918,573.2680633,9.844730639,1.614779059,17.8,15.65239570000001,-4.308727126
363.0,540.3733252,5.664139349,1.3270061,574.2618387,10.00375162,1.565640481,17.8,16.088513500000044,-4.339612270999999
363.1,540.9441078,5.800760666,1.41300144,575.2712706,10.15785874,1.516195989,17.8,16.527162799999996,-4.357098074
363.20000000000005,541.5289367,5.946108989,1.501009488,576.2958674,10.307052,1.464916012,17.8,16.96693069999999,-4.360943011000001
363.3,542.1287327,6.100425842,1.590627701,577.3351379,10.4513314,1.409965067,17.8,17.40640519999995,-4.350905558000001
363.40000000000003,542.7444168,6.263912496,1.681453539,578.3885906,10.5905134,1.349507669,17.8,17.84417380000009,-4.326600904000001
363.5,543.3769101,6.436609205,1.77308446,579.4557342,10.72368025,1.281708334,17.8,18.27882410000002,-4.287071044999999
363.6,544.0271336,6.61851597,1.865117922,580.5360773,10.84973066,1.204731578,17.8,18.70894370000003,-4.231214690000001
363.70000000000005,544.6960083,6.80963279,1.957218474,581.6291284,10.96756334,1.117047829,17.8,19.133120099999996,-4.15793055
363.8,545.3844552,7.009959665,2.049319027,582.7342494,11.076077,1.018351175,17.8,19.549794199999905,-4.0661173349999995
363.90000000000003,546.0933952,7.219496595,2.141419579,583.8502148,11.17417035,0.908947529,17.8,19.95681959999997,-3.954673755000001
364.0,546.8237494,7.438243581,2.233520132,584.9756519,11.26074209,0.790366461,17.8,20.351902500000005,-3.8224985090000008
364.1,547.5764389,7.666200622,2.325620684,586.1091886,11.33469095,0.664443457,17.8,20.732749700000067,-3.6684903280000007
364.20000000000005,548.3523845,7.903367718,2.417721237,587.2494522,11.39509917,0.533013999,17.8,21.09706769999998,-3.491731452
364.3,549.1525074,8.149744869,2.509821789,588.3950705,11.44178321,0.397913573,17.8,21.442563099999983,-3.2920383410000014
364.40000000000003,549.9777285,8.405332075,2.60095561,589.5446709,11.47474307,0.260977662,17.8,21.766942400000016,-3.069410995
364.5,550.8289688,8.670129337,2.686289043,590.6968812,11.49397875,0.123735837,17.8,22.067912400000022,-2.8238494129999996
364.6,551.7071493,8.944136654,2.756729469,591.8503288,11.49949024,-0.013505987,17.8,22.343179500000087,-2.5553535860000007
364.70000000000005,552.6131911,9.226773988,2.816353189,593.0036413,11.49127755,-0.150747812,17.8,22.59045020000003,-2.264503562
364.8,553.5480151,9.515141143,2.849483125,594.1554464,11.46934068,-0.287989637,17.8,22.807431299999916,-1.954199537000001
364.90000000000003,554.5125424,9.80378255,2.85361112,595.3043715,11.43367962,-0.425231461,17.8,22.991829099999972,-1.6298970700000002
365.0,555.5076939,10.09514399,2.823903515,596.4490444,11.38429438,-0.562473286,17.8,23.141350499999998,-1.2891503899999996
365.1,556.5339266,10.37981921,2.75939358,597.5880925,11.32118496,-0.699715111,17.8,23.254165900000043,-0.9413657499999992
365.20000000000005,557.5898414,10.65630333,2.664340275,598.7201435,11.24435136,-0.834194413,17.8,23.330302099999994,-0.5880480299999995
365.3,558.6735751,10.9211161,2.533700569,599.8438249,11.15379358,-0.932576599,17.8,23.370249799999964,-0.23267747999999955
365.40000000000003,559.7832645,11.17077729,2.383151539,600.9577643,11.04951161,-1.036852482,17.8,23.374499800000034,0.12126568000000049
365.5,560.9170465,11.40238672,2.215201344,602.0605893,10.93316297,-1.071880981,17.8,23.343542799999977,0.46922375000000116
365.6,562.0730578,11.61536433,2.035650371,603.1509275,10.82474842,-1.040608945,17.8,23.27786969999995,0.7906159099999996
365.70000000000005,563.2494352,11.80971014,1.850299011,604.2274064,10.69907347,-0.926461239,17.8,23.177971199999956,1.1106366699999999
365.8,564.4443157,11.98542413,1.663980918,605.2886537,10.60122277,-0.715625252,17.8,23.044338000000106,1.3842013600000005
365.90000000000003,565.655836,12.14250632,1.477662826,606.3346229,10.52942821,-0.424860443,17.8,22.878786899999977,1.61307811
366.0,566.8821329,12.2809567,1.291344734,607.3705717,10.49363487,0.00163661,17.8,22.68843880000004,1.7873218300000016
366.1,568.1213432,12.40077527,1.105026642,608.4030837,10.50378782,0.491487351,17.8,22.48174050000007,1.896987450000001
366.20000000000005,569.3716038,12.50196203,0.91870855,609.4387425,10.56983216,1.047638628,17.8,22.267138699999986,1.932129869999999
366.3,570.6310515,12.58451698,0.732390458,610.4841319,10.70005544,1.653515306,17.8,22.053080399999953,1.8844615400000002
366.40000000000003,571.8978231,12.64844012,0.54808718,611.5458354,10.89611518,2.292542252,17.8,21.848012300000004,1.7523249399999994
366.5,573.1700554,12.69373145,0.375872791,612.6304367,11.15801139,2.948144331,17.8,21.660381299999994,1.5357200599999992
366.6,574.4458853,12.72039097,0.237827356,613.7445194,11.48574405,3.606508934,17.8,21.498634099999958,1.2346469200000012
366.70000000000005,575.7234495,12.72962757,0.116066231,614.8946672,11.87931317,4.264873536,17.8,21.371217699999942,0.8503144000000002
366.8,577.000885,12.7274857,0.052651836,616.0874638,12.33871876,4.923238138,17.8,21.286578799999983,0.38876694
366.90000000000003,578.2763284,12.72721339,0.049681883,617.3294928,12.8639608,5.58160274,17.8,21.253164400000014,-0.1367474099999999
367.0,579.5479166,12.71807986,0.117230445,618.6273377,13.45503931,6.239967342,17.8,21.27942109999999,-0.7369594500000005
367.1,580.8147536,12.72532255,0.257312337,619.9875824,14.11195427,6.898331944,17.8,21.372828799999933,-1.3866317200000005
367.20000000000005,582.0798117,12.7502001,0.457921566,621.4168104,14.83470569,7.551452501,17.8,21.53699869999998,-2.084505589999999
367.3,583.3470304,12.79996584,0.738957592,622.9216053,15.62329358,8.173108784,17.8,21.774574900000015,-2.82332774
367.40000000000003,584.6203492,12.8818731,1.058357993,624.5085509,16.47771792,8.731836522,17.8,22.08820170000008,-3.59584482
367.5,585.9037076,13.00196633,1.414025059,626.1842307,17.3948323,9.19617144,17.8,22.48052309999998,-4.392865970000001
367.6,587.201045,13.16145441,1.793869902,627.9552284,18.35890458,9.534649267,17.8,22.954183399999987,-5.1974501700000015
367.70000000000005,588.516301,13.36033735,2.185803633,629.8281276,19.35105618,9.715805729,17.8,23.511826600000017,-5.9907188300000005
367.8,589.8534151,13.59861514,2.579752179,631.8095121,20.35240856,9.713420598,17.8,24.156097,-6.753793420000001
367.90000000000003,591.2163266,13.87628778,2.973700725,633.9034482,21.34408314,9.522249829,17.8,24.887121599999954,-7.467795359999998
368.0,592.6089752,14.19335528,3.367649271,636.103934,22.30720136,9.147537467,17.8,25.69495879999995,-8.11384608
368.1,594.0353003,14.54981764,3.761597817,638.4024503,23.22288466,8.615503741,17.8,26.567150000000037,-8.673067019999998
368.20000000000005,595.4992413,14.94567485,4.155546363,640.7904777,24.07225447,7.957612923,17.8,27.491236400000002,-9.126579620000001
368.3,597.0047378,15.38092691,4.549494908,643.2594972,24.83957866,7.205329285,17.8,28.45475940000001,-9.458651750000001
368.40000000000003,598.5557293,15.85557383,4.940589949,645.8009895,25.5217108,6.390117102,17.8,29.44526019999996,-9.66613697
368.5,600.1561552,16.3696156,5.314563961,648.4064354,26.11865089,5.543440646,17.8,30.45028020000002,-9.749035290000002
368.6,601.809955,16.92305223,5.654295913,651.0673157,26.63039893,4.691520144,17.8,31.45736070000005,-9.707346699999999
368.70000000000005,603.5210682,17.51417161,5.942664777,653.7751112,27.05695492,3.839599642,17.8,32.45404300000003,-9.54278331
368.8,605.2934343,18.13441322,6.162549522,656.5213027,27.39831886,2.98767914,17.8,33.42786840000004,-9.26390564
368.90000000000003,607.1309928,18.77350446,6.29682912,659.297371,27.65449075,2.135758638,17.8,34.36637820000006,-8.88098629
369.0,609.0376831,19.42117269,6.331236045,662.0947968,27.82547059,1.283838136,17.8,35.25711370000006,-8.4042979
369.1,611.0160751,20.06714531,6.262916792,664.9050611,27.91125838,0.431917634,17.8,36.08898600000005,-7.844113069999999
369.20000000000005,613.0632598,20.7011497,6.094724868,667.7196445,27.91185411,-0.415639292,17.8,36.85638469999999,-7.210704410000002
369.3,615.1749587,21.31291323,5.840927795,670.530028,27.8272578,-1.237014763,17.8,37.55506929999997,-6.514344570000002
369.40000000000003,617.3468931,21.8921633,5.518646605,673.3276921,27.65746944,-2.006027325,17.8,38.18079900000005,-5.76530614
369.5,619.5747844,22.43033938,5.145002325,676.1041179,27.40510717,-2.696495522,17.8,38.72933350000001,-4.974767790000001
369.6,621.854354,22.92572937,4.737115987,678.850786,27.08326173,-3.303169711,17.8,39.19643200000003,-4.157532360000001
369.70000000000005,624.1813233,23.37833328,4.312108619,681.5591772,26.70764198,-3.737073005,17.8,39.577853899999994,-3.3293086999999986
369.8,626.5514137,23.78815109,3.884247746,684.2207724,26.2939568,-4.039182956,17.8,39.86935869999998,-2.5058057100000006
369.90000000000003,628.9603466,24.15518283,3.456386873,686.8291469,25.84535598,-4.184204179,17.8,40.06880029999998,-1.6901731499999997
370.0,631.4038433,24.47942847,3.028526,689.3862539,25.41522564,-4.176500249,17.8,40.1824106000001,-0.9357971700000007
370.1,633.8776253,24.76088803,2.600665127,691.8961415,24.9815974,-4.037889045,17.8,40.218516200000025,-0.22070936999999802
370.20000000000005,636.377414,24.99956149,2.172804254,694.3628576,24.57273922,-3.773620212,17.8,40.18544359999994,0.4268222700000024
370.3,638.8989307,25.19544888,1.744943381,696.7904499,24.20174183,-3.472670634,17.8,40.09151919999995,0.9937070500000011
370.40000000000003,641.4378968,25.34855017,1.318889102,699.1829665,23.87122337,-3.098426337,17.8,39.94506970000005,1.4773268000000002
370.5,643.9900338,25.45886538,0.903674386,701.5444551,23.58118385,-2.698000585,17.8,39.75442130000006,1.8776815300000003
370.6,646.5510629,25.5263945,0.510138796,703.8789638,23.33162326,-2.293211257,17.8,39.52790089999992,2.194771239999998
370.70000000000005,649.1167057,25.55222149,0.149121896,706.1905403,23.1225416,-1.88842193,17.8,39.273834599999944,2.429679889999999
370.8,651.6826835,25.54176613,-0.168536752,708.4832326,22.95393887,-1.483632602,17.8,39.0005490999999,2.5878272599999974
370.90000000000003,654.2447176,25.50153215,-0.443271641,710.7610886,22.82581508,-1.078843274,17.8,38.71637100000005,2.6757170699999975
371.0,656.7985296,25.43802331,-0.632227633,713.0281562,22.73817022,-0.674053947,17.8,38.42962659999996,2.6998530899999977
371.1,659.3407079,25.35774333,-0.767420302,715.2884832,22.69100429,-0.269264619,17.8,38.14777529999999,2.666739040000003
371.20000000000005,661.8713097,25.26043151,-0.839382187,717.5461176,22.68431729,0.135524709,17.8,37.87480790000002,2.576114220000001
371.3,664.3912595,25.17288491,-0.857146256,719.8051072,22.71810923,0.53804388,17.8,37.61384769999991,2.454775680000001
371.40000000000003,666.9014816,25.08131394,-0.831552073,722.0695,22.7923801,0.926942118,17.8,37.36801839999994,2.288933840000002
371.5,669.4029004,24.99790284,-0.762165145,724.3433437,22.9071299,1.288598486,17.8,37.14044329999997,2.0907729399999972
371.6,671.8964402,24.92373555,-0.693647202,726.6306865,23.06099654,1.609392051,17.8,36.9342463,1.8627390099999985
371.70000000000005,674.3830256,24.85881208,-0.603015641,728.935576,23.24716956,1.875701878,17.8,36.752550399999976,1.6116425200000002
371.8,676.8635807,24.80313243,-0.510577485,731.2620603,23.45747638,2.073907032,17.8,36.598479599999976,1.3456560500000023
371.90000000000003,679.3390301,24.75669659,-0.41813933,733.6141871,23.68374446,2.192656735,17.8,36.47515700000004,1.072952130000001
372.0,681.8102982,24.71950456,-0.325701174,735.9949148,23.91780123,2.22968083,17.8,36.384616599999916,0.8017033300000023
372.1,684.2783092,24.69155635,-0.233263019,738.4028428,24.15147412,2.187249475,17.8,36.324533600000066,0.5400822299999994
372.20000000000005,686.7439875,24.67285196,-0.140824863,740.8354811,24.37659059,2.076713446,17.8,36.29149360000004,0.29626136999999986
372.3,689.2082576,24.66339138,-0.048386708,743.2903393,24.58497806,1.91169368,17.8,36.282081700000006,0.07841331999999923
372.40000000000003,691.6720439,24.66317462,0.043606368,745.7649274,24.76982607,1.70581111,17.8,36.29288350000009,-0.10665145000000109
372.5,694.1362706,24.67220167,0.132928968,748.2567553,24.92977253,1.472686671,17.8,36.32048470000002,-0.2575708600000013
372.6,696.6018623,24.69047254,0.216910617,750.7633327,25.06481743,1.225941298,17.8,36.36147039999999,-0.37434489000000326
372.70000000000005,699.0697432,24.71772017,0.292880838,753.2821696,25.17496079,0.976925768,17.8,36.41242640000003,-0.4572406200000003
372.8,701.5408378,24.75260934,0.360003902,755.8107757,25.26020259,0.727910239,17.8,36.46993790000006,-0.5075932499999993
372.90000000000003,704.0160705,24.79353775,0.410105092,758.3466609,25.32054284,0.47889471,17.8,36.53059040000001,-0.527005090000003
373.0,706.4963655,24.83890312,0.446463253,760.887335,25.35598153,0.229879181,17.8,36.590969499999986,-0.5170784099999999
373.1,708.9824338,24.88820401,0.466798559,763.4303079,25.36651867,-0.019136349,17.8,36.64787410000004,-0.47831466000000233
373.20000000000005,711.4741314,24.93653559,0.471556088,765.9730895,25.35215426,-0.268151878,17.8,36.698958099999984,-0.41561867000000063
373.3,713.9711008,24.98559812,0.462961238,768.5131896,25.3128883,-0.515752136,17.8,36.74208879999999,-0.3272901800000021
373.40000000000003,716.4729848,25.03268847,0.441849737,771.048118,25.24872078,-0.754860765,17.8,36.7751332000001,-0.21603230999999923
373.5,718.9794258,25.0764714,0.416396303,773.5753845,25.15965171,-0.976986138,17.8,36.7959587000001,-0.08318030999999948
373.6,721.4900663,25.11667986,0.38376717,776.0924991,25.04653025,-1.173636625,17.8,36.80243280000009,0.07014961000000142
373.70000000000005,724.004549,25.15331385,0.348467561,778.5969715,24.91360221,-1.336320598,17.8,36.7924225,0.23971163999999945
373.8,726.5225163,25.18637337,0.312722872,781.0863116,24.76596258,-1.456546429,17.8,36.76379530000004,0.42041078999999826
373.90000000000003,729.0436109,25.21585843,0.276978184,783.5580293,24.60870632,-1.527237761,17.8,36.71441840000007,0.6071521100000012
374.0,731.5674752,25.24176901,0.241233495,786.0103137,24.44692842,-1.546979322,17.8,36.642838499999996,0.7948405899999997
374.1,734.0937519,25.26410512,0.205488807,788.4440713,24.28572385,-1.517186384,17.8,36.55031939999999,0.9783812699999999
374.20000000000005,736.6220835,25.28286677,0.169744118,790.860888,24.13018759,-1.444935304,17.8,36.43880450000002,1.1526791799999998
374.3,739.1521125,25.29805395,0.13399943,793.2623496,23.98541462,-1.33871771,17.8,36.31023709999995,1.3126393299999997
374.40000000000003,741.6834815,25.30966666,0.098254741,795.6500418,23.85565075,-1.207025231,17.8,36.166560300000086,1.4540159100000025
374.5,744.2158331,25.3177049,0.062281061,798.0255506,23.74174514,-1.058349495,17.8,36.00971749999992,1.57595976
374.6,746.7488097,25.32216867,0.024933434,800.3904617,23.64369779,-0.90118213,17.8,35.84165199999991,1.678470879999999
374.70000000000005,749.2820541,25.32305797,-0.015162089,802.746361,23.56150871,-0.742599494,17.8,35.6643069,1.7615492600000024
374.8,751.8152086,25.32023541,-0.059379455,805.0948343,23.4951779,-0.584016858,17.8,35.4796257,1.825057509999997
374.90000000000003,754.3479158,25.31301401,-0.109092613,807.4374675,23.44470534,-0.425434222,17.8,35.28955170000002,1.8683086700000011
375.0,756.8798184,25.3005694,-0.165675508,809.7758463,23.41009105,-0.266851585,17.8,35.09602790000004,1.8904783500000022
375.1,759.4105589,25.28207722,-0.2302731,812.1115565,23.39133502,-0.108268949,17.8,34.90099760000005,1.8907422000000018
375.20000000000005,761.9396699,25.2567131,-0.303114377,814.4461841,23.38843726,0.050313687,17.8,34.70651419999997,1.868275839999999
375.3,764.4662443,25.22365266,-0.38397035,816.7813149,23.40139776,0.207780146,17.8,34.515070600000016,1.8222549000000008
375.40000000000003,766.9892653,25.18207155,-0.471696061,819.1185345,23.43021653,0.358549543,17.8,34.329269199999956,1.7518550200000007
375.5,769.5077158,25.13114538,-0.564917564,821.459429,23.47489355,0.495924817,17.8,34.151713199999975,1.6562518299999986
375.6,772.020579,25.07018719,-0.662260909,823.8055841,23.53475914,0.613208906,17.8,33.98500510000004,1.5354280500000002
375.70000000000005,774.526838,24.99905959,-0.76235215,826.1585857,23.60646475,0.703704748,17.8,33.83174770000001,1.392594840000001
375.8,777.0254757,24.91776256,-0.863817339,828.5200195,23.68599215,0.760715281,17.8,33.69454379999998,1.2317704099999993
375.90000000000003,779.5154752,24.82629612,-0.965511519,830.8914714,23.76932311,0.77865962,17.8,33.575996200000034,1.05697301
376.0,781.9958196,24.72466026,-1.067205699,833.2739914,23.85243937,0.756421589,17.8,33.4781718,0.8722208900000012
376.1,784.465492,24.61285498,-1.168899879,835.6664867,23.93132272,0.695117365,17.8,33.40099469999991,0.6815322600000009
376.20000000000005,786.9234753,24.49088028,-1.270594059,838.0673283,24.00195491,0.600327832,17.8,33.34385300000004,0.48892537000000047
376.3,789.3687527,24.35873617,-1.372288239,840.4748875,24.0603177,0.478750052,17.8,33.306134800000066,0.29841847000000143
376.40000000000003,791.8003073,24.21642263,-1.47398242,842.8875356,24.10306257,0.337081086,17.8,33.287228299999995,0.11336006000000154
376.5,794.217122,24.06393968,-1.574644977,845.3036438,24.1295198,0.182017997,17.8,33.28652180000002,-0.06558011999999991
376.6,796.6181799,23.90128731,-1.669117801,847.7215834,24.13968941,0.020257847,17.8,33.303403500000016,-0.23840209999999828
376.70000000000005,799.0024641,23.72846553,-1.748287119,850.1397255,24.13357137,-0.142618481,17.8,33.33726140000006,-0.4051058399999974
376.8,801.3689577,23.5460933,-1.814735307,852.5564415,24.11116571,-0.305494808,17.8,33.3874838,-0.5650724100000026
376.90000000000003,803.7166437,23.35726549,-1.853500521,854.9701025,24.07247241,-0.468371136,17.8,33.45345880000009,-0.71520692
377.0,806.0445052,23.16745036,-1.861317064,857.3790798,24.01749148,-0.631247463,17.8,33.5345746,-0.8500411200000002
377.1,808.3515251,22.9750985,-1.833026823,859.7817446,23.94622292,-0.794123791,17.8,33.630219500000024,-0.9711244199999989
377.20000000000005,810.6371819,22.789187,-1.767598175,862.1764682,23.85866672,-0.957000118,17.8,33.739286300000074,-1.0694797200000004
377.3,812.9029343,22.61167529,-1.668986781,864.5616218,23.7548229,-1.119876446,17.8,33.858687500000045,-1.1431476099999998
377.40000000000003,815.1507367,22.4462772,-1.533578642,866.9355766,23.63469143,-1.281607433,17.8,33.984839899999955,-1.1884142299999993
377.5,817.3825429,22.29670658,-1.376335602,869.2967039,23.49827234,-1.436466381,17.8,34.11416100000004,-1.2015657600000011
377.6,819.6003073,22.16605829,-1.200523359,871.6433749,23.34556561,-1.57758125,17.8,34.243067599999975,-1.1795073200000026
377.70000000000005,821.8059839,22.05495131,-1.012331647,873.9739608,23.17725846,-1.69808,17.8,34.36797689999999,-1.122307150000001
377.8,824.0015269,21.96338564,-0.817950201,876.2868329,22.9967869,-1.791090592,17.8,34.485305999999994,-1.0334012600000015
377.90000000000003,826.1888904,21.89136127,-0.622537133,878.5803625,22.80827415,-1.849740986,17.8,34.59147209999999,-0.9169128799999982
378.0,828.3700285,21.83887821,-0.427124064,880.8529207,22.61584343,-1.868304482,17.8,34.68289220000004,-0.776965220000001
378.1,830.5468954,21.80593646,-0.231710996,883.1034285,22.42361799,-1.845635741,17.8,34.75653309999991,-0.6176815299999987
378.20000000000005,832.7214452,21.79253601,-0.036297928,885.3330061,22.23572102,-1.782880103,17.8,34.81156090000009,-0.44318501000000055
378.3,834.895632,21.79867688,0.159115141,887.5433232,22.05627577,-1.685764266,17.8,34.84769120000006,-0.2575988900000006
378.40000000000003,837.0714099,21.82435904,0.354528209,889.7360496,21.88940545,-1.561160272,17.8,34.864639699999955,-0.06504641000000078
378.5,839.2507331,21.86958252,0.548607561,891.9128552,21.73854608,-1.415940158,17.8,34.86212209999992,0.13103644000000259
378.6,841.4355557,21.9343473,0.734684609,894.0754098,21.60438488,-1.256975965,17.8,34.83985409999998,0.32996241999999754
378.70000000000005,843.6278319,22.01865339,0.904757052,896.2253831,21.48692182,-1.091139733,17.8,34.7975512,0.5317315700000016
378.8,845.8295158,22.12170055,1.050822587,898.364445,21.38615693,-0.924158161,17.8,34.73492920000008,0.7355436200000014
378.90000000000003,848.0425614,22.23948764,1.16487891,900.4942654,21.30209019,-0.757176589,17.8,34.651704000000066,0.9373974499999989
379.0,850.268923,22.36721327,1.23892372,902.616514,21.23472161,-0.590195017,17.8,34.54759100000008,1.1324916599999995
379.1,852.5105547,22.50007607,1.266288431,904.7328607,21.18405119,-0.423213445,17.8,34.422306000000006,1.316024879999997
379.20000000000005,854.7687703,22.63327464,1.245639325,906.8449752,21.15007892,-0.256231873,17.8,34.276204899999996,1.4831957200000012
379.3,857.0423232,22.76200762,1.178310119,908.9545274,21.13280481,-0.089250301,17.8,34.11220419999991,1.629202809999999
379.40000000000003,859.3293264,22.88147361,1.0709694,911.063187,21.13222886,0.076733568,17.8,33.93386059999996,1.749244749999999
379.5,861.6278928,22.98687124,0.931619469,913.1726241,21.14835107,0.236731213,17.8,33.74473129999997,1.838520169999999
379.6,863.9361355,23.07419935,0.768262631,915.2845082,21.18117143,0.384756412,17.8,33.54837270000003,1.8930279200000015
379.70000000000005,866.2521675,23.14265771,0.588901186,917.4005093,21.23009133,0.514822941,17.8,33.348341799999915,1.9125663800000012
379.8,868.5741019,23.19224633,0.401537439,919.5222971,21.29211765,0.620944579,17.8,33.14819519999999,1.9001286799999981
379.90000000000003,870.9000516,23.2229652,0.212839975,921.6515415,21.36365866,0.6971351,17.8,32.95148990000003,1.8593065400000022
380.0,873.2281298,23.23481432,0.024142511,923.7899123,21.44112263,0.738405987,17.8,32.76178249999994,1.7936916900000028
380.1,875.5564494,23.2277937,-0.164554953,925.9386004,21.52091781,0.743759535,17.8,32.582151000000025,1.7068758899999992
380.20000000000005,877.8831234,23.20190333,-0.353252417,928.0968812,21.59945249,0.714193448,17.8,32.41375779999994,1.6024508399999995
380.3,880.2062649,23.15714322,-0.541949881,930.263551,21.67313492,0.654696246,17.8,32.25728610000006,1.4840082999999993
380.40000000000003,882.5239869,23.09351335,-0.730647345,932.4374063,21.73837337,0.571254152,17.8,32.11341940000007,1.355139979999997
380.5,884.8344025,23.01101375,-0.918196549,934.6172435,21.79217473,0.469853388,17.8,31.98284099999996,1.2188390200000008
380.6,887.1356246,22.90964439,-1.098856191,936.8018591,21.83394037,0.356480177,17.8,31.866234499999972,1.0757040199999999
380.70000000000005,889.4257662,22.78940529,-1.265736709,938.9900494,21.86367031,0.237120744,17.8,31.764283199999976,0.9257349800000014
380.8,891.7029405,22.6509854,-1.411948542,941.180611,21.88136452,0.116763607,17.8,31.677670500000044,0.769620879999998
380.90000000000003,893.9652604,22.4978295,-1.530602127,943.3723402,21.88702303,-0.00359353,17.8,31.60707980000002,0.61080647
381.0,896.2108389,22.33407133,-1.614807903,945.5640335,21.88064582,-0.123950668,17.8,31.55319460000005,0.45342550999999887
381.1,898.4377892,22.16384462,-1.658824568,947.7544872,21.86223289,-0.244307805,17.8,31.516697999999973,0.30161172999999764
381.20000000000005,900.6447753,21.99128312,-1.661503861,949.9424979,21.83178426,-0.364664942,17.8,31.497722600000042,0.15949885999999935
381.3,902.8326661,21.82052055,-1.623994044,952.1268619,21.7892999,-0.485022079,17.8,31.49419580000001,0.031220650000001626
381.40000000000003,905.0028816,21.65569066,-1.552036418,954.3063757,21.73477984,-0.604339914,17.8,31.503494099999966,-0.07908918000000043
381.5,907.1568419,21.50092718,-1.452520544,956.4798358,21.66822406,-0.717421939,17.8,31.522993900000028,-0.16729687999999854
381.6,909.295967,21.3596749,-1.332335984,958.6460384,21.58963257,-0.818032341,17.8,31.550071399999933,-0.22995766999999745
381.70000000000005,911.4216768,21.23262277,-1.198372301,960.8037801,21.49962894,-0.89993531,17.8,31.58210330000004,-0.26700617000000193
381.8,913.5353915,21.11977079,-1.057519056,962.9518573,21.40133109,-0.956895034,17.8,31.616465800000082,-0.2815602999999989
381.90000000000003,915.6385309,21.02111896,-0.915517551,965.0890665,21.2984805,-0.982675704,17.8,31.650535599999966,-0.2773615400000011
382.0,917.7325152,20.93666728,-0.773516045,967.214204,21.19481865,-0.972080808,17.8,31.68168880000003,-0.25815136999999666
382.1,919.8187643,20.86641575,-0.63151454,969.3265651,21.09408704,-0.924071047,17.8,31.70780080000004,-0.22767128999999997
382.20000000000005,921.8986983,20.81036437,-0.489513035,971.4274406,21.00002715,-0.83968572,17.8,31.728742299999976,-0.18966278000000258
382.3,923.9737371,20.76851314,-0.347511529,973.5186202,20.91638046,-0.724121339,17.8,31.744883099999992,-0.14786731999999958
382.40000000000003,926.0453008,20.74086207,-0.205510024,975.6018933,20.84688846,-0.583613713,17.8,31.756592500000078,-0.10602639000000025
382.5,928.1148094,20.72741114,-0.064435894,977.6790498,20.79466907,-0.424398653,17.8,31.764240400000016,-0.06725793000000024
382.6,930.183683,20.72816036,0.071073978,979.7518791,20.76034585,-0.252711972,17.8,31.768196100000022,-0.03218548999999982
382.70000000000005,932.2533414,20.74310974,0.195455338,981.8221708,20.74391881,-0.07478948,17.8,31.768829400000026,-0.0008090699999989681
382.8,934.3252048,20.77170284,0.303143928,983.8917147,20.74538796,0.104172315,17.8,31.766509899999914,0.02631488000000104
382.90000000000003,936.4006932,20.81115753,0.388575491,985.9623003,20.76475328,0.283134109,17.8,31.76160710000006,0.04640424999999837
383.0,938.4812265,20.85813527,0.446185772,988.0357173,20.80201478,0.462095903,17.8,31.75449079999994,0.05612048999999786
383.1,940.5682249,20.9092975,0.471337889,990.1137552,20.85717246,0.641057697,17.8,31.745530299999995,0.052125039999999956
383.20000000000005,942.6626631,20.96130566,0.463104467,992.1982037,20.93022632,0.820019491,17.8,31.73554059999999,0.031079340000001565
383.3,944.7637354,21.0108212,0.422412882,994.2908524,21.02117636,0.998981286,17.8,31.727116999999975,-0.010355159999999586
383.40000000000003,946.8701912,21.05450557,0.353900014,996.3934909,21.13002257,1.17794308,17.8,31.723299699999938,-0.07551700000000139
383.5,948.9807794,21.08902021,0.263130119,998.5079088,21.25676497,1.354978486,17.8,31.727129400000035,-0.16774475999999794
383.6,951.0942494,21.111583,0.155667455,1000.635896,21.40140355,1.520455567,17.8,31.741646600000035,-0.28982055000000173
383.70000000000005,953.2093502,21.1216375,0.037076277,1002.779241,21.5639383,1.653719372,17.8,31.76989079999994,-0.4423008000000017
383.8,955.324831,21.11918373,-0.087079157,1004.939735,21.74321341,1.770501443,17.8,31.814904000000023,-0.6240296799999996
383.90000000000003,957.439441,21.10422167,-0.212161967,1007.119167,21.9334497,1.831953587,17.8,31.87972599999996,-0.8292280299999994
384.0,959.5519295,21.07675134,-0.337244777,1009.319327,22.1222542,1.835614099,17.8,31.967397500000015,-1.0455028599999991
384.1,961.6610455,21.03677272,-0.462327587,1011.542003,22.31906584,1.771851041,17.8,32.080957500000025,-1.282293120000002
384.20000000000005,963.7655382,20.98428582,-0.587410397,1013.788062,22.5005757,1.638738025,17.8,32.222523799999934,-1.5162898799999986
384.3,965.8641568,20.91929064,-0.712493207,1016.054669,22.66530676,1.447298062,17.8,32.39051219999995,-1.7460161200000002
384.40000000000003,967.9556504,20.84178718,-0.837576018,1018.338066,22.80632403,1.179873222,17.8,32.58241560000006,-1.9645368499999982
384.5,970.0387683,20.75177543,-0.962658828,1020.634494,22.91669251,0.8753117,17.8,32.795725700000006,-2.164917080000002
384.6,972.1122596,20.64925541,-1.086594504,1022.940196,22.99063303,0.536075198,17.8,33.0279364,-2.341377620000003
384.70000000000005,974.1748736,20.53422711,-1.203647376,1025.251413,23.02698977,0.173722044,17.8,33.276539400000004,-2.4927626600000004
384.8,976.2253592,20.40669052,-1.30693464,1027.564386,23.02576272,-0.200189436,17.8,33.53902680000006,-2.619072199999998
384.90000000000003,978.2624658,20.26733394,-1.389573492,1029.875357,22.98695188,-0.576027304,17.8,33.812891199999925,-2.719617939999999
385.0,980.2849425,20.11959875,-1.444681128,1032.180568,22.91055726,-0.951865172,17.8,34.09562549999994,-2.7909585099999994
385.1,982.2915384,19.96761465,-1.465374744,1034.47626,22.79657885,-1.32770304,17.8,34.38472159999988,-2.828964199999998
385.20000000000005,984.2810028,19.81551132,-1.445918669,1036.758676,22.64501665,-1.703540908,17.8,34.677673199999916,-2.82950533
385.3,986.2526355,19.66741843,-1.38516577,1039.024056,22.45587067,-2.079378776,17.8,34.97142049999998,-2.788452239999998
385.40000000000003,988.2079387,19.52746567,-1.284263182,1041.268642,22.2291409,-2.455216644,17.8,35.2607033,-2.7016752299999993
385.5,990.1489653,19.39978273,-1.148946573,1043.488676,21.96482734,-2.828913697,17.8,35.53971069999996,-2.565044610000001
385.6,992.0777683,19.28849929,-0.986098748,1045.680399,21.66292999,-3.189765866,17.8,35.80263070000008,-2.374430699999998
385.70000000000005,993.9964005,19.19705674,-0.802602511,1047.840054,21.32344886,-3.524928264,17.8,36.04365349999996,-2.1263921199999984
385.8,995.906915,19.12614337,-0.605340666,1049.963881,20.94766843,-3.821556006,17.8,36.25696599999988,-1.821525059999999
385.90000000000003,997.8113646,19.07575918,-0.401196016,1052.048122,20.54201115,-4.066804207,17.8,36.43675739999988,-1.4662519700000018
386.0,999.7118023,19.04590417,-0.195904233,1054.08902,20.11418394,-4.247827982,17.8,36.57721769999985,-1.0682797700000002
386.1,1001.610281,19.03657833,0.00938755,1056.082815,19.67189373,-4.35392326,17.8,36.672534,-0.6353153999999996
386.20000000000005,1003.508853,19.04778168,0.214679333,1058.026776,19.22284747,-4.382949226,17.8,36.717922999999885,-0.17506579000000144
386.3,1005.409573,19.0795142,0.419971116,1059.922285,18.77475207,-4.337046695,17.8,36.71271200000008,0.30476212999999674
386.40000000000003,1007.314492,19.1317759,0.6252629,1061.771746,18.33531448,-4.226919738,17.8,36.657253999999924,0.79646142
386.5,1009.225663,19.20456678,0.830554683,1063.577569,17.91224161,-4.06541324,17.8,36.55190599999999,1.2923251700000016
386.6,1011.14514,19.29788684,1.03410088,1065.342159,17.51195592,-3.865372086,17.8,36.39701900000007,1.785930920000002
386.70000000000005,1013.074976,19.41173607,1.22717356,1067.067924,17.13574189,-3.639641161,17.8,36.19294799999996,2.2759941800000014
386.8,1015.017223,19.54611449,1.399299206,1068.757271,16.78359953,-3.401065351,17.8,35.940048000000004,2.7625149600000007
386.90000000000003,1016.973934,19.69997473,1.5400043,1070.412608,16.45552882,-3.160348727,17.8,35.63867400000011,3.2444459099999996
387.0,1018.947163,19.86808004,1.638815327,1072.036341,16.15152978,-2.919632103,17.8,35.28917799999995,3.716550259999998
387.1,1020.938961,20.0441463,1.685258768,1073.630878,15.8716024,-2.678915479,17.8,34.89191699999999,4.172543900000001
387.20000000000005,1022.951383,20.22188942,1.670606693,1075.198626,15.61574668,-2.438198855,17.8,34.44724300000014,4.606142739999999
387.3,1024.985643,20.39502527,1.593113516,1076.741992,15.38396263,-2.197482231,17.8,33.956349,5.011062640000002
387.40000000000003,1027.039604,20.55726975,1.454524823,1078.263383,15.17625024,-1.956765607,17.8,33.423778999999925,5.38101951
387.5,1029.110293,20.70233874,1.263568544,1079.765206,14.99260951,-1.716798164,17.8,32.85491300000008,5.709729229999999
387.6,1031.194735,20.82394815,1.030718197,1081.249869,14.83304044,-1.48132581,17.8,32.255133999999956,5.99090771
387.70000000000005,1033.289955,20.9168612,0.766447299,1082.719778,14.69754304,-1.254843632,17.8,31.62982299999994,6.21931816
387.8,1035.392979,20.98003054,0.481229367,1084.177341,14.58566779,-1.041846719,17.8,30.9843620000001,6.394362750000001
387.90000000000003,1037.500832,21.01345619,0.185537918,1085.624966,14.49516714,-0.846830159,17.8,30.32413400000014,6.51828905
388.0,1039.610542,21.01713813,-0.111899117,1087.065058,14.42334406,-0.67428904,17.8,29.65451600000001,6.5937940699999995
388.1,1041.719132,20.99107637,-0.409336152,1088.500026,14.36750148,-0.52796927,17.8,28.98089399999999,6.623574889999999
388.20000000000005,1043.823629,20.9352709,-0.706773187,1089.931917,14.32494235,-0.408620029,17.8,28.30828800000013,6.610328549999998
388.3,1045.921058,20.84972173,-1.004210223,1091.36134,14.29296961,-0.315492136,17.8,27.640282000000024,6.556752119999999
388.40000000000003,1048.008445,20.73442885,-1.301647258,1092.788544,14.26888622,-0.244839685,17.8,26.980099000000063,6.46554263
388.5,1050.082816,20.58939228,-1.599084293,1094.213779,14.24999513,-0.192167586,17.8,26.330962999999837,6.339397149999998
388.6,1052.141195,20.414612,-1.894785522,1095.637295,14.23404878,-0.152980753,17.8,25.69610000000007,6.180563220000002
388.70000000000005,1054.18061,20.21008801,-2.180071912,1097.059341,14.22059767,-0.122784096,17.8,25.078731000000015,5.98949034
388.8,1056.198085,19.97582032,-2.444528623,1098.480167,14.20964179,-0.097082527,17.8,24.482081999999945,5.766178530000001
388.90000000000003,1058.190646,19.71285041,-2.677740818,1099.900022,14.20118116,-0.072130139,17.8,23.90937600000002,5.511669250000001
389.0,1060.155318,19.42638571,-2.869293657,1101.319156,14.19521577,-0.047177752,17.8,23.36383799999994,5.231169940000001
389.1,1062.089128,19.1226751,-3.008772301,1102.737818,14.19174561,-0.022225364,17.8,22.848689999999987,4.930929489999999
389.20000000000005,1063.989101,18.8079675,-3.087497717,1104.156257,14.19077069,0.002727023,17.8,22.367156000000204,4.617196809999999
389.3,1065.853096,18.48851182,-3.103734099,1105.574724,14.19229102,0.027679411,17.8,21.92162800000001,4.296220799999999
389.40000000000003,1067.682304,18.17055694,-3.059217254,1106.993468,14.19630658,0.052631798,17.8,21.51116399999996,3.974250360000001
389.5,1069.47875,17.86035178,-2.962626214,1108.412738,14.20281738,0.077584186,17.8,21.133988,3.6575343999999976
389.6,1071.244459,17.56414525,-2.824375817,1109.832784,14.21182341,0.102587889,17.8,20.78832499999994,3.35232184
389.70000000000005,1072.981455,17.28714475,-2.654880904,1111.253855,14.22332469,0.127899487,17.8,20.472399999999833,3.0638200599999994
389.8,1074.691764,17.03039178,-2.464556313,1112.676201,14.23732121,0.153826875,17.8,20.18443700000007,2.7930705699999994
389.90000000000003,1076.37741,16.79388633,-2.263816883,1114.100072,14.25384375,0.180677947,17.8,19.9226619999999,2.5400425799999997
390.0,1078.040417,16.5776284,-2.061341646,1115.525716,14.27304627,0.208760598,17.8,19.685299000000168,2.3045821299999982
390.1,1079.682812,16.381618,-1.858866409,1116.953384,14.2951135,0.238382724,17.8,19.4705719999999,2.0865045
390.20000000000005,1081.306617,16.20585512,-1.656391173,1118.383325,14.32023018,0.269800903,17.8,19.276708000000053,1.8856249399999996
390.3,1082.913859,16.05033976,-1.453915936,1119.815813,14.34858105,0.303066451,17.8,19.10195399999993,1.70175871
390.40000000000003,1084.506562,15.91507193,-1.251440699,1121.251221,14.38035084,0.338128052,17.8,18.944658999999955,1.5347210899999997
390.5,1086.08675,15.80005162,-1.048965462,1122.689946,14.41572429,0.374729127,17.8,18.803196000000025,1.3843273299999996
390.6,1087.656448,15.70527884,-0.847234165,1124.132385,14.45488614,0.412561781,17.8,18.675937000000157,1.2503927000000008
390.70000000000005,1089.217682,15.63075358,-0.649966504,1125.578936,14.49799033,0.45131812,17.8,18.561254000000144,1.13276325
390.8,1090.772475,15.57647584,-0.461626114,1127.029997,14.54506766,0.490690249,17.8,18.457522000000107,1.0314081799999997
390.90000000000003,1092.322853,15.54199926,-0.286676633,1128.485963,14.59611812,0.530370272,17.8,18.363110000000187,0.9458811400000009
391.0,1093.87084,15.52509203,-0.129581696,1129.947234,14.65114171,0.570101611,17.8,18.276393999999936,0.8739503200000005
391.1,1095.418462,15.52307595,0.005195061,1131.414205,14.71013844,0.60983295,17.8,18.195742999999947,0.8129375100000011
391.20000000000005,1096.967742,15.53327286,0.117116433,1132.887275,14.7731083,0.649564289,17.8,18.119533,0.7601645599999998
391.3,1098.520349,15.55300456,0.196571242,1134.36684,14.8400513,0.689295629,17.8,18.046491000000014,0.712953259999999
391.40000000000003,1100.076522,15.57959288,0.251810193,1135.853299,14.91096743,0.729026968,17.8,17.976777000000038,0.6686254500000004
391.5,1101.636142,15.61226912,0.2854112,1137.347047,14.98585669,0.768758307,17.8,17.91090499999991,0.6264124300000002
391.6,1103.199093,15.64303477,0.301157663,1138.848483,15.06471909,0.808192567,17.8,17.84939000000004,0.5783156799999993
391.70000000000005,1104.765257,15.67416207,0.303513218,1140.358004,15.14755462,0.845844349,17.8,17.792746999999917,0.5266074500000002
391.8,1106.334515,15.70451958,0.29375901,1141.876008,15.23436329,0.879931178,17.8,17.741492999999945,0.47015629000000025
391.90000000000003,1107.90675,15.73369916,0.285225912,1143.402891,15.32496684,0.908670576,17.8,17.69614099999985,0.40873232000000037
392.0,1109.481843,15.76170081,0.274126856,1144.93905,15.41847404,0.930280067,17.8,17.657206999999925,0.3432267700000011
392.1,1111.059679,15.78852453,0.262347564,1146.484884,15.5138154,0.942977172,17.8,17.625205000000005,0.27470912999999975
392.20000000000005,1112.640137,15.81417032,0.250568271,1148.040789,15.60992143,0.945276496,17.8,17.60065199999981,0.20424889000000057
392.3,1114.223102,15.83863818,0.238788979,1149.607021,15.70572266,0.936880958,17.8,17.583919000000105,0.13291552000000095
392.40000000000003,1115.808454,15.86192812,0.227009687,1151.183263,15.80014959,0.918087638,17.8,17.574808999999913,0.061778529999999776
392.5,1117.396076,15.88404012,0.215230395,1152.769057,15.89213273,0.890381933,17.8,17.57298099999998,-0.008092610000000278
392.6,1118.985851,15.9049742,0.203695111,1154.363945,15.98060261,0.855546321,17.8,17.578094000000146,-0.0756284100000002
392.70000000000005,1120.57766,15.92473034,0.195538814,1155.967469,16.06466798,0.815363277,17.8,17.589809000000013,-0.13993763999999942
392.8,1122.171386,15.94330856,0.186480764,1157.57917,16.14415059,0.77161528,17.8,17.60778399999999,-0.20084202999999867
392.90000000000003,1123.766911,15.96085525,0.183729808,1159.19859,16.21905045,0.726084806,17.8,17.63167900000003,-0.2581952000000012
393.0,1125.364117,15.9792514,0.186835072,1160.825271,16.28936756,0.680257252,17.8,17.66115399999985,-0.310116159999998
393.1,1126.962886,15.99592858,0.197260609,1162.458755,16.3551019,0.634429699,17.8,17.695869000000084,-0.3591733200000018
393.20000000000005,1128.563101,16.01521208,0.216226465,1164.098583,16.4162535,0.588602145,17.8,17.735482,-0.40104141999999854
393.3,1130.164761,16.03683138,0.242061717,1165.744297,16.47282233,0.542774591,17.8,17.77953599999996,-0.43599095000000077
393.40000000000003,1131.768333,16.06166492,0.280267151,1167.395439,16.52480841,0.496947038,17.8,17.82710599999991,-0.4631434900000002
393.5,1133.374403,16.09059113,0.323877927,1169.05155,16.57221174,0.451119484,17.8,17.877146999999876,-0.4816206100000002
393.6,1134.983556,16.12448844,0.373344922,1170.712173,16.61503231,0.405962115,17.8,17.928616999999985,-0.49054386999999977
393.70000000000005,1136.596376,16.16408887,0.427204081,1172.376848,16.65327013,0.36532609,17.8,17.980472000000145,-0.48918125999999873
393.8,1138.213449,16.20953884,0.483991349,1174.045118,16.68692519,0.332731637,17.8,18.03166899999992,-0.47738634999999974
393.90000000000003,1139.835359,16.26083834,0.542242672,1175.716524,16.7163996,0.310701062,17.8,18.08116500000001,-0.45556125999999963
394.0,1141.462692,16.31798737,0.600738004,1177.390609,16.74400407,0.305754748,17.8,18.12791699999998,-0.42601669999999814
394.1,1143.096032,16.38098594,0.659233336,1179.066913,16.77185072,0.320913961,17.8,18.17088100000019,-0.39086478000000113
394.20000000000005,1144.735964,16.44983404,0.717728667,1180.744979,16.80145295,0.359529623,17.8,18.20901500000009,-0.35161891000000267
394.3,1146.383074,16.52453167,0.776223999,1182.42467,16.83672297,0.42177168,17.8,18.241596000000026,-0.31219130000000206
394.40000000000003,1148.037946,16.60507884,0.834719331,1184.107136,16.87947356,0.507470824,17.8,18.26919000000016,-0.2743947200000001
394.5,1149.701165,16.69147554,0.893214663,1185.793849,16.93211738,0.614774935,17.8,18.292683999999962,-0.2406418400000021
394.6,1151.373316,16.78372177,0.951709995,1187.48628,16.99706708,0.737163629,17.8,18.312964000000147,-0.21334531000000112
394.70000000000005,1153.054984,16.88181754,1.009736329,1189.185903,17.07633322,0.871615639,17.8,18.33091899999995,-0.19451567999999853
394.8,1154.746755,16.98576284,1.064948675,1190.894188,17.17031791,1.01410986,17.8,18.34743300000009,-0.18455507000000182
394.90000000000003,1156.449212,17.09555767,1.114533044,1192.612607,17.27902115,1.160625187,17.8,18.363395000000036,-0.1834634799999968
395.0,1158.162941,17.21092064,1.155675448,1194.342633,17.40244295,1.307810699,17.8,18.37969199999993,-0.19152230999999986
395.1,1159.888528,17.33044474,1.1855619,1196.085736,17.54058329,1.45499621,17.8,18.397208000000045,-0.21013854999999992
395.20000000000005,1161.626556,17.4524416,1.20137841,1197.84339,17.69344219,1.602181721,17.8,18.416834000000062,-0.24100058999999874
395.3,1163.377611,17.57522281,1.200779989,1199.617066,17.86101964,1.749367232,17.8,18.439455000000134,-0.2857968299999989
395.40000000000003,1165.142052,17.69709998,1.183297638,1201.408235,18.04331563,1.896552743,17.8,18.466183000000182,-0.34621564999999777
395.5,1166.91934,17.81638471,1.149400357,1203.218369,18.24033018,2.043738254,17.8,18.499029000000018,-0.4239454699999996
395.6,1168.708708,17.93138863,1.101433133,1205.048941,18.45206329,2.190923766,17.8,18.540233000000125,-0.520674660000001
395.70000000000005,1170.50939,18.04042333,1.042209957,1206.901423,18.67851494,2.336846168,17.8,18.592033000000082,-0.63809161
395.8,1172.320621,18.14208181,0.974544817,1208.777285,18.91968514,2.475189921,17.8,18.656663999999818,-0.777603329999998
395.90000000000003,1174.141635,18.23608269,0.901251699,1210.678001,19.17557389,2.598376372,17.8,18.736366000000043,-0.9394911999999991
396.0,1175.971667,18.32242595,0.825144594,1212.605041,19.44542334,2.698826872,17.8,18.833374000000003,-1.1229973900000019
396.1,1177.809949,18.4011116,0.74856849,1214.559878,19.72544414,2.76896277,17.8,18.949929000000065,-1.3243325400000003
396.20000000000005,1179.655718,18.47213965,0.671992387,1216.543983,20.01108911,2.801205415,17.8,19.088265000000046,-1.5389494600000013
396.3,1181.508206,18.53551008,0.595416283,1218.558829,20.29781106,2.789239266,17.8,19.250623000000086,-1.7623009799999991
396.40000000000003,1183.366649,18.5912229,0.51884018,1220.60528,20.5810628,2.731801214,17.8,19.43863099999994,-1.9898398999999998
396.5,1185.23028,18.63927812,0.442264076,1222.681778,20.85629714,2.630154368,17.8,19.6514979999999,-2.2170190199999986
396.6,1187.098333,18.67967572,0.365687973,1224.786156,21.11896689,2.490614269,17.8,19.88782299999998,-2.4392911700000006
396.70000000000005,1188.970044,18.71241571,0.289861307,1226.916249,21.36452486,2.320759568,17.8,20.14620500000019,-2.652109150000001
396.8,1190.844645,18.73749809,0.218531274,1229.069891,21.58918173,2.128168916,17.8,20.425246000000197,-2.851683640000001
396.90000000000003,1192.721372,18.75492287,0.158267028,1231.244915,21.79217962,1.920420962,17.8,20.723543000000017,-3.0372567499999974
397.0,1194.599458,18.76513969,0.107347624,1233.439156,21.97351854,1.705094358,17.8,21.039697999999998,-3.208378849999999
397.1,1196.478139,18.77039688,0.076487272,1235.650448,22.13319849,1.488504646,17.8,21.37230900000004,-3.3628016100000018
397.20000000000005,1198.356647,18.77463594,0.068110075,1237.876626,22.27121947,1.271914934,17.8,21.71997899999992,-3.4965835299999988
397.3,1200.234218,18.77682429,0.085963226,1240.115522,22.38758148,1.055325222,17.8,22.081304,-3.610757190000001
397.40000000000003,1202.110445,18.78339046,0.130796165,1242.364971,22.48228452,0.83873551,17.8,22.45452599999994,-3.6988940600000006
397.5,1203.986361,18.79578891,0.199786927,1244.622808,22.55532858,0.622145797,17.8,22.83644700000009,-3.7595396700000023
397.6,1205.863359,18.81671763,0.295405897,1246.886867,22.60671368,0.405556085,17.8,23.223507999999992,-3.789996049999999
397.70000000000005,1207.742831,18.84887458,0.406938865,1249.15498,22.6364398,0.19002355,17.8,23.612149,-3.787565220000001
397.8,1209.626171,18.89450809,0.531961727,1251.424984,22.64450695,-0.019165927,17.8,23.99881299999988,-3.7499988600000016
397.90000000000003,1211.51477,18.95406782,0.665977852,1253.694711,22.63091513,-0.215669287,17.8,24.3799410000001,-3.676847310000003
398.0,1213.410021,19.02755378,0.804490608,1255.961996,22.59629865,-0.39314347,17.8,24.751975000000083,-3.5687448699999997
398.1,1215.313318,19.11496595,0.943752802,1258.224674,22.54382903,-0.54885981,17.8,25.111356000000068,-3.428863080000003
398.20000000000005,1217.226051,19.21630434,1.083014996,1260.480577,22.4773121,-0.665632071,17.8,25.45452599999994,-3.2610077599999983
398.3,1219.149615,19.33156895,1.22227719,1262.72754,22.40055372,-0.749017548,17.8,25.77792500000005,-3.06898477
398.40000000000003,1221.085402,19.46075977,1.361539385,1264.963905,22.31519106,-0.794344673,17.8,26.078503000000136,-2.854431290000001
398.5,1223.034804,19.60387682,1.500801579,1267.190044,22.23153589,-0.802670621,17.8,26.355240000000048,-2.62765907
398.6,1224.999214,19.76092009,1.640063773,1269.406834,22.14688812,-0.779281275,17.8,26.60761999999995,-2.385968030000001
398.70000000000005,1226.980025,19.93188958,1.778284369,1271.615154,22.06722222,-0.726905301,17.8,26.835129000000006,-2.1353326400000014
398.8,1228.978629,20.11678528,1.910255374,1273.815884,21.99570973,-0.662728937,17.8,27.03725500000014,-1.878924450000003
398.90000000000003,1230.996419,20.31560721,2.029727197,1276.009902,21.93298495,-0.582252062,17.8,27.21348299999995,-1.617377740000002
399.0,1233.034787,20.5277304,2.130450248,1278.198087,21.87904788,-0.495432128,17.8,27.363299999999935,-1.3513174800000023
399.1,1235.095127,20.75003005,2.206174935,1280.381318,21.83389853,-0.407555017,17.8,27.486190999999916,-1.0838684799999996
399.20000000000005,1237.17883,20.97875641,2.250651668,1282.560473,21.79753688,-0.319677907,17.8,27.58164299999994,-0.8187804700000001
399.3,1239.28729,21.21015973,2.258672455,1284.736432,21.76996295,-0.231800797,17.8,27.649141999999937,-0.5598032199999992
399.40000000000003,1241.421399,21.44049024,2.229195696,1286.910072,21.75117672,-0.143923686,17.8,27.688672999999834,-0.3106864800000011
399.5,1243.580049,21.66599821,2.163262991,1289.082273,21.74117821,-0.056046576,17.8,27.70222400000007,-0.07517999999999958
399.6,1245.761634,21.88293387,2.066082331,1291.253914,21.73996741,0.031830534,17.8,27.692279999999936,0.14296646000000024
399.70000000000005,1247.964547,22.08754746,1.943903309,1293.425873,21.74754431,0.118968483,17.8,27.66132599999987,0.34000315000000114
399.8,1250.18718,22.2767142,1.802975513,1295.599029,21.76390893,0.201671459,17.8,27.611849000000074,0.5128052700000012
399.90000000000003,1252.427926,22.44980912,1.649548536,1297.774261,21.78906127,0.275504489,17.8,27.546334999999953,0.6607478499999999
400.0,1254.685177,22.60683223,1.489871968,1299.952447,21.82255781,0.336032603,17.8,27.467269999999825,0.7842744199999991
400.1,1256.957328,22.74778352,1.329153802,1302.134467,21.86218108,0.378820827,17.8,27.377139000000124,0.8856024399999995
400.20000000000005,1259.24277,22.87266299,1.168435636,1304.321199,21.9052701,0.399434189,17.8,27.278428999999914,0.9673928899999993
400.3,1261.539896,22.98147065,1.007717469,1306.513522,21.94916388,0.394176878,17.8,27.173625999999967,1.0323067699999982
400.40000000000003,1263.8471,23.07420648,0.846999303,1308.71196,21.99120143,0.362309733,17.8,27.064860000000134,1.0830050500000006
400.5,1266.162774,23.15087051,0.686281137,1310.915618,22.02872178,0.304571915,17.8,26.952844000000095,1.1221487299999993
400.6,1268.48531,23.21146271,0.52556297,1313.123245,22.05906394,0.224659235,17.8,26.83793499999997,1.1523987699999978
400.70000000000005,1270.813102,23.2559831,0.36484941,1315.333592,22.07956692,0.127006666,17.8,26.72048999999988,1.1764161800000004
400.8,1273.144543,23.28443167,0.204163486,1317.545408,22.08801325,0.016049179,17.8,26.60086499999984,1.1964184200000005
400.90000000000003,1275.478024,23.29680843,0.043532836,1319.757444,22.08395942,-0.103778253,17.8,26.479420000000072,1.2128490099999993
401.0,1277.81194,23.29311613,-0.117014905,1321.96845,22.06740543,-0.228040657,17.8,26.356510000000025,1.2257107000000005
401.1,1280.144683,23.2733686,-0.277452099,1324.177176,22.03835129,-0.353042223,17.8,26.23249299999993,1.23501731
401.20000000000005,1282.474645,23.23758241,-0.437751111,1326.382371,21.99679699,-0.47804379,17.8,26.10772599999991,1.2407854200000017
401.3,1284.80022,23.18577416,-0.597888909,1328.582785,21.94274253,-0.603045356,17.8,25.982564999999976,1.2430316300000008
401.40000000000003,1287.119803,23.11796041,-0.757860888,1330.777169,21.87618791,-0.728046922,17.8,25.85736599999991,1.2417724999999997
401.5,1289.431797,23.03415776,-0.917671653,1332.964273,21.79713314,-0.853048489,17.8,25.732476000000087,1.2370246199999997
401.6,1291.734608,22.93438278,-1.077344235,1335.142846,21.70557822,-0.978050055,17.8,25.608237999999982,1.2288045600000004
401.70000000000005,1294.026644,22.81865207,-1.236906271,1337.311639,21.60152313,-1.103521026,17.8,25.48499499999998,1.2171289399999985
401.8,1296.306308,22.68697942,-1.396385398,1339.469401,21.48496789,-1.231808428,17.8,25.363093000000116,1.20201153
401.90000000000003,1298.572009,22.53936762,-1.555809251,1341.614882,21.3559125,-1.365728689,17.8,25.2428730000001,1.1834551200000014
402.0,1300.822152,22.37581665,-1.715205467,1343.746833,21.2140753,-1.508098242,17.8,25.124680999999963,1.1617413499999998
402.1,1303.055142,22.19632652,-1.874597078,1345.864004,21.05804809,-1.661733514,17.8,25.00886200000009,1.1382784299999997
402.20000000000005,1305.269386,22.00089723,-2.033988688,1347.965143,20.886141,-1.829450938,17.8,24.895756999999957,1.1147562300000011
402.3,1307.463291,21.78952878,-2.193380298,1350.049003,20.69666419,-2.013597537,17.8,24.785712000000057,1.0928645900000014
402.40000000000003,1309.635262,21.56222117,-2.352771909,1352.114106,20.48792778,-2.214642717,17.8,24.67884399999998,1.0742933900000011
402.5,1311.783705,21.3189744,-2.512163519,1354.158077,20.25824193,-2.432117073,17.8,24.574371999999993,1.0607324699999978
402.6,1313.907026,21.05978847,-2.67155513,1356.178313,20.00591678,-2.663673579,17.8,24.4712869999998,1.0538716900000011
402.70000000000005,1316.003632,20.78466338,-2.83094674,1358.172214,19.72926246,-2.906495807,17.8,24.368582000000014,1.0554009200000003
402.8,1318.071928,20.49359912,-2.989830533,1360.137175,19.42687076,-3.157767324,17.8,24.265247,1.066728359999999
402.90000000000003,1320.110321,20.18659571,-3.145667426,1362.070597,19.09846004,-3.414671702,17.8,24.160275999999794,1.0881356699999998
403.0,1322.117217,19.86365313,-3.295410515,1363.969877,18.7440303,-3.67439251,17.8,24.052660000000014,1.1196228300000008
403.1,1324.091022,19.52507608,-3.436012901,1365.832413,18.36358154,-3.934582723,17.8,23.94139100000002,1.1614945400000032
403.20000000000005,1326.030141,19.17238802,-3.564427681,1367.655603,17.95711376,-4.194772936,17.8,23.82546199999997,1.215274260000001
403.3,1327.932981,18.80741707,-3.677607954,1369.436845,17.52462695,-4.454963149,17.8,23.70386400000002,1.2827901200000014
403.40000000000003,1329.797949,18.43199138,-3.773014637,1371.173538,17.06612113,-4.715153362,17.8,23.57558899999999,1.3658702500000004
403.5,1331.623693,18.0479391,-3.850139911,1372.863079,16.58159628,-4.975343575,17.8,23.439385999999967,1.4663428200000013
403.6,1333.409839,17.65708836,-3.909491594,1374.502866,16.07105241,-5.235533789,17.8,23.29302700000012,1.5860359499999994
403.70000000000005,1335.156255,17.2612673,-3.953608771,1376.090299,15.53448952,-5.495724002,17.8,23.134043999999857,1.7267777800000008
403.8,1336.86281,16.86230407,-3.985538342,1377.622774,14.97190761,-5.753895378,17.8,22.959963999999854,1.8903964599999998
403.90000000000003,1338.529373,16.46172211,-4.008327209,1379.09769,14.38330668,-5.999953739,17.8,22.76831699999998,2.0784154299999997
404.0,1340.155812,16.05982612,-4.025022274,1380.512445,13.76868672,-6.221786065,17.8,22.5566330000001,2.2911394000000005
404.1,1341.741995,15.65661609,-4.038670437,1381.864437,13.12925905,-6.407279342,17.8,22.322441999999864,2.52735704
404.20000000000005,1343.287792,15.25209203,-4.051810783,1383.151064,12.47108017,-6.544320551,17.8,22.063271999999824,2.7810118599999996
404.3,1344.793071,14.84625394,-4.064951129,1384.369724,11.80141788,-6.620796677,17.8,21.77665299999985,3.0448360599999997
404.40000000000003,1346.2577,14.43910181,-4.078091476,1385.517816,11.12754001,-6.626613538,17.8,21.460115999999925,3.3115617999999998
404.5,1347.681548,14.03063564,-4.091231822,1386.593706,10.45671435,-6.559752298,17.8,21.11215800000009,3.5739212899999995
404.6,1349.064484,13.62085544,-4.104372168,1387.599638,9.796208719,-6.422231795,17.8,20.73515399999992,3.8246467210000006
404.70000000000005,1350.406376,13.20976121,-4.117512515,1388.538824,9.153290929,-6.224146207,17.8,20.332448000000067,4.056470280999999
404.8,1351.707093,12.79735294,-4.128097794,1389.414477,8.535228788,-5.977608552,17.8,19.907384000000047,4.262124152
404.90000000000003,1352.966504,12.38363064,-4.138318063,1390.229808,7.948078805,-5.694731847,17.8,19.46330400000006,4.435551835
405.0,1354.184476,11.9685943,-4.145800965,1390.988031,7.393052281,-5.387629109,17.8,19.003555000000187,4.575542018999999
405.1,1355.36088,11.55377697,-4.143685541,1391.692357,6.870149216,-5.068413354,17.8,18.53147699999995,4.683627754
405.20000000000005,1356.495582,11.1378646,-4.131674483,1392.345999,6.37936961,-4.747178762,17.8,18.05041699999988,4.75849499
405.3,1357.588453,10.72228063,-4.107293881,1392.952169,5.920713464,-4.425944171,17.8,17.56371599999984,4.801567166
405.40000000000003,1358.639359,10.31114161,-4.070624895,1393.51408,5.494180776,-4.10470958,17.8,17.074720999999908,4.816960834
405.5,1359.648369,9.904625946,-4.017003558,1394.034943,5.099771548,-3.783474989,17.8,16.58657400000011,4.804854398
405.6,1360.61634,9.504217969,-3.946740638,1394.517972,4.737485778,-3.462240397,17.8,16.101632000000063,4.766732191000001
405.70000000000005,1361.544328,9.111402028,-3.866284774,1394.966379,4.407323468,-3.141005806,17.8,15.62205100000001,4.70407856
405.8,1362.43339,8.727662469,-3.775933275,1395.383375,4.109284617,-2.820876101,17.8,15.149984999999969,4.618377852
405.90000000000003,1363.28458,8.354236247,-3.67816005,1395.772174,3.843369225,-2.507375718,17.8,14.687593999999944,4.510867021999999
406.0,1364.098957,7.99137075,-3.575439008,1396.135987,3.609577292,-2.207133976,17.8,14.237029999999958,4.381793458
406.1,1364.877574,7.639065981,-3.470244058,1396.478028,3.407245887,-1.926780197,17.8,13.800453999999899,4.231820094
406.20000000000005,1365.621489,7.297321939,-3.364636789,1396.801507,3.233060348,-1.672943701,17.8,13.38001799999979,4.064261590999999
406.3,1366.331758,6.966138623,-3.25902952,1397.109639,3.083043083,-1.452253809,17.8,12.977880999999979,3.88309554
406.40000000000003,1367.009437,6.645516035,-3.153422252,1397.405634,2.953216499,-1.270234956,17.8,12.596197000000029,3.692299536
406.5,1367.655581,6.335454173,-3.047814983,1397.692176,2.839603005,-1.127992029,17.8,12.236595000000033,3.4958511679999997
406.6,1368.271247,6.035953038,-2.942207714,1397.969824,2.738225007,-1.024420139,17.8,11.898577000000113,3.2977280309999997
406.70000000000005,1368.857491,5.74701263,-2.836600446,1398.238609,2.645104913,-0.953994854,17.8,11.581118000000014,3.1019077170000005
406.8,1369.415369,5.468632949,-2.73117694,1398.498561,2.55626513,-0.910086853,17.8,11.283192000000053,2.912367819
406.90000000000003,1369.945937,5.200813995,-2.626856015,1398.74971,2.468390999,-0.886066814,17.8,11.003773000000091,2.732422996
407.0,1370.450252,4.943555767,-2.524740249,1398.992087,2.380819587,-0.875305417,17.8,10.741834999999991,2.5627361800000004
407.1,1370.929368,4.696748009,-2.425932223,1399.225723,2.293550893,-0.87117334,17.8,10.496354999999948,2.4031971160000003
407.20000000000005,1371.384343,4.459839429,-2.331534516,1399.450646,2.206584918,-0.868146151,17.8,10.266303000000061,2.2532545109999997
407.3,1371.816232,4.232168481,-2.242649709,1399.666888,2.119921663,-0.865118962,17.8,10.050656000000071,2.1122468180000005
407.40000000000003,1372.226092,4.013073615,-2.160196618,1399.874479,2.033561126,-0.862091772,17.8,9.848386999999956,1.9795124889999998
407.5,1372.61489,3.801893285,-2.084359006,1400.073449,1.947503308,-0.859064583,17.8,9.658558999999922,1.8543899769999999
407.6,1372.983241,3.597965942,-2.014953109,1400.263829,1.86174821,-0.856037393,17.8,9.480588000000079,1.736217732
407.70000000000005,1373.331672,3.400630038,-1.951060113,1400.445648,1.77629583,-0.853010204,17.8,9.313975999999865,1.624334208
407.8,1373.660711,3.209224026,-1.891577435,1400.618936,1.691146169,-0.849652792,17.8,9.158225000000083,1.5180778569999998
407.90000000000003,1373.970883,3.023196615,-1.835402498,1400.783725,1.606299227,-0.844314046,17.8,9.012842000000045,1.4168973879999998
408.0,1374.262716,2.842437548,-1.78143272,1400.940045,1.521755004,-0.835012633,17.8,8.877329000000099,1.3206825439999998
408.1,1374.536736,2.666946824,-1.728565522,1401.087925,1.437711633,-0.819767217,17.8,8.751189000000021,1.2292351910000001
408.20000000000005,1374.793471,2.496724443,-1.675882087,1401.227396,1.355159782,-0.796596466,17.8,8.633925000000044,1.141564661
408.3,1375.033447,2.331770406,-1.623198653,1401.358489,1.27528825,-0.763519045,17.8,8.525041999999939,1.056482156
408.40000000000003,1375.257191,2.172084713,-1.570515218,1401.481233,1.199285839,-0.718883842,17.8,8.424042000000053,0.9727988739999998
408.5,1375.46523,2.017667363,-1.517831783,1401.595817,1.128341347,-0.662360636,17.8,8.330586999999877,0.889326016
408.6,1375.65809,1.868518356,-1.465148349,1401.703064,1.063643577,-0.594279648,17.8,8.244974000000138,0.8048747790000002
408.70000000000005,1375.836299,1.724637693,-1.412464914,1401.803956,1.006381328,-0.516291991,17.8,8.167656999999917,0.718256365
408.8,1376.000384,1.586025373,-1.35973147,1401.899474,0.9577434,-0.430378998,17.8,8.099090000000114,0.628281973
408.90000000000003,1376.15087,1.452681397,-1.306697969,1401.990598,0.918720461,-0.338522003,17.8,8.03972800000015,0.533960936
409.0,1376.288286,1.324605764,-1.253064356,1402.078311,0.889510644,-0.24270234,17.8,7.9900250000000135,0.43509511999999995
409.1,1376.413157,1.201828481,-1.198530573,1402.163594,0.870113949,-0.144901343,17.8,7.9504370000001465,0.3317145319999999
409.20000000000005,1376.526011,1.084499574,-1.142796564,1402.247427,0.860530375,-0.046770124,17.8,7.9214160000000895,0.22396919900000012
409.3,1376.627375,0.972799079,-1.085562273,1402.330793,0.860759924,0.051361095,17.8,7.903418000000055,0.11203915499999995
409.40000000000003,1376.717775,0.866907029,-1.026577652,1402.414673,0.870802594,0.149492315,17.8,7.8968979999999185,-0.0038955649999999897
409.5,1376.797762,0.767003459,-0.965792693,1402.500047,0.890658387,0.247623534,17.8,7.902285000000074,-0.123654928
409.6,1376.867983,0.673268401,-0.903257404,1402.587898,0.920327301,0.345754753,17.8,7.9199149999999,-0.24705890000000008
409.70000000000005,1376.929109,0.585881889,-0.839221833,1402.679206,0.959809338,0.443885972,17.8,7.9500970000000954,-0.37392744899999997
409.8,1376.981811,0.505023959,-0.773986036,1402.774953,1.009104496,0.542017191,17.8,7.993141999999988,-0.504080537
409.90000000000003,1377.02676,0.430844637,-0.707850069,1402.87612,1.068212776,0.64022737,17.8,8.049359999999933,-0.637368139
410.0,1377.064626,0.36337393,-0.64111399,1402.983689,1.137134178,0.738911306,17.8,8.119062999999823,-0.7737602479999999
410.1,1377.09608,0.302611837,-0.574077854,1403.098641,1.215868702,0.838542756,17.8,8.202561000000014,-0.9132568650000001
410.20000000000005,1377.121794,0.248558359,-0.506991708,1403.221956,1.304463723,0.939595477,17.8,8.300162000000181,-1.055905364
410.3,1377.142438,0.201213496,-0.439905563,1403.354617,1.403156121,1.042543226,17.8,8.412178999999878,-1.201942625
410.40000000000003,1377.158682,0.160577247,-0.372819417,1403.497605,1.512230149,1.147859761,17.8,8.538923000000022,-1.351652902
410.5,1377.171199,0.126649612,-0.305733272,1403.651901,1.631970062,1.255939878,17.8,8.680702000000064,-1.50532045
410.6,1377.180658,0.099430592,-0.238647127,1403.818524,1.762660114,1.366862538,17.8,8.83786600000003,-1.663229522
410.70000000000005,1377.187731,0.078920187,-0.171560981,1403.998645,1.904584558,1.48054878,17.8,9.01091399999991,-1.825664371
410.8,1377.193088,0.065118396,-0.1041662,1404.193473,2.05802765,1.596603808,17.8,9.20038500000005,-1.9929092540000002
410.90000000000003,1377.1974,0.05802522,-0.034919604,1404.404217,2.223273644,1.714553864,17.8,9.406817,-2.1652484239999996
411.0,1377.201338,0.057640658,0.038030621,1404.632084,2.400559417,1.833925191,17.8,9.630745999999998,-2.3429187590000002
411.1,1377.205574,0.064149892,0.11653629,1404.878285,2.589932347,1.954244032,17.8,9.872710999999935,-2.525782455
411.20000000000005,1377.210777,0.07847883,0.202449217,1405.144027,2.791392432,2.07503663,17.8,10.133250000000043,-2.712913602
411.3,1377.217619,0.101738559,0.297621218,1405.43052,3.004939673,2.195908188,17.8,10.412900999999874,-2.903201114
411.40000000000003,1377.226771,0.13504017,0.40359547,1405.738972,3.230574069,2.316779745,17.8,10.712201000000004,-3.0955338990000003
411.5,1377.239051,0.17949475,0.52068061,1406.070591,3.468295622,2.437651303,17.8,11.031539999999904,-3.288800872
411.6,1377.255871,0.236213389,0.648568003,1406.426587,3.71810433,2.558522861,17.8,11.370715999999856,-3.481890941
411.70000000000005,1377.278791,0.306307174,0.785714468,1406.808168,3.980000194,2.679394419,17.8,11.729377000000067,-3.67369302
411.8,1377.309371,0.390887196,0.930268192,1407.216544,4.253983214,2.800265976,17.8,12.107173000000056,-3.863096018
411.90000000000003,1377.34917,0.490879361,1.080377359,1407.652922,4.540053389,2.920675473,17.8,12.50375200000003,-4.0491740279999995
412.0,1377.399748,0.606468851,1.234190156,1408.118511,4.83821072,3.038312603,17.8,12.918762999999853,-4.231741869
412.1,1377.462665,0.737655665,1.389854768,1408.61452,5.148455207,3.150404999,17.8,13.351855000000068,-4.4107995419999995
412.20000000000005,1377.53948,0.884439804,1.545828015,1409.142158,5.470509614,3.254180295,17.8,13.802678000000196,-4.58606981
412.3,1377.631754,1.046821268,1.701801262,1409.702634,5.802987756,3.346866123,17.8,14.270879999999988,-4.756166488
412.40000000000003,1377.741046,1.224800057,1.85777451,1410.297156,6.144226213,3.427077816,17.8,14.756109999999989,-4.919426156
412.5,1377.868915,1.41837617,2.013747757,1410.926933,6.492561566,3.490252532,17.8,15.258017999999947,-5.074185396
412.6,1378.016922,1.627549608,2.169721004,1411.592951,6.846330394,3.534359627,17.8,15.776029000000062,-5.218780786
412.70000000000005,1378.186627,1.852320371,2.325694252,1412.295312,7.204701897,3.564205142,17.8,16.308684999999922,-5.352381525999999
412.8,1378.379588,2.092688458,2.481667499,1413.033892,7.564661133,3.580188822,17.8,16.85430399999991,-5.471972675
412.90000000000003,1378.597366,2.348653871,2.637115215,1413.808569,7.923603532,3.585083036,17.8,17.411203000000068,-5.574949661
413.0,1378.84152,2.620216608,2.789409739,1414.619223,8.282749298,3.580272451,17.8,17.977702999999973,-5.662532690000001
413.1,1379.11361,2.907376669,2.935397882,1415.465729,8.640674859,3.570781968,17.8,18.5521189999999,-5.733298190000001
413.20000000000005,1379.415197,3.209818737,3.071926453,1416.347968,8.997380216,3.56095254,17.8,19.132771,-5.787561479
413.3,1379.747839,3.525966214,3.195842261,1417.265815,9.352865367,3.548750492,17.8,19.71797599999986,-5.826899152999999
413.40000000000003,1380.113096,3.853927188,3.303992115,1418.219151,9.707130314,3.536548443,17.8,20.30605499999997,-5.853203126
413.5,1380.512528,4.191809743,3.393748356,1419.207852,10.06017506,3.524346395,17.8,20.895324000000027,-5.868365317
413.6,1380.947443,4.537721964,3.464585452,1420.231796,10.41199959,3.512144346,17.8,21.48435300000001,-5.8742776260000005
413.70000000000005,1381.418139,4.889771938,3.517028936,1421.290862,10.76260393,3.499942297,17.8,22.07272299999995,-5.872831991999999
413.8,1381.924662,5.24606775,3.553706466,1422.384927,11.11198805,3.487740249,17.8,22.660265000000162,-5.865920300000001
413.90000000000003,1382.467058,5.604717486,3.577771232,1423.513869,11.46015197,3.475254436,17.8,23.24681100000016,-5.855434484
414.0,1383.045374,5.96414455,3.592376427,1424.677567,11.80709569,3.461066039,17.8,23.832192999999915,-5.84295114
414.1,1383.659656,6.324033622,3.600675239,1425.875899,12.15281921,3.443472474,17.8,24.41624299999985,-5.828785588000001
414.20000000000005,1384.30995,6.684384704,3.605820861,1427.108741,12.49715225,3.420771156,17.8,24.998790999999937,-5.812767545999999
414.3,1384.996302,7.045197794,3.610440952,1428.375973,12.83924355,3.391259501,17.8,25.579670999999916,-5.794045756000001
414.40000000000003,1385.718758,7.406472894,3.615061042,1429.677472,13.17807154,3.353234924,17.8,26.1587140000001,-5.771598645999999
414.5,1386.477366,7.768210003,3.619681132,1431.013117,13.51261467,3.305278607,17.8,26.73575099999989,-5.7444046669999995
414.6,1387.272169,8.130409121,3.624301222,1432.382649,13.84185139,3.247106783,17.8,27.310479999999824,-5.711442269000001
414.70000000000005,1388.103216,8.493070247,3.628921312,1433.785264,14.16476016,3.179003219,17.8,27.882048000000122,-5.671689913
414.8,1388.970553,8.856193383,3.632643052,1435.220025,14.48031942,3.102386733,17.8,28.449471999999968,-5.624126037
414.90000000000003,1389.874224,9.219778528,3.636621463,1436.68599,14.78750762,3.01895991,17.8,29.011766000000033,-5.567729091999999
415.0,1390.814277,9.583825682,3.640000294,1438.182222,15.08547347,2.930425335,17.8,29.567944999999963,-5.501647788
415.1,1391.790758,9.947795834,3.638014823,1439.707781,15.37404671,2.838485591,17.8,30.11702299999997,-5.426250875999999
415.20000000000005,1392.803713,10.312382,3.629771452,1441.261728,15.65322734,2.744843262,17.8,30.65801499999993,-5.340845340000001
415.3,1393.853188,10.67707042,3.613184214,1442.843123,15.92301536,2.65091717,17.8,31.18993500000006,-5.245944940000001
415.40000000000003,1394.93923,11.03900228,3.587065493,1444.451027,16.18341077,2.556991078,17.8,31.711797000000114,-5.144408489999998
415.5,1396.061884,11.3976414,3.548174301,1446.084502,16.43441358,2.463064985,17.8,32.22261799999997,-5.036772180000002
415.6,1397.22103,11.75173621,3.495280922,1447.742606,16.67602377,2.369138893,17.8,32.7215760000001,-4.92428756
415.70000000000005,1398.41588,12.10003513,3.431411772,1449.424403,16.90824135,2.275212801,17.8,33.20852299999997,-4.808206220000001
415.8,1399.645479,12.44128658,3.357112789,1451.128951,17.13106633,2.181286709,17.8,33.683471999999895,-4.68977975
415.90000000000003,1400.908871,12.77423898,3.274469939,1452.855312,17.3444987,2.087360616,17.8,34.146440999999825,-4.570259719999999
416.0,1402.205102,13.09784934,3.185569189,1454.602547,17.54853845,1.994168416,17.8,34.597445000000064,-4.450689109999999
416.1,1403.533217,13.41190907,3.092496505,1456.369716,17.7431856,1.905379565,17.8,35.036499000000006,-4.33127653
416.20000000000005,1404.892259,13.71641817,2.997337855,1458.15588,17.92844014,1.825397414,17.8,35.46362100000006,-4.212021969999999
416.3,1406.281275,14.01137664,2.901831544,1459.960101,18.1047424,1.758625313,17.8,35.87882599999985,-4.093365759999999
416.40000000000003,1407.69931,14.29678448,2.806325233,1461.781437,18.27429407,1.709466611,17.8,36.28212700000013,-3.9775095900000004
416.5,1409.145408,14.57264169,2.710818922,1463.618951,18.43973714,1.682324659,17.8,36.67354299999984,-3.867095449999999
416.6,1410.618614,14.83894827,2.61531261,1465.471703,18.60371364,1.680868914,17.8,37.05308899999996,-3.7647653699999992
416.70000000000005,1412.117973,15.09570421,2.519806299,1467.339106,18.76886557,1.705833269,17.8,37.42113300000001,-3.67316136
416.8,1413.64253,15.34290953,2.424299988,1469.221982,18.93783493,1.756483832,17.8,37.77945199999995,-3.594925400000001
416.90000000000003,1415.19133,15.58056421,2.329118702,1471.121506,19.11326375,1.829151144,17.8,38.13017599999985,-3.532699540000001
417.0,1416.763418,15.80866826,2.235887568,1473.038851,19.29779403,1.919431856,17.8,38.475433000000024,-3.4891257699999993
417.1,1418.357839,16.02722168,2.146556736,1474.975193,19.49362744,2.022922617,17.8,38.81735399999998,-3.4664057600000007
417.20000000000005,1419.973638,16.23641949,2.06307636,1476.931705,19.70120433,2.135220078,17.8,39.15806700000003,-3.46478484
417.3,1421.609859,16.43723675,1.98739659,1478.909562,19.92052468,2.251920889,17.8,39.49970300000014,-3.4832879299999995
417.40000000000003,1423.265548,16.63084357,1.921467578,1480.909938,20.15158851,2.369355592,17.8,39.84438999999993,-3.52074494
417.5,1424.93975,16.81841003,1.86691445,1482.934008,20.3943958,2.486790295,17.8,40.19425799999995,-3.5759857700000026
417.6,1426.631665,17.00110622,1.824062232,1484.982946,20.64894656,2.604224997,17.8,40.551280999999975,-3.6478403399999983
417.70000000000005,1428.341119,17.18010223,1.792585898,1487.057926,20.9152408,2.7216597,17.8,40.91680700000002,-3.73513857
417.8,1430.068093,17.35656816,1.770860322,1489.160122,21.1932785,2.839094403,17.8,41.292028999999914,-3.8367103400000033
417.90000000000003,1431.812567,17.53167409,1.756935352,1491.29071,21.48305968,2.956529105,17.8,41.67814300000005,-3.951385590000001
418.0,1433.574523,17.70639511,1.748860837,1493.450862,21.78458433,3.072294886,17.8,42.07633899999992,-4.078189220000002
418.1,1435.353941,17.88092622,1.744686626,1495.641755,22.09785244,3.178047135,17.8,42.48781400000003,-4.216926220000001
418.20000000000005,1437.150803,18.05526743,1.742462565,1497.864561,22.42286403,3.259902088,17.8,42.9137580000001,-4.367596599999999
418.3,1438.965089,18.22941873,1.740563531,1500.120456,22.75861773,3.31945691,17.8,43.35536700000007,-4.529199000000002
418.40000000000003,1440.796781,18.40338013,1.738664496,1502.410613,23.10010679,3.335087372,17.8,43.813832000000005,-4.696726660000003
418.5,1442.64586,18.57715163,1.736765461,1504.736208,23.43900093,3.300650174,17.8,44.29034799999995,-4.861849299999999
418.6,1444.512307,18.75073323,1.734866426,1507.098413,23.77625847,3.207800708,17.8,44.786105999999975,-5.025525239999997
418.70000000000005,1446.396102,18.92412492,1.732967391,1509.497604,24.09890486,3.054870049,17.8,45.301501999999985,-5.1747799400000005
418.8,1448.297227,19.0973267,1.731068356,1511.930948,24.40325413,2.847397355,17.8,45.833720999999926,-5.3059274300000006
418.90000000000003,1450.215662,19.27033859,1.729125667,1514.394813,24.68329816,2.582116535,17.8,46.37915100000005,-5.412959569999998
419.0,1452.151389,19.44316057,1.726921054,1516.885568,24.93302881,2.280651821,17.8,46.934178999999816,-5.48986824
419.1,1454.104389,19.61579264,1.724192591,1519.39958,25.14743934,1.949146511,17.8,47.495190999999934,-5.5316467
419.20000000000005,1456.074643,19.78820863,1.720678355,1521.933216,25.32552839,1.597614138,17.8,48.05857299999998,-5.537319759999999
419.3,1458.062131,19.96027755,1.716116421,1524.482846,25.46729596,1.236068232,17.8,48.6207150000002,-5.507018410000001
419.40000000000003,1460.066835,20.13184226,1.710244864,1527.044836,25.57274204,0.872853404,17.8,49.17800099999995,-5.440899780000002
419.5,1462.088736,20.3027456,1.702845415,1529.615555,25.64186664,0.509638577,17.8,49.72681900000016,-5.339121039999998
419.6,1464.127794,20.47283042,1.693874418,1532.19137,25.67466975,0.146423749,17.8,50.263576000000015,-5.2018393299999985
419.70000000000005,1466.183884,20.64193956,1.683375528,1534.76865,25.67115139,-0.216791078,17.8,50.78476599999995,-5.029211829999998
419.8,1468.256863,20.80991587,1.671567015,1537.343762,25.63131154,-0.580005906,17.8,51.286898999999906,-4.821395669999998
419.90000000000003,1470.346586,20.9766022,1.658710805,1539.913073,25.55515021,-0.943220733,17.8,51.766487000000055,-4.578548010000002
420.0,1472.452907,21.14186757,1.64506882,1542.472952,25.44266739,-1.304639239,17.8,52.220044999999985,-4.300799820000002
420.1,1474.575683,21.30568581,1.630902987,1545.019767,25.29386309,-1.655279817,17.8,52.64408399999998,-3.9881772799999986
420.20000000000005,1476.714768,21.4680569,1.616475229,1547.549886,25.10873731,-1.984364537,17.8,53.03511799999997,-3.640680409999998
420.3,1478.870018,21.62898086,1.602003818,1550.059675,24.88836784,-2.28111547,17.8,53.3896569999999,-3.259386980000002
420.40000000000003,1481.041288,21.78845767,1.587532406,1552.545504,24.63814365,-2.541221903,17.8,53.704216000000045,-2.8496859800000003
420.5,1483.228433,21.94648734,1.573060994,1555.00374,24.36453148,-2.734504265,17.8,53.975307000000114,-2.4180441399999992
420.6,1485.431309,22.10306987,1.558589582,1557.430751,24.07399811,-2.87138259,17.8,54.19944200000005,-1.9709282400000028
420.70000000000005,1487.64977,22.25820525,1.54411817,1559.823767,23.76912995,-2.943593342,17.8,54.3739970000001,-1.5109247000000003
420.8,1489.883673,22.4118935,1.529646758,1562.183467,23.46803476,-2.952932844,17.8,54.49979400000002,-1.0561412599999969
420.90000000000003,1492.132873,22.5641346,1.514820124,1564.511392,23.16553829,-2.908382702,17.8,54.57851899999987,-0.6014036900000015
421.0,1494.397224,22.71492857,1.497862154,1566.809084,22.87198764,-2.814253632,17.8,54.611859999999936,-0.15705906999999897
421.1,1496.676582,22.86427539,1.476641512,1569.078084,22.59277178,-2.700725203,17.8,54.60150199999994,0.2715036099999999
421.20000000000005,1498.970802,23.01196194,1.449026864,1571.319932,22.32896849,-2.559173703,17.8,54.54913000000006,0.6829934499999979
421.3,1501.27974,23.15692255,1.412886872,1573.536171,22.08057777,-2.406844274,17.8,54.45643100000002,1.0763447799999994
421.40000000000003,1503.603251,23.29787841,1.366090202,1575.728341,21.84759963,-2.252718524,17.8,54.32509,1.4502787799999979
421.5,1505.941191,23.43355072,1.306860741,1577.897985,21.63003407,-2.098592773,17.8,54.156794000000176,1.8035166499999988
421.6,1508.293243,23.56266069,1.234843265,1580.046642,21.42788108,-1.944467023,17.8,53.95339899999995,2.1347796100000025
421.70000000000005,1510.658411,23.68392951,1.150392998,1582.175855,21.24114066,-1.790341273,17.8,53.71744400000007,2.4427888499999995
421.8,1513.035526,23.79607838,1.055286052,1584.287164,21.06981282,-1.636215523,17.8,53.45163800000019,2.7262655600000016
421.90000000000003,1515.423422,23.8978285,0.951653764,1586.382111,20.91389756,-1.482089772,17.8,53.158688999999825,2.9839309400000005
422.0,1517.820931,23.98811421,0.841627468,1588.462237,20.77339487,-1.327964022,17.8,52.84130599999999,3.2147193399999985
422.1,1520.226884,24.06672235,0.727338501,1590.529084,20.64830476,-1.173838272,17.8,52.50220000000009,3.4184175900000007
422.20000000000005,1522.640114,24.13365295,0.610918199,1592.584192,20.53862722,-1.019712521,17.8,52.14407799999999,3.5950257299999997
422.3,1525.059453,24.18890599,0.494142674,1594.629103,20.44436225,-0.865586771,17.8,51.76964999999991,3.7445437399999975
422.40000000000003,1527.483734,24.23248149,0.377367148,1596.665358,20.36550986,-0.711461021,17.8,51.38162400000006,3.866971630000002
422.5,1529.911789,24.26437942,0.260591623,1598.694498,20.30207005,-0.557335271,17.8,50.98270900000007,3.96230937
422.6,1532.342449,24.28459981,0.143816098,1600.718066,20.25404281,-0.40320952,17.8,50.57561699999992,4.030556999999998
422.70000000000005,1534.774547,24.29314264,0.027040573,1602.737601,20.22142814,-0.24908377,17.8,50.16305400000006,4.071714499999999
422.8,1537.206916,24.29000792,-0.089734953,1604.754645,20.20422605,-0.09495802,17.8,49.74772899999989,4.085781870000002
422.90000000000003,1539.638388,24.27519565,-0.206510478,1606.77074,20.20243654,0.05916773,17.8,49.33235199999986,4.07275911
423.0,1542.067794,24.24870583,-0.322793206,1608.787426,20.2160596,0.213293481,17.8,48.91963200000005,4.0326462299999974
423.1,1544.493968,24.21053845,-0.436119149,1610.806245,20.24509523,0.367419231,17.8,48.512277,3.965443220000001
423.20000000000005,1546.915741,24.16069352,-0.543531525,1612.828739,20.28954345,0.521544981,17.8,48.11299800000002,3.8711500699999988
423.3,1549.331945,24.09946672,-0.642073547,1614.856448,20.34940423,0.675670732,17.8,47.7245030000001,3.7500624899999977
423.40000000000003,1551.741414,24.02833643,-0.728788433,1616.890913,20.42467759,0.829796482,17.8,47.34949899999988,3.603658839999998
423.5,1554.142978,23.94907674,-0.803830753,1618.933677,20.51536353,0.983922232,17.8,46.99069899999991,3.4337132100000005
423.6,1556.535471,23.8634617,-0.855402455,1620.98628,20.62146204,1.138047982,17.8,46.650809000000166,3.2419996599999976
423.70000000000005,1558.917961,23.77326539,-0.892344807,1623.050263,20.74297312,1.292173733,17.8,46.332301999999984,3.0302922700000003
423.8,1561.290463,23.67839507,-0.91203925,1625.127168,20.87989678,1.416330587,17.8,46.03670499999994,2.7984982900000013
423.90000000000003,1563.653229,23.58622525,-0.916949773,1627.218536,21.03223302,1.552260936,17.8,45.76530700000008,2.5539922299999986
424.0,1566.00651,23.49292955,-0.910033159,1629.325908,21.19998183,1.664644296,17.8,45.519398000000095,2.292947720000001
424.1,1568.350557,23.40185319,-0.891134837,1631.450826,21.36516188,1.698245089,17.8,45.30026900000003,2.036691310000002
424.20000000000005,1570.685623,23.31329184,-0.872545657,1633.594831,21.55089203,1.624814111,17.8,45.10920800000004,1.7623998100000016
424.3,1573.011958,23.2272455,-0.847888338,1635.759463,21.75717228,1.53425805,17.8,44.94750500000005,1.4700732199999997
424.40000000000003,1575.329815,23.14371417,-0.822738221,1637.946265,21.89884384,1.456545802,17.8,44.81644999999999,1.2448703299999977
424.5,1577.639444,23.06269785,-0.797588105,1640.156778,22.00712149,1.376394666,17.8,44.71733400000012,1.0555763599999999
424.6,1579.941097,22.98419655,-0.772437988,1642.392542,22.12053666,1.204792711,17.8,44.65144500000015,0.863659890000001
424.70000000000005,1582.235025,22.90821026,-0.747287871,1644.655099,22.23908936,1.185526992,17.8,44.620074000000116,0.6691208999999994
