t,x_follower,v_follower,a_follower,x_leader,v_leader,a_leader,leader_length,spacing,dv
345.5,48.39832137,5.928428421,1.324121681,90.06674013,8.196554375,-0.195742136,13.8,27.86841876,-2.2681259540000003
345.6,48.95201049,6.060207344,1.327287907,90.88506692,8.177680035,-0.181027758,13.8,28.13305643,-2.1174726909999997
345.70000000000005,49.53167544,6.192619512,1.594645225,91.70157627,8.160205441,-0.162011913,13.8,28.369900830000002,-1.9675859290000002
345.8,50.1375062,6.325664926,1.776049662,92.51640814,8.144130594,-0.134393136,13.8,28.578901939999998,-1.818465668
345.90000000000003,50.76969274,6.459343584,2.006762992,93.32970251,8.129885641,-0.09386996,13.8,28.76000977,-1.6705420569999996
346.0,51.42842505,6.725751033,2.239587139,94.14159936,8.119621314,-0.036140918,13.8,28.91317431,-1.3938702809999999
346.1,52.11389308,6.994058218,2.474522104,94.95223867,8.115918493,0.043095456,13.8,29.038345590000002,-1.1218602750000004
346.20000000000005,52.82628682,7.264265139,2.711567886,95.7617604,8.121358059,0.147423718,13.8,29.13547358,-0.8570929200000004
346.3,53.56579624,7.536371796,2.730565242,96.57064865,8.138520891,0.277560777,13.8,29.204852409999997,-0.6021490950000006
346.40000000000003,54.33261131,7.810378188,2.749562599,97.38076398,8.169987868,0.432789724,13.8,29.24815267,-0.35960968000000015
346.5,55.12692201,8.086284315,2.768559956,98.19431106,8.218339871,0.609526002,13.8,29.267389050000002,-0.13205555599999919
346.6,55.94891831,8.364090179,2.787557313,99.01349459,8.28615778,0.803468146,13.8,29.26457627999999,0.07793239899999982
346.70000000000005,56.79879018,8.643795778,2.80655467,99.84051923,8.375592328,1.01031469,13.8,29.24172905,0.2682034499999997
346.8,57.6767276,8.925401113,2.825552027,100.6775897,8.48707366,1.225764166,13.8,29.2008621,0.4383274529999994
346.90000000000003,58.58292053,9.208906184,2.844549384,101.5269106,8.620601779,1.445515108,13.8,29.14399006999999,0.5883044050000006
347.0,59.51755897,9.49431099,2.863546741,102.3906866,8.776176682,1.665982962,13.8,29.07312762999999,0.7181343080000016
347.1,60.48083286,9.781615532,2.882544098,103.2711225,8.953798371,1.886450815,13.8,28.990289640000004,0.8278171610000005
347.20000000000005,61.4729322,10.07081981,2.901541455,104.1704229,9.153466845,2.106918668,13.8,28.897490700000002,0.9173529649999992
347.3,62.49404696,10.36192382,2.920538812,105.0907925,9.375182105,2.327386522,13.8,28.796745540000007,0.9867417149999991
347.40000000000003,63.5443671,10.65492757,2.939536169,106.0344359,9.618944149,2.547854375,13.8,28.690068800000002,1.0359834209999992
347.5,64.62408261,10.94983106,2.958533526,107.0035579,9.88475298,2.768322229,13.8,28.57947529,1.0650780799999993
347.6,65.73338344,11.24663428,2.977530883,108.0003631,10.1726086,2.987792789,13.8,28.466979660000003,1.07402568
347.70000000000005,66.87245959,11.54533723,2.99652824,109.0270562,10.482511,3.201279585,13.8,28.354596609999998,1.0628262299999989
347.8,68.04150102,11.84593992,3.015525597,110.0858419,10.81446018,3.402798855,13.8,28.244340880000006,1.03147974
347.90000000000003,69.24069771,12.14844235,3.034522954,111.1789249,11.16785778,3.586366836,13.8,28.13822718999999,0.9805845699999995
348.0,70.47023963,12.45284452,3.05352031,112.3085098,11.5397119,3.746886487,13.8,28.03827017,0.913132619999999
348.1,71.73031674,12.75914641,3.072517667,113.4768013,11.92643229,3.877780758,13.8,27.94648456,0.8327141200000003
348.20000000000005,73.02111904,13.06734805,3.091515024,114.6860041,12.3244287,3.970522706,13.8,27.864885060000002,0.7429193499999993
348.3,74.34283649,13.37744942,3.110512381,115.9378441,12.73064289,4.029428956,13.8,27.79500761000001,0.6468065299999992
348.40000000000003,75.69565906,13.68945053,3.129509738,117.2321327,13.14112864,4.05342992,13.8,27.736473639999996,0.5483218900000004
348.5,77.07977672,14.00335137,3.148507095,118.5682021,13.5501714,4.04751207,13.8,27.688425379999995,0.45317997000000076
348.6,78.49537946,14.31915194,3.167504452,119.9453849,13.95736927,4.016772444,13.8,27.650005439999997,0.3617826700000002
348.70000000000005,79.94265725,14.63685226,3.186501809,121.3630136,14.35849025,3.967788094,13.8,27.620356350000005,0.2783620100000004
348.8,81.42180005,14.95645231,3.205499166,122.8204206,14.75293594,3.910083255,13.8,27.598620550000003,0.2035163699999991
348.90000000000003,82.93299784,15.27795209,3.224496523,124.3169384,15.14070635,3.844327773,13.8,27.58394056,0.13724573999999912
349.0,84.4764406,15.60135161,3.239799949,125.8518995,15.52180149,3.777574997,13.8,27.575458899999997,0.07955012000000039
349.1,86.05231829,15.92665087,3.254575671,127.4246363,15.89622135,3.710822222,13.8,27.57231801,0.03042952000000021
349.20000000000005,87.6608209,16.25384986,3.263681938,129.0344814,16.26396594,3.644069446,13.8,27.5736605,-0.010116079999999528
349.3,89.3021384,16.58073223,3.258277582,130.6807672,16.62503524,3.57731667,13.8,27.578628799999986,-0.04430301000000014
349.40000000000003,90.97646075,16.90919771,3.237045087,132.3628261,16.97942927,3.510563895,13.8,27.586365350000005,-0.07023155999999986
349.5,92.68397794,17.23616125,3.19602742,134.0799907,17.32714802,3.443811119,13.8,27.59601275999999,-0.09098677000000066
349.6,94.42487993,17.55631816,3.134961476,135.8315933,17.6681915,3.377058343,13.8,27.606713370000005,-0.11187333999999893
349.70000000000005,96.19904014,17.86887792,3.046723994,137.6169666,18.00255969,3.309863884,13.8,27.617926460000017,-0.13368176999999903
349.8,98.00506573,18.17146631,2.933159197,139.4354429,18.33025261,3.240019328,13.8,27.63037717,-0.15878629999999916
349.90000000000003,99.8412473,18.46170911,2.802448746,141.2863548,18.65127025,3.164874578,13.8,27.64510749999999,-0.18956113999999857
350.0,101.7058754,18.73723211,2.655910156,143.1690346,18.9653476,3.081779535,13.8,27.663159200000006,-0.22811549000000042
350.1,103.5972407,18.99605677,2.497500463,145.0828149,19.27115962,2.988084103,13.8,27.685574199999987,-0.2751028499999997
350.20000000000005,105.5136338,19.23778741,2.331176701,147.0270282,19.56711624,2.881138184,13.8,27.713394399999995,-0.32932883000000146
350.3,107.4533452,19.46242401,2.160895905,149.0010069,19.85162741,2.758733364,13.8,27.74766169999999,-0.38920339999999953
350.40000000000003,109.4146656,19.66996659,1.989955602,151.0038714,20.12310307,2.62042796,13.8,27.7892058,-0.45313647999999773
350.5,111.3958856,19.86041513,1.8190153,153.0338943,20.37995316,2.466663655,13.8,27.838008699999985,-0.5195380299999997
350.6,113.3952957,20.03376965,1.648074998,155.0891359,20.62058762,2.299648863,13.8,27.893840199999996,-0.5868179699999985
350.70000000000005,115.4111865,20.19003013,1.477134695,157.1676567,20.8434164,2.122033681,13.8,27.95647020000001,-0.6533862699999986
350.8,117.4418487,20.32919659,1.306194393,159.2675171,21.04711444,1.936468208,13.8,28.025668399999997,-0.7179178500000027
350.90000000000003,119.4855728,20.45126901,1.135254091,161.3867774,21.23141673,1.74560254,13.8,28.1012046,-0.7801477199999987
351.0,121.5406495,20.55624741,0.964313788,163.5234983,21.39632328,1.552086774,13.8,28.1828488,-0.8400758699999997
351.1,123.6053693,20.64413177,0.793642964,165.67574,21.54183408,1.358129326,13.8,28.270370699999983,-0.8977023099999997
351.20000000000005,125.6780229,20.7149221,0.624589008,167.841563,21.66794914,1.164171877,13.8,28.363540100000005,-0.953027040000002
351.3,127.7569008,20.76861841,0.458768791,170.0190277,21.77466846,0.970214429,13.8,28.462126900000012,-1.0060500500000025
351.40000000000003,129.8402936,20.80538237,0.29779918,172.2061945,21.86199203,0.77625698,13.8,28.565900900000013,-1.0566096599999995
351.5,131.9264919,20.82602242,0.143297044,174.401124,21.92991986,0.582299532,13.8,28.674632100000007,-1.1038974399999972
351.6,134.0137864,20.83150868,-0.003120748,176.6018764,21.97845194,0.388342083,13.8,28.78809000000002,-1.1469432600000005
351.70000000000005,136.1004676,20.82281128,-0.140106804,178.8065122,22.00758827,0.194862671,13.8,28.906044599999984,-1.1847769899999996
351.8,138.1849554,20.80090033,-0.267391647,181.0130919,22.01732886,0.00425147,13.8,29.0281365,-1.2164285299999982
351.90000000000003,140.2661873,20.76674596,-0.385244756,183.2196759,22.00767371,-0.180623304,13.8,29.153488599999985,-1.2409277499999973
352.0,142.3432298,20.72131828,-0.49501352,185.4243245,21.97890963,-0.35689344,13.8,29.281094700000022,-1.257591350000002
352.1,144.4151498,20.66558743,-0.598314809,187.6250983,21.93247074,-0.521690725,13.8,29.409948499999995,-1.2668833100000008
352.20000000000005,146.4810138,20.60036183,-0.696765491,189.8200576,21.87007795,-0.672146945,13.8,29.539043800000012,-1.2697161199999982
352.3,148.5398887,20.52580316,-0.791982435,192.0072629,21.79345221,-0.805871924,13.8,29.667374199999994,-1.2676490500000028
352.40000000000003,150.590841,20.44191144,-0.885582511,194.1850041,21.70431443,-0.922387627,13.8,29.794163099999974,-1.2624029900000018
352.5,152.6329375,20.34868666,-0.978913108,196.3524888,21.60438554,-1.022172087,13.8,29.919551300000006,-1.2556988800000006
352.6,154.6652449,20.24612882,-1.072243706,198.5091543,21.49538648,-1.107615484,13.8,30.0439094,-1.2492576600000014
352.70000000000005,156.6868298,20.13423792,-1.165574303,200.6544376,21.37903816,-1.181586029,13.8,30.167607799999995,-1.24480024
352.8,158.696759,20.01301396,-1.258904901,202.7877761,21.2567747,-1.246951936,13.8,30.291017100000015,-1.2437607400000026
352.90000000000003,160.6940991,19.88245694,-1.352235498,204.9086067,21.12888292,-1.306581417,13.8,30.414507600000018,-1.246425979999998
353.0,162.6779169,19.74256686,-1.445566096,207.0163668,20.99536281,-1.363342685,13.8,30.53844989999997,-1.2527959499999994
353.1,164.647279,19.59334372,-1.538262534,209.1104935,20.85621438,-1.419625918,13.8,30.66321449999999,-1.2628706600000008
353.20000000000005,166.6012522,19.43478752,-1.627154015,211.1904238,20.71143763,-1.475909151,13.8,30.789171599999985,-1.2766501099999985
353.3,168.5389031,19.26689826,-1.708435582,213.2555951,20.56103255,-1.532192383,13.8,30.916691999999994,-1.2941342899999988
353.40000000000003,170.4592984,19.09005644,-1.778302278,215.3054445,20.40499915,-1.588475616,13.8,31.046146099999998,-1.3149427099999969
353.5,172.3615048,18.90616453,-1.832949146,217.3394091,20.24333743,-1.644758849,13.8,31.177904300000005,-1.3371728999999988
353.6,174.244589,18.71750551,-1.868571229,219.3569262,20.07604738,-1.701042082,13.8,31.312337200000012,-1.3585418699999998
353.70000000000005,176.1076177,18.52636236,-1.88199773,221.3574328,19.90312901,-1.757201184,13.8,31.449815100000006,-1.3767666500000004
353.8,177.9499621,18.33501804,-1.872594488,223.3403661,19.72458232,-1.812615503,13.8,31.590404000000017,-1.3895642799999983
353.90000000000003,179.7722107,18.14575553,-1.840995664,225.3051634,19.5404073,-1.866540255,13.8,31.73295270000001,-1.3946517699999994
354.0,181.5752566,17.9608578,-1.790372056,227.2512617,19.35067844,-1.918230658,13.8,31.876005099999997,-1.38982064
354.1,183.3599929,17.78260784,-1.724528619,229.1780984,19.15576813,-1.966941927,13.8,32.018105500000004,-1.3731602899999977
354.20000000000005,185.1273128,17.61290811,-1.647270311,231.0851104,18.95612323,-2.01192928,13.8,32.157797599999995,-1.34321512
354.3,186.8781092,17.45213912,-1.56240209,232.971735,18.75219062,-2.052572064,13.8,32.29362579999999,-1.3000515000000021
354.40000000000003,188.6132752,17.30030086,-1.473728911,234.8374689,18.54441716,-2.088746148,13.8,32.424193700000004,-1.2441162999999982
354.5,190.333704,17.15739334,-1.384421573,236.6820473,18.33324973,-2.120575663,13.8,32.548343299999985,-1.1758563899999999
354.6,192.0402885,17.02341655,-1.295114235,238.5052647,18.1191352,-2.148681261,13.8,32.6649762,-1.0957186499999985
354.70000000000005,193.7339219,16.89837049,-1.205806896,240.3069159,17.90252044,-2.173807727,13.8,32.772994,-1.0041499499999986
354.8,195.4154973,16.78225517,-1.116499558,242.0867955,17.68377783,-2.196699842,13.8,32.8712982,-0.9015226600000013
354.90000000000003,197.0859076,16.67507058,-1.02719222,243.8446981,17.46298186,-2.218102391,13.8,32.95879049999998,-0.7879112799999994
355.0,198.746046,16.57681673,-0.937884882,245.5804185,17.24013253,-2.238760157,13.8,33.0343725,-0.6633157999999995
355.1,200.3968056,16.4874936,-0.848577544,247.2937513,17.01522983,-2.259293792,13.8,33.096945700000006,-0.5277362299999986
355.20000000000005,202.0390794,16.40710122,-0.759594304,248.9844912,16.78827377,-2.279827427,13.8,33.14541180000002,-0.3811725499999987
355.3,203.6737605,16.33563956,-0.672555652,250.6524328,16.55926434,-2.300361062,13.8,33.17867230000003,-0.22362477999999797
355.40000000000003,205.3017419,16.27310864,-0.589406177,252.2973707,16.32820156,-2.320894697,13.8,33.195628799999994,-0.05509291999999988
355.5,206.9239168,16.219314,-0.512090467,253.9190998,16.0950854,-2.341428332,13.8,33.195183,0.12422860000000213
355.6,208.5411783,16.17328334,-0.442553111,255.5174145,15.85991589,-2.361961967,13.8,33.17623619999999,0.3133674500000012
355.70000000000005,210.1544193,16.1338499,-0.382738697,257.0921096,15.62269301,-2.379519338,13.8,33.13769030000002,0.5111568900000005
355.8,211.7645329,16.09984694,-0.333247511,258.6429798,15.38341677,-2.396184692,13.8,33.078446899999975,0.7164301699999989
355.90000000000003,213.3722568,16.0701077,-0.296680087,260.1698196,15.14208716,-2.41225981,13.8,32.99756279999998,0.9280205400000003
356.0,214.9777061,16.04346543,-0.272004244,261.6724239,14.90048995,-2.405948673,13.8,32.89471780000001,1.1429754800000005
356.1,216.5808404,16.01936549,-0.256267166,263.1505872,14.65737459,-2.374205645,13.8,32.76974680000002,1.3619908999999986
356.20000000000005,218.1816195,15.99527528,-0.248308442,264.6041041,14.41256,-2.308553432,13.8,32.622484599999964,1.5827152800000004
356.3,219.780003,15.97064735,-0.246183484,266.0327695,14.17912381,-2.203490999,13.8,32.45276649999998,1.79152354
356.40000000000003,221.3759506,15.94608664,-0.248967905,267.4363778,13.95889338,-2.048456804,13.8,32.260427199999995,1.9871932600000015
356.5,222.969422,15.92112263,-0.252440684,268.8154021,13.7569551,-1.834671769,13.8,32.045980099999966,2.1641675299999985
356.6,224.5603768,15.89575534,-0.255689413,270.1730278,13.57839535,-1.576867499,13.8,31.812651,2.31735999
356.70000000000005,226.1487747,15.86998475,-0.259722318,271.5131187,13.42830051,-1.276676746,13.8,31.564344000000016,2.4416842400000007
356.8,227.7345754,15.84381087,-0.263755222,272.8395386,13.31175694,-0.942576807,13.8,31.304963200000014,2.53205393
356.90000000000003,229.3177385,15.8172337,-0.267788127,274.1561513,13.23300331,-0.583044978,13.8,31.038412799999985,2.5842303899999983
357.0,230.8982237,15.79025325,-0.271821031,275.4668204,13.19288733,-0.206558556,13.8,30.768596700000028,2.5973659199999997
357.1,232.4759908,15.7628695,-0.275853936,276.7754099,13.19140902,0.178405162,13.8,30.499419099999994,2.5714604800000007
357.20000000000005,234.0509993,15.73508246,-0.2798913,278.0857834,13.22856837,0.564781764,13.8,30.234784100000024,2.5065140899999996
357.3,235.6232089,15.70689213,-0.283955422,279.4018047,13.30436537,0.951158365,13.8,29.978595800000004,2.4025267600000006
357.40000000000003,237.1925794,15.67829851,-0.288073059,280.7273376,13.41880004,1.337534966,13.8,29.734758199999998,2.2594984699999987
357.5,238.7590703,15.64929892,-0.292270968,282.0662459,13.57187237,1.723911568,13.8,29.50717560000002,2.07742655
357.6,240.3226413,15.61987999,-0.296575908,283.4223933,13.76358235,2.110288169,13.8,29.299752000000023,1.8562976399999993
357.70000000000005,241.8832522,15.59002566,-0.301014636,284.7996436,13.99393,2.49666477,13.8,29.116391400000037,1.5960956599999996
357.8,243.4408626,15.55971988,-0.30560945,286.2018605,14.26291531,2.879903487,13.8,28.960997900000006,1.296804569999999
357.90000000000003,244.9954299,15.52894659,-0.31036481,287.6329078,14.57053827,3.244314896,13.8,28.837477899999993,0.9584083200000002
358.0,246.5469033,15.49768973,-0.315276256,289.0966493,14.9167989,3.571071688,13.8,28.749746000000027,0.5808908299999995
358.1,248.0952295,15.46593325,-0.320321489,290.5969487,15.29981446,3.841346556,13.8,28.701719199999996,0.16611879000000052
358.20000000000005,249.6403553,15.43366111,-0.325473753,292.1376699,15.71017129,4.036312191,13.8,28.69731459999998,-0.2765101800000007
358.3,251.1822275,15.40085991,-0.33070629,293.7226765,16.13657301,4.137141285,13.8,28.740448999999966,-0.7357130999999999
358.40000000000003,252.7207931,15.36752699,-0.335992341,295.3558324,16.56772324,4.128144416,13.8,28.835039299999988,-1.2001962499999994
358.5,254.2559988,15.33366233,-0.341305151,297.0394951,16.99232559,4.006183697,13.8,28.983496300000024,-1.6586632600000009
358.6,255.7877914,15.29926596,-0.34662242,298.7699975,17.39908367,3.774397014,13.8,29.182206099999984,-2.09981771
358.70000000000005,257.3161179,15.26433785,-0.351939689,300.5421662,17.77670111,3.448473791,13.8,29.4260483,-2.5123632600000008
358.8,258.8409249,15.22887802,-0.357256958,302.3508279,18.11388151,3.047241335,13.8,29.709903000000008,-2.885003489999999
358.90000000000003,260.3621593,15.19288646,-0.362574227,304.1908092,18.40121122,2.589526954,13.8,30.028649900000016,-3.20832476
359.0,261.879768,15.15636317,-0.367891496,306.0569368,18.63680751,2.094157957,13.8,30.377168800000003,-3.48044434
359.1,263.3936978,15.11930816,-0.373208765,307.9440374,18.82067039,1.579961652,13.8,30.75033960000003,-3.701362230000001
359.20000000000005,264.9038955,15.08172142,-0.378526034,309.8469376,18.95279985,1.062627463,13.8,31.143042100000013,-3.8710784300000025
359.3,266.410308,15.04360295,-0.382110759,311.7604641,19.03319588,0.545293273,13.8,31.55015609999999,-3.9895929300000006
359.40000000000003,267.912882,15.00495276,-0.386501938,313.6794435,19.0618585,0.027959083,13.8,31.966561499999965,-4.0569057399999995
359.5,269.4115644,14.96577084,-0.386681395,315.5987025,19.0387877,-0.489375106,13.8,32.38713810000003,-4.073016860000001
359.6,270.906302,14.92712064,-0.381314644,317.5130678,18.96398348,-1.006709296,13.8,32.80676580000001,-4.0368628399999995
359.70000000000005,272.3970417,14.88719785,-0.369017719,319.4173659,18.83744584,-1.524043486,13.8,33.22032420000001,-3.950247990000001
359.8,273.8837302,14.84971258,-0.348058076,321.3064236,18.65917478,-2.041377675,13.8,33.62269340000002,-3.8094622000000005
359.90000000000003,275.3663145,14.81481417,-0.318475593,323.1750676,18.4291703,-2.555715273,13.8,34.00875309999999,-3.614356129999999
360.0,276.8448799,14.78354213,-0.275530517,325.0181244,18.14743241,-3.052073322,13.8,34.373244499999956,-3.3638902799999997
360.1,278.3200662,14.75693599,-0.223962602,326.8304208,17.81396109,-3.512472272,13.8,34.71035460000003,-3.057025099999999
360.20000000000005,279.792652,14.73603529,-0.163731969,328.6067833,17.43055431,-3.918932573,13.8,35.014131300000045,-2.6945190200000013
360.3,281.2634157,14.72187954,-0.096571161,330.3420387,17.00620185,-4.253474676,13.8,35.278622999999996,-2.2843223100000003
360.40000000000003,282.7331357,14.71533502,-0.024212722,332.0310137,16.55169142,-4.498119031,13.8,35.49787800000003,-1.8363564000000014
360.5,284.2025905,14.71657498,0.051610804,333.6685348,16.07781076,-4.637882682,13.8,35.66594429999999,-1.3612357799999977
360.6,285.6725585,14.72559943,0.129166875,335.2508671,15.5953476,-4.669769035,13.8,35.77830860000002,-0.8697481699999994
360.70000000000005,287.1438181,14.74240836,0.207011702,336.7800291,15.11508967,-4.596774682,13.8,35.836211000000006,-0.37268130999999904
360.8,288.6171479,14.76700177,0.284856529,338.2594775,14.64782471,-4.433882583,13.8,35.842329599999985,0.11917706000000017
360.90000000000003,290.0933262,14.79937966,0.362701357,339.6926694,14.20434043,-4.199072285,13.8,35.799343200000024,0.5950392299999994
361.0,291.5731316,14.83954204,0.440546184,341.0830614,13.79362661,-3.910323339,13.8,35.70992980000001,1.045915429999999
361.1,293.0573424,14.8874889,0.518391012,342.4341105,13.41748121,-3.585615293,13.8,35.576768099999995,1.4700076899999992
361.20000000000005,294.5467371,14.94322024,0.596235839,343.7492734,13.07590423,-3.242927699,13.8,35.40253630000002,1.8673160099999997
361.3,296.0420942,15.00673607,0.673257392,345.0320071,12.76889567,-2.897243512,13.8,35.18991289999998,2.2378404000000014
361.40000000000003,297.5441921,15.07803638,0.745339299,346.2857684,12.49645553,-2.551559326,13.8,34.94157630000002,2.58158085
361.5,299.0538092,15.15712117,0.804411256,347.514014,12.25858381,-2.20587514,13.8,34.66020479999999,2.8985373600000006
361.6,300.5717241,15.24349648,0.854925593,348.7202009,12.0552805,-1.860190953,13.8,34.34847680000003,3.188215979999999
361.70000000000005,302.0987151,15.33469248,0.882550688,349.9077859,11.88654562,-1.514506767,13.8,34.00907080000003,3.4481468599999996
361.8,303.6355607,15.425867,0.885477554,351.0802258,11.75237915,-1.168822581,13.8,33.64466510000001,3.6734878500000008
361.90000000000003,305.1830393,15.51969143,0.859589819,352.2409775,11.6527811,-0.824572059,13.8,33.25793819999997,3.8669103299999996
362.0,306.7415343,15.60756679,0.80406421,353.3934978,11.58775147,-0.488923527,13.8,32.85196349999997,4.019815319999999
362.1,308.3098482,15.6884077,0.722854659,354.5412436,11.55729026,-0.170478975,13.8,32.4313954,4.131117440000001
362.20000000000005,309.8863884,15.75925037,0.61068556,355.6876717,11.56053727,0.122159609,13.8,32.001283300000026,4.198713100000001
362.3,311.4695624,15.81713101,0.481888537,356.8362389,11.5931915,0.380390235,13.8,31.56667650000004,4.223939510000001
362.40000000000003,313.0577775,15.85957979,0.338272577,357.9904021,11.65009176,0.606545364,13.8,31.132624599999996,4.209488029999999
362.5,314.6494413,15.88610276,0.184777325,359.1536181,11.72607686,0.760653317,13.8,30.704176800000038,4.160025900000001
362.6,316.242961,15.89669991,0.026342428,360.3286556,11.81598561,0.874083785,13.8,30.28569460000001,4.0807143
362.70000000000005,317.8367441,15.89137125,-0.132915744,361.5155307,11.92121748,0.93733598,13.8,29.878786600000023,3.9701537700000014
362.8,319.4291981,15.87011676,-0.292173916,362.7135713,12.01692926,0.957578227,13.8,29.484373200000004,3.8531875000000007
362.90000000000003,321.0187304,15.83293646,-0.451432088,363.9221051,12.11764177,0.943412516,13.8,29.10337470000003,3.7152946900000003
363.0,322.6037483,15.77983035,-0.61069026,365.1404602,12.21249335,0.892506384,13.8,28.7367119,3.5673369999999984
363.1,324.1826594,15.71079841,-0.769948431,366.3679643,12.3006238,0.846265176,13.8,28.385304900000005,3.4101746100000003
363.20000000000005,325.7538709,15.62584066,-0.929206603,367.6039455,12.38203312,0.780487527,13.8,28.050074600000027,3.2438075400000006
363.3,327.3157904,15.52495709,-1.088464775,368.8477315,12.45672131,0.713276214,13.8,27.731941099999982,3.0682357799999984
363.40000000000003,328.8668253,15.40814771,-1.246680843,370.0986503,12.52468836,0.6460649,13.8,27.431824999999957,2.883459349999999
363.5,330.4053829,15.2754125,-1.398644286,371.3560298,12.58593429,0.578853586,13.8,27.15064689999998,2.689478209999999
363.6,331.9298707,15.12675148,-1.538102481,372.6191978,12.64045908,0.511642273,13.8,26.889327100000013,2.4862924
363.70000000000005,333.4386961,14.96278991,-1.658802803,373.8874822,12.68826274,0.444430959,13.8,26.648786100000006,2.274527169999999
363.8,334.9302665,14.78665409,-1.754492627,375.1602109,12.72934527,0.377219645,13.8,26.429944399999965,2.057308820000001
363.90000000000003,336.4029894,14.6020956,-1.818919329,376.4367118,12.76370667,0.310008331,13.8,26.233722399999987,1.8383889300000007
364.0,337.8552721,14.41286602,-1.84687239,377.7163128,12.79134694,0.243039577,13.8,26.061040700000046,1.6215190799999988
364.1,339.2860223,14.22271693,-1.837309704,378.9983417,12.81226607,0.177526182,13.8,25.912319400000012,1.410450860000001
364.20000000000005,340.6961485,14.03539988,-1.791273376,380.2821265,12.82646408,0.114923502,13.8,25.78597800000001,1.2089358000000008
364.3,342.0870594,13.85466647,-1.713973927,381.5669951,12.83408649,0.056686898,13.8,25.679935699999998,1.020579979999999
364.40000000000003,343.4601635,13.68426827,-1.61166398,382.8522753,12.83586098,0.004271727,13.8,25.59211179999995,0.8484072900000008
364.5,344.8168696,13.52733158,-1.49059616,384.137295,12.83266077,-0.040866652,13.8,25.520425399999976,0.6946708099999999
364.6,346.1585864,13.38448167,-1.357023091,385.4213821,12.82535908,-0.078163793,13.8,25.462795700000026,0.5591225899999994
364.70000000000005,347.4867226,13.25571854,-1.217197398,386.703981,12.81482911,-0.105946559,13.8,25.41725839999999,0.44088943000000036
364.8,348.8026867,13.14104219,-1.076329601,387.9850015,12.80194409,-0.124859131,13.8,25.382314800000028,0.33909810000000107
364.90000000000003,350.1078876,13.04045262,-0.935461804,389.2644703,12.78718821,-0.13700939,13.8,25.3565827,0.2532644099999999
365.0,351.4037339,12.95394983,-0.794594007,390.5424138,12.77229304,-0.143338215,13.8,25.3386799,0.18165679000000168
365.1,352.6916342,12.88153382,-0.65372621,391.8188584,12.75774529,-0.145300965,13.8,25.3272242,0.12378852999999879
365.20000000000005,353.9729972,12.82320459,-0.512858413,393.0938306,12.74315344,-0.143704647,13.8,25.32083339999998,0.08005114999999918
365.3,355.2492317,12.77896213,-0.371990616,394.3673568,12.72882618,-0.141435196,13.8,25.318125099999985,0.050135949999999596
365.40000000000003,356.5217463,12.74880646,-0.231778782,395.6394635,12.71476351,-0.139303789,13.8,25.317717199999958,0.03404295000000168
365.5,357.7919496,12.73273757,-0.095502732,396.9101772,12.70096542,-0.136657904,13.8,25.31822760000001,0.03177215000000011
365.6,359.0612504,12.73075546,0.032901753,398.1795243,12.68743193,-0.13401202,13.8,25.31827390000002,0.043323529999998556
365.70000000000005,360.3310573,12.74246655,0.149498888,399.4475313,12.67416302,-0.131366136,13.8,25.31647399999998,0.06830352999999967
365.8,361.602779,12.76590295,0.252662612,400.7142246,12.6611587,-0.128720251,13.8,25.311445600000024,0.10474424999999954
365.90000000000003,362.8778242,12.79870319,0.331527981,401.9796307,12.64841897,-0.126074367,13.8,25.30180649999995,0.15028421999999964
366.0,364.1576016,12.83850579,0.389744337,403.2437761,12.63594383,-0.12394296,13.8,25.28617449999997,0.20256195999999882
366.1,365.443205,12.88433514,0.424345995,404.5066872,12.62373327,-0.121885049,13.8,25.26348220000001,0.26060186999999857
366.20000000000005,366.7344686,12.92967225,0.435988919,405.7683905,12.61178731,-0.121030649,13.8,25.233921899999995,0.317884939999999
366.3,368.0309122,12.97631315,0.427952929,407.0289124,12.59979724,-0.122350529,13.8,25.198000200000035,0.3765159100000002
366.40000000000003,369.332055,13.02051054,0.401864086,408.2882794,12.58802767,-0.126242797,13.8,25.156224399999996,0.4324828699999994
366.5,370.6374168,13.06029654,0.368587335,409.5465179,12.57580058,-0.13335055,13.8,25.109101100000043,0.4844959600000003
366.6,371.9465168,13.09527755,0.325129299,410.8036545,12.56253351,-0.143802407,13.8,25.05713770000001,0.5327440400000008
366.70000000000005,373.2588748,13.12545359,0.277735479,412.059664,12.54798759,-0.158682446,13.8,25.000789199999996,0.5774659999999994
366.8,374.57401,13.15082465,0.229685695,413.3143158,12.53177698,-0.177396567,13.8,24.940305799999987,0.6190476700000005
366.90000000000003,375.8914422,13.17139073,0.181635912,414.5673277,12.5135158,-0.199081185,13.8,24.87588550000005,0.6578749300000002
367.0,377.2106907,13.18715183,0.133586128,415.8184173,12.4928182,-0.22333819,13.8,24.807726600000034,0.6943336299999991
367.1,378.531275,13.19810795,0.085536344,417.0673024,12.46936264,-0.249524485,13.8,24.736027400000022,0.7287453100000008
367.20000000000005,379.8527148,13.2042591,0.037486561,418.3137009,12.4430848,-0.276996975,13.8,24.660986100000013,0.7611743000000004
367.3,381.1745293,13.20560527,-0.010563223,419.5573305,12.41398468,-0.305112562,13.8,24.58280119999996,0.7916205899999991
367.40000000000003,382.4962383,13.20214645,-0.058613007,420.797909,12.38206229,-0.333335331,13.8,24.501670699999988,0.8200841600000004
367.5,383.8173611,13.19388266,-0.106513403,422.0351541,12.34731761,-0.361558101,13.8,24.41779299999997,0.8465650500000006
367.6,385.1374173,13.1808139,-0.153517474,423.2687837,12.30975067,-0.38978087,13.8,24.33136639999999,0.8710632300000007
367.70000000000005,386.4559264,13.16294015,-0.198728894,424.4985154,12.26936144,-0.41800364,13.8,24.242588999999963,0.8935787099999999
367.8,387.7724078,13.14035106,-0.241251339,425.7240671,12.22614994,-0.446226409,13.8,24.151659300000016,0.9142011199999995
367.90000000000003,389.0863812,13.11349478,-0.280188483,426.9451565,12.18011616,-0.474449179,13.8,24.05877529999999,0.9333786199999992
368.0,390.3973659,13.08290912,-0.314644001,428.1615015,12.1312601,-0.502459177,13.8,23.964135599999974,0.9516490199999996
368.1,391.7048815,13.04913186,-0.343870955,429.3728197,12.07958177,-0.529192547,13.8,23.86793819999998,0.9695500899999985
368.20000000000005,393.0085191,13.01270081,-0.367719958,430.578829,12.02508116,-0.553372661,13.8,23.770309899999983,0.987619650000001
368.3,394.3081569,12.97415375,-0.386340397,431.7792471,11.96788593,-0.573722891,13.8,23.671090200000048,1.0062678199999997
368.40000000000003,395.6037446,12.93402848,-0.400479211,432.9737918,11.90863441,-0.588966608,13.8,23.570047199999987,1.0253940700000008
368.5,396.8952319,12.89286281,-0.411032723,434.1621808,11.84809256,-0.597827185,13.8,23.466948899999988,1.044770250000001
368.6,398.1825685,12.85110488,-0.41889726,435.344132,11.78702637,-0.599240765,13.8,23.3615635,1.0640785099999999
368.70000000000005,399.4657042,12.80884433,-0.424969147,436.5194653,11.7262018,-0.592994577,13.8,23.253761099999974,1.0826425299999993
368.8,400.7445887,12.76608117,-0.430144708,437.688409,11.66638485,-0.579301391,13.8,23.14382029999997,1.0996963199999996
368.90000000000003,402.0191717,12.72281539,-0.435170881,438.8512937,11.60834147,-0.559225065,13.8,23.03212199999997,1.11447392
369.0,403.289403,12.679047,-0.440197055,440.0084501,11.55283766,-0.534042227,13.8,22.91904710000001,1.1262093400000008
369.1,404.5552324,12.63477598,-0.445223229,441.1602085,11.50051173,-0.505029505,13.8,22.804976099999987,1.134264250000001
369.20000000000005,405.8166096,12.59000235,-0.450249403,442.3068996,11.45149133,-0.473463526,13.8,22.690290000000015,1.138511020000001
369.3,407.0734842,12.5447261,-0.455275576,443.448854,11.40577647,-0.440620919,13.8,22.575369799999986,1.1389496300000008
369.40000000000003,408.3258061,12.49894724,-0.46030175,444.5864022,11.36336714,-0.407565541,13.8,22.460596099999986,1.1355801000000003
369.5,409.573525,12.45266575,-0.465367111,445.7198747,11.32426336,-0.374510163,13.8,22.346349699999973,1.1284023899999998
369.6,410.8165905,12.40588165,-0.470667596,446.8496021,11.28846511,-0.341454785,13.8,22.233011600000008,1.117416539999999
369.70000000000005,412.0549526,12.35859493,-0.47643833,447.9759149,11.2559724,-0.308399407,13.8,22.12096230000004,1.1026225300000014
369.8,413.2885608,12.31078208,-0.482914435,449.0991438,11.22678523,-0.275344029,13.8,22.01058299999995,1.0839968499999983
369.90000000000003,414.517365,12.26232554,-0.490331038,450.2196192,11.2009036,-0.242288651,13.8,21.902254200000026,1.0614219400000007
370.0,415.7413149,12.21308424,-0.498923261,451.3376717,11.1783275,-0.209233273,13.8,21.796356799999966,1.0347567400000006
370.1,416.9603601,12.16291709,-0.508887041,452.4536319,11.15905694,-0.176268304,13.8,21.6932718,1.0038601500000013
370.20000000000005,418.1744318,12.11168303,-0.520261567,453.5678303,11.14309192,-0.143845784,13.8,21.593398500000045,0.9685911100000002
370.3,419.3833854,12.05924098,-0.533007649,454.6805975,11.13043244,-0.112508163,13.8,21.497212099999967,0.9288085400000003
370.40000000000003,420.5870579,12.00544986,-0.546929353,455.7922641,11.12102425,-0.082797891,13.8,21.40520620000002,0.884425610000001
370.5,421.7852863,11.9501686,-0.561791553,456.9031605,11.11459613,-0.055257417,13.8,21.317874200000016,0.8355724699999989
370.6,422.9779073,11.89327965,-0.577359125,458.0136173,11.1108226,-0.030429192,13.8,21.235709999999994,0.7824570499999997
370.70000000000005,424.1647578,11.83475948,-0.593396945,459.1239651,11.10937821,-0.008765256,13.8,21.159207300000002,0.7253812700000015
370.8,425.3456748,11.7746081,-0.60966989,460.2344911,11.10993747,0.009643982,13.8,21.08881630000003,0.6646706299999998
370.90000000000003,426.520495,11.7128255,-0.625982022,461.3453088,11.11217492,0.02488893,13.8,21.024813800000015,0.6006505799999999
371.0,427.6890555,11.64941169,-0.642294154,462.4564884,11.11576509,0.037421631,13.8,20.967432900000016,0.5336466000000009
371.1,428.851193,11.58436667,-0.658606286,463.5681001,11.12038251,0.047784533,13.8,20.916907099999957,0.463984159999999
371.20000000000005,430.0067444,11.51769043,-0.674918418,464.680214,11.12575596,0.056520086,13.8,20.873469599999975,0.3919344700000007
371.3,431.1555467,11.44938299,-0.69123055,465.7929004,11.13183119,0.064170739,13.8,20.837353700000005,0.3175518000000004
371.40000000000003,432.2974366,11.37944432,-0.707542682,466.9062294,11.13860819,0.071278944,13.8,20.808792799999946,0.24083612999999993
371.5,433.4322511,11.30787445,-0.723854814,468.0202712,11.14608697,0.07829674,13.8,20.78802010000005,0.1617874799999992
371.6,434.5598271,11.23467336,-0.740022127,469.1350959,11.15426754,0.085314535,13.8,20.775268800000003,0.08040582000000107
371.70000000000005,435.6800014,11.15984106,-0.755320521,470.2507738,11.16314988,0.092332331,13.8,20.77077240000001,-0.0033088200000008783
371.8,436.7926109,11.08337755,-0.76888108,471.367375,11.172734,0.099350127,13.8,20.77476409999998,-0.08935645000000036
371.90000000000003,437.8974925,11.00536971,-0.779834884,472.4849697,11.18301991,0.106367923,13.8,20.787477200000023,-0.17765020000000042
372.0,438.9944831,10.92625201,-0.787313016,473.6036281,11.19400759,0.113385719,13.8,20.809144999999955,-0.2677555799999993
372.1,440.0834195,10.8465458,-0.790446559,474.7234203,11.20569705,0.120310913,13.8,20.840000799999995,-0.35915125000000003
372.20000000000005,441.1641387,10.76677243,-0.788511412,475.8444166,11.21808829,0.126680494,13.8,20.880277899999964,-0.4513158600000011
372.3,442.2365469,10.68745325,-0.781362758,476.9666871,11.23118131,0.131515025,13.8,20.930140199999993,-0.5437280599999994
372.40000000000003,443.3008287,10.60910961,-0.769145416,478.090302,11.24492055,0.135530372,13.8,20.989473299999997,-0.6358109399999989
372.5,444.3572381,10.53226286,-0.752583483,479.2153314,11.2590282,0.136899444,13.8,21.058093300000007,-0.72676534
372.6,445.4060289,10.45743436,-0.732545879,480.3418456,11.2729166,0.135490454,13.8,21.135816699999975,-0.8154822399999997
372.70000000000005,446.4474551,10.38505855,-0.70990152,481.4699147,11.28701527,0.130840394,13.8,21.22245959999999,-0.9019567199999994
372.8,447.4817708,10.31522234,-0.685519326,482.5995645,11.30022796,0.12285666,13.8,21.317793699999992,-0.9850056200000008
372.90000000000003,448.5092298,10.24792572,-0.660268213,483.7306429,11.31247558,0.112055681,13.8,21.421413100000006,-1.0645498599999996
373.0,449.5300861,10.1831687,-0.634872281,484.8629533,11.32342479,0.097628988,13.8,21.53286720000001,-1.1402560900000012
373.1,450.5445937,10.12095127,-0.609476349,485.9962993,11.3327422,0.081403673,13.8,21.651705599999968,-1.2117909299999994
373.20000000000005,451.5530066,10.06127343,-0.584080416,487.1304843,11.34015001,0.063511521,13.8,21.777477699999974,-1.2788765800000004
373.3,452.5555786,10.00413518,-0.558684484,488.2653119,11.34559267,0.044508144,13.8,21.90973329999998,-1.3414574899999998
373.40000000000003,453.5525638,9.949536532,-0.533288552,489.4005854,11.34907016,0.024949156,13.8,22.048021600000038,-1.3995336280000004
373.5,454.5442161,9.897477474,-0.50789262,490.5361085,11.3505825,0.005297565,13.8,22.191892399999983,-1.4531050259999994
373.6,455.5307895,9.847958008,-0.482546125,491.6716845,11.35012967,-0.014354025,13.8,22.340895,-1.5021716619999985
373.70000000000005,456.512538,9.800978136,-0.457496253,492.807117,11.34771169,-0.034005616,13.8,22.494578999999998,-1.5467335540000011
373.8,457.4897154,9.756537857,-0.433039627,493.9422094,11.34332855,-0.053657207,13.8,22.652494,-1.586790693000001
373.90000000000003,458.4625757,9.714607509,-0.409472872,495.0767653,11.33698025,-0.073308797,13.8,22.814189599999974,-1.6223727409999995
374.0,459.431373,9.675038781,-0.387092609,496.2105881,11.32866679,-0.092960388,13.8,22.979215099999987,-1.6536280090000002
374.1,460.3963611,9.637653697,-0.366195462,497.3434812,11.31838817,-0.112611978,13.8,23.147120100000006,-1.6807344730000011
374.20000000000005,461.3577941,9.602274285,-0.347028617,498.4752483,11.3061444,-0.132216385,13.8,23.317454199999997,-1.7038701150000009
374.3,462.3159022,9.568722571,-0.329641512,499.6056927,11.29193546,-0.151537688,13.8,23.489790500000037,-1.7232128889999991
374.40000000000003,463.2708206,9.53682058,-0.313984709,500.734618,11.27576136,-0.170292782,13.8,23.663797400000032,-1.73894078
374.5,464.2226609,9.506390339,-0.299811022,501.8618276,11.25765042,-0.188198565,13.8,23.839166700000032,-1.7512600809999999
374.6,465.1715348,9.477253873,-0.286823828,502.987125,11.23774418,-0.204971933,13.8,24.015590199999973,-1.7604903069999995
374.70000000000005,466.1175538,9.449262872,-0.274726503,504.1103137,11.2162125,-0.22032978,13.8,24.19275990000001,-1.766949627999999
374.8,467.0608295,9.422387672,-0.263222425,505.2311972,11.19322526,-0.234036188,13.8,24.370367699999985,-1.770837588000001
374.90000000000003,468.0014734,9.396628274,-0.25201497,506.3496016,11.1689523,-0.246043972,13.8,24.54812820000002,-1.7723240260000015
375.0,468.9395972,9.371984678,-0.240856952,507.4654436,11.1435635,-0.256400317,13.8,24.725846400000034,-1.7715788220000004
375.1,469.8753125,9.348456884,-0.229698935,508.5786627,11.11722871,-0.265341142,13.8,24.903350199999988,-1.7687718259999983
375.20000000000005,470.8087307,9.326044891,-0.218540917,509.6891982,11.0901178,-0.273149551,13.8,25.080467500000008,-1.7640729089999994
375.3,471.7399635,9.304748701,-0.207382899,510.7969894,11.06237231,-0.280108648,13.8,25.257025899999984,-1.7576236090000013
375.40000000000003,472.6691225,9.284568312,-0.196224882,511.9019758,11.03402057,-0.286501537,13.8,25.432853299999987,-1.7494522579999998
375.5,473.5963193,9.265503724,-0.185066864,513.0040966,11.00506257,-0.292611323,13.8,25.60777730000002,-1.7395588459999995
375.6,474.5216654,9.247554939,-0.173908846,514.1032914,10.97549831,-0.298673924,13.8,25.78162599999997,-1.7279433710000003
375.70000000000005,475.4452724,9.230721955,-0.162766265,515.1994994,10.94532778,-0.304736526,13.8,25.954227000000014,-1.7146058249999996
375.8,476.3672519,9.215004773,-0.151716301,516.2926601,10.914551,-0.310799127,13.8,26.12540820000005,-1.699546226999999
375.90000000000003,477.2877154,9.200403393,-0.140851572,517.3827128,10.88316796,-0.316861729,13.8,26.29499740000001,-1.6827645669999995
376.0,478.2067746,9.186908553,-0.130264695,518.4695968,10.85117866,-0.32292433,13.8,26.46282219999996,-1.664270107
376.1,479.1245411,9.174473944,-0.120048287,519.5532516,10.81858309,-0.328986932,13.8,26.628710499999965,-1.644109146
376.20000000000005,480.0411264,9.163043996,-0.110294967,520.6336166,10.78538127,-0.334998218,13.8,26.792490199999985,-1.6223372739999995
376.3,480.956642,9.152563138,-0.101081915,521.710631,10.75157319,-0.340701612,13.8,26.953989000000046,-1.5990100520000006
376.40000000000003,481.8711922,9.1429758,-0.092424568,522.7842343,10.71715884,-0.345789221,13.8,27.113042099999983,-1.5741830399999994
376.5,482.7848515,9.134226412,-0.084307488,523.8543659,10.68216903,-0.349953153,13.8,27.269514399999945,-1.5479426180000004
376.6,483.6976871,9.126259403,-0.076653496,524.9209651,10.64675769,-0.352885515,13.8,27.423277999999993,-1.5204982869999988
376.70000000000005,484.6097659,9.119019203,-0.069369974,525.9839713,10.61110956,-0.354278416,13.8,27.574205399999993,-1.4920903569999986
376.8,485.5211553,9.112459503,-0.062364303,527.0433239,10.57540938,-0.353875279,13.8,27.722168600000042,-1.4629498769999998
376.90000000000003,486.4319222,9.10657104,-0.055543868,528.0989868,10.53984188,-0.351624787,13.8,27.86706460000006,-1.4332708400000005
377.0,487.3421339,9.101353816,-0.04881605,529.1510227,10.50459179,-0.347578257,13.8,28.008888799999976,-1.4032379739999996
377.1,488.2518574,9.09680783,-0.042103668,530.1995187,10.46984386,-0.341992265,13.8,28.147661299999992,-1.3730360299999997
377.20000000000005,489.1611598,9.092933083,-0.035391286,531.2445618,10.43578282,-0.335174704,13.8,28.283402000000034,-1.3428497369999999
377.3,490.0701084,9.089729573,-0.028678904,532.2862394,10.40256261,-0.327433465,13.8,28.416131000000018,-1.3128330370000008
377.40000000000003,490.9787701,9.087197302,-0.021966522,533.3246385,10.37021402,-0.319076442,13.8,28.54586839999997,-1.2830167180000007
377.5,491.8872122,9.085336269,-0.01525414,534.3598464,10.33873706,-0.310411527,13.8,28.672634200000015,-1.253400790999999
377.6,492.7955018,9.084146474,-0.008541759,535.3919501,10.30813171,-0.301695296,13.8,28.79644830000002,-1.223985235999999
377.70000000000005,493.7037059,9.083627917,-0.001829377,536.4210369,10.278398,-0.292979065,13.8,28.917331,-1.1947700829999999
377.8,494.6118917,9.083780598,0.004915785,537.4471939,10.2495359,-0.284262835,13.8,29.0353022,-1.165755301999999
377.90000000000003,495.5201264,9.084604518,0.011857623,538.4705083,10.22154543,-0.275546604,13.8,29.150381900000024,-1.136940912
378.0,496.428477,9.086099676,0.019192815,539.4910672,10.19442658,-0.266830373,13.8,29.262590199999988,-1.1083269040000001
378.1,497.3370107,9.088285739,0.027118038,540.5089578,10.16817935,-0.258114142,13.8,29.371947099999954,-1.079893611000001
378.20000000000005,498.2457946,9.091261047,0.035829969,541.5242673,10.14280375,-0.249354899,13.8,29.478472700000008,-1.0515427030000009
378.3,499.1548958,9.095143606,0.045525285,542.5370827,10.11829977,-0.240337582,13.8,29.58218690000002,-1.0231561639999995
378.40000000000003,500.0643815,9.100051421,0.056367882,543.5474914,10.09466742,-0.230804118,13.8,29.683109899999987,-0.9946159990000005
378.5,500.9743345,9.106102499,0.068390542,544.5555804,10.07193249,-0.220496432,13.8,29.781245900000055,-0.9658299909999997
378.6,501.8849006,9.113414847,0.081560484,545.5614369,10.05022403,-0.20915645,13.8,29.87653630000001,-0.9368091830000012
378.70000000000005,502.7962413,9.122106469,0.09571381,546.5651481,10.02969688,-0.196526099,13.8,29.968906799999967,-0.9075904109999993
378.8,503.7085181,9.132295373,0.110653844,547.5668011,10.01050589,-0.182390318,13.8,30.058283000000028,-0.8782105169999994
378.90000000000003,504.6218927,9.144079896,0.126183909,548.5665038,9.992805902,-0.166706093,13.8,30.144611099999974,-0.8487260060000015
379.0,505.5365265,9.157479707,0.142107328,549.5644465,9.976751756,-0.149516438,13.8,30.22792000000005,-0.8192720490000003
379.1,506.452581,9.172494806,0.158227424,550.5608402,9.962498299,-0.131036413,13.8,30.30825920000002,-0.7900034930000004
379.20000000000005,507.3702178,9.189125192,0.1743803,551.5558961,9.950200375,-0.111524093,13.8,30.385678300000063,-0.7610751829999991
379.3,508.2895984,9.207370866,0.190533175,552.5498251,9.939987021,-0.091237552,13.8,30.46022670000003,-0.7326161550000005
379.40000000000003,509.2108843,9.227231827,0.206686051,553.5428383,9.931884045,-0.070434863,13.8,30.531953999999995,-0.7046522179999997
379.5,510.1342371,9.248708076,0.222838926,554.5351468,9.925891446,-0.049374099,13.8,30.6009097,-0.6771833699999998
379.6,511.0598183,9.271799612,0.238991802,555.5269614,9.922009225,-0.028270324,13.8,30.667143099999986,-0.6502096129999995
379.70000000000005,511.9877894,9.296506436,0.255144677,556.5184934,9.920237382,-0.007166549,13.8,30.730704000000014,-0.6237309460000002
379.8,512.9183119,9.322828548,0.271212742,557.5099537,9.920575915,0.013937227,13.8,30.791641799999933,-0.5977473670000002
379.90000000000003,513.8515475,9.350765947,0.28677194,558.5015534,9.923024827,0.035041002,13.8,30.850005899999996,-0.5722588800000015
380.0,514.7876575,9.380318634,0.301313405,559.4935035,9.927584116,0.056144777,13.8,30.90584599999995,-0.5472654820000002
380.1,515.7268035,9.411435721,0.314328271,560.486015,9.934253782,0.077248553,13.8,30.95921149999999,-0.5228180610000006
380.20000000000005,516.6691472,9.443862776,0.325531007,561.4792991,9.943033826,0.098352328,13.8,31.01015190000005,-0.49917105000000106
380.3,517.6148499,9.477294479,0.333742741,562.4735666,9.953924248,0.119352414,13.8,31.05871670000006,-0.47662976900000054
380.40000000000003,518.5640732,9.511425511,0.339209423,563.4690287,9.966925047,0.139730361,13.8,31.104955499999914,-0.4554995359999996
380.5,519.516938,9.546084551,0.341622907,564.4658964,9.982036224,0.158864033,13.8,31.148958400000037,-0.43595167299999993
380.6,520.4734022,9.580564278,0.341068004,565.4643808,9.999195564,0.17613129,13.8,31.190978599999948,-0.4186312860000001
380.70000000000005,521.433383,9.614961375,0.33796877,566.4646928,10.018092,0.19123737,13.8,31.231309799999917,-0.4031306249999993
380.8,522.3967979,9.648836521,0.332610734,567.4670435,10.03835225,0.202578009,13.8,31.27024560000002,-0.3895157290000011
380.90000000000003,523.363564,9.681935282,0.32617277,568.471644,10.05960302,0.210616885,13.8,31.308079999999972,-0.3776677380000013
381.0,524.3335986,9.714206772,0.318493738,569.4786555,10.08166747,0.214922932,13.8,31.345056899999985,-0.3674606979999986
381.1,525.306819,9.745650992,0.31030584,570.4880402,10.10358303,0.215599841,13.8,31.38122119999998,-0.3579320379999995
381.20000000000005,526.2831424,9.77626794,0.302033131,571.4997105,10.1255657,0.213166059,13.8,31.416568100000017,-0.3492977599999989
381.3,527.2624862,9.806057618,0.293760421,572.5135789,10.14704576,0.207916349,13.8,31.451092699999958,-0.3409881419999987
381.40000000000003,528.2447676,9.835020025,0.285487712,573.5295576,10.16771215,0.201454976,13.8,31.48478999999993,-0.33269212499999945
381.5,529.2299038,9.86315516,0.277215003,574.5475592,10.18750266,0.193421951,13.8,31.517655400000034,-0.3243475
381.6,530.2178122,9.890463025,0.268942293,575.5674961,10.20641728,0.184766788,13.8,31.549683899999945,-0.3159542549999994
381.70000000000005,531.2084101,9.916943619,0.260669584,576.5892806,10.22445601,0.176007936,13.8,31.580870500000014,-0.3075123910000013
381.8,532.2016146,9.942596942,0.252396875,577.6128252,10.24161887,0.167249084,13.8,31.611210600000003,-0.29902192800000016
381.90000000000003,533.1973431,9.967422994,0.244161024,578.6380423,10.25790583,0.158490231,13.8,31.64069920000004,-0.2904828360000007
382.0,534.1955128,9.991421775,0.236146328,579.6648443,10.27331691,0.149731379,13.8,31.669331500000066,-0.28189513500000096
382.1,535.1960411,10.01459329,0.22857394,580.6931437,10.28785211,0.140972526,13.8,31.697102599999948,-0.2732588199999988
382.20000000000005,536.1988451,10.03695964,0.221665013,581.7228527,10.30151142,0.132213674,13.8,31.724007600000004,-0.26455178000000146
382.3,537.2038422,10.05863142,0.215640703,582.7538839,10.31429484,0.123355538,13.8,31.75004169999995,-0.2556634200000012
382.40000000000003,538.2109497,10.07974131,0.210531706,583.7861496,10.32620238,0.113901706,13.8,31.77519990000003,-0.2464610700000005
382.5,539.2200847,10.100422,0.207093686,584.8195623,10.33723404,0.103256479,13.8,31.7994776,-0.23681204000000022
382.6,540.2311823,10.1208062,0.204792134,585.8540344,10.34733024,0.090824161,13.8,31.822852100000045,-0.22652403999999926
382.70000000000005,541.2442482,10.14091231,0.203780647,586.8894782,10.35619313,0.076009054,13.8,31.84522999999997,-0.21528082000000026
382.8,542.2593059,10.16121585,0.20387493,587.9258063,10.3634653,0.058215462,13.8,31.866500400000017,-0.20224945000000005
382.90000000000003,543.2763787,10.1815067,0.204853828,588.9629309,10.36878934,0.036946969,13.8,31.886552199999937,-0.1872826399999994
383.0,544.2954901,10.20200969,0.206686644,590.0007169,10.37180781,0.012104294,13.8,31.90522679999999,-0.1697981199999994
383.1,545.3166635,10.22274696,0.208580858,591.0388384,10.37216331,-0.016213282,13.8,31.922174900000027,-0.1494163499999992
383.20000000000005,546.3399223,10.24371849,0.21088668,592.0769219,10.36949842,-0.047509343,13.8,31.93699959999999,-0.1257799300000002
383.3,547.3652901,10.2649243,0.213229362,593.1145938,10.36345571,-0.081188193,13.8,31.949303699999927,-0.09853140999999965
383.40000000000003,548.3927901,10.28636437,0.215572043,594.1514806,10.35373734,-0.116654134,13.8,31.958690500000056,-0.06737297000000098
383.5,549.4224458,10.3080387,0.217914725,595.1872089,10.34028373,-0.15331147,13.8,31.96476309999998,-0.032245029999998565
383.6,550.4542807,10.32994731,0.220257406,596.221405,10.3230949,-0.190564502,13.8,31.967124299999977,0.006852410000000475
383.70000000000005,551.4883181,10.35209019,0.222600088,597.2536955,10.30217083,-0.227916818,13.8,31.965377400000033,0.04991936000000052
383.8,552.5245816,10.37446733,0.224942769,598.2837068,10.27751153,-0.265269133,13.8,31.95912519999997,0.09695579999999993
383.90000000000003,553.5630945,10.39707874,0.226829929,599.3110654,10.24911701,-0.302621449,13.8,31.947970899999927,0.14796172999999868
384.0,554.6038802,10.41992442,0.228652015,600.3353978,10.21698725,-0.339973764,13.8,31.93151759999996,0.20293716999999845
384.1,555.6469622,10.44300437,0.229979092,601.3563304,10.18112225,-0.37732608,13.8,31.909368200000085,0.261882120000001
384.20000000000005,556.6923639,10.46604527,0.229592378,602.3734898,10.14152203,-0.414678395,13.8,31.881125899999983,0.32452323999999955
384.3,557.7401088,10.48928139,0.227435244,603.3865025,10.09818657,-0.452030711,13.8,31.846393699999975,0.39109482000000106
384.40000000000003,558.7902202,10.51245478,0.223065086,604.3949948,10.05111589,-0.489202553,13.8,31.804774599999927,0.4613388900000004
384.5,559.8427216,10.53483417,0.216494822,605.3985933,10.00030997,-0.525291556,13.8,31.75587170000001,0.5345241999999999
384.6,560.897601,10.55638557,0.206891398,606.3969244,9.945768819,-0.55921488,13.8,31.69932339999998,0.6106167510000002
384.70000000000005,561.9547048,10.57684342,0.194315912,607.3896146,9.887600721,-0.589889685,13.8,31.634909800000013,0.6892426989999993
384.8,563.013844,10.59594216,0.179913379,608.3762905,9.826347096,-0.61694459,13.8,31.562446500000032,0.7695950640000007
384.90000000000003,564.0748295,10.61341623,0.163740427,609.3565784,9.762657646,-0.637162382,13.8,31.481748900000024,0.8507585840000012
385.0,565.1374724,10.62904433,0.146239661,610.3301049,9.697182076,-0.651775068,13.8,31.392632500000058,0.9318622539999986
385.1,566.2015835,10.64278219,0.127853686,611.296583,9.630143215,-0.659890718,13.8,31.294999500000085,1.0126389749999998
385.20000000000005,567.2669739,10.65462982,0.109025105,612.2560725,9.563471389,-0.661689803,13.8,31.18909859999992,1.0911584310000002
385.3,568.3334546,10.66458721,0.090122758,613.2087194,9.49653568,-0.658074691,13.8,31.075264799999967,1.1680515300000014
385.40000000000003,569.4008365,10.67265437,0.07122041,614.15467,9.430412665,-0.649416763,13.8,30.95383350000004,1.2422417049999996
385.5,570.4689306,10.6788313,0.052318062,615.0940707,9.365643764,-0.638933232,13.8,30.825140099999953,1.313187536000001
385.6,571.5375479,10.68311799,0.033415714,616.0270676,9.302337261,-0.625572565,13.8,30.68951969999996,1.3807807289999996
385.70000000000005,572.6064993,10.68551444,0.014513367,616.953807,9.240493157,-0.611129058,13.8,30.547307699999987,1.4450212830000009
385.8,573.6755959,10.68602066,-0.004388981,617.874435,9.18011145,-0.596505078,13.8,30.398839099999986,1.5059092100000004
385.90000000000003,574.7446486,10.68463664,-0.023291329,618.7890981,9.121192141,-0.581881097,13.8,30.24444950000004,1.563444499000001
386.0,575.8134683,10.68136239,-0.042195494,619.6979423,9.06373523,-0.567257117,13.8,30.084474000000068,1.6176271599999996
386.1,576.8818662,10.67619791,-0.06111056,620.6011139,9.007740718,-0.552633137,13.8,29.919247699999982,1.668457192
386.20000000000005,577.949653,10.66914319,-0.080047431,621.4987592,8.953208603,-0.538009157,13.8,29.749106199999982,1.7159345869999996
386.3,579.0166399,10.66019714,-0.099017007,622.3910244,8.900138886,-0.523385176,13.8,29.57438450000002,1.7600582539999987
386.40000000000003,580.0826378,10.64935432,-0.11803019,623.2780558,8.848531568,-0.508850102,13.8,29.395417999999903,1.8008227520000002
386.5,581.1474576,10.63660818,-0.137097883,624.1599995,8.798386647,-0.494848459,13.8,29.212541899999973,1.8382215330000005
386.6,582.2109104,10.62195219,-0.15622917,625.0370019,8.749704124,-0.481913682,13.8,29.02609149999996,1.8722480659999992
386.70000000000005,583.2728063,10.60537979,-0.175425868,625.9092092,8.702430657,-0.470579203,13.8,28.836402900000007,1.902949133
386.8,584.3329518,10.58688446,-0.19468616,626.7767675,8.656299527,-0.461378454,13.8,28.64381569999996,1.9305849330000004
386.90000000000003,585.3911527,10.56645964,-0.214000961,627.6398232,8.610990677,-0.454844868,13.8,28.448670500000002,1.9554689629999995
387.0,586.4472148,10.5440988,-0.23335937,628.4985225,8.566184046,-0.451422973,13.8,28.25130770000005,1.9779147540000004
387.1,587.5009437,10.51979649,-0.252750485,629.352969,8.521559575,-0.451201672,13.8,28.052025300000036,1.9982369149999997
387.20000000000005,588.5521454,10.49355161,-0.272163403,630.2030954,8.476797203,-0.454092062,13.8,27.85095000000008,2.0167544070000005
387.3,589.6006254,10.46536417,-0.291587223,631.0487921,8.431576873,-0.459649615,13.8,27.6481667,2.0337872970000017
387.40000000000003,590.6461895,10.43523417,-0.311012861,631.8899492,8.385578524,-0.467340899,13.8,27.443759700000054,2.0496556459999997
387.5,591.6886435,10.4031616,-0.330438498,632.7264568,8.338535439,-0.47663248,13.8,27.237813300000038,2.0646261610000014
387.6,592.7277931,10.36914647,-0.349864135,633.5582053,8.290394277,-0.486990926,13.8,27.030412200000068,2.0787521929999997
387.70000000000005,593.763444,10.33318877,-0.369289772,634.3850847,8.241155035,-0.497882805,13.8,26.821640699999943,2.0920337349999993
387.8,594.7954021,10.29528851,-0.388715409,635.2069853,8.190817716,-0.508863589,13.8,26.611583199999995,2.104470794000001
387.90000000000003,595.823473,10.25544569,-0.408141046,636.0237973,8.139382318,-0.519844373,13.8,26.40032429999992,2.116063372000001
388.0,596.8474625,10.2136603,-0.427514258,636.8354108,8.086848841,-0.530825158,13.8,26.18794829999997,2.1268114590000007
388.1,597.8671764,10.16993235,-0.446572917,637.6417161,8.033217286,-0.541805942,13.8,25.974539700000104,2.1367150640000006
388.20000000000005,598.8824203,10.12426184,-0.465002472,638.4426033,7.978487653,-0.552786726,13.8,25.760182999999937,2.1457741870000007
388.3,599.893,10.07668022,-0.48248837,639.2379627,7.922659941,-0.563767511,13.8,25.544962699999996,2.154020279
388.40000000000003,600.8987213,10.02734476,-0.498716059,640.0276844,7.86573415,-0.574748295,13.8,25.328963099999964,2.1616106100000003
388.5,601.8993899,9.976444207,-0.513370986,640.8116585,7.807710282,-0.585469188,13.8,25.11226860000006,2.1687339249999997
388.6,602.8948116,9.924167282,-0.526191025,641.5897755,7.748588335,-0.593049602,13.8,24.894963899999947,2.175578947000001
388.70000000000005,603.8848172,9.870702719,-0.53712375,642.3619253,7.688368309,-0.600673592,13.8,24.67710810000001,2.18233441
388.8,604.8693383,9.816239248,-0.546221587,643.1279982,7.62720614,-0.602038412,13.8,24.458659899999997,2.1890331080000003
388.90000000000003,605.8483317,9.760965603,-0.553746662,643.8878843,7.566830179,-0.597165848,13.8,24.23955259999998,2.1941354240000006
389.0,606.8217541,9.705070513,-0.560013528,644.641474,7.505329995,-0.584496556,13.8,24.019719899999995,2.1997405180000005
389.1,607.7895622,9.648711255,-0.565336737,645.3886573,7.446487235,-0.562731081,13.8,23.7990951,2.20222402
389.20000000000005,608.7517127,9.591919285,-0.570030841,646.1294493,7.390288826,-0.533190665,13.8,23.577736600000048,2.2016304589999995
389.3,609.7081624,9.534694602,-0.574410393,646.8643637,7.337670375,-0.491391799,13.8,23.35620130000002,2.197024227
389.40000000000003,610.658868,9.477037206,-0.57873752,647.5940394,7.289567491,-0.443377338,13.8,23.135171400000058,2.1874697150000006
389.5,611.6037862,9.418947098,-0.583064647,648.319115,7.24691578,-0.389125494,13.8,22.915328800000065,2.172031318
389.6,612.5428738,9.360424277,-0.587391774,649.0402292,7.210494916,-0.330195613,13.8,22.697355399999946,2.149929361
389.70000000000005,613.4760874,9.301468743,-0.5917189,649.7580206,7.180460832,-0.268147041,13.8,22.481933200000025,2.1210079109999995
389.8,614.4033839,9.242080497,-0.596046027,650.473128,7.156813529,-0.204539123,13.8,22.26974409999998,2.085266968
389.90000000000003,615.3247199,9.182259538,-0.600373154,651.18619,7.139553007,-0.140671314,13.8,22.06147010000002,2.0427065310000003
390.0,616.2400521,9.122005866,-0.60470028,651.8978452,7.128679266,-0.076803505,13.8,21.85779310000005,1.9933266000000005
390.1,617.1493374,9.061319482,-0.608994132,652.6087324,7.124192306,-0.012935697,13.8,21.65939499999997,1.9371271759999997
390.20000000000005,618.0525324,9.000200385,-0.613088331,653.3194903,7.126092127,0.050932112,13.8,21.466957899999965,1.8741082579999997
390.3,618.9495938,8.938648575,-0.616783225,654.0307574,7.134378729,0.114799921,13.8,21.281163599999967,1.8042698460000004
390.40000000000003,619.8404785,8.876684018,-0.619879163,654.7431726,7.149052111,0.17866773,13.8,21.10269409999996,1.727631907000001
390.5,620.725143,8.814406539,-0.622176491,655.4573745,7.170112275,0.242025805,13.8,20.93223150000001,1.644294264
390.6,621.6035442,8.751935931,-0.623475557,656.1740017,7.197559219,0.302325478,13.8,20.770457499999974,1.5543767119999998
390.70000000000005,622.4756387,8.689391984,-0.623609985,656.8936929,7.231392944,0.356508345,13.8,20.618054200000028,1.4579990399999998
390.8,623.3413994,8.62689449,-0.622546499,657.6170869,7.27130761,0.401516006,13.8,20.475687500000003,1.3555868799999997
390.90000000000003,624.2008626,8.564563241,-0.620318374,658.3448222,7.315774015,0.434290056,13.8,20.343959599999902,1.2487892260000004
391.0,625.0540811,8.502518027,-0.617091988,659.0775376,7.362957119,0.451772094,13.8,20.223456500000065,1.1395609080000009
391.1,625.9011074,8.44087864,-0.613066992,659.8158718,7.411021878,0.451413451,13.8,20.114764399999967,1.0298567619999996
391.20000000000005,626.7419941,8.379744907,-0.608443039,660.5602187,7.458133253,0.432704394,13.8,20.018224599999893,0.9216116539999994
391.3,627.5767936,8.319136792,-0.603419782,661.3099937,7.502456201,0.396154655,13.8,19.933200099999976,0.8166805909999999
391.40000000000003,628.4055586,8.259054295,-0.598196872,662.0643674,7.542155681,0.344312904,13.8,19.858808800000087,0.7168986140000007
391.5,629.2283416,8.199497417,-0.592940687,662.8225104,7.575396652,0.280237543,13.8,19.794168800000033,0.6241007649999997
391.6,630.0451953,8.140466158,-0.587684502,663.5835935,7.600649912,0.206986975,13.8,19.73839819999996,0.5398162460000009
391.70000000000005,630.8561721,8.081960517,-0.582428317,664.3467872,7.617609621,0.127619602,13.8,19.690615100000013,0.4643508960000009
391.8,631.6613246,8.023980494,-0.577172132,665.1112622,7.626275779,0.045193826,13.8,19.64993760000011,0.3977047149999997
391.90000000000003,632.4607054,7.96652609,-0.571915947,665.8761891,7.626648386,-0.037741683,13.8,19.61548369999998,0.33987770400000006
392.0,633.254367,7.909597305,-0.566659762,666.6407386,7.618727442,-0.120677192,13.8,19.58637159999996,0.2908698630000002
392.1,634.042362,7.853194138,-0.561332537,667.4040814,7.602512947,-0.203612702,13.8,19.56171939999997,0.25068119099999997
392.20000000000005,634.824743,7.79731659,-0.555579072,668.165388,7.578004902,-0.286548211,13.8,19.540644999999994,0.21931168800000034
392.3,635.6015625,7.74196466,-0.548973129,668.9238291,7.545203305,-0.369483721,13.8,19.522266600000034,0.19676135499999958
392.40000000000003,636.3728731,7.687180972,-0.541088466,669.6785754,7.504108158,-0.45241923,13.8,19.505702300000006,0.18307281399999997
392.5,637.1387274,7.633178647,-0.531498845,670.4287976,7.454719459,-0.534845013,13.8,19.49007020000006,0.1784591880000006
392.6,637.8991778,7.580213428,-0.519778027,671.1736661,7.39703721,-0.614212436,13.8,19.47448830000003,0.18317621800000072
392.70000000000005,638.6542771,7.528541058,-0.505570811,671.9123518,7.331061409,-0.687463139,13.8,19.458074700000065,0.19747964899999992
392.8,639.4041118,7.478417282,-0.488806157,672.6440252,7.257097894,-0.751538763,13.8,19.439913399999977,0.2213193879999995
392.90000000000003,640.1489049,7.430097844,-0.469555106,673.367857,7.176675844,-0.803380947,13.8,19.41895209999991,0.2534219999999996
393.0,640.8889137,7.383838486,-0.448172857,674.0830178,7.091630274,-0.839931332,13.8,19.394104100000003,0.29220821200000024
393.1,641.6243954,7.339894953,-0.42508565,674.7886783,7.003796202,-0.858641285,13.8,19.36428289999999,0.33609875099999975
393.20000000000005,642.3556069,7.298480364,-0.400719724,675.4842538,6.915008642,-0.859001079,13.8,19.328646900000034,0.38347172200000035
393.3,643.0828057,7.259637344,-0.375501318,676.1701382,6.82710261,-0.841520441,13.8,19.2873325,0.43253473399999987
393.40000000000003,643.8062486,7.223365893,-0.349856674,676.8469703,6.741913123,-0.808748003,13.8,19.24072169999995,0.48145277000000064
393.5,644.526193,7.189666009,-0.324140989,677.5153887,6.661275196,-0.763742127,13.8,19.18919569999998,0.5283908129999997
393.6,645.242896,7.158537695,-0.298425304,678.1760321,6.58671801,-0.70956117,13.8,19.13313610000007,0.5718196849999995
393.70000000000005,645.9566148,7.129980949,-0.27270962,678.829539,6.5185474,-0.649263494,13.8,19.072924199999942,0.611433549
393.8,646.6676065,7.103995771,-0.246993935,679.4765483,6.456763366,-0.585907459,13.8,19.008941799999956,0.6472324050000005
393.90000000000003,647.3761282,7.080582162,-0.22127825,680.1176984,6.401365908,-0.522041696,13.8,18.941570199999955,0.679216254
394.0,648.0824371,7.059740121,-0.195562565,680.7536282,6.352355026,-0.458175934,13.8,18.871191099999987,0.7073850950000002
394.1,648.7867904,7.041469649,-0.169846881,681.3849761,6.309730721,-0.394310171,13.8,18.798185700000044,0.7317389279999995
394.20000000000005,649.4894452,7.025770745,-0.144289148,682.012381,6.273492992,-0.330444409,13.8,18.722935800000027,0.7522777529999995
394.3,650.1906588,7.012643409,-0.119679128,682.6364815,6.243641839,-0.266578647,13.8,18.645822699999894,0.7690015699999995
394.40000000000003,650.8906881,7.002087642,-0.096964534,683.2579161,6.220177263,-0.202712884,13.8,18.567227999999954,0.7819103790000002
394.5,651.5897905,6.994008673,-0.077093077,683.8773236,6.203099262,-0.138847122,13.8,18.487533099999904,0.7909094109999995
394.6,652.2882231,6.987932644,-0.06101247,684.4953427,6.192407838,-0.075219446,13.8,18.407119600000055,0.7955248059999995
394.70000000000005,652.9862429,6.983290928,-0.049670427,685.1126119,6.188102991,-0.013020291,13.8,18.326369000000067,0.7951879369999997
394.8,653.6841072,6.979514899,-0.043856708,685.72977,6.190184719,0.046321822,13.8,18.24566280000006,0.7893301799999994
394.90000000000003,654.3819973,6.976035927,-0.043729264,686.3474556,6.198510172,0.101378373,13.8,18.165458300000022,0.7775257550000001
395.0,655.0797914,6.972285386,-0.049130144,686.9663073,6.212365088,0.150720841,13.8,18.086515900000062,0.7599202979999999
395.1,655.7772915,6.967694648,-0.059269587,687.5869638,6.230892356,0.192975692,13.8,18.009672299999988,0.7368022920000001
395.20000000000005,656.4743001,6.961695085,-0.073199881,688.2100639,6.253234862,0.22811719,13.8,17.93576379999997,0.7084602229999994
395.3,657.1706193,6.953812842,-0.089973312,688.8361318,6.278535495,0.252083234,13.8,17.865512499999976,0.6752773469999998
395.40000000000003,657.8660514,6.943953146,-0.108642169,689.4652347,6.305970134,0.269045898,13.8,17.79918330000005,0.6379830120000003
395.5,658.5603986,6.932115998,-0.128258739,690.0973258,6.335380486,0.278865958,13.8,17.736927200000036,0.5967355119999995
395.6,659.2534633,6.918301399,-0.14803326,690.7323579,6.363615028,0.282971935,13.8,17.67889459999999,0.5546863709999998
395.70000000000005,659.9450476,6.902509346,-0.167807782,691.370284,6.392319894,0.282345428,13.8,17.625236400000016,0.5101894520000005
395.8,660.6349539,6.884739842,-0.187582303,692.011057,6.420554437,0.27852405,13.8,17.576103100000022,0.4641854050000003
395.90000000000003,661.3229843,6.864992886,-0.207356825,692.65463,6.448318657,0.275290576,13.8,17.531645699999967,0.41667422899999984
396.0,662.0089412,6.843268477,-0.227131346,693.3009559,6.475612553,0.270587342,13.8,17.49201469999998,0.36765592399999925
396.1,662.6926267,6.819566616,-0.246905868,693.9499877,6.502436125,0.265884108,13.8,17.457360999999946,0.31713049100000035
396.20000000000005,663.3738432,6.793887304,-0.266490681,694.6016783,6.528789374,0.261180874,13.8,17.427835099999992,0.2650979300000005
396.3,664.0523929,6.766230539,-0.284937244,695.2559807,6.5546723,0.25647764,13.8,17.403587800000036,0.21155823900000037
396.40000000000003,664.7280781,6.736596321,-0.300940639,695.9128479,6.580084902,0.251774406,13.8,17.384769800000026,0.1565114190000001
396.5,665.4007009,6.705098477,-0.313862616,696.5722329,6.605027181,0.247071172,13.8,17.37153200000007,0.10007129600000031
396.6,666.0700637,6.672306131,-0.322064924,697.2340885,6.629499136,0.242390986,13.8,17.364024799999992,0.04280699500000029
396.70000000000005,666.7359687,6.639002233,-0.324575981,697.8983678,6.653500768,0.237849092,13.8,17.362399100000015,-0.014498534999999535
396.8,667.3982182,6.605569734,-0.320447243,698.5650238,6.677032077,0.23358378,13.8,17.366805599999974,-0.07146234299999943
396.90000000000003,668.0567055,6.572991584,-0.309489002,699.2340094,6.700106891,0.229733343,13.8,17.37730389999997,-0.1271153069999995
397.0,668.7116881,6.541850733,-0.292057633,699.9052776,6.722794357,0.226361984,13.8,17.39358950000003,-0.1809436239999993
397.1,669.3635147,6.512830132,-0.268601679,700.5787813,6.745177449,0.223830256,13.8,17.41526659999995,-0.23234731699999944
397.20000000000005,670.0125339,6.48661273,-0.24075939,701.2544736,6.767339142,0.222031141,13.8,17.44193969999999,-0.2807264119999999
397.3,670.6590942,6.463767653,-0.209502349,701.9323184,6.789317959,0.221061775,13.8,17.473224199999958,-0.32555030600000023
397.40000000000003,671.3035443,6.444408727,-0.175968808,702.612324,6.811330231,0.220899107,13.8,17.508779699999945,-0.36692150400000045
397.5,671.9462329,6.42853595,-0.141297015,703.2945098,6.833325576,0.221427897,13.8,17.548276899999973,-0.40478962600000035
397.6,672.5875084,6.416149324,-0.106435515,703.9788951,6.855431422,0.22258394,13.8,17.591386699999997,-0.4392820979999996
397.70000000000005,673.2277196,6.407248847,-0.071574015,704.6654993,6.877716914,0.224006682,13.8,17.637779699999964,-0.47046806699999966
397.8,673.8672151,6.401834521,-0.036712514,705.3543418,6.900195881,0.225780094,13.8,17.68712670000009,-0.49836136000000053
397.90000000000003,674.5063435,6.399906344,-0.001851014,706.0454418,6.922868323,0.227691798,13.8,17.73909830000009,-0.5229619790000006
398.0,675.1454533,6.401464318,0.033010487,706.7388187,6.94573424,0.22962655,13.8,17.793365400000038,-0.5442699219999998
398.1,675.7848933,6.406508442,0.067871987,707.4344919,6.968793633,0.231561302,13.8,17.84959859999999,-0.562285191
398.20000000000005,676.4250119,6.415038715,0.102733488,708.1324807,6.992046501,0.233496054,13.8,17.907468800000014,-0.5770077860000002
398.3,677.0661579,6.427055139,0.137529998,708.8328045,7.015492844,0.235430806,13.8,17.966646599999944,-0.5884377049999996
398.40000000000003,677.7086799,6.442557713,0.171936569,709.5354825,7.039132662,0.237365559,13.8,18.02680259999995,-0.5965749489999999
398.5,678.3529264,6.461546437,0.205563259,710.2405343,7.062965955,0.239300311,13.8,18.087607900000034,-0.6014195180000002
398.6,678.9992461,6.483982317,0.238020129,710.947979,7.086992724,0.241235063,13.8,18.14873289999998,-0.6030104070000002
398.70000000000005,679.6479876,6.509670383,0.268917239,711.6578361,7.111212968,0.243338526,13.8,18.20984850000009,-0.6015425850000007
398.8,680.2994995,6.538376671,0.297864648,712.3701248,7.135626687,0.246454251,13.8,18.27062529999996,-0.5972500160000003
398.90000000000003,680.9541304,6.569867217,0.324537408,713.0848647,7.160233881,0.251594504,13.8,18.33073429999997,-0.5903666640000003
399.0,681.6121978,6.603908056,0.348870527,713.8020749,7.185135777,0.259771546,13.8,18.38987709999999,-0.5812277210000003
399.1,682.2738942,6.640265226,0.370928995,714.5217748,7.210838506,0.271997641,13.8,18.44788060000003,-0.5705732799999996
399.20000000000005,682.9393812,6.678704761,0.391037763,715.2439839,7.237949426,0.289285052,13.8,18.50460270000003,-0.5592446650000005
399.3,683.6088202,6.718992699,0.409586771,715.9687214,7.267075895,0.312477331,13.8,18.55990120000008,-0.5480831959999994
399.40000000000003,684.2823725,6.760934068,0.426965959,716.6960876,7.298825271,0.341743191,13.8,18.613715100000103,-0.537891203
399.5,684.9601998,6.804489875,0.443565266,717.4265069,7.333804912,0.376913918,13.8,18.666307099999994,-0.5293150369999999
399.6,685.6424633,6.849660119,0.459774634,718.1604844,7.372622176,0.417145962,13.8,18.71802109999994,-0.522962057
399.70000000000005,686.3293246,6.896444801,0.475919011,718.8985254,7.41588442,0.461427059,13.8,18.76920080000009,-0.5194396189999999
399.8,687.020945,6.944843921,0.492063389,719.6411351,7.464097777,0.508744946,13.8,18.820190100000058,-0.5192538559999997
399.90000000000003,687.7174861,6.994857479,0.508207767,720.3888188,7.517363473,0.558087359,13.8,18.871332699999993,-0.5225059939999994
400.0,688.4191093,7.046485475,0.524352144,721.1420816,7.575681507,0.608442035,13.8,18.922972300000037,-0.5291960319999998
400.1,689.125976,7.099727908,0.540496522,721.9014289,7.63905188,0.658965422,13.8,18.975452900000004,-0.539323972
400.20000000000005,689.8382477,7.154584779,0.556640899,722.6673658,7.707474591,0.709488809,13.8,19.02911809999996,-0.5528898120000001
400.3,690.5560857,7.211056088,0.572889447,723.4403976,7.780949641,0.760012195,13.8,19.084311899999943,-0.569893553
400.40000000000003,691.2796517,7.269141834,0.589763013,724.2210296,7.85947703,0.810535582,13.8,19.141377899999906,-0.5903351959999998
400.5,692.0091069,7.328842019,0.607886619,725.0097669,7.943056758,0.861058969,13.8,19.20066000000004,-0.6142147390000003
400.6,692.7446129,7.390219143,0.627885283,725.8071148,8.031688824,0.911582355,13.8,19.26250190000003,-0.6414696809999993
400.70000000000005,693.486331,7.453585716,0.650384025,726.6135785,8.125373229,0.962138199,13.8,19.327247500000066,-0.6717875129999991
400.8,694.2344228,7.519316751,0.676007864,727.4296632,8.224109973,1.012888783,13.8,19.3952404000001,-0.7047932219999993
400.90000000000003,694.9890496,7.587787258,0.70527765,728.2558743,8.327899055,1.064028849,13.8,19.466824699999915,-0.740111797
401.0,695.750423,7.659372249,0.738297552,729.0927169,8.43675995,1.115753137,13.8,19.54229390000007,-0.7773877010000012
401.1,696.5189543,7.734446737,0.774963401,729.9406962,8.550790028,1.168256389,13.8,19.62174190000003,-0.8163432909999999
401.20000000000005,697.2951051,7.813385732,0.814754347,730.8003176,8.670106134,1.221733344,13.8,19.70521249999997,-0.8567204019999988
401.3,698.0793367,7.896564247,0.857045371,731.6720861,8.794825111,1.276346287,13.8,19.7927494,-0.898260864
401.40000000000003,698.8721107,7.984294791,0.901211453,732.5565227,8.925063806,1.332127675,13.8,19.88441199999995,-0.9407690150000008
401.5,699.6738884,8.076639866,0.946627574,733.4542105,9.060939061,1.389045051,13.8,19.980322100000034,-0.9842991949999984
401.6,700.4851314,8.173599472,0.992668715,734.3657482,9.202567722,1.44693613,13.8,20.080616799999984,-1.0289682500000001
401.70000000000005,701.306301,8.275173609,1.038814025,735.2917344,9.350066633,1.505606173,13.8,20.185433400000033,-1.0748930240000014
401.8,702.1378588,8.381362277,1.084959336,736.2327679,9.503533164,1.564860438,13.8,20.294909099999995,-1.1221708870000011
401.90000000000003,702.9802662,8.492165476,1.131104646,737.1894475,9.66298679,1.624504185,13.8,20.409181300000068,-1.1708213139999994
402.0,703.8339847,8.607583206,1.177249956,738.1623717,9.82842751,1.684342673,13.8,20.52838700000002,-1.2208443039999999
402.1,704.6994756,8.727615467,1.223395267,739.1521394,9.999855324,1.744213617,13.8,20.65266379999998,-1.2722398570000006
402.20000000000005,705.5772005,8.85226226,1.269540577,740.1593493,10.17727023,1.804084561,13.8,20.782148800000027,-1.3250079699999997
402.3,706.4676208,8.981523583,1.315685888,741.1845999,10.36067224,1.863955505,13.8,20.916979100000002,-1.379148657
402.40000000000003,707.3711979,9.115399437,1.36181304,742.2284902,10.55006133,1.92382645,13.8,21.05729230000004,-1.4346618929999995
402.5,708.2883934,9.253889822,1.407831246,743.2916186,10.74543753,1.983697394,13.8,21.203225199999974,-1.4915477080000006
402.6,709.2196686,9.396994739,1.453631558,744.3745841,10.94680081,2.043568338,13.8,21.354915500000015,-1.549806070999999
402.70000000000005,710.1654851,9.544703291,1.499105029,745.4779853,11.15415119,2.103216924,13.8,21.512500200000044,-1.609447899000001
402.8,711.1263042,9.696961007,1.544142712,746.6024208,11.36748867,2.161531359,13.8,21.676116599999954,-1.6705276629999997
402.90000000000003,712.1025874,9.853702517,1.588635661,747.7484895,11.58681324,2.217177493,13.8,21.845902100000057,-1.7331107229999994
403.0,713.0947963,10.01486245,1.632493087,748.9167899,11.81199149,2.268821176,13.8,22.02199360000004,-1.7971290399999997
403.1,714.1033834,10.18037545,1.67569683,750.1079209,12.04235634,2.315128255,13.8,22.20453749999997,-1.8619808899999999
403.20000000000005,715.1287667,10.35017614,1.71826505,751.3224811,12.27710731,2.354764582,13.8,22.393714399999975,-1.9269311699999996
403.3,716.1713554,10.52419914,1.760288536,752.5610692,12.5154439,2.387785433,13.8,22.58971379999998,-1.991244759999999
403.40000000000003,717.2315586,10.70237911,1.801876234,753.8241773,12.75656562,2.410467241,13.8,22.792618700000002,-2.054186509999999
403.5,718.3097854,10.88466155,1.843137091,755.1118703,12.99967199,2.426533574,13.8,23.002084899999954,-2.115010439999999
403.6,719.4064451,11.07103558,1.884180055,756.4241067,13.24466275,2.435929153,13.8,23.217661599999996,-2.1736271699999996
403.70000000000005,720.5219468,11.26150119,1.925114071,757.7608446,13.48863669,2.439988131,13.8,23.438897800000017,-2.2271354999999993
403.8,721.6566996,11.45605839,1.96602993,759.1220424,13.73302745,2.439739381,13.8,23.66534280000003,-2.276969059999999
403.90000000000003,722.8111126,11.65470718,2.006945789,760.5076585,13.97700139,2.436321088,13.8,23.896545900000046,-2.322294209999999
404.0,723.9855952,11.85744755,2.047861647,761.9176511,14.2205585,2.433486953,13.8,24.13205589999991,-2.3631109499999994
404.1,725.1805564,12.06427951,2.088777506,763.3519786,14.46369878,2.429318668,13.8,24.37142220000005,-2.399419269999999
404.20000000000005,726.3964053,12.27520305,2.129693365,764.8105993,14.70642223,2.425150383,13.8,24.614194000000065,-2.4312191799999994
404.3,727.6335512,12.49021818,2.170609223,766.2934715,14.94872886,2.420982098,13.8,24.859920299999953,-2.45851068
404.40000000000003,728.8924031,12.70932489,2.211278142,767.8005535,15.19061865,2.416813813,13.8,25.108150399999953,-2.48129376
404.5,730.1733704,12.9325232,2.250465423,769.3318036,15.43209162,2.412645528,13.8,25.35843319999999,-2.4995684199999992
404.6,731.476862,13.15981308,2.286689427,770.8871802,15.67314776,2.408477243,13.8,25.610318200000005,-2.5133346800000016
404.70000000000005,732.8032872,13.39104639,2.318468517,772.4666416,15.91378707,2.404308958,13.8,25.863354400000002,-2.52274068
404.8,734.1530551,13.6254823,2.344321053,774.070146,16.15400955,2.399910587,13.8,26.11709090000006,-2.5285272500000016
404.90000000000003,735.5265749,13.86223183,2.362765398,775.6976519,16.3938152,2.394131694,13.8,26.371076999999968,-2.531583369999998
405.0,736.9242558,14.100406,2.372566854,777.3491175,16.63320403,2.385591759,13.8,26.624861700000064,-2.532798030000002
405.1,738.3463883,14.33911583,2.37347848,779.0245011,16.87203797,2.37291026,13.8,26.878112800000007,-2.53292214
405.20000000000005,739.792789,14.57747232,2.365747216,780.7237611,17.10962678,2.354706677,13.8,27.130972100000076,-2.532154459999999
405.3,741.2631558,14.8145865,2.350607761,782.4468558,17.34514213,2.329600489,13.8,27.38369999999993,-2.5305556299999985
405.40000000000003,742.7571868,15.04956939,2.329541752,784.1937434,17.57775571,2.296441261,13.8,27.636556600000016,-2.5281863200000014
405.5,744.2745799,15.28168016,2.304030829,785.9642719,17.80663921,2.254998907,13.8,27.889691999999922,-2.5249590499999996
405.6,745.815033,15.51077066,2.27555663,787.7578474,18.03096432,2.205503512,13.8,28.142814399999974,-2.5201936599999986
405.70000000000005,747.3782441,15.73684088,2.245600792,789.5737656,18.24990273,2.149105513,13.8,28.39552150000004,-2.513061849999998
405.8,748.9639113,15.95989082,2.215398015,791.411322,18.46262612,2.087185429,13.8,28.64741070000009,-2.5027352999999994
405.90000000000003,750.5717324,16.17992048,2.185195238,793.2698125,18.66844423,2.021123781,13.8,28.89808009999997,-2.488523749999999
406.0,752.2014055,16.39692987,2.15499246,795.1485326,18.86721902,1.952301092,13.8,29.147127099999988,-2.4702891499999993
406.1,753.8526285,16.61091897,2.124789683,797.0467779,19.05895047,1.882097881,13.8,29.394149400000014,-2.448031499999999
406.20000000000005,755.5250995,16.8218878,2.094586905,798.9638443,19.24363859,1.811664583,13.8,29.638744799999994,-2.421750790000001
406.3,757.2185162,17.02983635,2.064384128,800.8990273,19.42128339,1.741231286,13.8,29.88051109999999,-2.391447039999999
406.40000000000003,758.9325769,17.23476463,2.03418135,802.8516227,19.59188485,1.670797988,13.8,30.11904580000005,-2.3571202199999988
406.5,760.6669793,17.43667262,2.003847148,804.820926,19.75544298,1.600364691,13.8,30.353946700000005,-2.318770360000002
406.6,762.4214215,17.63556034,1.972724396,806.8062329,19.91195779,1.529931393,13.8,30.584811400000103,-2.2763974499999975
406.70000000000005,764.1956015,17.83142778,1.940024544,808.8068392,20.06142926,1.459498096,13.8,30.81123770000006,-2.230001480000002
406.8,765.9892172,18.02419609,1.904959042,810.8220404,20.20385741,1.389209501,13.8,31.032823200000006,-2.179661320000001
406.90000000000003,767.8019666,18.21347099,1.866739341,812.8511323,20.33924222,1.319789124,13.8,31.249165700000002,-2.125771229999998
407.0,769.6335477,18.39877935,1.824576891,814.8934105,20.46758371,1.25210518,13.8,31.45986279999995,-2.068804359999998
407.1,771.4836585,18.57964805,1.777814566,816.9481707,20.58896868,1.187025888,13.8,31.664512199999944,-2.0093206300000013
407.20000000000005,773.3519337,18.75560395,1.726320943,819.0147086,20.70383126,1.125419465,13.8,31.86277489999993,-1.94822731
407.3,775.2377561,18.92617392,1.670227445,821.0923197,20.81269237,1.068154127,13.8,32.05456360000001,-1.8865184500000005
407.40000000000003,777.140445,19.09088483,1.610191198,823.1802999,20.91607294,1.015953389,13.8,32.239854900000026,-1.8251881099999991
407.5,779.0593199,19.24926356,1.547000751,825.2780141,21.0144939,0.968961953,13.8,32.41869419999996,-1.7652303400000022
407.6,780.9937004,19.40091582,1.481444655,827.3851054,21.10847618,0.927035118,13.8,32.59140500000008,-1.7075603599999987
407.70000000000005,782.9429058,19.54576277,1.414311459,829.5012862,21.19854072,0.889449368,13.8,32.758380400000036,-1.6527779500000008
407.8,784.9062556,19.6838044,1.346389713,831.6262689,21.28520843,0.855336486,13.8,32.92001330000001,-1.6014040300000012
407.90000000000003,786.8830693,19.81504071,1.278336543,833.7597659,21.36891344,0.823828256,13.8,33.07669660000006,-1.5538727299999984
408.0,788.8726664,19.93947171,1.210283372,835.9014895,21.44974256,0.79405646,13.8,33.22882310000007,-1.5102708500000013
408.1,790.8743663,20.05709739,1.142230201,838.0511523,21.52769579,0.765152881,13.8,33.376785999999996,-1.4705984
408.20000000000005,792.8874885,20.16791775,1.07417703,840.2084666,21.60277314,0.736394005,13.8,33.52097809999994,-1.4348553899999992
408.3,794.9113525,20.27193279,1.00612386,842.3731449,21.67497459,0.707635129,13.8,33.66179240000004,-1.4030418000000004
408.40000000000003,796.9452777,20.36914252,0.938070689,844.5448995,21.74430016,0.678876253,13.8,33.799621800000025,-1.3751576400000012
408.5,798.9885837,20.45954693,0.870017518,846.7234429,21.81074984,0.650117377,13.8,33.93485919999996,-1.3512029100000014
408.6,801.0405898,20.54314602,0.802455711,848.9084874,21.87432364,0.621358501,13.8,34.067897599999995,-1.3311776200000018
408.70000000000005,803.1006155,20.6199398,0.737842088,851.0997455,21.93502154,0.592599625,13.8,34.19913000000004,-1.31508174
408.8,805.1679804,20.68992826,0.679124831,853.2969297,21.99284356,0.563840749,13.8,34.328949299999934,-1.3029153000000022
408.90000000000003,807.2420039,20.75340622,0.629252125,855.4997522,22.04778969,0.535650447,13.8,34.457748300000006,-1.2943834699999996
409.0,809.3220053,20.81184777,0.591172152,857.7079255,22.09985994,0.514605001,13.8,34.58592019999999,-1.2880121700000018
409.1,811.4073044,20.86702183,0.567833097,859.9211621,22.14905429,0.492915619,13.8,34.713857699999906,-1.28203246
409.20000000000005,813.4972204,20.9206973,0.561691778,862.1391743,22.19571391,0.485193981,13.8,34.84195390000009,-1.275016609999998
409.3,815.5913087,20.97464309,0.573239559,864.3616746,22.24378454,0.491118118,13.8,34.970365900000004,-1.2691414499999993
409.40000000000003,817.690068,21.03062812,0.601985077,866.5883754,22.28859293,0.514099474,13.8,35.098307400000024,-1.2579648100000007
409.5,819.794233,21.09042129,0.645471512,868.818989,22.33890608,0.55698092,13.8,35.22475600000003,-1.2484847900000027
409.6,821.9045382,21.15579151,0.700750681,871.0535008,22.39453081,0.616597619,13.8,35.34896260000001,-1.2387392999999989
409.70000000000005,824.0217183,21.22821287,0.7648744,873.2929878,22.45751398,0.703581229,13.8,35.47126950000002,-1.2293011100000015
409.8,826.1465078,21.30798021,0.834894486,875.5387999,22.52990246,0.803888648,13.8,35.592292099999966,-1.2219222499999987
409.90000000000003,828.2796414,21.3950935,0.907862756,877.792287,22.61374312,0.917841842,13.8,35.712645600000045,-1.2186496199999972
410.0,830.4218536,21.48955276,0.981322389,880.054799,22.71074167,1.042029368,13.8,35.83294540000004,-1.2211889100000022
410.1,832.573879,21.59135798,1.054782022,882.3276858,22.82123927,1.173039782,13.8,35.95380680000001,-1.229881289999998
410.20000000000005,834.7364522,21.70050916,1.128241655,884.6122973,22.94523591,1.307461639,13.8,36.075845099999995,-1.2447267500000017
410.3,836.9103078,21.81700631,1.201701289,886.9099835,23.0827316,1.442452071,13.8,36.1996756999999,-1.265725289999999
410.40000000000003,839.0961805,21.94084942,1.275160922,889.2220941,23.23372633,1.577442503,13.8,36.325913600000106,-1.2928769100000004
410.5,841.2948047,22.07203849,1.348620555,891.5499792,23.3982201,1.712432934,13.8,36.45517450000007,-1.326181609999999
410.6,843.5069152,22.21057353,1.421870567,893.8949886,23.57621291,1.847423366,13.8,36.588073400000056,-1.3656393799999975
410.70000000000005,845.7332464,22.35645453,1.493862847,896.2584723,23.76770477,1.982413798,13.8,36.72522590000001,-1.411250240000001
410.8,847.9745331,22.50968149,1.563339667,898.64178,23.97269567,2.117404229,13.8,36.86724690000001,-1.4630141800000018
410.90000000000003,850.2315097,22.67012865,1.629043295,901.0462619,24.19118562,2.251481858,13.8,37.014752200000046,-1.52105697
411.0,852.504911,22.83716713,1.689716001,903.4732676,24.42317461,2.380082669,13.8,37.168356599999996,-1.5860074799999992
411.1,854.7954714,23.01004229,1.744100054,905.9241473,24.66866264,2.497729843,13.8,37.328675899999965,-1.6586203499999996
411.20000000000005,857.1039256,23.18799951,1.791147345,908.4002507,24.92710203,2.598946562,13.8,37.49632509999999,-1.7391025199999994
411.3,859.4309076,23.37028413,1.830648252,910.9029277,25.19575437,2.678256009,13.8,37.67202010000001,-1.8254702399999978
411.40000000000003,861.7766489,23.55614153,1.862812398,913.4335283,25.47133358,2.730181365,13.8,37.85687939999998,-1.9151920499999981
411.5,864.1412803,23.74481705,1.888687891,915.9934024,25.75055356,2.750158615,13.8,38.05212210000009,-2.0057365099999984
411.6,866.5249327,23.93555608,1.909532462,918.5834617,26.03012821,2.737274956,13.8,38.258529000000024,-2.0945721299999995
411.70000000000005,868.9277371,24.12772973,1.926603841,921.2028654,26.30677146,2.69244319,13.8,38.47512830000001,-2.1790417300000016
411.8,871.3498242,24.32121224,1.941159759,923.8503345,26.5771972,2.620227334,13.8,38.70051030000009,-2.2559849599999993
411.90000000000003,873.7913251,24.51600361,1.954457946,926.5245901,26.83811935,2.526104205,13.8,38.93326499999996,-2.322115740000001
412.0,876.2523705,24.71210383,1.967546512,929.2243532,27.08679949,2.415550621,13.8,39.171982700000015,-2.3746956600000004
412.1,878.7330914,24.90951291,1.980635077,931.9483449,27.32268996,2.294043402,13.8,39.41525350000002,-2.4131770500000016
412.20000000000005,881.2336187,25.10823085,1.993723642,934.6952861,27.54579073,2.167059363,13.8,39.66166740000001,-2.4375598799999985
412.3,883.7540832,25.30825764,2.006812208,937.4638978,27.75610183,2.039162522,13.8,39.909814600000075,-2.447844189999998
412.40000000000003,886.2946158,25.50959329,2.019900773,940.2529013,27.95362324,1.911265681,13.8,40.15828549999999,-2.4440299499999973
412.5,888.8553474,25.71223779,2.032989339,943.0610173,28.13835496,1.78336884,13.8,40.40566989999998,-2.4261171700000013
412.6,891.4364089,25.91619116,2.046077904,945.8869671,28.31029701,1.655471999,13.8,40.65055820000005,-2.394105849999999
412.70000000000005,894.0379312,26.12145337,2.058960454,948.7294716,28.46944936,1.527575158,13.8,40.89154040000001,-2.3479959899999976
412.8,896.6600451,26.32802445,2.069537449,951.5872518,28.61581204,1.399678317,13.8,41.127206699999945,-2.2877875900000006
412.90000000000003,899.3028816,26.53590438,2.079781165,954.4590288,28.74938503,1.272444159,13.8,41.35614720000008,-2.2134806499999975
413.0,901.9665716,26.74496956,2.085247134,957.3435237,28.87016833,1.149186098,13.8,41.57695210000004,-2.1251987699999972
413.1,904.6512458,26.95396026,2.085768715,960.2394573,28.97816195,1.033880233,13.8,41.78821150000006,-2.0242016900000017
413.20000000000005,907.3570353,27.16405985,2.080109812,963.1455509,29.0737635,0.930502661,13.8,41.988515599999985,-1.9097036499999973
413.3,910.0840709,27.37260165,2.067240344,966.0605254,29.15896102,0.84067381,13.8,42.176454499999934,-1.7863593699999996
413.40000000000003,912.8323845,27.57948568,2.048023753,968.9831018,29.23614018,0.775436785,13.8,42.3507173,-1.6566544999999984
413.5,915.6016127,27.78397027,2.019457682,971.9120011,29.30768662,0.731037995,13.8,42.51038839999997,-1.5237163499999973
413.6,918.391293,27.98531377,1.985780584,974.8462626,29.37457262,0.71049579,13.8,42.65496960000003,-1.3892588499999974
413.70000000000005,921.200963,28.18277451,1.947159099,977.7861976,29.44342403,0.713147489,13.8,42.78523460000004,-1.2606495199999976
413.8,924.0301601,28.37573446,1.904829324,980.7324358,29.5123863,0.735679675,13.8,42.902275699999976,-1.136651839999999
413.90000000000003,926.8784221,28.56407,1.860027355,983.6856066,29.5852585,0.776471921,13.8,43.007184500000065,-1.0211884999999974
414.0,929.7452863,28.74778114,1.813989289,986.6463397,29.66402867,0.824481122,13.8,43.101053400000026,-0.9162475299999997
414.1,932.6302905,28.92686786,1.767745207,989.6152646,29.74909443,0.882798188,13.8,43.18497410000005,-0.822226569999998
414.20000000000005,935.5329721,29.10133018,1.721501125,992.5930108,29.84045577,0.945091351,13.8,43.26003869999995,-0.7391255899999969
414.3,938.4528687,29.27116809,1.675257043,995.5802079,29.9381127,1.008047197,13.8,43.327339200000054,-0.6669446100000016
414.40000000000003,941.3895179,29.43638159,1.629012961,998.5774856,30.04206521,1.071003043,13.8,43.38796770000006,-0.6056836200000006
414.5,944.3424573,29.59697068,1.582768879,1001.585473,30.15231331,1.133958889,13.8,43.443015700000004,-0.555342630000002
414.6,947.3112243,29.75293536,1.536524797,1004.6048,30.26885699,1.196914735,13.8,43.49357569999991,-0.5159216300000011
414.70000000000005,950.2953565,29.90427564,1.490392601,1007.636097,30.39169625,1.259870581,13.8,43.54074049999993,-0.48742060999999737
414.8,953.2943916,30.05099151,1.444931719,1010.679992,30.52083111,1.322826427,13.8,43.58560039999993,-0.46983960000000025
414.90000000000003,956.307867,30.19308297,1.400813464,1013.737115,30.65626154,1.385782273,13.8,43.62924800000003,-0.4631785700000002
415.0,959.3353204,30.33061715,1.358709151,1016.808096,30.79798756,1.448304,13.8,43.67277559999998,-0.4673704100000009
415.1,962.3762892,30.46392971,1.319290094,1019.893565,30.94600916,1.50822102,13.8,43.717275799999996,-0.4820794500000005
415.20000000000005,965.4303111,30.59342344,1.283227607,1022.99415,31.10032635,1.562928622,13.8,43.76383889999995,-0.5069029100000009
415.3,968.4969236,30.71950113,1.251081118,1026.110482,31.26067866,1.609822099,13.8,43.813558400000105,-0.5411775299999988
415.40000000000003,971.575718,30.84256556,1.222962513,1029.24319,31.42576372,1.646296743,13.8,43.867471999999864,-0.5831981599999985
415.5,974.6665003,30.96301953,1.198759905,1032.392904,31.59401871,1.669747844,13.8,43.926403699999995,-0.6309991799999999
415.6,977.7691304,31.08126582,1.177913867,1035.560253,31.76388082,1.678004812,13.8,43.99112260000011,-0.682615000000002
415.70000000000005,980.8834679,31.19770722,1.159753085,1038.745658,31.93378721,1.670633529,13.8,44.062190100000024,-0.7360799899999968
415.8,984.0093729,31.31267938,1.143606245,1041.948707,32.10217506,1.648068114,13.8,44.1393341,-0.7894956800000017
415.90000000000003,987.1467049,31.42624945,1.128802032,1045.16878,32.26748154,1.612479156,13.8,44.22207509999994,-0.8412320899999983
416.0,990.2953238,31.53841741,1.114669134,1048.405255,32.42814383,1.566471365,13.8,44.309931199999895,-0.8897264200000023
416.1,993.4550894,31.64918328,1.100648121,1051.657512,32.58285958,1.512649448,13.8,44.40242259999998,-0.9336762999999983
416.20000000000005,996.6258615,31.75854704,1.086627108,1054.924931,32.73136831,1.453618114,13.8,44.499069499999976,-0.9728212700000007
416.3,999.8074999,31.8665087,1.072606096,1058.206889,32.87367003,1.391982071,13.8,44.59938910000001,-1.0071613299999989
416.40000000000003,1002.999864,31.97306826,1.058585083,1061.502768,33.00976473,1.329911911,13.8,44.70290400000006,-1.036696469999999
416.5,1006.202815,32.07822572,1.04456407,1064.811946,33.13965241,1.267841751,13.8,44.80913100000005,-1.0614266899999976
416.6,1009.41621,32.18198107,1.030543057,1068.133802,33.26333308,1.20577159,13.8,44.917592000000084,-1.0813520100000034
416.70000000000005,1012.639912,32.28433433,1.016522045,1071.467716,33.38080673,1.14370143,13.8,45.02780400000013,-1.0964724000000032
416.8,1015.873778,32.38528548,1.002065273,1074.813067,33.49207336,1.08163127,13.8,45.13928900000003,-1.1067878799999988
416.90000000000003,1019.11767,32.48483453,0.984993949,1078.169234,33.59713298,1.019561109,13.8,45.25156399999999,-1.1122984499999973
417.0,1022.371446,32.58298148,0.962693519,1081.535597,33.69598559,0.957108686,13.8,45.364151000000064,-1.1130041099999985
417.1,1025.634967,32.67946488,0.93254943,1084.911535,33.78863117,0.892362689,13.8,45.476568,-1.1091662900000046
417.20000000000005,1028.908093,32.77297744,0.891947131,1088.296427,33.87506974,0.823029543,13.8,45.58833399999999,-1.1020923000000025
417.3,1032.190682,32.86195044,0.838272067,1091.689652,33.95507194,0.746815674,13.8,45.6989700000001,-1.0931215000000023
417.40000000000003,1035.482596,32.94481514,0.769345445,1095.09059,34.02749098,0.661427508,13.8,45.807993999999965,-1.0826758400000003
417.5,1038.783484,33.02000281,0.684731507,1098.498621,34.09095071,0.564571469,13.8,45.915136999999916,-1.0709479000000002
417.6,1042.09216,33.08594472,0.58486601,1101.913123,34.14407499,0.454336247,13.8,46.02096300000012,-1.0581302699999995
417.70000000000005,1045.40723,33.14107215,0.47192775,1105.333292,34.18548768,0.330339578,13.8,46.126062000000005,-1.044415530000002
417.8,1048.727298,33.18381634,0.348531278,1108.75759,34.21381262,0.192963726,13.8,46.23029199999992,-1.0299962799999989
417.90000000000003,1052.05097,33.21287004,0.217291148,1112.184295,34.22767369,0.044120001,13.8,46.333325000000016,-1.0148036500000046
418.0,1055.376848,33.22797179,0.080821912,1115.611687,34.22569472,-0.113898021,13.8,46.43483899999997,-0.9977229300000019
418.1,1058.70354,33.22912158,-0.058261876,1119.038042,34.20672894,-0.278796766,13.8,46.53450199999993,-0.9776073600000004
418.20000000000005,1062.029649,33.21631941,-0.197781424,1122.461641,34.17054699,-0.448282659,13.8,46.63199200000004,-0.9542275800000013
418.3,1065.35378,33.18956529,-0.337300971,1125.88076,34.11714886,-0.620062128,13.8,46.7269800000001,-0.927583570000003
418.40000000000003,1068.674538,33.14885922,-0.476820518,1129.293678,34.04653457,-0.792223858,13.8,46.81914000000002,-0.8976753500000001
418.5,1071.990528,33.09420119,-0.616340066,1132.698675,33.95870409,-0.964385589,13.8,46.908147000000056,-0.864502899999998
418.6,1075.300354,33.02559121,-0.755859613,1136.094027,33.85365745,-1.136547319,13.8,46.99367300000013,-0.8280662399999983
418.70000000000005,1078.602622,32.94302927,-0.89537916,1139.478014,33.73139463,-1.30870905,13.8,47.07539199999992,-0.7883653600000002
418.8,1081.895936,32.84651537,-1.034169873,1142.848914,33.59191564,-1.480870781,13.8,47.15297800000003,-0.7454002700000046
418.90000000000003,1085.178901,32.73604953,-1.16858758,1146.205006,33.43522047,-1.653032511,13.8,47.22610499999992,-0.6991709399999948
419.0,1088.450122,32.61163172,-1.294259274,1149.544567,33.26130913,-1.825194242,13.8,47.29444499999995,-0.6496774100000025
419.1,1091.708203,32.47369927,-1.40681195,1152.865876,33.07018162,-1.995980922,13.8,47.35767300000016,-0.5964823500000023
419.20000000000005,1094.95175,32.32443866,-1.503827629,1156.167211,32.86183794,-2.158517302,13.8,47.41546100000001,-0.5373992800000025
419.3,1098.179367,32.1664737,-1.575068219,1159.446851,32.63627808,-2.304553081,13.8,47.46748399999997,-0.46980437999999936
419.40000000000003,1101.389659,32.0024282,-1.622754635,1162.703075,32.39432708,-2.425837957,13.8,47.513415999999964,-0.3918988799999994
419.5,1104.581581,31.83375295,-1.644203013,1165.93416,32.14011009,-2.514121631,13.8,47.55257900000011,-0.30635713999999936
419.6,1107.755487,31.66659079,-1.640142188,1169.138385,31.87857729,-2.561153802,13.8,47.58289800000007,-0.2119864999999983
419.70000000000005,1110.91208,31.50004648,-1.614216332,1172.314028,31.61467885,-2.560059219,13.8,47.60194799999995,-0.11463236999999893
419.8,1114.052064,31.33791685,-1.568843421,1175.460028,31.35336496,-2.509462832,13.8,47.607963999999996,-0.015448110000001236
419.90000000000003,1117.176144,31.18238839,-1.51426155,1178.577964,31.0995858,-2.410739691,13.8,47.601820000000046,0.08280259000000001
420.0,1120.285023,31.03389841,-1.448978637,1181.670073,30.85829155,-2.270765047,13.8,47.585050000000095,0.17560685999999848
420.1,1123.379404,30.8924469,-1.379322718,1184.738594,30.63443239,-2.097789201,13.8,47.5591899999999,0.25801450999999886
420.20000000000005,1126.459993,30.75803386,-1.308937965,1187.785767,30.43213347,-1.900062452,13.8,47.52577400000014,0.32590039000000104
420.3,1129.527492,30.6306593,-1.238553211,1190.813828,30.25221982,-1.685835102,13.8,47.48633600000012,0.3784394800000008
420.40000000000003,1132.582605,30.51032322,-1.168168458,1193.825018,30.09469144,-1.463357452,13.8,47.442412999999945,0.4156317800000018
420.5,1135.626037,30.39702561,-1.097783704,1196.821574,29.95954833,-1.239504751,13.8,47.39553700000006,0.4374772799999995
420.6,1138.658491,30.29076648,-1.027398951,1199.805735,29.84679049,-1.015652051,13.8,47.347244,0.44397598999999843
420.70000000000005,1141.680671,30.19154582,-0.957014197,1202.779739,29.75641792,-0.79179935,13.8,47.29906799999999,0.43512790000000123
420.8,1144.693281,30.09936364,-0.886629444,1205.745826,29.68843062,-0.56794665,13.8,47.25254500000001,0.41093302000000165
420.90000000000003,1147.697025,30.01421993,-0.816407122,1208.706233,29.64282859,-0.344093949,13.8,47.209208000000174,0.37139133999999885
421.0,1150.692606,29.9361147,-0.747159392,1211.663199,29.61961183,-0.120241249,13.8,47.17059300000001,0.31650287000000077
421.1,1153.680729,29.86504794,-0.679860843,1214.618963,29.61878034,0.102213563,13.8,47.13823399999997,0.24626759999999948
421.20000000000005,1156.662096,29.8009222,-0.615486067,1217.575762,29.64033412,0.316281038,13.8,47.113665999999924,0.16058808000000013
421.3,1159.637413,29.74325019,-0.555009654,1220.535837,29.68427317,0.513573842,13.8,47.09842399999998,0.05897702000000038
421.40000000000003,1162.607383,29.69144713,-0.499406196,1223.501424,29.74975876,0.685704639,13.8,47.09404100000002,-0.058311629999998615
421.5,1165.57271,29.64492829,-0.449487852,1226.474764,29.83259721,0.824286092,13.8,47.10205400000014,-0.18766892000000013
421.6,1168.534019,29.60310891,-0.405417053,1229.458093,29.92775614,0.920930866,13.8,47.12407400000002,-0.32464723000000006
421.70000000000005,1171.491625,29.56540423,-0.367031368,1232.453651,30.03020312,0.968649515,13.8,47.162025999999926,-0.46479889000000085
421.8,1174.445764,29.53122949,-0.333518638,1235.463006,30.13490578,0.966044149,13.8,47.2172419999999,-0.6036762899999992
421.90000000000003,1177.396671,29.49999995,-0.303904271,1238.48504,30.23683169,0.914512658,13.8,47.28836900000006,-0.7368317399999995
422.0,1180.344584,29.47122831,-0.277213677,1241.517967,30.33094847,0.821044487,13.8,47.37338300000006,-0.8597201599999984
422.1,1183.289737,29.44481711,-0.252472265,1244.559999,30.4122237,0.694026974,13.8,47.470262000000005,-0.9674065899999995
422.20000000000005,1186.232367,29.42076635,-0.228705443,1247.609349,30.47646373,0.541847453,13.8,47.576982,-1.055697379999998
422.3,1189.17271,29.39907602,-0.205101054,1250.664229,30.52282982,0.37289326,13.8,47.69151899999993,-1.1237537999999994
422.40000000000003,1192.111002,29.37974613,-0.181496664,1253.722852,30.55132196,0.195551732,13.8,47.81185000000001,-1.1715758299999983
422.5,1195.047479,29.36277669,-0.157892274,1256.78343,30.56194016,0.016812314,13.8,47.93595099999989,-1.1991634699999985
422.6,1197.982377,29.34816768,-0.134287885,1259.844177,30.55468442,-0.161927103,13.8,48.061799999999906,-1.2065167400000014
422.70000000000005,1200.915932,29.33591911,-0.110683495,1262.903304,30.52955474,-0.340666521,13.8,48.187371999999826,-1.1936356299999993
422.8,1203.84838,29.32603098,-0.087079106,1265.959025,30.48655112,-0.519405938,13.8,48.31064500000021,-1.1605201400000027
422.90000000000003,1206.779958,29.31850329,-0.063511968,1269.009552,30.42567356,-0.698145356,13.8,48.42959399999991,-1.107170270000001
423.0,1209.710901,29.31333604,-0.040168341,1272.053097,30.34692205,-0.876884774,13.8,48.54219600000006,-1.0335860100000005
423.1,1212.641445,29.31052922,-0.017271736,1275.087873,30.2502966,-1.055624191,13.8,48.64642799999997,-0.9397673799999993
423.20000000000005,1215.571826,29.3100605,0.004954335,1278.112093,30.13579721,-1.233524808,13.8,48.74026699999986,-0.825736710000001
423.3,1218.502281,29.31181811,0.026286363,1281.123969,30.00342388,-1.406392618,13.8,48.82168799999995,-0.6916057699999989
423.40000000000003,1221.433046,29.31566794,0.046500836,1284.121715,29.85317661,-1.569194817,13.8,48.888668999999894,-0.5375086699999976
423.5,1224.364355,29.32147589,0.065411495,1287.103542,29.68555867,-1.716898598,13.8,48.93918700000013,-0.3640827800000004
423.6,1227.296429,29.32910786,0.082981089,1290.067663,29.50308648,-1.84800489,13.8,48.97123400000005,-0.17397861999999975
423.70000000000005,1230.229413,29.33842973,0.099246868,1293.012291,29.30877971,-1.946879682,13.8,48.982877999999985,0.02965002000000183
423.8,1233.163435,29.3493074,0.114395092,1295.935638,29.10565805,-2.019930174,13.8,48.97220299999999,0.24364935000000187
423.90000000000003,1236.098626,29.36160676,0.128649272,1298.83632,28.89462094,-2.06278383,13.8,48.93769399999992,0.46698582000000144
424.0,1239.035113,29.37521606,0.14223292,1301.714562,28.6850488,-2.076279451,13.8,48.87944899999998,0.6901672599999991
424.1,1241.973025,29.39011295,0.155369545,1304.570993,28.47360057,-2.064611043,13.8,48.79796800000004,0.9165123800000003
424.20000000000005,1244.912492,29.40629742,0.16828266,1307.406241,28.26541618,-2.029277675,13.8,48.69374899999998,1.1408812400000024
424.3,1247.853641,29.42376948,0.181158523,1310.220935,28.06301204,-1.98591336,13.8,48.56729400000013,1.3607574400000004
424.40000000000003,1250.796602,29.44252912,0.194034385,1313.015702,27.86689143,-1.928949697,13.8,48.41910000000003,1.5756376900000006
424.5,1253.741503,29.46257636,0.206910248,1315.791171,27.67705434,-1.866953229,13.8,48.24966800000011,1.7855220199999984
424.6,1256.688473,29.48391117,0.219786111,1318.547971,27.49350078,-1.804117959,13.8,48.05949800000003,1.9904103899999974
424.70000000000005,1259.637641,29.50653358,0.232661973,1321.286729,27.31623075,-1.74128269,13.8,47.849087999999895,2.1903028300000003
424.8,1262.589136,29.53044357,0.245537836,1324.008075,27.14524424,-1.678447421,13.8,47.61893899999991,2.385199329999999
424.90000000000003,1265.543086,29.55564114,0.258413699,1326.712637,26.98054126,-1.615612151,13.8,47.369551000000186,2.57509988
425.0,1268.499621,29.58212631,0.268785921,1329.401042,26.82212181,-1.552776882,13.8,47.10142100000003,2.760004500000001
425.1,1271.458868,29.60989906,0.278800481,1332.073919,26.66998589,-1.489941612,13.8,46.815051,2.9399131700000005
425.20000000000005,1274.420957,29.63895939,0.282807218,1334.731897,26.52413349,-1.42713402,13.8,46.51093999999985,3.1148258999999996
425.3,1277.386016,29.66780513,0.276177134,1337.375604,26.38456462,-1.364492489,13.8,46.18958800000014,3.2832405100000024
425.40000000000003,1280.354174,29.69772386,0.256894545,1340.005668,26.25127927,-1.302183082,13.8,45.85149399999996,3.4464445899999987
425.5,1283.325561,29.72532548,0.221796324,1342.622718,26.12426085,-1.24037186,13.8,45.49715699999997,3.6010646299999998
425.6,1286.300304,29.74783259,0.170222985,1345.227382,26.00342632,-1.179224886,13.8,45.12707799999994,3.7444062700000025
425.70000000000005,1289.278279,29.76403578,0.096865424,1347.820288,25.88867604,-1.11890822,13.8,44.74200899999978,3.8753597400000004
425.8,1292.25835,29.77203719,0.004737862,1350.402065,25.77991037,-1.059560248,13.8,44.34371499999993,3.9921268199999993
425.90000000000003,1295.239128,29.76993892,-0.10205789,1352.973328,25.67702969,-1.001208646,13.8,43.934200000000104,4.09290923
426.0,1298.219223,29.75584311,-0.221506149,1355.534638,25.57993434,-0.943825738,13.8,43.51541500000003,4.1759087699999995
426.1,1301.197244,29.72816819,-0.350443786,1358.086545,25.4885247,-0.887273139,13.8,43.089300999999935,4.239643490000002
426.20000000000005,1304.171804,29.68659785,-0.485707676,1360.629597,25.40270113,-0.831384787,13.8,42.65779300000004,4.283896719999998
426.3,1307.141512,29.6311321,-0.624134693,1363.164342,25.3223806,-0.775994621,13.8,42.222830000000116,4.3087515
426.40000000000003,1310.104978,29.56177092,-0.763088897,1365.691329,25.24754649,-0.720936577,13.8,41.786350999999925,4.314224429999999
426.5,1313.060814,29.47851432,-0.902043101,1368.211108,25.17819882,-0.666044596,13.8,41.350294000000034,4.3003155
426.6,1316.007629,29.3813623,-1.040997305,1370.724226,25.11433757,-0.611180292,13.8,40.916597000000095,4.267024729999999
426.70000000000005,1318.944034,29.27031485,-1.17995151,1373.231232,25.05596276,-0.556315987,13.8,40.48719799999999,4.214352089999998
426.8,1321.868639,29.14537199,-1.318905714,1375.732675,25.00307437,-0.501451683,13.8,40.064035999999945,4.142297620000001
426.90000000000003,1324.780056,29.00653371,-1.457859918,1378.229104,24.95567242,-0.446587379,13.8,39.64904799999995,4.05086129
427.0,1327.676894,28.85380001,-1.595499272,1380.721067,24.9137569,-0.391723074,13.8,39.244173,3.9400431100000013
427.1,1330.557764,28.68717089,-1.725249519,1383.209112,24.87732781,-0.33685877,13.8,38.8513480000001,3.8098430800000003
427.20000000000005,1333.421276,28.50664634,-1.839221554,1385.693789,24.84638514,-0.281471147,13.8,38.47251299999989,3.6602612000000008
427.3,1336.266041,28.31301529,-1.92952627,1388.175646,24.82092891,-0.222943609,13.8,38.10960499999983,3.49208638
427.40000000000003,1339.090669,28.11022228,-1.988274562,1390.655232,24.80095911,-0.158136244,13.8,37.76456300000014,3.3092631699999977
427.5,1341.89377,27.90300078,-2.007577324,1393.133095,24.78678973,-0.083909136,13.8,37.43932500000001,3.1162110500000004
427.6,1344.673956,27.69608425,-1.980860299,1395.609783,24.77999073,0.002877628,13.8,37.13582700000002,2.916093519999997
427.70000000000005,1347.430468,27.49420615,-1.906808639,1398.085847,24.78244606,0.105363963,13.8,36.85537900000004,2.7117600899999985
427.8,1350.165072,27.30209995,-1.786737192,1400.561834,24.79603966,0.226166462,13.8,36.59676200000008,2.506060289999997
427.90000000000003,1352.880164,27.12449911,-1.627220215,1403.038544,24.82265549,0.365808446,13.8,36.35838000000008,2.3018436199999996
428.0,1355.578143,26.9661371,-1.436146813,1405.517782,24.86417749,0.523766596,13.8,36.139638999999946,2.1019596100000015
428.1,1358.261405,26.83095846,-1.221406093,1408.001603,24.92248961,0.697424316,13.8,35.94019799999997,1.908468850000002
428.20000000000005,1360.932349,26.71975212,-0.990887161,1410.492063,24.9994758,0.883641692,13.8,35.75971399999999,1.72027632
428.3,1363.59337,26.63251806,-0.752479123,1412.991219,25.09670602,1.07927881,13.8,35.597848999999954,1.5358120399999997
428.40000000000003,1366.246866,26.56925629,-0.512756233,1415.501125,25.21449425,1.281195756,13.8,35.45425900000005,1.3547620399999971
428.5,1368.895235,26.52996682,-0.273033344,1418.023839,25.3528405,1.486252617,13.8,35.328604,1.1771263199999993
428.6,1371.540873,26.51464963,-0.033310454,1420.561415,25.51174477,1.691832796,13.8,35.22054199999998,1.002904860000001
428.70000000000005,1374.186179,26.52330472,0.206412435,1423.115909,25.69120706,1.897412976,13.8,35.129730000000066,0.8320976599999987
428.8,1376.833548,26.55593211,0.446135324,1425.689377,25.89122737,2.102993155,13.8,35.05582899999986,0.6647047400000012
428.90000000000003,1379.485379,26.61253179,0.685858214,1428.283875,26.11180569,2.308573335,13.8,34.99849600000012,0.5007260999999978
429.0,1382.144068,26.69310376,0.925581103,1430.901459,26.35294204,2.514153514,13.8,34.95739099999987,0.3401617200000011
429.1,1384.812014,26.79764801,1.163598819,1433.544185,26.6146364,2.719733694,13.8,34.93217099999988,0.1830116100000012
429.20000000000005,1387.491612,26.92616455,1.391385496,1436.214107,26.89688878,2.925313873,13.8,34.922494999999984,0.029275769999998147
429.3,1390.18526,27.07865339,1.598710092,1438.913283,27.19969917,3.129199421,13.8,34.928023000000124,-0.12104577999999933
429.40000000000003,1392.895356,27.2540914,1.77534157,1441.643768,27.52306759,3.322917176,13.8,34.94841199999992,-0.26897619000000006
429.5,1395.624297,27.44736309,1.911048889,1444.407618,27.86699402,3.496299349,13.8,34.98332099999989,-0.4196309300000003
429.6,1398.37448,27.65232981,1.995601009,1447.206888,28.23046169,3.639178146,13.8,35.03240799999999,-0.5781318799999973
429.70000000000005,1401.148302,27.86285295,2.020472063,1450.043635,28.6083867,3.741385776,13.8,35.09533299999994,-0.7455337499999999
429.8,1403.947341,28.07279389,1.98395688,1452.919913,28.99466838,3.792754447,13.8,35.1725719999999,-0.9218744900000004
429.90000000000003,1406.769904,28.27601399,1.887760631,1455.83778,29.38320606,3.784810999,13.8,35.26787600000007,-1.10719207
430.0,1409.613476,28.46637464,1.740409183,1458.798477,29.76789905,3.715860802,13.8,35.38500100000006,-1.301524409999999
430.1,1412.475543,28.63773721,1.552133577,1461.799993,30.14264669,3.587598485,13.8,35.52445000000007,-1.5049094799999985
430.20000000000005,1415.353591,28.78498619,1.333164851,1464.839503,30.50134829,3.40849721,13.8,35.685911999999874,-1.7163620999999978
430.3,1418.245108,28.90709846,1.093734046,1467.914183,30.83790318,3.188724768,13.8,35.869075000000024,-1.9308047200000011
430.40000000000003,1421.147579,29.00407403,0.8440722,1471.021207,31.14722748,2.93844895,13.8,36.073628000000056,-2.14315345
430.5,1424.058491,29.0759129,0.592705182,1474.157752,31.42830439,2.667837549,13.8,36.29926100000007,-2.3523914900000022
430.6,1426.97533,29.12261507,0.341338164,1477.320992,31.68113391,2.387058356,13.8,36.54566199999995,-2.5585188400000014
430.70000000000005,1429.895583,29.14418054,0.089971145,1480.508102,31.90571606,2.104584532,13.8,36.81251900000002,-2.761535519999999
430.8,1432.816735,29.1406093,-0.161395873,1483.716259,32.10205082,1.822110707,13.8,37.09952399999993,-2.961441520000001
430.90000000000003,1435.736273,29.11190136,-0.412762891,1486.942636,32.2701382,1.539636882,13.8,37.40636300000001,-3.158236839999997
431.0,1438.651683,29.05805672,-0.664129909,1490.18441,32.40997819,1.257163058,13.8,37.732727000000025,-3.351921469999997
431.1,1441.560453,28.97907538,-0.913766459,1493.438756,32.52157081,0.974689233,13.8,38.07830299999996,-3.542495429999999
431.20000000000005,1444.460067,28.87495733,-1.153020198,1496.702848,32.60491604,0.692215408,13.8,38.442780999999925,-3.7299587099999982
431.3,1447.348012,28.74570259,-1.371508315,1499.973862,32.66001389,0.410678417,13.8,38.82585000000013,-3.9143113000000014
431.40000000000003,1450.221776,28.59234942,-1.558847998,1503.248974,32.68686436,0.134762429,13.8,39.227198,-4.09451494
431.5,1453.078843,28.42008924,-1.704656437,1506.525359,32.68546744,-0.129911553,13.8,39.64651599999998,-4.265378199999997
431.6,1455.916701,28.23515173,-1.79855082,1509.800192,32.65638525,-0.377722527,13.8,40.083490999999825,-4.421233520000001
431.70000000000005,1458.732835,28.04376658,-1.831878805,1513.070647,32.60242827,-0.60304949,13.8,40.53781199999999,-4.558661689999997
431.8,1461.525563,27.85216347,-1.802909924,1516.333902,32.52696911,-0.800271439,13.8,41.00833900000016,-4.674805640000002
431.90000000000003,1464.296524,27.6665721,-1.713374644,1519.587129,32.43338037,-0.964704205,13.8,41.49060499999992,-4.766808270000002
432.0,1467.048188,27.49322214,-1.571925309,1522.827956,32.32503466,-1.095410954,13.8,41.97976800000011,-4.83181252
432.1,1469.783026,27.33834329,-1.38894473,1526.055805,32.20530458,-1.19332852,13.8,42.4727789999999,-4.8669612900000025
432.20000000000005,1472.503507,27.20712695,-1.174815717,1529.27055,32.07756272,-1.263141072,13.8,42.96704300000006,-4.870435770000004
432.3,1475.212101,27.10061139,-0.939921082,1532.472063,31.94518169,-1.310469613,13.8,43.45996199999986,-4.844570299999997
432.40000000000003,1477.911278,27.01879663,-0.694643636,1535.660219,31.810972,-1.340935146,13.8,43.94894100000006,-4.792175369999999
432.5,1480.60351,26.96168267,-0.447635722,1538.834891,31.67549573,-1.360158673,13.8,44.43138100000006,-4.713813060000003
432.6,1483.291265,26.92926949,-0.200627807,1541.995952,31.5387529,-1.373761197,13.8,44.904686999999925,-4.609483409999999
432.70000000000005,1485.977013,26.92155711,0.046380108,1545.143275,31.40074349,-1.386426887,13.8,45.36626199999996,-4.479186380000002
432.8,1488.663226,26.93854551,0.293388022,1548.276734,31.26146752,-1.399092577,13.8,45.81350800000014,-4.322922009999999
432.90000000000003,1491.352372,26.98023471,0.540395937,1551.396202,31.12092498,-1.411758267,13.8,46.243829999999846,-4.14069027
433.0,1494.046922,27.0466247,0.787403851,1554.501552,30.97911587,-1.424423958,13.8,46.654629999999955,-3.9324911700000023
433.1,1496.749346,27.13771548,1.034411766,1557.592658,30.83604018,-1.437089648,13.8,47.04331199999997,-3.6983247000000006
433.20000000000005,1499.462115,27.25350705,1.280071141,1560.669393,30.69169794,-1.449755338,13.8,47.40727799999986,-3.4381908900000013
433.3,1502.187697,27.39399942,1.517639277,1563.731631,30.54608912,-1.462421029,13.8,47.74393400000004,-3.152089700000001
433.40000000000003,1504.928564,27.55919257,1.739024937,1566.779244,30.39921373,-1.475086719,13.8,48.050680000000014,-2.840021159999999
433.5,1507.687186,27.74827739,1.936136883,1569.812107,30.25107177,-1.487752409,13.8,48.32492099999986,-2.502794380000001
433.6,1510.466031,27.95720827,2.101331072,1572.830092,30.10166325,-1.5004181,13.8,48.564060999999995,-2.1444549800000026
433.70000000000005,1513.267571,28.18113044,2.225174677,1575.833073,29.95098815,-1.51308379,13.8,48.76550199999993,-1.7698577100000001
433.8,1516.094276,28.41518918,2.302266589,1578.820923,29.79904649,-1.52574948,13.8,48.92664699999996,-1.3838573099999998
433.90000000000003,1518.947968,28.65479806,2.330811071,1581.793515,29.64583826,-1.53841517,13.8,49.04554700000013,-0.9910402000000005
434.0,1521.827881,28.89429738,2.312156664,1584.750724,29.49136346,-1.551080861,13.8,49.12284300000006,-0.5970660799999976
434.1,1524.732602,29.12963735,2.253046065,1587.692421,29.33562209,-1.563746551,13.8,49.15981899999993,-0.20598474000000166
434.20000000000005,1527.660716,29.35569491,2.161123317,1590.618482,29.17861415,-1.576412241,13.8,49.157765999999995,0.17708075999999906
434.3,1530.610809,29.56842444,2.045821248,1593.528778,29.02033964,-1.589077932,13.8,49.11796900000009,0.5480848000000016
434.40000000000003,1533.581469,29.76701682,1.913889506,1596.423183,28.86079856,-1.601743622,13.8,49.04171400000014,0.9062182599999993
434.5,1536.571281,29.95147205,1.773866525,1599.301571,28.69999091,-1.614409312,13.8,48.93028999999997,1.2514811399999992
434.6,1539.578832,30.12179013,1.632495005,1602.163814,28.5379167,-1.627075002,13.8,48.784982000000085,1.5838734300000006
434.70000000000005,1542.602708,30.27797105,1.491123484,1605.009787,28.37457591,-1.639740693,13.8,48.60707900000007,1.9033951400000007
434.8,1545.641495,30.42001482,1.349751964,1607.839363,28.20996856,-1.652406383,13.8,48.397867999999974,2.2100462599999986
434.90000000000003,1548.693779,30.54792144,1.208380443,1610.652414,28.04409464,-1.665072073,13.8,48.15863499999996,2.503826799999999
435.0,1551.758148,30.66169091,1.067008923,1613.448815,27.87695414,-1.677737763,13.8,47.89066700000008,2.784736770000002
435.1,1554.833186,30.76132323,0.925637403,1616.228438,27.70854708,-1.687940681,13.8,47.59525200000003,3.0527761499999997
435.20000000000005,1557.917481,30.84681839,0.784265882,1618.991158,27.53887345,-1.699111116,13.8,47.27367700000009,3.3079449399999987
435.3,1561.009618,30.9181764,0.642894362,1621.736846,27.36793325,-1.708346515,13.8,46.92722799999997,3.55024315
435.40000000000003,1564.108185,30.97539727,0.501522842,1624.465378,27.19720415,-1.580145251,13.8,46.557193000000055,3.7781931199999974
435.5,1567.211766,31.01848097,0.360151321,1627.176625,27.02478629,-1.443148368,13.8,46.16485900000016,3.9936946799999973
435.6,1570.31895,31.04742753,0.218779801,1629.870462,26.85067967,-1.310549295,13.8,45.751512000000005,4.1967478599999986
435.70000000000005,1573.428321,31.06223693,0.07740828,1632.546761,26.76045993,-1.16739548,13.8,45.31843999999997,4.301777000000001
435.8,1576.538466,31.06290919,-0.06396324,1635.205396,26.67298443,-1.05603885,13.8,44.866930000000096,4.3899247599999995
435.90000000000003,1579.647971,31.04944429,-0.20533476,1637.846241,26.58508674,-0.884782009,13.8,44.39826999999987,4.464357549999999
436.0,1582.755423,31.02184223,-0.346706281,1640.469168,26.49676686,-0.883198798,13.8,43.91374500000002,4.52507537
