t,x_follower,v_follower,a_follower,x_leader,v_leader,a_leader,leader_length,spacing,dv
333.0,226.3598984,28.60729567,3.990404645,270.5215405,27.78661633,-0.709306514,14.3,29.861642100000022,0.8206793399999981
333.1,229.24,29.02363632,3.95307839,273.2985475,27.71173691,-0.781719582,14.3,29.758547499999974,1.3118994100000023
333.20000000000005,232.1695183,29.43019177,3.794700533,276.0676866,27.62937243,-0.850757719,14.3,29.598168300000008,1.8008193400000003
333.3,235.1442466,29.81485686,3.518633618,278.8281982,27.5400854,-0.91529595,14.3,29.38395159999997,2.27477146
333.40000000000003,238.1583645,30.16552641,3.141690368,281.5793225,27.44455078,-0.974209298,14.3,29.120957999999984,2.720975629999998
333.5,241.2060513,30.47009529,2.68404605,284.3202997,27.34344357,-1.026560282,14.3,28.814248400000007,3.126651719999998
333.6,244.2814865,30.71847584,2.16587593,287.05046,27.23743876,-1.072161406,14.3,28.468973499999986,3.48103708
333.70000000000005,247.3788494,30.90865054,1.607355277,289.7694937,27.12721133,-1.111200167,14.3,28.09064429999999,3.7814392099999985
333.8,250.4923195,31.0406194,1.028659356,292.4771811,27.01343626,-1.144614044,14.3,27.684861599999987,4.027183140000002
333.90000000000003,253.6160762,31.11438241,0.446600891,295.1733023,26.89678855,-1.173528015,14.3,27.25722609999998,4.217593860000001
334.0,256.7442989,31.12993958,-0.135457574,297.8576376,26.77783068,-1.199067056,14.3,26.813338699999985,4.3521088999999975
334.1,259.8711671,31.0872909,-0.71751604,300.5299673,26.65667515,-1.222356144,14.3,26.35880020000003,4.430615749999998
334.20000000000005,262.99086,30.98643637,-1.299574505,303.1900715,26.53332195,-1.244520255,14.3,25.89921149999999,4.453114419999999
334.3,266.0975573,30.827376,-1.88163297,305.8377305,26.4077711,-1.26649687,14.3,25.440173200000014,4.4196048999999995
334.40000000000003,269.1854382,30.61010978,-2.463691435,308.4727245,26.28002258,-1.288473485,14.3,24.987286300000005,4.330087199999998
334.5,272.2486821,30.33463771,-3.042650722,311.0948338,26.1500764,-1.3104501,14.3,24.546151700000006,4.184561309999999
334.6,275.2814686,30.0009598,-3.603014942,313.7038387,26.01793256,-1.332426715,14.3,24.122370100000023,3.983027240000002
334.70000000000005,278.277977,29.60907604,-4.126189028,316.2995192,25.88359106,-1.354403329,14.3,23.7215422,3.725484980000001
334.8,281.2323868,29.16084594,-4.593577912,318.8816557,25.74705189,-1.376379944,14.3,23.349268900000038,3.41379405
334.90000000000003,284.1388772,28.66556703,-4.996342548,321.4500284,25.60831507,-1.398356559,14.3,23.011151199999983,3.0572519599999985
335.0,286.9916279,28.13439636,-5.286619805,324.0044175,25.46738058,-1.420154068,14.3,22.71278959999996,2.66701578
335.1,289.7848181,27.57849096,-5.478181859,326.5446033,25.32424843,-1.440876937,14.3,22.45978520000001,2.254242529999999
335.20000000000005,292.5141149,27.00315427,-5.558173508,329.0703661,25.17891862,-1.459450529,14.3,22.25625120000002,1.8242356499999985
335.3,295.1811358,26.43710416,-5.529693932,331.5814859,25.03149862,-1.474800204,14.3,22.100350100000025,1.4056055399999998
335.40000000000003,297.7889857,25.87393682,-5.40823902,334.0777431,24.88252573,-1.485851322,14.3,21.988757400000008,0.9914110899999997
335.5,300.3407698,25.33066293,-5.202647818,336.5589179,24.73264475,-1.491529247,14.3,21.918148100000007,0.5980181800000004
335.6,302.8395931,24.81658,-4.960783456,339.0247906,24.58250046,-1.490938444,14.3,21.885197500000015,0.23407953999999975
335.70000000000005,305.2885606,24.33354755,-4.671972939,341.4752273,24.43273764,-1.483899807,14.3,21.88666669999999,-0.09919009000000045
335.8,307.6907773,23.88156558,-4.364567354,343.9104381,24.28400107,-1.470592443,14.3,21.91966080000004,-0.40243548999999845
335.90000000000003,310.0493484,23.46063408,-4.054062592,346.3307191,24.13693555,-1.451911884,14.3,21.981370700000024,-0.6763014700000021
336.0,312.3673789,23.07075306,-3.743557829,348.7363664,23.99218585,-1.42893277,14.3,22.068987500000002,-0.9214327899999972
336.1,314.6479738,22.71192252,-3.433053067,351.127676,23.85028928,-1.402729739,14.3,22.17970220000002,-1.1383667599999967
336.20000000000005,316.8942382,22.38414245,-3.122548304,353.504944,23.71135333,-1.374377429,14.3,22.310705800000004,-1.3272108800000026
336.3,319.1092771,22.08741285,-2.812043542,355.8684664,23.57537798,-1.344950481,14.3,22.459189300000002,-1.4879651299999992
336.40000000000003,321.2961955,21.82173374,-2.501538779,358.2185393,23.44236323,-1.315344427,14.3,22.622343799999964,-1.6206294900000024
336.5,323.4580986,21.5871051,-2.191034017,360.5554587,23.31230909,-1.285738372,14.3,22.797360099999946,-1.7252039900000007
336.6,325.5980913,21.38352694,-1.881898298,362.8795208,23.18521556,-1.256132317,14.3,22.9814295,-1.8016886200000002
336.70000000000005,327.7192787,21.21099925,-1.580976842,365.1910215,23.06108263,-1.226526263,14.3,23.171742799999958,-1.850083380000001
336.8,329.8247659,21.06952204,-1.296483911,367.490257,22.9399103,-1.196920208,14.3,23.365491099999996,-1.8703882600000021
336.90000000000003,331.9176579,20.95827388,-1.036633768,369.7775233,22.82169859,-1.167314154,14.3,23.55986539999999,-1.8634247100000003
337.0,334.0010597,20.87314763,-0.809640675,372.0531164,22.70644747,-1.137922847,14.3,23.752056700000036,-1.8332998400000022
337.1,336.0780765,20.80921475,-0.616555329,374.3173325,22.59415697,-1.109820031,14.3,23.93925600000001,-1.7849422200000014
337.20000000000005,338.1518131,20.76154667,-0.485713649,376.5704675,22.48482706,-1.084294195,14.3,24.11865439999998,-1.7232803899999993
337.3,340.2247177,20.72521484,-0.396993977,378.8128176,22.37832892,-1.06263383,14.3,24.28809990000003,-1.6531140800000017
337.40000000000003,342.2966094,20.69958884,-0.356190837,381.0446788,22.27401829,-1.046127425,14.3,24.448069399999962,-1.5744294500000002
337.5,344.3666505,20.66684569,-0.35645901,383.2663471,22.17112207,-1.03606347,14.3,24.599696600000026,-1.5042763800000003
337.6,346.4340032,20.63495125,-0.389584234,385.4781187,22.06886718,-1.033515709,14.3,24.744115499999975,-1.4339159300000013
337.70000000000005,348.4978298,20.59550025,-0.454515812,387.6801864,21.96648051,-1.038698887,14.3,24.882356600000048,-1.3709802599999996
337.8,350.5572923,20.54767127,-0.521548783,389.8723311,21.86318898,-1.051398259,14.3,25.015038800000024,-1.3155177100000017
337.90000000000003,352.611553,20.4914643,-0.603959582,392.0542301,21.75821949,-1.070540081,14.3,25.14267709999997,-1.2667551899999978
338.0,354.6597741,20.42687935,-0.687739425,394.2255613,21.65079895,-1.094835863,14.3,25.265787199999988,-1.2239195999999986
338.1,356.7011179,20.35391642,-0.771519269,396.386002,21.54028311,-1.122997116,14.3,25.384884100000033,-1.1863666899999998
338.20000000000005,358.7347464,20.2725755,-0.855299112,398.5352299,21.42654313,-1.153735349,14.3,25.500483499999984,-1.1539676300000004
338.3,360.759822,20.1828566,-0.939078955,400.6729227,21.30957899,-1.185762072,14.3,25.61310070000003,-1.1267223899999976
338.40000000000003,362.7755067,20.08475971,-1.022858798,402.7987578,21.18939071,-1.218003544,14.3,25.72325109999998,-1.1046310000000013
338.5,364.7809629,19.97828484,-1.106638642,404.9124129,21.06597829,-1.250245015,14.3,25.831449999999972,-1.0876934499999997
338.6,366.7753527,19.86343198,-1.190005991,407.0135656,20.93934171,-1.282486487,14.3,25.938212900000007,-1.0759097299999993
338.70000000000005,368.7578383,19.74020114,-1.270898378,409.1018933,20.80948099,-1.314727958,14.3,26.044054999999968,-1.069279850000001
338.8,370.7275819,19.60859231,-1.346840838,411.1770738,20.67639612,-1.34696943,14.3,26.149491899999997,-1.067803810000001
338.90000000000003,372.6837457,19.468853,-1.41535841,413.2387846,20.5400871,-1.379210902,14.3,26.2550389,-1.0712341000000016
339.0,374.625492,19.32222068,-1.475336577,415.2867033,20.40055394,-1.411452373,14.3,26.36121129999999,-1.0783332600000008
339.1,376.5519829,19.17018033,-1.520219035,417.3205075,20.25779663,-1.443489289,14.3,26.468524600000034,-1.0876163000000005
339.20000000000005,378.4623806,19.01421693,-1.552024656,419.3398747,20.11181517,-1.474298875,14.3,26.577494099999978,-1.09759824
339.3,380.3560453,18.85499919,-1.568980499,421.3444826,19.96260956,-1.502653798,14.3,26.688437299999986,-1.1076103699999997
339.40000000000003,382.2331292,18.69646089,-1.571499059,423.3340087,19.81030254,-1.527326728,14.3,26.80087950000002,-1.1138416499999977
339.5,384.0939826,18.53763821,-1.561642803,425.3081306,19.65550778,-1.547090334,14.3,26.914148000000022,-1.1178695699999999
339.6,385.9389555,18.38083238,-1.540526249,427.266526,19.49896166,-1.560717285,14.3,27.027570499999978,-1.118129279999998
339.70000000000005,387.7683981,18.2272809,-1.5147057,429.2088723,19.34140059,-1.567184805,14.3,27.140474199999982,-1.114119689999999
339.8,389.5826607,18.07723125,-1.482574778,431.1349454,19.18356097,-1.566288339,14.3,27.252284699999972,-1.106329719999998
339.90000000000003,391.3820934,17.93068344,-1.447968893,433.0449137,19.02617919,-1.558232441,14.3,27.36282030000002,-1.0954957500000013
340.0,393.1670465,17.78763747,-1.412950515,434.939044,18.86999166,-1.544039889,14.3,27.471997499999997,-1.0823541900000002
340.1,394.93787,17.64809334,-1.377932136,436.8176031,18.71573477,-1.524938012,14.3,27.57973310000001,-1.067641430000002
340.20000000000005,396.6949142,17.51205105,-1.342913757,438.6808575,18.56402219,-1.502154142,14.3,27.685943299999973,-1.0519711399999991
340.3,398.4385293,17.37951059,-1.307895378,440.529074,18.41497666,-1.47691561,14.3,27.790544699999952,-1.0354660700000018
340.40000000000003,400.1690654,17.25047197,-1.272877,442.3625193,18.26859816,-1.450449747,14.3,27.89345389999995,-1.0181261900000003
340.5,401.8868728,17.12493519,-1.237858621,444.1814601,18.12488671,-1.423779329,14.3,27.99458729999999,-0.9999515199999998
340.6,403.5923015,17.00290025,-1.202840242,445.9861631,17.9838423,-1.397108911,14.3,28.09386159999998,-0.9809420499999995
340.70000000000005,405.2857019,16.88436714,-1.168001877,447.776895,17.84546493,-1.370438493,14.3,28.19119310000003,-0.9610977900000002
340.8,406.9674241,16.76933587,-1.134243592,449.5539226,17.7097546,-1.343768075,14.3,28.286498500000004,-0.9404187300000011
340.90000000000003,408.6378182,16.65780644,-1.102645467,451.3175124,17.57671131,-1.317097657,14.3,28.37969419999997,-0.9189048699999987
341.0,410.2972344,16.54967084,-1.074287584,453.0679313,17.44633507,-1.290427239,14.3,28.470696900000018,-0.896664229999999
341.1,411.946023,16.44438903,-1.049456755,454.8054459,17.31862586,-1.263917448,14.3,28.55942289999997,-0.874236830000001
341.20000000000005,413.5845341,16.34131296,-1.031612861,456.530323,17.1935837,-1.238371422,14.3,28.645788900000024,-0.8522707400000016
341.3,415.2131179,16.23979459,-1.019276169,458.2428291,17.07120858,-1.214752926,14.3,28.729711200000008,-0.8314139900000015
341.40000000000003,416.8320382,16.13966182,-1.013419959,459.9432312,16.95140413,-1.194025724,14.3,28.811193000000014,-0.8117423099999996
341.5,418.4412131,16.03883873,-1.013864217,461.6317957,16.83368846,-1.177153582,14.3,28.89058259999997,-0.7948497300000028
341.6,420.0404744,15.93810514,-1.019708877,463.3087895,16.71748331,-1.165100264,14.3,28.968315099999995,-0.7793781699999993
341.70000000000005,421.6296538,15.83633706,-1.030667126,464.9744793,16.60221043,-1.158668908,14.3,29.044825499999956,-0.7658733699999996
341.8,423.2085831,15.73299443,-1.043279081,466.6290546,16.48729155,-1.15802014,14.3,29.12047150000002,-0.7542971199999986
341.90000000000003,424.777094,15.62796926,-1.058844463,468.2723967,16.37214842,-1.162993334,14.3,29.195302700000024,-0.7441791599999981
342.0,426.3350182,15.52126154,-1.075489926,469.9043096,16.25620278,-1.172785353,14.3,29.269291399999997,-0.7349412399999995
342.1,427.8821876,15.41287128,-1.092315403,471.5245975,16.13887637,-1.18643243,14.3,29.342409900000018,-0.7260050899999992
342.20000000000005,429.4184338,15.30279846,-1.109140879,473.1330644,16.01968731,-1.202970803,14.3,29.41463060000002,-0.7168888499999984
342.3,430.9435886,15.1910431,-1.125966356,474.7295145,15.89853922,-1.221436705,14.3,29.485925899999994,-0.7074961200000001
342.40000000000003,432.4574837,15.07760519,-1.142791832,476.3137518,15.77543209,-1.240866371,14.3,29.556268099999965,-0.6978269000000008
342.5,433.9599509,14.96248474,-1.159617309,477.8855804,15.65036594,-1.260456666,14.3,29.625629499999956,-0.6878811999999996
342.6,435.4508219,14.84568173,-1.176442785,479.4448045,15.52334076,-1.28004696,14.3,29.69398259999998,-0.6776590299999992
342.70000000000005,436.9299285,14.72719618,-1.193091812,480.9912281,15.39435655,-1.299637254,14.3,29.761299599999983,-0.6671603699999995
342.8,438.3971024,14.60702808,-1.208682141,482.5246553,15.26341331,-1.319227549,14.3,29.82755290000001,-0.6563852300000015
342.90000000000003,439.8521754,14.48517743,-1.221562563,484.0448902,15.13051104,-1.338817843,14.3,29.892714799999975,-0.6453336099999998
343.0,441.2949792,14.36175011,-1.232451913,485.551737,14.99564974,-1.358408137,14.3,29.956757800000002,-0.6338996300000002
343.1,442.7253455,14.23727545,-1.23851396,487.0449997,14.85882941,-1.377998431,14.3,30.0196542,-0.62155396
343.20000000000005,444.1431061,14.11274419,-1.239282518,488.5244824,14.72005006,-1.397357064,14.3,30.0813763,-0.6073058699999994
343.3,445.5480928,13.98772503,-1.233875337,489.9899892,14.57931167,-1.415325729,14.3,30.141896400000018,-0.5915866399999992
343.40000000000003,446.940222,13.8639197,-1.222115969,491.4413243,14.43661425,-1.429775893,14.3,30.201102300000013,-0.5726945499999996
343.5,448.3197488,13.74160792,-1.204773373,492.8782916,14.2920968,-1.441533285,14.3,30.258542799999997,-0.5504888799999996
343.6,449.6870133,13.6214249,-1.180952266,494.3006953,14.1464543,-1.446992239,14.3,30.313681999999982,-0.5250294000000011
343.70000000000005,451.0423554,13.50400587,-1.153488878,495.7083396,14.00096388,-1.445501354,14.3,30.365984199999968,-0.49695801000000017
343.8,452.3861149,13.38988017,-1.122849396,497.1010284,13.85513008,-1.435902324,14.3,30.414913500000022,-0.4652499100000007
343.90000000000003,453.7186318,13.27915367,-1.090092518,498.4786771,13.71111632,-1.417963486,14.3,30.4600453,-0.4319626500000009
344.0,455.0402461,13.17182638,-1.056276943,499.8416459,13.56931344,-1.392655068,14.3,30.501399800000012,-0.39748705999999956
344.1,456.3512975,13.06789828,-1.022284917,501.1904058,13.43055541,-1.35891968,14.3,30.53910830000002,-0.36265713000000055
344.20000000000005,457.6521261,12.96736939,-0.988292892,502.5254283,13.29567621,-1.320362986,14.3,30.57330220000001,-0.3283068199999999
344.3,458.9430718,12.8702397,-0.954300866,503.8471847,13.16537084,-1.277636388,14.3,30.60411290000003,-0.29513113999999874
344.40000000000003,460.2244744,12.77650922,-0.920308841,505.1561461,13.03977828,-1.232129855,14.3,30.63167169999998,-0.2632690600000007
344.5,461.496674,12.68617794,-0.886316815,506.4527839,12.91889853,-1.185233354,14.3,30.6561099,-0.23272058999999956
344.6,462.7600104,12.59924586,-0.85232479,507.7375694,12.80273161,-1.138105192,14.3,30.677558999999984,-0.20348575000000046
344.70000000000005,464.0148236,12.51571298,-0.818396627,509.0109738,12.69127749,-1.090977029,14.3,30.696150199999988,-0.17556450999999917
344.8,465.2614534,12.4355793,-0.784851639,510.2734685,12.5845362,-1.043848867,14.3,30.712015099999984,-0.14895689999999995
344.90000000000003,466.5002399,12.35884483,-0.752073002,511.5255246,12.48250772,-0.996720704,14.3,30.725284699999985,-0.12366288999999853
345.0,467.7315228,12.28547124,-0.72044389,512.7676136,12.38519206,-0.949592542,14.3,30.73609080000001,-0.09972081999999993
345.1,468.9556422,12.21526695,-0.69034748,514.0002066,12.29258921,-0.902464379,14.3,30.744564399999955,-0.07732225999999898
345.20000000000005,470.1729379,12.14800205,-0.662166945,515.223775,12.20469918,-0.855336217,14.3,30.750837100000023,-0.05669712999999987
345.3,471.3837499,12.08344664,-0.636221599,516.4387901,12.12152197,-0.8080826,14.3,30.755040200000007,-0.03807532999999985
345.40000000000003,472.5883874,12.02137082,-0.612575304,517.645723,12.04305757,-0.760076258,14.3,30.757335599999987,-0.021686750000000643
345.5,473.7870372,11.96154466,-0.591164198,518.8450452,11.96930599,-0.710564463,14.3,30.758007999999972,-0.00776133000000101
345.6,474.9798551,11.90373828,-0.571668968,520.0372278,11.9003425,-0.658794492,14.3,30.757372699999973,0.0033957799999999594
345.70000000000005,476.1669972,11.84772177,-0.553706439,521.2227422,11.83654346,-0.604013617,14.3,30.755744999999944,0.011178310000000025
345.8,477.3486194,11.79330354,-0.536893435,522.4020597,11.77836051,-0.545469114,14.3,30.753440299999976,0.014943029999999524
345.90000000000003,478.5248779,11.74044526,-0.520846782,523.5756514,11.72624527,-0.48253371,14.3,30.75077349999999,0.01419998999999983
346.0,479.6959285,11.68914695,-0.505183304,524.744049,11.6806494,-0.415081951,14.3,30.748120500000038,0.00849754999999952
346.1,480.8619273,11.6394086,-0.489583689,525.9080248,11.64202452,-0.343239292,14.3,30.74609750000003,-0.002615920000000216
346.20000000000005,482.0230303,11.59123021,-0.473984073,527.0684114,11.61082227,-0.267633004,14.3,30.74538109999993,-0.019592059999999023
346.3,483.1793934,11.54461179,-0.458384458,528.2260414,11.58749429,-0.189015813,14.3,30.746648000000004,-0.042882500000001045
346.40000000000003,484.3311726,11.49955332,-0.442784843,529.3817473,11.57241693,-0.108140444,14.3,30.750574700000026,-0.07286360999999886
346.5,485.478524,11.45605482,-0.427185227,530.5363618,11.56566547,-0.025759624,14.3,30.757837800000015,-0.10961065000000048
346.6,486.6216036,11.41411628,-0.411585612,531.6907175,11.56723991,0.057373922,14.3,30.76911389999999,-0.15312362999999962
346.70000000000005,487.7605673,11.3737377,-0.395985997,532.8456469,11.57714026,0.140632922,14.3,30.785079600000028,-0.20340256000000068
346.8,488.8955712,11.33491908,-0.380433271,534.0019826,11.5953665,0.223891922,14.3,30.806411400000012,-0.2604474200000002
346.90000000000003,490.0267712,11.29766042,-0.365161886,535.1605572,11.62191864,0.307150923,14.3,30.833785999999986,-0.3242582200000008
347.0,491.1543233,11.26196172,-0.350453183,536.3222034,11.65679668,0.390409923,14.3,30.867880100000047,-0.39483495999999896
347.1,492.2783835,11.22779486,-0.3365885,537.4877536,11.70000063,0.473668923,14.3,30.9093701,-0.4722057700000004
347.20000000000005,493.3991079,11.19501915,-0.323849179,538.6580405,11.75153047,0.556927923,14.3,30.95893259999998,-0.5565113200000003
347.3,494.5166524,11.16346579,-0.312516561,539.8338968,11.81138621,0.640097018,14.3,31.01724440000005,-0.6479204200000002
347.40000000000003,495.631173,11.13296598,-0.302825095,541.0161548,11.87956785,0.722726679,14.3,31.08498179999999,-0.746601870000001
347.5,496.7428032,11.10335091,-0.294821672,542.2056474,11.95607539,0.804277472,14.3,31.16284419999995,-0.8527244800000009
347.6,497.8515865,11.07445179,-0.288459402,543.403207,12.04085489,0.884209964,14.3,31.251620499999955,-0.9664031000000008
347.70000000000005,498.9575438,11.0460998,-0.283503834,544.6096662,12.13363663,0.96198472,14.3,31.352122399999995,-1.0875368299999995
347.8,500.0606961,11.01812614,-0.279673627,545.8258576,12.23409695,1.037062308,14.3,31.465161499999976,-1.21597081
347.90000000000003,501.1610643,10.99039015,-0.276687442,547.0526139,12.34191219,1.108993199,14.3,31.59154959999996,-1.3515220400000008
348.0,502.2586693,10.96286368,-0.274263938,548.2907245,12.45675868,1.177687486,14.3,31.7320552,-1.4938950000000002
348.1,503.3535322,10.93554674,-0.272121775,549.5408061,12.57831278,1.243235077,14.3,31.887273900000036,-1.6427660399999997
348.20000000000005,504.4456739,10.90843932,-0.270026501,550.8034324,12.70625081,1.306085498,14.3,32.05775850000005,-1.7978114900000008
348.3,505.5351153,10.88154144,-0.267931228,552.0791771,12.84024912,1.366778184,14.3,32.24406180000007,-1.9587076799999998
348.40000000000003,506.6218774,10.85485308,-0.265835955,553.3686139,12.980038,1.425852569,14.3,32.4467365,-2.1251849200000006
348.5,507.7059812,10.82837425,-0.263740681,554.6723164,13.12556349,1.483848087,14.3,32.666335200000006,-2.29718924
348.6,508.7874475,10.80210494,-0.261645408,555.9908583,13.2768256,1.54130417,14.3,32.90341080000003,-2.474720660000001
348.70000000000005,509.8662974,10.77604516,-0.259550134,557.3248132,13.43382432,1.598670348,14.3,33.15851579999999,-2.6577791599999987
348.8,510.9425518,10.75019491,-0.256991116,558.6747549,13.59655967,1.656036526,14.3,33.43220310000005,-2.84636476
348.90000000000003,512.0162316,10.72455419,-0.251649628,560.0412568,13.76503163,1.713402704,14.3,33.725025200000076,-3.04047744
349.0,513.0873579,10.699123,-0.240743203,561.4248929,13.93924021,1.770768881,14.3,34.037535000000005,-3.2401172099999993
349.1,514.1559515,10.67417958,-0.22148937,562.8262366,14.1191854,1.828135059,14.3,34.370285100000004,-3.4450058199999987
349.20000000000005,515.2220334,10.65111516,-0.19110566,564.2458616,14.30486722,1.885501237,14.3,34.72382820000003,-3.6537520600000004
349.3,516.2856245,10.63159924,-0.146809605,565.6843417,14.49628565,1.942867415,14.3,35.09871719999997,-3.864686410000001
349.40000000000003,517.3467459,10.61730129,-0.08628248,567.1422505,14.6934407,1.999519584,14.3,35.495504600000075,-4.07613941
349.5,518.4056411,10.6098908,-0.009060541,568.6201615,14.89633237,2.0518877,14.3,35.91452039999997,-4.286441569999999
349.6,519.4634439,10.61103723,0.084392469,570.1186486,15.10496065,2.092750238,14.3,36.355204700000016,-4.49392342
349.70000000000005,520.521511,10.62241009,0.191757824,571.6382854,15.31889715,2.126635558,14.3,36.81677439999994,-4.696487059999999
349.8,521.5811989,10.64567884,0.310253055,573.1796454,15.53599984,2.140447194,14.3,37.298446500000026,-4.890321
349.90000000000003,522.6438641,10.68223472,0.437095694,574.7433025,15.75193579,2.132838564,14.3,37.79943840000006,-5.069701069999999
350.0,523.7108631,10.73235599,0.569503271,576.3298302,15.96942204,2.100239622,14.3,38.318967099999966,-5.237066049999999
350.1,524.7835526,10.79604263,0.704693317,577.9394594,16.18060069,2.041936361,14.3,38.85590680000003,-5.384558059999998
350.20000000000005,525.863289,10.87329465,0.840347108,579.5710503,16.38466379,1.96158026,14.3,39.40776130000002,-5.511369140000001
350.3,526.9514288,10.96411205,0.976000899,581.2231202,16.57904093,1.853928951,14.3,39.97169140000001,-5.614928880000001
350.40000000000003,528.0493287,11.06849483,1.11165469,582.8941863,16.76116165,1.732078899,14.3,40.54485759999996,-5.692666819999998
350.5,529.1583451,11.18644299,1.247308481,584.5827659,16.92888395,1.597376688,14.3,41.12442080000001,-5.74244096
350.6,530.2798346,11.31795653,1.382962272,586.2873765,17.08177941,1.45410637,14.3,41.707541900000095,-5.763822879999999
350.70000000000005,531.4151537,11.46303544,1.518616063,588.0065352,17.21984802,1.306551998,14.3,42.291381500000014,-5.75681258
350.8,532.565659,11.62167974,1.65406663,589.7387595,17.34308981,1.158283618,14.3,42.873100500000035,-5.721410069999999
350.90000000000003,533.732707,11.79388941,1.788297854,591.4825666,17.45150475,1.010015238,14.3,43.44985960000004,-5.657615340000001
351.0,534.9176542,11.97966447,1.920090392,593.2364739,17.54509285,0.861746858,14.3,44.01881969999995,-5.56542838
351.1,536.1218572,12.17888297,2.0482249,594.9989986,17.62385412,0.713478477,14.3,44.57714140000003,-5.444971150000001
351.20000000000005,537.3466725,12.39093524,2.171482035,596.7686581,17.68778855,0.565210097,14.3,45.12198560000009,-5.296853310000001
351.3,538.5934566,12.61508968,2.288642454,598.5439697,17.73689614,0.416941717,14.3,45.65051310000008,-5.121806459999998
351.40000000000003,539.8635662,12.85061468,2.398690039,600.3234507,17.77117689,0.270689136,14.3,46.15988449999993,-4.92056221
351.5,541.1582601,13.09677863,2.501421564,602.1056185,17.79063081,0.136531349,14.3,46.64735839999999,-4.69385218
351.6,542.4784072,13.35284994,2.597040254,603.8889903,17.79525788,0.033915068,14.3,47.110583100000056,-4.442407940000001
351.70000000000005,543.8247787,13.61809699,2.686562228,605.6720835,17.7862676,-0.04712066,14.3,47.547304799999964,-4.168170609999999
351.8,545.1981459,13.89178818,2.771206829,607.4534154,17.76970736,-0.072425293,14.3,47.95526950000006,-3.877919180000001
351.90000000000003,546.5992801,14.17331383,2.852193401,609.2315032,17.75724518,-0.037255952,14.3,48.332223100000036,-3.583931350000002
352.0,548.0289524,14.46255201,2.930741287,611.0048644,17.7429045,0.068466359,14.3,48.675912,-3.280352490000002
352.1,549.4879342,14.75950273,3.008069829,612.7729838,17.74717563,0.246757438,14.3,48.98504959999998,-2.9876729000000015
352.20000000000005,550.9769967,15.06416598,3.085195148,614.5392166,17.77290431,0.488249572,14.3,49.26221990000006,-2.708738330000001
352.3,552.4969112,15.37654176,3.162320466,616.3078857,17.82734742,0.80491951,14.3,49.510974500000046,-2.4508056599999986
352.40000000000003,554.0484488,15.69663007,3.239445785,618.0833139,17.91776182,1.162616712,14.3,49.73486510000005,-2.2211317499999996
352.5,555.6323809,16.02443092,3.316571103,619.869824,18.05019492,1.556598299,14.3,49.93744309999995,-2.025763999999999
352.6,557.2494787,16.35994429,3.393696422,621.6717388,18.2258562,1.974769475,14.3,50.122260099999906,-1.8659119099999977
352.70000000000005,558.9005135,16.7031702,3.47082174,623.4933812,18.44474566,2.405035446,14.3,50.29286770000006,-1.74157546
352.8,560.5862565,17.05410864,3.547947059,625.3390739,18.70686329,2.837317216,14.3,50.45281740000003,-1.652754650000002
352.90000000000003,562.307479,17.41275961,3.623734763,627.2131397,19.0122091,3.269598986,14.3,50.605660700000115,-1.5994494900000014
353.0,564.0649522,17.77912312,3.68541762,629.1199016,19.36078309,3.701880756,14.3,50.75494940000006,-1.5816599700000005
353.1,565.8594473,18.15319915,3.743207424,631.0636823,19.75258525,4.134162526,14.3,50.90423499999993,-1.5993861000000003
353.20000000000005,567.6917357,18.53418515,3.770841007,633.0488046,20.18761559,4.566444296,14.3,51.05706890000006,-1.653430440000001
353.3,569.5625886,18.91442077,3.766371844,635.0795913,20.66587411,4.998726066,14.3,51.217002699999924,-1.7514533400000012
353.40000000000003,571.4727772,19.3000331,3.721774247,637.1603653,21.18736081,5.431007836,14.3,51.387588099999974,-1.887327710000001
353.5,573.4230728,19.67526422,3.630360144,639.2954494,21.75207568,5.858278244,14.3,51.572376600000055,-2.076811460000002
353.6,575.4136046,20.03894622,3.496871081,641.4891663,22.36001873,6.255480479,14.3,51.77556169999998,-2.3210725100000005
353.70000000000005,577.4419336,20.3862637,3.304407192,643.745839,23.01118995,6.573736499,14.3,52.00390540000008,-2.624926249999998
353.8,579.5049786,20.71240124,3.077894029,646.0697902,23.70258254,6.839407734,14.3,52.2648116000001,-2.9901813000000033
353.90000000000003,581.5996587,21.01254342,2.819278119,648.4653428,24.4191624,6.965996409,14.3,52.56568410000007,-3.406618980000001
354.0,583.7228927,21.28267741,2.536585149,650.9368195,25.13160271,6.942244216,14.3,52.91392679999997,-3.8489252999999977
354.1,585.8715996,21.52200064,2.237840805,653.4885433,25.85572032,6.743094346,14.3,53.31694369999998,-4.333719679999998
354.20000000000005,588.0426982,21.7305131,1.931070775,656.1224313,26.53961657,6.363535436,14.3,53.7797331,-4.80910347
354.3,590.2331076,21.90821479,1.62296313,658.8307793,27.17653648,5.827388716,14.3,54.29767169999998,-5.2683216900000005
354.40000000000003,592.4397466,22.05510572,1.314855486,661.6034772,27.74843915,5.103281394,14.3,54.86373060000001,-5.693333429999999
354.5,594.6595341,22.17118589,1.006747841,664.4304153,28.23728366,4.277711246,14.3,55.47088120000008,-6.066097769999999
354.6,596.8893891,22.25645529,0.698640196,667.3014835,28.62803594,3.361936578,14.3,56.112094400000004,-6.3715806499999985
354.70000000000005,599.1262305,22.31091393,0.390532552,670.206572,28.91768916,2.386025564,14.3,56.780341500000034,-6.606775229999997
354.8,601.3669773,22.3345618,0.082424907,673.1355709,29.10624332,1.380046376,14.3,57.46859359999992,-6.771681520000001
354.90000000000003,603.6085483,22.32739891,-0.224318791,676.0783702,29.19369843,0.369055826,14.3,58.169821899999945,-6.866299520000002
355.0,605.8478625,22.28942525,-0.522878811,679.0248601,29.18005449,-0.641934724,14.3,58.87699759999994,-6.890629239999999
355.1,608.0818387,22.22064083,-0.805071473,681.9649306,29.06531149,-1.652925275,14.3,59.58309189999996,-6.8446706599999985
355.20000000000005,610.307396,22.12186402,-1.062713099,684.8884719,28.84946943,-2.663915825,14.3,60.281075899999976,-6.727605409999999
355.3,612.5214532,21.99718664,-1.28762001,687.785374,28.53252832,-3.674906375,14.3,60.963920800000054,-6.535341680000002
355.40000000000003,614.7209293,21.85151892,-1.478986733,690.6455271,28.11448816,-4.685896925,14.3,61.62459780000002,-6.26296924
355.5,616.9027432,21.68977105,-1.60785892,693.4588212,27.59534894,-5.691478518,14.3,62.25607799999996,-5.90557789
355.6,619.0644685,21.51685325,-1.69500724,696.2151464,26.97511066,-6.664606371,14.3,62.85067790000001,-5.458257409999998
355.70000000000005,621.2062976,21.33324879,-1.734417434,698.9043928,26.25377333,-7.572826742,14.3,63.398095200000014,-4.920524540000002
355.8,623.3290776,21.15714866,-1.732909234,701.5164506,25.43458232,-8.383685892,14.3,63.88737299999998,-4.27743366
355.90000000000003,625.4336556,20.9801823,-1.69866632,704.0412098,24.5337645,-9.082703868,14.3,64.3075542000001,-3.553582200000001
356.0,627.5208786,20.81086846,-1.632494164,706.4685604,23.57079211,-9.583505563,14.3,64.64768180000006,-2.759923650000001
356.1,629.5915938,20.65002551,-1.564711061,708.7883927,22.5651374,-9.912967559,14.3,64.89679889999998,-1.9151118900000021
356.20000000000005,631.6466483,20.49765345,-1.481366075,710.9931929,21.52548834,-10.04770711,14.3,65.04654460000002,-1.0278348899999976
356.3,633.686889,20.35375229,-1.396657142,713.0858328,20.50366999,-9.993133178,14.3,65.0989438000001,-0.1499176999999996
356.40000000000003,635.7131633,20.21832203,-1.311948209,715.0717801,19.48680178,-9.77629054,14.3,65.05861679999994,0.7315202499999991
356.5,637.726318,20.09136265,-1.227239276,716.9565028,18.50514023,-9.41165915,14.3,64.93018479999996,1.5862224200000021
356.6,639.7272003,19.97287417,-1.142530343,718.7454687,17.5749122,-8.985614118,14.3,64.7182683999999,2.3979619700000008
356.70000000000005,641.7166574,19.86285658,-1.05782141,720.4441458,16.69936308,-8.476687815,14.3,64.42748839999997,3.1634934999999977
356.8,643.6955362,19.76130989,-0.973112477,722.0580019,15.87849285,-7.935307771,14.3,64.06246570000003,3.882817039999999
356.90000000000003,645.6646839,19.66823409,-0.888403544,723.5925049,15.11230152,-7.38851877,14.3,63.627821,4.555932569999998
357.0,647.6249476,19.58362918,-0.804545544,725.0531227,14.4007891,-6.841729769,14.3,63.12817509999998,5.182840079999998
357.1,649.5771743,19.50749517,-0.72579314,726.4453232,13.74395557,-6.294940768,14.3,62.56814889999994,5.763539599999998
357.20000000000005,651.5222112,19.43983205,-0.659824543,727.7745744,13.14180094,-5.748151768,14.3,61.95236319999999,6.29803111
357.3,653.4609053,19.38012926,-0.604027512,729.046344,12.59432522,-5.201362767,14.3,61.28543869999994,6.78580404
357.40000000000003,655.3941037,19.32583401,-0.57122548,730.2661,12.10152839,-4.654573766,14.3,60.571996300000094,7.224305620000001
357.5,657.3226535,19.27233936,-0.563951433,731.4393102,11.66341046,-4.107784765,14.3,59.816656700000024,7.6089289
357.6,659.2474019,19.22121267,-0.586460035,732.5714426,11.27997144,-3.563286361,14.3,59.02404069999996,7.941241229999999
357.70000000000005,661.1687873,19.16475988,-0.639602217,733.667965,10.95121131,-3.032531531,14.3,58.19917770000002,8.213548569999999
357.8,663.0856148,19.10146119,-0.719954436,734.7343454,10.67713008,-2.529263852,14.3,57.348730600000025,8.424331109999999
357.90000000000003,664.9962807,19.02825324,-0.830979864,735.7760516,10.4563534,-2.0672269,14.3,56.479770899999906,8.571899840000002
358.0,666.8991813,18.94207267,-0.959855067,736.7985515,10.28200947,-1.660164249,14.3,55.599370200000024,8.660063200000002
358.1,668.7927132,18.8403667,-1.10404706,737.807313,10.14585215,-1.305135827,14.3,54.714599800000045,8.694514550000001
358.20000000000005,670.6752726,18.72262476,-1.258450248,738.807804,10.0396353,-1.063645557,14.3,53.832531400000065,8.682989459999998
358.3,672.5452561,18.58884684,-1.417959032,739.8043929,9.95511276,-0.887933091,14.3,52.95913680000008,8.633734079999998
358.40000000000003,674.40106,18.43903295,-1.578318749,740.7970502,9.894048587,-0.792391482,14.3,52.09599019999992,8.544984363000001
358.5,676.2410807,18.27318309,-1.738678466,741.7846468,9.818166065,-0.76556775,14.3,51.243566100000024,8.455017025
358.6,678.0637146,18.09129726,-1.899038183,742.7660537,9.749249615,-0.793718319,14.3,50.40233910000002,8.342047645000001
358.70000000000005,679.8673581,17.89337545,-2.0593979,743.7401418,9.670417261,-0.879783263,14.3,49.5727836999999,8.222958189
358.8,681.6504077,17.67941768,-2.219757617,744.7057822,9.580294646,-0.959968061,14.3,48.75537450000009,8.099123034
358.90000000000003,683.4112596,17.44942393,-2.380117334,745.6618459,9.478881768,-1.070580082,14.3,47.95058630000001,7.970542161999997
359.0,685.1483104,17.20339421,-2.539786766,746.6072037,9.366178629,-1.1834827,14.3,47.1588933,7.837215580999999
359.1,686.8599565,16.94132852,-2.695314481,747.5407267,9.242185228,-1.296385317,14.3,46.3807702000001,7.699143291999999
359.20000000000005,688.5445941,16.66322686,-2.842558765,748.4612859,9.106901566,-1.409287935,14.3,45.61669179999997,7.556325294000002
359.3,690.2006198,16.36950339,-2.977377902,749.3677522,8.960327641,-1.522190552,14.3,44.86713240000002,7.409175748999999
359.40000000000003,691.82643,16.06222899,-3.095630175,750.2589966,8.802463455,-1.63509317,14.3,44.13256660000009,7.259765535000001
359.5,693.4204209,15.74388867,-3.196046921,751.13389,8.633309007,-1.747995787,14.3,43.4134691,7.110579663000001
359.6,694.9809892,15.41696747,-3.266557557,751.9913035,8.452864298,-1.860898405,14.3,42.71031430000001,6.964103172
359.70000000000005,696.5068624,15.08395041,-3.315090949,752.830108,8.261129326,-1.973343884,14.3,42.02324559999995,6.822821083999999
359.8,697.9980936,14.7455987,-3.339464333,753.6491745,8.058104093,-2.083046536,14.3,41.351080900000014,6.687494607
359.90000000000003,699.4550674,14.40956886,-3.343129138,754.4473739,7.843788598,-2.187263531,14.3,40.69230650000004,6.5657802620000005
360.0,700.8781681,14.07317442,-3.33022708,755.2235773,7.618457125,-2.283252043,14.3,40.04540919999995,6.454717295000001
360.1,702.2677802,13.74021007,-3.302026824,755.9766556,7.383481086,-2.368269243,14.3,39.408875400000014,6.356728984
360.20000000000005,703.624288,13.41108999,-3.271289238,756.7054798,7.140506179,-2.44216624,14.3,38.78119180000006,6.270583811000001
360.3,704.948076,13.08581416,-3.233536886,757.4089209,6.891178101,-2.494875533,14.3,38.16084489999999,6.194636059
360.40000000000003,706.2395287,12.76438261,-3.195094248,758.0860692,6.637142548,-2.533721795,14.3,37.54654049999995,6.127240062
360.5,707.4990304,12.44679532,-3.156651609,758.7368929,6.378488854,-2.556568227,14.3,36.93786250000001,6.068306465999999
360.6,708.7269656,12.13305229,-3.118208971,759.3615794,6.121531805,-2.56570052,14.3,36.334613800000014,6.011520485
360.70000000000005,709.9237187,11.82315352,-3.079766333,759.9603164,5.863248009,-2.563861501,14.3,35.73659770000002,5.959905511
360.8,711.0896742,11.51709902,-3.041323694,760.5332914,5.606565243,-2.55120006,14.3,35.143617200000065,5.9105337769999995
360.90000000000003,712.2252164,11.21488878,-3.002881056,761.0806918,5.351757789,-2.538240839,14.3,34.555475399999935,5.863130991000001
361.0,713.3307298,10.91652281,-2.964577655,761.6027053,5.098825647,-2.519944851,14.3,33.971975500000056,5.817697163
361.1,714.4065988,10.6220011,-2.927109675,762.0995193,4.847768818,-2.501191726,14.3,33.39292050000002,5.774232282000001
361.20000000000005,715.4532079,10.33132365,-2.89131254,762.5713214,4.598587302,-2.482438601,14.3,32.81811349999994,5.7327363479999995
361.3,716.4709414,10.04440693,-2.858021671,763.0182991,4.351281098,-2.463685476,14.3,32.24735770000002,5.693125831999999
361.40000000000003,717.4601839,9.760833214,-2.828072491,763.4406399,4.105850207,-2.444932351,14.3,31.680456000000003,5.654983007
361.5,718.4213196,9.480101258,-2.80230042,763.8385315,3.862294628,-2.426179226,14.3,31.117211900000097,5.61780663
361.6,719.3547331,9.201709806,-2.780988342,764.2121612,3.620614362,-2.407426101,14.3,30.557428099999992,5.581095444000001
361.70000000000005,720.260742,8.925157604,-2.765193087,764.5617167,3.380809408,-2.38831982,14.3,30.000974699999983,5.5443481960000005
361.8,721.1393964,8.6499434,-2.754502454,764.8873854,3.142879766,-2.367094601,14.3,29.44798899999996,5.507063634
361.90000000000003,721.9906798,8.375813923,-2.747666617,765.189355,2.906825437,-2.341631506,14.3,28.898675200000024,5.468988486000001
362.0,722.8145758,8.101717362,-2.744172468,765.4678129,2.672858315,-2.309811598,14.3,28.35323710000007,5.428859047
362.1,723.6110675,7.827399785,-2.743184585,765.7229466,2.442037867,-2.269515939,14.3,27.81187910000001,5.385361918
362.20000000000005,724.3801386,7.553109835,-2.744280849,765.9549438,2.215635458,-2.21862559,14.3,27.274805200000014,5.3374743769999995
362.3,725.1217724,7.278654123,-2.745708245,766.1639918,1.994922449,-2.155374772,14.3,26.742219399999907,5.283731674
362.40000000000003,725.8359523,7.004032649,-2.74704355,766.3504479,1.781170203,-2.079410326,14.3,26.214495599999918,5.222862446
362.5,726.5226618,6.729245413,-2.74870117,766.515347,1.575650083,-1.99108541,14.3,25.692685199999982,5.15359533
362.6,727.1818843,6.454292415,-2.75035879,766.6598938,1.379633452,-1.892165805,14.3,25.178009499999984,5.074658963
362.70000000000005,727.8136031,6.179173655,-2.75201641,766.7852929,1.194391672,-1.784770449,14.3,24.67168979999992,4.9847819829999995
362.8,728.4178019,5.903889133,-2.753674031,766.892749,1.020984212,-1.671018279,14.3,24.174947100000008,4.882904921
362.90000000000003,728.9944639,5.628438849,-2.755009336,766.9834667,0.859622966,-1.553028234,14.3,23.68900279999998,4.768815883
363.0,729.5435725,5.352822803,-2.756471265,767.0586505,0.710307934,-1.432919251,14.3,23.215078000000016,4.642514868999999
363.1,730.0651113,5.077040995,-2.757679946,767.1195052,0.573039116,-1.299584235,14.3,22.754393900000036,4.504001879
363.20000000000005,730.5590636,4.801286814,-2.756951555,767.1672352,0.447816512,-1.156473757,14.3,22.308171600000104,4.353470302
363.3,731.0254129,4.525311617,-2.750645904,767.2030454,0.334640121,-1.006097447,14.3,21.877632499999958,4.190671496
363.40000000000003,731.4641425,4.249115404,-2.7367961,767.2281402,0.241233671,-0.848303656,14.3,21.463997700000004,4.0078817330000005
363.5,731.8752359,3.974267916,-2.713209742,767.2437242,0.165738712,-0.693585837,14.3,21.068488299999967,3.808529204
363.6,732.2586766,3.702435261,-2.676957707,767.2510022,0.106649466,-0.536469794,14.3,20.69232560000007,3.5957857950000003
363.70000000000005,732.6144479,3.434963335,-2.625525278,767.2511788,0.062460157,-0.394411518,14.3,20.336730900000088,3.372503178
363.8,732.9427345,3.173360969,-2.559013974,767.2516375,0.031665009,-0.268586585,14.3,20.008902999999986,3.14169596
363.90000000000003,733.2445256,2.919136993,-2.478105041,767.2520961,0.012758245,-0.170104509,14.3,19.707570500000042,2.906378748
364.0,733.5210118,2.673800237,-2.384622521,767.2525548,0.00458676,-0.096455662,14.3,19.431542999999987,2.669213477
364.1,733.7733835,2.438859532,-2.281081131,767.2530135,0.00458676,-0.045130415,14.3,19.17962999999993,2.434272772
364.20000000000005,734.0028313,2.215572237,-2.16999559,767.2534722,0.00458676,-0.013619141,14.3,18.950640900000007,2.210985477
364.3,734.2105455,2.004189823,-2.053880613,767.2539308,0.00458676,-4.93e-12,14.3,18.743385300000067,1.999603063
364.40000000000003,734.3977168,1.80471229,-1.93525092,767.2543895,0.00458676,-2.13e-12,14.3,18.55667269999999,1.80012553
364.5,734.5655356,1.617139639,-1.816202106,767.2548482,0.00458676,-1.37e-12,14.3,18.389312599999993,1.6125528789999999
364.6,734.7151923,1.441471869,-1.697153293,767.2553069,0.00458676,-5.21e-13,14.3,18.240114600000037,1.4368851089999999
364.70000000000005,734.8478775,1.27770898,-1.57810448,767.2557655,0.00458676,-3.32e-13,14.3,18.10788800000007,1.27312222
364.8,734.9647816,1.125850973,-1.459055667,767.2562242,0.00458676,0.0,14.3,17.99144259999998,1.121264213
364.90000000000003,735.0670952,0.985897847,-1.340006853,767.2566829,0.00458676,0.0,14.3,17.889587699999947,0.981311087
365.0,735.1560088,0.857849602,-1.22095804,767.2571416,0.00458676,0.0,14.3,17.80113279999996,0.853262842
365.1,735.2327127,0.741706239,-1.102242041,767.2576002,0.00458676,0.0,14.3,17.724887499999976,0.737119479
365.20000000000005,735.2983976,0.637467757,-0.985522926,767.2580589,0.00458676,0.0,14.3,17.659661299999993,0.632880997
365.3,735.3542538,0.545134156,-0.87279758,767.2585176,0.00458676,0.0,14.3,17.604263799999966,0.540547396
365.40000000000003,735.401472,0.464505748,-0.766062887,767.2589763,0.00458676,0.0,14.3,17.55750429999996,0.459918988
365.5,735.4412425,0.394584091,-0.667315731,767.259435,0.00458676,0.0,14.3,17.51819250000001,0.389997331
365.6,735.4747558,0.334171054,-0.578552997,767.2598936,0.00458676,0.0,14.3,17.48513780000003,0.329584294
365.70000000000005,735.5032026,0.282068506,-0.501438756,767.2603523,0.00458676,7.11e-14,14.3,17.457149700000013,0.277481746
365.8,735.5276134,0.237078318,-0.43630582,767.260811,0.00458676,1.71e-13,14.3,17.43319760000004,0.23249155800000001
365.90000000000003,735.54838,0.198002357,-0.382821376,767.2612697,0.00458676,3.91e-13,14.3,17.412889700000004,0.193415597
366.0,735.5657344,0.163642495,-0.339228009,767.2617283,0.00458676,3.91e-13,14.3,17.39599389999996,0.159055735
366.1,735.5799086,0.132800599,-0.300379831,767.262187,0.00458676,7.58e-13,14.3,17.382278400000086,0.128213839
366.20000000000005,735.5911346,0.104478228,-0.266980188,767.2626457,0.00458676,4.26e-13,14.3,17.371511099999974,0.09989146800000001
366.3,735.5996444,0.078531701,-0.230864702,767.2631044,0.00458676,4.55e-13,14.3,17.363459999999986,0.073944941
366.40000000000003,735.6056698,0.056850419,-0.196936489,767.263563,0.00458676,0.0,14.3,17.35789319999999,0.052263659
366.5,735.609443,0.039144403,-0.162500124,767.2640217,0.00458676,0.0,14.3,17.354578699999887,0.034557643
366.6,735.611196,0.025123673,-0.127097161,767.2644804,0.00458676,-1.99e-13,14.3,17.353284400000074,0.020536913
366.70000000000005,735.6112054,0.01449825,-0.094593993,767.2649391,0.00458676,-3.91e-13,14.3,17.353733699999975,0.009911490000000002
366.8,735.6112148,0.006978154,-0.065083966,767.2653977,0.00458676,-3.32e-13,14.3,17.354182900000023,0.0023913940000000007
366.90000000000003,735.6112242,0.002273405,-0.041716083,767.2658564,0.00458676,-1.14e-13,14.3,17.354632199999923,-0.0023133549999999996
367.0,735.6112336,9.4e-05,-0.024007044,767.2663151,0.00458676,0.0,14.3,17.35508150000005,-0.004492759999999999
367.1,735.611243,9.4e-05,-0.01147355,767.2667738,0.00458676,4.97e-13,14.3,17.355530800000064,-0.004492759999999999
367.20000000000005,735.6112524,9.4e-05,-0.003632302,767.2672324,0.00458676,4.97e-13,14.3,17.35598,-0.004492759999999999
367.3,735.6112618,9.4e-05,0.0,767.2676911,0.00458676,2.49e-13,14.3,17.356429300000013,-0.004492759999999999
367.40000000000003,735.6112712,9.4e-05,4.74e-13,767.2681498,0.00458676,2.49e-13,14.3,17.356878599999913,-0.004492759999999999
367.5,735.6112806,9.4e-05,1.22e-13,767.2686085,0.00458676,0.0,14.3,17.35732790000004,-0.004492759999999999
367.6,735.61129,9.4e-05,2.37e-13,767.2690671,0.00458676,-3.32e-13,14.3,17.357777099999975,-0.004492759999999999
367.70000000000005,735.6112994,9.4e-05,1.89e-13,767.2695258,0.00458676,-3.32e-13,14.3,17.35822639999999,-0.004492759999999999
367.8,735.6113088,9.4e-05,0.0,767.2699845,0.00458676,-7.82e-13,14.3,17.358675700000003,-0.004492759999999999
367.90000000000003,735.6113182,9.4e-05,-1.42e-13,767.2704432,0.00458676,-5.21e-13,14.3,17.359125000000017,-0.004492759999999999
368.0,735.6113276,9.4e-05,-1.78e-13,767.2709019,0.00458676,-3.91e-13,14.3,17.35957430000003,-0.004492759999999999
368.1,735.611337,9.4e-05,-1.62e-13,767.2713605,0.00458676,-1.71e-13,14.3,17.360023499999965,-0.004492759999999999
368.20000000000005,735.6113464,9.4e-05,-3.55e-13,767.2718192,0.00458676,0.0,14.3,17.36047279999998,-0.004492759999999999
368.3,735.6113558,9.4e-05,-4.74e-13,767.2722779,0.00458676,0.0,14.3,17.360922099999993,-0.004492759999999999
368.40000000000003,735.6113652,9.4e-05,0.0,767.2727366,0.00458676,0.0,14.3,17.361371400000007,-0.004492759999999999
368.5,735.6113746,9.4e-05,0.0,767.2731952,0.00458676,1.99e-13,14.3,17.361820600000055,-0.004492759999999999
368.6,735.611384,9.4e-05,3.55e-13,767.2736539,0.00458676,2.49e-13,14.3,17.362269899999955,-0.004492759999999999
368.70000000000005,735.6113934,9.4e-05,4.74e-13,767.2741126,0.00458676,3.91e-13,14.3,17.36271919999997,-0.004492759999999999
368.8,735.6114028,9.4e-05,1.42e-13,767.2745713,0.00458676,5.21e-13,14.3,17.363168500000096,-0.004492759999999999
368.90000000000003,735.6114122,9.4e-05,2.37e-13,767.2750299,0.00458676,7.82e-13,14.3,17.36361770000003,-0.004492759999999999
369.0,735.6114216,9.4e-05,0.0,767.2754886,0.00458676,5.21e-13,14.3,17.364067000000045,-0.004492759999999999
369.1,735.611431,9.4e-05,-2.71e-14,767.2759473,0.00458676,2.84e-13,14.3,17.364516299999945,-0.004492759999999999
369.20000000000005,735.6114404,9.4e-05,-2.37e-13,767.276406,0.00458676,0.0,14.3,17.36496559999996,-0.004492759999999999
369.3,735.6114498,9.4e-05,-1.78e-13,767.2768646,0.00458676,-2.84e-13,14.3,17.365414800000007,-0.004492759999999999
369.40000000000003,735.6114592,9.4e-05,-4.74e-13,767.2773233,0.00458676,-5.21e-13,14.3,17.36586410000002,-0.004492759999999999
369.5,735.6114686,9.4e-05,-2.71e-13,767.277782,0.00458676,-7.82e-13,14.3,17.366313400000035,-0.004492759999999999
369.6,735.611478,9.4e-05,-1.78e-13,767.2782407,0.00458676,-5.21e-13,14.3,17.366762699999935,-0.004492759999999999
369.70000000000005,735.6114874,9.4e-05,3.38e-14,767.2786993,0.00458676,-3.91e-13,14.3,17.367211899999983,-0.004492759999999999
369.8,735.6114968,9.4e-05,2.54e-14,767.279158,0.00458676,-2.49e-13,14.3,17.367661199999997,-0.004492759999999999
369.90000000000003,735.6115062,9.4e-05,7.89e-14,767.2796167,0.00458676,-1.99e-13,14.3,17.36811050000001,-0.004492759999999999
370.0,735.6115156,9.4e-05,1.02e-13,767.2800754,0.00458676,0.0,14.3,17.368559800000025,-0.004492759999999999
370.1,735.611525,9.4e-05,1.78e-13,767.280534,0.00458676,0.0,14.3,17.36900899999996,-0.004492759999999999
370.20000000000005,735.6115344,9.4e-05,2.71e-13,767.2809927,0.00458676,0.0,14.3,17.369458299999973,-0.004492759999999999
370.3,735.6115438,9.4e-05,3.55e-13,767.2814514,0.00458676,1.71e-13,14.3,17.369907599999987,-0.004492759999999999
370.40000000000003,735.6115532,9.4e-05,2.37e-13,767.2819101,0.00458676,3.91e-13,14.3,17.3703569,-0.004492759999999999
370.5,735.6115626,9.4e-05,0.0,767.2823688,0.00458676,5.21e-13,14.3,17.370806200000015,-0.004492759999999999
370.6,735.611572,9.4e-05,-2.03e-14,767.2828274,0.00458676,7.82e-13,14.3,17.37125539999995,-0.004492759999999999
370.70000000000005,735.6115815,9.4e-05,-2.37e-13,767.2832861,0.00458676,3.32e-13,14.3,17.371704599999997,-0.004492759999999999
370.8,735.6115909,9.4e-05,-2.71e-13,767.2837448,0.00458676,3.32e-13,14.3,17.37215390000001,-0.004492759999999999
370.90000000000003,735.6116003,9.4e-05,-2.37e-13,767.2842035,0.00458676,0.0,14.3,17.372603200000025,-0.004492759999999999
371.0,735.6116097,9.4e-05,-1.89e-13,767.2846621,0.00458676,-2.49e-13,14.3,17.37305239999996,-0.004492759999999999
371.1,735.6116191,9.4e-05,-2.37e-13,767.2851208,0.00458676,-2.49e-13,14.3,17.373501699999974,-0.004492759999999999
371.20000000000005,735.6116285,9.4e-05,-2.54e-14,767.2855795,0.00458676,-4.97e-13,14.3,17.373950999999987,-0.004492759999999999
371.3,735.6116379,9.4e-05,0.0,767.2860382,0.00458676,-4.97e-13,14.3,17.3744003,-0.004492759999999999
371.40000000000003,735.6116473,9.4e-05,1.78e-13,767.2864968,0.00458676,-3.32e-13,14.3,17.37484950000005,-0.004492759999999999
371.5,735.6116567,9.4e-05,3.16e-13,767.2869555,0.00458676,-7.11e-14,14.3,17.37529879999995,-0.004492759999999999
371.6,735.6116661,9.4e-05,4.74e-13,767.2874142,0.00458676,0.0,14.3,17.375748099999964,-0.004492759999999999
371.70000000000005,735.6116755,9.4e-05,2.37e-13,767.2878729,0.00458676,0.0,14.3,17.376197399999977,-0.004492759999999999
371.8,735.6116849,9.4e-05,2.37e-13,767.2883315,0.00458676,0.0,14.3,17.376646600000026,-0.004492759999999999
371.90000000000003,735.6116943,9.4e-05,4.74e-14,767.2887902,0.00458676,0.0,14.3,17.37709590000004,-0.004492759999999999
372.0,735.6117037,9.4e-05,0.0,767.2892489,0.00458676,0.0,14.3,17.37754519999994,-0.004492759999999999
372.1,735.6117131,9.4e-05,-1.78e-13,767.2897076,0.00458676,0.0,14.3,17.377994500000067,-0.004492759999999999
372.20000000000005,735.6117225,9.4e-05,-1.62e-13,767.2901662,0.00458676,0.0,14.3,17.378443700000002,-0.004492759999999999
372.3,735.6117319,9.4e-05,-3.55e-13,767.2906249,0.00458676,0.0,14.3,17.378893000000016,-0.004492759999999999
372.40000000000003,735.6117413,9.4e-05,-3.55e-13,767.2910836,0.00458676,0.0,14.3,17.37934230000003,-0.004492759999999999
372.5,735.6117507,9.4e-05,0.0,767.2915423,0.00458676,0.0,14.3,17.37979159999993,-0.004492759999999999
372.6,735.6117601,9.4e-05,0.0,767.2920009,0.00458676,0.0,14.3,17.380240799999978,-0.004492759999999999
372.70000000000005,735.6117695,9.4e-05,2.37e-13,767.2924596,0.00458676,0.0,14.3,17.380690099999992,-0.004492759999999999
372.8,735.6117789,9.4e-05,3.55e-13,767.2929183,0.00458676,3.13e-13,14.3,17.381139400000006,-0.004492759999999999
372.90000000000003,735.6117883,9.4e-05,4.06e-13,767.293377,0.00458676,4.97e-13,14.3,17.38158870000002,-0.004492759999999999
373.0,735.6117977,9.4e-05,1.42e-13,767.2938357,0.00458676,7.82e-13,14.3,17.382038000000033,-0.004492759999999999
373.1,735.6118071,9.4e-05,2.03e-13,767.2942943,0.00458676,7.82e-13,14.3,17.38248720000008,-0.004492759999999999
373.20000000000005,735.6118165,9.4e-05,0.0,767.294753,0.00458676,3.32e-13,14.3,17.382936499999982,-0.004492759999999999
373.3,735.6118259,9.4e-05,-4.74e-14,767.2952117,0.00458676,3.32e-13,14.3,17.383385799999996,-0.004492759999999999
373.40000000000003,735.6118353,9.4e-05,-2.37e-13,767.2956704,0.00458676,0.0,14.3,17.383835099999896,-0.004492759999999999
373.5,735.6118447,9.4e-05,-1.42e-13,767.296129,0.00458676,-2.49e-13,14.3,17.384284299999944,-0.004492759999999999
373.6,735.6118541,9.4e-05,-4.74e-13,767.2965877,0.00458676,-3.91e-13,14.3,17.38473360000007,-0.004492759999999999
373.70000000000005,735.6118635,9.4e-05,-2.37e-13,767.2970464,0.00458676,-4.97e-13,14.3,17.385182899999972,-0.004492759999999999
373.8,735.6118729,9.4e-05,0.0,767.2975051,0.00458676,-4.97e-13,14.3,17.385632199999986,-0.004492759999999999
373.90000000000003,735.6118823,9.4e-05,1.66e-12,767.2979637,0.00458676,-3.32e-13,14.3,17.38608139999992,-0.004492759999999999
374.0,735.6118917,9.4e-05,0.011859222,767.2984224,0.00458676,-7.11e-14,14.3,17.386530700000048,-0.004492759999999999
374.1,735.6119011,9.4e-05,0.020469465,767.2988811,0.00458676,0.0,14.3,17.38698000000006,-0.004492759999999999
374.20000000000005,735.6119105,9.4e-05,0.027894041,767.2993398,0.00458676,0.0,14.3,17.387429299999962,-0.004492759999999999
374.3,735.6119199,0.007209557,0.037192054,767.2997984,0.00458676,0.0,14.3,17.38787850000001,0.0026227970000000005
374.40000000000003,735.6119293,0.013454502,0.04093893,767.3002571,0.00458676,0.0,14.3,17.38832779999991,0.008867742000000001
374.5,735.6119387,0.016469596,0.041695877,767.3007158,0.00458676,3.13e-13,14.3,17.388777100000038,0.011882836
374.6,735.6119481,0.022409256,0.02914262,767.3011745,0.00458676,3.91e-13,14.3,17.38922640000005,0.017822496
374.70000000000005,735.61765,0.024657382,0.013511468,767.3016331,0.00458676,7.82e-13,14.3,17.383983099999977,0.020070622
374.8,735.6226553,0.02511155,0.00023835,767.3020918,0.00458676,7.82e-13,14.3,17.37943649999995,0.02052479
374.90000000000003,735.6267795,0.02527962,-0.01127711,767.3025505,0.00458676,3.32e-13,14.3,17.375771000000054,0.02069286
375.0,735.6298379,0.02340812,-0.028682457,767.3030092,0.00458676,3.32e-13,14.3,17.373171300000035,0.018821360000000002
375.1,735.6316458,0.016084941,-0.035511355,767.3034678,0.00458676,0.0,14.3,17.37182200000002,0.011498181
375.20000000000005,735.6320186,0.012423351,-0.039258231,767.3039265,0.00458676,-7.11e-14,14.3,17.37190789999995,0.007836591
375.3,735.6321624,0.007447907,-0.035900649,767.3043852,0.00458676,-2.84e-13,14.3,17.372222799999985,0.0028611470000000005
375.40000000000003,735.6323063,0.003804737,-0.027461921,767.3048439,0.00458676,-3.91e-13,14.3,17.372537600000054,-0.0007820229999999997
375.5,735.6324502,0.001724681,-0.018307947,767.3053026,0.00458676,-4.97e-13,14.3,17.37285240000001,-0.0028620789999999996
375.6,735.632594,0.001438583,-0.010015541,767.3057612,0.00458676,-3.32e-13,14.3,17.373167199999966,-0.0031481769999999994
375.70000000000005,735.6327379,0.001438583,-0.00394359,767.3062199,0.00458676,-2.49e-13,14.3,17.37348199999992,-0.0031481769999999994
375.8,735.6328817,0.001438583,-0.00047683,767.3066786,0.00458676,0.0,14.3,17.37379690000007,-0.0031481769999999994
375.90000000000003,735.6330256,0.001438583,-2.53e-12,767.3071373,0.00458676,0.0,14.3,17.374111700000025,-0.0031481769999999994
376.0,735.6331694,0.001438583,-1.89e-12,767.3075959,0.00458676,0.0,14.3,17.37442649999998,-0.0031481769999999994
376.1,735.6333133,0.001438583,0.0,767.3080546,0.00458676,1.56e-12,14.3,17.374741299999936,-0.0031481769999999994
376.20000000000005,735.6334572,0.001438583,-1.58e-13,767.3085133,0.00458676,0.145872492,14.3,17.375056100000005,-0.0031481769999999994
376.3,735.633601,0.001438583,0.0,767.308972,0.00458676,0.309282486,14.3,17.37537100000004,-0.0031481769999999994
376.40000000000003,735.6337449,0.001438583,0.0,767.3094306,0.00458676,0.489621103,14.3,17.37568570000003,-0.0031481769999999994
376.5,735.6338887,0.001438583,0.0,767.3098893,0.092110256,0.686279463,14.3,17.37600059999995,-0.09067167300000001
376.6,735.6340326,0.001438583,0.0,767.310348,0.190156252,0.915039284,14.3,17.37631540000002,-0.188717669
376.70000000000005,735.6341765,0.001438583,2.37e-13,767.3108067,0.298359422,1.126119895,14.3,17.376630199999976,-0.296920839
376.8,735.6343203,0.001438583,6.51e-13,767.3112653,0.416354438,1.222211717,14.3,17.37694499999993,-0.414915855
376.90000000000003,735.6344642,0.001438583,1.18e-12,767.3817428,0.553610331,1.314650263,14.3,17.447278599999958,-0.552171748
377.0,735.634608,0.001438583,3.72e-12,767.4606383,0.680258697,1.257563041,14.3,17.52603030000007,-0.678820114
377.1,735.6347519,0.001438583,0.154887542,767.5476595,0.825437286,1.179285041,14.3,17.61290760000004,-0.823998703
377.20000000000005,735.6348957,0.001438583,0.33715659,767.6425142,0.97894641,1.064034545,14.3,17.707618500000034,-0.977507827
377.3,735.6350396,0.001438583,0.548064208,767.7449101,1.052897246,0.957330069,14.3,17.809870499999942,-1.0514586629999998
377.40000000000003,735.6351835,0.094371108,0.822096311,767.8545549,1.123925462,0.823395166,14.3,17.9193714,-1.029554354
377.5,735.6353273,0.203732537,1.096128415,767.9711565,1.192031057,0.666442847,14.3,18.035829200000034,-0.9882985199999998
377.6,735.6354712,0.330277107,1.345673031,768.0944225,1.257214032,0.637216639,14.3,18.158951299999966,-0.926936925
377.70000000000005,735.635615,0.473550832,1.503025659,768.2240606,1.319474385,0.607990432,14.3,18.2884456,-0.845923553
377.8,735.7101049,0.659115632,1.65847313,768.3597787,1.378812118,0.578764224,14.3,18.34967379999996,-0.7196964859999999
377.90000000000003,735.7977379,0.808842401,1.651976054,768.5012843,1.43522723,0.549538016,14.3,18.403546399999936,-0.6263848289999999
378.0,735.8991174,0.996186503,1.610537041,768.6482854,1.488719721,0.520311808,14.3,18.44916799999994,-0.49253321800000005
378.1,736.0138803,1.198816415,1.489035754,768.8004896,1.539289592,0.4910856,14.3,18.48660930000001,-0.340473177
378.20000000000005,736.1414216,1.32146274,1.38068826,768.9576046,1.586936841,0.461805357,14.3,18.516183000000023,-0.2654741009999999
378.3,736.2811366,1.439873057,1.272555998,769.1193383,1.63166147,0.432200899,14.3,18.538201700000013,-0.19178841300000005
378.40000000000003,736.4324204,1.552537084,1.096398547,769.2853982,1.673463478,0.401948012,14.3,18.552977800000075,-0.12092639400000005
378.5,736.5946682,1.659152766,1.035915089,769.4554923,1.712310444,0.370722482,14.3,18.560824099999945,-0.05315767800000004
378.6,736.7672751,1.759720102,0.975431632,769.6293281,1.748040261,0.338200095,14.3,18.562052999999946,0.011679840999999858
378.70000000000005,736.9496364,1.854239093,0.914948175,769.8066135,1.780458399,0.304056636,14.3,18.556977099999994,0.07378069399999987
378.8,737.1411471,1.942709737,0.854464718,769.9870562,1.809370331,0.268021927,14.3,18.54590909999997,0.13333940599999994
378.90000000000003,737.3412025,2.025132036,0.79398126,770.170338,1.834581527,0.230041931,14.3,18.529135500000006,0.19055050899999992
379.0,737.5491977,2.101505989,0.733497803,770.3560369,1.85589746,0.190170685,14.3,18.506839200000012,0.24560852900000008
379.1,737.7645279,2.171831597,0.673014346,770.543705,1.8731236,0.148678367,14.3,18.479177100000083,0.29870799700000017
379.20000000000005,737.9865882,2.236108858,0.612530889,770.7328945,1.886065419,0.105889192,14.3,18.446306300000014,0.35004343900000023
379.3,738.2147738,2.294337775,0.552047431,770.9231575,1.89456081,0.062127373,14.3,18.408383700000012,0.3997769649999998
379.40000000000003,738.4484799,2.346518345,0.491520215,771.1140461,1.898577351,0.017717126,14.3,18.365566199999943,0.44794099399999987
379.5,738.6871016,2.392650569,0.430730443,771.3051124,1.898115042,-0.027017336,14.3,18.31801079999998,0.49453552700000025
379.6,738.9300342,2.432734448,0.36941556,771.4959085,1.893173884,-0.071805833,14.3,18.265874300000018,0.5395605640000001
379.70000000000005,739.1766727,2.466743726,0.307313011,771.6859866,1.883753876,-0.11659433,14.3,18.209313899999938,0.5829898499999997
379.8,739.4264124,2.494547124,0.24416024,771.8748987,1.869855018,-0.161382827,14.3,18.148486300000013,0.6246921059999999
379.90000000000003,739.6786483,2.515987111,0.179694692,772.062197,1.85147731,-0.206171325,14.3,18.083548700000005,0.6645098009999999
380.0,739.9327757,2.530906151,0.113697571,772.2474336,1.828620753,-0.250959822,14.3,18.014657900000042,0.7022853979999999
380.1,740.1881688,2.539146713,0.046125117,772.4301606,1.801285346,-0.295748319,14.3,17.94199180000005,0.737861367
380.20000000000005,740.4441176,2.540551263,-0.022978911,772.6099301,1.769471089,-0.340228679,14.3,17.865812500000015,0.7710801739999997
380.3,740.6998913,2.534962268,-0.093395716,772.7862942,1.733177982,-0.38286021,14.3,17.786402900000052,0.8017842860000002
380.40000000000003,740.9547591,2.522222194,-0.164862742,772.9588051,1.692406026,-0.421794085,14.3,17.704045999999902,0.8298161679999998
380.5,741.2079901,2.502199764,-0.237117435,773.1270149,1.647340103,-0.455181477,14.3,17.619024799999988,0.8548596610000003
380.6,741.4588534,2.474868722,-0.309897239,773.2904756,1.598904627,-0.481173556,14.3,17.531622200000083,0.875964095
380.70000000000005,741.7066181,2.440229068,-0.382939598,773.4487394,1.548208895,-0.497921496,14.3,17.442121300000007,0.8920201729999999
380.8,741.9505535,2.398280803,-0.456025716,773.6013584,1.496362203,-0.503884606,14.3,17.350804900000025,0.9019186000000001
380.90000000000003,742.1899286,2.349023925,-0.529111834,773.7480327,1.444473849,-0.498754748,14.3,17.258104099999922,0.904550076
381.0,742.4240126,2.292458436,-0.602197953,773.8890538,1.393653129,-0.48284006,14.3,17.165041200000086,0.8988053069999999
381.1,742.6520746,2.228584334,-0.675284071,774.0248614,1.345009339,-0.457681232,14.3,17.07278679999997,0.8835749949999998
381.20000000000005,742.8733837,2.157401621,-0.74837019,774.1558949,1.299651778,-0.425127093,14.3,16.982511200000044,0.8577498429999999
381.3,743.0872092,2.078910297,-0.821456308,774.282594,1.258504859,-0.387026469,14.3,16.895384800000055,0.8204054380000001
381.40000000000003,743.2928201,1.99311036,-0.894030387,774.4053981,1.221753463,-0.34522819,14.3,16.812577999999984,0.771356897
381.5,743.4894856,1.900001811,-0.963532227,774.5247469,1.189397593,-0.301581083,14.3,16.7352613,0.7106042180000001
381.6,743.6764748,1.799584651,-1.026889591,774.6410799,1.161437247,-0.257625837,14.3,16.66460509999997,0.6381474039999999
381.70000000000005,743.8530568,1.692166102,-1.081030239,774.7548366,1.137872425,-0.213670592,14.3,16.601779799999985,0.554293677
381.8,744.0185009,1.579282285,-1.122881935,774.8664566,1.118703129,-0.169715346,14.3,16.547955699999942,0.4605791559999999
381.90000000000003,744.172076,1.462776542,-1.149372439,774.9763794,1.103929356,-0.125760101,14.3,16.504303400000094,0.358847186
382.0,744.3130515,1.344492216,-1.157941553,775.0850447,1.093551108,-0.081804856,14.3,16.471993199999996,0.2509411079999999
382.1,744.4409421,1.22627265,-1.148077237,775.1928919,1.087568385,-0.03784961,14.3,16.45194979999992,0.1387042650000001
382.20000000000005,744.5562459,1.109961187,-1.120291531,775.3003606,1.085981186,0.006105635,14.3,16.444114699999954,0.023980000999999973
382.3,744.6597068,0.997401171,-1.077144633,775.4078904,1.088789512,0.050027265,14.3,16.44818360000006,-0.09138834099999993
382.40000000000003,744.7520686,0.890435943,-1.021708782,775.5159207,1.095993362,0.093747205,14.3,16.463852100000008,-0.20555741900000002
382.5,744.8340749,0.790601624,-0.957056216,775.6248913,1.107592737,0.137063764,14.3,16.490816399999925,-0.31699111300000005
382.6,744.9064698,0.698205436,-0.886259174,775.7352415,1.123567468,0.179775251,14.3,16.52877170000006,-0.4253620320000001
382.70000000000005,744.969997,0.613247381,-0.812389893,775.847411,1.143816708,0.221679977,14.3,16.57741399999993,-0.5305693269999999
382.8,745.0254002,0.535727458,-0.738008573,775.9618394,1.168219445,0.26257625,14.3,16.636439199999995,-0.6324919870000001
382.90000000000003,745.0734234,0.465645666,-0.663627252,776.0789661,1.196654663,0.302295996,14.3,16.705542699999977,-0.7310089969999999
383.0,745.1148103,0.403002007,-0.589245932,776.1992146,1.229001349,0.340805598,14.3,16.78440429999996,-0.825999342
383.1,745.1503047,0.34779648,-0.514864611,776.3229437,1.265138487,0.378138673,14.3,16.872639000000003,-0.917342007
383.20000000000005,745.1806505,0.300029085,-0.440483291,776.4504963,1.304945065,0.414463295,14.3,16.969845800000098,-1.00491598
383.3,745.2065915,0.259699822,-0.36610197,776.582215,1.348300067,0.449981155,14.3,17.075623500000074,-1.088600245
383.40000000000003,745.2288714,0.226808691,-0.291786242,776.7184426,1.395102648,0.484893944,14.3,17.1895712,-1.168293957
383.5,745.2482342,0.201355692,-0.217864063,776.8595218,1.44533264,0.519403352,14.3,17.31128760000008,-1.243976948
383.6,745.2654235,0.183340825,-0.144728984,777.0057954,1.498990042,0.55371107,14.3,17.440371900000013,-1.315649217
383.70000000000005,745.2811832,0.172724735,-0.072774555,777.1576061,1.556074854,0.587985172,14.3,17.576422899999965,-1.383350119
383.8,745.2962572,0.169310647,-0.002394326,777.3152967,1.616587076,0.622259275,14.3,17.719039499999962,-1.447276429
383.90000000000003,745.3113893,0.172862431,0.066018153,777.4792099,1.680526709,0.656533377,14.3,17.867820600000027,-1.507664278
384.0,745.3273232,0.183143958,0.132134923,777.6496883,1.747893752,0.69080748,14.3,18.022365099999956,-1.564749794
384.1,745.3447713,0.199919096,0.195890394,777.8270749,1.818688205,0.725081582,14.3,18.18230359999991,-1.618769109
384.20000000000005,745.3643199,0.222951717,0.257350157,778.0117123,1.892910068,0.759355685,14.3,18.347392399999944,-1.669958351
384.3,745.3865241,0.252005689,0.316842169,778.2039432,1.970559342,0.793876171,14.3,18.51741910000005,-1.718553653
384.40000000000003,745.4119387,0.286844884,0.374759982,778.4041104,2.051636026,0.829874959,14.3,18.692171700000085,-1.7647911420000002
384.5,745.4411185,0.327272525,0.431497144,778.6125567,2.13614012,0.868830352,14.3,18.87143820000001,-1.808867595
384.6,745.4746186,0.373249259,0.487447207,778.8296248,2.224219454,0.912220652,14.3,19.055006200000047,-1.850970195
384.70000000000005,745.5129938,0.424775085,0.54300372,779.0556573,2.316613181,0.961524161,14.3,19.242663500000003,-1.891838096
384.8,745.5567991,0.481850003,0.598494641,779.2909972,2.41420828,1.018219182,14.3,19.434198099999957,-1.932358277
384.90000000000003,745.6065893,0.544474013,0.653985562,779.535987,2.517891733,1.083537632,14.3,19.62939769999998,-1.97341772
385.0,745.6629193,0.612647116,0.709476483,779.7910878,2.628550523,1.157725896,14.3,19.828168500000015,-2.0159034069999997
385.1,745.7263442,0.68636931,0.764967404,780.0572338,2.747071629,1.24053759,14.3,20.030889599999977,-2.0607023190000002
385.20000000000005,745.7974187,0.765640596,0.820458325,780.3354771,2.874342034,1.330740795,14.3,20.238058400000067,-2.108701438
385.3,745.8766977,0.850460975,0.875949246,780.6268701,3.011248718,1.426857209,14.3,20.450172399999996,-2.160787743
385.40000000000003,745.9647363,0.940830446,0.931440167,780.9324652,3.158530834,1.527408531,14.3,20.667728899999997,-2.217700388
385.5,746.0620893,1.036749008,0.986771208,781.2533146,3.31633621,1.630916456,14.3,20.891225299999928,-2.279587202
385.6,746.1693116,1.138216663,1.041142969,781.5904708,3.484664848,1.735902684,14.3,21.121159200000033,-2.346448185
385.70000000000005,746.2869581,1.24523341,1.093596171,781.944986,3.663516747,1.841135296,14.3,21.35802789999998,-2.418283337
385.8,746.4155837,1.357703321,1.143171534,782.3179125,3.852891907,1.946367908,14.3,21.602328800000077,-2.4951885860000003
385.90000000000003,746.5557434,1.475146757,1.188909779,782.7103027,4.052790329,2.05160052,14.3,21.854559300000073,-2.5776435719999995
386.0,746.707992,1.596988148,1.229851625,783.1232089,4.263212011,2.156833131,14.3,22.115216900000018,-2.666223863
386.1,746.8728845,1.722651929,1.265197673,783.5576835,4.484156955,2.262065743,14.3,22.384798999999997,-2.7615050260000005
386.20000000000005,747.050899,1.85156253,1.294788042,784.0147787,4.71562516,2.367298355,14.3,22.663879700000006,-2.8640626300000003
386.3,747.2422067,1.983144385,1.318782614,784.4955469,4.957616626,2.472530967,14.3,22.953340200000024,-2.974472241
386.40000000000003,747.4469021,2.116821925,1.337980788,785.0010404,5.210131353,2.577171893,14.3,23.254138299999976,-3.0933094280000004
386.5,747.6650796,2.252019582,1.353341842,785.5323115,5.473169342,2.678262709,14.3,23.567231899999978,-3.2211497600000003
386.6,747.8968337,2.388257717,1.365825058,786.0904126,5.746730591,2.772253301,14.3,23.893578900000033,-3.3584728740000003
386.70000000000005,748.1422589,2.525440402,1.376389715,786.676396,6.030460091,2.85559356,14.3,24.234137099999952,-3.505019689
386.8,748.4014495,2.663567636,1.385995091,787.291314,6.322582785,2.924733374,14.3,24.589864500000044,-3.659015149
386.90000000000003,748.6745001,2.80263942,1.395440588,787.936219,6.620968607,2.976122632,14.3,24.961718900000005,-3.818329187
387.0,748.9615051,2.942655753,1.404886085,788.6121632,6.92348749,3.006802908,14.3,25.3506581000001,-3.9808317370000004
387.1,749.262559,3.083616637,1.414331582,789.319915,7.228009366,3.016182515,14.3,25.757356000000026,-4.144392729
387.20000000000005,749.5777562,3.22552207,1.423777078,790.0591066,7.532404171,3.004853141,14.3,26.181350399999996,-4.306882100999999
387.3,749.9071911,3.368372052,1.433222575,790.8290864,7.834541836,2.97577321,14.3,26.621895300000073,-4.466169784
387.40000000000003,750.2509583,3.512166585,1.442668072,791.6292026,8.132292294,2.932492835,14.3,27.078244300000005,-4.620125709000001
387.5,750.6091522,3.656905667,1.452121754,792.4588035,8.423880491,2.878562125,14.3,27.549651300000004,-4.766974824
387.6,750.9818672,3.802589299,1.461624551,793.3172374,8.708951416,2.817531193,14.3,28.035370199999942,-4.906362117
387.70000000000005,751.3691978,3.94921748,1.471225577,794.2038524,8.987505067,2.75295015,14.3,28.534654599999907,-5.038287587000001
387.8,751.7712384,4.096795122,1.480973945,795.117997,9.259541446,2.687777421,14.3,29.04675859999993,-5.162746324
387.90000000000003,752.1880835,4.245346783,1.49091877,796.0590194,9.525060551,2.622604693,14.3,29.570935900000062,-5.279713768
388.0,752.6198276,4.394901931,1.501109168,797.0262678,9.784062384,2.557431964,14.3,30.10644020000002,-5.389160453000001
388.1,753.0665651,4.545490034,1.511586065,798.0190905,10.03654694,2.492259236,14.3,30.6525253999999,-5.491056905999999
388.20000000000005,753.5283944,4.697140561,1.522357648,799.0368358,10.28251423,2.427086508,14.3,31.208441399999924,-5.585373669
388.3,754.0054296,4.84988298,1.533415731,800.078852,10.52196425,2.361913779,14.3,31.773422400000026,-5.67208127
388.40000000000003,754.4977887,5.003746761,1.544719386,801.1444873,10.75489699,2.296578457,14.3,32.34669860000004,-5.751150229
388.5,755.0055898,5.158761372,1.556219497,802.23309,10.98131246,2.230267572,14.3,32.9275001999999,-5.822551088
388.6,755.5289509,5.314951369,1.567866952,803.3440084,11.20121065,2.162005563,14.3,33.51505749999997,-5.886259281
388.70000000000005,756.0679899,5.472321665,1.579612636,804.4765908,11.41449402,2.090816867,14.3,34.10860090000001,-5.942172354999999
388.8,756.622825,5.630872259,1.591407433,805.6301853,11.62067477,2.015725922,14.3,34.70736029999996,-5.989802511000001
388.90000000000003,757.1935742,5.790603152,1.603210417,806.8041404,11.81916758,1.935757165,14.3,35.31056620000011,-6.028564428
389.0,757.7803555,5.951514343,1.6150134,807.9978043,12.00938711,1.850097627,14.3,35.917448799999946,-6.057872767
389.1,758.3832869,6.113605832,1.626816384,809.2104472,12.19074801,1.758584716,14.3,36.52716029999995,-6.077142178
389.20000000000005,759.0024865,6.276877619,1.638619367,810.4410271,12.36266495,1.661381025,14.3,37.13854060000001,-6.085787330999999
389.3,759.6380723,6.441329705,1.65042235,811.6884241,12.52455259,1.559299522,14.3,37.75035180000005,-6.0832228850000005
389.40000000000003,760.2901623,6.606962089,1.662225334,812.9515181,12.6758256,1.45331577,14.3,38.36135580000003,-6.068863511
389.5,760.9588746,6.773774772,1.674028317,814.2291892,12.8159962,1.34440533,14.3,38.97031460000001,-6.042221428
389.6,761.6443271,6.941767753,1.685802542,815.5203173,12.94496682,1.233543766,14.3,39.575990199999936,-6.003199067
389.70000000000005,762.346638,7.110941032,1.697404211,816.8237825,13.06273747,1.12170664,14.3,40.17714450000001,-5.951796438
389.8,763.0659252,7.28129461,1.70866077,818.1384648,13.16930815,1.00970692,14.3,40.77253959999992,-5.888013540000001
389.90000000000003,763.8023068,7.45281123,1.719399664,819.4632441,13.26467885,0.8977072,14.3,41.3609373,-5.811867619999999
390.0,764.5559007,7.625404616,1.729448338,820.7970005,13.34884959,0.78570748,14.3,41.94109979999992,-5.723444974
390.1,765.3268251,7.798971234,1.738634237,822.138614,13.42182035,0.67370776,14.3,42.51178890000001,-5.622849116000001
390.20000000000005,766.115198,7.973407551,1.746813565,823.4869646,13.48359114,0.56170804,14.3,43.071766600000004,-5.5101835889999995
390.3,766.9211236,8.148610035,1.753957563,824.8409322,13.53416196,0.44970832,14.3,43.61980860000001,-5.385551925
390.40000000000003,767.7446508,8.324475152,1.76009499,826.199397,13.5735328,0.3377086,14.3,44.154746199999934,-5.249057648000001
390.5,768.585815,8.500899369,1.765369641,827.5612388,13.60170368,0.226342382,14.3,44.67542379999993,-5.100804310999999
390.6,769.4446512,8.677779153,1.769954073,828.9253377,13.61867458,0.118777172,14.3,45.18068650000005,-4.940895427000001
390.70000000000005,770.3211948,8.855028228,1.77402084,830.2905737,13.62444551,0.018813979,14.3,45.66937890000004,-4.769417281999999
390.8,771.2154809,9.032629336,1.777742496,831.6558268,13.61939657,-0.069746188,14.3,46.140345900000014,-4.586767234
390.90000000000003,772.1275446,9.210582479,1.781291598,833.019977,13.60542826,-0.143102321,14.3,46.59243240000008,-4.394845781000001
391.0,773.0574213,9.388887656,1.78481194,834.3819043,13.58482119,-0.197453411,14.3,47.02448299999999,-4.195933534
391.1,774.0051462,9.567544867,1.788332282,835.7404887,13.55985597,-0.229631951,14.3,47.435342500000004,-3.9923111029999987
391.20000000000005,774.9707543,9.746554112,1.791852625,837.0949142,13.53281319,-0.23900444,14.3,47.8241599,-3.7862590780000005
391.3,775.954281,9.925915392,1.795372967,838.4455814,13.50597346,-0.226204378,14.3,48.1913004,-3.5800580679999996
391.40000000000003,776.9557614,10.10562871,1.798893309,839.7931947,13.4816174,-0.194399274,14.3,48.53743329999993,-3.37598869
391.5,777.9752307,10.28569405,1.801729141,841.1384585,13.4620256,-0.147390136,14.3,48.86322779999996,-3.1763315500000004
391.6,779.0127242,10.46611144,1.804760547,842.4820773,13.44909857,-0.088977971,14.3,49.16935310000004,-2.9829871299999997
391.70000000000005,780.068277,10.64688085,1.807281942,843.8247557,13.4432164,-0.02296379,14.3,49.456478700000005,-2.7963355500000002
391.8,781.1419243,10.8275916,1.805642846,845.1671982,13.44437911,0.0468514,14.3,49.725273900000005,-2.61678751
391.90000000000003,782.2337014,11.00877172,1.799115862,846.5101091,13.45258668,0.117300091,14.3,49.97640770000005,-2.443814959999999
392.0,783.3436434,11.18999787,1.786071694,847.8541931,13.46783913,0.187748782,14.3,50.21054969999996,-2.2778412600000006
392.1,784.4717856,11.36907976,1.765565556,849.2001545,13.49013644,0.258197474,14.3,50.42836890000008,-2.1210566800000006
392.20000000000005,785.6181632,11.54558095,1.735088066,850.5486979,13.51947862,0.328646165,14.3,50.630534699999956,-1.9738976699999995
392.3,786.782681,11.71852387,1.693715514,851.9005278,13.55586567,0.399094856,14.3,50.81784679999994,-1.837341799999999
392.40000000000003,787.9647224,11.88693093,1.643740633,853.2563486,13.59929759,0.469543548,14.3,50.9916262,-1.7123666600000007
392.5,789.1635408,12.04982456,1.585619272,854.6168649,13.64977438,0.539334882,14.3,51.153324100000034,-1.5999498200000009
392.6,790.3783891,12.20622718,1.520980725,855.9827811,13.70729604,0.605182076,14.3,51.304391999999964,-1.5010688599999984
392.70000000000005,791.6085205,12.35532414,1.451454291,857.3548017,13.77186257,0.663140988,14.3,51.4462812,-1.4165384299999992
392.8,792.8531882,12.49695252,1.378669264,858.7336312,13.84307955,0.709267477,14.3,51.58044300000002,-1.34612703
392.90000000000003,794.1116453,12.6311123,1.304254941,860.119974,13.91897492,0.739617403,14.3,51.708328699999996,-1.2878626200000003
393.0,795.3831449,12.7578035,1.229569068,861.5145348,13.99718218,0.750246625,14.3,51.831389899999934,-1.2393786799999997
393.1,796.6669403,12.87702612,1.154883196,862.9180179,14.07533487,0.737868358,14.3,51.95107760000003,-1.1983087500000007
393.20000000000005,797.9622845,12.98878014,1.080197323,864.3308123,14.15106648,0.701825246,14.3,52.06852780000004,-1.1622863400000014
393.3,799.2684306,13.09306558,1.005511451,865.7520448,14.22201054,0.642774646,14.3,52.18361420000004,-1.12894496
393.40000000000003,800.5846319,13.18988243,0.930825578,867.1805268,14.28580056,0.564003342,14.3,52.29589490000008,-1.0959181299999994
393.5,801.9101414,13.2792307,0.856139706,868.6150696,14.34007006,0.469455474,14.3,52.40492819999993,-1.060839360000001
393.6,803.2442123,13.36111037,0.781828099,870.0544843,14.38284697,0.363075184,14.3,52.51027200000006,-1.0217365999999988
393.70000000000005,804.5860978,13.43552146,0.709762089,871.4975825,14.41373687,0.248806612,14.3,52.61148470000008,-0.9782154099999989
393.8,805.9350509,13.50246397,0.64218727,872.9431752,14.43273977,0.130593899,14.3,52.70812430000008,-0.9302757999999987
393.90000000000003,807.2903248,13.56216244,0.581349239,874.3900739,14.43985565,0.011723829,14.3,52.79974909999994,-0.8776932100000003
394.0,808.6511728,13.61573969,0.527815998,875.8370899,14.43508453,-0.10714624,14.3,52.885917099999986,-0.8193448399999994
394.1,810.0168478,13.66454306,0.488865925,877.2830343,14.4184264,-0.22601631,14.3,52.966186500000006,-0.7538833399999998
394.20000000000005,811.386603,13.70991992,0.461337568,878.7267186,14.38988127,-0.34488638,14.3,53.04011559999999,-0.6799613499999992
394.3,812.7598713,13.75221106,0.447282786,880.1669541,14.34944913,-0.46375645,14.3,53.107082800000015,-0.5972380699999995
394.40000000000003,814.1368041,13.79578352,0.446327314,881.602552,14.29712998,-0.582626519,14.3,53.1657479,-0.5013464599999988
394.5,815.5177322,13.83896498,0.456599822,883.0323236,14.23292382,-0.701496589,14.3,53.21459140000009,-0.3939588399999998
394.6,816.9029868,13.88410936,0.477532308,884.4550802,14.15683066,-0.819724243,14.3,53.25209339999999,-0.2727213000000006
394.70000000000005,818.2928989,13.93233945,0.501846393,885.8696332,14.06885049,-0.934097401,14.3,53.2767343,-0.13651104000000025
394.8,819.6877996,13.98387981,0.532329264,887.2747938,13.96898332,-1.040761569,14.3,53.28699420000005,0.014896489999999929
394.90000000000003,821.0880198,14.03873045,0.565057732,888.6693734,13.85761458,-1.13586225,14.3,53.28135360000006,0.1811158699999993
395.0,822.4938905,14.09689136,0.598160465,890.0521832,13.73667154,-1.216858631,14.3,53.25829269999993,0.3602198200000011
395.1,823.9057429,14.15836254,0.631263198,891.4220345,13.60846688,-1.275955173,14.3,53.21629160000005,0.5498956600000007
395.20000000000005,825.3239079,14.223144,0.664365932,892.7777386,13.47531331,-1.313880839,14.3,53.15383070000003,0.7478306899999989
395.3,826.7487166,14.29123573,0.697468665,894.1184153,13.33873531,-1.328679533,14.3,53.069698700000075,0.9525004199999998
395.40000000000003,828.1804999,14.36263773,0.730571399,895.4444175,13.20341021,-1.320993671,14.3,52.963917600000016,1.15922752
395.5,829.619589,14.43735001,0.763674132,896.7564067,13.06928608,-1.294035331,14.3,52.83681769999994,1.36806393
395.6,831.0663148,14.51537256,0.796776865,898.0550445,12.93946382,-1.25034533,14.3,52.688729700000025,1.5759087399999991
395.70000000000005,832.5210083,14.59670538,0.82989011,899.3409922,12.81587068,-1.197719203,14.3,52.519983900000014,1.7808346999999998
395.8,833.9840007,14.68134848,0.86306642,900.6149113,12.69889211,-1.136070405,14.3,52.330910599999996,1.9824563700000013
395.90000000000003,835.4556229,14.76930185,0.896368863,901.8774633,12.58852812,-1.070567112,14.3,52.12184040000007,2.1807737300000003
396.0,836.9362059,14.8605718,0.929860504,903.1293097,12.48477869,-1.004421403,14.3,51.89310380000002,2.37579311
396.1,838.4260809,14.95518986,0.96360441,904.3711118,12.38764384,-0.938275693,14.3,51.64503090000001,2.56754602
396.20000000000005,839.9255787,15.05319387,0.997663646,905.6035312,12.29712355,-0.872129984,14.3,51.37795250000006,2.756070319999999
396.3,841.4350304,15.15462168,1.032090769,906.8272292,12.21321784,-0.805984275,14.3,51.09219880000008,2.9414038399999995
396.40000000000003,842.9547722,15.25951112,1.066896288,908.0428674,12.1359267,-0.739838565,14.3,50.7880952,3.1235844200000003
396.5,844.4851602,15.36790003,1.102069692,909.2511073,12.06525013,-0.673692856,14.3,50.46594709999995,3.3026498999999987
396.6,846.0265558,15.47982626,1.137558428,910.4526102,12.00118813,-0.607547147,14.3,50.1260544,3.47863813
396.70000000000005,847.5793203,15.59532763,1.173299428,911.6480376,11.9437407,-0.541171688,14.3,49.768717300000006,3.6515869300000006
396.8,849.1438148,15.71443569,1.209229626,912.838051,11.89290784,-0.473417736,14.3,49.39423619999998,3.8215278500000007
396.90000000000003,850.7204009,15.83715674,1.245285957,914.0233119,11.84868955,-0.402906794,14.3,49.002911,3.9884671899999997
397.0,852.3094397,15.96349078,1.281405353,915.2044817,11.81122368,-0.328260369,14.3,48.59504199999999,4.152267100000001
397.1,853.9112926,16.09343781,1.317535261,916.3822218,11.78119948,-0.248099965,14.3,48.1709292,4.312238330000001
397.20000000000005,855.5263208,16.22699783,1.353665169,917.5571937,11.75944405,-0.16104709,14.3,47.730872899999966,4.467553779999998
397.3,857.1548856,16.36417084,1.389795077,918.7300589,11.74678448,-0.065952997,14.3,47.27517330000008,4.617386359999999
397.40000000000003,858.7973484,16.50495685,1.425924984,919.9015891,11.74404786,0.037412063,14.3,46.804240699999994,4.760908989999999
397.5,860.4540705,16.64935584,1.462054892,921.0729972,11.7520613,0.148818341,14.3,46.31892670000009,4.897294539999999
397.6,862.1254131,16.79736782,1.4981848,922.2456063,11.77165189,0.267117092,14.3,45.82019320000002,5.025715930000002
397.70000000000005,863.8117376,16.9489928,1.532740674,923.4207395,11.80364672,0.39092982,14.3,45.309001899999956,5.1453460799999995
397.8,865.5134052,17.10423077,1.558401313,924.5997199,11.84873505,0.518878031,14.3,44.786314700000005,5.255495720000001
397.90000000000003,867.2307772,17.26308172,1.580961246,925.7838708,11.90705473,0.649583232,14.3,44.253093600000014,5.356026989999998
398.0,868.964215,17.42460125,1.581991478,926.9745152,11.97860575,0.781666927,14.3,43.71030020000008,5.445995499999999
398.1,870.7140799,17.58439663,1.560254352,928.1729763,12.06338812,0.913980371,14.3,43.15889639999996,5.52100851
398.20000000000005,872.480733,17.74594457,1.51005803,929.3805772,12.16140182,1.046293815,14.3,42.599844199999964,5.584542749999999
398.3,874.2645359,17.89818769,1.427284705,930.598641,12.27264688,1.178607259,14.3,42.03410509999999,5.62554081
398.40000000000003,876.0653943,18.04038338,1.313563739,931.8284909,12.39712328,1.310920703,14.3,41.46309660000004,5.643260100000001
398.5,877.8813929,18.16911654,1.158357404,933.07145,12.53483102,1.443234147,14.3,40.89005709999999,5.634285520000001
398.6,879.7101608,18.28097207,0.979146056,934.3288414,12.68577011,1.575547591,14.3,40.31868059999995,5.595201960000001
398.70000000000005,881.5493274,18.37253487,0.77716735,935.6019883,12.84994054,1.707042383,14.3,39.75266089999998,5.522594329999999
398.8,883.3965217,18.44095902,0.558113126,936.8922138,13.02734231,1.833625262,14.3,39.195692100000045,5.413616710000001
398.90000000000003,885.2493731,18.48567532,0.327675224,938.2008411,13.21797543,1.950384314,14.3,38.651468000000094,5.267699889999999
399.0,887.1055107,18.50668379,0.091545482,939.5291933,13.42134871,2.052407627,14.3,38.12368260000001,5.08533508
399.1,888.9625638,18.50398442,-0.1455329,940.8785934,13.63500618,2.134783287,14.3,37.616029600000005,4.868978239999999
399.20000000000005,890.8181615,18.47757721,-0.382611282,942.2503647,13.85600069,2.192599382,14.3,37.132203200000006,4.62157652
399.3,892.6699331,18.42746216,-0.619689664,943.6458303,14.08138511,2.22176265,14.3,36.675897199999966,4.346077050000002
399.40000000000003,894.5155079,18.35363927,-0.856768046,945.0659204,14.30821229,2.221454438,14.3,36.250412499999996,4.0454269799999985
399.5,896.3525149,18.25610855,-1.093846428,946.5099933,14.53353506,2.1924934,14.3,35.85747840000006,3.7225734900000003
399.6,898.1785835,18.13486999,-1.33092481,947.9770144,14.7544063,2.138972796,14.3,35.49843090000009,3.380463689999999
399.70000000000005,899.9913428,17.98992359,-1.566590427,949.4659492,14.96787884,2.065804539,14.3,35.17460639999997,3.022044750000001
399.8,901.7884221,17.82126935,-1.793779459,950.9757631,15.17149673,1.977900543,14.3,34.88734099999995,2.649772620000002
399.90000000000003,903.5674506,17.62890727,-2.00401532,952.5054215,15.36476879,1.880172721,14.3,34.637970899999985,2.2641384799999997
400.0,905.3260575,17.41368502,-2.188821424,954.0538898,15.54769501,1.777532985,14.3,34.427832299999935,1.865990009999999
400.1,907.061872,17.17984088,-2.339721186,955.6201334,15.72027539,1.674074597,14.3,34.258261399999995,1.459565490000001
400.20000000000005,908.7725233,16.9324608,-2.44823802,957.2031178,15.88250993,1.570616209,14.3,34.13059449999999,1.0499508700000018
400.3,910.4556407,16.67663073,-2.507308104,958.8018083,16.03439863,1.467157822,14.3,34.04616759999995,0.6422321000000011
400.40000000000003,912.1095315,16.41743664,-2.515518675,960.4151704,16.17594149,1.363699434,14.3,34.005638899999965,0.24149514999999866
400.5,913.7352155,16.15996446,-2.474282497,962.0421695,16.30713852,1.260241046,14.3,34.00695400000002,-0.14717405999999755
400.6,915.3343908,15.90930016,-2.390663391,963.681771,16.4279897,1.156782658,14.3,34.04738019999998,-0.5186895400000004
400.70000000000005,916.9087552,15.67052967,-2.273137943,965.3329404,16.53849505,1.05332427,14.3,34.124185200000014,-0.8679653800000011
400.8,918.4600068,15.4478913,-2.130182738,966.994643,16.63865456,0.951096895,14.3,34.234636200000025,-1.1907632599999989
400.90000000000003,919.9898436,15.2422327,-1.970274361,968.6658442,16.72846823,0.856255592,14.3,34.37600060000007,-1.48623553
401.0,921.4999635,15.05355387,-1.801889399,970.3455095,16.80793606,0.780112333,14.3,34.545546000000016,-1.7543821899999994
401.1,922.9920645,14.88185482,-1.632091673,972.0326043,16.87779665,0.718275498,14.3,34.740539800000036,-1.9959418300000014
401.20000000000005,924.4678445,14.72713554,-1.462293947,973.726094,16.94174306,0.689908853,14.3,34.958249500000036,-2.2146075199999995
401.3,925.9290017,14.58939603,-1.292496221,975.4249441,17.00656245,0.698472573,14.3,35.19594239999999,-2.417166420000001
401.40000000000003,927.3772339,14.4686363,-1.122698495,977.1281199,17.06961986,0.75012172,14.3,35.45088600000004,-2.6009835599999995
401.5,928.8142391,14.36485633,-0.952900769,978.8351777,17.14241354,0.846087304,14.3,35.720938600000025,-2.7775572099999994
401.6,930.2417152,14.27805614,-0.783103042,980.5480374,17.2270196,0.981212418,14.3,36.00632219999996,-2.948963459999998
401.70000000000005,931.6613604,14.20823572,-0.613305316,982.2692097,17.32786969,1.161119691,14.3,36.3078493,-3.1196339700000006
401.8,933.0748725,14.15539508,-0.44392221,984.0012054,17.44939544,1.36664536,14.3,36.62633290000004,-3.29400036
401.90000000000003,934.4839495,14.11953421,-0.277026826,985.7465352,17.5952899,1.594329247,14.3,36.96258570000005,-3.4757556900000015
402.0,935.8902895,14.10065311,-0.115106884,987.5077097,17.76629167,1.836785281,14.3,37.31742019999997,-3.6656385600000014
402.1,937.2955903,14.09850301,0.039349892,989.2872398,17.96240075,2.086627388,14.3,37.6916495,-3.8638977400000005
402.20000000000005,938.7015499,14.11184005,0.183855783,991.0876362,18.18361715,2.337700506,14.3,38.08608629999999,-4.0717771
402.3,940.1098664,14.13917159,0.315923066,992.9114096,18.42994085,2.588773625,14.3,38.50154319999997,-4.290769260000001
402.40000000000003,941.5222377,14.17900501,0.433478641,994.7610707,18.70137187,2.839846744,14.3,38.938833,-4.52236686
402.5,942.9401628,14.22984768,0.536107886,996.6391303,18.9979102,3.090919863,14.3,39.39896749999998,-4.768062519999999
402.6,944.3643445,14.29020695,0.624225423,998.5480991,19.31955585,3.341992982,14.3,39.88375459999993,-5.0293489000000005
402.70000000000005,945.7952868,14.35859019,0.699904352,1000.490488,19.6663088,3.593066101,14.3,40.395201200000045,-5.30771861
402.8,947.2334935,14.43350478,0.765632395,1002.468807,20.03816907,3.841622654,14.3,40.935313499999964,-5.604664289999999
402.90000000000003,948.6794684,14.51370685,0.823897274,1004.485568,20.43513664,4.075079817,14.3,41.50609959999993,-5.9214297899999995
403.0,950.1337155,14.59894762,0.877186709,1006.543281,20.85721153,4.270622322,14.3,42.10956549999999,-6.25826391
403.1,951.5967386,14.68922711,0.927988423,1008.644457,21.3028838,4.436298404,14.3,42.74771840000001,-6.613656690000001
403.20000000000005,953.0690416,14.78454531,0.978375517,1010.791606,21.76460374,4.533861046,14.3,43.42256440000001,-6.980058429999998
403.3,954.5511283,14.88490222,1.02876261,1012.98724,22.22868219,4.555926733,14.3,44.136111700000086,-7.34377997
403.40000000000003,956.0435026,14.99029783,1.079149704,1015.233868,22.69994811,4.489912638,14.3,44.89036540000002,-7.709650280000002
403.5,957.5466685,15.10073216,1.129536798,1017.532795,23.15545327,4.333302196,14.3,45.68612649999996,-8.05472111
403.6,959.0611297,15.21620519,1.179923892,1019.88049,23.59076757,4.096327848,14.3,46.519360299999974,-8.37456238
403.70000000000005,960.5873902,15.33671693,1.230310985,1022.272217,23.99683138,3.768424793,14.3,47.3848268,-8.66011445
403.8,962.1259537,15.46226739,1.280389976,1024.703239,24.36458505,3.38784005,14.3,48.277285299999974,-8.90231766
403.90000000000003,963.6773243,15.59285655,1.328620349,1027.168819,24.6864789,2.961957133,14.3,49.19149469999998,-9.09362235
404.0,965.2420057,15.72848442,1.373153485,1029.66422,24.96100298,2.505875433,14.3,50.12221429999984,-9.23251856
404.1,966.8205018,15.86896614,1.412140768,1032.184705,25.1881573,2.034694343,14.3,51.06420319999991,-9.31919116
404.20000000000005,968.4133166,16.0133774,1.443733579,1034.725536,25.36794185,1.560996687,14.3,52.01221939999989,-9.354564450000002
404.3,970.0209537,16.16060903,1.4660833,1037.281978,25.50035664,1.087299032,14.3,52.961024300000034,-9.33974761
404.40000000000003,971.6439173,16.30955185,1.477649416,1039.849293,25.58540166,0.613601376,14.3,53.90537569999999,-9.27584981
404.5,973.2825631,16.4590967,1.478123824,1042.422743,25.62307691,0.13990372,14.3,54.84017990000014,-9.163980210000002
404.6,974.9366557,16.6081344,1.467814627,1044.997593,25.6133824,-0.333793935,14.3,55.760937300000094,-9.005247999999998
404.70000000000005,976.6058115,16.75555579,1.448262339,1047.569105,25.55631813,-0.807491591,14.3,56.66329350000008,-8.800762340000002
404.8,978.2896472,16.90025169,1.42131558,1050.132541,25.45188408,-1.281189247,14.3,57.54289379999996,-8.551632389999998
404.90000000000003,979.9877792,17.0412978,1.388822968,1052.683166,25.30008028,-1.751836282,14.3,58.395386800000054,-8.25878248
405.0,981.6998241,17.17850925,1.352633119,1055.216242,25.1009067,-2.204179592,14.3,59.21641789999997,-7.922397449999998
405.1,983.4253984,17.31188605,1.314594652,1057.727033,24.85436337,-2.619915455,14.3,60.001634599999946,-7.542477320000003
405.20000000000005,985.1641186,17.44142818,1.276248082,1060.2108,24.56228063,-2.980740145,14.3,60.746681400000014,-7.120852450000001
405.3,986.9156013,17.56713566,1.237901512,1062.662807,24.23381037,-3.268349939,14.3,61.447205699999884,-6.666674709999999
405.40000000000003,988.6794631,17.68900849,1.199554942,1065.078318,23.87993481,-3.464441113,14.3,62.09885490000006,-6.190926320000003
405.5,990.4553204,17.80704665,1.161208372,1067.452595,23.51163619,-3.553760562,14.3,62.69727459999997,-5.704589540000001
405.6,992.2427897,17.92125016,1.122861802,1069.782366,23.13989674,-3.533257667,14.3,63.23957629999991,-5.2186465800000015
405.70000000000005,994.0414877,18.03161901,1.084515232,1072.070215,22.7756987,-3.405983047,14.3,63.72872730000002,-4.7440796899999995
405.8,995.8510309,18.13815321,1.046168662,1074.32019,22.4300243,-3.187189808,14.3,64.16915909999996,-4.291871090000001
405.90000000000003,997.6710357,18.24085274,1.008709027,1076.536341,22.11385577,-2.895181672,14.3,64.56530530000005,-3.8730030299999996
406.0,999.5011187,18.33971762,0.982257712,1078.722717,21.83634498,-2.548262363,14.3,64.9215983000001,-3.4966273600000015
406.1,1001.340897,18.43474785,0.955076208,1080.883366,21.59932231,-2.164735606,14.3,65.24246899999999,-3.1645744600000008
406.20000000000005,1003.189986,18.52647558,0.949546248,1083.022338,21.40278774,-1.762905125,14.3,65.53235200000002,-2.8763121600000012
406.3,1005.048003,18.62097364,0.965302739,1085.14368,21.24674128,-1.358024024,14.3,65.79567699999991,-2.6257676399999994
406.40000000000003,1006.914564,18.71119893,1.007667291,1087.251442,21.13118293,-0.953142922,14.3,66.03687799999996,-2.419984000000003
406.5,1008.789286,18.81058049,1.081074583,1089.349672,21.0561127,-0.548261821,14.3,66.26038600000011,-2.2455322100000004
406.6,1010.672211,18.91889927,1.180724843,1091.44242,21.02153057,-0.143380719,14.3,66.47020900000014,-2.1026312999999988
406.70000000000005,1012.565085,19.03934822,1.322791256,1093.533734,21.02743655,0.261500382,14.3,66.66864900000014,-1.98808833
406.8,1014.470078,19.17512033,1.485779024,1095.627664,21.07383065,0.666381484,14.3,66.85758600000015,-1.8987103200000028
406.90000000000003,1016.389361,19.32940854,1.670053243,1097.728257,21.16071285,1.069548932,14.3,67.03889599999998,-1.8313043100000002
407.0,1018.325105,19.50487368,1.870292298,1099.839562,21.28808316,1.462434465,14.3,67.21445699999988,-1.78320948
407.1,1020.279481,19.70204791,2.081174579,1101.965629,21.45594159,1.834756166,14.3,67.386148,-1.7538936799999973
407.20000000000005,1022.25466,19.92093121,2.297378472,1104.110506,21.66325993,2.176232118,14.3,67.55584600000005,-1.7423287199999997
407.3,1024.252813,20.1615236,2.514469301,1106.278243,21.90489723,2.476580406,14.3,67.72542999999992,-1.7433736300000007
407.40000000000003,1026.27611,20.42382507,2.731560129,1108.472887,22.17468434,2.735675255,14.3,67.89677699999989,-1.7508592699999994
407.5,1028.326723,20.70783563,2.948650958,1110.698488,22.46645212,2.914479976,14.3,68.0717650000001,-1.7586164899999979
407.6,1030.406823,21.01355526,3.165741786,1112.958272,22.77403141,3.041749343,14.3,68.25144900000005,-1.7604761499999988
407.70000000000005,1032.51858,21.34098398,3.382832615,1115.252174,23.09734674,3.109040866,14.3,68.43359400000004,-1.7563627599999982
407.8,1034.664165,21.69012179,3.599923443,1117.57931,23.41194791,3.124922808,14.3,68.61514500000017,-1.7218261199999993
407.90000000000003,1036.84575,22.06096867,3.814822297,1119.938791,23.72994684,3.099677086,14.3,68.79304100000009,-1.668978169999999
408.0,1039.065504,22.45352464,4.016569302,1122.329732,24.04010886,3.033429474,14.3,68.964228,-1.5865842199999989
408.1,1041.3256,22.86778969,4.185602759,1124.751245,24.3414058,2.966930313,14.3,69.12564500000003,-1.4736161100000018
408.20000000000005,1043.628208,23.30244864,4.328000368,1127.202445,24.63383766,2.879993094,14.3,69.27423699999981,-1.3313890199999996
408.3,1045.975498,23.75092557,4.411380731,1129.682445,24.91740442,2.791342223,14.3,69.4069469999999,-1.1664788500000007
408.40000000000003,1048.369643,24.20148344,4.429001849,1132.190359,25.1921061,2.702691352,14.3,69.52071599999995,-0.9906226599999997
408.5,1050.812812,24.65776889,4.369903848,1134.725299,25.45794269,2.61404048,14.3,69.61248700000006,-0.8001737999999996
408.6,1053.306124,25.10035308,4.231894752,1137.28638,25.7149142,2.525389609,14.3,69.68025600000006,-0.6145611199999976
408.70000000000005,1055.84649,25.5251908,4.023576387,1139.872714,25.96302062,2.436738738,14.3,69.72622400000019,-0.43782982000000104
408.8,1058.429768,25.92439095,3.736679077,1142.483416,26.20226195,2.348087866,14.3,69.75364800000007,-0.2778710000000011
408.90000000000003,1061.051815,26.29006242,3.403584221,1145.117599,26.43263819,2.259436995,14.3,69.7657839999999,-0.142575769999997
409.0,1063.70849,26.61562928,3.031033817,1147.774377,26.65414934,2.170883087,14.3,69.76588699999998,-0.038520059999999745
409.1,1066.395651,26.89977634,2.632179715,1150.452862,26.86679541,2.082910962,14.3,69.75721100000005,0.032980929999997244
409.20000000000005,1069.109155,27.14250361,2.220173765,1153.152168,27.0705764,1.996102401,14.3,69.74301299999998,0.07192720999999835
409.3,1071.844862,27.34381109,1.805975839,1155.87141,27.26555047,1.911039186,14.3,69.72654800000005,0.07826061999999823
409.40000000000003,1074.598627,27.50369878,1.391777914,1158.609699,27.45200852,1.828303101,14.3,69.71107200000002,0.051690260000000876
409.5,1077.366311,27.62216668,0.977579988,1161.366151,27.63029963,1.748475926,14.3,69.69983999999995,-0.00813295000000025
409.6,1080.143771,27.69921478,0.563382063,1164.139878,27.80077286,1.672042481,14.3,69.69610699999994,-0.10155808000000022
409.70000000000005,1082.926864,27.73484309,0.149184137,1166.93004,27.96377727,1.59909973,14.3,69.70317599999994,-0.2289341800000031
409.8,1085.711449,27.72905161,-0.265013788,1169.735983,28.11966195,1.529550708,14.3,69.72453400000013,-0.39061034000000205
409.90000000000003,1088.493384,27.68184033,-0.676860445,1172.557101,28.26877596,1.462910597,14.3,69.763717,-0.5869356299999993
410.0,1091.268527,27.59320926,-1.074599493,1175.392786,28.41146836,1.398597614,14.3,69.82425899999994,-0.8182591000000023
410.1,1094.032736,27.4631584,-1.44412332,1178.242431,28.54803005,1.336029979,14.3,69.90969499999979,-1.0848716500000002
410.20000000000005,1096.781869,27.29309851,-1.771324318,1181.105429,28.67851921,1.274625908,14.3,70.02356000000005,-1.385420700000001
410.3,1099.511783,27.09008339,-2.042094877,1183.981171,28.80293584,1.213803619,14.3,70.16938799999998,-1.7128524499999997
410.40000000000003,1102.218338,26.86257761,-2.242327386,1186.869052,28.92127994,1.153078294,14.3,70.35071400000011,-2.0587023300000027
410.5,1104.897391,26.61904574,-2.360265504,1189.768464,29.0335515,1.092352969,14.3,70.57107300000003,-2.414505760000001
410.6,1107.545928,26.36795234,-2.393557963,1192.678799,29.13975053,1.031627643,14.3,70.83287100000003,-2.771798190000002
410.70000000000005,1110.165451,26.11776197,-2.344556031,1195.59945,29.23987703,0.970902318,14.3,71.13399899999986,-3.1221150599999987
410.8,1112.758589,25.87693921,-2.22501605,1198.52981,29.333931,0.910176993,14.3,71.47122099999997,-3.45699179
410.90000000000003,1115.327973,25.65394862,-2.049045629,1201.469273,29.42191243,0.849451668,14.3,71.8413,-3.7679638099999977
411.0,1117.876231,25.455844,-1.830752378,1204.417229,29.50382133,0.788726343,14.3,72.24099799999995,-4.047977330000002
411.1,1120.405993,25.28403611,-1.584243908,1207.373073,29.5796577,0.727919656,14.3,72.6670799999999,-4.29562159
411.20000000000005,1122.919889,25.13852496,-1.323627828,1210.336197,29.64942153,0.666624799,14.3,73.11630800000007,-4.51089657
411.3,1125.42055,25.01931054,-1.06066048,1213.305994,29.71311284,0.604353601,14.3,73.58544400000001,-4.6938023000000015
411.40000000000003,1127.910603,24.92639286,-0.797693131,1216.281856,29.77068279,0.540617892,14.3,74.07125300000003,-4.844289929999999
411.5,1130.39268,24.85977192,-0.534725783,1219.263176,29.82188731,0.474929502,14.3,74.570496,-4.962115390000001
411.6,1132.869409,24.81944771,-0.271758434,1222.249348,29.86643349,0.40680026,14.3,75.07993900000015,-5.04698578
411.70000000000005,1135.343421,24.80542023,-0.008791086,1225.239763,29.90402843,0.335823358,14.3,75.596342,-5.098608200000001
411.8,1137.817345,24.81768949,0.254176262,1228.233775,29.93437923,0.261917434,14.3,76.11643,-5.116689740000002
411.90000000000003,1140.293811,24.85625548,0.517143611,1231.230583,29.95719299,0.185163849,14.3,76.63677200000002,-5.100937509999998
412.0,1142.775448,24.92111821,0.779308409,1234.229344,29.9721768,0.105969413,14.3,77.15389599999999,-5.05105859
412.1,1145.264886,25.01227768,1.036657908,1237.229216,29.97903777,0.024822296,14.3,77.66433000000002,-4.966760090000001
412.20000000000005,1147.764755,25.12973387,1.284376808,1240.229359,29.9775318,-0.057789332,14.3,78.16460400000001,-4.847797930000002
412.3,1150.277684,25.27300528,1.517649808,1243.228931,29.96761008,-0.141377301,14.3,78.6512470000002,-4.6946048000000005
412.40000000000003,1152.806304,25.43968424,1.73166161,1246.227089,29.94927261,-0.22545344,14.3,79.12078500000003,-4.509588370000003
412.5,1155.353243,25.62688157,1.921596914,1249.222993,29.92251939,-0.309610942,14.3,79.56975000000007,-4.295637820000003
412.6,1157.921132,25.8317081,2.08344297,1252.215801,29.88735042,-0.393768443,14.3,79.99466900000012,-4.0556423200000005
412.70000000000005,1160.512215,26.05127464,2.216397228,1255.204671,29.8437657,-0.477925944,14.3,80.392456,-3.7924910599999997
412.8,1163.127195,26.28269202,2.321262238,1258.188762,29.79176523,-0.562083445,14.3,80.76156699999997,-3.5090732100000004
412.90000000000003,1165.766391,26.52307106,2.40205075,1261.167232,29.73134901,-0.646240946,14.3,81.1008409999999,-3.2082779499999994
413.0,1168.430121,26.76952257,2.463578063,1264.13924,29.66251705,-0.730398447,14.3,81.40911899999988,-2.8929944800000023
413.1,1171.118704,27.01963891,2.510659477,1267.103943,29.58526933,-0.814510521,14.3,81.6852390000001,-2.565630419999998
413.20000000000005,1173.832457,27.27293855,2.548110292,1270.060501,29.49960586,-0.898350037,14.3,81.92804399999996,-2.22666731
413.3,1176.5717,27.52942148,2.580745808,1273.008072,29.40552664,-0.981644436,14.3,82.13637200000012,-1.8761051600000016
413.40000000000003,1179.33675,27.78908771,2.612578773,1275.945814,29.30305892,-1.06412116,14.3,82.30906399999999,-1.5139712100000011
413.5,1182.127926,28.05193723,2.644411739,1278.872886,29.19233899,-1.14550765,14.3,82.44496000000022,-1.1404017599999996
413.6,1184.945546,28.31797006,2.676244704,1281.788447,29.07353038,-1.225531347,14.3,82.54290099999999,-0.7555603200000007
413.70000000000005,1187.789928,28.58718618,2.708077669,1284.691653,28.94679663,-1.303965119,14.3,82.60172500000017,-0.3596104500000017
413.8,1190.661391,28.85958559,2.739910635,1287.581687,28.81230127,-1.38076354,14.3,82.62029600000001,0.04728431999999927
413.90000000000003,1193.560254,29.1351683,2.7717436,1290.457814,28.67020783,-1.455972037,14.3,82.59756000000012,0.4649604700000012
414.0,1196.486833,29.41393431,2.797463045,1293.319326,28.52067985,-1.529817741,14.3,82.53249300000012,0.8932544599999979
414.1,1199.441449,29.69588362,2.822522408,1296.16551,28.36388087,-1.602573211,14.3,82.42406100000012,1.332002750000001
414.20000000000005,1202.424419,29.98101622,2.841185791,1298.995656,28.19994716,-1.674511006,14.3,82.27123700000011,1.78106906
414.3,1205.436061,30.265664,2.837311419,1301.809053,28.02890598,-1.745903684,14.3,82.07299199999984,2.23675802
414.40000000000003,1208.476693,30.55309904,2.810275531,1304.60499,27.85075734,-1.817023803,14.3,81.82829699999998,2.702341699999998
414.5,1211.546635,30.83987978,2.754287747,1307.382758,27.66550122,-1.888098495,14.3,81.53612300000005,3.174378560000001
414.6,1214.646204,31.11632116,2.66967121,1310.141644,27.47313764,-1.959173188,14.3,81.19544000000015,3.6431835199999973
414.70000000000005,1217.775256,31.38204893,2.545182102,1312.880939,27.27366659,-2.030247881,14.3,80.805683,4.108382339999999
414.8,1220.931793,31.63358887,2.381731004,1315.599931,27.06708806,-2.101322573,14.3,80.368138,4.566500810000001
414.90000000000003,1224.113353,31.86746673,2.194494628,1318.297911,26.85340207,-2.172397266,14.3,79.88455800000015,5.014064659999999
415.0,1227.317475,32.0802083,1.984096737,1320.974166,26.63260861,-2.243471959,14.3,79.35669099999991,5.447599690000004
415.1,1230.5417,32.26891838,1.756327708,1323.627986,26.40470768,-2.314546652,14.3,78.78628599999998,5.864210700000001
415.20000000000005,1233.783564,32.43301794,1.516977922,1326.258661,26.16969928,-2.384805904,14.3,78.17509700000001,6.2633186599999995
415.3,1237.040609,32.57250698,1.271837756,1328.86548,25.92758341,-2.450172517,14.3,77.52487100000003,6.64492357
415.40000000000003,1240.310371,32.68738549,1.025732527,1331.447731,25.67836007,-2.502448285,14.3,76.83735999999995,7.009025419999997
415.5,1243.590391,32.77765348,0.779627298,1334.004705,25.42251853,-2.546657265,14.3,76.1143140000001,7.3551349499999965
415.6,1246.878207,32.84331095,0.533522069,1336.535691,25.1625051,-2.567990119,14.3,75.35748400000007,7.680805850000002
415.70000000000005,1250.171358,32.8843579,0.28741684,1339.039977,24.90323871,-2.564859775,14.3,74.56861899999986,7.981119189999998
415.8,1253.467384,32.90079432,0.041311611,1341.516854,24.64170492,-2.533189033,14.3,73.74946999999993,8.259089400000004
415.90000000000003,1256.763822,32.89262022,-0.204793618,1343.966001,24.38678934,-2.472162451,14.3,72.90217900000012,8.505830879999998
416.0,1260.058213,32.85983559,-0.450057689,1346.388665,24.13944421,-2.385901036,14.3,72.03045199999993,8.720391380000002
416.1,1263.348095,32.80244045,-0.690274818,1348.786484,23.90260511,-2.268565292,14.3,71.13838899999992,8.89983534
416.20000000000005,1266.631006,32.72043478,-0.920398059,1351.161095,23.67920763,-2.134964553,14.3,70.23008899999986,9.041227149999997
416.3,1269.904487,32.61432328,-1.13538047,1353.514137,23.47169809,-1.986685896,14.3,69.30964999999988,9.14262519
416.40000000000003,1273.166075,32.48662943,-1.330175108,1355.847246,23.28056575,-1.828621958,14.3,68.38117099999995,9.20606368
416.5,1276.413311,32.34038138,-1.499735029,1358.162061,23.10581061,-1.665665381,14.3,67.44874999999998,9.234570769999998
416.6,1279.643732,32.17860731,-1.639854446,1360.46022,22.94743267,-1.501893364,14.3,66.51648799999994,9.231174639999995
416.70000000000005,1282.855281,32.00433538,-1.749692204,1362.743359,22.80543193,-1.338121347,14.3,65.58807799999995,9.19890345
416.8,1286.047517,31.82059376,-1.830089457,1365.013118,22.6798084,-1.17434933,14.3,64.66560100000011,9.140785360000002
416.90000000000003,1289.2204,31.63041061,-1.885251994,1367.271132,22.57056207,-1.010577313,14.3,63.750732000000156,9.059848539999997
417.0,1292.373892,31.43681411,-1.920226758,1369.519041,22.47769294,-0.846805296,14.3,62.84514899999995,8.95912117
417.1,1295.507955,31.24232771,-1.940060691,1371.758482,22.40120101,-0.683033279,14.3,61.95052699999992,8.8411267
417.20000000000005,1298.62255,31.04745612,-1.949800737,1373.991093,22.34108628,-0.519323181,14.3,61.06854300000005,8.70636984
417.3,1301.717639,30.85219933,-1.95449384,1376.218511,22.29734876,-0.355984596,14.3,60.200872000000075,8.554850570000003
417.40000000000003,1304.793183,30.65655735,-1.958345786,1378.442374,22.26998843,-0.193389038,14.3,59.349190999999976,8.386568919999998
417.5,1307.849143,30.46053017,-1.962197732,1380.66432,22.25896816,-0.03190802,14.3,58.51517700000018,8.20156201
417.6,1310.885482,30.2641178,-1.966049678,1382.885987,22.26410218,0.128086944,14.3,57.70050499999998,8.000015620000003
417.70000000000005,1313.902159,30.06732024,-1.969901623,1385.109011,22.28516759,0.286224342,14.3,56.90685200000003,7.7821526500000004
417.8,1316.899138,29.87013748,-1.973753569,1387.335032,22.32194147,0.442194578,14.3,56.135893999999965,7.548196010000002
417.90000000000003,1319.87638,29.67256952,-1.977605515,1389.565657,22.37420092,0.595935734,14.3,55.38927700000018,7.2983686
418.0,1322.833845,29.47461637,-1.981457461,1391.802375,22.44172304,0.747509728,14.3,54.668529999999876,7.03289333
418.1,1325.771495,29.27627803,-1.985260773,1394.046645,22.52428491,0.897226156,14.3,53.97514999999994,6.751993120000002
418.20000000000005,1328.689293,29.07755449,-1.988772284,1396.299927,22.62166362,1.04545653,14.3,53.31063400000012,6.455890870000001
418.3,1331.587199,28.87844576,-1.991486249,1398.563681,22.73367342,1.192572364,14.3,52.676482000000036,6.144772340000003
418.40000000000003,1334.465175,28.67898101,-1.9937527,1400.839365,22.86027716,1.338945171,14.3,52.07419,5.818703850000002
418.5,1337.323182,28.47930615,-1.994638002,1403.128439,23.00147484,1.484946465,14.3,51.505256999999986,5.477831309999999
418.6,1340.161182,28.27972462,-1.994064299,1405.432363,23.15726646,1.630885839,14.3,50.971180999999845,5.122458160000001
418.70000000000005,1342.979136,28.08002641,-1.991788424,1407.752596,23.32765201,1.776825214,14.3,50.47346000000012,4.752374399999997
418.8,1345.77703,27.88077169,-1.987761743,1410.090596,23.5126315,1.922764589,14.3,50.01356600000004,4.368140189999998
418.90000000000003,1348.55494,27.68200718,-1.982246833,1412.447825,23.71220493,2.068703964,14.3,49.59288499999998,3.9698022500000008
419.0,1351.31297,27.48390796,-1.97484503,1414.82574,23.92637229,2.214643339,14.3,49.21277000000005,3.55753567
419.1,1354.05122,27.28664911,-1.966489967,1417.225802,24.1551336,2.360582714,14.3,48.874581999999876,3.13151551
419.20000000000005,1356.769792,27.09037652,-1.957259502,1419.64947,24.39848884,2.506522089,14.3,48.579678000000015,2.6918876800000007
419.3,1359.468788,26.89511939,-1.947445434,1422.098203,24.65643801,2.651088461,14.3,48.32941500000011,2.2386813800000027
419.40000000000003,1362.148308,26.70087771,-1.937339565,1424.573461,24.92898113,2.787416814,14.3,48.12515299999991,1.77189658
419.5,1364.808455,26.50765148,-1.927185063,1427.076702,25.21611818,2.90726913,14.3,47.96824699999998,1.291533300000001
419.6,1367.449331,26.3154407,-1.91703056,1429.609388,25.51702537,3.00240739,14.3,47.860057000000054,0.798415330000001
419.70000000000005,1370.071036,26.12424537,-1.906876058,1432.172975,25.82758368,3.064593576,14.3,47.801938999999905,0.29666169000000053
419.8,1372.673672,25.93406549,-1.896721556,1434.768925,26.14285031,3.085589668,14.3,47.79525300000019,-0.20878482000000176
419.90000000000003,1375.257341,25.74490106,-1.886567053,1437.398697,26.45788245,3.058530652,14.3,47.84135600000009,-0.7129813899999995
420.0,1377.822145,25.55675208,-1.876412551,1440.063091,26.76773727,2.982043525,14.3,47.9409459999999,-1.2109851900000024
420.1,1380.368184,25.36961855,-1.865401615,1442.76027,27.06747198,2.857501289,14.3,48.092086000000066,-1.697853430000002
420.20000000000005,1382.895561,25.18350047,-1.849252076,1445.487741,27.35214376,2.69176896,14.3,48.292179999999874,-2.168643290000002
420.3,1385.404376,24.99839784,-1.82282533,1448.243008,27.6168098,2.493084556,14.3,48.538631999999964,-2.6184119599999995
420.40000000000003,1387.894732,24.81482452,-1.780982775,1451.023577,27.85735109,2.269686097,14.3,48.82884499999996,-3.0425265700000033
420.5,1390.366731,24.63534981,-1.718585808,1453.826953,28.07294382,2.0298116,14.3,49.16022199999993,-3.437594009999998
420.6,1392.820472,24.46305688,-1.630495825,1456.65064,28.26358801,1.781699085,14.3,49.53016799999996,-3.8005311299999995
420.70000000000005,1395.256059,24.30102888,-1.512430658,1459.492145,28.42928364,1.532213567,14.3,49.93608599999989,-4.128254760000001
420.8,1397.674004,24.15234898,-1.363533872,1462.348971,28.57003072,1.282728049,14.3,50.37496699999993,-4.417681739999999
420.90000000000003,1400.076464,24.02010034,-1.184661901,1465.218625,28.68582925,1.033242531,14.3,50.84216099999999,-4.665728910000002
421.0,1402.466006,23.90736612,-0.980096915,1468.098612,28.77667923,0.783757012,14.3,51.3326059999999,-4.86931311
421.1,1404.845199,23.81722949,-0.754977516,1470.986435,28.84258065,0.534271494,14.3,51.84123599999994,-5.02535116
421.20000000000005,1407.216612,23.75225974,-0.514442308,1473.879602,28.88353353,0.284785976,14.3,52.36299000000004,-5.131273790000002
421.3,1409.582811,23.71297073,-0.263629894,1476.775616,28.89953785,0.036123053,14.3,52.89280499999991,-5.186567120000003
421.40000000000003,1411.946365,23.69936247,-0.007678876,1479.671984,28.89059362,-0.2076043,14.3,53.425619000000054,-5.19123115
421.5,1414.309843,23.71143496,0.249128575,1482.566209,28.85670084,-0.441460512,14.3,53.956366000000074,-5.14526588
421.6,1416.675812,23.74918819,0.505936026,1485.455798,28.79835306,-0.660510013,14.3,54.47998600000001,-5.0491648699999985
421.70000000000005,1419.04684,23.81262216,0.762743477,1488.338256,28.71801807,-0.859817232,14.3,54.99141600000003,-4.905395909999999
421.8,1421.425496,23.90173688,1.019550929,1491.211086,28.61865722,-1.0344466,14.3,55.48558999999996,-4.716920339999998
421.90000000000003,1423.814347,24.01653235,1.27635838,1494.071796,28.50323184,-1.180285141,14.3,55.957448999999954,-4.486699490000003
422.0,1426.215962,24.15700856,1.533165831,1496.918284,28.37470328,-1.296510259,14.3,56.4023220000001,-4.217694719999997
422.1,1428.632909,24.32316551,1.789973282,1499.750031,28.23603288,-1.38394455,14.3,56.81712200000011,-3.9128673700000007
422.20000000000005,1431.067755,24.51500321,2.044738042,1502.56691,28.09018197,-1.44670099,14.3,57.199154999999976,-3.57517876
422.3,1433.523069,24.73252166,2.287246655,1505.368795,27.94011192,-1.489715148,14.3,57.545726000000016,-3.20759026
422.40000000000003,1436.001419,24.97572085,2.505242974,1508.155561,27.78829049,-1.517922594,14.3,57.854142000000095,-2.812569640000003
422.5,1438.505373,25.24337517,2.686470851,1510.927082,27.63521125,-1.5362589,14.3,58.12170899999997,-2.391836080000001
422.6,1441.037499,25.52935655,2.81867414,1513.683232,27.48087419,-1.549659636,14.3,58.34573300000007,-1.9515176400000023
422.70000000000005,1443.600365,25.8263113,2.889596693,1516.423886,27.32527932,-1.562237777,14.3,58.52352100000003,-1.4989680199999995
422.8,1446.196539,26.12688572,2.889025054,1519.148917,27.16842663,-1.574815918,14.3,58.652377999999956,-1.0415409099999984
422.90000000000003,1448.827609,26.42372614,2.814916533,1521.8582,27.01031614,-1.587394058,14.3,58.73059099999996,-0.586590000000001
423.0,1451.49124,26.70947887,2.66931382,1524.551609,26.85094782,-1.599972199,14.3,58.76036900000004,-0.1414689499999966
423.1,1454.184118,26.9767902,2.462430371,1527.229018,26.6903217,-1.61255034,14.3,58.7449000000001,0.28646850000000157
423.20000000000005,1456.902927,27.21830647,2.206522334,1529.890302,26.52843775,-1.62512848,14.3,58.68737499999993,0.6898687200000033
423.3,1459.644354,27.42789959,1.913845855,1532.535335,26.365296,-1.637706621,14.3,58.59098100000001,1.0626035899999984
423.40000000000003,1462.405082,27.60434395,1.596657082,1535.16399,26.20089643,-1.65012201,14.3,58.45890800000002,1.4034475200000003
423.5,1465.181797,27.74763954,1.267212162,1537.776143,26.03523905,-1.66156089,14.3,58.29434600000009,1.7124004900000003
423.6,1467.971184,27.85778638,0.935724551,1540.371667,25.86832385,-1.670252702,14.3,58.1004829999999,1.9894625300000008
423.70000000000005,1470.769928,27.93478445,0.60423694,1542.950437,25.70024849,-1.677603088,14.3,57.88050900000003,2.2345359599999988
423.8,1473.574715,27.97863377,0.272749329,1545.512326,25.53150122,-1.680253388,14.3,57.637611000000064,2.447132549999999
423.90000000000003,1476.38223,27.98933432,-0.058738283,1548.05721,25.36314438,-1.678021142,14.3,57.37498000000001,2.6261899399999997
424.0,1479.189157,27.96688611,-0.390225894,1550.584961,25.19433458,-1.670092595,14.3,57.095804,2.772551530000001
424.1,1481.992181,27.91128914,-0.721713505,1553.095534,25.02708701,-1.656304993,14.3,56.80335299999997,2.884202130000002
424.20000000000005,1484.787989,27.82254341,-1.051541568,1555.589191,24.86151116,-1.637615141,14.3,56.501202000000106,2.9610322500000024
424.3,1487.573264,27.70064892,-1.371412344,1558.066277,24.69819293,-1.612454641,14.3,56.193012999999794,3.002455989999998
424.40000000000003,1490.344693,27.54560566,-1.671368543,1560.527135,24.53771822,-1.584182157,14.3,55.88244200000004,3.007887440000001
424.5,1493.09896,27.35840938,-1.94145288,1562.972106,24.38057529,-1.552980145,14.3,55.57314599999991,2.9778340900000018
424.6,1495.83275,27.1440387,-2.1790401,1565.401535,24.22686179,-1.519825116,14.3,55.26878499999994,2.9171769099999985
424.70000000000005,1498.542749,26.90846801,-2.352176811,1567.815764,24.07657772,-1.485693578,14.3,54.97301499999999,2.8318902900000005
424.8,1501.225641,26.65767168,-2.474561378,1570.215136,23.92972308,-1.451399288,14.3,54.689495000000036,2.7279486000000013
424.90000000000003,1503.878909,26.39322486,-2.537202219,1572.599994,23.78629786,-1.417104999,14.3,54.421084999999906,2.606926999999999
425.0,1506.50322,26.13429958,-2.54175888,1574.970681,23.64630208,-1.382810709,14.3,54.16746099999996,2.4879974999999988
425.1,1509.100039,25.87367255,-2.496529103,1577.327539,23.50973572,-1.348516419,14.3,53.92749999999997,2.36393683
425.20000000000005,1511.67083,25.62171737,-2.404138139,1579.670913,23.37659879,-1.314222129,14.3,53.70008299999991,2.2451185799999998
425.3,1514.217059,25.38341269,-2.296539382,1582.001144,23.2468913,-1.27992784,14.3,53.48408500000001,2.1365213899999986
425.40000000000003,1516.74019,25.15975422,-2.161694014,1584.318577,23.12061323,-1.24563355,14.3,53.27838700000002,2.03914099
425.5,1519.241687,24.95074197,-2.016891359,1586.623552,22.99776459,-1.21133926,14.3,53.081865000000064,1.95297738
425.6,1521.723015,24.75637595,-1.870429155,1588.916415,22.87834537,-1.177044971,14.3,52.893399999999886,1.8780305799999972
425.70000000000005,1524.185639,24.57665614,-1.723966952,1591.197507,22.76235559,-1.142750681,14.3,52.71186800000005,1.8143005500000022
425.8,1526.631023,24.41158256,-1.577504748,1593.467171,22.64979524,-1.108456391,14.3,52.5361480000001,1.7617873199999998
425.90000000000003,1529.060632,24.26115519,-1.431042544,1595.725751,22.54066431,-1.074162102,14.3,52.36511900000001,1.7204908799999998
426.0,1531.475931,24.12537405,-1.284580341,1597.973589,22.43496282,-1.039867812,14.3,52.197658000000004,1.6904112300000023
426.1,1533.878384,24.00423913,-1.138118137,1600.211029,22.33269075,-1.005573522,14.3,52.03264499999996,1.6715483799999973
426.20000000000005,1536.269456,23.89775042,-0.99223533,1602.438413,22.23384811,-0.971279233,14.3,51.868957000000094,1.663902310000001
426.3,1538.650611,23.80590794,-0.849828902,1604.656084,22.1384349,-0.936984943,14.3,51.70547299999994,1.6674730400000009
426.40000000000003,1541.023314,23.72871168,-0.714375231,1606.864385,22.04645112,-0.902690653,14.3,51.54107100000006,1.6822605599999996
426.5,1543.38903,23.665814,-0.589350697,1609.063659,21.95789677,-0.868396363,14.3,51.37462899999987,1.7079172299999996
426.6,1545.749223,23.61547671,-0.478231678,1611.25425,21.87277185,-0.834102074,14.3,51.20502699999993,1.74270486
426.70000000000005,1548.105359,23.57561399,-0.381715755,1613.436499,21.79107636,-0.799807784,14.3,51.03114000000001,1.784537629999999
426.8,1550.4589,23.54414,-0.309129991,1615.61075,21.71281029,-0.765513494,14.3,50.85184999999997,1.8313297099999986
426.90000000000003,1552.811035,23.51896893,-0.258436328,1617.777346,21.63797366,-0.731219205,14.3,50.666311000000135,1.8809952699999997
427.0,1555.161837,23.49968222,-0.226115228,1619.93663,21.56656645,-0.696924915,14.3,50.47479299999982,1.9331157700000006
427.1,1557.511102,23.480336,-0.211176022,1622.088945,21.49858868,-0.662630625,14.3,50.27784300000003,1.9817473200000002
427.20000000000005,1559.858626,23.46041491,-0.210142331,1624.234633,21.43404033,-0.628336336,14.3,50.076007000000075,2.0263745800000024
427.3,1562.204205,23.43994485,-0.222316574,1626.374038,21.37292141,-0.594042046,14.3,49.86983299999993,2.06702344
427.40000000000003,1564.547635,23.41743439,-0.237792293,1628.507503,21.31523192,-0.559747756,14.3,49.659868000000145,2.1022024700000017
427.5,1566.888712,23.39288353,-0.255710563,1630.63537,21.26097186,-0.493097108,14.3,49.44665800000003,2.1319116699999974
427.6,1569.227232,23.36629228,-0.276114541,1632.757983,21.21014123,-0.430256936,14.3,49.23075100000001,2.1561510499999983
427.70000000000005,1571.562991,23.33766062,-0.29651852,1634.875684,21.16274002,-0.37122724,14.3,49.012693000000084,2.1749206
427.8,1573.895785,23.30698857,-0.316922498,1636.988816,21.13818206,-0.316008021,14.3,48.79303100000011,2.168806510000003
427.90000000000003,1576.225409,23.27427613,-0.337326477,1639.097722,21.11476725,-0.277548361,14.3,48.57231300000008,2.1595088800000006
428.0,1578.55166,23.23952328,-0.357730455,1641.202746,21.09249558,-0.228432444,14.3,48.35108599999985,2.147027699999999
428.1,1580.874334,23.20273003,-0.378134434,1643.30423,21.07136705,-0.222716729,14.3,48.129895999999874,2.1313629800000022
