t,x_follower,v_follower,a_follower,x_leader,v_leader,a_leader,leader_length,spacing,dv
139.4,57.58294086,21.88010328,-0.249418967,118.5429666,21.70274094,0.999992698,22.3,38.660025739999995,0.1773623399999984
139.5,59.77869796,21.85516138,-0.251070274,120.7183769,21.80246774,0.99454332,22.3,38.639678939999996,0.052693639999997544
139.6,61.96920248,21.83065984,-0.295339624,122.9037326,21.9016496,0.989093941,22.3,38.634530119999994,-0.07098975999999979
139.70000000000002,64.15458652,21.80659864,-0.321916867,125.0989793,22.00028653,0.983644563,22.3,38.644392780000004,-0.19368788999999964
139.8,66.33498217,21.77967517,-0.359266689,127.3040624,22.09837851,0.978195184,22.3,38.669080230000006,-0.318703339999999
139.9,68.51052155,21.73243347,-0.385607797,129.5189274,22.19592556,0.972745806,22.3,38.70840584999999,-0.463492089999999
140.0,70.68133676,21.68695316,-0.41653587,131.74352,22.29292767,0.967296427,22.3,38.76218324,-0.6059745099999994
140.1,72.8475599,21.64323425,-0.438290015,133.9777854,22.38938485,0.961847049,22.3,38.8302255,-0.7461506
140.20000000000002,75.00932309,21.59929516,-0.428657391,136.2216694,22.48529708,0.95639767,22.3,38.912346310000004,-0.8860019199999982
140.3,77.16675841,21.55667711,-0.417006503,138.4751173,22.58066438,0.950948292,22.3,39.00835889,-1.0239872700000028
140.4,79.31999799,21.51538012,-0.406364748,140.7380747,22.67548674,0.945095998,22.3,39.11807671,-1.1601066200000005
140.5,81.46917391,21.47540417,-0.393154293,143.0104871,22.76976417,0.93682621,22.3,39.241313190000014,-1.2943599999999975
140.6,83.6144183,21.43674926,-0.379943837,145.2923,22.86349665,0.923721436,22.3,39.37788170000002,-1.4267473899999992
140.70000000000002,85.75586324,21.3994154,-0.366733382,147.5834589,22.95644245,0.903364181,22.3,39.52759566000002,-1.557027050000002
140.8,87.89364085,21.36340258,-0.353522927,149.8839094,23.04739281,0.873336953,22.3,39.69026855,-1.6839902300000027
140.9,90.02788324,21.32871081,-0.340312471,152.1935968,23.13489724,0.831222258,22.3,39.86571356,-1.8061864300000003
141.0,92.15872249,21.29534009,-0.327102016,154.5124667,23.21750525,0.775005518,22.3,40.053744210000005,-1.9221651599999987
141.1,94.28629073,21.26329041,-0.313891561,156.8402713,23.29376634,0.704283817,22.3,40.25398057000001,-2.0304759300000015
141.20000000000002,96.41072005,21.23256178,-0.300681106,159.175989,23.36223,0.619460072,22.3,40.465268949999995,-2.1296682199999992
141.3,98.53214256,21.20315419,-0.28747065,161.5184049,23.42144576,0.522548859,22.3,40.68626234000001,-2.2182915700000017
141.4,100.6506904,21.17506765,-0.274260195,163.8663042,23.4699631,0.415967673,22.3,40.9156138,-2.294895450000002
141.5,102.7664956,21.14830215,-0.26104974,166.218472,23.50657329,0.302134007,22.3,41.151976399999995,-2.3582711399999994
141.6,104.8796903,21.1228577,-0.247839285,168.5736934,23.53103457,0.183465354,22.3,41.394003100000006,-2.4081768699999984
141.70000000000002,106.9904066,21.09873429,-0.234628829,170.9307534,23.54334694,0.062379207,22.3,41.64034679999999,-2.44461265
141.8,109.0987766,21.07593193,-0.221418374,173.2884372,23.54351041,-0.059109855,22.3,41.88966060000001,-2.4675784800000002
141.9,111.2049324,21.05445062,-0.208207919,175.6455299,23.53152497,-0.180598917,22.3,42.14059750000001,-2.4770743499999988
142.0,113.3090062,21.03429035,-0.194997464,178.0008166,23.50739063,-0.302087979,22.3,42.39181040000001,-2.4731002800000006
142.1,115.41113,21.01545112,-0.181787008,180.3530825,23.47110737,-0.423577042,22.3,42.6419525,-2.455656249999997
142.20000000000002,117.5114359,20.99793295,-0.168576553,182.7011126,23.42267522,-0.545066104,22.3,42.889676699999995,-2.4247422699999994
142.3,119.6100561,20.98173581,-0.155366098,185.043692,23.36209415,-0.666555166,22.3,43.1336359,-2.380358340000001
142.4,121.7071226,20.96685973,-0.142155642,187.3796059,23.28936418,-0.787946288,22.3,43.3724833,-2.3225044500000003
142.5,123.8027675,20.95330469,-0.128945187,189.7076393,23.20448531,-0.908749768,22.3,43.60487180000001,-2.2511806199999995
142.6,125.897123,20.94107069,-0.115734732,192.0265774,23.10745753,-1.028377966,22.3,43.82945440000002,-2.1663868400000013
142.70000000000002,127.9903211,20.93015774,-0.102524277,194.3352052,22.9983396,-1.146243239,22.3,44.04488409999999,-2.068181860000003
142.8,130.082494,20.92056583,-0.089313821,196.632308,22.87742536,-1.261757947,22.3,44.249814,-1.9568595299999991
142.9,132.1737737,20.91229497,-0.076172307,198.9166707,22.74506737,-1.374334447,22.3,44.442897,-1.8327723999999996
143.0,134.2642925,20.90534516,-0.063444439,201.1870786,22.60161824,-1.48348304,22.3,44.6227861,-1.696273080000001
143.1,136.3541823,20.89971639,-0.051543862,203.4423637,22.44743054,-1.589105783,22.3,44.7881814,-1.547714150000001
143.20000000000002,138.4435752,20.89536731,-0.040884224,205.6815461,22.28285686,-1.691300619,22.3,44.937970899999996,-1.387489549999998
143.3,140.5326035,20.89209108,-0.03168691,207.9036932,22.10824978,-1.790557247,22.3,45.0710897,-1.2161587000000011
143.4,142.6213991,20.88963952,-0.024942344,210.107872,21.92396189,-1.887463309,22.3,45.1864729,-1.0343223700000017
143.5,144.7100942,20.88776444,-0.020418453,212.2931497,21.730287,-1.982606447,22.3,45.2830555,-0.842522559999999
143.6,146.7987878,20.88633302,-0.018376439,214.4585935,21.52728389,-2.076574303,22.3,45.359805699999995,-0.6409508700000011
143.70000000000002,148.8874466,20.88475099,-0.018747359,216.6032706,21.31495255,-2.169954517,22.3,45.415824,-0.4302015600000004
143.8,150.9760041,20.88311623,-0.021186508,218.7262481,21.09329299,-2.26323679,22.3,45.450243999999984,-0.21017675999999952
143.9,153.0643938,20.88106521,-0.025472501,220.8265933,20.8623052,-2.356519064,22.3,45.46219950000001,0.018760009999997607
144.0,155.1525493,20.8783911,-0.030614913,222.9033733,20.62198918,-2.449801338,22.3,45.450824,0.25640192000000184
144.1,157.2404043,20.87505254,-0.036776876,224.9556552,20.37234493,-2.543083611,22.3,45.415250900000004,0.5027076099999981
144.20000000000002,159.3278921,20.87104951,-0.043352485,226.9825064,20.11337245,-2.636365885,22.3,45.354614299999994,0.7576770599999989
144.3,161.4149464,20.86638204,-0.049997035,228.9829938,19.84507175,-2.729648159,22.3,45.268047400000015,1.0213102900000024
144.4,163.5015007,20.86105011,-0.056641585,230.9561848,19.56744282,-2.822930432,22.3,45.15468409999998,1.2936072900000006
144.5,165.5874886,20.85505372,-0.063286135,232.9011465,19.28048567,-2.915833558,22.3,45.01365790000001,1.5745680499999999
144.6,167.6728437,20.84839288,-0.069930686,234.8169461,18.98420028,-3.006461798,22.3,44.84410240000001,1.864192599999999
144.70000000000002,169.7574994,20.84106758,-0.076575236,236.7026507,18.67858667,-3.092540264,22.3,44.645151299999995,2.1624809099999993
144.8,171.8413894,20.83307783,-0.083219786,238.5573275,18.36387232,-3.171794072,22.3,44.41593810000002,2.469205510000002
144.9,173.9244472,20.82442363,-0.090427577,240.3800438,18.04119467,-3.241948334,22.3,44.15559660000001,2.783228959999999
145.0,176.0066064,20.81510497,-0.101014814,242.1698666,17.71191866,-3.302999073,22.3,43.8632602,3.1031863100000017
145.1,178.0878005,20.80512185,-0.118360942,243.9258632,17.37740922,-3.346237822,22.3,43.538062700000026,3.4277126299999985
145.20000000000002,180.167963,20.79413633,-0.145845407,245.6472827,17.03903128,-3.378098163,22.3,43.17931970000002,3.755105050000001
145.3,182.2470275,20.7804587,-0.186847656,247.3341022,16.69678723,-3.396688333,22.3,42.78707469999999,4.083671469999999
145.4,184.3249277,20.76206127,-0.244747133,248.986481,16.35612963,-3.403904071,22.3,42.36155330000001,4.405931639999999
145.5,186.4015969,20.73691638,-0.322360043,250.6045781,16.01433578,-3.402020263,22.3,41.90298120000001,4.722580600000001
145.6,188.4766985,20.70299637,-0.420249628,252.1885525,15.67390566,-3.391040886,22.3,41.41185399999999,5.02909071
145.70000000000002,190.5488142,20.65827357,-0.537852646,253.7385636,15.33506678,-3.380053556,22.3,40.889749399999985,5.323206789999999
145.8,192.6162554,20.60072031,-0.672352893,255.2547703,14.99781912,-3.36452043,22.3,40.33851489999999,5.602901189999999
145.9,194.6773336,20.52830892,-0.820370923,256.7373318,14.66216269,-3.348608155,22.3,39.7599982,5.86614623
146.0,196.7303601,20.43934968,-0.97852729,258.1864072,14.32809749,-3.332695881,22.3,39.15604710000001,6.11125219
146.1,198.7736464,20.33350465,-1.143442549,259.6021557,13.99562352,-3.316783607,22.3,38.52850930000004,6.337881129999998
146.20000000000002,200.8055039,20.21077382,-1.311737253,260.9847363,13.66474077,-3.300871333,22.3,37.87923240000002,6.54603305
146.3,202.8242441,20.0711572,-1.480595198,262.3343082,13.33544925,-3.284959059,22.3,37.210064100000025,6.735707949999998
146.4,204.8281782,19.91465478,-1.649453144,263.6510305,13.00774896,-3.269046785,22.3,36.5228523,6.906905819999999
146.5,206.8156179,19.74126657,-1.818311089,264.9350624,12.68163989,-3.253141436,22.3,35.81944449999999,7.059626680000001
146.6,208.7848745,19.55099256,-1.987169034,266.1865629,12.35712206,-3.237277637,22.3,35.101688400000015,7.193870500000001
146.70000000000002,210.7342593,19.34383276,-2.15602698,267.4056912,12.03419545,-3.221496938,22.3,34.37143189999999,7.309637310000001
146.8,212.6620839,19.11978717,-2.324884925,268.5926064,11.71285591,-3.205840888,22.3,33.630522500000026,7.406931259999999
146.9,214.5666596,18.87885578,-2.493447175,269.7474676,11.39308267,-3.190351037,22.3,32.88080799999999,7.4857731099999985
147.0,216.446298,18.62103859,-2.660235252,270.8704339,11.0748508,-3.175068936,22.3,32.12413590000001,7.546187790000001
147.1,218.2993103,18.34633561,-2.823474986,271.9616646,10.75813536,-3.160029209,22.3,31.362354300000003,7.58820025
147.20000000000002,220.124008,18.05492426,-2.981392203,273.0213153,10.44291143,-3.145238781,22.3,30.597307300000022,7.612012829999999
147.3,221.9187025,17.74769161,-3.132212732,274.0495285,10.12915408,-3.130690728,22.3,29.830826000000012,7.618537530000001
147.4,223.6817053,17.42570217,-3.274162399,275.0464435,9.816838383,-3.116350423,22.3,29.064738200000004,7.608863787000001
147.5,225.4113278,17.09002045,-3.40576273,276.0121995,9.5059394,-3.102176318,22.3,28.3008717,7.58408105
147.6,227.1060233,16.74171095,-3.526718027,276.9469355,9.19643636,-3.088126863,22.3,27.54091219999999,7.545274590000002
147.70000000000002,228.7648129,16.38183817,-3.637323987,277.8507908,8.888325107,-3.074160507,22.3,26.785977900000017,7.493513063000002
147.8,230.3868597,16.01146662,-3.739059087,278.7239046,8.581605643,-3.060235702,22.3,26.037044900000023,7.429860977000001
147.9,231.9713266,15.63166079,-3.833697498,279.5664161,8.276277967,-3.046317821,22.3,25.295089500000028,7.355382822999999
148.0,233.5173767,15.24330778,-3.923013392,280.3784643,7.972342079,-3.03239994,22.3,24.56108760000002,7.270965701000001
148.1,235.0241731,14.846585,-4.008780942,281.1601886,7.669797979,-3.018482059,22.3,23.836015500000013,7.176787020999999
148.20000000000002,236.4908786,14.44149245,-4.09277432,281.911728,7.368645667,-3.004564178,22.3,23.12084939999998,7.072846783
148.3,237.9166564,14.02803014,-4.176472003,282.6332218,7.068885143,-2.990646298,22.3,22.416565400000007,6.959144997
148.4,239.3006695,13.60619805,-4.260169686,283.3248092,6.770516408,-2.976728417,22.3,21.724139700000006,6.835681642
148.5,240.6420809,13.1759962,-4.343867369,283.9866292,6.47353946,-2.96227115,22.3,21.044548299999985,6.702456740000001
148.6,241.9400537,12.73742458,-4.427565051,284.6188212,6.1779543,-2.944577568,22.3,20.37876750000002,6.559470280000001
148.70000000000002,243.1937507,12.29048319,-4.511262734,285.2215242,5.883760929,-2.920411354,22.3,19.727773499999966,6.406722261
148.8,244.4023352,11.83517203,-4.594960417,285.7948775,5.591282977,-2.886536195,22.3,19.092542299999973,6.243889053000001
148.9,245.56497,11.37149111,-4.677719522,286.3390202,5.302138603,-2.839715772,22.3,18.474050200000004,6.069352506999999
149.0,246.6808183,10.89944041,-4.75484716,286.8540915,5.018269595,-2.776713773,22.3,17.873273199999982,5.881170815000001
149.1,247.749043,10.41901995,-4.816277082,287.3402306,4.741617743,-2.694833266,22.3,17.291187599999983,5.677402206999999
149.20000000000002,248.7688072,9.930792867,-4.86968217,287.7978356,4.474124837,-2.593534865,22.3,16.729028399999986,5.4566680299999994
149.3,249.7392738,9.437574894,-4.896126609,288.2283401,4.217732665,-2.473357958,22.3,16.189066300000018,5.219842229000001
149.4,250.659606,8.945405784,-4.894413715,288.6334369,3.974383018,-2.336999472,22.3,15.673830899999995,4.971022766
149.5,251.5289667,8.449681805,-4.8598506,289.0148184,3.746017683,-2.187695725,22.3,15.185851700000011,4.703664122000001
149.6,252.3469695,7.961764447,-4.791498684,289.3741773,3.53425482,-2.028683031,22.3,14.727207799999984,4.427509627
149.70000000000002,253.1150299,7.482371721,-4.69473133,289.7132063,3.33941806,-1.863197706,22.3,14.298176400000028,4.142953661
149.8,253.8350142,7.014882507,-4.560937077,290.0335979,3.161507402,-1.694476065,22.3,13.898583700000028,3.8533751050000005
149.9,254.5087884,6.562675684,-4.40905174,290.3370447,3.000522847,-1.525215039,22.3,13.528256299999992,3.562152837
150.0,255.1382187,6.128566986,-4.240272004,290.6252394,2.856464394,-1.355954012,22.3,13.187020699999987,3.272102592
150.1,255.7251712,5.713119559,-4.060229335,290.8998746,2.729332044,-1.186692986,22.3,12.87470339999997,2.983787515
150.20000000000002,256.271512,5.316333403,-3.874555199,291.1626428,2.619125797,-1.017431959,22.3,12.591130800000041,2.6972076059999996
150.3,256.7791072,4.938208519,-3.687942485,291.4152367,2.525845652,-0.848170932,22.3,12.33612949999998,2.4123628669999997
150.4,257.2498231,4.578744906,-3.501329771,291.6593489,2.449491611,-0.678909906,22.3,12.109525799999982,2.129253295
150.5,257.6855256,4.237942565,-3.314717057,291.8966719,2.390063671,-0.509648879,22.3,11.911146299999995,1.847878894
150.6,258.0880809,3.915801495,-3.128104343,292.1288985,2.347561835,-0.341627329,22.3,11.740817599999968,1.5682396600000001
150.70000000000002,258.4593553,3.612321696,-2.941491629,292.3577213,2.321986101,-0.181042637,22.3,11.598365999999952,1.2903355950000002
150.8,258.8012146,3.327503169,-2.754878916,292.5848327,2.313336469,-0.035331662,22.3,11.483618100000012,1.0141667
150.9,259.1155253,3.061345913,-2.568266202,292.8119255,2.320869255,0.088068738,22.3,11.39640019999997,0.740476658
151.0,259.4041532,2.813849929,-2.381867093,293.0406922,2.340866028,0.181721705,22.3,11.336539000000027,0.47298390099999965
151.1,259.6689646,2.585015215,-2.196749614,293.2728255,2.368864674,0.23819038,22.3,11.303860900000029,0.21615054099999975
151.20000000000002,259.9118256,2.374841774,-2.014195394,293.510018,2.400403078,0.251277382,22.3,11.298192400000016,-0.025561304000000007
151.3,260.1346023,2.18320144,-1.835486064,293.7533673,2.431019124,0.219743234,22.3,11.318764999999996,-0.24781768400000015
151.4,260.3391609,2.009453401,-1.661903254,294.0015914,2.456250698,0.144827412,22.3,11.36243049999997,-0.4467972969999998
151.5,260.5273674,1.852828676,-1.494728592,294.252813,2.471635684,0.032727298,22.3,11.4254456,-0.6188070080000003
151.6,260.7010881,1.71255829,-1.335030104,294.5051552,2.472711968,-0.109120248,22.3,11.504067099999997,-0.760153678
151.70000000000002,260.8620864,1.587873263,-1.183021395,294.7567408,2.455761121,-0.27327837,22.3,11.594654399999978,-0.867887858
151.8,261.0117159,1.478004619,-1.03848886,295.0056928,2.420039457,-0.452310209,22.3,11.693976900000006,-0.9420348380000001
151.9,261.1512275,1.382183378,-0.900364474,295.2501341,2.365546975,-0.638778906,22.3,11.79890660000002,-0.9833635970000001
152.0,261.2818722,1.299640563,-0.767366607,295.4881876,2.292283675,-0.826487079,22.3,11.906315399999993,-0.9926431120000001
152.1,261.4049009,1.22973536,-0.63821363,295.7179762,2.200249559,-1.014195252,22.3,12.013075300000036,-0.9705141989999999
152.20000000000002,261.5215646,1.172339606,-0.511623912,295.9376229,2.089444625,-1.201903425,22.3,12.11605830000003,-0.9171050190000001
152.3,261.6331141,1.127453299,-0.386315824,296.1452506,1.959868874,-1.389611598,22.3,12.212136499999996,-0.8324155750000002
152.4,261.7408005,1.095076441,-0.261221341,296.3389821,1.811522305,-1.577319771,22.3,12.298181600000031,-0.716445864
152.5,261.8458747,1.075209031,-0.136126858,296.5169404,1.64440492,-1.728529133,22.3,12.371065699999985,-0.569195889
152.6,261.9495876,1.067851069,-0.011032375,296.6772485,1.458516717,-1.874524379,22.3,12.427660900000046,-0.3906656479999999
152.70000000000002,262.0531902,1.073002556,0.114062108,296.8180292,1.253857696,-1.94796358,22.3,12.464838999999994,-0.18085514000000003
152.8,262.1579334,1.090663491,0.239156591,296.9374054,1.052327145,-1.933436644,22.3,12.479471999999998,0.03833634599999991
152.9,262.2650682,1.120833874,0.364251074,297.0335002,0.835154247,-1.843032423,22.3,12.468432000000018,0.28567962699999994
153.0,262.3758454,1.163513706,0.488929924,297.1044363,0.642744158,-1.67284033,22.3,12.428590899999971,0.5207695480000001
153.1,262.4915162,1.218702986,0.611114971,297.1483367,0.484342933,-1.450234474,22.3,12.356820500000037,0.7343600530000001
153.20000000000002,262.6133313,1.286401714,0.728312415,297.1633244,0.352697263,-1.15566192,22.3,12.249993099999994,0.9337044509999999
153.3,262.7425418,1.36636051,0.838028453,297.1773841,0.250153498,-0.868196358,22.3,12.134842299999956,1.116207012
153.4,262.8803986,1.457332473,0.937769284,297.1914438,0.179057991,-0.572909622,22.3,12.011045200000023,1.2782744819999998
153.5,263.0281526,1.557821323,1.025041105,297.2055035,0.141757094,-0.353500171,22.3,11.877350900000021,1.416064229
153.60000000000002,263.1870548,1.666330777,1.097765748,297.2195633,0.14059716,-0.182593897,22.3,11.732508500000005,1.525733617
153.70000000000002,263.3581566,1.781364556,1.155527581,297.233623,0.14059716,-0.064101385,22.3,11.57546640000005,1.640767396
153.8,263.5417114,1.901426377,1.198742235,297.2476827,0.14059716,-0.001933224,22.3,11.405971299999987,1.760829217
153.9,263.7377732,2.025019959,1.229487881,297.2617424,0.14059716,-2.53e-12,22.3,11.22396920000001,1.8844227990000002
154.0,263.9463959,2.150649022,1.250258318,297.2758021,0.14059716,-6.32e-13,22.3,11.029406199999993,2.010051862
154.10000000000002,264.1676334,2.277066664,1.263547351,297.2898618,0.14059716,0.0,22.3,10.822228399999982,2.136469504
154.20000000000002,264.4015397,2.404023506,1.271848779,297.3039216,0.14059716,4.74e-13,22.3,10.602381900000022,2.263426346
154.3,264.6481685,2.531519547,1.277656405,297.3179813,0.14059716,5.92e-13,22.3,10.369812799999988,2.390922387
154.4,264.907574,2.659554787,1.283048398,297.332041,0.14059716,2.68e-12,22.3,10.124466999999992,2.518957627
154.5,265.1798099,2.788129226,1.288440391,297.3461007,0.14059716,0.738929238,22.3,9.866290800000012,2.647532066
154.60000000000002,265.4649302,2.917242865,1.293832384,297.3601604,0.14059716,1.622654492,22.3,9.595230199999957,2.776645705
154.70000000000002,265.7629889,3.046895703,1.299224377,297.3742201,0.14059716,2.644667591,22.3,9.31123120000002,2.906298543
154.8,266.0740398,3.177087741,1.30461637,297.3882799,0.583954703,3.958464484,22.3,9.014240100000006,2.593133038
154.9,266.3981368,3.307818977,1.310008363,297.4023396,1.114189855,5.277952645,22.3,8.70420280000003,2.193629122
155.0,266.735334,3.439089413,1.315416116,297.4163993,1.727397715,6.441099224,22.3,8.3810653,1.711691698
155.10000000000002,267.0856851,3.570899048,1.320918432,297.430459,2.417618197,7.177999729,22.3,8.044773900000006,1.1532808509999999
155.20000000000002,267.4492442,3.703247883,1.326609873,297.7992047,3.307368747,7.858724696,22.3,8.049960500000008,0.395879136
155.3,267.8260651,3.836145373,1.332585002,298.2374526,4.005256694,7.740919582,22.3,8.111387499999989,-0.16911132099999993
155.4,268.2162017,3.9696388,1.338938382,298.7420786,4.89075454,7.418717611,22.3,8.225876900000014,-0.9211157399999998
155.5,268.6197081,4.103784901,1.345764575,299.3083147,5.829424673,6.684497738,22.3,8.388606599999957,-1.725639772
155.60000000000002,269.0366381,4.238640415,1.353142384,299.9313928,6.371949464,5.96202103,22.3,8.59475470000002,-2.133309049
155.70000000000002,269.4670531,4.374262078,1.361087568,300.6065449,6.868848764,5.304513469,22.3,8.83949180000003,-2.494586686
155.8,269.911045,4.510706628,1.369584368,301.3290029,7.31806739,4.253782894,22.3,9.117957899999976,-2.807360762
155.9,270.368713,4.648030803,1.378553981,302.0939987,7.719605342,3.776976159,22.3,9.425285699999971,-3.071574539
156.0,270.8401565,4.786291341,1.387901845,302.8967643,8.073462621,3.300169424,22.3,9.756607799999994,-3.287171279999999
156.10000000000002,271.3254747,4.925535522,1.397533396,303.7325316,8.379639227,2.823362689,22.3,10.107056900000043,-3.4541037050000005
156.20000000000002,271.8247671,5.065772803,1.407354073,304.5965325,8.638135159,2.346555954,22.3,10.471765400000049,-3.572362356000001
156.3,272.3381327,5.207003184,1.417269313,305.483999,8.848950418,1.869749219,22.3,10.845866299999965,-3.641947233999999
156.4,272.8656711,5.349226666,1.427200313,306.3901629,9.012085003,1.392942484,22.3,11.22449180000002,-3.6628583369999994
156.5,273.4074815,5.492443247,1.437131313,307.3102563,9.127538915,0.916135749,22.3,11.602774799999974,-3.635095668000001
156.60000000000002,273.9636632,5.636652928,1.447062313,308.239511,9.195312153,0.439329014,22.3,11.975847800000007,-3.5586592249999995
156.70000000000002,274.5343156,5.78185571,1.456993313,309.1731591,9.215404718,-0.034999636,22.3,12.338843500000007,-3.433549008
156.8,275.1195378,5.928051591,1.466924313,310.1064323,9.187816609,-0.494459774,22.3,12.686894500000005,-3.2597650180000004
156.9,275.7194293,6.075240572,1.476855313,311.0345627,9.112547826,-0.924182891,22.3,13.015133399999979,-3.037307254
157.0,276.3340894,6.223422654,1.486786313,311.9527822,8.991085222,-1.309300474,22.3,13.318692800000019,-2.7676625680000004
157.10000000000002,276.9636173,6.372597835,1.494786285,312.8563227,8.83086305,-1.642941815,22.3,13.59270540000001,-2.458265215
157.20000000000002,277.6081124,6.522766116,1.502510396,313.7404162,8.640802418,-1.886244998,22.3,13.832303800000044,-2.118036302
157.3,278.267674,6.673927498,1.508003391,314.6002946,8.429824433,-2.050813001,22.3,14.032620599999984,-1.755896935
157.4,278.9424014,6.824923362,1.506182203,315.4323792,8.20205152,-2.126169939,22.3,14.189977800000019,-1.3771281579999997
157.5,279.6323938,6.97674681,1.496737972,316.2378495,7.980800828,-2.114793895,22.3,14.305455699999992,-1.0040540179999997
157.60000000000002,280.3377507,7.128224688,1.47776494,317.0190743,7.760597421,-2.029075296,22.3,14.381323599999984,-0.6323727329999995
157.70000000000002,281.0585713,7.276307156,1.449288374,317.7784223,7.555161087,-1.875884851,22.3,14.419851000000005,-0.27885393100000044
157.8,281.7948025,7.4208089,1.407747346,318.5182624,7.371926082,-1.694084476,22.3,14.423459900000022,0.04888281800000005
157.9,282.5457813,7.560586462,1.353508978,319.2409634,7.212379256,-1.474549278,22.3,14.39518210000001,0.34820720599999966
158.0,283.3106922,7.694496386,1.291338711,319.9488941,7.076520609,-1.240145568,22.3,14.338201900000012,0.6179757769999998
158.10000000000002,284.0887197,7.821395218,1.221545402,320.6444234,6.964350142,-1.003263774,22.3,14.25570369999998,0.8570450760000003
158.20000000000002,284.8790485,7.940330075,1.146034813,321.3299201,6.875867854,-0.766381979,22.3,14.15087159999997,1.0644622210000003
158.3,285.680863,8.051110383,1.066712702,322.0077529,6.811073746,-0.529500185,22.3,14.026889900000025,1.2400366369999993
158.4,286.4933478,8.153736141,0.985484832,322.6802907,6.769967817,-0.29261839,22.3,13.886942900000019,1.3837683239999992
158.5,287.3156875,8.248207349,0.903939334,323.3499024,6.752550068,-0.055736596,22.3,13.734214899999994,1.4956572809999997
158.60000000000002,288.1470666,8.334524008,0.822393837,324.0189567,6.758820498,0.181145199,22.3,13.571890099999973,1.5757035100000003
158.70000000000002,288.9866696,8.412686117,0.74084834,324.6898224,6.788779108,0.416863729,22.3,13.403152799999997,1.6239070089999998
158.8,289.8336811,8.482693676,0.659302842,325.3648684,6.842425897,0.645602675,22.3,13.231187299999998,1.6402677790000002
158.9,290.6872856,8.544546685,0.577757345,326.0464635,6.919760865,0.86038245,22.3,13.05917790000002,1.6247858200000005
159.0,291.5466677,8.598245145,0.496211848,326.7369765,7.020086055,1.054223471,22.3,12.890308800000025,1.5781590899999998
159.10000000000002,292.4110119,8.643789055,0.415047838,327.4387762,7.139911673,1.223777309,22.3,12.7277643,1.5038773819999989
159.20000000000002,293.2795028,8.681178415,0.336172754,328.1542315,7.275049968,1.351170909,22.3,12.57472869999999,1.4061284469999995
159.3,294.1513249,8.710413225,0.261875522,328.8857111,7.42131319,1.441481421,22.3,12.43438619999996,1.2891000349999997
159.4,295.0256627,8.731722379,0.194445067,329.6350255,7.576692282,1.489914423,22.3,12.309362799999985,1.155030097000001
159.5,295.9017008,8.746250338,0.134669256,330.4017517,7.730463411,1.49763318,22.3,12.200050899999962,1.0157869269999997
159.60000000000002,296.7786238,8.755370458,0.089340193,331.1849084,7.884974907,1.470454013,22.3,12.106284599999992,0.8703955509999997
159.70000000000002,297.6556162,8.760456095,0.055862137,331.983514,8.033860327,1.41172535,22.3,12.027897800000016,0.726595768000001
159.8,298.5320456,8.761979968,0.036117637,332.7965874,8.173629876,1.339320244,22.3,11.964541800000017,0.5883500920000007
159.9,299.4080122,8.764017341,0.029725203,333.6231469,8.303585598,1.249324813,22.3,11.91513470000002,0.4604317430000009
160.0,300.2837991,8.765239661,0.034777399,334.4622114,8.423727492,1.152349796,22.3,11.87841229999999,0.34151216900000136
160.10000000000002,301.1596897,8.76792092,0.050486357,335.3127993,8.534055557,1.054211516,22.3,11.853109599999993,0.2338653629999996
160.20000000000002,302.0359672,8.77320558,0.070059974,336.1739294,8.634569795,0.956073235,22.3,11.837962200000003,0.13863578499999996
160.3,302.9129147,8.781322534,0.095712502,337.0446202,8.725270204,0.857934954,22.3,11.831705500000009,0.056052329999999984
160.4,303.7908155,8.792271783,0.123653956,337.9238904,8.806156786,0.759796674,22.3,11.833074899999996,-0.013885003000000395
160.5,304.6699529,8.806053325,0.151976897,338.8107585,8.877229539,0.661658393,22.3,11.84080560000002,-0.0711762139999994
160.60000000000002,305.5506101,8.822667162,0.180299838,339.7042432,8.938488464,0.563520113,22.3,11.853633100000035,-0.11582130200000051
160.70000000000002,306.4330702,8.842113293,0.20862278,340.6033631,8.989933562,0.465381832,22.3,11.870292900000049,-0.14782026899999856
160.8,307.3176166,8.864391718,0.236945721,341.5071368,9.031564831,0.36748448,22.3,11.889520200000003,-0.16717311300000048
160.9,308.2045324,8.889502437,0.265268662,342.414583,9.063382272,0.2710327,22.3,11.910050599999987,-0.17387983499999926
161.0,309.0941009,8.91744545,0.293591604,343.3247202,9.085385885,0.177472064,22.3,11.9306193,-0.16794043500000022
161.10000000000002,309.9866053,8.948220758,0.321573271,344.2365671,9.097720227,0.088248143,22.3,11.949961799999993,-0.14949946900000022
161.20000000000002,310.8823289,8.981828359,0.347507297,345.1491422,9.101108085,0.004806509,22.3,11.966813299999966,-0.11927972600000025
161.3,311.7815549,9.018268255,0.368167954,346.0614643,9.0964168,-0.071407265,22.3,11.979909400000007,-0.07814854499999946
161.4,312.6845664,9.057335681,0.385041858,346.9725519,9.084513717,-0.139188537,22.3,11.98798549999999,-0.02717803600000046
161.5,313.5916468,9.098006816,0.392547109,347.8815393,9.066266178,-0.198296377,22.3,11.989892500000007,0.03174063800000049
161.60000000000002,314.5030793,9.138346223,0.389814152,348.7880233,9.042541526,-0.248971716,22.3,11.984943999999995,0.09580469699999838
161.70000000000002,315.419147,9.179245873,0.375136618,349.6917164,9.014207105,-0.292419195,22.3,11.972569400000008,0.16503876799999873
161.8,316.3399694,9.217356625,0.348173235,350.5923312,8.982130258,-0.330084387,22.3,11.952361800000016,0.235226367000001
161.9,317.2650108,9.252156746,0.310443361,351.48958,8.94703377,-0.363412863,22.3,11.924569199999961,0.3051229759999998
162.0,318.1935714,9.282417652,0.260119106,352.3831755,8.9090622,-0.393850195,22.3,11.889604099999996,0.3733554520000002
162.10000000000002,319.1249516,9.306910756,0.202782371,353.27283,8.868215546,-0.422841956,22.3,11.847878400000024,0.43869521000000056
162.20000000000002,320.0584517,9.324612239,0.139302711,354.1582561,8.824493809,-0.451592788,22.3,11.799804400000038,0.5001184300000006
162.3,320.9933722,9.335317336,0.071727768,355.0391663,8.777896988,-0.48034362,22.3,11.745794099999966,0.5574203479999991
162.4,321.9290134,9.339026048,0.002105183,355.915273,8.728425085,-0.509094452,22.3,11.686259600000039,0.6106009629999996
162.5,322.8646756,9.335738373,-0.067858675,356.7862889,8.676078098,-0.537845284,22.3,11.62161329999999,0.6596602750000002
162.60000000000002,323.7996592,9.325454313,-0.137822534,357.6519262,8.620856028,-0.566596116,22.3,11.552266999999983,0.7045982849999994
162.70000000000002,324.7332647,9.308173866,-0.207786393,358.5118976,8.562758875,-0.595346948,22.3,11.47863289999999,0.7454149910000005
162.8,325.6647922,9.283897034,-0.277750251,359.3659155,8.501786638,-0.623921053,22.3,11.401123300000005,0.7821103960000002
162.9,326.5935423,9.252623816,-0.34771411,360.2136925,8.437939319,-0.6514348,22.3,11.320150199999954,0.814684497
163.0,327.5188152,9.214354212,-0.417677968,361.0549409,8.371216916,-0.676827829,22.3,11.236125700000013,0.8431372960000001
163.10000000000002,328.4399113,9.169088222,-0.48747735,361.8893734,8.301725466,-0.699039781,22.3,11.149462100000004,0.8673627559999986
163.20000000000002,329.356131,9.116825847,-0.556289867,362.7167024,8.229995148,-0.717010298,22.3,11.060571399999969,0.886830698999999
163.3,330.2667747,9.057567085,-0.623128656,363.5366403,8.156662178,-0.729679021,22.3,10.969865600000002,0.900904907000001
163.4,331.1711426,8.991410624,-0.687006853,364.3488997,8.08236277,-0.736162317,22.3,10.877757100000007,0.9090478540000007
163.5,332.0685352,8.918849896,-0.746937595,365.153278,8.00773314,-0.73628346,22.3,10.784742800000014,0.9111167560000002
163.60000000000002,332.9582529,8.840477018,-0.801934016,365.9499116,7.933409504,-0.730219176,22.3,10.691658700000016,0.9070675139999995
163.70000000000002,333.8395959,8.75688411,-0.851173731,366.7390222,7.860028076,-0.718853098,22.3,10.599426300000015,0.8968560339999998
163.8,334.7119437,8.66866329,-0.894492263,367.5208311,7.788225072,-0.703245585,22.3,10.508887400000003,0.8804382179999992
163.9,335.5749912,8.576406675,-0.932054087,368.2955599,7.718530672,-0.684456995,22.3,10.4205687,0.8578760029999994
164.0,336.4285126,8.480706385,-0.964681592,369.06343,7.651050911,-0.663547688,22.3,10.334917400000005,0.829655474
164.10000000000002,337.2722819,8.382154538,-0.99336164,369.8246628,7.585785789,-0.641578021,22.3,10.252380900000002,0.796368749
164.20000000000002,338.1060732,8.281244566,-1.019081097,370.5794798,7.522735307,-0.619431628,22.3,10.173406599999975,0.7585092590000002
164.3,338.9296606,8.178075155,-1.042826826,371.3281025,7.461899463,-0.597285236,22.3,10.098441900000022,0.7161756920000002
164.4,339.742818,8.072646306,-1.065585691,372.0707524,7.40327826,-0.575138843,22.3,10.027934400000003,0.6693680459999989
164.5,340.5453196,7.964958017,-1.088180079,372.8076508,7.346871695,-0.55299245,22.3,9.962331199999948,0.6180863219999999
164.60000000000002,341.3369393,7.85501029,-1.110774466,373.5390194,7.29267977,-0.530846057,22.3,9.902080099999989,0.5623305199999997
164.70000000000002,342.1174513,7.742803124,-1.133368854,374.2650795,7.240702483,-0.508699664,22.3,9.847628199999985,0.5021006410000002
164.8,342.8866297,7.628336519,-1.155963241,374.9860526,7.190939837,-0.487071103,22.3,9.799422899999978,0.43739668200000015
164.9,343.6442484,7.511610476,-1.178557629,375.7021601,7.143391829,-0.471789009,22.3,9.757911700000033,0.36821864700000084
165.0,344.3900815,7.392624993,-1.201152016,376.4136236,7.098058461,-0.456241944,22.3,9.723542099999985,0.29456653200000016
165.10000000000002,345.1239031,7.271380072,-1.223746404,377.1206645,7.054629033,-0.453255327,22.3,9.696761399999968,0.21675103900000003
165.20000000000002,345.8454872,7.147875713,-1.246402026,377.8235042,7.009606364,-0.462696674,22.3,9.678017000000022,0.13826934900000065
165.3,346.5546079,7.022111914,-1.269425059,378.5223643,6.966957317,-0.487672974,22.3,9.667756399999984,0.05515459699999958
165.4,347.2510393,6.894088677,-1.293182911,379.2174662,6.91898664,-0.530773387,22.3,9.666426899999987,-0.024897962999999912
165.5,347.9345554,6.76376926,-1.318042992,379.9087827,6.865773825,-0.589276267,22.3,9.674227299999995,-0.10200456499999966
165.60000000000002,348.6049302,6.630969958,-1.344372713,380.5952926,6.805454677,-0.672382214,22.3,9.69036239999998,-0.1744847190000005
165.70000000000002,349.2619379,6.495470326,-1.372539483,381.275726,6.736165001,-0.767783638,22.3,9.713788099999999,-0.24069467499999941
165.8,349.9053524,6.357049917,-1.402849477,381.9488129,6.656040603,-0.875613025,22.3,9.74346049999998,-0.2989906859999998
165.9,350.5349185,6.215488286,-1.435363931,382.6132836,6.563527989,-0.992763384,22.3,9.778365099999984,-0.34803970299999953
166.0,351.1502632,6.070564987,-1.470021608,383.267868,6.458316458,-1.116127724,22.3,9.817604800000037,-0.3877514709999996
166.10000000000002,351.7509842,5.922059573,-1.506516334,383.9112963,6.34040601,-1.242599055,22.3,9.860312099999998,-0.4183464369999994
166.20000000000002,352.3366792,5.7697516,-1.5444807,384.5422986,6.209796647,-1.369588218,22.3,9.905619399999988,-0.4400450469999999
166.3,352.906946,5.613457361,-1.583547295,385.1596051,6.066488367,-1.496577381,22.3,9.952659100000016,-0.4530310059999998
166.4,353.4613822,5.453140117,-1.62334871,385.7619458,5.91048117,-1.623566545,22.3,10.000563599999975,-0.4573410529999995
166.5,353.9995855,5.288799866,-1.663517535,386.3480508,5.741775058,-1.750555708,22.3,10.048465299999986,-0.45297519200000025
166.60000000000002,354.5211537,5.12043661,-1.703747595,386.9166502,5.560370029,-1.877544871,22.3,10.095496499999978,-0.4399334190000008
166.70000000000002,355.0256844,4.948050347,-1.743977655,387.4664742,5.366266083,-2.004534034,22.3,10.140789800000004,-0.4182157360000005
166.8,355.5127753,4.771641079,-1.784207715,387.9962529,5.159463222,-2.131523197,22.3,10.183477600000014,-0.3878221430000002
166.9,355.9820241,4.591208804,-1.824437775,388.5047164,4.939961444,-2.257581534,22.3,10.222692300000016,-0.34875263999999984
167.0,356.4330285,4.406753524,-1.864667835,388.9905947,4.70776075,-2.378054914,22.3,10.257566199999996,-0.3010072260000003
167.10000000000002,356.8653863,4.218275237,-1.904897894,389.452618,4.46286114,-2.487358383,22.3,10.28723169999996,-0.24458590299999994
167.20000000000002,357.2786951,4.025773945,-1.94456245,389.8895163,4.205821108,-2.579906982,22.3,10.310821200000031,-0.18004716300000023
167.3,357.6725526,3.829249647,-1.98083398,390.3000199,3.939433135,-2.650115756,22.3,10.327467299999977,-0.11018348799999966
167.4,358.0465565,3.628702342,-2.008825549,390.6828588,3.667048192,-2.692399749,22.3,10.33630230000001,-0.03834585000000024
167.5,358.4003046,3.424471334,-2.029625862,391.0367632,3.392017255,-2.70210483,22.3,10.336458599999968,0.0324540790000003
167.60000000000002,358.7333944,3.218253136,-2.035360163,391.3609098,3.117691296,-2.678300173,22.3,10.327515399999992,0.10056184000000012
167.70000000000002,359.0454238,3.012979908,-2.024129337,391.6562629,2.84742129,-2.621916605,22.3,10.31083910000002,0.16555861799999994
167.8,359.3359904,2.807998428,-1.993105862,391.9242332,2.584558211,-2.537608255,22.3,10.288242799999988,0.22344021699999983
167.9,359.6049634,2.608033549,-1.941724235,392.1662318,2.332453031,-2.430960081,22.3,10.261268400000016,0.27558051799999994
168.0,359.8532976,2.41422474,-1.872043869,392.3836694,2.093898229,-2.307557037,22.3,10.230371799999954,0.32032651099999976
168.10000000000002,360.0822194,2.228607817,-1.782410555,392.577957,1.869452302,-2.172984081,22.3,10.19573760000004,0.35915551499999987
168.20000000000002,360.2929553,2.053218595,-1.68069905,392.7505054,1.659115248,-2.032826168,22.3,10.157550099999991,0.39410334700000016
168.3,360.4867314,1.889753587,-1.568808469,392.9027256,1.462887068,-1.89173743,22.3,10.1159942,0.42686651900000006
168.4,360.6647742,1.738552094,-1.450131836,393.0360284,1.280767762,-1.750648691,22.3,10.07125420000001,0.4577843320000001
168.5,360.8283101,1.599614118,-1.328062179,393.1518247,1.11275733,-1.609559953,22.3,10.02351460000001,0.4868567880000001
168.60000000000002,360.9785653,1.472939659,-1.205427016,393.2515254,0.958855772,-1.468471214,22.3,9.972960099999977,0.5140838869999999
168.70000000000002,361.1167662,1.358528715,-1.082791854,393.3365414,0.819063087,-1.327382476,22.3,9.919775200000014,0.5394656280000001
168.8,361.2441393,1.256381288,-0.960156692,393.4082836,0.693379276,-1.186293737,22.3,9.864144300000032,0.563002012
168.9,361.3619107,1.166497377,-0.83752153,393.4681628,0.58180434,-1.045680486,22.3,9.806252100000005,0.584693037
169.0,361.471307,1.088876982,-0.714886368,393.51759,0.484338277,-0.907920162,22.3,9.74628299999996,0.604538705
169.10000000000002,361.5735544,1.023520103,-0.592251206,393.5579761,0.400981088,-0.77586569,22.3,9.68442170000004,0.6225390150000001
169.20000000000002,361.6698792,0.970426741,-0.470070661,393.5907318,0.33144748,-0.652369997,22.3,9.620852599999989,0.638979261
169.3,361.761508,0.929596894,-0.35061782,393.6172682,0.27431099,-0.54028601,22.3,9.55576020000002,0.6552859040000001
169.4,361.8496669,0.901030564,-0.236620387,393.638996,0.227859862,-0.442466654,22.3,9.489329100000031,0.6731707020000001
169.5,361.9355823,0.88445498,-0.130806066,393.6573263,0.190382341,-0.361289369,22.3,9.421744,0.694072639
169.60000000000002,362.0204807,0.87850629,-0.03590256,393.6734416,0.160166671,-0.297229641,22.3,9.352960899999982,0.718339619
169.70000000000002,362.1055882,0.881547871,0.045362426,393.6876116,0.135501095,-0.249811984,22.3,9.282023400000025,0.746046776
169.8,362.1921314,0.891943101,0.113026064,393.6998779,0.114673859,-0.216658959,22.3,9.207746499999995,0.7772692419999999
169.9,362.2811184,0.908055358,0.159702963,393.7102819,0.095973205,-0.188455878,22.3,9.129163499999958,0.812082153
170.0,362.3726843,0.92824802,0.192778513,393.7188651,0.077972672,-0.168951786,22.3,9.046180800000013,0.8502753479999999
170.10000000000002,362.4667463,0.952270618,0.212215544,393.725669,0.060386966,-0.145394451,22.3,8.95892269999997,0.891883652
170.20000000000002,362.5632213,0.974328067,0.220741759,393.7307351,0.047093144,-0.122495084,22.3,8.867513799999994,0.927234923
170.3,362.6620266,0.997214979,0.220574488,393.7341049,0.036127169,-0.098539049,22.3,8.772078299999986,0.96108781
170.4,362.7630791,1.019272427,0.213699472,393.7358197,0.027437188,-0.076038382,22.3,8.672740599999951,0.991835239
170.5,362.8662958,1.040500414,0.20813255,393.7359212,0.020971346,-0.053796983,22.3,8.569625400000017,1.019529068
170.60000000000002,362.9715939,1.060898937,0.199837925,393.7375524,0.016677791,-0.033024763,22.3,8.46595850000001,1.044221146
170.70000000000002,363.0788903,1.080467999,0.191543299,393.7391837,0.016312311,-0.018541461,22.3,8.3602934,1.0641556879999998
170.8,363.1881022,1.099207597,0.183248674,393.7408149,0.016312311,-0.007765058,22.3,8.252712699999972,1.0828952859999998
170.9,363.2991466,1.117117733,0.174954048,393.7424461,0.016312311,-0.000609133,22.3,8.143299500000023,1.1008054219999999
171.0,363.4119405,1.134198407,0.166659423,393.7440774,0.016312311,-2.53e-12,22.3,8.032136899999966,1.1178860959999999
171.10000000000002,363.526401,1.150449618,0.158364797,393.7457086,0.016312311,-6e-13,22.3,7.9193075999999785,1.1341373069999998
171.20000000000002,363.6424452,1.165871366,0.150070172,393.7473398,0.016312311,-3.79e-13,22.3,7.804894600000022,1.1495590549999999
171.3,363.75999,1.180463652,0.141807786,393.748971,0.016312311,-5.92e-13,22.3,7.688980999999966,1.164151341
171.4,363.8789526,1.194226475,0.133738839,393.7506023,0.016312311,-7.58e-13,22.3,7.571649700000034,1.177914164
171.5,363.99925,1.207159836,0.126056769,393.7522335,0.016312311,-3.79e-13,22.3,7.45298349999997,1.190847525
171.60000000000002,364.1207993,1.219283078,0.118955015,393.7538647,0.016312311,-4.5e-13,22.3,7.33306540000002,1.2029707669999998
171.70000000000002,364.2435175,1.230692921,0.112627016,393.755496,0.016312311,0.0,22.3,7.211978499999997,1.2143806099999999
171.8,364.3673217,1.241505428,0.107111449,393.7571272,0.016312311,9.47e-14,22.3,7.089805500000022,1.2251931169999999
171.9,364.4921289,1.251836661,0.102873452,393.7587584,0.016312311,5.05e-13,22.3,6.966629499999964,1.23552435
172.0,364.6178716,1.261802685,0.099962014,393.7603897,0.016312311,4.55e-13,22.3,6.842518100000017,1.2454903739999998
172.10000000000002,364.7445443,1.271426706,0.098018625,393.7620209,0.016312311,7.89e-13,22.3,6.717476600000008,1.2551143949999999
172.20000000000002,364.872157,1.28100715,0.097042428,393.7636521,0.016312311,6.63e-13,22.3,6.591495099999985,1.264694839
172.3,365.0007194,1.29067013,0.096839986,393.7652834,0.016312311,5.68e-13,22.3,6.464564000000006,1.274357819
172.4,365.1302415,1.300316602,0.097372621,393.7669146,0.016312311,5.05e-13,22.3,6.336673099999995,1.284004291
172.5,365.2607332,1.310062118,0.098142956,393.7685458,0.016312311,2.37e-13,22.3,6.207812600000022,1.293749807
172.60000000000002,365.3922044,1.319906677,0.098940802,393.7701771,0.016312311,6.71e-13,22.3,6.077972699999986,1.303594366
172.70000000000002,365.524665,1.329850278,0.099931232,393.7718083,0.016312311,2.76e-12,22.3,5.947143299999947,1.313537967
172.8,365.6581249,1.339892923,0.100921662,393.7734395,0.016312311,0.130141466,22.3,5.815314599999976,1.323580612
172.9,365.792594,1.350034611,0.101912091,393.7750707,0.016312311,0.280001692,22.3,5.682476700000006,1.3337223
173.0,365.9280823,1.360275341,0.102902521,393.776702,0.016312311,0.45058493,22.3,5.548619699999971,1.3439630299999998
173.10000000000002,366.0645996,1.370615115,0.103892951,393.7783332,0.094397191,0.675516756,22.3,5.413733600000011,1.276217924
173.20000000000002,366.2021558,1.381053932,0.104883381,393.7799644,0.184313327,0.900689008,22.3,5.277808599999968,1.196740605
173.3,366.3407608,1.391591791,0.106023197,393.7815957,0.286663269,1.087454611,22.3,5.140834900000026,1.104928522
173.4,366.4804246,1.402228694,0.108059334,393.7832269,0.401804249,1.220892047,22.3,5.0028022999999955,1.000424445
173.5,366.6211571,1.412964639,0.11188811,393.847326,0.556725716,1.342457623,22.3,4.926168900000004,0.8562389229999999
173.60000000000002,366.762968,1.42388926,0.118405845,393.9208902,0.681123123,1.350312236,22.3,4.857922199999972,0.7427661369999999
173.70000000000002,366.9058675,1.435450715,0.128508859,394.0044014,0.826932419,1.342108911,22.3,4.798533900000006,0.608518296
173.8,367.0498653,1.448186797,0.143093473,394.0981454,0.9897879,1.289526667,22.3,4.748280099999999,0.4583988969999999
173.9,367.1949713,1.462635298,0.162906619,394.2023589,1.09685061,1.240059748,22.3,4.707387599999958,0.36578468799999997
174.0,367.3412672,1.479334009,0.188097683,394.3172788,1.207069596,1.203068493,22.3,4.676011599999992,0.27226441300000004
174.10000000000002,367.4891214,1.498820723,0.21851728,394.4431416,1.320444856,1.131779932,22.3,4.6540202000000015,0.17837586699999997
174.20000000000002,367.6389741,1.521633231,0.253418475,394.5801841,1.433425582,1.149040811,22.3,4.641210000000012,0.08820764900000011
174.3,367.7912653,1.548309325,0.29190495,394.7286431,1.548773514,1.169918256,22.3,4.637377799999978,-0.00046418900000011476
174.4,367.9464353,1.579297165,0.333080384,394.8887552,1.666488653,1.188987419,22.3,4.642319899999972,-0.08719148799999998
174.5,368.104924,1.614686383,0.376048458,395.0607572,1.786570998,1.212659483,22.3,4.655833200000028,-0.17188461499999996
174.60000000000002,368.2671718,1.65447698,0.419912852,395.2448858,1.909020549,1.236331546,22.3,4.677713999999991,-0.25454356899999997
174.70000000000002,368.4336188,1.698668954,0.463926632,395.4413778,2.033837307,1.26000361,22.3,4.707759000000021,-0.33516835300000025
174.8,368.6047049,1.747262306,0.507940412,395.6504697,2.161021271,1.283675674,22.3,4.7457647999999715,-0.413758965
174.9,368.7808705,1.800257036,0.551954193,395.8723984,2.290572442,1.307347737,22.3,4.791527900000016,-0.4903154060000001
175.0,368.9625557,1.857653144,0.595967973,396.1074006,2.422490819,1.330988875,22.3,4.844844900000009,-0.5648376750000002
175.10000000000002,369.1502005,1.919450631,0.639981753,396.355713,2.556776402,1.354444454,22.3,4.905512499999997,-0.6373257710000002
175.20000000000002,369.3442451,1.985649495,0.683995534,396.6175723,2.693429192,1.377528916,22.3,4.973327199999982,-0.7077796969999999
175.3,369.5451297,2.056249738,0.728001891,396.8932152,2.832430632,1.400056703,22.3,5.048085499999967,-0.7761808939999999
175.4,369.7532944,2.131251358,0.771963708,397.1828785,2.973687944,1.421842257,22.3,5.129584099999999,-0.8424365859999998
175.5,369.9691793,2.210654356,0.815836446,397.4867989,3.117089792,1.44270002,22.3,5.217619599999988,-0.9064354359999998
175.60000000000002,370.1932245,2.294454279,0.859575566,397.8052131,3.262524841,1.462475358,22.3,5.311988600000017,-0.9680705619999999
175.70000000000002,370.4258703,2.382628856,0.903136527,398.1383429,3.409881757,1.481137347,22.3,5.412472600000012,-1.0272529009999998
175.8,370.6675567,2.475151363,0.946474791,398.4863509,3.559049204,1.498716912,22.3,5.518794200000013,-1.0838978409999998
175.9,370.918724,2.571995077,0.98955324,398.8493848,3.709915847,1.515368685,22.3,5.630660799999998,-1.13792077
176.0,371.1798085,2.673133274,1.032364452,399.2275921,3.862370352,1.531278225,22.3,5.747783600000002,-1.1892370780000001
176.10000000000002,371.4512328,2.778539231,1.074915849,399.6211206,4.016319939,1.54663109,22.3,5.869887799999969,-1.2377807079999998
176.20000000000002,371.7334154,2.888186223,1.117244549,400.0301179,4.171746052,1.561612839,22.3,5.99670249999998,-1.2835598289999997
176.3,372.0267753,3.002047527,1.15939509,400.4547316,4.328648692,1.576409029,22.3,6.127956300000005,-1.3266011649999996
176.4,372.3317312,3.120100872,1.201412013,400.8951093,4.487027858,1.591174292,22.3,6.263378100000022,-1.3669269860000002
176.5,372.6487017,3.242341806,1.243339857,401.3513989,4.64688355,1.605939556,22.3,6.402697199999988,-1.4045417439999999
176.60000000000002,372.9781057,3.368770328,1.285223161,401.8237478,4.808215769,1.620704819,22.3,6.545642099999963,-1.4394454410000002
176.70000000000002,373.320362,3.499386439,1.327099041,402.3123038,4.971024514,1.635470083,22.3,6.691941800000006,-1.471638075
176.8,373.6758892,3.634190137,1.368974922,402.8172144,5.135309786,1.650235347,22.3,6.841325200000039,-1.5011196489999996
176.9,374.0451062,3.773181423,1.410850803,403.3386274,5.301071583,1.66500061,22.3,6.993521199999986,-1.5278901599999997
177.0,374.4284317,3.916360297,1.452726684,403.8766905,5.468309908,1.679765874,22.3,7.1482588000000185,-1.551949611
177.10000000000002,374.8262845,4.06372676,1.494602564,404.4315512,5.637024758,1.694572166,22.3,7.305266700000015,-1.5732979980000001
177.20000000000002,375.2390833,4.21528081,1.536478445,405.0033572,5.807216135,1.709624632,22.3,7.464273899999977,-1.5919353249999997
177.3,375.6672468,4.371022449,1.578232945,405.5922561,5.978884038,1.725169446,22.3,7.6250092999999985,-1.6078615890000005
177.4,376.111194,4.530951675,1.619259162,406.1983957,6.152053085,1.741452779,22.3,7.787201699999979,-1.6211014100000005
177.5,376.5713434,4.69506849,1.658828811,406.8219236,6.326846363,1.758720807,22.3,7.950580200000001,-1.6317778729999999
177.60000000000002,377.0481139,4.863300065,1.696213608,407.4629873,6.503411575,1.777219703,22.3,8.114873400000032,-1.6401115100000005
177.70000000000002,377.5419242,5.035282257,1.730685271,408.1217347,6.681896426,1.797154611,22.3,8.279810500000007,-1.6466141689999994
177.8,378.053193,5.210578097,1.761515515,408.7983329,6.862448619,1.81856656,22.3,8.445139899999969,-1.6518705220000003
177.9,378.5823393,5.388750614,1.788097437,409.4930283,7.04521586,1.841414522,22.3,8.61068899999999,-1.6564652459999998
178.0,379.1297233,5.569362838,1.810309657,410.2060864,7.230345852,1.865493351,22.3,8.77636309999998,-1.6609830140000001
178.10000000000002,379.6954726,5.751977799,1.828273555,410.9377733,7.417986299,1.890556874,22.3,8.942300699999986,-1.6660085000000002
178.20000000000002,380.2796564,5.936158527,1.842596034,411.6883546,7.608260288,1.916358919,22.3,9.108698200000003,-1.6721017610000004
178.3,380.8823439,6.121468051,1.854005378,412.4580962,7.801192436,1.94265331,22.3,9.275752299999976,-1.679724385
178.4,381.5036041,6.307542229,1.863229871,413.247264,7.996782744,1.969193874,22.3,9.443659899999954,-1.6892405149999998
178.5,382.1435064,6.494308234,1.870997796,414.0561237,8.195031211,1.995775468,22.3,9.612617300000021,-1.7007229769999999
178.60000000000002,382.8021199,6.681766065,1.878037438,414.8849412,8.395937838,2.022357062,22.3,9.782821300000034,-1.7141717730000003
178.70000000000002,383.4795137,6.869915721,1.884955699,415.7339822,8.599502624,2.048938655,22.3,9.95446850000003,-1.7295869029999995
178.8,384.1757571,7.058757204,1.89187396,416.6035126,8.805725569,2.075520249,22.3,10.127755499999989,-1.7469683649999999
178.9,384.8909192,7.248290513,1.898792221,417.4937982,9.014606673,2.102101842,22.3,10.30287900000003,-1.7663161599999997
179.0,385.6250693,7.438515648,1.905710482,418.4051049,9.226145937,2.128683436,22.3,10.480035600000019,-1.787630289
179.10000000000002,386.3782764,7.62943261,1.912628743,419.3376983,9.440343361,2.155016911,22.3,10.659421899999995,-1.8109107509999998
179.20000000000002,387.1506099,7.821041397,1.919547004,420.2918445,9.657198943,2.179861673,22.3,10.841234600000018,-1.836157545999999
179.3,387.9421388,8.01334201,1.926465265,421.2678091,9.876712685,2.201729009,22.3,11.025670300000012,-1.8633706749999988
179.4,388.7529324,8.20633445,1.933397787,422.2658579,10.09873572,2.219130207,22.3,11.212925499999994,-1.8924012700000006
179.5,389.5830598,8.400018716,1.94041588,423.2862569,10.32252368,2.230576553,22.3,11.40319710000001,-1.9225049639999998
179.60000000000002,390.4325902,8.594394807,1.947605112,424.3292718,10.54718334,2.234579335,22.3,11.596681600000021,-1.9527885329999997
179.70000000000002,391.3015928,8.789471282,1.955051054,425.3951684,10.77182148,2.229897959,22.3,11.793575600000008,-1.9823501980000007
179.8,392.1901368,8.985290925,1.962839276,426.4840934,10.99554488,2.216284306,22.3,11.9939566,-2.0102539550000014
179.9,393.0982914,9.181905078,1.971055347,427.5957173,11.21746029,2.193986494,22.3,12.197425899999995,-2.0355552120000002
180.0,394.0261257,9.379365083,1.979770576,428.7295911,11.43667449,2.164245118,22.3,12.40346539999997,-2.057309407
180.10000000000002,394.9737158,9.577722281,1.988999225,429.8852662,11.65229426,2.128548891,22.3,12.61155040000001,-2.074571979
180.20000000000002,395.9411651,9.777028016,1.998727031,431.0622938,11.86357524,2.088386525,22.3,12.821128700000042,-2.0865472240000003
180.3,396.9285839,9.977333628,2.008882687,432.2602251,12.07036856,2.045246734,22.3,13.031641200000035,-2.093034932
180.4,397.9360823,10.17869046,2.019380622,433.4786114,12.27267421,2.00061823,22.3,13.242529099999967,-2.0939837499999996
180.5,398.9637707,10.3811413,2.030135267,434.7170038,12.4704922,1.955741607,22.3,13.453233099999988,-2.0893509000000012
180.60000000000002,400.0117593,10.58469469,2.041061052,435.9749536,12.66382253,1.910864984,22.3,13.663194299999997,-2.07912784
180.70000000000002,401.0801583,10.78935065,2.052072407,437.2520121,12.8526652,1.865988361,22.3,13.871853800000007,-2.063314550000001
180.8,402.1690781,10.99510918,2.063098023,438.5477305,13.0370202,1.821111738,22.3,14.07865240000002,-2.0419110200000006
180.9,403.2786289,11.20197026,2.07412364,439.86166,13.21688755,1.776235114,22.3,14.28303109999997,-2.0149172899999996
181.0,404.4089209,11.4099339,2.085149256,441.1933518,13.39226723,1.731358491,22.3,14.484430900000017,-1.9823333299999994
181.10000000000002,405.5600644,11.61900011,2.096174872,442.5423573,13.56315924,1.686616467,22.3,14.682292900000004,-1.9441591299999992
181.20000000000002,406.7321696,11.82916888,2.107200489,443.9082275,13.7295636,1.642682038,22.3,14.876057899999989,-1.9003947200000013
181.3,407.9253469,12.04044021,2.118226105,445.2905138,13.89148029,1.600362797,22.3,15.065166899999962,-1.8510400800000006
181.4,409.1397064,12.2528141,2.129072734,446.6887674,14.04899008,1.56046634,22.3,15.249060999999994,-1.7961759799999992
181.5,410.3753584,12.46629055,2.137894818,448.1025395,14.20249677,1.523800261,22.3,15.427181099999995,-1.7362062199999997
181.60000000000002,411.6324132,12.68086957,2.14647029,449.5313814,14.3524849,1.491172155,22.3,15.598968200000012,-1.6716153299999998
181.70000000000002,412.910981,12.89644375,2.150873367,450.9748442,14.49943905,1.463255016,22.3,15.763863200000014,-1.6029953
181.8,414.2111722,13.11190577,2.150980742,452.4325439,14.64384376,1.440183444,22.3,15.921371699999963,-1.5319379899999994
181.9,415.5330968,13.32832238,2.145718491,453.9043547,14.78618359,1.42182284,22.3,16.07125789999999,-1.4578612100000008
182.0,416.8768653,13.54333812,2.134191674,455.3902155,14.92694309,1.407500209,22.3,16.21335019999999,-1.3836049700000004
182.10000000000002,418.2425019,13.756879,2.117171925,456.8900651,15.06660684,1.396407956,22.3,16.347563200000035,-1.3097278400000008
182.20000000000002,419.6296873,13.96830066,2.091986373,458.4038424,15.20557861,1.387738486,22.3,16.474155099999972,-1.2372779499999993
182.3,421.0380163,14.17695876,2.062381813,459.9314864,15.34393917,1.380684205,22.3,16.5934701,-1.1669804100000007
182.4,422.4670837,14.38220892,2.028481551,461.4729359,15.48168853,1.374437518,22.3,16.705852199999992,-1.0994796099999995
182.5,423.9164842,14.58351421,1.991359513,463.0281297,15.61882668,1.368325431,22.3,16.811645500000008,-1.0353124699999992
182.60000000000002,425.3858127,14.78076721,1.952089625,464.5970068,15.75535362,1.362213343,22.3,16.9111941,-0.9745864099999988
182.70000000000002,426.8746638,14.97396793,1.911745811,466.179506,15.89126935,1.356101256,22.3,17.004842199999995,-0.9173014199999994
182.8,428.3826324,15.16311637,1.87122301,467.7755663,16.02657387,1.349989169,22.3,17.092933900000002,-0.8634575000000009
182.9,429.9093132,15.34821253,1.830700209,469.3851264,16.16126718,1.343877081,22.3,17.175813200000004,-0.8130546499999998
183.0,431.4543011,15.52925641,1.790177408,471.0081253,16.29534928,1.337764994,22.3,17.253824200000007,-0.7660928699999996
183.10000000000002,433.0171907,15.70624801,1.749654606,472.6445019,16.42882018,1.331652906,22.3,17.327311200000008,-0.7225721699999994
183.20000000000002,434.5975768,15.87918733,1.709131805,474.294195,16.56167986,1.325425665,22.3,17.39661819999999,-0.6824925300000011
183.3,436.1950543,16.04807437,1.668609004,475.9571434,16.69392834,1.318507496,22.3,17.462089100000025,-0.645853970000001
183.4,437.8092178,16.21290913,1.628082578,477.6332862,16.82556561,1.310207475,22.3,17.524068399999987,-0.6126564800000018
183.5,439.4396622,16.37369161,1.587534404,479.3225622,16.95652258,1.299834675,22.3,17.582900000000006,-0.5828309699999998
183.60000000000002,441.0859823,16.53042181,1.546942735,481.0249102,17.08645378,1.28669817,22.3,17.63892790000001,-0.5560319699999994
183.70000000000002,442.7477727,16.68309756,1.506285823,482.7402691,17.21494466,1.270107032,22.3,17.692496399999992,-0.5318471000000002
183.8,444.4246284,16.83170798,1.46554192,484.4685778,17.34158067,1.24948549,22.3,17.743949399999973,-0.5098726899999981
183.9,446.116144,16.97624001,1.424689279,486.2097199,17.46594724,1.22471839,22.3,17.79357589999996,-0.48970722999999694
184.0,447.8219143,17.11668063,1.383709776,487.963358,17.58762983,1.195920886,22.3,17.841443700000024,-0.47094919999999973
184.10000000000002,449.5415323,17.25301677,1.342599787,489.7290992,17.70621387,1.163668749,22.3,17.887566900000035,-0.4531971000000006
184.20000000000002,451.2745842,17.38523538,1.301362936,491.5065508,17.82128482,1.128652908,22.3,17.93196660000002,-0.4360494399999979
184.3,453.0206542,17.51332342,1.260017346,493.29532,17.9324972,1.091564287,22.3,17.97466579999998,-0.4191737800000013
184.4,454.7793268,17.63726785,1.218584766,495.095014,18.03978192,1.053093813,22.3,18.015687200000013,-0.4025140699999987
184.5,456.5501862,17.75705778,1.177086943,496.9052402,18.14313899,1.013932413,22.3,18.055053999999995,-0.3860812100000004
184.60000000000002,458.3328167,17.87269104,1.135545624,498.7256057,18.2425684,0.974655858,22.3,18.092788999999993,-0.36987736000000027
184.70000000000002,460.1268027,17.98416763,1.093982557,500.5557177,18.33807016,0.935379304,22.3,18.128915000000017,-0.35390252999999916
184.8,461.9317285,18.09148755,1.052415866,502.3951835,18.42964426,0.896102749,22.3,18.163454999999953,-0.3381567099999998
184.9,463.7471785,18.1946508,1.010849175,504.2436104,18.51729071,0.856826195,22.3,18.196431900000004,-0.3226399099999995
185.0,465.572737,18.29365738,0.969282484,506.1006055,18.6010095,0.81754964,22.3,18.227868499999953,-0.3073521200000009
185.10000000000002,467.4079883,18.3885073,0.927715793,507.9657761,18.68080064,0.778273086,22.3,18.257787800000028,-0.2922933400000005
185.20000000000002,469.2525168,18.47920054,0.886149102,509.8387294,18.75666412,0.739051295,22.3,18.286212599999953,-0.27746357999999915
185.3,471.1059068,18.56573712,0.844582411,511.7190728,18.82859994,0.700158084,22.3,18.313165999999978,-0.2628628199999987
185.4,472.9677426,18.64811702,0.80301572,513.6064133,18.89660811,0.661922034,22.3,18.338670699999977,-0.24849108999999814
185.5,474.8376085,18.72634026,0.761453948,515.5003582,18.96072149,0.624671727,22.3,18.362749700000062,-0.23438123000000033
185.60000000000002,476.715089,18.80040683,0.719921688,517.4005148,19.02110435,0.588735741,22.3,18.385425800000018,-0.22069752000000165
185.70000000000002,478.5997682,18.87031673,0.678448452,519.3064903,19.07795386,0.554442658,22.3,18.40672209999992,-0.20763713000000195
185.8,480.4912306,18.93607291,0.637063754,521.217892,19.13146716,0.522066294,22.3,18.42666140000001,-0.19539424999999966
185.9,482.3890606,18.99769013,0.595797105,523.1343533,19.18184139,0.491661414,22.3,18.44529270000005,-0.18415126000000015
186.0,484.2928423,19.05518609,0.554678018,525.0556129,19.22927371,0.463173254,22.3,18.46277060000001,-0.17408762000000166
186.10000000000002,486.2021602,19.10857851,0.513731087,526.9814358,19.27396126,0.436327996,22.3,18.479275600000005,-0.16538274999999913
186.20000000000002,488.1166009,19.15788509,0.472961229,528.911587,19.3161012,0.41079706,22.3,18.494986100000073,-0.1582161099999979
186.3,490.0357606,19.20312354,0.432363527,530.8458313,19.35585781,0.386251866,22.3,18.510070699999982,-0.15273426999999984
186.4,491.9592378,19.24431156,0.391913387,532.7839338,19.39326395,0.362363833,22.3,18.524696000000016,-0.1489523900000016
186.5,493.886631,19.28146687,0.351581296,534.7256593,19.42831963,0.338804381,22.3,18.539028299999938,-0.14685276000000158
186.60000000000002,495.8175387,19.31460421,0.311337743,536.6707729,19.46102483,0.315299692,22.3,18.553234199999974,-0.14642062000000067
186.70000000000002,497.7515594,19.34372654,0.271153214,538.6190395,19.49137956,0.291795003,22.3,18.567480099999965,-0.1476530199999999
186.8,499.6882915,19.36883387,0.230998197,540.5702241,19.51938383,0.268290313,22.3,18.581932600000027,-0.15054995999999932
186.9,501.6273337,19.38992618,0.190848099,542.5240915,19.54503763,0.244785624,22.3,18.596757800000045,-0.1551114499999997
187.0,503.5682843,19.40700349,0.150698001,544.4804068,19.56834095,0.221280935,22.3,18.612122499999952,-0.1613374599999986
187.10000000000002,505.5107419,19.42006578,0.110547903,546.438935,19.58929381,0.197776246,22.3,18.628193099999987,-0.1692280299999993
187.20000000000002,507.4543049,19.42911307,0.070397805,548.3994408,19.6078962,0.174200895,22.3,18.645135899999968,-0.17878312999999935
187.3,509.398572,19.43414535,0.030247707,550.3616894,19.62414812,0.150201566,22.3,18.663117400000043,-0.19000276999999954
187.4,511.3431415,19.43516261,-0.00990239,552.3254457,19.63804958,0.125354286,22.3,18.682304200000043,-0.20288697000000155
187.5,513.287612,19.43216487,-0.049920296,554.2904746,19.64955816,0.099235076,22.3,18.70286260000007,-0.2173932900000004
187.60000000000002,515.231582,19.42515211,-0.089145049,556.256541,19.65846189,0.071419961,22.3,18.724958999999966,-0.23330978000000258
187.70000000000002,517.1746499,19.41412435,-0.126783495,558.22341,19.66450638,0.041484964,22.3,18.74876009999998,-0.25038202999999726
187.8,519.1164144,19.39916089,-0.162042482,560.1908465,19.66743725,0.009076771,22.3,18.774432099999967,-0.268276359999998
187.9,521.0564738,19.38065832,-0.194128855,562.1585815,19.6670001,-0.025875279,22.3,18.80210769999992,-0.28634178000000077
188.0,522.9944266,19.35909251,-0.222249464,564.1262104,19.66294056,-0.063300525,22.3,18.831783799999993,-0.30384804999999915
188.10000000000002,524.9298715,19.33493938,-0.245743345,566.0932945,19.65500423,-0.102845652,22.3,18.863422999999965,-0.32006484999999785
188.20000000000002,526.8624702,19.3086748,-0.264478307,568.0593955,19.64293673,-0.144086685,22.3,18.89692530000009,-0.33426193000000026
188.3,528.7921387,19.28077467,-0.278586542,570.0240747,19.62652607,-0.186599647,22.3,18.931936000000018,-0.34575140000000104
188.4,530.718856,19.25171489,-0.288729011,571.9868935,19.60572986,-0.229960561,22.3,18.96803749999999,-0.3540149700000015
188.5,532.6426014,19.22197133,-0.295698868,573.9474134,19.58054809,-0.273745452,22.3,19.00481199999997,-0.3585767600000018
188.60000000000002,534.5633542,19.19194059,-0.300289265,575.9051959,19.55098077,-0.317601005,22.3,19.041841699999917,-0.3590401799999974
188.70000000000002,536.4810935,19.16170197,-0.303293356,577.8598024,19.51702789,-0.361456559,22.3,19.07870889999999,-0.35532592000000207
188.8,538.3957985,19.13125548,-0.305504293,579.8107942,19.47868946,-0.405312112,22.3,19.114995700000076,-0.34743397999999814
188.9,540.3074485,19.10060111,-0.307583038,581.757733,19.43596547,-0.449167666,22.3,19.150284500000065,-0.3353643599999998
189.0,542.2160227,19.06973887,-0.309661784,583.7001801,19.38885592,-0.49302322,22.3,19.184157399999958,-0.3191170500000027
189.10000000000002,544.1215002,19.03866876,-0.311740529,585.637697,19.33736082,-0.536878773,22.3,19.216196799999988,-0.2986920600000005
189.20000000000002,546.0238604,19.00739077,-0.313819274,587.5698451,19.28148017,-0.580734327,22.3,19.245984699999962,-0.2740893999999976
189.3,547.9230823,18.9759049,-0.31589802,589.4961858,19.22121396,-0.623816185,22.3,19.2731035,-0.2453090600000003
189.4,549.8191453,18.94421116,-0.317638965,591.4162806,19.15656219,-0.658886371,22.3,19.297135300000104,-0.21235103000000066
189.5,551.7120285,18.91230955,-0.319362595,593.329691,19.08752487,-0.691411211,22.3,19.31766250000005,-0.1752153199999995
189.60000000000002,553.6017111,18.88020006,-0.320971054,595.2359784,19.01456621,-0.706640033,22.3,19.334267300000032,-0.13436615000000174
189.70000000000002,555.4881725,18.84808538,-0.320287197,597.1347042,18.942029,-0.703300165,22.3,19.346531699999968,-0.093943620000001
189.8,557.3713916,18.81577321,-0.316986136,599.0254299,18.86663344,-0.676749435,22.3,19.35403829999991,-0.050860230000001394
189.9,559.2513479,18.78332227,-0.310195472,600.9077169,18.79722994,-0.623119364,22.3,19.356368999999926,-0.013907670000001815
190.0,561.1280204,18.75203884,-0.299380603,602.781498,18.73458209,-0.545005757,22.3,19.353477600000087,0.01745675000000091
190.10000000000002,563.0013885,18.72211787,-0.283348643,604.6481916,18.68147521,-0.433073811,22.3,19.346803100000056,0.04064266000000316
190.20000000000002,564.8715011,18.69408278,-0.261325047,606.5095874,18.64069459,-0.301300502,22.3,19.33808629999994,0.053388189999999724
190.3,566.7386863,18.66845702,-0.234759961,608.367475,18.61502555,-0.150958502,22.3,19.328788699999972,0.053431470000003145
190.4,568.6033422,18.64576402,-0.20383287,610.2236441,18.60678915,0.013310015,22.3,19.320301899999958,0.03897487000000055
190.5,570.4658667,18.62652724,-0.169416176,612.0798844,18.61644964,0.186862878,22.3,19.314017699999976,0.010077600000002462
190.60000000000002,572.3266578,18.61118287,-0.132382278,613.9379855,18.64400699,0.365057913,22.3,19.311327699999946,-0.03282412000000079
190.70000000000002,574.1861135,18.59981814,-0.093603579,615.7997373,18.68946122,0.544026644,22.3,19.313623799999913,-0.08964307999999832
190.8,576.0446317,18.59243307,-0.053952478,617.6669294,18.75281232,0.722995374,22.3,19.32229769999999,-0.16037925000000186
190.9,577.9026103,18.58902765,-0.014155977,619.5413513,18.83406029,0.901964105,22.3,19.33874099999998,-0.24503264000000158
191.0,579.7604474,18.58960188,0.025640523,621.424793,18.93320514,1.080932836,22.3,19.364345600000046,-0.3436032599999983
191.10000000000002,581.6185408,18.59415575,0.065437024,623.3190439,19.05024686,1.259901566,22.3,19.40050309999999,-0.4560911100000027
191.20000000000002,583.4772887,18.60268928,0.105233524,625.2258939,19.18518545,1.438870297,22.3,19.44860519999993,-0.5824961699999989
191.3,585.3370889,18.61520246,0.145030025,627.1471326,19.33802092,1.616571174,22.3,19.510043699999937,-0.7228184600000027
191.4,587.1983393,18.63169529,0.184826526,629.0845497,19.50875326,1.786664928,22.3,19.58621039999998,-0.8770579699999992
191.5,589.0614381,18.65216776,0.224623026,631.0399348,19.69738247,1.941544437,22.3,19.678496699999936,-1.0452147099999998
191.60000000000002,590.9267831,18.67661989,0.263956564,633.0150777,19.90314785,2.073602579,22.3,19.78829460000004,-1.2265279599999985
191.70000000000002,592.7947723,18.70505167,0.300512328,635.0117681,20.12224582,2.17523223,22.3,19.916995800000063,-1.4171941500000003
191.8,594.6658036,18.7374631,0.329821103,637.0317956,20.35011212,2.238826269,22.3,20.065992000000005,-1.6126490199999992
191.9,596.540275,18.7735764,0.354179431,639.0769499,20.58218247,2.258045425,22.3,20.236674900000093,-1.8086060699999997
192.0,598.4185846,18.81200268,0.365735221,641.1484122,20.8138926,2.231621846,22.3,20.42982760000002,-2.00188992
192.10000000000002,600.3011302,18.85006043,0.363402138,643.2449292,21.04067823,2.160823386,22.3,20.643799000000012,-2.190617800000002
192.20000000000002,602.1883098,18.88912755,0.344865368,645.3646393,21.2579751,2.051989313,22.3,20.876329500000065,-2.368847549999998
192.3,604.0802992,18.9244928,0.30966195,647.5056808,21.46121893,1.912726749,22.3,21.125381600000036,-2.5367261300000017
192.4,605.9763852,18.95550438,0.259946284,649.6661918,21.64660615,1.750642818,22.3,21.389806599999996,-2.6911017699999995
192.5,607.8756325,18.98049562,0.192958867,651.8443107,21.81337606,1.573344642,22.3,21.6686782,-2.8328804400000003
192.60000000000002,609.7771056,18.99779985,0.116551789,654.0381757,21.96152865,1.388439343,22.3,21.961070099999983,-2.963728800000002
192.70000000000002,611.6798693,19.0060282,0.031811388,656.2459251,22.09106392,1.20226619,22.3,22.26605580000007,-3.0850357200000005
192.8,613.5829881,19.00490287,-0.058484564,658.4656971,22.20198189,1.016093037,22.3,22.58270900000009,-3.1970790200000003
192.9,615.4855267,18.99442388,-0.15155829,660.6956301,22.29428253,0.829919885,22.3,22.91010339999998,-3.299858650000001
193.0,617.3865497,18.97459121,-0.245094979,662.9338623,22.36796586,0.643746732,22.3,23.24731259999994,-3.393374650000002
193.10000000000002,619.2851218,18.94540488,-0.338631667,665.1785319,22.42303188,0.457573579,22.3,23.593410100000096,-3.4776269999999982
193.20000000000002,621.1803075,18.90686488,-0.432168356,667.4277773,22.45948058,0.271400426,22.3,23.947469799999975,-3.5526157000000005
193.3,623.0711716,18.85897121,-0.525705045,669.6797367,22.47731196,0.085227274,22.3,24.308565100000077,-3.6183407500000015
193.4,624.9567786,18.80172387,-0.619241733,671.9325484,22.47652603,-0.100018172,22.3,24.675769799999966,-3.6748021599999987
193.5,626.8361932,18.73512286,-0.712778422,674.1843506,22.45712279,-0.279697379,22.3,25.04815739999999,-3.721999929999999
193.60000000000002,628.70848,18.65916819,-0.804906404,676.4332816,22.41910223,-0.448244106,22.3,25.424801599999977,-3.759934040000001
193.70000000000002,630.5727037,18.57385984,-0.884971863,678.6774797,22.36302097,-0.600092115,22.3,25.804776000000015,-3.78916113
193.8,632.4279288,18.47919783,-0.954414868,680.9150831,22.29166215,-0.733484616,22.3,26.18715429999993,-3.81246432
193.9,634.2732201,18.37602737,-0.996767954,683.1442301,22.2083655,-0.831427018,22.3,26.571009999999955,-3.83233813
194.0,636.1076421,18.27074075,-1.00437354,685.3630591,22.11647076,-0.90070914,22.3,26.955416999999965,-3.845730009999997
194.10000000000002,637.9302595,18.16247394,-0.969717927,687.5701535,22.01703202,-0.936593824,22.3,27.339893999999912,-3.854558079999997
194.20000000000002,639.7401369,18.06110741,-0.885757583,689.7658781,21.92024602,-0.940008778,22.3,27.72574119999997,-3.8591386099999987
194.3,641.5370151,17.97123572,-0.754694085,691.951043,21.82259549,-0.915592533,22.3,28.114027900000064,-3.851359770000002
194.4,643.3233397,17.89736707,-0.568043831,694.1264582,21.72970586,-0.86510188,22.3,28.50311849999998,-3.832338789999998
194.5,645.1022323,17.84457282,-0.340865579,696.2929338,21.64436023,-0.805531409,22.3,28.890701500000045,-3.7997874100000004
194.60000000000002,646.8768147,17.8179243,-0.080816909,698.4512799,21.56711524,-0.731019009,22.3,29.274465200000076,-3.7491909399999983
194.70000000000002,648.6502086,17.82164764,0.204588479,700.6023065,21.49797089,-0.650940369,22.3,29.652097900000012,-3.676323250000003
194.8,650.4255357,17.85658807,0.506898346,702.7468238,21.43692717,-0.569934022,22.3,30.02128810000006,-3.5803390999999998
194.9,652.2059177,17.92274557,0.817660453,704.8856417,21.38398409,-0.488927675,22.3,30.379723999999964,-3.4612385199999984
195.0,653.9944763,18.02012016,1.129831267,707.0195703,21.33914164,-0.407921329,22.3,30.72509400000008,-3.31902148
195.10000000000002,655.7943332,18.14871182,1.442002081,709.1494197,21.30239982,-0.326914982,22.3,31.05508649999997,-3.1536880000000025
195.20000000000002,657.6086101,18.30852057,1.754172895,711.2759999,21.27375864,-0.245908636,22.3,31.367389800000023,-2.9652380700000016
195.3,659.4404288,18.4995464,2.066343708,713.4001211,21.25321809,-0.164902289,22.3,31.659692300000028,-2.753671690000001
195.4,661.2929109,18.72178931,2.378514522,715.5225932,21.24077818,-0.083538111,22.3,31.92968229999992,-2.518988870000001
195.5,663.1691781,18.97524931,2.690685336,717.6442264,21.2364389,-2.69e-05,22.3,32.17504830000003,-2.2611895900000007
195.60000000000002,665.0723522,19.25992638,3.00050586,719.7658307,21.24020026,0.087778207,22.3,32.393478500000086,-1.9802738800000022
195.70000000000002,667.0055548,19.57582054,3.296224649,721.8882161,21.25227695,0.182024326,22.3,32.5826613,-1.6764564100000001
195.8,668.9719077,19.92293177,3.563739966,724.0121928,21.27374247,0.284858406,22.3,32.74028510000001,-1.3508106999999967
195.9,670.9745326,20.29984992,3.788950075,726.1385708,21.30588502,0.398427436,22.3,32.86403820000005,-1.0060351000000018
196.0,673.0165512,20.6995241,3.957753241,728.2681601,21.34999278,0.524520576,22.3,32.95160890000007,-0.6504686799999995
196.10000000000002,675.1010852,21.11349329,4.056047728,730.4019426,21.40735395,0.663495657,22.3,33.00085739999993,-0.29386066
196.20000000000002,677.2312563,21.53329643,4.07208209,732.5415872,21.47925672,0.814994847,22.3,33.01033089999994,0.054039710000001406
196.3,679.409058,21.95047248,4.003506036,734.6889344,21.5669893,0.977228988,22.3,32.97987640000004,0.3834831799999989
196.4,681.6319715,22.35656041,3.852669857,736.8458249,21.67183987,1.148051089,22.3,32.913853400000065,0.6847205400000007
196.5,683.8963495,22.74309917,3.631324999,739.0140993,21.79488192,1.325314161,22.3,32.81774979999996,0.948217249999999
196.60000000000002,686.1985449,23.10162773,3.353573197,741.1955982,21.93633017,1.506871213,22.3,32.69705329999995,1.165297559999999
196.70000000000002,688.5349106,23.4250952,3.033516189,743.3921622,22.0961846,1.690575256,22.3,32.55725160000004,1.3289106000000004
196.8,690.9017996,23.71209143,2.685255708,745.605632,22.27444522,1.87463713,22.3,32.40383240000001,1.4376462100000005
196.9,693.2955645,23.9626164,2.322893492,747.8378482,22.47111203,2.058699004,22.3,32.2422837000001,1.4915043700000012
197.0,695.7125585,24.17667012,1.958180986,750.0906513,22.68618502,2.242760878,22.3,32.07809279999999,1.4904851000000008
197.10000000000002,698.1491342,24.3542526,1.59346848,752.3658821,22.9196642,2.426822752,22.3,31.916747899999972,1.434588399999999
197.20000000000002,700.6016446,24.49536382,1.228755974,754.6653811,23.17154957,2.610884626,22.3,31.763736500000004,1.3238142500000016
197.3,703.0664426,24.60000379,0.864043469,756.9909889,23.44184113,2.7949465,22.3,31.624546300000087,1.1581626599999986
197.4,705.539881,24.66817251,0.499330963,759.3445462,23.73053887,2.977874021,22.3,31.50466519999993,0.9376336400000014
197.5,708.0183127,24.69986998,0.134618457,761.7278936,24.0376428,3.153995427,22.3,31.40958089999999,0.6622271799999986
197.60000000000002,710.4980906,24.69509621,-0.226914365,764.1428717,24.36315292,3.316504604,22.3,31.344781100000045,0.3319432899999981
197.70000000000002,712.9755676,24.65385117,-0.569369087,766.5913211,24.70638861,3.458595435,22.3,31.315753499999982,-0.05253744000000182
197.8,715.4470965,24.57613489,-0.873667608,769.0750824,25.06394683,3.573461805,22.3,31.327985899999998,-0.4878119400000003
197.9,717.9090302,24.46385517,-1.120731827,771.5959963,25.43174389,3.654297601,22.3,31.386966100000063,-0.9678887200000013
198.0,720.3577216,24.32655106,-1.291483645,774.1559034,25.80569613,3.695431058,22.3,31.498181800000065,-1.4791450700000013
198.10000000000002,722.7895235,24.17566942,-1.36684496,776.7560998,26.18171989,3.695727825,22.3,31.66657630000004,-2.0060504700000017
198.20000000000002,725.2007889,24.02265711,-1.330917355,779.3957037,26.55573148,3.656322254,22.3,31.89491479999999,-2.533074369999998
198.3,727.5893968,23.87896099,-1.180521148,782.0732887,26.92364725,3.582886108,22.3,32.183891900000006,-3.044686259999999
198.4,729.9593315,23.75602792,-0.918836022,784.7874286,27.28138352,3.482225501,22.3,32.52809710000004,-3.5253555999999975
198.5,732.3161031,23.66530476,-0.561760392,787.536697,27.62553724,3.361146549,22.3,32.92059390000004,-3.9602324799999984
198.60000000000002,734.6652222,23.61823837,-0.128372361,790.3196676,27.9554278,3.226455367,22.3,33.35444539999999,-4.337189429999999
198.70000000000002,737.012199,23.62436781,0.362249971,793.1349141,28.27105519,3.084958069,22.3,33.82271509999994,-4.6466873799999995
198.8,739.3625439,23.68560087,0.891028505,795.9810102,28.57241941,2.94232642,22.3,34.318466300000026,-4.88681854
198.9,741.7217673,23.80193757,1.438885138,798.8565296,28.85952047,2.79969477,22.3,34.83476230000004,-5.0575829
199.0,744.0953796,23.9733779,1.989921456,801.7600459,29.13235836,2.65706312,22.3,35.364666300000025,-5.158980460000002
199.10000000000002,746.4888911,24.19992186,2.540957773,804.6901328,29.39093309,2.51443147,22.3,35.90124169999997,-5.191011230000001
199.20000000000002,748.9078122,24.48156946,3.09199409,807.6453641,29.63524466,2.371799821,22.3,36.43755190000009,-5.153675200000002
199.3,751.3576532,24.81832068,3.643030408,810.6243134,29.86529306,2.229168171,22.3,36.96666020000005,-5.04697238
199.4,753.8439245,25.21017554,4.194066725,813.6255543,30.08107829,2.086536521,22.3,37.48162980000002,-4.870902749999999
199.5,756.3721365,25.65713403,4.745103042,816.6476606,30.28260036,1.943999558,22.3,37.97552409999999,-4.625466329999998
199.60000000000002,758.9477995,26.15919615,5.29613936,819.689206,30.46985927,1.80203071,22.3,38.44140650000004,-4.310663120000001
199.70000000000002,761.5764239,26.7163619,5.842717878,822.748764,30.64285501,1.661198095,22.3,38.872340100000045,-3.9264931100000027
199.8,764.26352,27.32863128,6.362549598,825.8249085,30.80164439,1.522069829,22.3,39.261388500000024,-3.47301311
199.9,767.0145983,27.9960043,6.828887724,828.9162131,30.94651148,1.385214029,22.3,39.601614800000064,-2.9505071800000024
200.0,769.8351691,28.71580626,7.214985459,832.0212515,31.07779715,1.251198809,22.3,39.88608239999992,-2.3619908899999977
200.10000000000002,772.7307427,29.47466378,7.494096004,835.1385974,31.19584226,1.120497602,22.3,40.10785470000003,-1.721178479999999
200.20000000000002,775.7068295,30.25652878,7.639472563,838.2668698,31.30098768,0.993205092,22.3,40.26004029999997,-1.0444588999999986
200.3,778.7689399,31.04535317,7.628826139,841.4048698,31.39357429,0.869226594,22.3,40.33592990000007,-0.3482211200000016
200.4,781.9204445,31.82508888,7.457698931,844.5514437,31.47394295,0.748088678,22.3,40.33099920000002,0.3511459299999977
200.5,785.1561549,32.57968783,7.130548739,847.7054378,31.54243454,0.629223226,22.3,40.24928289999998,1.0372532899999989
200.60000000000002,788.4687431,33.29310195,6.669664561,850.8656987,31.59933311,0.512062124,22.3,40.09695560000007,1.6937688400000006
200.70000000000002,791.8508808,33.94928314,6.101793194,854.0310726,31.64469547,0.396037254,22.3,39.88019179999999,2.30458767
200.8,795.2952402,34.53485802,5.453681435,857.2004059,31.67852162,0.2805805,22.3,39.6051657,2.8563364
200.9,798.794493,35.04715191,4.752076082,860.372545,31.70081157,0.165218433,22.3,39.27805199999996,3.3463403399999976
201.0,802.3413111,35.4861648,4.023723932,863.5463363,31.71156531,0.049856365,22.3,38.905025200000026,3.7745994899999964
201.10000000000002,805.9283664,35.8518967,3.290913982,866.7206262,31.71078284,-0.065505702,22.3,38.492259800000014,4.141113859999997
201.20000000000002,809.5483309,36.1443476,2.558104032,869.894261,31.69846417,-0.18086777,22.3,38.045930100000035,4.445883430000002
201.3,813.1938764,36.3635175,1.825294082,873.0660871,31.67460929,-0.296229837,22.3,37.572210699999985,4.688908210000001
201.4,816.8576749,36.50940641,1.092484132,876.2349509,31.6392182,-0.411591905,22.3,37.07727599999994,4.8701882099999985
201.5,820.5323982,36.58201433,0.359674182,879.3996988,31.5922909,-0.526465697,22.3,36.567300600000024,4.9897234300000015
201.60000000000002,824.2107183,36.58134125,-0.373135768,882.5591772,31.5338274,-0.638409837,22.3,36.04845889999997,5.047513850000001
201.70000000000002,827.885307,36.50738718,-1.102444187,885.7122324,31.4638277,-0.744494675,22.3,35.52692539999994,5.0435594800000025
201.8,831.5488362,36.36015211,-1.810743423,888.8577109,31.38258475,-0.841790556,22.3,35.00887470000005,4.977567360000002
201.9,835.1939779,36.13963604,-2.477024293,891.9944589,31.29156338,-0.927367832,22.3,34.50048099999999,4.84807266
202.0,838.8134039,35.8479399,-3.080277613,895.1213229,31.19252139,-1.001189716,22.3,34.00791899999997,4.6554185100000005
202.10000000000002,842.3997862,35.49556827,-3.61532353,898.2371493,31.08721657,-1.052136229,22.3,33.537363100000064,4.408351700000001
202.20000000000002,845.9457966,35.09512667,-4.013664873,901.3410187,30.97740671,-1.088397701,22.3,33.09522209999996,4.117719959999999
202.3,849.444107,34.65922061,-4.305281977,904.4329496,30.86311387,-1.107569537,22.3,32.6888426,3.796106739999999
202.4,852.8890702,34.19095799,-4.470843981,907.5131943,30.75130301,-1.112093114,22.3,32.32412410000002,3.4396549800000003
202.5,856.2817616,33.73143712,-4.513852418,910.5820057,30.63852476,-1.104898085,22.3,32.00024409999999,3.0929123600000032
202.60000000000002,859.6249375,33.26477071,-4.451814938,913.6396362,30.52797967,-1.086021232,22.3,31.714698700000053,2.73679104
202.70000000000002,862.9213544,32.81306189,-4.289911397,916.6863386,30.4199607,-1.067070813,22.3,31.464984199999957,2.3931011899999994
202.8,866.1737684,32.38681522,-4.096638964,919.7223653,30.31446785,-1.042297873,22.3,31.248596900000006,2.072347370000003
202.9,869.3849359,31.98813164,-3.845518836,922.7479691,30.21150113,-1.017036658,22.3,31.063033200000017,1.7766305100000004
203.0,872.5576132,31.61701115,-3.573389525,925.7634025,30.11106052,-0.991775443,22.3,30.90578929999999,1.505950630000001
203.10000000000002,875.6945565,31.27345374,-3.297758683,928.7689181,30.01314604,-0.966514228,22.3,30.774361599999974,1.260307700000002
203.20000000000002,878.7985224,30.95745941,-3.022127841,931.7647686,29.91775768,-0.941253013,22.3,30.6662462,1.0397017299999973
203.3,881.8722669,30.66902817,-2.746497,934.7512066,29.82489544,-0.915991798,22.3,30.578939700000046,0.8441327300000019
203.4,884.9185464,30.40816001,-2.470866158,937.7284846,29.73455932,-0.890730583,22.3,30.509938200000033,0.6736006900000007
203.5,887.9401173,30.17485494,-2.195235316,940.6968554,29.64674932,-0.865781846,22.3,30.456738100000006,0.528105619999998
203.60000000000002,890.9397359,29.96911295,-1.919604474,943.6565714,29.56146544,-0.842707971,22.3,30.4168355,0.4076475100000003
203.70000000000002,893.9201584,29.79093404,-1.645403144,946.6078854,29.47870769,-0.824630469,22.3,30.387726999999995,0.31222634999999954
203.8,896.8841412,29.64031822,-1.379778882,949.5510499,29.39828857,-0.809684267,22.3,30.366908699999907,0.24202965000000276
203.9,899.8344405,29.51726549,-1.131308758,952.4863176,29.31927065,-0.803484163,22.3,30.351877099999978,0.19799483999999978
204.0,902.7738127,29.42091813,-0.908569839,955.413941,29.23978104,-0.806658377,22.3,30.340128300000014,0.18113709
204.10000000000002,905.7050141,29.34698761,-0.715203633,958.3341727,29.16093876,-0.820769293,22.3,30.32915859999998,0.18604884999999882
204.20000000000002,908.630801,29.2903277,-0.574593892,961.2471155,29.07937495,-0.84612939,22.3,30.31631449999993,0.21095275000000058
204.3,911.5539297,29.24579214,-0.47908149,964.1522719,28.99471266,-0.881179545,22.3,30.298342199999933,0.2510794799999978
204.4,914.4764704,29.21119604,-0.435031499,967.0489947,28.90582699,-0.928097308,22.3,30.27252429999994,0.3053690499999995
204.5,917.3977485,29.17250915,-0.441014408,969.9366364,28.81159302,-0.981267879,22.3,30.238887899999963,0.36091612999999967
204.60000000000002,920.3164033,29.13346923,-0.48988266,972.8145499,28.71107331,-1.04006304,22.3,30.198146599999927,0.4223959199999996
204.70000000000002,923.2310742,29.08596871,-0.577994747,975.6820877,28.60408038,-1.102607928,22.3,30.151013500000044,0.4818883300000003
204.8,926.1404005,29.02571905,-0.681966918,978.5386026,28.49061422,-1.167027679,22.3,30.098202099999934,0.5351048299999981
204.9,929.0430214,28.95186255,-0.808028787,981.3834472,28.37067484,-1.231759908,22.3,30.040425799999934,0.5811877100000018
205.0,931.9375764,28.8643992,-0.942667725,984.2159741,28.24426224,-1.296492136,22.3,29.978397700000027,0.62013696
205.10000000000002,934.8227047,28.763329,-1.078736173,987.0355362,28.11137641,-1.361224365,22.3,29.912831499999992,0.6519525900000005
205.20000000000002,937.6970456,28.64865196,-1.214804622,989.841486,27.97201736,-1.425956594,22.3,29.844440400000007,0.6766345999999999
205.3,940.5592385,28.52036808,-1.350873071,992.6331763,27.82618509,-1.490688822,22.3,29.773937799999953,0.6941829900000016
205.4,943.4079227,28.37847735,-1.48694152,995.4099597,27.6738796,-1.555421051,22.3,29.702036999999972,0.7045977500000014
205.5,946.2417374,28.22297977,-1.623009969,998.1711888,27.51510088,-1.62015328,22.3,29.629451399999947,0.7078788899999999
205.60000000000002,949.059322,28.05387535,-1.759078418,1000.916216,27.34984894,-1.684258097,22.3,29.55689400000001,0.7040264099999973
205.70000000000002,951.8593159,27.87116409,-1.895146867,1003.644395,27.17812378,-1.74459845,22.3,29.485079100000075,0.6930403100000007
205.8,954.6403583,27.67484598,-2.0303778,1006.355078,26.9999254,-1.796247414,22.3,29.414719700000045,0.674920580000002
205.9,957.4010885,27.46492102,-2.160583638,1009.047617,26.81563023,-1.838927898,22.3,29.34652849999993,0.6492907899999985
206.0,960.1401459,27.24138923,-2.280739288,1011.721365,26.62712053,-1.865388064,22.3,29.281219099999998,0.6142687000000002
206.10000000000002,962.8561698,27.00475309,-2.385819653,1014.375675,26.43735243,-1.873025903,22.3,29.219505200000025,0.5674006600000006
206.20000000000002,965.5477995,26.75752517,-2.470799639,1017.0099,26.2464922,-1.858704363,22.3,29.16210050000002,0.5110329700000023
206.3,968.2136742,26.50272052,-2.530654152,1019.623693,26.05889094,-1.82179603,22.3,29.110018799999988,0.44382957999999917
206.4,970.8524334,26.24335419,-2.561195613,1022.217913,25.87610985,-1.764090775,22.3,29.065479599999957,0.3672443400000027
206.5,973.4631184,25.98244124,-2.561586506,1024.793719,25.70040762,-1.685238279,22.3,29.030600600000025,0.28203362
206.60000000000002,976.0463784,25.72299673,-2.532664347,1027.352272,25.53404291,-1.592490379,22.3,29.005893600000103,0.18895381999999827
206.70000000000002,978.6032649,25.46803572,-2.478616714,1029.89473,25.37889797,-1.488449084,22.3,28.99146509999998,0.08913774999999902
206.8,981.1348293,25.22057327,-2.404468703,1032.422253,25.23534924,-1.376878858,22.3,28.987423699999976,-0.014775970000002303
206.9,983.6421228,24.98312191,-2.315245408,1034.936001,25.10339672,-1.261544167,22.3,28.993878199999994,-0.12027480999999796
207.0,986.1261968,24.75618416,-2.215971923,1037.437134,24.9830404,-1.145582066,22.3,29.01093720000001,-0.22685624000000004
207.10000000000002,988.5881028,24.53976002,-2.111673344,1039.926811,24.8742803,-1.029619964,22.3,29.03870820000004,-0.33452027999999956
207.20000000000002,991.028892,24.33384949,-2.006537249,1042.406192,24.77711641,-0.913657862,22.3,29.077299999999877,-0.4432669200000028
207.3,993.4496159,24.13845257,-1.901401154,1044.876437,24.69154873,-0.79769576,22.3,29.12682109999987,-0.5530961600000026
207.4,995.8513258,23.95356926,-1.796265058,1047.338704,24.61757726,-0.681733658,22.3,29.187378199999966,-0.6640080000000026
207.5,998.235073,23.77919956,-1.691128963,1049.794154,24.555202,-0.565771557,22.3,29.259080999999878,-0.7760024400000027
207.60000000000002,1000.601909,23.61534347,-1.585992868,1052.243946,24.50442295,-0.450758412,22.3,29.342037000000072,-0.8890794799999995
207.70000000000002,1002.952885,23.46200098,-1.480856773,1054.68924,24.46524011,-0.341439009,22.3,29.43635499999989,-1.0032391300000008
207.8,1005.289052,23.31917211,-1.375713899,1057.131196,24.43765348,-0.243507091,22.3,29.542144000000075,-1.1184813700000014
207.9,1007.611462,23.18685685,-1.270530348,1059.570973,24.42109368,-0.1626564,22.3,29.659511000000133,-1.2342368299999968
208.0,1009.921167,23.0650552,-1.165265443,1062.009731,24.41271385,-0.104580677,22.3,29.788564000000132,-1.3476586499999996
208.10000000000002,1012.219217,22.95377122,-1.059878509,1064.448629,24.40909774,-0.074973666,22.3,29.929412000000024,-1.4553265199999998
208.20000000000002,1014.506663,22.85302526,-0.954328868,1066.888827,24.40682911,-0.078580151,22.3,30.082163999999988,-1.5538038500000013
208.3,1016.784558,22.76284172,-0.848575844,1069.331029,24.4024917,-0.116349089,22.3,30.246470999999996,-1.639649979999998
208.4,1019.053953,22.68324501,-0.742585539,1071.774117,24.39266928,-0.187331524,22.3,30.420163999999954,-1.7094242699999995
208.5,1021.315902,22.61425953,-0.636351175,1074.216519,24.37394559,-0.28678267,22.3,30.60061700000001,-1.75968606
208.60000000000002,1023.571472,22.55590969,-0.52987953,1076.656659,24.3429044,-0.409008785,22.3,30.78518700000002,-1.7869947099999983
208.70000000000002,1025.821736,22.5082199,-0.423204502,1079.092966,24.29669883,-0.548316126,22.3,30.97122999999983,-1.7884789300000001
208.8,1028.067763,22.47121455,-0.316366768,1081.523866,24.23475951,-0.699010952,22.3,31.156102999999984,-1.7635449600000008
208.9,1030.310624,22.444914,-0.209407003,1083.947785,24.15708643,-0.85539952,22.3,31.337161000000105,-1.712172429999999
209.0,1032.551391,22.42932231,-0.102365886,1086.36315,24.0636796,-1.012737045,22.3,31.511758999999937,-1.6343572900000005
209.10000000000002,1034.791134,22.42443947,0.004715909,1088.768388,23.95453902,-1.17007457,22.3,31.677253999999902,-1.5300995499999992
209.20000000000002,1037.030925,22.43026549,0.111804483,1091.161925,23.82966469,-1.327412095,22.3,31.831000000000085,-1.3993992000000013
209.3,1039.271833,22.44680036,0.218893056,1093.542188,23.6890566,-1.48474962,22.3,31.97035499999988,-1.2422562399999997
209.4,1041.51493,22.4740441,0.32598163,1095.907603,23.53271476,-1.642087145,22.3,32.09267300000006,-1.0586706600000007
209.5,1043.761287,22.51199669,0.433070204,1098.256598,23.36063917,-1.79942467,22.3,32.195310999999904,-0.8486424799999988
209.60000000000002,1046.011975,22.56065814,0.540158778,1100.587598,23.17282983,-1.956762195,22.3,32.27562300000018,-0.6121716900000003
209.70000000000002,1048.268065,22.62002845,0.647247351,1102.89903,22.96928673,-2.112547739,22.3,32.33096500000006,-0.3492582800000008
209.8,1050.530626,22.69010761,0.753132156,1105.189322,22.75000989,-2.259021393,22.3,32.358695999999966,-0.05990228000000286
209.9,1052.800732,22.77089563,0.851794347,1107.456899,22.51499928,-2.381626893,22.3,32.3561670000001,0.2558963499999969
210.0,1055.079451,22.86239251,0.930409344,1109.700189,22.26518612,-2.486785477,22.3,32.32073799999985,0.5972063900000002
210.10000000000002,1057.367856,22.96387598,0.998560426,1111.917617,22.00522634,-2.549452128,22.3,32.24976099999999,0.9586496400000009
210.20000000000002,1059.667016,23.07173475,1.032219087,1114.107611,21.74385369,-2.565559332,22.3,32.140594999999806,1.3278810599999993
210.3,1061.978004,23.17827405,1.029764675,1116.268597,21.47721545,-2.527347183,22.3,31.990592999999944,1.7010585999999996
210.4,1064.301889,23.28924387,0.985178346,1118.399747,21.22033861,-2.433263697,22.3,31.79785799999986,2.068905260000001
210.5,1066.639165,23.39022708,0.897256331,1120.503211,20.97566369,-2.290105234,22.3,31.564045999999916,2.414563389999998
210.60000000000002,1068.988014,23.48025131,0.772804363,1122.581888,20.74877781,-2.089898572,22.3,31.293873999999914,2.7314735
210.70000000000002,1071.34604,23.55498299,0.601035393,1124.638672,20.54526812,-1.857688729,22.3,30.99263200000014,3.00971487
210.8,1073.710846,23.61008855,0.40597793,1126.67646,20.36979055,-1.597543219,22.3,30.66561399999996,3.2402979999999992
210.9,1076.080037,23.64195667,0.189252624,1128.698148,20.2232763,-1.318773929,22.3,30.318111,3.4186803700000006
211.0,1078.451217,23.6498651,-0.041917911,1130.706633,20.10572537,-1.030692751,22.3,29.955415999999968,3.5441397300000013
211.10000000000002,1080.82199,23.63381384,-0.28031106,1132.704811,20.01713775,-0.741059591,22.3,29.58282100000015,3.6166760899999986
211.20000000000002,1083.18996,23.59380289,-0.519907978,1134.695579,19.95751345,-0.451426431,22.3,29.205619000000024,3.6362894399999988
211.3,1085.552731,23.52983225,-0.759504896,1136.681833,19.92685247,-0.161793271,22.3,28.829102000000102,3.6029797799999983
211.4,1087.907906,23.44190191,-0.999101815,1138.666468,19.9251548,0.127839889,22.3,28.458561999999983,3.516747109999997
211.5,1090.253091,23.33001188,-1.238698733,1140.652382,19.95242045,0.417473049,22.3,28.099290999999948,3.377591429999999
211.60000000000002,1092.585889,23.19416216,-1.478295651,1142.64247,20.00864941,0.707106209,22.3,27.75658100000005,3.185512750000001
211.70000000000002,1094.903903,23.03435275,-1.717892569,1144.63963,20.09384169,0.99554837,22.3,27.435726999999996,2.9405110599999986
211.8,1097.204739,22.85058365,-1.955065921,1146.646757,20.20799728,1.276844538,22.3,27.14201799999996,2.64258637
211.9,1099.486,22.64285485,-2.177697876,1148.666748,20.35111619,1.543848719,22.3,26.880747999999993,2.29173866
212.0,1101.74529,22.41116637,-2.364243661,1150.702499,20.52248382,1.789414918,22.3,26.65720899999992,1.8886825499999986
212.10000000000002,1103.980213,22.15697233,-2.521172002,1152.756906,20.71852717,2.006397144,22.3,26.476693000000022,1.438445159999997
212.20000000000002,1106.188373,21.88754344,-2.612931378,1154.832866,20.93495864,2.195912921,22.3,26.34449300000001,0.9525848000000003
212.3,1108.367375,21.61580656,-2.631983766,1156.933275,21.16749064,2.327216698,22.3,26.265900000000055,0.44831591999999887
212.4,1110.514822,21.33788045,-2.566211335,1159.060457,21.41183557,2.423908033,22.3,26.245634999999947,-0.07395512000000082
212.5,1112.629481,21.07509603,-2.413190519,1161.214452,21.66866395,2.478914406,22.3,26.284970999999995,-0.5935679199999981
212.60000000000002,1114.714774,20.83197611,-2.182348257,1163.394724,21.91881384,2.498190811,22.3,26.379949999999962,-1.0868377299999992
212.70000000000002,1116.775283,20.61724553,-1.86479226,1165.60074,22.17287199,2.488883242,22.3,26.52545700000014,-1.5556264599999992
212.8,1118.815594,20.43962913,-1.496074046,1167.831967,22.42230728,2.449874173,22.3,26.716373000000157,-1.9826781499999981
212.9,1120.84029,20.3063976,-1.08373164,1170.087871,22.66640513,2.413100155,22.3,26.947580999999854,-2.3600075300000007
213.0,1122.853954,20.21900509,-0.642306438,1172.367917,22.90516551,2.360916624,22.3,27.213963000000103,-2.68616042
213.10000000000002,1124.861171,20.1774516,-0.186339839,1174.671572,23.13858845,2.307542095,22.3,27.510400999999955,-2.961136849999999
213.20000000000002,1126.866525,20.18173712,0.272050326,1176.998303,23.36667393,2.254167566,22.3,27.831778000000167,-3.18493681
213.3,1128.874599,20.23186167,0.730440492,1179.347576,23.58942196,2.200793037,22.3,28.1729769999999,-3.3575602899999986
213.4,1130.889978,20.32782522,1.188830657,1181.718856,23.80683254,2.147418507,22.3,28.52887800000003,-3.4790073199999973
213.5,1132.917245,20.4696278,1.647220823,1184.111611,24.01890566,2.094043978,22.3,28.894365999999945,-3.54927786
213.60000000000002,1134.960984,20.65726939,2.105610988,1186.525306,24.22564134,2.040669449,22.3,29.264321999999947,-3.5683719499999995
213.70000000000002,1137.025779,20.89074999,2.564001154,1188.959408,24.42703955,1.987456436,22.3,29.633628999999882,-3.53628956
213.8,1139.116214,21.17006962,3.022391319,1191.413383,24.62310032,1.935212519,22.3,29.997169000000167,-3.4530306999999993
213.9,1141.236873,21.49522826,3.477826181,1193.886697,24.81382363,1.884906797,22.3,30.349823999999852,-3.3185953700000006
214.0,1143.39234,21.86622592,3.915529226,1196.378816,24.9993064,1.837508366,22.3,30.68647599999981,-3.1330804799999967
214.10000000000002,1145.587199,22.28306259,4.317768635,1198.889208,25.18003318,1.793986323,22.3,31.002008999999997,-2.8969705899999987
214.20000000000002,1147.826033,22.7439651,4.666812591,1201.417337,25.35658541,1.755309765,22.3,31.291304000000036,-2.6126203100000005
214.3,1150.113427,23.24006753,4.944929275,1203.96267,25.52954457,1.722286272,22.3,31.549242999999887,-2.2894770399999977
214.4,1152.453965,23.7607308,5.13438687,1206.524751,25.69949211,1.695077362,22.3,31.770785999999998,-1.9387613100000003
214.5,1154.852229,24.29531581,5.220408861,1209.103435,25.86700949,1.673521517,22.3,31.95120599999991,-1.5716936799999992
214.60000000000002,1157.311386,24.83318348,5.200039946,1211.698651,26.03267817,1.656811158,22.3,32.087264999999846,-1.1994946900000016
214.70000000000002,1159.828928,25.36369471,5.076235426,1214.310333,26.19707959,1.643977186,22.3,32.181405,-0.8333848800000005
214.8,1162.400925,25.87621041,4.863771817,1216.93841,26.36069833,1.634050505,22.3,32.23748500000006,-0.48448792000000296
214.9,1165.023452,26.3600915,4.580380937,1219.582815,26.52363127,1.626062019,22.3,32.25936300000008,-0.16353976999999986
215.0,1167.69258,26.80647205,4.243794604,1222.243479,26.68587843,1.619042629,22.3,32.250899000000075,0.12059362000000107
215.10000000000002,1170.404383,27.2135789,3.871744635,1224.920334,26.84743979,1.612184756,22.3,32.21595099999986,0.36613911000000243
215.20000000000002,1173.154933,27.58141204,3.481962848,1227.61331,27.00831538,1.605326882,22.3,32.15837699999993,0.5730966600000009
215.3,1175.940302,27.90997147,3.089225758,1230.32234,27.16850517,1.598469009,22.3,32.08203799999997,0.741466299999999
215.4,1178.756564,28.19925719,2.696488668,1233.047354,27.32800918,1.591611135,22.3,31.990790000000015,0.8712480100000022
215.5,1181.599791,28.44926921,2.303751578,1235.788284,27.4868274,1.584753262,22.3,31.88849299999988,0.9624418100000014
215.60000000000002,1184.466055,28.66000751,1.911014488,1238.545062,27.64495983,1.577895388,22.3,31.77900699999982,1.0150476799999986
215.70000000000002,1187.351429,28.8314721,1.518277398,1241.317619,27.80240648,1.571037514,22.3,31.66618999999987,1.0290656200000008
215.8,1190.251986,28.96366299,1.125540309,1244.105887,27.95916733,1.563774394,22.3,31.55390099999995,1.00449566
215.9,1193.163798,29.05658017,0.734731763,1246.909796,28.1152424,1.554079791,22.3,31.44599799999987,0.9413377700000005
216.0,1196.082939,29.11022363,0.355494486,1249.729278,28.27063169,1.539522223,22.3,31.346339000000125,0.8395919400000018
216.10000000000002,1199.00548,29.12459339,-0.000600255,1252.564265,28.42509203,1.517670208,22.3,31.258784999999943,0.6995013600000028
216.20000000000002,1201.927494,29.10084657,-0.321981193,1255.414688,28.57740771,1.486092263,22.3,31.187194000000044,0.5234388600000024
216.3,1204.845055,29.0447688,-0.603091366,1258.280478,28.72611981,1.442356906,22.3,31.1354229999999,0.3186489899999998
216.4,1207.754234,28.96330284,-0.814316585,1261.161568,28.86976946,1.384437902,22.3,31.10733399999999,0.09353338000000022
216.5,1210.651104,28.86339145,-0.964057048,1264.057693,29.00689776,1.311930003,22.3,31.10658899999994,-0.14350630999999936
216.60000000000002,1213.532663,28.74836881,-1.044369903,1266.967813,29.13604583,1.225238457,22.3,31.13515000000002,-0.3876770200000017
216.70000000000002,1216.399613,28.63600344,-1.057183696,1269.890691,29.25575478,1.126389499,22.3,31.191078000000015,-0.6197513400000005
216.8,1219.253581,28.52241234,-1.012141148,1272.825093,29.36456571,1.017814611,22.3,31.271511999999984,-0.8421533700000019
216.9,1222.096193,28.41814685,-0.914799222,1275.769783,29.46126288,0.901945275,22.3,31.373589999999876,-1.0431160300000002
217.0,1224.929076,28.32899262,-0.794772106,1278.723525,29.54560316,0.781212975,22.3,31.494449000000213,-1.2166105399999978
217.10000000000002,1227.753858,28.25610676,-0.645588147,1281.685082,29.61758653,0.658049193,22.3,31.63122399999993,-1.361479769999999
217.20000000000002,1230.572164,28.19948928,-0.48483292,1284.65322,29.677213,0.534480163,22.3,31.78105599999999,-1.4777237199999966
217.3,1233.385621,28.15914018,-0.322149149,1287.626703,29.72448256,0.410911134,22.3,31.941082000000005,-1.565342379999997
217.4,1236.195857,28.13505945,-0.159465377,1290.604295,29.75939522,0.287342104,22.3,32.10843800000016,-1.6243357699999983
217.5,1239.004499,28.1272471,0.003218394,1293.584761,29.78195098,0.163773074,22.3,32.28026200000018,-1.6547038799999996
217.60000000000002,1241.813173,28.13570313,0.165902166,1296.566864,29.79214984,0.040204045,22.3,32.45369099999989,-1.6564467100000009
217.70000000000002,1244.623505,28.16042753,0.328585937,1299.549369,29.78999179,-0.083364985,22.3,32.62586400000005,-1.6295642599999987
217.8,1247.437124,28.20142032,0.491269709,1302.531041,29.77547684,-0.205649178,22.3,32.79391699999992,-1.5740565199999992
217.9,1250.255655,28.25868148,0.652916979,1305.510643,29.74860499,-0.320224353,22.3,32.95498800000014,-1.4899235100000006
218.0,1253.080726,28.33221101,0.80834524,1308.48694,29.70937623,-0.415651834,22.3,33.106214000000094,-1.3771652199999984
218.10000000000002,1255.913963,28.42200893,0.951335485,1311.458697,29.65856148,-0.495411573,22.3,33.244734000000065,-1.236552549999999
218.20000000000002,1258.756994,28.52745332,1.075668705,1314.424677,29.60001523,-0.540605583,22.3,33.3676829999999,-1.072561910000001
218.3,1261.611444,28.64543468,1.175125891,1317.383645,29.54060069,-0.5472545,22.3,33.472201,-0.8951660100000005
218.4,1264.478941,28.77222161,1.243488035,1320.334365,29.4782299,-0.508934143,22.3,33.55542399999986,-0.7060082899999998
218.5,1267.361112,28.9040827,1.27557263,1323.276218,29.42424164,-0.424359676,22.3,33.615105999999926,-0.5201589400000017
218.60000000000002,1270.259087,29.03728655,1.270343175,1326.211053,29.38102353,-0.298545592,22.3,33.65196600000009,-0.3437369799999992
218.70000000000002,1273.172003,29.16810175,1.228836171,1329.141333,29.35320099,-0.126727102,22.3,33.66933000000013,-0.18509923999999955
218.8,1276.098503,29.2927969,1.156234125,1332.069524,29.34539942,0.072197804,22.3,33.67102100000007,-0.05260252000000065
218.9,1279.037229,29.40764058,1.058756045,1334.99809,29.36147334,0.294249766,22.3,33.660861000000025,0.046167239999999055
219.0,1281.986823,29.50952331,0.942620941,1337.929496,29.40219364,0.531719764,22.3,33.642673000000016,0.1073296699999986
219.10000000000002,1284.945925,29.59782317,0.814047819,1340.866205,29.46756032,0.776898781,22.3,33.62028000000005,0.13026285000000115
219.20000000000002,1287.913179,29.67254017,0.679255689,1343.810684,29.55757339,1.023362635,22.3,33.59750500000014,0.1149667799999996
219.3,1290.887225,29.73367431,0.543427058,1346.765397,29.67223285,1.269826488,22.3,33.57817199999995,0.06144146000000106
219.4,1293.866705,29.78122559,0.407598426,1349.732808,29.81153869,1.516290341,22.3,33.56610300000007,-0.03031310000000076
219.5,1296.850261,29.815194,0.271769795,1352.715382,29.97549092,1.762754195,22.3,33.56512100000005,-0.16029691999999685
219.60000000000002,1299.836535,29.83557955,0.135941163,1355.715583,30.16408953,2.009218048,22.3,33.579048000000014,-0.32850997999999976
219.70000000000002,1302.824169,29.84238223,0.000112532,1358.735876,30.37733453,2.255681901,22.3,33.61170699999998,-0.5349523000000005
219.8,1305.811803,29.83560205,-0.1357161,1361.778726,30.61522591,2.500175984,22.3,33.666922999999954,-0.779623860000001
219.9,1308.798081,29.81523901,-0.271544731,1364.846598,30.87776368,2.732851443,22.3,33.74851700000018,-1.062524670000002
220.0,1311.781643,29.78129311,-0.40583556,1367.941956,31.16494783,2.941889656,22.3,33.86031299999986,-1.3836547199999991
220.10000000000002,1314.761131,29.73376434,-0.530899572,1371.067265,31.47559651,3.115471998,22.3,34.00613399999993,-1.7418321699999986
220.20000000000002,1317.735187,29.67265271,-0.630678809,1374.224989,31.80380039,3.241779846,22.3,34.18980200000006,-2.131147679999998
220.3,1320.702453,29.59888089,-0.716439882,1377.417592,32.14246832,3.308994577,22.3,34.41513899999991,-2.5435874299999988
220.4,1323.66157,29.51706231,-0.758462546,1380.647541,32.48450911,3.307267338,22.3,34.685971000000066,-2.9674467999999976
220.5,1326.61118,29.43683172,-0.754351129,1383.916353,32.82283158,3.234628358,22.3,35.00517299999997,-3.3859998599999983
220.60000000000002,1329.549926,29.35142918,-0.696416616,1387.221767,33.15034458,3.093047409,22.3,35.37184100000009,-3.798915400000002
220.70000000000002,1332.477185,29.27868681,-0.583121204,1390.560573,33.45995691,2.892373342,22.3,35.783388000000016,-4.1812701000000025
220.8,1335.395292,29.22004203,-0.422833839,1393.929563,33.74457741,2.644424781,22.3,36.23427099999999,-4.52453538
220.9,1338.307317,29.18103092,-0.202750108,1397.32553,33.99829676,2.36102035,22.3,36.71821300000006,-4.817265840000001
221.0,1341.21633,29.16718959,0.047409747,1400.745264,34.21993311,2.053978672,22.3,37.22893399999994,-5.05274352
221.10000000000002,1344.125402,29.18313142,0.325250051,1404.185558,34.40948645,1.735118371,22.3,37.76015600000001,-5.226355030000004
221.20000000000002,1347.037604,29.22977911,0.621543988,1407.643203,34.56695679,1.414288299,22.3,38.30559899999999,-5.33717768
221.3,1349.956005,29.30713266,0.927064742,1411.114991,34.69234411,1.093458227,22.3,38.858985999999916,-5.38521145
221.4,1352.883677,29.41519206,1.234123298,1414.597713,34.78564843,0.772628155,22.3,39.41403600000008,-5.370456370000003
221.5,1355.823691,29.55395732,1.541181854,1418.088162,34.84686974,0.451798083,22.3,39.96447099999996,-5.292912420000004
221.60000000000002,1358.779116,29.72342843,1.84824041,1421.583129,34.87600805,0.130968012,22.3,40.50401300000017,-5.1525796200000045
221.70000000000002,1361.753023,29.9236054,2.155298966,1425.079405,34.87306335,-0.18986206,22.3,41.02638199999997,-4.949457950000003
221.8,1364.748484,30.15448822,2.462357522,1428.573783,34.83803564,-0.510692132,22.3,41.52529900000009,-4.68354742
221.9,1367.768568,30.4160769,2.769416078,1432.063054,34.77092492,-0.829775445,22.3,41.99448600000001,-4.354848019999999
222.0,1370.816346,30.70837144,3.074341728,1435.544009,34.6717312,-1.138378205,22.3,42.427662999999896,-3.963359760000003
222.10000000000002,1373.894889,31.03137183,3.366469935,1439.013442,34.54045446,-1.426019859,22.3,42.81855300000002,-3.509082629999998
222.20000000000002,1377.007268,31.38507808,3.633003259,1442.468142,34.37814278,-1.682219853,22.3,43.16087399999988,-2.993064699999998
222.3,1380.156552,31.76821044,3.861144258,1445.904902,34.19003642,-1.897884992,22.3,43.448350000000076,-2.4218259799999977
222.4,1383.345813,32.17437019,4.03809549,1449.320514,33.98242372,-2.058372652,22.3,43.6747010000001,-1.8080535300000022
222.5,1386.578121,32.59587886,4.151059513,1452.711769,33.76159301,-2.159111108,22.3,43.833648,-1.1657141499999994
222.60000000000002,1389.856546,33.02505799,4.189371793,1456.076297,33.5330002,-2.196966246,22.3,43.91975100000009,-0.507942209999996
222.70000000000002,1393.183136,33.45422913,4.150899423,1459.415083,33.30543087,-2.173684824,22.3,43.931946999999994,0.14879825999999952
222.8,1396.555842,33.87571379,4.03777531,1462.729948,33.08267612,-2.098000637,22.3,43.87410599999994,0.7930376699999968
222.9,1399.971592,34.28183351,3.860663987,1466.022716,32.87185668,-1.97900688,22.3,43.75112399999985,1.409976829999998
223.0,1403.427314,34.66490984,3.632362898,1469.295208,32.67821283,-1.831346177,22.3,43.56789399999998,1.9866970100000003
223.10000000000002,1406.919935,35.01854405,3.365669484,1472.549247,32.50279263,-1.661337012,22.3,43.32931200000003,2.515751420000001
223.20000000000002,1410.446384,35.34145639,3.073381186,1475.786655,32.34559607,-1.480847293,22.3,43.04027100000003,2.9958603199999985
223.3,1414.003588,35.63364686,2.768295447,1479.009254,32.20662317,-1.298610816,22.3,42.70566600000002,3.4270236899999986
223.4,1417.588474,35.89511548,2.461076801,1482.218867,32.08587391,-1.116374338,22.3,42.33039300000014,3.8092415700000046
223.5,1421.197972,36.12586222,2.153858155,1485.417317,31.9833483,-0.934137861,22.3,41.91934499999998,4.1425139200000025
223.60000000000002,1424.829008,36.32588711,1.846639508,1488.606425,31.89904634,-0.751901384,22.3,41.47741700000002,4.426840769999995
223.70000000000002,1428.47851,36.49519013,1.539420862,1491.788014,31.83296802,-0.569664906,22.3,41.009504000000064,4.662222109999998
223.8,1432.143407,36.63377128,1.232202216,1494.963907,31.78511336,-0.387428429,22.3,40.52050000000004,4.848657919999997
223.9,1435.820625,36.74163057,0.924983569,1498.135925,31.75548234,-0.206276697,22.3,40.01529999999998,4.986148229999998
224.0,1439.507094,36.81876799,0.618241737,1501.305892,31.74407497,-0.031633437,22.3,39.498798000000036,5.074693019999998
224.10000000000002,1443.19974,36.86518355,0.314360791,1504.475628,31.75089124,0.129992877,22.3,38.9758879999999,5.114292309999996
224.20000000000002,1446.895491,36.88087725,0.016201618,1507.646958,31.77528032,0.272093774,22.3,38.45146700000005,5.105596929999997
224.3,1450.591276,36.86613517,-0.273374898,1510.821703,31.81398796,0.388160781,22.3,37.930426999999966,5.052147210000001
224.4,1454.284022,36.82238775,-0.551507869,1514.001685,31.86310908,0.471685425,22.3,37.417662999999905,4.959278669999996
224.5,1457.970657,36.75135154,-0.81533641,1517.188727,31.9187386,0.517243979,22.3,36.9180699999999,4.832612940000001
224.60000000000002,1461.648108,36.65474305,-1.062476449,1520.384131,31.97697143,0.523751697,22.3,36.436022999999935,4.6777716200000015
224.70000000000002,1465.313533,36.53427883,-1.292451171,1523.587116,32.0339025,0.492293326,22.3,35.97358299999992,4.500376329999995
224.8,1468.965004,36.3916754,-1.505737392,1526.796379,32.08562671,0.428292593,22.3,35.53137499999998,4.306048689999997
224.9,1472.600821,36.2286493,-1.704719182,1530.010619,32.12823898,0.338257969,22.3,35.10979799999991,4.100410320000002
225.0,1476.219286,36.04691705,-1.892257427,1533.228535,32.15848508,0.228697927,22.3,34.70924899999996,3.888431969999999
225.10000000000002,1479.818699,35.8479091,-2.071213015,1536.448825,32.17571416,0.106120941,22.3,34.33012600000002,3.6721949400000042
225.20000000000002,1483.397362,35.63191155,-2.24444683,1539.670187,32.17992622,-0.022964518,22.3,33.972825000000014,3.4519853299999994
225.3,1486.953576,35.39892438,-2.41481976,1542.891319,32.17112125,-0.153134723,22.3,33.63774299999996,3.227803129999998
225.4,1490.485642,35.14894759,-2.584715875,1546.110919,32.14929927,-0.283304927,22.3,33.32527699999987,2.9996483199999986
225.5,1493.991861,34.8819812,-2.75461199,1549.327687,32.11446027,-0.413475132,22.3,33.035826,2.7675209299999963
225.60000000000002,1497.470533,34.5980252,-2.924508105,1552.54032,32.06660424,-0.543645336,22.3,32.769787000000136,2.5314209600000055
225.70000000000002,1500.91996,34.29707958,-3.09440422,1555.747516,32.0057312,-0.673815541,22.3,32.52755599999996,2.2913483800000023
225.8,1504.338444,33.97914435,-3.264300334,1558.947975,31.93184114,-0.803985745,22.3,32.309531000000064,2.047303209999999
225.9,1507.724284,33.64421951,-3.434196449,1562.140393,31.84493405,-0.93415595,22.3,32.11610900000001,1.7992854600000001
226.0,1511.075782,33.29230506,-3.602807538,1565.32347,31.74500995,-1.064326154,22.3,31.947688000000152,1.5472951099999968
226.10000000000002,1514.39124,32.923401,-3.763708466,1568.495904,31.63206882,-1.194496359,22.3,31.804664000000184,1.2913321799999977
226.20000000000002,1517.668957,32.53750733,-3.909189074,1571.656392,31.50611067,-1.324666563,22.3,31.687435000000004,1.031396659999995
226.3,1520.907236,32.13539506,-4.031539203,1574.803634,31.36713551,-1.454836768,22.3,31.59639800000009,0.7682595499999998
226.4,1524.104377,31.72091927,-4.123048691,1577.936328,31.21514332,-1.585006972,22.3,31.53195099999989,0.5057759500000003
226.5,1527.258681,31.29870607,-4.17600738,1581.053171,31.05013411,-1.715177177,22.3,31.494489999999995,0.24857196000000314
226.60000000000002,1530.36845,30.87338154,-4.183990135,1584.152863,30.87210789,-1.845347382,22.3,31.484413000000085,0.0012736500000016804
226.70000000000002,1533.4326,30.44957179,-4.14571193,1587.234101,30.68106464,-1.975517586,22.3,31.501500999999916,-0.23149284999999864
226.8,1536.452518,30.0319029,-4.062457792,1590.295585,30.47700437,-2.105687791,22.3,31.54306700000002,-0.4451014700000009
226.9,1539.430205,29.62500098,-3.940652854,1593.336011,30.25992708,-2.235857995,22.3,31.60580600000021,-0.6349261000000013
227.0,1542.367663,29.23349211,-3.788007276,1596.354079,30.02983277,-2.3660282,22.3,31.686415999999962,-0.7963406599999985
227.10000000000002,1545.266894,28.86123139,-3.612231218,1599.348486,29.78672144,-2.496198404,22.3,31.781592,-0.9254900500000005
227.20000000000002,1548.129899,28.50898983,-3.42103484,1602.317931,29.53059309,-2.626368609,22.3,31.88803200000002,-1.0216032599999991
227.3,1550.958682,28.17676742,-3.222128302,1605.261113,29.26144772,-2.756538813,22.3,32.00243100000007,-1.0846802999999987
227.4,1553.755243,27.86456417,-3.021936738,1608.176729,28.97928533,-2.886709018,22.3,32.12148599999996,-1.1147211599999984
227.5,1556.521585,27.57238007,-2.821745173,1611.063479,28.68410591,-3.016879222,22.3,32.24189399999996,-1.1117258399999983
227.60000000000002,1559.25971,27.30021513,-2.621553609,1613.920059,28.37590948,-3.147049427,22.3,32.360349,-1.0756943499999991
227.70000000000002,1561.971619,27.04806935,-2.421362044,1616.745169,28.05469603,-3.251908758,22.3,32.47355000000012,-1.00662668
227.8,1564.659314,26.81594272,-2.22117048,1619.537507,27.72046556,-3.366711647,22.3,32.57819300000001,-0.904522840000002
227.9,1567.324798,26.60383525,-2.020978915,1622.295771,27.37321806,-3.461627421,22.3,32.67097299999996,-0.7693828099999998
228.0,1569.970071,26.41174694,-1.820787351,1625.018659,27.02814007,-3.31869599,22.3,32.74858800000011,-0.6163931299999987
228.10000000000002,1572.597137,26.23967778,-1.620595786,1627.70487,26.66570605,-3.085368583,22.3,32.807733000000056,-0.42602826999999976
228.20000000000002,1575.207997,26.08762778,-1.420404221,1630.353102,26.28591601,-2.874374113,22.3,32.84510500000006,-0.19828823000000284
228.3,1577.804653,25.95559694,-1.220212657,1632.962053,26.06347843,-2.600634574,22.3,32.857400000000055,-0.10788149000000047
228.4,1580.389107,25.84358525,-1.020021092,1635.530422,25.86924441,-2.395893454,22.3,32.84131500000008,-0.025659160000000014
228.5,1582.963361,25.75159272,-0.819829528,1638.056907,25.67067137,-2.045391705,22.3,32.793545999999836,0.08092135000000056
228.60000000000002,1585.529416,25.67961935,-0.619637963,1640.540206,25.46775933,-2.029120429,22.3,32.71078999999982,0.2118600199999996
