t,x_follower,v_follower,a_follower,x_leader,v_leader,a_leader,leader_length,spacing,dv
598.9,59.57487559,7.524229682,-0.149464235,93.40040198,7.437828579,-1.009623201,15.3,18.52552639,0.08640110300000003
599.0,60.33243188,7.509283258,-0.153522901,94.13711872,7.340902273,-0.928613085,15.3,18.50468684,0.16838098499999976
599.1,61.08634949,7.495419146,-0.164204729,94.86454642,7.252047997,-0.84586402,15.3,18.478196929999992,0.24337114899999968
599.2,61.83695312,7.482637344,-0.167375029,95.5834923,7.17126575,-0.759637058,15.3,18.446539180000006,0.3113715939999997
599.3000000000001,62.58456747,7.462820521,-0.172786584,96.29476356,7.098729427,-0.668193251,15.3,18.410196090000003,0.36409109399999995
599.4,63.32951722,7.442127317,-0.175149145,96.99916739,7.035308502,-0.56979365,15.3,18.369650169999996,0.4068188149999994
599.5,64.07212708,7.42413989,-0.173904004,97.69751101,6.982046344,-0.462699306,15.3,18.325383929999997,0.4420935460000006
599.6,64.81272173,7.405611308,-0.155522272,98.39060161,6.939986323,-0.345461097,15.3,18.277879879999997,0.4656249849999998
599.7,65.55162588,7.390329658,-0.130268351,99.07938552,6.910171807,-0.217789197,15.3,18.22775964,0.4801578509999995
599.8000000000001,66.2891642,7.378294942,-0.104112503,99.76536552,6.893646166,-0.079973431,15.3,18.17620132,0.4846487760000002
599.9,67.0256614,7.369507158,-0.071643175,100.4501835,6.891452768,0.066537077,15.3,18.12452209999999,0.4780543900000005
600.0,67.76144217,7.363966307,-0.039173847,101.1354814,6.904634983,0.220003379,15.3,18.074039230000007,0.4593313239999999
600.1,68.49683119,7.361672388,-0.00670452,101.822901,6.934062285,0.378686526,15.3,18.026069810000006,0.42761010299999924
600.2,69.23215318,7.362625403,0.025764808,102.5140843,6.979908569,0.540847571,15.3,17.981931119999995,0.382716834
600.3000000000001,69.96773281,7.36682535,0.058234136,103.2106732,7.042173835,0.704747563,15.3,17.94294039,0.3246515150000002
600.4,70.70389478,7.37427223,0.090703464,103.9143096,7.120858082,0.868937381,15.3,17.910414819999996,0.25341414800000006
600.5,71.44096379,7.384966043,0.123172792,104.6266354,7.215961311,1.033127198,15.3,17.88567161,0.16900473200000032
600.6,72.17926452,7.398906788,0.15564212,105.3492924,7.327483521,1.197317016,15.3,17.87002787999999,0.07142326699999924
600.7,72.91912168,7.416094467,0.188111448,106.0839226,7.455424714,1.361506833,15.3,17.86480091999999,-0.03933024700000054
600.8000000000001,73.66085995,7.436529078,0.220580776,106.8321678,7.599784888,1.525696651,15.3,17.87130784999999,-0.1632558099999999
600.9,74.40480403,7.460210622,0.253050104,107.5956701,7.760564044,1.689886468,15.3,17.890866070000012,-0.3003534219999997
601.0,75.15127861,7.487139099,0.285519432,108.3760711,7.937762182,1.854076286,15.3,17.924792489999998,-0.450623083
601.1,75.90060838,7.517314508,0.31798876,109.175013,8.131379301,2.017538508,15.3,17.974404620000012,-0.6140647930000007
601.2,76.65311804,7.550736851,0.350458087,109.9941375,8.341415402,2.176635164,15.3,18.041019459999998,-0.790678551000001
601.3000000000001,77.40913228,7.587406126,0.382927415,110.8350866,8.567870485,2.327000684,15.3,18.12595432,-0.980464359
601.4,78.1689758,7.627322334,0.415396743,111.6995021,8.810307993,2.464269503,15.3,18.230526300000005,-1.1829856590000007
601.5,78.93297329,7.670485474,0.447866071,112.589026,9.066545142,2.584076051,15.3,18.356052709999997,-1.3960596680000004
601.6,79.70144943,7.716895548,0.480335399,113.5053001,9.333962592,2.68602363,15.3,18.503850670000002,-1.6170670440000006
601.7,80.47472893,7.766552554,0.512804727,114.4499664,9.609941003,2.754567663,15.3,18.675237469999995,-1.843388448999999
601.8000000000001,81.25313647,7.819456493,0.545274055,115.4243175,9.891861033,2.800887159,15.3,18.87118103,-2.07240454
601.9,82.03699676,7.875607365,0.577743383,116.4282491,10.17948466,2.821740846,15.3,19.091252340000008,-2.3038772950000004
602.0,82.82663448,7.93500517,0.610212711,117.4613076,10.46304859,2.820766694,15.3,19.33467312,-2.5280434199999995
602.1,83.62237433,7.997649907,0.642682039,118.5230394,10.74707744,2.802330274,15.3,19.60066507,-2.7494275330000004
602.2,84.424541,8.063541578,0.675151367,119.6129909,11.0270071,2.766828282,15.3,19.888449899999994,-2.963465522
602.3000000000001,85.23345918,8.132680181,0.707836129,120.7307087,11.30240102,2.730532892,15.3,20.197249519999996,-3.169720839
602.4,86.04945357,8.205065717,0.741813496,121.875739,11.5732592,2.685903066,15.3,20.526285429999998,-3.3681934830000007
602.5,86.87284885,8.280698185,0.778376073,123.0476284,11.83958163,2.640545646,15.3,20.874779549999996,-3.5588834449999993
602.6,87.70396974,8.359706847,0.818816464,124.2459232,12.10136833,2.595188226,15.3,21.241953459999987,-3.7416614829999997
602.7,88.54314091,8.442738005,0.864427276,125.4701699,12.35861928,2.549830806,15.3,21.627028989999996,-3.9158812749999985
602.8000000000001,89.39068705,8.530567221,0.916501113,126.7199149,12.61133449,2.504473386,15.3,22.02922785000001,-4.080767269000001
602.9,90.24693288,8.623970059,0.976115145,127.9947047,12.85951396,2.459115966,15.3,22.447771819999996,-4.235543901
603.0,91.11230647,8.723722082,1.043484807,129.2940856,13.10315768,2.413758545,15.3,22.881779129999995,-4.379435598000001
603.1,91.98764958,8.830598853,1.118394664,130.6176041,13.34226566,2.368915949,15.3,23.329954519999998,-4.511666807000001
603.2,92.87390734,8.945375934,1.199767547,131.9648066,13.57683791,2.327162295,15.3,23.79089926,-4.631461976000001
603.3000000000001,93.7720249,9.068828889,1.286310849,133.3352396,13.80687441,2.293835072,15.3,24.26321469999999,-4.738045521
603.4,94.6829474,9.20160402,1.376731966,134.7284494,14.03268406,2.265277581,15.3,24.745501999999984,-4.83108004
603.5,95.60761999,9.343830587,1.469738293,136.1439825,14.25581133,2.251324406,15.3,25.23636250999999,-4.911980743000001
603.6,96.5469878,9.495508591,1.564037225,137.5813853,14.47945872,2.252815942,15.3,25.734397499999996,-4.983950129
603.7,97.50199599,9.656638032,1.658551591,139.0402042,14.70143221,2.272326308,15.3,26.238208210000007,-5.044794178
603.8000000000001,98.47358969,9.82721891,1.753065957,140.5202329,14.92763255,2.310370326,15.3,26.74664321,-5.100413640000001
603.9,99.46271405,10.00725122,1.847580323,142.0222532,15.15856397,2.364184626,15.3,27.25953914999999,-5.151312749999999
604.0,100.4703142,10.19673497,1.942094689,143.5472943,15.39607984,2.437940732,15.3,27.7769801,-5.199344870000001
604.1,101.4973353,10.39567016,2.036609056,145.0963853,15.64203353,2.521804059,15.3,28.299050000000005,-5.246363370000001
604.2,102.5447225,10.60405679,2.131123422,146.6705554,15.8979695,2.614934213,15.3,28.825832900000005,-5.293912710000001
604.3000000000001,103.613421,10.82189485,2.225637788,148.2708336,16.16419665,2.71424225,15.3,29.3574126,-5.342301800000001
604.4,104.7043758,11.04918434,2.319984342,149.8982491,16.44071498,2.816639231,15.3,29.893873299999992,-5.391530639999999
604.5,105.8185321,11.28592528,2.413324025,151.553831,16.7275245,2.919551034,15.3,30.435298900000003,-5.4415992200000005
604.6,106.9568351,11.53211765,2.504649966,153.2386084,17.02462519,3.022462838,15.3,30.981773299999997,-5.492507539999998
604.7,108.1202299,11.78766077,2.592955293,154.9536105,17.33201707,3.125374642,15.3,31.533380599999997,-5.544356299999999
604.8000000000001,109.3096617,12.0520512,2.677233136,156.6998663,17.64970012,3.228286446,15.3,32.09020459999999,-5.597648919999999
604.9,110.5260755,12.32468483,2.756476623,158.4784049,17.97767435,3.331198249,15.3,32.652329399999985,-5.65298952
605.0,111.7704166,12.60495752,2.829846694,160.2902556,18.31593977,3.434110053,15.3,33.21983899999999,-5.710982250000001
605.1,113.0435496,12.89226516,2.897175539,162.1364473,18.66449637,3.535456511,15.3,33.79289769999998,-5.772231209999999
605.2,114.3460167,13.18600362,2.958630969,164.0180092,19.02334414,3.62245904,15.3,34.37199249999999,-5.83734052
605.3000000000001,115.67828,13.48556878,3.015052042,165.9359705,19.3924831,3.699965546,15.3,34.9576905,-5.90691432
605.4,117.0408011,13.79035652,3.067445631,167.8913603,19.77097403,3.745575113,15.3,35.55055920000001,-5.980617510000002
605.5,118.4340421,14.09986341,3.116818607,169.8852076,20.15114978,3.7530008,15.3,36.151165500000005,-6.0512863700000015
605.6,119.8584646,14.41398874,3.16417784,171.9185416,20.5359191,3.713466102,15.3,36.760076999999995,-6.12193036
605.7,121.3145306,14.73273254,3.210530202,173.9923914,20.91184143,3.619144288,15.3,37.37786080000001,-6.179108889999998
605.8000000000001,122.8027019,15.05609478,3.256714752,176.1070348,21.27514462,3.473421863,15.3,38.00433290000001,-6.2190498399999985
605.9,124.3234403,15.38407549,3.302899302,178.259744,21.62056276,3.263624191,15.3,38.63630370000001,-6.236487269999998
606.0,125.8772077,15.71667465,3.349083852,180.44704,21.9424606,3.010586842,15.3,39.26983229999999,-6.225785950000001
606.1,127.464466,16.05389226,3.395268403,182.6654437,22.2352029,2.720596756,15.3,39.9009777,-6.1813106399999995
606.2,129.085677,16.39572833,3.441452953,184.911476,22.49409361,2.402430439,15.3,40.52579899999999,-6.0983652799999994
606.3000000000001,130.7413024,16.74218285,3.487637503,187.1816578,22.71819354,2.065479968,15.3,41.14035540000002,-5.9760106900000025
606.4,132.4318043,17.09325583,3.533318303,189.4725101,22.90750268,1.71913742,15.3,41.740705799999986,-5.81424685
606.5,134.1576444,17.44894726,3.575976602,191.7805537,23.06202102,1.371229526,15.3,42.322909300000006,-5.613073759999999
606.6,135.9192845,17.80925715,3.609870057,194.1023097,23.18174858,1.023321632,15.3,42.883025200000006,-5.37249143
606.7,137.7171866,18.17388324,3.640135693,196.4342988,23.26668535,0.675413738,15.3,43.417112200000005,-5.092802110000001
606.8000000000001,139.5518124,18.54131429,3.655591483,198.7730421,23.31683133,0.327505843,15.3,43.92122970000001,-4.77551704
606.9,141.4236238,18.90810488,3.655934769,201.1150605,23.33218652,-0.020402051,15.3,44.3914367,-4.424081640000001
607.0,143.3330827,19.27733724,3.638646799,203.4568748,23.31275092,-0.368309945,15.3,44.823792100000006,-4.035413679999998
607.1,145.280409,19.64230215,3.603223823,205.7950061,23.25852453,-0.713171707,15.3,45.214597100000006,-3.61622238
607.2,147.2648557,20.00281801,3.552889434,208.1259751,23.16950735,-1.039756674,15.3,45.56111940000001,-3.1666893400000014
607.3000000000001,149.2854338,20.35707132,3.482002855,210.4463029,23.04569938,-1.329788052,15.3,45.860869100000016,-2.688628059999999
607.4,151.3411543,20.70324858,3.401746114,212.7525104,22.8889283,-1.564989046,15.3,46.11135610000001,-2.1856797199999995
607.5,153.4310283,21.03983854,3.312421871,215.0411185,22.70833251,-1.727082863,15.3,46.310090200000005,-1.66849397
607.6,155.5540668,21.36653896,3.217052626,217.308648,22.51487809,-1.797792706,15.3,46.45458120000002,-1.14833913
607.7,157.7092809,21.68334982,3.11866088,219.55162,22.3195311,-1.761887915,15.3,46.54233910000001,-0.6361812799999988
607.8000000000001,159.8956815,21.99027113,3.019765384,221.7680175,22.13325763,-1.616322356,15.3,46.57233600000002,-0.14298649999999924
607.9,162.1122799,22.28730289,2.920869887,223.9616721,21.96702376,-1.364142162,15.3,46.549392199999986,0.3202791299999994
608.0,164.3580869,22.57444511,2.821974391,226.1378776,21.83179556,-1.020577995,15.3,46.47979070000001,0.7426495499999994
608.1,166.6321137,22.85169777,2.723078895,228.3019278,21.7385391,-0.603906651,15.3,46.3698141,1.1131586700000007
608.2,168.9333712,23.11906089,2.624183399,230.4591165,21.69639279,-0.132404922,15.3,46.225745299999986,1.4226680999999992
608.3000000000001,171.2608706,23.37653445,2.525287902,232.6147375,21.7071843,0.375650395,15.3,46.05386689999999,1.6693501499999996
608.4,173.6136229,23.62411847,2.426860077,234.7740845,21.77091364,0.901982507,15.3,45.860461599999994,1.8532048299999992
608.5,175.9906391,23.86181293,2.331238275,236.9424513,21.8875808,1.431360752,15.3,45.65181219999998,1.9742321300000008
608.6,178.3909303,24.08961785,2.241228521,239.1251317,22.05718579,1.960738997,15.3,45.43420139999999,2.0324320600000014
608.7,180.8135074,24.30781382,2.15963684,241.3274195,22.2797286,2.490117241,15.3,45.2139121,2.0280852200000012
608.8000000000001,183.2573817,24.51780385,2.086982339,243.5546085,22.55520924,3.019495486,15.3,44.99722680000001,1.96259461
608.9,185.721564,24.72127157,2.032931787,245.8119925,22.8836277,3.54887373,15.3,44.790428500000004,1.8376438699999973
609.0,188.2050655,24.91990057,1.992962794,248.1048651,23.26498399,4.078251975,15.3,44.599799600000026,1.6549165799999983
609.1,190.7071217,25.11400234,1.969829945,250.4385203,23.6992781,4.607630219,15.3,44.43139860000001,1.4147242399999982
609.2,193.227866,25.30937692,1.963065569,252.8182518,24.18651003,5.132369915,15.3,44.29038580000001,1.1228668899999974
609.3000000000001,195.7676563,25.5035915,1.970331313,255.2493534,24.72667979,5.629278319,15.3,44.181697099999994,0.7769117100000003
609.4,198.3268507,25.69970182,1.991108067,257.7371189,25.31978737,6.07052414,15.3,44.11026819999999,0.3799144500000011
609.5,200.905807,25.89911091,2.015729064,260.286842,25.96304965,6.428276085,15.3,44.08103499999997,-0.06393873999999755
609.6,203.5048832,26.10209936,2.048249023,262.9038165,26.64255098,6.674702864,15.3,44.09893330000001,-0.5404516199999989
609.7,206.1244372,26.30866718,2.083575007,265.5933363,27.34159258,6.781973183,15.3,44.16889909999999,-1.0329253999999999
609.8000000000001,208.764827,26.51881436,2.119368661,268.360695,28.04347568,6.726894301,15.3,44.29586800000003,-1.5246613199999999
609.9,211.4264104,26.73254091,2.155162315,271.2089601,28.73150151,6.504827669,15.3,44.48254970000001,-1.9989606000000002
610.0,214.1095455,26.94984682,2.190955969,274.1322926,29.38897128,6.120411834,15.3,44.722747100000035,-2.4391244599999986
610.1,216.8145901,27.1707321,2.226749623,277.1226275,29.99918623,5.596839541,15.3,45.00803740000002,-2.828454130000001
610.2,219.5419022,27.39519675,2.262543277,280.1718994,30.54544758,4.96194208,15.3,45.329997199999966,-3.150250830000001
610.3000000000001,222.2918397,27.62324076,2.298336931,283.2720432,31.01383968,4.243550745,15.3,45.68020349999999,-3.3905989199999986
610.4,225.0647607,27.85486413,2.327170707,286.4149936,31.40157941,3.469496826,15.3,46.05023290000001,-3.546715280000001
610.5,227.8610229,28.09006688,2.355010216,289.5926853,31.70866676,2.667611615,15.3,46.431662400000036,-3.6185998800000014
610.6,230.6809844,28.32884898,2.368827137,292.7970531,31.93510173,1.861087855,15.3,46.81606870000003,-3.6062527499999995
610.7,233.525003,28.56703453,2.354066793,296.0200318,32.08088433,1.054564096,15.3,47.19502880000003,-3.5138498000000027
610.8000000000001,236.3934368,28.80820288,2.306514666,299.2535562,32.14601455,0.248040337,15.3,47.560119400000005,-3.337811669999997
610.9,239.2866436,29.04453704,2.21797281,302.4895609,32.13049239,-0.558483423,15.3,47.90291730000003,-3.085955349999999
611.0,242.2049814,29.26730421,2.087203158,305.7199808,32.03431786,-1.365007182,15.3,48.21499939999997,-2.7670136500000027
611.1,245.1481523,29.47397568,1.900042154,308.9367507,31.85749096,-2.171530942,15.3,48.488598400000015,-2.383515280000001
611.2,248.113235,29.65963267,1.662686497,312.1318052,31.60001168,-2.974340647,15.3,48.718570199999974,-1.940379010000001
611.3000000000001,251.0966525,29.81935642,1.38832454,315.2970792,31.26188002,-3.754866028,15.3,48.90042669999998,-1.4425236000000012
611.4,254.0948277,29.94822817,1.0811708,318.4245074,30.84309598,-4.490822761,15.3,49.02967969999999,-0.8948678100000009
611.5,257.1041835,30.04214894,0.749423223,321.5060246,30.34588801,-5.159926521,15.3,49.101841100000016,-0.3037390699999989
611.6,260.1211429,30.10029893,0.401279755,324.5335655,29.78139825,-5.749248443,15.3,49.112422600000016,0.31890068000000227
611.7,263.1421287,30.12267816,0.04493834,327.4990649,29.1629973,-6.208437827,15.3,49.05693620000001,0.9596808599999989
611.8000000000001,266.1635639,30.1092866,-0.312769398,330.3944576,28.50405576,-6.546990778,15.3,48.93089370000003,1.6052308400000008
611.9,269.1818714,30.06012428,-0.670477136,333.2134611,27.81233095,-6.751837783,15.3,48.73158970000004,2.2477933300000004
612.0,272.1934742,29.97519117,-1.028184875,335.9569238,27.11803329,-6.826692898,15.3,48.463449600000004,2.857157879999999
612.1,275.1947951,29.8544873,-1.385892613,338.627477,26.41769354,-6.790126391,15.3,48.13268189999998,3.4367937600000005
612.2,278.182257,29.69801265,-1.743600351,341.227752,25.73029558,-6.655067129,15.3,47.74549500000002,3.967717069999999
612.3000000000001,281.152283,29.50576723,-2.101308089,343.76038,25.06698156,-6.471865811,15.3,47.30809699999999,4.4387856700000015
612.4,284.1012958,29.27775103,-2.459015828,346.2279921,24.42997993,-6.234740387,15.3,46.826696299999995,4.847771100000003
612.5,287.0257186,29.01396406,-2.815040239,348.6332197,23.81929067,-5.975330638,15.3,46.30750109999998,5.194673389999998
612.6,289.921974,28.71440632,-3.160964689,350.9786941,23.2349138,-5.712206835,15.3,45.75672010000001,5.479492519999997
612.7,292.7864852,28.3790778,-3.486689217,353.2670463,22.67684931,-5.449083032,15.3,45.18056109999999,5.7022284899999995
612.8000000000001,295.615675,28.00898851,-3.78211386,355.5009077,22.14509719,-5.18595923,15.3,44.58523270000002,5.863891319999997
612.9,298.4059663,27.60918842,-4.044643168,357.6829096,21.63965746,-4.922835427,15.3,43.97694330000003,5.96953096
613.0,301.1537821,27.1857375,-4.241663649,359.815683,21.16053011,-4.659711624,15.3,43.36190089999998,6.0252073899999985
613.1,303.8555452,26.74469575,-4.387272199,361.9018594,20.70771514,-4.396587821,15.3,42.746314199999986,6.0369806100000005
613.2,306.5084867,26.28762042,-4.47228098,363.9440699,20.28121254,-4.134739998,15.3,42.1355832,6.006407880000001
613.3000000000001,309.1130693,25.83407961,-4.498373321,365.9449457,19.88102233,-3.880548049,15.3,41.5318764,5.9530572799999995
613.4,311.670564,25.37662519,-4.473965854,367.9071182,19.5071445,-3.641667851,15.3,40.9365542,5.86948069
613.5,314.1822418,24.92581983,-4.401654033,369.8332184,19.15881346,-3.425755278,15.3,40.35097660000004,5.767006369999997
613.6,316.6493735,24.48671351,-4.314051347,371.7258778,18.83220128,-3.23567706,15.3,39.77650429999996,5.654512230000002
613.7,319.07323,24.06031624,-4.198744228,373.5877274,18.52271443,-3.093456509,15.3,39.214497399999985,5.537601809999998
613.8000000000001,321.4550822,23.646628,-4.073337148,375.4213986,18.22575938,-2.991106084,15.3,38.666316399999985,5.42086862
613.9,323.7962011,23.24564881,-3.946246741,377.2289102,17.9396161,-2.93469091,15.3,38.13270909999996,5.30603271
614.0,326.0978575,22.85737865,-3.819156335,379.0098309,17.6510706,-2.922935007,15.3,37.611973400000025,5.2063080500000005
614.1,328.3613223,22.48181754,-3.692065928,380.7631173,17.36414981,-2.94945848,15.3,37.101794999999996,5.117667730000001
614.2,330.5878664,22.11896547,-3.564975521,382.4877257,17.07138673,-3.011394599,15.3,36.599859300000006,5.047578739999999
614.3000000000001,332.7787609,21.76882244,-3.437885114,384.1826125,16.76895342,-3.086720052,15.3,36.1038516,4.999869020000002
614.4000000000001,334.9352764,21.43138844,-3.310794707,385.8467343,16.45608429,-3.182146402,15.3,35.61145789999996,4.9753041499999995
614.5,337.058684,21.10666349,-3.184522042,387.4790473,16.13277934,-3.285228626,15.3,35.120363299999966,4.97388415
614.6,339.1502546,20.79464758,-3.063155823,389.078508,15.79903856,-3.389586829,15.3,34.62825340000002,4.99560902
614.7,341.211259,20.49534072,-2.9516025,390.6440729,15.45486197,-3.493945033,15.3,34.132813900000045,5.040478750000002
614.8000000000001,343.2429682,20.20825224,-2.854768518,392.1746983,15.10024956,-3.598303236,15.3,33.631730099999984,5.10800268
614.9000000000001,345.2466531,19.93092894,-2.777560325,393.6693407,14.73520132,-3.70266144,15.3,33.12268760000002,5.195727620000001
615.0,347.2235845,19.66042694,-2.724884368,395.1269565,14.35971727,-3.807019643,15.3,32.60337199999999,5.30070967
615.1,349.1750334,19.39380238,-2.700829354,396.5465021,13.9737974,-3.911377847,15.3,32.07146869999998,5.42000498
615.2,351.1018782,19.12811139,-2.706213024,397.9269339,13.5774417,-4.015037229,15.3,31.525055700000006,5.550669690000001
615.3000000000001,353.0034272,18.86041009,-2.740217636,399.2672083,13.17065019,-4.114503686,15.3,30.963781100000016,5.6897598999999985
615.4000000000001,354.8785961,18.58775463,-2.798754484,400.5662818,12.75342285,-4.20558429,15.3,30.38768570000003,5.834331779999999
615.5,356.7263009,18.30720113,-2.876917122,401.8231108,12.32617899,-4.284086115,15.3,29.79680989999998,5.9810221399999985
615.6,358.5454573,18.01629636,-2.969799101,403.0366517,11.89101506,-4.345816237,15.3,29.191194399999983,6.1252812999999975
615.7,360.3349812,17.71454969,-3.072493975,404.2058609,11.45044682,-4.386581727,15.3,28.57087969999999,6.2641028699999985
615.8000000000001,362.0937882,17.40196112,-3.180095297,405.3296948,11.00699003,-4.402888482,15.3,27.93590660000002,6.3949710899999985
615.9000000000001,363.8207943,17.07853063,-3.288514359,406.4074453,10.56316044,-4.39403768,15.3,27.286651000000017,6.515370189999999
616.0,365.5149153,16.74425824,-3.396933421,407.4397459,10.12147381,-4.360728142,15.3,26.624830600000006,6.622784430000001
616.1,367.1750669,16.39914395,-3.505352484,408.4275658,9.684445897,-4.306453974,15.3,25.952498900000034,6.714698052999999
616.2,368.800165,16.04318775,-3.613771546,409.3718739,9.25459245,-4.235408101,15.3,25.271708900000032,6.788595300000001
616.3000000000001,370.3891254,15.67638964,-3.722190609,410.2736392,8.834009936,-4.15178345,15.3,24.58451379999998,6.842379704000001
616.4000000000001,371.9408639,15.29874963,-3.830609671,411.1338307,8.423117647,-4.059772947,15.3,23.892966799999964,6.875631983
616.5,373.4542963,14.91026771,-3.938370148,411.9534176,8.021915583,-3.963569517,15.3,23.199121300000012,6.888352126999999
616.6,374.9283384,14.51094388,-4.042179111,412.7333687,7.630403743,-3.866667267,15.3,22.505030300000055,6.880540137
616.7,376.361906,14.10077815,-4.138085045,413.4746532,7.248582129,-3.769765016,15.3,21.8127472,6.852196021
616.8000000000001,377.753915,13.68016566,-4.222136437,414.1782401,6.87645074,-3.672862766,15.3,21.124325099999975,6.80371492
616.9000000000001,379.1032811,13.25108217,-4.290381772,414.8450983,6.514009576,-3.575960515,15.3,20.441817200000013,6.737072594
617.0,380.4089201,12.8158986,-4.338869537,415.4761969,6.161258637,-3.479058265,15.3,19.7672768,6.654639963
617.1,381.669748,12.37698584,-4.364306803,416.0725049,5.818197923,-3.382156014,15.3,19.102756899999985,6.558787917
617.2,382.8849965,11.93671482,-4.366034984,416.6349913,5.484827434,-3.285213313,15.3,18.449994800000024,6.451887386000001
617.3000000000001,384.0551621,11.49745642,-4.344712667,417.1646253,5.16114717,-3.18802791,15.3,17.809463199999993,6.336309250000001
617.4000000000001,385.1810573,11.06158158,-4.303632778,417.6623757,4.847157132,-3.090357103,15.3,17.181318399999963,6.214424448
617.5,386.2634947,10.63146118,-4.246746833,418.1292116,4.542881588,-2.991958189,15.3,16.565716899999995,6.088579592
617.6,387.3032869,10.209071,-4.178006346,418.566102,4.248441891,-2.892588467,15.3,15.962815100000011,5.960629109
617.7,388.3012462,9.794806177,-4.10136283,418.974016,3.963983662,-2.792005233,15.3,15.372769800000025,5.8308225149999995
617.8000000000001,389.2581854,9.388666716,-4.0207678,419.3539226,3.689652521,-2.690006238,15.3,14.795737199999973,5.699014194999999
617.9000000000001,390.1749169,8.990652617,-3.939514185,419.7068102,3.425594091,-2.586551029,15.3,14.231893299999978,5.5650585260000005
618.0,391.0522532,8.600763879,-3.85826057,420.0337448,3.171953992,-2.481680058,15.3,13.681491600000026,5.428809887
618.1,391.891007,8.219000503,-3.777006954,420.3358122,2.928877846,-2.375595576,15.3,13.144805200000018,5.290122657
618.2,392.6919907,7.845362488,-3.695753339,420.6140977,2.696511274,-2.268540286,15.3,12.622106999999982,5.1488512140000005
618.3000000000001,393.4560168,7.479849835,-3.614499723,420.8696868,2.474975627,-2.160756889,15.3,12.113670000000024,5.0048742079999995
618.4000000000001,394.183898,7.122462543,-3.533246108,421.1036652,2.264295175,-2.052488087,15.3,11.619767200000023,4.858167368
618.5,394.8764466,6.773200613,-3.451918139,421.3171183,2.064469919,-1.943976584,15.3,11.140671699999995,4.708730694
618.6,395.5344754,6.432064045,-3.370144047,421.5111316,1.875499858,-1.83542463,15.3,10.676656199999979,4.556564186999999
618.7,396.1587968,6.099052838,-3.28747771,421.6867907,1.697384993,-1.726872677,15.3,10.227993900000012,4.401667845
618.8000000000001,396.7502233,5.774211605,-3.203473005,421.845181,1.530125323,-1.618320723,15.3,9.794957700000008,4.244086282
618.9000000000001,397.3095675,5.457763407,-3.117683809,421.9873881,1.373720849,-1.509768769,15.3,9.37782059999996,4.084042558
619.0,397.8376419,5.149975917,-3.029664,422.1144976,1.228171569,-1.401216815,15.3,8.976855699999998,3.921804348
619.1,398.3352591,4.85111681,-2.939041809,422.2275948,1.093477486,-1.292664862,15.3,8.592335700000046,3.7576393239999994
619.2,398.8032672,4.561453759,-2.845742882,422.3277655,0.969638597,-1.184112908,15.3,8.224498300000004,3.591815162
619.3000000000001,399.2426574,4.281254438,-2.749841573,422.416095,0.856654904,-1.075870272,15.3,7.873437599999999,3.4245995340000004
619.4000000000001,399.6544561,4.010786519,-2.651709651,422.4936688,0.754526406,-0.96948354,15.3,7.539212700000018,3.2562601129999997
619.5,400.0396902,3.750317677,-2.551793238,422.5615726,0.663253104,-0.866808617,15.3,7.221882399999981,3.087064573
619.6,400.3993863,3.500070973,-2.450538457,422.6208919,0.582649406,-0.769701408,15.3,6.9215056,2.917421567
619.7,400.734571,3.26009102,-2.348391431,422.672712,0.511787362,-0.680017817,15.3,6.6381409999999725,2.748303658
619.8000000000001,401.0462711,3.030377816,-2.245798282,422.7181187,0.449553427,-0.599613748,15.3,6.3718475999999775,2.580824389
619.9000000000001,401.3355132,2.810931363,-2.143130779,422.7581973,0.394834059,-0.53003579,15.3,6.122684100000026,2.416097304
620.0,401.603324,2.601751661,-2.040463277,422.793885,0.346515716,-0.471593258,15.3,5.890561000000002,2.2552359450000004
620.1,401.8507302,2.402838708,-1.937795774,422.8255248,0.303484855,-0.423976837,15.3,5.674794599999995,2.099353853
620.2,402.0787584,2.214192506,-1.835128271,422.8533116,0.264627933,-0.385639937,15.3,5.474553199999956,1.949564573
620.3000000000001,402.2884353,2.035813054,-1.732460769,422.8774399,0.228831407,-0.354726656,15.3,5.289004600000009,1.8069816470000002
620.4000000000001,402.4807876,1.867700352,-1.629793266,422.8981044,0.195167325,-0.329381089,15.3,5.117316800000037,1.672533027
620.5,402.656842,1.709854401,-1.527125764,422.9154999,0.163450097,-0.307438013,15.3,4.958657900000002,1.5464043040000002
620.6,402.8176251,1.562275199,-1.424685116,422.929821,0.133679722,-0.283951208,15.3,4.812195900000017,1.428595477
620.7,402.9641637,1.424962748,-1.323605597,422.9412624,0.105856201,-0.257530437,15.3,4.677098700000055,1.319106547
620.8000000000001,403.0974843,1.297917048,-1.225248337,422.9500188,0.080115276,-0.228355057,15.3,4.5525344999999895,1.217801772
620.9000000000001,403.2186137,1.181001984,-1.130974465,422.9562849,0.058460682,-0.196830664,15.3,4.437671200000022,1.122541302
621.0,403.3285785,1.073536994,-1.04214511,422.9602554,0.040649063,-0.162731985,15.3,4.3316769000000015,1.0328879309999999
621.1,403.4284055,0.974705398,-0.960121401,422.9621248,0.026437063,-0.128583451,15.3,4.233719300000029,0.948268335
621.2,403.5191213,0.88369052,-0.886037613,422.9621967,0.015581324,-0.096237617,15.3,4.143075399999997,0.868109196
621.3000000000001,403.6016436,0.799675682,-0.8201206,422.9622685,0.00783849,-0.066551585,15.3,4.060624900000004,0.791837192
621.4000000000001,403.6764547,0.721844207,-0.762143508,422.9623403,0.002965205,-0.042864918,15.3,3.985885599999971,0.718879002
621.5,403.743928,0.649379417,-0.710972062,422.9624121,0.000718112,-0.02477202,15.3,3.9184841000000112,0.648661305
621.6,403.8044367,0.581464634,-0.665245133,422.9624839,0.000718112,-0.011867298,15.3,3.858047199999998,0.580746522
621.7,403.8583542,0.517419293,-0.623601592,422.9625557,0.000718112,-0.003745156,15.3,3.804201499999987,0.516701181
621.8000000000001,403.9060539,0.457107283,-0.584680309,422.9626275,0.000718112,-2.42e-12,15.3,3.756573599999978,0.456389171
621.9000000000001,403.947909,0.400528603,-0.547120156,422.9626993,0.000718112,-1.14e-12,15.3,3.714790300000015,0.399810491
622.0,403.984293,0.347683252,-0.509786857,422.9627712,0.000718112,-5.21e-13,15.3,3.6784782000000398,0.34696514
622.1,404.015579,0.298571231,-0.472453559,422.962843,0.000718112,-2.68e-13,15.3,3.6472640000000176,0.297853119
622.2,404.0421405,0.25319254,-0.43512026,422.9629148,0.000718112,-4.03e-13,15.3,3.6207743000000043,0.25247442800000003
622.3000000000001,404.0643509,0.211547179,-0.397786962,422.9629866,0.000718112,-4.03e-13,15.3,3.598635699999999,0.210829067
622.4000000000001,404.0825833,0.173635148,-0.360453663,422.9630584,0.000718112,-4.97e-13,15.3,3.5804751000000117,0.172917036
622.5,404.0972112,0.139456447,-0.32235087,422.9631302,0.000718112,-3.73e-13,15.3,3.5659190000000187,0.13873833500000002
622.6,404.1086079,0.109011075,-0.282960843,422.963202,0.000718112,-3.02e-13,15.3,3.554594100000042,0.10829296299999999
622.7,404.1171468,0.082299033,-0.243088538,422.9632738,0.000718112,0.0,15.3,3.5461270000000233,0.08158092099999999
622.8000000000001,404.1232011,0.059782018,-0.203430192,422.9633456,0.000718112,2.01e-13,15.3,3.5401445000000074,0.059063906
622.9000000000001,404.1271442,0.041770673,-0.164845122,422.9634175,0.000718112,6.71e-13,15.3,3.5362733000000155,0.041052561
623.0,404.1293494,0.027798333,-0.128083926,422.9634893,0.000718112,1.6e-12,15.3,3.5341398999999676,0.027080221
623.1,404.1301901,0.017398332,-0.094693874,422.9635611,0.000718112,3.02e-12,15.3,3.533370999999999,0.01668022
623.2,404.1304089,0.010104002,-0.064460707,422.9636329,0.000718112,0.057728246,15.3,3.533223999999972,0.009385890000000001
623.3000000000001,404.1306278,0.005448678,-0.032641468,422.9637047,0.000718112,0.124469615,15.3,3.5330768999999798,0.004730566
623.4000000000001,404.1308466,0.002965694,-0.000521268,422.9637765,0.000718112,0.202590951,15.3,3.53292990000001,0.002247582
623.5,404.1310654,0.002188383,0.031921935,422.9638483,0.03535506,0.319620554,15.3,3.532782899999983,-0.033166677
623.6,404.1312843,0.008213452,0.069005576,422.9639201,0.07539988,0.430014348,15.3,3.5326357999999907,-0.067186428
623.7,404.1315031,0.017085571,0.105805424,422.9639919,0.122272682,0.519347615,15.3,3.5324888000000207,-0.105187111
623.8000000000001,404.131722,0.029257163,0.146276309,422.9640638,0.177621434,0.63846526,15.3,3.532341799999994,-0.148364271
623.9000000000001,404.1319408,0.045180652,0.186288815,422.9918451,0.256414555,0.726817399,15.3,3.5599042999999817,-0.211233903
624.0,404.1369797,0.065308462,0.227761591,423.0239528,0.34472959,0.798908243,15.3,3.5869731000000336,-0.27942112799999996
624.1,404.1442962,0.090093018,0.269381929,423.0615228,0.416196203,0.870998771,15.3,3.6172265999999915,-0.326103185
624.2,404.1542523,0.119986741,0.30794887,423.1058737,0.51149032,0.941751104,15.3,3.651621400000021,-0.39150357900000005
624.3000000000001,404.16721,0.155442057,0.345540926,423.1583236,0.604546424,1.007669877,15.3,3.691113600000005,-0.449104367
624.4000000000001,404.1835311,0.19088632,0.37943602,423.2201911,0.705313412,1.117534499,15.3,3.7366600000000396,-0.514427092
624.5,404.2035775,0.229949974,0.414784228,423.2927944,0.819264154,1.214547648,15.3,3.789216899999996,-0.5893141799999999
624.6,404.2277114,0.272633018,0.445247653,423.377452,0.946398651,1.337263743,15.3,3.849740600000029,-0.6737656329999999
624.7,404.2562944,0.318935453,0.48368337,423.4754823,1.086716903,1.469101289,15.3,3.919187900000008,-0.76778145
624.8000000000001,404.2896888,0.368857278,0.525962192,423.5882035,1.240218909,1.600938835,15.3,3.9985146999999976,-0.871361631
624.9000000000001,404.3282562,0.422590649,0.574005672,423.7169342,1.40690467,1.732776382,15.3,4.0886780000000265,-0.9843140210000001
625.0,404.3723588,0.481096342,0.629735362,423.8629926,1.586774185,1.864613928,15.3,4.190633800000011,-1.1056778429999998
625.1,404.4223583,0.545527289,0.695072817,424.0276971,1.779827455,1.996451474,15.3,4.305338800000026,-1.234300166
625.2,404.4786169,0.617036421,0.771619329,424.2123662,1.98606448,2.12828902,15.3,4.433749299999999,-1.3690280590000001
625.3000000000001,404.5416501,0.696776671,0.859695157,424.4183181,2.205485259,2.259951051,15.3,4.576667999999994,-1.5087085880000002
625.4000000000001,404.6125884,0.785900968,0.958980043,424.6468714,2.438089793,2.390559991,15.3,4.734283000000016,-1.652188825
625.5,404.6927163,0.885562247,1.067872692,424.8993442,2.683878082,2.519062749,15.3,4.9066279,-1.7983158350000001
625.6,404.7833179,0.996913437,1.184451553,425.1770551,2.942744816,2.644406232,15.3,5.093737200000032,-1.945831379
625.7,404.8856775,1.120915315,1.306795071,425.4813224,3.21416345,2.765537351,15.3,5.295644900000024,-2.093248135
625.8000000000001,405.0010795,1.257760037,1.432981695,425.8134644,3.497502129,2.881403014,15.3,5.512384899999983,-2.239742092
625.9000000000001,405.1308081,1.407447602,1.561089871,426.1747996,3.792128999,2.991125645,15.3,5.743991499999947,-2.384681397
626.0,405.2761476,1.569978011,1.689518307,426.566562,4.097412204,3.094529728,15.3,5.990414399999974,-2.5274341930000004
626.1,405.4383823,1.745351263,1.817946742,426.9896489,4.41271989,3.191790779,15.3,6.251266600000019,-2.667368627
626.2,405.6187965,1.933567359,1.946375177,427.4448731,4.737420203,3.283786374,15.3,6.526076600000021,-2.803852844
626.3000000000001,405.8186744,2.134626299,2.074803612,427.9330474,5.070881287,3.371569604,15.3,6.814373,-2.936254988
626.4000000000001,406.0393003,2.348528082,2.203232048,428.4549849,5.412576597,3.456193561,15.3,7.115684600000019,-3.064048515
626.5,406.2819586,2.575272708,2.331660483,429.0114983,5.762400823,3.538711335,15.3,7.429539700000031,-3.187128115
626.6,406.5479334,2.814860178,2.459863888,429.6034006,6.120353967,3.620176017,15.3,7.755467200000009,-3.305493789
626.7,406.8385092,3.067290492,2.586717113,430.2315046,6.486436027,3.701465185,15.3,8.092995400000017,-3.4191455349999997
626.8000000000001,407.1549701,3.332563649,2.710869978,430.8966233,6.860647004,3.782754353,15.3,8.441653199999973,-3.5280833549999997
626.9000000000001,407.4986005,3.610544632,2.830972301,431.5995696,7.242986897,3.86404352,15.3,8.800969099999985,-3.632442265
627.0,407.8706846,3.90055835,2.945673903,432.3411562,7.633455708,3.945332688,15.3,9.170471599999996,-3.7328973579999998
627.1,408.2725068,4.201794695,3.053624604,433.1221962,8.032053435,4.026621855,15.3,9.549689400000045,-3.8302587399999997
627.2,408.7053512,4.513443559,3.153699253,433.9435025,8.438780079,4.107911023,15.3,9.938151300000026,-3.925336520000001
627.3000000000001,409.1703943,4.834694834,3.24567282,434.8058878,8.85363564,4.188607566,15.3,10.335493499999995,-4.018940806
627.4000000000001,409.6683801,5.164738412,3.329770336,435.7101651,9.276620117,4.26574836,15.3,10.741785000000004,-4.111881705
627.5,410.1999449,5.502764184,3.407116949,436.6571474,9.707733511,4.335777656,15.3,11.157202499999993,-4.204969327000001
627.6,410.7657249,5.847962042,3.479062842,437.6476474,10.14662025,4.395139706,15.3,11.581922499999973,-4.298658208
627.7,411.3663563,6.199656896,3.546958194,438.6824781,10.59150245,4.44027876,15.3,12.016121800000018,-4.3918455540000005
627.8000000000001,412.0024753,6.557713729,3.612153185,439.7624523,11.04024667,4.46763907,15.3,12.459976999999991,-4.4825329410000005
627.9000000000001,412.6747181,6.922132539,3.675997996,440.8883831,11.49071946,4.474257511,15.3,12.913664999999991,-4.568586921
628.0,413.3837208,7.292913328,3.739617777,442.0607987,11.94078737,4.45954146,15.3,13.377077900000028,-4.647874042000001
628.1,414.1301198,7.670056095,3.803237557,443.2790898,12.38831695,4.42408354,15.3,13.848970000000019,-4.7182608550000005
628.2,414.9145511,8.053560839,3.866857338,444.5423625,12.83117475,4.370846875,15.3,14.32781140000004,-4.777613911000001
628.3000000000001,415.737651,8.443427562,3.930477119,445.8497229,13.26722733,4.303387216,15.3,14.812071899999989,-4.823799768000001
628.4000000000001,416.6000556,8.839656263,3.9940969,447.2002773,13.6946968,4.22526031,15.3,15.300221699999963,-4.855040536999999
628.5,417.5024012,9.242246942,4.057716681,448.5931316,14.11322759,4.140021906,15.3,15.790730399999983,-4.870980648
628.6,418.445324,9.651199599,4.120651309,450.0273921,14.5228197,4.051227753,15.3,16.282068099999957,-4.8716201009999995
628.7,419.4294601,10.06651423,4.179475027,451.5021649,14.92347314,3.961840975,15.3,16.772704800000053,-4.856958910000001
628.8000000000001,420.4554459,10.48819085,4.226824353,453.0165561,15.3151879,3.872454197,15.3,17.26111020000003,-4.826997049999999
628.9000000000001,421.5239173,10.91581835,4.268346082,454.5696718,15.69796398,3.78306742,15.3,17.745754499999986,-4.7821456300000005
629.0,422.6355108,11.34734128,4.290171596,456.1606182,16.07180138,3.693680642,15.3,18.225107399999967,-4.7244601
629.1,423.7908623,11.77834155,4.291442553,457.7885014,16.43670011,3.604293865,15.3,18.697639099999957,-4.65835856
629.2,424.9906083,12.21220725,4.268733194,459.4524276,16.79266015,3.514907087,15.3,19.1618193,-4.580452899999999
629.3000000000001,426.2350559,12.64061719,4.221358365,461.1515028,17.13968152,3.425520309,15.3,19.616446899999982,-4.4990643299999995
629.4000000000001,427.523197,13.06305638,4.153255788,462.8848332,17.47776422,3.335922401,15.3,20.06163620000002,-4.41470784
629.5,428.8536946,13.47705826,4.058093518,464.651525,17.80690823,3.245057708,15.3,20.49783040000001,-4.3298499700000015
629.6,430.2252117,13.8801563,3.94974017,466.4506842,18.12711357,3.151659447,15.3,20.925472500000023,-4.246957269999999
629.7,431.6364111,14.27029503,3.829054088,468.2814171,18.43825355,3.054460834,15.3,21.345006000000023,-4.167958519999999
629.8000000000001,433.0859559,14.64706336,3.700146182,470.1428296,18.73969478,2.952195084,15.3,21.75687370000004,-4.09263142
629.9000000000001,434.572509,15.01046129,3.567127365,472.034028,19.03067719,2.843595412,15.3,22.161518999999952,-4.020215899999998
630.0,436.0947333,15.36048883,3.433423397,473.9541185,19.31044072,2.727606166,15.3,22.55938520000002,-3.9499518899999995
630.1,437.6512919,15.69714597,3.299719428,475.9021057,19.57822528,2.604016215,15.3,22.950813800000002,-3.8810793100000023
630.2,439.2408477,16.02043272,3.166015459,477.8765891,19.83327081,2.47303669,15.3,23.33574139999997,-3.8128380899999996
630.3000000000001,440.8620637,16.33034907,3.032311491,479.8760668,20.07481725,2.335723243,15.3,23.714003099999967,-3.7444681799999984
630.4000000000001,442.5136027,16.62689502,2.898607522,481.8990368,20.30210451,2.19334266,15.3,24.085434099999997,-3.6752094900000003
630.5,444.1941279,16.91007057,2.764903553,483.9439973,20.51449921,2.047161724,15.3,24.449869399999965,-3.604428640000002
630.6,445.902302,17.17987573,2.631199585,486.0094463,20.71187466,1.898447219,15.3,24.80714429999996,-3.5319989300000003
630.7,447.6367882,17.43631049,2.497587473,488.0938818,20.89423088,1.74846593,15.3,25.157093600000007,-3.457920389999998
630.8000000000001,449.3962493,17.67937485,2.364526503,490.1958021,21.06156785,1.598273511,15.3,25.499552799999957,-3.382193000000001
630.9000000000001,451.1793484,17.90906882,2.232567818,492.313705,21.21388558,1.448081092,15.3,25.834356600000046,-3.304816759999998
631.0,452.9847483,18.1254475,2.102262559,494.4460888,21.35118407,1.297888672,15.3,26.161340500000005,-3.2257365699999987
631.1,454.8111121,18.32878647,1.974161868,496.5914515,21.47346331,1.147696253,15.3,26.480339400000002,-3.144676839999999
631.2,456.6571026,18.51941642,1.848816888,498.7482911,21.58072332,0.997503834,15.3,26.791188500000043,-3.0613069000000017
631.3000000000001,458.5213829,18.69766802,1.726686903,500.9151057,21.67296408,0.847311414,15.3,27.093722800000034,-2.9752960600000016
631.4000000000001,460.40266,18.86387197,1.60786377,503.0903935,21.7501856,0.697423053,15.3,27.387733499999978,-2.8863136299999965
631.5,462.2998174,19.01835895,1.492255633,505.2726525,21.81238788,0.549359036,15.3,27.672835099999997,-2.7940289299999996
631.6,464.2117825,19.16145964,1.379403207,507.4603807,21.85957092,0.404943709,15.3,27.948598199999946,-2.698111279999999
631.7,466.1374828,19.29350473,1.268755348,509.6520763,21.89191714,0.266001417,15.3,28.21459349999999,-2.5984124100000017
631.8000000000001,468.0758459,19.4147698,1.159760916,511.8462373,21.91033874,0.134356505,15.3,28.470391399999993,-2.495568940000002
631.9000000000001,470.0257992,19.52530995,1.051868769,514.0413618,21.91593031,0.011833319,15.3,28.71556260000001,-2.3906203599999998
632.0,471.9862703,19.62512518,0.944527763,516.2359478,21.90978645,-0.100047856,15.3,28.94967749999996,-2.2846612699999973
632.1,473.9561867,19.7142155,0.837278614,518.4286395,21.89300178,-0.20098296,15.3,29.17245280000004,-2.178786279999997
632.2,475.9344759,19.7925809,0.730029465,520.6186645,21.86667091,-0.291276051,15.3,29.384188600000027,-2.074090009999999
632.3000000000001,477.9200653,19.86022139,0.622780317,522.8053967,21.83188843,-0.372447418,15.3,29.585331399999983,-1.9716670399999998
632.4000000000001,479.9118826,19.91713697,0.515531168,524.9882099,21.78974896,-0.446321405,15.3,29.776327300000002,-1.8726119899999993
632.5,481.9088552,19.96332763,0.408282019,527.1664777,21.74116467,-0.514722356,15.3,29.957622499999967,-1.7778370400000014
632.6,483.9099106,19.99879337,0.30103287,529.339574,21.686318,-0.579474618,15.3,30.12966339999998,-1.6875246299999986
632.7,485.9139763,20.0235342,0.194194879,531.5068725,21.62520894,-0.642402535,15.3,30.292896199999984,-1.60167474
632.8000000000001,487.9199799,20.03755011,0.08982383,533.667747,21.55783749,-0.705026394,15.3,30.447767099999975,-1.5202873799999992
632.9000000000001,489.9268488,20.04084111,-0.009613334,535.8215712,21.48420366,-0.767650253,15.3,30.594722399999977,-1.4433625499999998
633.0,491.9335106,20.03365389,-0.101649669,537.9677189,21.40430744,-0.830274112,15.3,30.734208300000045,-1.37065355
633.1,493.9388927,20.01722192,-0.183818233,540.1055639,21.31814884,-0.892897971,15.3,30.866671199999995,-1.3009269199999984
633.2,495.9419227,19.99302537,-0.255014536,542.2344799,21.22572785,-0.95552183,15.3,30.992557199999975,-1.2327024799999968
633.3000000000001,497.9415281,19.9625444,-0.310855075,544.3538406,21.12704447,-1.018145689,15.3,31.112312499999984,-1.1645000700000026
633.4000000000001,499.9368337,19.92725917,-0.349737128,546.46302,21.02209871,-1.080256215,15.3,31.226186300000006,-1.0948395400000024
633.5,501.9277539,19.88783239,-0.375988323,548.5613916,20.91089056,-1.139286741,15.3,31.33363769999995,-1.0230581699999988
633.6,503.9144002,19.84714085,-0.389904804,550.6483293,20.79342003,-1.192157265,15.3,31.43392910000001,-0.9462791800000012
633.7,505.8968843,19.80737965,-0.393953514,552.7232068,20.66999511,-1.235787789,15.3,31.526322499999946,-0.8626154599999971
633.8000000000001,507.8753179,19.76743238,-0.389238943,554.7853979,20.5421558,-1.267098311,15.3,31.610079999999993,-0.7747234200000008
633.9000000000001,509.8498126,19.72860152,-0.380555752,556.8342763,20.41175011,-1.283008832,15.3,31.684463700000048,-0.6831485899999983
634.0,511.82048,19.69088707,-0.371562446,558.8692159,20.28062604,-1.280952684,15.3,31.748735899999996,-0.5897389700000026
634.1,513.7874318,19.65428903,-0.360398342,560.8898367,20.15063158,-1.260416535,15.3,31.80240490000001,-0.49634254999999783
634.2,515.7507796,19.6188074,-0.349234239,562.8967446,20.02361473,-1.221913716,15.3,31.845965000000046,-0.404807329999997
634.3000000000001,517.7106351,19.58444218,-0.338070135,564.8907917,19.9014235,-1.168010896,15.3,31.88015660000003,-0.31698132
634.4000000000001,519.6671098,19.55119337,-0.326906032,566.8728301,19.78590588,-1.101788075,15.3,31.90572029999994,-0.23471251000000137
634.5,521.6203155,19.51906097,-0.315741928,568.843712,19.67860188,-1.026325252,15.3,31.923396500000035,-0.15954090999999693
634.6,523.5703638,19.48804498,-0.304577824,570.8042897,19.5798195,-0.944702429,15.3,31.93392590000003,-0.09177451999999775
634.7,525.5173663,19.45814541,-0.293480659,572.7554151,19.48955873,-0.859999606,15.3,31.9380488,-0.031413319999998635
634.8000000000001,527.4614347,19.42936224,-0.282785124,574.6979406,19.40781958,-0.774783449,15.3,31.936505899999997,0.021542659999997937
634.9000000000001,529.4026806,19.40169548,-0.27289285,576.6327182,19.33460204,-0.689567293,15.3,31.930037599999945,0.06709344000000073
635.0,531.3412156,19.37510497,-0.264205467,578.5606002,19.26990612,-0.604351136,15.3,31.919384599999898,0.10519884999999718
635.1,533.2771514,19.3493899,-0.257124605,580.4824386,19.21373181,-0.519134979,15.3,31.905287200000043,0.13565808999999973
635.2,535.2105996,19.32430927,-0.252051896,582.3990857,19.16607912,-0.433918822,15.3,31.888486099999977,0.1582301500000014
635.3000000000001,537.1416719,19.29962213,-0.249322029,584.3113937,19.12694805,-0.348702666,15.3,31.869721800000047,0.17267408000000017
635.4000000000001,539.0704478,19.27508748,-0.249001945,586.2202146,19.09633859,-0.264128636,15.3,31.84976679999995,0.17874889000000138
635.5,540.9968783,19.25046435,-0.251024705,588.1264006,19.07425075,-0.183407373,15.3,31.82952229999996,0.17621360000000053
635.6,542.9208821,19.22551176,-0.255055616,590.0308039,19.06068452,-0.11039164,15.3,31.80992180000005,0.16482724000000104
635.7,544.8423783,19.19998873,-0.260693049,591.9342767,19.05525463,-0.048934203,15.3,31.791898400000104,0.14473410000000086
635.8000000000001,546.7612856,19.17369445,-0.267535373,593.8376711,19.0560347,-0.002887828,15.3,31.776385500000014,0.11765974999999784
635.9000000000001,548.6775229,19.14658876,-0.275180957,595.7418392,19.06071306,0.023894719,15.3,31.764316299999972,0.085875699999999
636.0,550.591009,19.11867165,-0.283228172,597.6476334,19.06697807,0.028202802,15.3,31.75662440000003,0.05169357999999846
636.1,552.5016629,19.08994312,-0.291342325,599.5555974,19.07251805,0.009394292,15.3,31.753934499999968,0.017425070000001597
636.2,554.4094034,19.06040318,-0.299456478,601.4650423,19.07502135,-0.031888683,15.3,31.755638900000076,-0.014618169999998543
636.3000000000001,556.3141493,19.03005183,-0.307570632,603.374971,19.07217631,-0.092435485,15.3,31.760821699999905,-0.04212447999999824
636.4000000000001,558.2158194,18.99888906,-0.315684785,605.2843863,19.06167127,-0.168393349,15.3,31.768566900000064,-0.06278221000000173
636.5,560.1143328,18.96691487,-0.323798938,607.1922911,19.04157986,-0.255909509,15.3,31.777958299999977,-0.07466498999999871
636.6,562.0096081,18.93412927,-0.331913091,609.0976881,19.01151678,-0.351131201,15.3,31.78807999999999,-0.07738751000000121
636.7,563.9015643,18.90053225,-0.33989173,610.9995803,18.97148204,-0.450205657,15.3,31.79801600000003,-0.07094979000000023
636.8000000000001,565.7901203,18.86612382,-0.34638296,612.8969704,18.92147565,-0.549922241,15.3,31.806850099999973,-0.05535183000000288
636.9000000000001,567.6751948,18.83090397,-0.352596669,614.7888613,18.86149759,-0.649638825,15.3,31.81366650000002,-0.030593619999997657
637.0,569.5567068,18.79495402,-0.355696798,616.6742557,18.79154788,-0.749355409,15.3,31.817548899999974,0.0034061399999991693
637.1,571.4345751,18.75908509,-0.355544587,618.5521567,18.71162651,-0.849071993,15.3,31.817581599999993,0.047458580000000694
637.2,573.3087185,18.72257127,-0.351326951,620.4215669,18.62173348,-0.948788578,15.3,31.81284839999996,0.10083778999999993
637.3000000000001,575.179056,18.68711417,-0.34236632,622.2814892,18.52186879,-1.048505162,15.3,31.802433200000063,0.16524538000000177
637.4000000000001,577.0455713,18.65279707,-0.329201502,624.1309265,18.41203245,-1.148221746,15.3,31.78535519999998,0.24076461999999665
637.5,578.9085087,18.6201078,-0.309945041,625.9688815,18.29222445,-1.24614823,15.3,31.76037279999998,0.32788335000000046
637.6,580.7681773,18.58953423,-0.287297479,627.7943572,18.16244478,-1.325878779,15.3,31.726179899999988,0.4270894500000004
637.7,582.6248861,18.56156419,-0.261397577,629.6063563,18.02269346,-1.399038808,15.3,31.68147019999999,0.5388707299999993
637.8000000000001,584.4789444,18.53660424,-0.23305842,631.4038817,17.87404454,-1.432521705,15.3,31.62493730000001,0.6625596999999992
637.9000000000001,586.3306613,18.51473569,-0.203093093,633.1859362,17.72634153,-1.423042211,15.3,31.55527490000004,0.7883941599999993
638.0,588.1803459,18.49595852,-0.172314681,634.9515227,17.57260916,-1.359859728,15.3,31.471176800000034,0.9233493599999996
638.1,590.0283073,18.48027275,-0.141400754,636.699644,17.43271142,-1.234023757,15.3,31.371336699999983,1.0475613300000006
638.2,591.8748547,18.46767837,-0.110486828,638.4301621,17.30861946,-1.051199538,15.3,31.255307399999946,1.1590589100000024
638.3000000000001,593.7202973,18.45817538,-0.079572902,640.1463762,17.20677763,-0.790811155,15.3,31.126078899999992,1.2513977499999989
638.4000000000001,595.5649441,18.45176379,-0.048658976,641.8524445,17.13363029,-0.484175121,15.3,30.9875004,1.3181335000000018
638.5,597.4091044,18.44844359,-0.01774505,643.5525254,17.0956218,-0.134576695,15.3,30.84342099999999,1.3528217900000001
638.6,599.2530871,18.44821478,0.013168877,645.2507773,17.09812247,0.247243524,15.3,30.697690199999965,1.3500923100000009
638.7,601.0972016,18.45107736,0.044082803,646.9513583,17.14220635,0.650544939,15.3,30.55415670000009,1.3088710100000007
638.8000000000001,602.9417569,18.45703134,0.0746743,648.6584269,17.22787344,1.064586952,15.3,30.41667000000002,1.2291579000000006
638.9000000000001,604.7870622,18.46607671,0.103331222,650.3761414,17.35512374,1.480419064,15.3,30.289079200000014,1.1109529699999996
639.0,606.6334266,18.47821347,0.127129886,652.1086601,17.52395725,1.896251177,15.3,30.175233499999944,0.9542562200000013
639.1,608.4811592,18.49324817,0.14710304,653.8601412,17.73437398,2.312083289,15.3,30.078982000000064,0.7588741900000002
639.2,610.3305692,18.51021351,0.158348786,655.6347433,17.98637391,2.727915401,15.3,30.004174099999954,0.5238395999999987
639.3000000000001,612.1819657,18.5273553,0.159921656,657.4366244,18.27995706,3.143747514,15.3,29.95465870000005,0.247398239999999
639.4000000000001,614.0356579,18.54529317,0.150209506,659.2699431,18.61512341,3.559579626,15.3,29.93428519999993,-0.06983023999999816
639.5,615.8918001,18.56108598,0.128889904,661.1388575,18.99187298,3.97144556,15.3,29.947057400000016,-0.4307869999999987
639.6,617.7499277,18.57416647,0.097274388,663.0475261,19.41020576,4.359514428,15.3,29.997598400000083,-0.8360392899999987
639.7,619.6094212,18.58337387,0.054007783,665.000107,19.87012175,4.698715744,15.3,30.090685799999914,-1.28674788
639.8000000000001,621.4696611,18.58754746,0.003991984,667.0007588,20.36924125,4.969072699,15.3,30.231097699999918,-1.781693790000002
639.9000000000001,623.330028,18.58571993,-0.05182754,669.0536396,20.89566571,5.142967968,15.3,30.423611600000026,-2.3099457799999996
640.0,625.1899024,18.57769783,-0.111516214,671.1629079,21.43435286,5.197877904,15.3,30.6730055,-2.856655029999999
640.1,627.0486648,18.56348117,-0.173139463,673.3327218,21.9733166,5.113971619,15.3,30.98405699999996,-3.409835430000001
640.2,628.9056959,18.54306994,-0.235085142,675.5653361,22.49598654,4.887282934,15.3,31.359640200000012,-3.952916600000002
640.3000000000001,630.7603761,18.51646414,-0.29703082,677.8553901,22.98884849,4.523051447,15.3,31.79501399999999,-4.472384349999999
640.4000000000001,632.612086,18.48366378,-0.358976499,680.1956196,23.43762422,4.037287789,15.3,32.28353360000001,-4.9539604399999995
640.5,634.4602061,18.44466884,-0.420922177,682.5787603,23.82803547,3.457609284,15.3,32.81855419999995,-5.383366630000001
640.6,636.304117,18.39947934,-0.482867856,684.997548,24.14818373,2.806539579,15.3,33.393431000000035,-5.74870439
640.7,638.1431993,18.34809527,-0.544813534,687.4447184,24.39568927,2.107875741,15.3,34.00151910000007,-6.047593999999997
640.8000000000001,639.9768334,18.29051664,-0.605789879,689.9130072,24.57055211,1.385414837,15.3,34.63617380000001,-6.280035470000001
640.9000000000001,641.8043999,18.22674343,-0.65625031,692.3951502,24.67277224,0.658987755,15.3,35.29075029999997,-6.446028810000001
641.0,643.6252794,18.15677566,-0.70447856,694.883883,24.70234966,-0.067439328,15.3,35.95860360000002,-6.5455739999999984
641.1,645.4388523,18.08119492,-0.730558893,697.3719415,24.65928438,-0.79386641,15.3,36.63308920000004,-6.5780894599999975
641.2,647.2444993,18.00572916,-0.733375217,699.8520613,24.54357638,-1.520293492,15.3,37.30756199999992,-6.53784722
641.3000000000001,649.0416009,17.92540814,-0.707111531,702.3169781,24.35522568,-2.246720574,15.3,37.97537719999998,-6.429817540000002
641.4000000000001,650.8295376,17.8521813,-0.646921166,704.7594278,24.09423227,-2.973147656,15.3,38.62989020000005,-6.2420509699999975
641.5,652.6081552,17.7867183,-0.5565347,707.1721459,23.76059615,-3.696174103,15.3,39.26399069999998,-5.973877850000001
641.6,654.3791608,17.73250874,-0.422821733,709.5478683,23.35431732,-4.398796738,15.3,39.868707499999985,-5.62180858
641.7,656.1447264,17.69304222,-0.264728666,711.8793307,22.87539578,-5.060611749,15.3,40.434604300000004,-5.182353560000003
641.8000000000001,657.9070244,17.67180834,-0.083371592,714.1592689,22.32587192,-5.661215323,15.3,40.95224450000008,-4.6540635800000025
641.9000000000001,659.6682269,17.6717151,0.115433489,716.3804184,21.71594763,-6.193784786,15.3,41.41219150000002,-4.044232529999999
642.0,661.4305063,17.6933441,0.325870574,718.5355151,21.05786522,-6.597172916,15.3,41.80500879999995,-3.364521119999999
642.1,663.1960346,17.73669535,0.542123661,720.6172947,20.36386695,-6.895119946,15.3,42.12126010000004,-2.627171599999997
642.2,664.9669842,17.80176883,0.759346082,722.6201253,19.63804645,-7.070644103,15.3,42.35314110000009,-1.8362776200000006
642.3000000000001,666.7455273,17.88856456,0.976568502,724.544904,18.91709203,-7.127146024,15.3,42.49937669999993,-1.0285274700000002
642.4000000000001,668.533836,17.99708253,1.193790923,726.3941605,18.18879995,-7.081628884,15.3,42.56032450000005,-0.1917174199999998
642.5,670.3340827,18.12732275,1.411013344,728.1704243,17.47356117,-6.940915361,15.3,42.536341600000085,0.6537615800000012
642.6,672.1484395,18.2792852,1.628235765,729.876225,16.7815776,-6.766152672,15.3,42.427785499999985,1.4977076000000018
642.7,673.9790786,18.4529699,1.845458185,731.514092,16.11488962,-6.537001225,15.3,42.23501340000003,2.33808028
642.8000000000001,675.8281723,18.64837684,2.059784227,733.0865551,15.47349723,-6.287445965,15.3,41.95838280000005,3.1748796100000014
642.9000000000001,677.6978928,18.86550602,2.256731994,734.5961437,14.85740043,-6.034490069,15.3,41.5982509,4.008105590000001
643.0,679.5904124,19.10435744,2.406616105,736.0453874,14.26659922,-5.781534174,15.3,41.15497499999999,4.837758220000001
643.1,681.5079032,19.36319328,2.52897961,737.4368157,13.70109359,-5.528578279,15.3,40.62891250000003,5.662099690000002
643.2,683.4525375,19.6333244,2.569522911,738.7729583,13.16088356,-5.275622383,15.3,40.02042080000008,6.472440839999999
643.3000000000001,685.4264875,19.89693956,2.52317484,740.0563446,12.64596912,-5.022666488,15.3,39.329857099999984,7.25097044
643.4000000000001,687.4319254,20.16576461,2.375453504,741.2895043,12.15635026,-4.769710593,15.3,38.557578900000024,8.00941435
643.5,689.4696332,20.40721977,2.123462523,742.4749669,11.692027,-4.516862013,15.3,37.705333700000054,8.715192770000002
643.6,691.5348318,20.61826235,1.782405385,743.6152619,11.25299932,-4.264657328,15.3,36.78043009999995,9.365263029999998
643.7,693.6213519,20.78846539,1.32984266,744.712919,10.83926724,-4.013740433,15.3,35.79156710000002,9.949198149999999
643.8000000000001,695.7230241,20.90740191,0.820073946,745.7704676,10.45076635,-3.764755221,15.3,34.74744349999999,10.45663556
643.9000000000001,697.833679,20.96638279,0.258170409,746.7904373,10.08717472,-3.518345587,15.3,33.65675830000005,10.87920807
644.0,699.9471474,20.9636702,-0.338489675,747.7753578,9.748106004,-3.275155426,15.3,32.528210400000106,11.215564195999999
644.1,702.0572598,20.89926413,-0.952528034,748.7277584,9.433173866,-3.035721317,15.3,31.370498599999973,11.466090263999998
644.2,704.1578469,20.77316459,-1.569462771,749.6501174,9.141991972,-2.800150576,15.3,30.192270500000017,11.631172618
644.3000000000001,706.2427395,20.58537158,-2.186397509,750.5447067,8.874173983,-2.568335886,15.3,29.001967200000035,11.711197597
644.4000000000001,708.305768,20.33588509,-2.803332247,751.4137467,8.629333563,-2.33974067,15.3,27.807978700000103,11.706551527000002
644.5,710.3407632,20.02470513,-3.420266984,752.2594581,8.407084375,-2.113721031,15.3,26.61869489999999,11.617620755
644.6,712.3415558,19.6518317,-4.037201722,753.0840612,8.207104472,-1.889633077,15.3,25.442505399999913,11.444727228
644.7,714.3019763,19.21726479,-4.65413646,753.8897765,8.029329465,-1.666832911,15.3,24.28780020000006,11.187935325000002
644.8000000000001,716.2158555,18.7210044,-5.266984717,754.6788246,7.873759353,-1.44467664,15.3,23.16296910000001,10.847245047000001
644.9000000000001,718.0770239,18.16305055,-5.855314092,755.4534259,7.740394137,-1.222627685,15.3,22.076401999999984,10.422656413000002
645.0,719.8793123,17.54340322,-6.394605704,756.215801,7.629233816,-1.00057873,15.3,21.036488700000017,9.914169403999999
645.1,721.6165513,16.8645143,-6.860340669,756.9681703,7.54027839,-0.778529775,15.3,20.051619000000027,9.324235909999999
645.2,723.2825715,16.13864324,-7.228000105,757.7127542,7.473527861,-0.55648082,15.3,19.13018269999993,8.665115379
645.3000000000001,724.8712037,15.38050136,-7.473065132,758.4517734,7.428982226,-0.334431865,15.3,18.280569699999955,7.951519134000001
645.4000000000001,726.3762783,14.6048,-7.575103347,759.1874482,7.406641488,-0.11238291,15.3,17.51116989999998,7.198158511999999
645.5,727.7935877,13.82625048,-7.530028269,759.9219992,7.406505644,0.109193003,15.3,16.82841149999997,6.4197448360000005
645.6,729.12677,13.05956414,-7.341926379,760.6576469,7.428574697,0.327930664,15.3,16.230876900000066,5.630989443000001
645.7,730.381425,12.31945229,-7.03123008,761.3966117,7.472848644,0.540991823,15.3,15.715186699999958,4.846603645999999
645.8000000000001,731.5631523,11.62062628,-6.622458251,762.1411142,7.539043662,0.745538228,15.3,15.27796189999999,4.081582618
645.9000000000001,732.6775517,10.97534554,-6.140129777,762.8933748,7.625740625,0.938731626,15.3,14.915823099999965,3.3496049149999996
646.0,733.7302228,10.38606195,-5.608763539,763.655614,7.731236582,1.117733767,15.3,14.625391200000035,2.654825368
646.1,734.7267655,9.852775533,-5.052878419,764.4300523,7.853828581,1.280179442,15.3,14.4032868,1.9989469520000007
646.2,735.6727794,9.375486271,-4.492906818,765.2186831,7.991813672,1.425595607,15.3,14.245903700000053,1.3836725989999996
646.3000000000001,736.5738642,8.954194169,-3.932935217,766.0225917,8.143488905,1.554455306,15.3,14.148727500000017,0.810705264000001
646.4000000000001,737.4356196,8.588899228,-3.372963617,766.8426362,8.307151327,1.669123747,15.3,14.10701660000002,0.281747901000001
646.5,738.2636454,8.279601446,-2.812992016,767.6796746,8.481097989,1.772439183,15.3,14.116029200000025,-0.20149654300000108
646.6,739.0635413,8.026300824,-2.253020415,768.5345651,8.663909765,1.867239864,15.3,14.171023800000011,-0.6376089409999999
646.7,739.840907,7.828997363,-1.693048815,769.4081659,8.855302829,1.956364043,15.3,14.267258899999955,-1.0263054659999993
646.8000000000001,740.6013422,7.687691061,-1.133077214,770.301335,9.055277182,2.042649969,15.3,14.399992800000017,-1.3675861209999995
646.9000000000001,741.3504466,7.60238192,-0.575486144,771.2149307,9.263832823,2.128462854,15.3,14.564484099999913,-1.6614509029999995
647.0,742.09382,7.573069939,-0.032178255,772.149811,9.480969753,2.214275739,15.3,14.755990999999948,-1.9078998140000003
647.1,742.837062,7.599755118,0.482563269,773.106834,9.706687971,2.300088624,15.3,14.969772000000102,-2.106932852999999
647.2,743.5857725,7.681009138,0.954455246,774.0868579,9.940987478,2.385901509,15.3,15.201085400000078,-2.25997834
647.3000000000001,744.345551,7.80969041,1.369214496,775.0907408,10.18386827,2.471714394,15.3,15.445189800000048,-2.3741778599999996
647.4000000000001,745.1219973,7.977229023,1.725293364,776.1193409,10.43533036,2.557527279,15.3,15.697343600000021,-2.4581013370000004
647.5,745.9207111,8.175055068,1.972582611,777.1735163,10.69537373,2.643340164,15.3,15.952805200000011,-2.5203186619999993
647.6,746.7461495,8.394598636,2.146908295,778.254125,10.96399839,2.728314823,15.3,16.207975500000043,-2.569399754000001
647.7,747.598199,8.634931136,2.237915416,779.3620253,11.24120434,2.808260127,15.3,16.463826300000004,-2.606273203999999
647.8000000000001,748.4756032,8.864558705,2.257506627,780.4980752,11.52699158,2.875979616,15.3,16.722471999999993,-2.6624328750000004
647.9000000000001,749.3771061,9.097835386,2.21996511,781.663133,11.82085717,2.932945252,15.3,16.986026900000024,-2.723021784
648.0,750.3014514,9.319978272,2.126838516,782.8580566,12.12028643,2.967626362,15.3,17.256605200000035,-2.800308158
648.1,751.2473828,9.529559044,2.030616618,784.0837043,12.4209615,2.977160699,15.3,17.536321500000053,-2.891402456
648.2,752.2136442,9.726577702,1.907376008,785.3409342,12.72376554,2.957357132,15.3,17.827290000000016,-2.9971878380000003
648.3000000000001,753.1989794,9.911034246,1.781754868,786.630202,13.02178016,2.907377436,15.3,18.13122260000007,-3.1107459140000007
648.4000000000001,754.2021321,10.08292868,1.656133727,787.9503542,13.313288,2.830226942,15.3,18.44822210000002,-3.23035932
648.5,755.2218462,10.24226099,1.530512587,789.2998347,13.59527145,2.723595462,15.3,18.77798850000006,-3.35301046
648.6,756.2568654,10.38903119,1.404891447,790.6770877,13.86471289,2.599013669,15.3,19.120222299999977,-3.475681699999999
648.7,757.3059335,10.52323928,1.279270306,792.0805571,14.11909766,2.459343812,15.3,19.474623599999926,-3.5958583799999992
648.8000000000001,758.3677943,10.64488525,1.153649166,793.508687,14.35792282,2.309615244,15.3,19.840892699999994,-3.713037570000001
648.9000000000001,759.4411916,10.75396911,1.02889832,794.9599215,14.58118836,2.154857322,15.3,20.218729899999925,-3.8272192500000006
649.0,760.5248692,10.85049086,0.909369243,796.4327045,14.78889428,1.999261174,15.3,20.607835299999987,-3.9384034199999984
649.1,761.6175708,10.93445049,0.800283701,797.9254801,14.98104059,1.843665026,15.3,21.007909300000005,-4.0465900999999995
649.2,762.7180403,11.00637018,0.706863464,799.4366924,15.15762729,1.688068878,15.3,21.418652099999985,-4.151257110000001
649.3000000000001,763.8250215,11.06886083,0.634330299,800.9647854,15.31865437,1.53247273,15.3,21.839763899999934,-4.249793540000001
649.4000000000001,764.9372581,11.12505547,0.587905975,802.5082031,15.46412183,1.376876582,15.3,22.270944999999937,-4.33906636
649.5,766.0534939,11.17808719,0.571941965,804.0653896,15.59402968,1.221280434,15.3,22.711895699999967,-4.415942490000001
649.6,767.1728905,11.23108904,0.587308564,805.6347888,15.70837792,1.06648674,15.3,23.16189830000003,-4.47728888
649.7,768.2962803,11.28719408,0.633135476,807.214845,15.80716654,0.916507775,15.3,23.618564699999933,-4.51997246
649.8000000000001,769.4249136,11.34953536,0.705071229,808.804002,15.89039555,0.776158266,15.3,24.0790884,-4.540860189999998
649.9000000000001,770.5600406,11.42124596,0.797894054,810.4007039,15.95854641,0.650252942,15.3,24.540663300000073,-4.53730045
650.0,771.7029116,11.50493676,0.906382184,812.0033948,16.0140265,0.540352031,15.3,25.00048320000003,-4.50908974
650.1,772.8547768,11.60112993,1.025313849,813.6105186,16.05972464,0.461033761,15.3,25.45574180000001,-4.458594709999998
650.2,774.0168864,11.70982547,1.149467283,815.2205195,16.09852969,0.406546906,15.3,25.903633100000047,-4.388704219999999
650.3000000000001,775.1904907,11.83102339,1.274491012,816.8322267,16.13137776,0.38094842,15.3,26.341735999999923,-4.300354369999999
650.4000000000001,776.3768399,11.96472367,1.399514741,818.44601,16.1670158,0.383435849,15.3,26.76917009999995,-4.202292130000002
650.5,777.5771842,12.11092633,1.524538469,820.0626247,16.20247456,0.409996918,15.3,27.18544049999998,-4.091548229999999
650.6,778.7927739,12.26963137,1.649562198,821.6828257,16.24259555,0.459071401,15.3,27.590051799999923,-3.97296418
650.7,780.0248593,12.44083877,1.774585926,823.3073682,16.28978615,0.516081068,15.3,27.982508900000038,-3.848947380000002
650.8000000000001,781.2746905,12.62454855,1.899609655,824.9370074,16.34452784,0.585974692,15.3,28.36231689999995,-3.7199792900000013
650.9000000000001,782.5435178,12.8207607,2.023854328,826.5724983,16.4068206,0.660683044,15.3,28.728980499999988,-3.5860599000000004
651.0,783.8325915,13.02947523,2.143424668,828.214596,16.47666445,0.736193851,15.3,29.082004499999993,-3.447189220000002
651.1,785.1431617,13.25069213,2.25364634,829.8640556,16.55405937,0.811704658,15.3,29.420893900000078,-3.303367240000002
651.2,786.4764787,13.48394396,2.349845012,831.5216323,16.63900538,0.887215465,15.3,29.745153599999934,-3.155061420000001
651.3000000000001,787.8337928,13.72689357,2.427346351,833.1880812,16.73150246,0.962726271,15.3,30.054288400000086,-3.004608890000002
651.4000000000001,789.2163541,13.97673636,2.481476022,834.8641573,16.83155063,1.038237078,15.3,30.347803199999998,-2.8548142699999985
651.5,790.625413,14.23066771,2.508338748,836.5506157,16.93914988,1.113747885,15.3,30.6252027,-2.708482169999998
651.6,792.0618457,14.48588304,2.507155473,838.2482117,17.05430021,1.18869105,15.3,30.886365999999907,-2.568417170000002
651.7,793.5250327,14.73957774,2.478705253,839.9577002,17.17700162,1.260228364,15.3,31.13266749999998,-2.437423879999999
651.8000000000001,795.0139806,14.98894721,2.426883365,841.6798365,17.30725411,1.324953977,15.3,31.365855899999996,-2.3183068999999996
651.9000000000001,796.5276959,15.23118686,2.356364144,843.4153755,17.44471709,1.379462037,15.3,31.587679599999955,-2.2135302300000017
652.0,798.0651851,15.46395951,2.271821922,845.1650725,17.58768765,1.420346694,15.3,31.799887399999943,-2.123728139999999
652.1,799.625455,15.68679773,2.177931034,846.9296825,17.73412227,1.444202098,15.3,32.00422750000003,-2.04732454
652.2,801.2075119,15.89970153,2.079365812,848.7099606,17.88197743,1.448190039,15.3,32.20244870000006,-1.9822758999999994
652.3000000000001,802.8103625,16.10267089,1.980021534,850.5063894,18.02920963,1.431742875,15.3,32.396026899999995,-1.9265387400000016
652.4000000000001,804.4330133,16.29570583,1.880677256,852.3183618,18.17377537,1.395428249,15.3,32.58534850000008,-1.878069540000002
652.5,806.0744709,16.47880634,1.781332979,854.1449981,18.31363112,1.342084369,15.3,32.770527199999904,-1.8348247800000017
652.6,807.7337418,16.65197243,1.681988701,855.9854184,18.44673337,1.275117086,15.3,32.9516766,-1.7947609399999997
652.7,809.4098326,16.81520409,1.582644423,857.8387432,18.57137921,1.19793225,15.3,33.1289106,-1.7561751199999982
652.8000000000001,811.1017498,16.96850131,1.483300146,859.7040928,18.68722805,1.113935713,15.3,33.30234300000002,-1.718726740000001
652.9000000000001,812.8085,17.11186411,1.384306466,861.5805873,18.79427989,1.026533326,15.3,33.47208730000007,-1.6824157799999995
653.0,814.5290898,17.24529249,1.287416372,863.4673473,18.89253472,0.938563296,15.3,33.63825750000008,-1.6472422299999998
653.1,816.2625258,17.36878643,1.194733451,865.3634928,18.98199255,0.850593267,15.3,33.80096699999997,-1.613206120000001
653.2,818.0078143,17.48255631,1.108361289,867.2681443,19.06265337,0.762623237,15.3,33.96033000000007,-1.58009706
653.3000000000001,819.7639622,17.58765391,1.030403472,869.180422,19.13451719,0.674653208,15.3,34.11645979999999,-1.5468632800000002
653.4000000000001,821.5299758,17.68534138,0.962963586,871.0994462,19.19758401,0.586683179,15.3,34.2694704,-1.5122426299999994
653.5,823.3048617,17.77688089,0.907466942,873.0243373,19.25185383,0.498713149,15.3,34.41947560000001,-1.4749729400000007
653.6,825.0877949,17.86353457,0.864704552,874.9542155,19.29732664,0.411516091,15.3,34.566420600000086,-1.4337920700000026
653.7,826.8786232,17.94656458,0.834860122,876.8882011,19.33400245,0.328956862,15.3,34.70957789999996,-1.3874378699999994
653.8000000000001,828.6773629,18.02703647,0.815212049,878.8254145,19.36188126,0.255673292,15.3,34.84805159999992,-1.3348447900000018
653.9000000000001,830.4840305,18.10647664,0.803867798,880.7649759,19.38142685,0.196303208,15.3,34.98094539999995,-1.27495021
654.0,832.298642,18.18625746,0.798834306,882.7060056,19.39495813,0.155484441,15.3,35.107363600000056,-1.208700669999999
654.1,834.1212138,18.26600812,0.798471321,884.6476239,19.4052578,0.137854819,15.3,35.226410100000024,-1.1392496800000025
654.2,835.9517622,18.34585525,0.799793961,886.5889512,19.41510857,0.147279201,15.3,35.33718900000004,-1.0692533200000014
654.3000000000001,837.7903035,18.42586517,0.801023641,888.5294787,19.42729312,0.184530557,15.3,35.43917519999998,-1.00142795
654.4000000000001,839.6368539,18.50603787,0.802540982,890.470182,19.44459415,0.248835915,15.3,35.53332810000002,-0.9385562800000002
654.5,841.4914297,18.58637336,0.804168847,892.4124073,19.46979437,0.33633042,15.3,35.62097760000002,-0.8834210099999993
654.6,843.3540471,18.66687164,0.805796711,894.3575013,19.50567646,0.44237624,15.3,35.70345419999997,-0.83880482
654.7,845.2247226,18.74753271,0.807424576,896.3068103,19.55455935,0.562335548,15.3,35.782087700000105,-0.8070266400000001
654.8000000000001,847.1034723,18.82835656,0.80905244,898.2616809,19.61690682,0.691570514,15.3,35.85820859999997,-0.788550260000001
654.9000000000001,848.9903125,18.90934319,0.810950401,900.2234594,19.69271886,0.825443309,15.3,35.93314690000007,-0.7833756699999981
655.0,850.8852595,18.99049262,0.814468939,902.1934924,19.78199548,0.960089076,15.3,36.00823290000001,-0.7915028599999978
655.1,852.7883296,19.07180483,0.821228632,904.1731262,19.88473668,1.094734843,15.3,36.08479659999996,-0.8129318499999982
655.2,854.6995391,19.15344188,0.832850057,906.1637074,20.00094245,1.229380609,15.3,36.164168299999986,-0.8475005700000011
655.3000000000001,856.6189042,19.23621407,0.850953791,908.1665824,20.1306128,1.364026376,15.3,36.24767820000007,-0.8943987300000025
655.4000000000001,858.5464412,19.32109374,0.877160413,910.1830977,20.27374772,1.498672143,15.3,36.33665649999996,-0.9526539800000009
655.5,860.4821665,19.40905323,0.912820402,912.2145997,20.43034723,1.633317909,15.3,36.43243320000006,-1.0212939999999975
655.6,862.4262258,19.50106489,0.958203856,914.2624349,20.60041131,1.767963676,15.3,36.53620910000002,-1.0993464199999998
655.7,864.3792838,19.59810108,1.013040678,916.3279497,20.78393996,1.901614791,15.3,36.648665899999926,-1.1858388800000021
655.8000000000001,866.3421345,19.70113412,1.075980387,918.4124906,20.98093319,2.029297993,15.3,36.770356099999916,-1.2797990699999993
655.9000000000001,868.3155722,19.81113638,1.145402405,920.517404,21.191391,2.145045371,15.3,36.90183180000004,-1.3802546199999988
656.0,870.300391,19.92891814,1.219686156,922.6440365,21.4147166,2.242889012,15.3,37.04364549999998,-1.485798459999998
656.1,872.2973851,20.05464146,1.297211061,924.7937344,21.64792602,2.316861003,15.3,37.19634929999991,-1.5932845600000007
656.2,874.3073485,20.18830634,1.376356544,926.9678443,21.88743853,2.360993434,15.3,37.36049580000004,-1.6991321900000003
656.3000000000001,876.3310756,20.32991277,1.455772123,929.1677125,22.12967337,2.370313042,15.3,37.53663690000003,-1.799760599999999
656.4000000000001,878.3693603,20.47946076,1.535187702,931.3942081,22.3710498,2.343825177,15.3,37.72484779999998,-1.891589040000003
656.5,880.4229969,20.63695031,1.614603281,933.6462905,22.60798706,2.28252449,15.3,37.92329359999992,-1.9710367499999997
656.6,882.4927796,20.80238142,1.694018859,935.9224414,22.83690442,2.191384242,15.3,38.12966180000008,-2.034523
656.7,884.5795024,20.97575408,1.773434438,938.2211427,23.05422113,2.076372344,15.3,38.34164029999995,-2.078467049999997
656.8000000000001,886.6839596,21.1570683,1.852850017,940.5408763,23.25695322,1.94345671,15.3,38.55691670000006,-2.099884920000001
656.9000000000001,888.8069453,21.34632408,1.932265596,942.8801241,23.44450391,1.798605251,15.3,38.77317879999994,-2.098179830000003
657.0,890.9492537,21.54352142,2.010897107,945.2373678,23.6168732,1.64778588,15.3,38.98811410000003,-2.0733517799999994
657.1,893.1116788,21.74866032,2.084824207,947.6110894,23.77406109,1.495971857,15.3,39.19941059999992,-2.025400770000001
657.2,895.295015,21.96174077,2.146707019,949.9997707,23.91606757,1.344157834,15.3,39.40475569999997,-1.9543268000000005
657.3000000000001,897.5000562,22.18229235,2.199747537,952.4018936,24.04289266,1.19234381,15.3,39.60183739999998,-1.8606003099999988
657.4000000000001,899.7275967,22.40796283,2.231334946,954.8159399,24.15453634,1.040529787,15.3,39.78834319999994,-1.746573510000001
657.5,901.9784307,22.6343483,2.239400305,957.2403916,24.25099861,0.888715764,15.3,39.961960899999966,-1.6166503100000007
657.6,904.2533523,22.86336995,2.220023271,959.6737304,24.33227949,0.736901741,15.3,40.120378099999996,-1.468909540000002
657.7,906.5527792,23.08746129,2.172419776,962.1144382,24.39837896,0.586088607,15.3,40.261658999999966,-1.3109176699999985
657.8000000000001,908.8756239,23.30538096,2.100009358,964.5609969,24.44929703,0.441280807,15.3,40.385372999999916,-1.1439160699999995
657.9000000000001,911.2204225,23.51430631,1.998805951,967.0118883,24.4850337,0.308483677,15.3,40.49146579999997,-0.9707273900000004
658.0,913.5857109,23.71141469,1.881420373,969.4655943,24.5061895,0.19370255,15.3,40.57988340000004,-0.7947748099999998
658.1,915.9700252,23.89435391,1.749921564,971.9205968,24.5157671,0.102942762,15.3,40.65057159999999,-0.621413190000002
658.2,918.3719015,24.06265352,1.609013935,974.3753776,24.5173697,0.042209646,15.3,40.703476099999946,-0.45471617999999836
658.3000000000001,920.7898757,24.21631351,1.463401896,976.8284185,24.51460049,0.016507649,15.3,40.73854279999996,-0.2982869800000003
658.4000000000001,923.222484,24.3553339,1.317005788,979.278682,24.51106269,0.026837659,15.3,40.756198,-0.15572878999999773
658.5,925.6682623,24.47971467,1.170609681,981.7270519,24.51035949,0.072198788,15.3,40.75878959999996,-0.03064481999999913
658.6,928.1257468,24.58945583,1.024213573,984.1748926,24.51609409,0.14758659,15.3,40.74914580000002,0.07336173999999929
658.7,930.5934733,24.68455738,0.877817466,986.6235687,24.53186969,0.24699573,15.3,40.73009539999994,0.1526876900000005
658.8000000000001,933.069978,24.76501932,0.731421358,989.0744445,24.56068897,0.364420874,15.3,40.70446650000004,0.20433034999999933
658.9000000000001,935.553797,24.83084166,0.585025251,991.5288844,24.60315245,0.493856686,15.3,40.67508740000001,0.2276892100000012
659.0,938.0434662,24.88202438,0.439406061,993.9882528,24.65926013,0.629297834,15.3,40.644786600000046,0.22276425000000089
659.1,940.5375217,24.91856748,0.298448376,996.4539143,24.72901201,0.76573987,15.3,40.6163926,0.1895554699999984
659.2,943.0344995,24.94047098,0.166813702,998.9272331,24.8124081,0.902181907,15.3,40.59273359999993,0.12806288000000166
659.3000000000001,945.5329357,24.94820102,0.049163544,1001.409574,24.90944839,1.038623943,15.3,40.57663829999997,0.03875262999999762
659.4000000000001,948.0313663,24.94408835,-0.052192412,1003.902301,25.02013289,1.17506598,15.3,40.570934700000024,-0.07604453999999805
659.5,950.5283273,24.93092988,-0.125537201,1006.406778,25.14446159,1.311508016,15.3,40.57845070000003,-0.21353170999999804
659.6,953.0223548,24.9115225,-0.174041697,1008.924371,25.28243449,1.447950053,15.3,40.60201619999994,-0.37091198999999975
659.7,955.5123578,24.88725204,-0.194577159,1011.456443,25.4340516,1.58306292,15.3,40.64408520000002,-0.5467995600000002
659.8000000000001,957.9987369,24.86514866,-0.187920508,1014.004359,25.59931291,1.710200768,15.3,40.705622099999985,-0.7341642499999992
659.9000000000001,960.4822656,24.843776,-0.157956329,1016.569484,25.77821843,1.818290502,15.3,40.787218399999986,-0.9344424300000007
660.0,962.9637175,24.82734206,-0.106994309,1019.153181,25.96997064,1.908651333,15.3,40.88946349999999,-1.1426285800000002
660.1,965.4438662,24.81817757,-0.046751413,1021.756815,26.17058205,1.964014013,15.3,41.01294879999996,-1.3524044800000006
660.2,967.9234852,24.8167487,0.025166314,1024.381751,26.3734088,1.9795016,15.3,41.15826579999994,-1.5566600999999984
660.3000000000001,970.4033481,24.82305545,0.101745546,1027.029353,26.5792424,1.948468244,15.3,41.32600489999989,-1.75618695
660.4000000000001,972.8842285,24.83709781,0.179101695,1029.700347,26.77772132,1.869584777,15.3,41.51611850000002,-1.9406235100000018
660.5,975.3668998,24.85887579,0.256457845,1032.392909,26.96591939,1.747278443,15.3,41.726009199999865,-2.107043600000001
660.6,977.8521358,24.88838938,0.333813995,1035.104573,27.13905159,1.578900863,15.3,41.952437200000034,-2.2506622100000016
660.7,980.3407099,24.92563859,0.411170144,1037.832877,27.29233292,1.381721285,15.3,42.19216710000008,-2.3666943300000014
660.8000000000001,982.8333957,24.97062341,0.488526294,1040.575358,27.42177586,1.160616651,15.3,42.44196230000007,-2.4511524499999986
660.9000000000001,985.3309668,25.02334385,0.565882444,1043.329551,27.52658292,0.92356198,15.3,42.698584199999985,-2.5032390699999993
661.0,987.8341967,25.0837999,0.642826639,1046.092992,27.60675409,0.67853229,15.3,42.95879530000009,-2.52295419
661.1,990.343859,25.15199157,0.717299111,1048.863219,27.66228938,0.43217343,15.3,43.21936000000012,-2.510297810000001
661.2,992.8607272,25.22791885,0.786828134,1051.637768,27.69318878,0.18581457,15.3,43.47704080000001,-2.4652699300000016
661.3000000000001,995.3855749,25.31133457,0.848941984,1054.414175,27.69945229,-0.06054429,15.3,43.72860009999984,-2.3881177200000003
661.4000000000001,997.9191757,25.40100288,0.902468308,1057.189977,27.68107992,-0.306903149,15.3,43.97080130000002,-2.2800770399999983
661.5,1000.462303,25.49544073,0.941037271,1059.962709,27.63807166,-0.553262009,15.3,44.20040599999989,-2.142630930000003
661.6,1003.015731,25.59316509,0.966487213,1062.729909,27.57042752,-0.799620869,15.3,44.41417799999995,-1.9772624299999997
661.7,1005.580034,25.69347255,0.977106809,1065.489112,27.47814749,-1.04514733,15.3,44.609078000000025,-1.7846749400000022
661.8000000000001,1008.154999,25.79254121,0.973308015,1068.237856,27.36123157,-1.285679395,15.3,44.78285699999999,-1.5686903600000015
661.9000000000001,1010.740212,25.8912269,0.957150599,1070.973677,27.21967977,-1.516222671,15.3,44.93346499999991,-1.3284528699999996
662.0,1013.335259,25.98726696,0.929806917,1073.69411,27.05399152,-1.731782762,15.3,45.05885099999996,-1.0667245600000008
662.1,1015.939729,26.07942554,0.897646802,1076.396693,26.86666402,-1.927365274,15.3,45.15696399999986,-0.7872384800000027
662.2,1018.553209,26.16745545,0.859243869,1079.078962,26.66069391,-2.09797581,15.3,45.22575300000001,-0.4932384600000006
662.3000000000001,1021.175285,26.2513567,0.818369212,1081.738453,26.43907783,-2.239452377,15.3,45.26316799999991,-0.1877211299999999
662.4000000000001,1023.805544,26.33112929,0.777082601,1084.373102,26.20481241,-2.350962573,15.3,45.267557999999966,0.12631688000000096
662.5,1026.443575,26.40677322,0.735795989,1086.982444,25.96089428,-2.4333388,15.3,45.23886899999998,0.44587894000000006
662.6,1029.088963,26.47828849,0.694509378,1089.566411,25.7103201,-2.490743051,15.3,45.1774480000001,0.7679683900000001
662.7,1031.741297,26.5456751,0.653222767,1092.124939,25.45608648,-2.528169723,15.3,45.08364200000001,1.0895886200000007
662.8000000000001,1034.400163,26.60893304,0.611936155,1094.65796,25.20069063,-2.55061321,15.3,44.957796999999985,1.4082424099999997
662.9000000000001,1037.065148,26.66806233,0.570649544,1097.165408,24.944632,-2.563067907,15.3,44.800260000000165,1.723430330000003
663.0,1039.735839,26.72306295,0.528563842,1099.647218,24.68791057,-2.57052821,15.3,44.61137900000013,2.0351523799999995
663.1,1042.411825,26.77393492,0.481683597,1102.103322,24.43052636,-2.577156113,15.3,44.39149700000003,2.3434085599999968
663.2,1045.092691,26.82067822,0.425214265,1104.533655,24.17247935,-2.583784016,15.3,44.1409639999999,2.6481988700000016
663.3000000000001,1047.778025,26.8628134,0.354361303,1106.938149,23.91376955,-2.590411919,15.3,43.860124,2.949043849999999
663.4000000000001,1050.467414,26.8979432,0.264330168,1109.31674,23.65439697,-2.597039822,15.3,43.54932600000002,3.2435462299999998
663.5,1053.160445,26.92319089,0.150326317,1111.66936,23.39436159,-2.603667725,15.3,43.20891500000012,3.5288293000000017
663.6,1055.856705,26.93567973,0.008354296,1113.995944,23.13366342,-2.610295629,15.3,42.83923900000009,3.802016309999999
663.7,1058.555399,26.93253302,-0.162384985,1116.296424,22.87230246,-2.617051405,15.3,42.44102499999981,4.060230560000001
663.8000000000001,1061.254194,26.91087401,-0.361092435,1118.570735,22.61027872,-2.62457442,15.3,42.01654099999992,4.30059529
663.9000000000001,1063.950377,26.86782598,-0.583772602,1120.818811,22.34759218,-2.633631914,15.3,41.56843400000021,4.5202338
664.0,1066.641235,26.80051221,-0.825630942,1123.040585,22.08416612,-2.644991126,15.3,41.099349999999916,4.716346090000002
664.1,1069.324051,26.70653543,-1.081872912,1125.235991,21.81961694,-2.659419294,15.3,40.61193999999996,4.886918489999999
664.2,1071.996113,26.58541617,-1.347703968,1127.404963,21.55348427,-2.677683658,15.3,40.10885000000003,5.0319319
664.3000000000001,1074.654706,26.43715445,-1.618329568,1129.547434,21.28530779,-2.700423584,15.3,39.59272800000004,5.15184666
664.4000000000001,1077.297115,26.26175026,-1.889754258,1131.663276,21.01462714,-2.727766945,15.3,39.06616099999992,5.247123119999998
664.5,1079.920627,26.0592036,-2.161178949,1133.752118,20.74098198,-2.759585869,15.3,38.531491000000145,5.318221619999999
664.6,1082.522527,25.82951447,-2.432603639,1135.813523,20.46391197,-2.795240988,15.3,37.99099599999995,5.365602499999998
664.7,1085.100101,25.57268287,-2.70402833,1137.847057,20.18295677,-2.833965064,15.3,37.44695599999996,5.389726100000001
664.8000000000001,1087.650635,25.2887088,-2.97545302,1139.852287,19.89773275,-2.874990857,15.3,36.90165199999997,5.390976049999999
664.9000000000001,1090.171414,24.97759227,-3.24687771,1141.828777,19.6081632,-2.917551129,15.3,36.357363000000035,5.369429069999999
665.0,1092.659724,24.63933326,-3.518302401,1143.776092,19.3142481,-2.96087864,15.3,35.81636799999997,5.32508516
665.1,1095.112852,24.27393179,-3.788167349,1145.693799,19.01598747,-3.004334024,15.3,35.28094699999993,5.25794432
665.2,1097.528082,23.88138784,-4.048673845,1147.581463,18.7133813,-3.047789408,15.3,34.75338099999995,5.168006539999997
665.3000000000001,1099.902701,23.46170143,-4.290463437,1149.438648,18.40642959,-3.091244793,15.3,34.23594700000008,5.055271840000003
665.4000000000001,1102.233994,23.01580839,-4.504177672,1151.264921,18.09513234,-3.134700177,15.3,33.73092700000002,4.920676050000001
665.5,1104.519246,22.54838796,-4.680458098,1153.059847,17.77948955,-3.178155561,15.3,33.24060099999993,4.7688984099999985
665.6,1106.755745,22.0650552,-4.809946263,1154.822992,17.45950123,-3.221610945,15.3,32.76724700000018,4.605553969999999
665.7,1108.940775,21.57142518,-4.884843457,1156.55392,17.13516736,-3.265066329,15.3,32.313145000000034,4.436257819999998
665.8000000000001,1111.072371,21.07311298,-4.903589938,1158.252198,16.80648796,-3.308562045,15.3,31.87982699999993,4.266625020000003
665.9000000000001,1113.151562,20.57573367,-4.867745447,1159.917391,16.47346302,-3.35229975,15.3,31.46582899999994,4.102270650000001
666.0,1115.180126,20.08490232,-4.785108696,1161.549064,16.13609254,-3.396521434,15.3,31.06893800000007,3.9488097800000013
666.1,1117.159841,19.606234,-4.665038135,1163.146782,15.79435232,-3.441469085,15.3,30.686941000000115,3.811881680000001
666.2,1119.092484,19.14440793,-4.516892218,1164.710112,15.44812138,-3.487384694,15.3,30.317627999999967,3.69628655
666.3000000000001,1120.979833,18.70035997,-4.350029397,1166.238618,15.0972545,-3.534510249,15.3,29.95878499999999,3.603105470000001
666.4000000000001,1122.823667,18.2740901,-4.173808123,1167.731866,14.74160651,-3.583047409,15.3,29.608199000000194,3.5324835899999982
666.5,1124.625762,17.86559834,-3.996027107,1169.189402,14.3810322,-3.633036504,15.3,29.263640000000077,3.4845661399999983
666.6,1126.387898,17.47488468,-3.818246091,1170.610695,14.01538639,-3.684437204,15.3,28.922797000000127,3.459498289999999
666.7,1128.11185,17.10194912,-3.640465075,1171.995194,13.64452388,-3.73704785,15.3,28.58334400000008,3.457425240000001
666.8000000000001,1129.799398,16.74679167,-3.462684059,1173.342349,13.26829947,-3.790626453,15.3,28.242950999999902,3.4784922
666.9000000000001,1131.45232,16.40941231,-3.284903044,1174.651608,12.88659218,-3.844931024,15.3,27.899287999999796,3.5228201300000013
667.0,1133.072392,16.08981106,-3.107122028,1175.922421,12.4993778,-3.899719574,15.3,27.55002899999995,3.5904332599999993
667.1,1134.661393,15.78798791,-2.93054821,1177.154237,12.10665633,-3.954750113,15.3,27.192843999999877,3.68133158
667.2,1136.2211,15.50394286,-2.761217582,1178.346506,11.70842778,-4.009820984,15.3,26.82540600000011,3.7955150800000013
667.3000000000001,1137.753292,15.23767591,-2.606373334,1179.498676,11.30469213,-4.064891854,15.3,26.44538399999983,3.9329837800000007
667.4000000000001,1139.259746,14.98846274,-2.473258654,1180.610198,10.8954494,-4.119962725,15.3,26.05045200000013,4.093013339999999
667.5,1140.742241,14.75268176,-2.369116732,1181.68052,10.48069959,-4.175033596,15.3,25.638278999999965,4.271982169999999
667.6,1142.202553,14.52598706,-2.301190759,1182.709091,10.06044269,-4.230104466,15.3,25.206537999999863,4.46554437
667.7,1143.64246,14.30403271,-2.275516725,1183.695362,9.634678695,-4.285175337,15.3,24.752901999999903,4.669354015
667.8000000000001,1145.063162,14.08247282,-2.293301829,1184.63878,9.203407618,-4.339409001,15.3,24.275618000000076,4.879065202
667.9000000000001,1146.463538,13.85696145,-2.353338872,1185.538797,8.766629454,-4.385998268,15.3,23.77525899999996,5.090331996
668.0,1147.84189,13.62315271,-2.449591863,1186.39486,8.324344203,-4.427441753,15.3,23.252970000000186,5.298808506999999
668.1,1149.196518,13.37670067,-2.574817613,1187.206419,7.877054188,-4.451877623,15.3,22.709901000000126,5.499646482
668.2,1150.525725,13.11398373,-2.721772932,1187.972924,7.428843725,-4.455878916,15.3,22.147198999999954,5.685140004999999
668.3000000000001,1151.82781,12.8342776,-2.883214629,1188.693823,6.978213644,-4.434764024,15.3,21.566013000000066,5.856063956
668.4000000000001,1153.101075,12.53758225,-3.051899517,1189.368566,6.532281044,-4.384346915,15.3,20.967491000000063,6.0053012059999995
668.5,1154.343821,12.22389769,-3.221791602,1189.997005,6.093102104,-4.306411544,15.3,20.35318400000001,6.130795586
668.6,1155.554349,11.89322393,-3.391683688,1190.580597,5.663485788,-4.194273263,15.3,19.726247999999895,6.2297381419999995
668.7,1156.73096,11.54556096,-3.561575774,1191.121204,5.246446039,-4.0589567,15.3,19.090243999999938,6.299114920999999
668.8000000000001,1157.871956,11.18090877,-3.731467859,1191.620685,4.844996799,-3.903888817,15.3,18.44872900000014,6.335911971000001
668.9000000000001,1158.975637,10.79926738,-3.901359945,1192.080901,4.461649686,-3.733751223,15.3,17.805264000000033,6.3376176939999995
669.0,1160.040304,10.40063678,-4.071252031,1192.503712,4.096907024,-3.553567154,15.3,17.163407999999844,6.303729755999999
669.1,1161.064259,9.985016977,-4.239831332,1192.89098,3.750768814,-3.368359848,15.3,16.526720999999906,6.234248163
669.2,1162.045802,9.552407961,-4.400533931,1193.244564,3.423235055,-3.182315337,15.3,15.898761999999987,6.129172906
669.3000000000001,1162.983235,9.102809737,-4.545483122,1193.566325,3.114305747,-2.996270825,15.3,15.283090000000083,5.98850399
669.4000000000001,1163.874858,8.637009974,-4.666802203,1193.858123,2.82398089,-2.810226313,15.3,14.683265000000073,5.813029084
669.5,1164.718974,8.158947025,-4.75661447,1194.121819,2.552260484,-2.624181801,15.3,14.10284500000007,5.606686541
669.6,1165.513882,7.673346911,-4.80704322,1194.359273,2.29914453,-2.438137289,15.3,13.545391000000063,5.374202381
669.7,1166.257884,7.184935655,-4.811524533,1194.572345,2.064633026,-2.252092777,15.3,13.014460999999937,5.120302629
669.8000000000001,1166.949912,6.698439279,-4.768745626,1194.762897,1.848725974,-2.066505547,15.3,12.512985000000025,4.849713305
669.9000000000001,1167.591416,6.218583805,-4.680019282,1194.932788,1.651423373,-1.883662008,15.3,12.041372000000091,4.567160432
670.0,1168.184479,5.750095254,-4.55190942,1195.083879,1.472725223,-1.706305852,15.3,11.599400000000013,4.277370030999999
670.1,1168.731183,5.297699649,-4.392292744,1195.218031,1.312357156,-1.537180768,15.3,11.186848000000008,3.985342493
670.2,1169.23361,4.865335342,-4.209045959,1195.337104,1.168947325,-1.379030449,15.3,10.803493999999954,3.696388017
670.3000000000001,1169.693841,4.453790003,-4.010045766,1195.442957,1.040849515,-1.234598585,15.3,10.449115999999957,3.4129404880000003
670.4000000000001,1170.113958,4.063063632,-3.80316887,1195.537453,0.926417513,-1.106171586,15.3,10.123495000000002,3.1366461190000003
670.5,1170.496044,3.693156229,-3.59497919,1195.622231,0.824005104,-0.994206734,15.3,9.826187000000072,2.869151125
670.6,1170.84218,3.344067794,-3.38678951,1195.698055,0.731966072,-0.898246746,15.3,9.555874999999968,2.612101722
670.7,1171.154448,3.015798327,-3.17859983,1195.765468,0.648654204,-0.816005213,15.3,9.311020000000052,2.367144123
670.8000000000001,1171.43493,2.708347828,-2.97041015,1195.825014,0.572423284,-0.744738445,15.3,9.090084000000115,2.135924544
670.9000000000001,1171.685708,2.421716297,-2.762220469,1195.877235,0.501901468,-0.68170275,15.3,8.89152699999995,1.9198148290000001
671.0,1171.908864,2.155903735,-2.554030789,1195.922676,0.436814385,-0.624154438,15.3,8.713811999999916,1.71908935
671.1,1172.106479,1.91091014,-2.346362844,1195.961881,0.377162037,-0.569349816,15.3,8.555401999999912,1.533748103
671.2,1172.280637,1.686735513,-2.14182531,1195.995391,0.322944422,-0.515002477,15.3,8.414753999999856,1.363791091
671.3000000000001,1172.433417,1.483379854,-1.943548595,1196.023752,0.274161541,-0.460655137,15.3,8.290335000000095,1.209218313
671.4000000000001,1172.566903,1.300530122,-1.754663112,1196.047506,0.230813395,-0.406307797,15.3,8.1806030000002,1.069716727
671.5,1172.683176,1.136621112,-1.578299269,1196.067198,0.192899982,-0.351960457,15.3,8.084021999999958,0.94372113
671.6,1172.784319,0.989774577,-1.417587478,1196.083369,0.160421303,-0.297613118,15.3,7.999049999999851,0.829353274
671.7,1172.872412,0.858112272,-1.275136414,1196.096564,0.133377358,-0.243265778,15.3,7.924152000000003,0.7247349139999999
671.8000000000001,1172.949288,0.739755951,-1.151467811,1196.107327,0.111768148,-0.189135531,15.3,7.858038999999916,0.627987803
671.9000000000001,1173.015776,0.632827367,-1.046059934,1196.116201,0.095593671,-0.13630784,15.3,7.800425000000086,0.5372336959999999
672.0,1173.072456,0.535448274,-0.956304109,1196.123729,0.084853928,-0.086085262,15.3,7.751272999999809,0.4505943459999999
672.1,1173.119907,0.445740425,-0.876031155,1196.130454,0.079418663,-0.039770352,15.3,7.710547000000087,0.366321762
672.2,1173.158708,0.362138617,-0.795577075,1196.136921,0.078636599,0.001334334,15.3,7.678213000000095,0.28350201799999997
672.3000000000001,1173.189438,0.284329807,-0.713018333,1196.143672,0.081726201,0.036914615,15.3,7.654233999999814,0.202603606
672.4000000000001,1173.212677,0.214137258,-0.626431393,1196.151252,0.087905937,0.063148119,15.3,7.638575000000127,0.126231321
672.5,1173.229004,0.155481122,-0.53249992,1196.160099,0.096394271,0.082098222,15.3,7.631094999999913,0.059086850999999996
672.6,1173.238999,0.107637274,-0.437652658,1196.170236,0.107002697,0.093678301,15.3,7.631237000000009,0.0006345770000000112
672.7,1173.24324,0.06988159,-0.340391645,1196.181582,0.117307535,0.098745599,15.3,7.63834199999992,-0.04742594500000001
672.8000000000001,1173.243766,0.041489944,-0.250371882,1196.194053,0.127895532,0.098602673,15.3,7.650286999999889,-0.086405588
672.9000000000001,1173.244292,0.021738213,-0.170632135,1196.20757,0.137933182,0.0935637,15.3,7.663277999999945,-0.11619496899999998
673.0,1173.244818,0.009902271,-0.107705995,1196.222049,0.147153296,0.08766815,15.3,7.677231000000074,-0.137251025
673.1,1173.245343,0.005257992,-0.060386586,1196.237409,0.155555874,0.079938107,15.3,7.692066000000022,-0.15029788200000002
673.2,1173.245869,0.005257992,-0.027467034,1196.253569,0.163140917,0.071762751,15.3,7.707699999999885,-0.157882925
673.3000000000001,1173.246395,0.005257992,-0.007740463,1196.270446,0.169908425,0.063587395,15.3,7.724051000000099,-0.164650433
673.4000000000001,1173.246921,0.005257992,-2.11e-11,1196.287959,0.175858396,0.055412039,15.3,7.741038000000071,-0.170600404
673.5,1173.247447,0.005257992,-1.04e-11,1196.306026,0.180990832,0.047236682,15.3,7.758579000000008,-0.17573284
673.6,1173.247972,0.005257992,-4.74e-13,1196.324566,0.185305733,0.039061326,15.3,7.776594000000113,-0.180047741
673.7,1173.248498,0.005257992,1.25e-12,1196.343496,0.188803098,0.03088597,15.3,7.794998000000032,-0.183545106
673.8000000000001,1173.249024,0.005257992,1.67e-12,1196.362735,0.191482927,0.02273668,15.3,7.813710999999966,-0.186224935
673.9000000000001,1173.24955,0.005257992,1.67e-12,1196.382202,0.19334522,0.014743782,15.3,7.832652000000007,-0.18808722800000002
674.0,1173.250076,0.005257992,-1.89e-13,1196.401813,0.194389978,0.007063671,15.3,7.851736999999911,-0.189131986
674.1,1173.250601,0.005257992,-1.89e-13,1196.421488,0.19463284,-0.00014726,15.3,7.870886999999993,-0.189374848
674.2,1173.251127,0.005257992,-1.99e-12,1196.441145,0.194152002,-0.006732618,15.3,7.890018000000008,-0.18889401
674.3000000000001,1173.251653,0.005257992,-1.99e-12,1196.460703,0.193041301,-0.01253601,15.3,7.909049999999933,-0.187783309
674.4000000000001,1173.252179,0.005257992,-1.49e-12,1196.480078,0.191394571,-0.017427107,15.3,7.927898999999979,-0.18613657900000002
674.5,1173.252705,0.005257992,-1.19e-12,1196.499203,0.18930565,-0.021379846,15.3,7.946497999999973,-0.184047658
674.6,1173.25323,0.005257992,0.0,1196.518057,0.186868373,-0.02442029,15.3,7.964826999999968,-0.18161038100000002
674.7,1173.253756,0.005257992,0.0,1196.536635,0.184176576,-0.026678769,15.3,7.9828789999998655,-0.17891858400000002
674.8000000000001,1173.254282,0.005257992,1.19e-12,1196.554929,0.181324095,-0.028311674,15.3,8.000646999999798,-0.176066103
674.9000000000001,1173.254808,0.005257992,1.49e-12,1196.572933,0.178389126,-0.029475399,15.3,8.018125000000008,-0.17313113400000002
675.0,1173.255334,0.005257992,2.98e-12,1196.59064,0.17538731,-0.030326338,15.3,8.035305999999945,-0.170129318
675.1,1173.255859,0.005257992,5.96e-12,1196.608044,0.172318646,-0.031020884,15.3,8.052184999999962,-0.167060654
675.2,1173.256385,0.005257992,8.34e-12,1196.625137,0.169183133,-0.031689364,15.3,8.068752000000085,-0.16392514100000002
675.3000000000001,1173.256911,0.005257992,1.39e-11,1196.641914,0.165980773,-0.032357844,15.3,8.085003000000096,-0.160722781
675.4000000000001,1173.257437,0.005257992,3.57e-11,1196.658367,0.162711564,-0.033026325,15.3,8.100930000000016,-0.157453572
675.5,1173.257963,0.005257992,0.104599034,1196.67449,0.159375508,-0.033694805,15.3,8.116527000000087,-0.154117516
675.6,1173.258488,0.005257992,0.215821975,1196.690275,0.155972603,-0.034363285,15.3,8.131786999999985,-0.150714611
675.7,1173.259014,0.005257992,0.332966002,1196.705718,0.152502851,-0.035031765,15.3,8.146703999999954,-0.147244859
675.8000000000001,1173.25954,0.068017413,0.455328292,1196.720809,0.14896625,-0.035700245,15.3,8.161268999999901,-0.080948837
675.9000000000001,1173.260066,0.134751178,0.582206023,1196.735544,0.145362802,-0.0361507,15.3,8.175477999999838,-0.010611624000000014
676.0,1173.260592,0.205037594,0.712896374,1196.749915,0.141692505,-0.036702966,15.3,8.189323000000012,0.063345089
676.1,1173.261117,0.278454968,0.742097488,1196.763916,0.13795536,-0.036724572,15.3,8.202799000000095,0.14049960800000003
676.2,1173.311851,0.354581606,0.767081671,1196.77754,0.134285064,-0.036048562,15.3,8.16568900000011,0.22029654199999998
676.3000000000001,1173.365764,0.432995817,0.683249887,1196.79078,0.130454948,-0.03450045,15.3,8.12501600000014,0.302540869
676.4000000000001,1173.422518,0.513275906,0.588577265,1196.803629,0.126931507,-0.031862211,15.3,8.081110999999918,0.38634439899999995
676.5,1173.481778,0.59500018,0.483766624,1196.816082,0.123733665,-0.028138645,15.3,8.034303999999974,0.471266515
676.6,1173.543205,0.614987526,0.369520789,1196.828148,0.120992235,-0.022733949,15.3,7.984943000000111,0.49399529099999995
676.7,1173.606462,0.631601326,0.24654258,1196.839908,0.118838034,-0.016243927,15.3,7.933445999999957,0.5127632919999999
676.8000000000001,1173.671212,0.644841581,0.11553482,1196.851461,0.117401877,-0.008663778,15.3,7.880249000000003,0.527439704
676.9000000000001,1173.737118,0.65470829,0.081799365,1196.862903,0.116814578,-0.000211527,15.3,7.82578499999995,0.537893712
677.0,1173.803841,0.661201454,0.048063909,1196.874334,0.117185151,0.008894801,15.3,7.770493000000169,0.5440163029999999
677.1,1173.871045,0.664321072,0.014328454,1196.88585,0.118535398,0.018437179,15.3,7.714804999999796,0.545785674
677.2,1173.938392,0.664067145,-0.019231288,1196.897551,0.120865319,0.028197583,15.3,7.659158999999999,0.543201826
677.3000000000001,1174.005545,0.660439672,-0.051736751,1196.909533,0.124174915,0.037994324,15.3,7.603988000000026,0.536264757
677.4000000000001,1174.072166,0.653438653,-0.082133656,1196.921896,0.128464184,0.047791066,15.3,7.549730000000135,0.524974469
677.5,1174.137919,0.643169517,-0.109367723,1196.934736,0.133733128,0.057587807,15.3,7.496816999999918,0.509436389
677.6,1174.202466,0.630159403,-0.132910989,1196.948153,0.139981746,0.067384549,15.3,7.445687000000088,0.49017765699999993
677.7,1174.265469,0.615040879,-0.150130226,1196.962243,0.147210038,0.07718129,15.3,7.396774000000004,0.46783084100000005
677.8000000000001,1174.326592,0.598446511,-0.161725817,1196.977105,0.155418004,0.086978032,15.3,7.350513000000046,0.443028507
677.9000000000001,1174.38558,0.580693078,-0.166995732,1196.992837,0.164605644,0.096734145,15.3,7.307257000000117,0.41608743400000003
678.0,1174.442519,0.563360518,-0.166115685,1197.009536,0.174772958,0.10624649,15.3,7.267017000000077,0.38858755999999994
678.1,1174.497578,0.546134027,-0.159964242,1197.027301,0.185919947,0.1152713,15.3,7.229723000000103,0.36021408
678.2,1174.550924,0.529961964,-0.149069365,1197.04623,0.198022233,0.123564805,15.3,7.195306000000027,0.33193973099999996
678.3000000000001,1174.602726,0.515371468,-0.136064284,1197.066421,0.210957932,0.130883238,15.3,7.163694999999915,0.304413536
678.4000000000001,1174.653154,0.502467966,-0.120424327,1197.087971,0.224580784,0.137292515,15.3,7.134816999999838,0.27788718199999995
678.5,1174.702376,0.49125146,-0.103730092,1197.110979,0.238744527,0.141660444,15.3,7.108603000000084,0.25250693299999993
678.6,1174.750561,0.481721948,-0.086860143,1197.135523,0.253302901,0.144875449,15.3,7.084961999999859,0.228419047
678.7,1174.797877,0.473879431,-0.069990194,1197.161603,0.268295456,0.146668474,15.3,7.063726000000042,0.20558397500000003
678.8000000000001,1174.844494,0.467723909,-0.053120245,1197.189201,0.283018499,0.147242658,15.3,7.0447069999999705,0.18470541000000001
678.9000000000001,1174.890579,0.463255382,-0.036250296,1197.218297,0.297883201,0.146841771,15.3,7.027718000000004,0.165372181
679.0,1174.936301,0.46047385,-0.019380347,1197.248873,0.312581868,0.145399895,15.3,7.012572000000045,0.14789198200000003
679.1,1174.98183,0.459379313,-0.002510398,1197.280909,0.327090122,0.144089852,15.3,6.999079000000119,0.13228919100000003
679.2,1175.027334,0.45997177,0.014331376,1197.314386,0.341407964,0.142226356,15.3,6.987051999999903,0.118563806
679.3000000000001,1175.072981,0.462251223,0.031004097,1197.349285,0.355535393,0.140322232,15.3,6.976303999999981,0.10671583000000001
679.4000000000001,1175.11894,0.46621767,0.047338713,1197.385588,0.36947241,0.138418109,15.3,6.966648000000031,0.09674526
679.5,1175.165381,0.471854207,0.063166172,1197.423275,0.383219015,0.136513985,15.3,6.957894000000078,0.08863519200000003
679.6,1175.212471,0.479076308,0.078317421,1197.462327,0.396775207,0.134609861,15.3,6.949855999999908,0.08230110099999999
679.7,1175.26038,0.487782541,0.092623408,1197.502725,0.410140987,0.132705738,15.3,6.942345000000113,0.077641554
679.8000000000001,1175.309275,0.497871474,0.105943256,1197.544451,0.423316355,0.130801614,15.3,6.93517599999991,0.074555119
679.9000000000001,1175.359313,0.509241676,0.11824879,1197.587484,0.43630131,0.128885281,15.3,6.928170999999974,0.07294036600000003
680.0,1175.410595,0.521791715,0.129568184,1197.631806,0.449095853,0.126895692,15.3,6.921211000000039,0.072695862
680.1,1175.463207,0.535420161,0.140042316,1197.677398,0.461699983,0.124759592,15.3,6.914191000000027,0.07372017800000003
680.2,1175.517238,0.550025582,0.149840238,1197.724241,0.474106376,0.122403725,15.3,6.907002999999985,0.07591920599999996
680.3000000000001,1175.572774,0.565523451,0.159131003,1197.772316,0.486278403,0.119754834,15.3,6.899542000000064,0.07924504799999998
680.4000000000001,1175.629904,0.581896863,0.168083663,1197.821604,0.49817211,0.116739665,15.3,6.891700000000082,0.08372475299999999
680.5,1175.688716,0.599145818,0.176867271,1197.872085,0.509743545,0.11329717,15.3,6.883368999999856,0.08940227300000003
680.6,1175.749296,0.617270317,0.185622703,1197.923736,0.520948753,0.109415141,15.3,6.874440000000003,0.09632156400000003
680.7,1175.811732,0.636270359,0.194378135,1197.976507,0.531743782,0.105105787,15.3,6.86477500000019,0.1045265769999999
680.8000000000001,1175.876112,0.656145944,0.203133568,1198.030344,0.542084678,0.100430154,15.3,6.854232000000092,0.114061266
680.9000000000001,1175.942523,0.676897073,0.211889,1198.085193,0.551927487,0.095461498,15.3,6.842669999999952,0.12496958599999997
681.0,1176.011054,0.698523744,0.220644432,1198.141,0.561235582,0.090273074,15.3,6.829946000000017,0.13728816199999994
681.1,1176.08179,0.721025959,0.229399865,1198.197711,0.570001637,0.084938139,15.3,6.8159210000000705,0.15102432200000004
681.2,1176.154821,0.744403717,0.238155297,1198.255272,0.578225652,0.079529949,15.3,6.80045100000002,0.16617806499999999
681.3000000000001,1176.230233,0.768657018,0.246780128,1198.313627,0.585907627,0.074109549,15.3,6.783393999999998,0.18274939099999998
681.4000000000001,1176.308115,0.793785863,0.25436333,1198.372724,0.593047562,0.068689149,15.3,6.764609000000018,0.200738301
681.5,1176.388553,0.819790251,0.260773497,1198.432508,0.599645457,0.063268749,15.3,6.743955000000096,0.22014479399999998
681.6,1176.471635,0.846591821,0.26481856,1198.492924,0.605701312,0.057848349,15.3,6.721288999999796,0.24089050899999997
681.7,1176.557449,0.873643957,0.26560733,1198.553919,0.611215126,0.052427949,15.3,6.696470000000044,0.2624288309999999
681.8000000000001,1176.646082,0.900867815,0.262478069,1198.615438,0.616186901,0.047007549,15.3,6.669356000000061,0.28468091400000006
681.9000000000001,1176.737623,0.927548155,0.254777772,1198.677428,0.620616636,0.042641116,15.3,6.639804999999978,0.30693151899999993
682.0,1176.832095,0.953150261,0.242633862,1198.739833,0.624504331,0.038425249,15.3,6.607738000000108,0.32864593
682.1,1176.929272,0.977277092,0.225524738,1198.8026,0.627849986,0.036107988,15.3,6.573327999999901,0.34942710600000004
682.2,1177.028868,0.999458484,0.204511869,1198.865674,0.631285981,0.038035018,15.3,6.536805999999796,0.36817250300000004
682.3000000000001,1177.130591,1.019224274,0.180486444,1198.929001,0.634270276,0.04472795,15.3,6.4984099999998755,0.38495399799999996
682.4000000000001,1177.234155,1.036182658,0.1541102,1198.992528,0.637851694,0.057378257,15.3,6.458372999999892,0.398330964
682.5,1177.339271,1.050255276,0.126166745,1199.056199,0.643437647,0.07612345,15.3,6.416928000000052,0.40681762899999996
682.6,1177.445649,1.061442127,0.097439683,1199.120057,0.651341101,0.103058402,15.3,6.374408000000084,0.4101010260000001
682.7,1177.553002,1.069743212,0.06858202,1199.184522,0.66227694,0.137427972,15.3,6.331519999999909,0.4074662720000001
682.8000000000001,1177.661041,1.075158531,0.039724357,1199.250114,0.676960051,0.177085051,15.3,6.2890729999998705,0.39819848
682.9000000000001,1177.769477,1.077688084,0.010866694,1199.31735,0.696105317,0.221508032,15.3,6.247872999999981,0.38158276700000004
683.0,1177.878021,1.07733187,-0.017990968,1199.386747,0.720308477,0.269505438,15.3,6.2087260000000235,0.3570233930000001
683.1,1177.986386,1.07408989,-0.046848631,1199.458823,0.749688678,0.319885795,15.3,6.172436999999899,0.32440121199999994
683.2,1178.094282,1.067962144,-0.075706294,1199.534096,0.78424592,0.371457627,15.3,6.139814000000069,0.28371622399999996
683.3000000000001,1178.201421,1.058948631,-0.104235787,1199.613083,0.823980203,0.423228038,15.3,6.111661999999978,0.23496842800000006
683.4000000000001,1178.307515,1.047049353,-0.130796263,1199.696303,0.868891528,0.474998449,15.3,6.088787999999976,0.178157825
683.5,1178.412274,1.032264307,-0.152003722,1199.784273,0.918979893,0.52676886,15.3,6.071998999999959,0.11328441399999989
683.6,1178.51541,1.014790398,-0.17013409,1199.877511,0.9742453,0.578539271,15.3,6.062100999999938,0.040545097999999946
683.7,1178.616636,0.995612133,-0.178973406,1199.976534,1.034687747,0.630309682,15.3,6.059897999999929,-0.039075614000000036
683.8000000000001,1178.715661,0.97675991,-0.177967633,1200.08186,1.100307236,0.682080093,15.3,6.066199000000051,-0.12354732599999996
683.9000000000001,1178.812197,0.956868178,-0.165475924,1200.194007,1.171103766,0.733850504,15.3,6.081810000000086,-0.2142355880000001
684.0,1178.906114,0.939665309,-0.141170109,1200.313492,1.247077337,0.785364837,15.3,6.107378000000107,-0.3074120279999999
684.1,1178.997911,0.925483727,-0.106793337,1200.440834,1.328227949,0.8353427,15.3,6.142923000000064,-0.40274422199999993
684.2,1179.088243,0.915504843,-0.059741516,1200.576549,1.414555602,0.882247625,15.3,6.188306000000193,-0.49905075900000007
684.3000000000001,1179.177769,0.910910067,-0.006228605,1200.721156,1.505906649,0.924543142,15.3,6.243387000000165,-0.5949965819999999
684.4000000000001,1179.267143,0.912683908,0.05319136,1200.875173,1.601512856,0.961617531,15.3,6.308029999999871,-0.688828948
684.5,1179.357023,0.921023268,0.11654936,1201.039116,1.700452341,0.989160074,15.3,6.3820929999998945,-0.7794290730000001
684.6,1179.448065,0.935928146,0.181876378,1201.213504,1.801803222,1.008664629,15.3,6.465439000000014,-0.865875076
684.7,1179.540925,0.957398543,0.247531565,1201.398732,1.905198468,1.018950367,15.3,6.557807000000093,-0.947799925
684.8000000000001,1179.636262,0.985434459,0.313186753,1201.594702,2.008051646,1.020273368,15.3,6.658440000000109,-1.0226171870000003
684.9000000000001,1179.73473,1.020035894,0.37884194,1201.801196,2.111105426,1.013914022,15.3,6.7664659999999905,-1.091069532
685.0,1179.836986,1.061202847,0.444497127,1202.017992,2.212883076,1.000484049,15.3,6.881006000000024,-1.1516802289999999
685.1,1179.943687,1.108935319,0.510152315,1202.244871,2.312616362,0.984294168,15.3,7.001184000000148,-1.203681043
685.2,1180.05549,1.16323331,0.575807502,1202.481614,2.410151635,0.964106598,15.3,7.126124000000072,-1.246918325
685.3000000000001,1180.173051,1.22409682,0.641203486,1202.728,2.505488897,0.942382558,15.3,7.254949000000078,-1.2813920770000002
685.4000000000001,1180.297027,1.291525848,0.705044248,1202.983811,2.598628147,0.920402441,15.3,7.386783999999988,-1.3071022989999999
685.5,1180.428074,1.365520395,0.765774565,1203.248825,2.689569385,0.898422323,15.3,7.520750999999972,-1.3240489899999999
685.6,1180.566848,1.445924939,0.821839217,1203.522824,2.778312611,0.876442205,15.3,7.6559759999999635,-1.332387672
685.7,1180.714007,1.531961868,0.87168298,1203.805587,2.864857826,0.854462088,15.3,7.791580000000021,-1.3328959580000002
685.8000000000001,1180.870207,1.622698049,0.915026936,1204.096894,2.949205029,0.83248197,15.3,7.926687000000083,-1.3265069799999998
685.9000000000001,1181.036104,1.71720035,0.947720557,1204.396527,3.03135422,0.810501853,15.3,8.060423000000082,-1.31415387
686.0,1181.21223,1.814535636,0.970410352,1204.704264,3.111305399,0.788534316,15.3,8.192033999999875,-1.296769763
686.1,1181.398621,1.914536557,0.985002416,1205.019887,3.189058567,0.766642263,15.3,8.321265999999877,-1.27452201
686.2,1181.595185,2.014557273,0.991818371,1205.343175,3.264613723,0.744901179,15.3,8.447990000000072,-1.2500564500000002
686.3000000000001,1181.801834,2.114208079,0.992413437,1205.673909,3.337978415,0.723386549,15.3,8.572074999999995,-1.2237703359999998
686.4000000000001,1182.018477,2.213699499,0.987066535,1206.011868,3.409190387,0.702173855,15.3,8.693390999999973,-1.1954908880000001
686.5,1182.245024,2.312291372,0.980187396,1206.356834,3.478294928,0.681338583,15.3,8.811809999999877,-1.1660035560000002
686.6,1182.481385,2.409983698,0.972425528,1206.708585,3.545337329,0.660943637,15.3,8.927200000000038,-1.135353631
686.7,1182.72747,2.506776478,0.963430058,1207.066909,3.61036288,0.641001597,15.3,9.039438999999856,-1.103586402
686.8000000000001,1182.98319,2.60266971,0.954434589,1207.431616,3.673416873,0.621499882,15.3,9.148426000000153,-1.070747163
686.9000000000001,1183.248454,2.697663396,0.94543912,1207.802523,3.734544598,0.602375589,15.3,9.254069000000026,-1.036881202
687.0,1183.523172,2.791757534,0.93644365,1208.179445,3.793791345,0.583553233,15.3,9.356273000000055,-1.002033811
687.1,1183.807255,2.884952126,0.927448181,1208.562199,3.851194857,0.56495733,15.3,9.454944000000022,-0.9662427309999999
687.2,1184.100612,2.97724717,0.918452711,1208.950601,3.906762682,0.546512396,15.3,9.54998900000005,-0.929515512
687.3000000000001,1184.403154,3.068642668,0.909483324,1209.344469,3.96049482,0.528142946,15.3,9.641314999999803,-0.8918521520000002
687.4000000000001,1184.714791,3.159138619,0.900670426,1209.743618,4.012391271,0.509786077,15.3,9.728826999999864,-0.8532526520000001
687.5,1185.035432,3.248735022,0.892170508,1210.147865,4.062452035,0.491429208,15.3,9.81243300000001,-0.8137170129999998
687.6,1185.364988,3.337447528,0.88414006,1210.557027,4.110677112,0.473072339,15.3,9.892039000000022,-0.7732295840000001
687.7,1185.703368,3.425354381,0.876735572,1210.970919,4.157066503,0.45471547,15.3,9.967551000000139,-0.7317121220000002
687.8000000000001,1186.050483,3.512549475,0.870113533,1211.389358,4.201620206,0.436358601,15.3,10.038874999999916,-0.6890707310000002
687.9000000000001,1186.406243,3.599126704,0.864404352,1211.81216,4.244338223,0.418001732,15.3,10.105917000000044,-0.6452115189999996
688.0,1186.770571,3.685179962,0.859634112,1212.239143,4.285220553,0.400019474,15.3,10.168571999999994,-0.6000405910000004
688.1,1187.143438,3.770803142,0.855776729,1212.670122,4.324267195,0.387073151,15.3,10.226683999999931,-0.5534640529999999
688.2,1187.52483,3.85609014,0.852701796,1213.104914,4.361478151,0.373045631,15.3,10.280083999999942,-0.505388011
688.3000000000001,1187.914733,3.941134848,0.850252822,1213.543336,4.397078187,0.368549383,15.3,10.328602999999884,-0.45594333900000006
688.4000000000001,1188.313132,4.026015512,0.848273319,1213.985203,4.433864097,0.373043807,15.3,10.37207099999996,-0.407848585
688.5,1188.720011,4.110747781,0.846606795,1214.430332,4.468165602,0.388776572,15.3,10.410320999999794,-0.3574178210000003
688.6,1189.135355,4.195331655,0.845096762,1214.87854,4.506350182,0.417620735,15.3,10.443185000000039,-0.3110185269999999
688.7,1189.559151,4.279767133,0.843612809,1215.329823,4.54809348,0.457162641,15.3,10.470672000000103,-0.26832634700000035
688.8000000000001,1189.991383,4.364054217,0.842128857,1215.784896,4.594744095,0.515392478,15.3,10.493512999999847,-0.23068987800000063
688.9000000000001,1190.432036,4.448192905,0.840644905,1216.244655,4.647650628,0.582072389,15.3,10.51261900000004,-0.1994577230000001
689.0,1190.881096,4.532183198,0.839160953,1216.709995,4.708161682,0.657742973,15.3,10.528898999999864,-0.17597848399999982
689.1,1191.338547,4.616025096,0.837677001,1217.181811,4.777401088,0.740156561,15.3,10.543263999999862,-0.16137599199999997
689.2,1191.804375,4.699718598,0.836193049,1217.660998,4.855593616,0.827065486,15.3,10.556623000000126,-0.1558750180000006
689.3000000000001,1192.278565,4.783263706,0.834527118,1218.148453,4.942739263,0.916222079,15.3,10.569887999999946,-0.15947555700000038
689.4000000000001,1192.761102,4.866660418,0.831769314,1218.64507,5.038838032,1.005753284,15.3,10.583968000000095,-0.17217761399999976
689.5,1193.251971,4.949908735,0.826827763,1219.151744,5.14388992,1.095284488,15.3,10.599773000000095,-0.19398118500000017
689.6,1193.751158,5.032899469,0.818610592,1219.669371,5.257894929,1.184815693,15.3,10.618212999999923,-0.2249954599999997
689.7,1194.258647,5.115086684,0.806025928,1220.198846,5.380853059,1.274346897,15.3,10.640198999999892,-0.2657663749999992
689.8000000000001,1194.774424,5.195815256,0.787981897,1220.741065,5.512764309,1.363878102,15.3,10.66664099999998,-0.3169490529999992
689.9000000000001,1195.298474,5.274430061,0.763568605,1221.296923,5.653628679,1.453409306,15.3,10.698449000000164,-0.3791986179999993
690.0,1195.830694,5.350275974,0.732604073,1221.867314,5.80344617,1.542404503,15.3,10.736620000000084,-0.4531701960000003
690.1,1196.370634,5.422697873,0.695270279,1222.453135,5.962216781,1.62818365,15.3,10.782500999999865,-0.5395189080000007
690.2,1196.917754,5.491040632,0.652477119,1223.055281,6.129940513,1.707530699,15.3,10.837526999999863,-0.6388998810000004
690.3000000000001,1197.471515,5.554649128,0.605316466,1223.674647,6.30629576,1.777229601,15.3,10.903132000000095,-0.7516466319999999
690.4000000000001,1198.031379,5.612977424,0.554880192,1224.312128,6.489674498,1.834064306,15.3,10.980749000000014,-0.876697074
690.5,1198.596805,5.665916333,0.502260172,1224.96862,6.678147098,1.874818766,15.3,11.071815000000196,-1.012230765
690.6,1199.167257,5.713465854,0.448548279,1225.645017,6.86978393,1.89681294,15.3,11.177759999999989,-1.1563180759999998
690.7,1199.742193,5.755625988,0.394654406,1226.341959,7.062655365,1.899510819,15.3,11.299766000000044,-1.307029377
690.8000000000001,1200.321076,5.792396735,0.340760534,1227.059054,7.254831773,1.883448412,15.3,11.437978000000111,-1.4624350380000006
690.9000000000001,1200.903367,5.823778095,0.286866662,1227.795653,7.444383524,1.851305759,15.3,11.592286000000012,-1.6206054290000003
691.0,1201.488527,5.849770068,0.232972789,1228.551108,7.62938099,1.80629891,15.3,11.762581000000136,-1.7796109219999998
691.1,1202.076016,5.870372653,0.179078917,1229.324771,7.808216145,1.751643914,15.3,11.948755000000073,-1.9378434919999998
691.2,1202.665296,5.885585851,0.125185045,1230.115993,7.980567386,1.69055682,15.3,12.15069699999999,-2.0949815349999996
691.3000000000001,1203.255828,5.895409662,0.071291172,1230.924127,8.146434711,1.626253677,15.3,12.368298999999933,-2.251025049
691.4000000000001,1203.847073,5.899844086,0.018135822,1231.748522,8.305818121,1.561414525,15.3,12.601449000000184,-2.405974035
691.5,1204.438491,5.898889122,-0.0305884,1232.588532,8.458717616,1.496575374,15.3,12.850040999999873,-2.5598284939999996
691.6,1205.029545,5.892544771,-0.067934665,1233.443508,8.605133196,1.431736222,15.3,13.113962999999966,-2.7125884250000007
691.7,1205.619695,5.881254146,-0.097018938,1234.312801,8.74506486,1.36689707,15.3,13.393105999999943,-2.8638107139999995
691.8000000000001,1206.208402,5.867232811,-0.105862996,1235.195763,8.87851261,1.302057919,15.3,13.687360999999964,-3.0112797989999995
691.9000000000001,1206.795127,5.854648863,-0.092551408,1236.091745,9.005476444,1.237218767,15.3,13.996617999999852,-3.150827580999999
692.0,1207.379332,5.841632723,-0.053391566,1237.0001,9.125956363,1.172614105,15.3,14.320767999999997,-3.28432364
692.1,1207.960831,5.835371324,0.012355052,1237.920178,9.239952367,1.109416374,15.3,14.659346999999979,-3.404581043000001
692.2,1208.540859,5.837013926,0.101434226,1238.851332,9.347464456,1.04903251,15.3,15.010473000000001,-3.510450530000001
692.3000000000001,1209.121003,5.849219207,0.217700443,1239.792913,9.448633323,0.992869443,15.3,15.371910000000025,-3.5994141159999993
692.4000000000001,1209.702851,5.874645843,0.349175479,1240.744273,9.544162435,0.942334107,15.3,15.74142200000001,-3.669516592000001
692.5,1210.287992,5.915509399,0.493943902,1241.704763,9.63489595,0.898833434,15.3,16.116770999999925,-3.7193865510000004
692.6,1210.878013,5.972252988,0.647574584,1242.673734,9.721678029,0.862876485,15.3,16.495720999999957,-3.7494250409999994
692.7,1211.474503,6.044876611,0.805636395,1243.650652,9.805352831,0.83616414,15.3,16.876149000000122,-3.76047622
692.8000000000001,1212.079048,6.133380267,0.964436728,1244.63543,9.886764517,0.818043036,15.3,17.256381999999984,-3.75338425
692.9000000000001,1212.693239,6.237763957,1.12323706,1245.628095,9.966359214,0.806432837,15.3,17.63485600000008,-3.7285952570000003
693.0,1213.318661,6.35802768,1.282037393,1246.628675,10.04586092,0.800450369,15.3,18.01001399999991,-3.6878332400000007
693.1,1213.956904,6.494171435,1.440837726,1247.637196,10.12572177,0.798688698,15.3,18.380292000000008,-3.631550335
693.2,1214.609556,6.646195225,1.599638059,1248.653684,10.20553773,0.800404277,15.3,18.744128,-3.559342505
693.3000000000001,1215.278203,6.814099047,1.758438391,1249.678168,10.28562305,0.802723779,15.3,19.099964999999838,-3.471524003
693.4000000000001,1215.964435,6.997882903,1.916346312,1250.710674,10.36597774,0.804893637,15.3,19.44623899999983,-3.368094837
693.5,1216.66984,7.197546792,2.068899765,1251.751229,10.44660178,0.807587253,15.3,19.781388999999944,-3.249054988
693.6,1217.396005,7.413090714,2.21074428,1252.79986,10.52749519,0.81028087,15.3,20.10385500000002,-3.114404476
693.7,1218.144518,7.643979223,2.336525388,1253.856594,10.60865795,0.812974486,15.3,20.412076000000024,-2.964678727
693.8000000000001,1218.916968,7.887535084,2.440888621,1254.921457,10.69009008,0.815668102,15.3,20.70448899999992,-2.8025549959999996
693.9000000000001,1219.714942,8.140545615,2.518479509,1255.994477,10.77179157,0.818361719,15.3,20.979534999999895,-2.631245954999999
694.0,1220.540028,8.399798136,2.564835996,1257.075681,10.85376243,0.820531576,15.3,21.235653000000138,-2.4539642940000004
694.1,1221.393387,8.662079964,2.57906567,1258.165095,10.93600264,0.822626611,15.3,21.47170799999999,-2.2739226759999998
694.2,1222.274463,8.92417842,2.562060943,1259.262746,11.01851222,0.824093715,15.3,21.688283000000137,-2.0943337999999994
694.3000000000001,1223.182276,9.182880821,2.518283871,1260.368663,11.1009769,0.821208807,15.3,21.886386999999967,-1.9180960789999997
694.4000000000001,1224.115843,9.434974486,2.453088924,1261.48287,11.18366605,0.81303898,15.3,22.067027000000007,-1.7486915639999996
694.5,1225.074182,9.677782181,2.37183057,1262.605396,11.2662478,0.797822595,15.3,22.231213999999863,-1.5884656190000008
694.6,1226.05631,9.910768458,2.279863279,1263.736267,11.34648771,0.774321772,15.3,22.379957000000058,-1.4357192520000002
694.7,1227.061246,10.13393332,2.182541518,1264.87551,11.42382603,0.740325936,15.3,22.514264000000093,-1.2898927100000002
694.8000000000001,1228.088008,10.34727676,2.084327347,1266.023011,11.49720577,0.694626554,15.3,22.63500300000005,-1.149929010000001
694.9000000000001,1229.135612,10.55079879,1.986113175,1267.178093,11.56556996,0.639479676,15.3,22.74248099999995,-1.0147711699999995
695.0,1230.203078,10.7444994,1.887899003,1268.339937,11.62786161,0.5755246,15.3,22.836858999999958,-0.8833622099999996
695.1,1231.289423,10.92837859,1.789684832,1269.507723,11.68302374,0.504522967,15.3,22.9183,-0.75464515
695.2,1232.393665,11.10243636,1.69147066,1270.680635,11.73017552,0.428236416,15.3,22.986969999999882,-0.6277391599999991
695.3000000000001,1233.514821,11.26667272,1.593256488,1271.857852,11.76914079,0.348426586,15.3,23.04303100000011,-0.502468069999999
695.4000000000001,1234.65191,11.42108766,1.495005034,1273.038556,11.79991956,0.266855116,15.3,23.086645999999927,-0.3788318999999998
695.5,1235.803949,11.56568118,1.396529883,1274.221929,11.82251181,0.18499004,15.3,23.117979999999942,-0.2568306299999996
695.6,1236.969957,11.70045329,1.297607337,1275.407152,11.83691756,0.103124964,15.3,23.137194999999974,-0.1364642699999994
695.7,1238.148951,11.82538161,1.198013701,1276.593406,11.84313681,0.021259887,15.3,23.14445500000006,-0.01775519999999986
695.8000000000001,1239.339948,11.94035429,1.097525277,1277.779872,11.84116954,-0.060605189,15.3,23.13992400000002,0.09918475000000093
695.9000000000001,1240.541968,12.04523712,0.995918369,1278.965733,11.83101577,-0.142470265,15.3,23.123765000000002,0.21422134999999898
696.0,1241.754027,12.13989588,0.893006562,1280.150169,11.81267549,-0.224335341,15.3,23.096142000000054,0.32722038999999903
696.1,1242.975126,12.22419635,0.788752573,1281.332361,11.7861487,-0.306085818,15.3,23.057234999999945,0.4380476499999997
696.2,1244.204193,12.29800431,0.683193686,1282.511492,11.7514354,-0.387148699,15.3,23.007299000000057,0.5465689099999995
696.3000000000001,1245.440139,12.36118555,0.576516314,1283.686741,11.7085356,-0.466836388,15.3,22.946601999999938,0.6526499500000007
696.4000000000001,1246.681873,12.41360584,0.468944154,1284.857292,11.65751805,-0.54446129,15.3,22.87541899999992,0.7560877900000005
696.5,1247.928308,12.45515333,0.360700904,1286.022325,11.59872655,-0.619335808,15.3,22.794016999999894,0.8564267799999996
696.6,1249.178352,12.48580567,0.252010259,1287.181021,11.53257365,-0.690772346,15.3,22.702669000000196,0.9532320199999997
696.7,1250.430916,12.50556284,0.143095918,1288.332561,11.45947193,-0.758197908,15.3,22.601644999999916,1.0460909100000002
696.8000000000001,1251.684912,12.51442485,0.034144294,1289.476183,11.37983392,-0.821497895,15.3,22.49127100000005,1.1345909299999999
696.9000000000001,1252.939249,12.5123917,-0.07480733,1290.611342,11.29407219,-0.880786906,15.3,22.372092999999904,1.2183195100000006
697.0,1254.192838,12.49946339,-0.183758954,1291.737551,11.2025993,-0.936637938,15.3,22.244713,1.2968640900000015
697.1,1255.444589,12.47563991,-0.292710578,1292.854319,11.10582781,-0.989738585,15.3,22.10973000000008,1.3698121000000008
697.2,1256.693413,12.44092127,-0.401662202,1293.961159,11.00410151,-1.040776445,15.3,21.967745999999988,1.4368197600000006
697.3000000000001,1257.938221,12.39530747,-0.510613826,1295.057582,10.89748916,-1.090439114,15.3,21.819360999999798,1.4978183100000013
697.4000000000001,1259.177922,12.33879851,-0.619183718,1296.1431,10.78599077,-1.139414186,15.3,21.665177999999923,1.5528077400000004
697.5,1260.411428,12.27139438,-0.725463217,1297.217224,10.66960633,-1.188274659,15.3,21.5057960000001,1.6017880499999997
697.6,1261.637649,12.19309509,-0.82716193,1298.279464,10.54833584,-1.237135132,15.3,21.34181499999995,1.64475925
697.7,1262.855495,12.10412968,-0.921989465,1299.329334,10.4221793,-1.285995605,15.3,21.173838999999997,1.68195038
697.8000000000001,1264.063877,12.00564334,-1.007655427,1300.366343,10.29113672,-1.334856078,15.3,21.002465999999867,1.7145066199999999
697.9000000000001,1265.261705,11.89901031,-1.081869425,1301.390004,10.15520808,-1.383716551,15.3,20.828299000000197,1.74380223
698.0,1266.447889,11.78560483,-1.142752414,1302.399828,10.01439341,-1.432577024,15.3,20.651939000000038,1.7712114200000002
698.1,1267.621525,11.66680112,-1.190162891,1303.395326,9.868692679,-1.480636472,15.3,20.473801000000048,1.7981084410000001
698.2,1268.782437,11.54397344,-1.223776164,1304.376009,9.718105906,-1.519729289,15.3,20.293571999999994,1.8258675340000003
698.3000000000001,1269.930636,11.41847823,-1.245882626,1305.34139,9.562633085,-1.55753077,15.3,20.110753999999996,1.855845145
698.4000000000001,1271.066133,11.29154561,-1.259019479,1306.290979,9.402754832,-1.57675332,15.3,19.92484600000007,1.8887907780000006
698.5,1272.188936,11.16474461,-1.265285153,1307.224288,9.24337051,-1.576751271,15.3,19.735351999999875,1.9213740999999995
698.6,1273.299055,11.03807525,-1.266775885,1308.140828,9.079874943,-1.552718474,15.3,19.541773000000102,1.9582003070000003
698.7,1274.396501,10.91138944,-1.266056024,1309.040111,8.922640687,-1.500649804,15.3,19.34361000000008,1.9887487530000012
698.8000000000001,1275.481284,10.78480235,-1.265185336,1309.922032,8.772055143,-1.423904717,15.3,19.140747999999984,2.0127472070000003
698.9000000000001,1276.553413,10.65831398,-1.264390062,1310.788025,8.631002001,-1.310802794,15.3,18.93461199999997,2.0273119790000003
699.0,1277.612897,10.53192433,-1.263402825,1311.639909,8.50236495,-1.177830605,15.3,18.727012000000013,2.0295593800000002
699.1,1278.659748,10.40563341,-1.262415588,1312.479503,8.38902768,-1.025633816,15.3,18.519754999999986,2.01660573
699.2,1279.693975,10.27944122,-1.261428351,1313.308623,8.293393267,-0.859018579,15.3,18.314647999999988,1.986047953
699.3000000000001,1280.715587,10.15334774,-1.260441114,1314.129089,8.215942325,-0.682791042,15.3,18.113502000000107,1.9374054149999989
699.4000000000001,1281.724595,10.02735299,-1.259453877,1314.94272,8.156674853,-0.501757356,15.3,17.9181250000001,1.8706781370000005
699.5,1282.721008,9.901456967,-1.258148687,1315.751333,8.115590853,-0.319922645,15.3,17.730324999999947,1.7858661139999992
699.6,1283.704837,9.775659665,-1.254935779,1316.556746,8.092690324,-0.138087933,15.3,17.551908999999977,1.6829693409999997
699.7,1284.676091,9.649961086,-1.247907437,1317.360779,8.087973267,0.043746778,15.3,17.38468800000005,1.5619878189999987
699.8000000000001,1285.63478,9.524552003,-1.235155941,1318.165249,8.10143968,0.225581489,15.3,17.23046899999981,1.4231123229999998
699.9000000000001,1286.580914,9.400386275,-1.214773576,1318.971975,8.133089565,0.407416201,15.3,17.091061000000035,1.26729671
700.0,1287.514502,9.278608531,-1.184852622,1319.782775,8.18292292,0.589250912,15.3,16.968272999999908,1.0956856110000004
700.1,1288.435556,9.160363402,-1.143803316,1320.599468,8.250939747,0.770106815,15.3,16.86391199999998,0.9094236549999994
700.2,1289.344236,9.046795519,-1.091307704,1321.423872,8.337140045,0.945089871,15.3,16.779636000000163,0.7096554739999998
700.3000000000001,1290.241317,8.939049513,-1.02768374,1322.257804,8.441523814,1.108327232,15.3,16.716487000000097,0.49752569900000054
700.4000000000001,1291.127724,8.838270014,-0.954521188,1323.103085,8.563503769,1.25394605,15.3,16.67536100000002,0.27476624500000035
700.5,1292.004381,8.745601652,-0.873727765,1323.961531,8.700143487,1.378735054,15.3,16.657149999999955,0.04545816499999944
700.6,1292.872216,8.661998287,-0.78721119,1324.834961,8.847919259,1.468836668,15.3,16.66274500000004,-0.1859209719999999
700.7,1293.732153,8.587650689,-0.696879179,1325.725194,9.003307377,1.52734158,15.3,16.693041000000175,-0.41565668800000033
700.8000000000001,1294.585118,8.52255886,-0.604639451,1326.633578,9.164381077,1.550609407,15.3,16.748459999999977,-0.6418222169999996
700.9000000000001,1295.432037,8.466722799,-0.51208177,1327.559583,9.322825814,1.539618957,15.3,16.827545999999938,-0.8561030150000004
701.0,1296.273835,8.420142506,-0.419524089,1328.502207,9.479908717,1.499264268,15.3,16.928372000000035,-1.0597662110000012
701.1,1297.111438,8.382817981,-0.326966408,1329.46045,9.630509132,1.432756614,15.3,17.04901200000013,-1.2476911509999997
701.2,1297.945771,8.354749225,-0.234408727,1330.433312,9.771690633,1.353953568,15.3,17.187540999999964,-1.4169414079999996
701.3000000000001,1298.77776,8.335936236,-0.141851047,1331.419791,9.902865938,1.260743252,15.3,17.342031000000087,-1.5669297019999995
701.4000000000001,1299.60833,8.326379015,-0.049293366,1332.418888,10.02403505,1.161660088,15.3,17.5105579999999,-1.6976560349999996
701.5,1300.438408,8.326077563,0.042998707,1333.429602,10.13519796,1.061598116,15.3,17.69119399999995,-1.8091203969999992
701.6,1301.268918,8.335031878,0.13369713,1334.450931,10.23635467,0.961536144,15.3,17.882013000000097,-1.9013227920000002
701.7,1302.100786,8.353241962,0.221208253,1335.481876,10.32750518,0.861474172,15.3,18.081090000000085,-1.974263217999999
701.8000000000001,1302.934938,8.380548449,0.303938428,1336.521435,10.4086495,0.7614122,15.3,18.286497000000008,-2.0281010509999984
701.9000000000001,1303.7723,8.416154514,0.380294003,1337.568609,10.47978762,0.661350228,15.3,18.496308999999837,-2.0636331059999993
702.0,1304.613796,8.459103967,0.44868133,1338.622396,10.54091955,0.561288256,15.3,18.708599999999887,-2.081815582999999
702.1,1305.460353,8.508440619,0.507772366,1339.681796,10.59204528,0.461226284,15.3,18.921443000000135,-2.0836046610000007
702.2,1306.312769,8.56320828,0.557301505,1340.745808,10.63316481,0.36111056,15.3,19.133039000000007,-2.0699565300000007
702.3000000000001,1307.171331,8.62245076,0.597534353,1341.813432,10.66427814,0.260672323,15.3,19.34210099999991,-2.041827380000001
702.4000000000001,1308.036201,8.685211869,0.629798952,1342.883667,10.68538527,0.159589058,15.3,19.547466000000167,-2.0001734009999996
702.5,1308.907539,8.750535417,0.655688953,1343.955512,10.69645396,0.057538253,15.3,19.747972999999956,-1.9459185429999994
702.6,1309.785505,8.817624579,0.676798004,1345.027967,10.69732294,-0.045802605,15.3,19.94246199999993,-1.879698360999999
702.7,1310.67026,8.886319991,0.694719756,1346.100031,10.68779871,-0.150756031,15.3,20.129770999999845,-1.8014787189999986
702.8000000000001,1311.561966,8.956621652,0.711047858,1347.170704,10.66768776,-0.257590786,15.3,20.308737999999902,-1.711066107999999
702.9000000000001,1312.460782,9.028529562,0.727110352,1348.238959,10.63679657,-0.366360621,15.3,20.478176999999913,-1.6082670080000003
703.0,1313.366869,9.102043722,0.743172846,1349.303666,10.59493165,-0.477011785,15.3,20.63679700000007,-1.492887928
703.1,1314.280387,9.177164132,0.75923534,1350.363671,10.54189949,-0.589275516,15.3,20.783284000000048,-1.3647353580000008
703.2,1315.201498,9.25389079,0.775297834,1351.417817,10.47750657,-0.702829301,15.3,20.91631900000011,-1.2236157799999994
703.3000000000001,1316.130362,9.332223698,0.791360328,1352.464949,10.40159164,-0.817350626,15.3,21.034586999999828,-1.0693679419999995
703.4000000000001,1317.06714,9.412162856,0.807422822,1353.503912,10.31412245,-0.932516978,15.3,21.13677199999979,-0.9019595939999991
703.5,1318.011992,9.493708263,0.819874337,1354.533551,10.21509899,-1.048005844,15.3,21.221559000000024,-0.7213907269999993
703.6,1318.965078,9.576859919,0.832855104,1355.552709,10.10452128,-1.163548461,15.3,21.2876310000001,-0.5276613609999998
703.7,1319.926561,9.661617825,0.836808424,1356.560232,9.982389302,-1.279091079,15.3,21.33367100000005,-0.3207714769999992
703.8000000000001,1320.896599,9.745815393,0.827105379,1357.554964,9.848703063,-1.394633697,15.3,21.358365000000003,-0.10288766999999943
703.9000000000001,1321.875354,9.831936761,0.800689552,1358.53575,9.703462563,-1.510176315,15.3,21.36039599999999,0.12847419799999926
704.0,1322.862986,9.91424791,0.753382747,1359.501434,9.5466678,-1.625718932,15.3,21.338447999999925,0.36758011000000046
704.1,1323.859656,9.98997149,0.684617749,1360.450861,9.378318776,-1.74126155,15.3,21.291204999999945,0.6116527139999999
704.2,1324.865191,10.05727365,0.58607613,1361.382875,9.19841549,-1.856388574,15.3,21.217683999999917,0.8588581600000005
704.3000000000001,1325.87808,10.11364747,0.46383276,1362.296321,9.006957943,-1.969022037,15.3,21.11824100000008,1.1066895270000003
704.4000000000001,1326.896477,10.15658604,0.32182019,1363.190043,8.803946133,-2.076668377,15.3,20.993566000000055,1.3526399070000004
704.5,1327.918538,10.18358244,0.163094839,1364.062887,8.589629418,-2.176834033,15.3,20.844349000000147,1.5939530220000009
704.6,1328.942418,10.19254757,-0.008165098,1364.913697,8.365254578,-2.267025444,15.3,20.671278999999867,1.8272929920000003
704.7,1329.966272,10.1830636,-0.187781427,1365.741316,8.13231775,-2.344749047,15.3,20.475044000000207,2.05074585
704.8000000000001,1330.988255,10.15513055,-0.371575951,1366.544591,7.89231507,-2.409133999,15.3,20.2563360000001,2.2628154800000004
704.9000000000001,1332.006522,10.10874841,-0.556066841,1367.322564,7.646742676,-2.456949956,15.3,20.01604200000015,2.462005734000001
705.0,1333.019229,10.04391719,-0.740557731,1368.075078,7.397096705,-2.489814022,15.3,19.75584900000008,2.646820485
705.1,1334.02453,9.960636868,-0.925048621,1368.802175,7.144149019,-2.511016901,15.3,19.47764500000012,2.8164878489999996
705.2,1335.020581,9.858907461,-1.109539511,1369.503895,6.891084604,-2.522245534,15.3,19.183314000000063,2.967822857
705.3000000000001,1336.005536,9.738728966,-1.294030401,1370.180281,6.638429337,-2.525993483,15.3,18.87474500000003,3.1002996290000002
705.4000000000001,1336.977551,9.600101381,-1.478521292,1370.831374,6.38570493,-2.523547187,15.3,18.553823000000147,3.214396451
705.5,1337.934781,9.443024707,-1.662260391,1371.457215,6.133395356,-2.520214955,15.3,18.222433999999975,3.309629350999999
705.6,1338.875381,9.267498945,-1.841488749,1372.057846,5.881500615,-2.516873246,15.3,17.882464999999865,3.3859983299999996
705.7,1339.797506,9.073524093,-2.011695621,1372.633308,5.630020707,-2.512724918,15.3,17.53580199999983,3.4435033859999997
705.8000000000001,1340.69931,8.861551227,-2.168370268,1373.183642,5.378955631,-2.508576589,15.3,17.184331999999994,3.4825955959999995
705.9000000000001,1341.57895,8.633835716,-2.307001945,1373.708891,5.128305389,-2.50442826,15.3,16.829940999999916,3.505530327
706.0,1342.43458,8.393084008,-2.4277405,1374.209096,4.878069979,-2.500279932,15.3,16.474515999999948,3.5150140290000005
706.1,1343.264356,8.142002547,-2.512845213,1374.684298,4.628249402,-2.496131603,15.3,16.11994199999999,3.513753145000001
706.2,1344.066792,7.883297778,-2.575546061,1375.134538,4.378843659,-2.491571767,15.3,15.767745999999942,3.504454119
706.3000000000001,1344.84185,7.616879793,-2.611934247,1375.559859,4.129852748,-2.484542882,15.3,15.418008999999937,3.4870270449999996
706.4000000000001,1345.589848,7.353844099,-2.625768721,1375.960302,3.881276669,-2.472575901,15.3,15.07045399999988,3.47256743
706.5,1346.311108,7.08850808,-2.621560226,1376.335907,3.633362329,-2.453201776,15.3,14.724798999999802,3.4551457510000003
706.6,1347.005949,6.82592346,-2.599158915,1376.686717,3.38734425,-2.423951458,15.3,14.380767999999943,3.4385792100000003
706.7,1347.674691,6.566541314,-2.577057299,1377.012773,3.144703862,-2.3823559,15.3,14.038081999999985,3.421837452
706.8000000000001,1348.317656,6.310361642,-2.54578435,1377.314117,2.906922593,-2.326357561,15.3,13.696460999999953,3.403439049
706.9000000000001,1348.935162,6.057384444,-2.513759611,1377.590988,2.675481873,-2.255544933,15.3,13.355825999999933,3.3819025710000004
707.0,1349.527531,5.80760972,-2.481734873,1377.844414,2.451863129,-2.170329525,15.3,13.016882999999961,3.3557465910000004
707.1,1350.095083,5.561037469,-2.449710134,1378.075622,2.237547792,-2.072768876,15.3,12.680539000000135,3.3234896770000004
707.2,1350.638137,5.317667693,-2.417685395,1378.28584,2.03401729,-1.965332035,15.3,12.347703000000092,3.2836504029999998
707.3000000000001,1351.157015,5.07750039,-2.385660656,1378.476293,1.842506147,-1.85048805,15.3,12.01927799999994,3.234994243
707.4000000000001,1351.652036,4.840535562,-2.353635917,1378.648208,1.663261267,-1.730705968,15.3,11.696172000000114,3.177274295
707.5,1352.123521,4.606773207,-2.321611179,1378.802812,1.496282652,-1.608454838,15.3,11.37929099999992,3.1104905549999997
707.6,1352.57179,4.376213326,-2.289407647,1378.941331,1.3415703,-1.4857922,15.3,11.069541000000026,3.0346430260000004
707.7,1352.997163,4.148855919,-2.25613136,1379.064993,1.199124212,-1.363129562,15.3,10.767829999999957,2.9497317069999998
707.8000000000001,1353.39996,3.924700986,-2.220709563,1379.175023,1.068944387,-1.240466924,15.3,10.475063000000045,2.8557565990000002
707.9000000000001,1353.780501,3.703855802,-2.182069499,1379.272648,0.951030827,-1.117804286,15.3,10.192146999999931,2.7528249750000002
708.0,1354.139108,3.486856746,-2.139138415,1379.359096,0.84538353,-0.995141649,15.3,9.91998799999983,2.641473216
708.1,1354.4761,3.274347469,-2.090843553,1379.435592,0.752002497,-0.872479011,15.3,9.659491999999954,2.522344972
708.2,1354.791797,3.066971626,-2.036290952,1379.503363,0.670887728,-0.750275556,15.3,9.411565999999947,2.396083898
708.3000000000001,1355.086606,2.86537287,-1.975301818,1379.563636,0.602039222,-0.630827202,15.3,9.177030000000013,2.2633336479999997
708.4000000000001,1355.361275,2.670194854,-1.908054945,1379.617638,0.545456981,-0.51688905,15.3,8.956362999999964,2.124737873
708.5,1355.61664,2.482081231,-1.835444295,1379.666595,0.500865493,-0.4112162,15.3,8.749954999999954,1.981215738
708.6,1355.853537,2.301675655,-1.758542624,1379.711733,0.466887208,-0.316563753,15.3,8.558196000000134,1.834788447
708.7,1356.0728,2.129514502,-1.678422687,1379.75428,0.441869067,-0.235367695,15.3,8.381480000000192,1.687645435
708.8000000000001,1356.275264,1.965705049,-1.596157239,1379.795461,0.424158008,-0.168398612,15.3,8.220196999999825,1.541547041
708.9000000000001,1356.461765,1.810247296,-1.512819035,1379.836284,0.41210097,-0.12260637,15.3,8.074518999999963,1.398146326
709.0,1356.633138,1.663141242,-1.42930204,1379.876873,0.404236364,-0.090402873,15.3,7.943735000000014,1.258904878
709.1,1356.790217,1.524386888,-1.345785044,1379.917132,0.399826326,-0.07197488,15.3,7.826915000000053,1.124560562
709.2,1356.933839,1.393984233,-1.262268048,1379.956964,0.393323386,-0.06456729,15.3,7.723124999999936,1.000660847
709.3000000000001,1357.064838,1.271933278,-1.178751052,1379.996275,0.387627343,-0.066164323,15.3,7.631436999999959,0.8843059349999999
709.4000000000001,1357.18405,1.158234023,-1.095234056,1380.034969,0.380973079,-0.074275592,15.3,7.5509189999999755,0.7772609439999999
709.5,1357.292309,1.052886467,-1.01171706,1380.072949,0.373360596,-0.08091593,15.3,7.480640000000175,0.6795258710000001
709.6,1357.390451,0.955890611,-0.928404209,1380.11012,0.364789893,-0.090498128,15.3,7.4196690000000665,0.591100718
709.7,1357.479312,0.867246454,-0.846316222,1380.146386,0.355260971,-0.100080326,15.3,7.367073999999956,0.511985483
709.8000000000001,1357.559725,0.786953997,-0.766677967,1380.181651,0.344773828,-0.109662524,15.3,7.32192600000003,0.442180169
709.9000000000001,1357.632527,0.714890753,-0.690714308,1380.21582,0.333328466,-0.119244722,15.3,7.283292999999912,0.38156228700000006
710.0,1357.698552,0.65044429,-0.61965011,1380.248796,0.320924884,-0.12882692,15.3,7.25024400000002,0.329519406
710.1,1357.758635,0.592879687,-0.55471024,1380.280484,0.307563082,-0.138409118,15.3,7.221848999999974,0.28531660500000006
710.2,1357.813613,0.541462026,-0.496915418,1380.310788,0.29324306,-0.147922265,15.3,7.1971749999999695,0.24821896600000004
710.3000000000001,1357.864222,0.495456388,-0.446469789,1380.339612,0.277964819,-0.157021108,15.3,7.1753900000000606,0.21749156900000005
710.4000000000001,1357.910807,0.454127853,-0.403169208,1380.36686,0.261728357,-0.165291342,15.3,7.15605300000011,0.192399496
710.5,1357.953615,0.416741502,-0.365992954,1380.392437,0.244575107,-0.172318663,15.3,7.138822000000072,0.17216639499999997
710.6,1357.992894,0.382562416,-0.333716162,1380.416246,0.226712219,-0.177688766,15.3,7.123352000000022,0.15585019700000002
710.7,1358.028892,0.350978162,-0.305113967,1380.438192,0.208388277,-0.180987348,15.3,7.1093000000000295,0.14258988499999997
710.8000000000001,1358.061854,0.321866254,-0.278961502,1380.458179,0.189851863,-0.181869154,15.3,7.096324999999933,0.132014391
710.9000000000001,1358.092029,0.295226691,-0.254033902,1380.476144,0.171351559,-0.180265133,15.3,7.0841150000000646,0.123875132
711.0,1358.119663,0.271059473,-0.229310447,1380.492158,0.153135949,-0.176244338,15.3,7.072495000000071,0.117923524
711.1,1358.145004,0.249364601,-0.204586992,1380.506322,0.135453615,-0.17015202,15.3,7.061317999999982,0.11391098599999999
711.2,1358.1683,0.230142075,-0.179863536,1380.518742,0.118553139,-0.162402485,15.3,7.050441999999929,0.111588936
711.3000000000001,1358.189797,0.213391894,-0.155140081,1380.529518,0.102641674,-0.153410037,15.3,7.039721000000053,0.11075022
711.4000000000001,1358.209742,0.199114059,-0.130416626,1380.538755,0.087760651,-0.14358898,15.3,7.029013000000031,0.11135340800000001
711.5,1358.228383,0.187308569,-0.105693171,1380.546555,0.073910068,-0.133353619,15.3,7.018172000000003,0.11339850100000001
711.6,1358.245968,0.177975424,-0.081051789,1380.553021,0.061089927,-0.123049207,15.3,7.0070529999999955,0.11688549699999999
711.7,1358.262742,0.171114626,-0.05690285,1380.558258,0.049300227,-0.111593828,15.3,6.9955160000001335,0.12181439899999999
711.8000000000001,1358.278954,0.166726172,-0.033738796,1380.562366,0.038540968,-0.099292326,15.3,6.983411999999998,0.128185204
711.9000000000001,1358.294851,0.16476082,-0.012052069,1380.565451,0.02881215,-0.086359377,15.3,6.9705999999998305,0.13594867
712.0,1358.31068,0.164972348,0.007664888,1380.567613,0.020804354,-0.072779575,15.3,6.956932999999889,0.144167994
712.1,1358.326688,0.167065291,0.024919633,1380.568958,0.014334672,-0.059457835,15.3,6.9422699999999615,0.152730619
712.2,1358.343123,0.170744183,0.039301797,1380.569587,0.009274301,-0.045918593,15.3,6.92646399999985,0.16146988199999998
712.3000000000001,1358.360192,0.175713558,0.050729306,1380.569605,0.005494434,-0.033667403,15.3,6.909412999999812,0.170219124
712.4000000000001,1358.377945,0.181677952,0.059284235,1380.569665,0.002866267,-0.0228846,15.3,6.891720000000031,0.178811685
712.5,1358.396394,0.188341899,0.065376951,1380.569725,0.001260994,-0.014450648,15.3,6.873330999999961,0.18708090500000002
712.6,1358.41555,0.195409932,0.069499898,1380.569786,0.000603912,-0.00815087,15.3,6.854236000000082,0.19480602
712.7,1358.435422,0.202635832,0.072145517,1380.569846,0.000603912,-0.003770592,15.3,6.83442400000008,0.20203191999999998
712.8000000000001,1358.456023,0.209970354,0.073806251,1380.569906,0.000603912,-0.001095137,15.3,6.813882999999986,0.20936644199999999
712.9000000000001,1358.477362,0.217413497,0.074974543,1380.569967,0.000603912,-5.37e-11,15.3,6.792604999999821,0.216809585
713.0,1358.499451,0.224965262,0.076060761,1380.570027,0.000603912,0.0,15.3,6.770576000000073,0.22436135
713.1,1358.522301,0.232625649,0.07714698,1380.570088,0.000603912,0.0,15.3,6.7477869999999704,0.23202173699999998
713.2,1358.545922,0.240394658,0.078233198,1380.570148,0.000603912,2.37e-13,15.3,6.724225999999998,0.239790746
713.3000000000001,1358.570325,0.248272289,0.079319416,1380.570208,0.000603912,2.37e-13,15.3,6.699883000000181,0.247668377
713.4000000000001,1358.595522,0.256258541,0.080405634,1380.570269,0.000603912,0.0,15.3,6.674746999999979,0.255654629
713.5,1358.621523,0.264353416,0.081491852,1380.570329,0.000603912,-1.89e-13,15.3,6.648805999999876,0.263749504
713.6,1358.648338,0.272556912,0.082600829,1380.57039,0.000603912,0.0,15.3,6.622052000000121,0.271953
713.7,1358.67598,0.28086903,0.083846357,1380.57045,0.000603912,-1.89e-13,15.3,6.594469999999955,0.28026511800000004
713.8000000000001,1358.704458,0.28928977,0.085364988,1380.57051,0.000603912,-2.37e-13,15.3,6.566052000000081,0.288685858
713.9000000000001,1358.733783,0.297832786,0.087293274,1380.570571,0.000603912,0.0,15.3,6.536788000000069,0.29722887400000003
714.0,1358.763967,0.306566356,0.089767765,1380.570631,0.000603912,0.0,15.3,6.5066639999999545,0.305962444
714.1,1358.79502,0.315572409,0.092925014,1380.570692,0.000603912,0.0,15.3,6.475671999999985,0.314968497
714.2,1358.826954,0.324932876,0.096878813,1380.570752,0.000603912,4.74e-13,15.3,6.443798000000196,0.324328964
714.3000000000001,1358.859789,0.334729689,0.101651921,1380.570812,0.000603912,9.47e-13,15.3,6.41102299999984,0.334125777
714.4000000000001,1358.893591,0.345044778,0.107221579,1380.570873,0.000603912,1.07e-11,15.3,6.377281999999877,0.344440866
714.5,1358.928438,0.355960074,0.113473994,1380.570933,0.000603912,2.18e-11,15.3,6.342495000000053,0.35535616200000003
714.6,1358.964404,0.367557508,0.120272615,1380.570994,0.000603912,0.005224717,15.3,6.3065899999998685,0.366953596
714.7,1359.001567,0.379905356,0.127480891,1380.571054,0.000603912,0.010475911,15.3,6.26948699999998,0.37930144400000004
714.8000000000001,1359.040003,0.393017273,0.134962269,1380.571114,0.000603912,0.015633335,15.3,6.231111000000009,0.392413361
714.9000000000001,1359.079789,0.406893258,0.142580199,1380.571175,0.003738742,0.020576743,15.3,6.191386000000147,0.40315451599999996
715.0,1359.121,0.421533312,0.150220887,1380.571235,0.006889459,0.025185891,15.3,6.1502349999997925,0.414643853
715.1,1359.163713,0.436937435,0.157861576,1380.571295,0.009983913,0.029340533,15.3,6.107582000000047,0.426953522
715.2,1359.208005,0.453105627,0.165502264,1380.571356,0.012949958,0.027695705,15.3,6.063350999999965,0.440155669
715.3000000000001,1359.253952,0.470037888,0.173142953,1380.573924,0.015715447,0.025329404,15.3,6.019972000000006,0.454322441
715.4000000000001,1359.301631,0.487734218,0.180783641,1380.576505,0.018208232,0.017016913,15.3,5.974873999999954,0.469525986
715.5,1359.351117,0.506194617,0.18842433,1380.579041,0.020356165,0.007956472,15.3,5.927924000000029,0.48583845200000003
715.6,1359.402488,0.525419084,0.195985964,1380.581474,0.022087101,-0.000810526,15.3,5.878986000000122,0.503331983
715.7,1359.455819,0.54540762,0.203073272,1380.583747,0.02019406,-0.009522364,15.3,5.827927999999883,0.52521356
715.8000000000001,1359.511187,0.566160225,0.209003355,1380.585802,0.017723841,-0.017505678,15.3,5.774614999999994,0.5484363839999999
715.9000000000001,1359.568669,0.587629467,0.213927602,1380.58758,0.014783515,-0.023788671,15.3,5.718910999999888,0.572845952
716.0,1359.62834,0.609578181,0.216745971,1380.589026,0.012494813,-0.023456952,15.3,5.660686000000123,0.5970833680000001
716.1,1359.690278,0.631596629,0.217192708,1380.590079,0.009852759,-0.021468272,15.3,5.599801000000024,0.62174387
716.2,1359.754559,0.653775645,0.21487254,1380.590684,0.007813898,-0.017580345,15.3,5.5361250000000375,0.645961747
716.3000000000001,1359.821221,0.675455203,0.209706413,1380.590782,0.006119889,-0.013765841,15.3,5.469561000000066,0.6693353139999999
716.4000000000001,1359.89015,0.69647585,0.201981954,1380.591206,0.004842878,-0.009422902,15.3,5.401056000000107,0.691632972
716.5,1359.961196,0.716552991,0.191468718,1380.591629,0.004235308,-0.005964316,15.3,5.330433000000038,0.712317683
716.6,1360.034208,0.735402029,0.179266749,1380.592053,0.004235308,-0.003140967,15.3,5.257845000000042,0.7311667209999999
716.7,1360.109033,0.752785802,0.1656418,1380.592476,0.004235308,-0.001012616,15.3,5.183443000000079,0.748550494
716.8000000000001,1360.185521,0.768656876,0.151068198,1380.5929,0.004235308,-3.26e-11,15.3,5.107378999999991,0.7644215679999999
716.9000000000001,1360.263521,0.783015252,0.13602027,1380.593323,0.004235308,1.45e-11,15.3,5.029801999999972,0.778779944
717.0,1360.342881,0.79586093,0.120893287,1380.593747,0.004235308,4.26e-11,15.3,4.950865999999859,0.791625622
717.1,1360.423449,0.80719391,0.105766304,1380.59417,0.004235308,0.048601809,15.3,4.870721000000184,0.8029586019999999
717.2,1360.505076,0.817014191,0.090639321,1380.594594,0.004235308,0.114018663,15.3,4.7895179999999975,0.8127788829999999
717.3000000000001,1360.587608,0.825321774,0.075512338,1380.595018,0.004235309,0.198329726,15.3,4.7074099999999355,0.8210864649999999
717.4000000000001,1360.670896,0.832116658,0.060385355,1380.595441,0.033396394,0.342055988,15.3,4.624544999999852,0.798720264
717.5,1360.754788,0.837398845,0.045258372,1380.595865,0.072646506,0.45542125,15.3,4.54107700000004,0.764752339
717.6,1360.839132,0.841168333,0.03013139,1380.596288,0.123233144,0.585419843,15.3,4.457155999999895,0.7179351890000001
717.7,1360.923778,0.843425123,0.015350326,1380.596712,0.186403809,0.731957982,15.3,4.37293399999994,0.6570213140000001
717.8000000000001,1361.008574,0.844169214,0.004919752,1380.620464,0.277880099,0.85990761,15.3,4.31189000000013,0.566289115
717.9000000000001,1361.093368,0.843400607,-0.005909741,1380.652288,0.368572309,0.970476305,15.3,4.258919999999943,0.474828298
718.0,1361.17801,0.841326854,-0.008237714,1380.693181,0.472571183,1.069097071,15.3,4.215171000000009,0.36875567099999995
718.1,1361.262349,0.840350696,-0.002263626,1380.744141,0.588591072,1.156422056,15.3,4.181791999999813,0.25175962399999996
718.2,1361.346232,0.837622488,0.014088037,1380.806166,0.705518927,1.237327794,15.3,4.159933999999975,0.1321035610000001
718.3000000000001,1361.429509,0.838482494,0.042546871,1380.880254,0.831141131,1.325285252,15.3,4.150744999999869,0.00734136299999999
718.4000000000001,1361.512194,0.842811038,0.081183823,1380.967404,0.966743333,1.406126122,15.3,4.1552100000000785,-0.12393229500000003
718.5,1361.594967,0.85185343,0.136477894,1381.068613,1.112325533,1.499190584,15.3,4.173645999999916,-0.2604721029999999
718.6,1361.678672,0.866854977,0.199874566,1381.184879,1.267742334,1.590012864,15.3,4.206206999999903,-0.400887357
718.7,1361.764154,0.889060989,0.271573299,1381.317201,1.432266745,1.675030724,15.3,4.253047000000105,-0.543205756
718.8000000000001,1361.852259,0.919509225,0.349498577,1381.466575,1.60502638,1.752778688,15.3,4.314315999999916,-0.685517155
718.9000000000001,1361.943831,0.958407234,0.431574886,1381.634001,1.78514885,1.822045105,15.3,4.390169999999852,-0.8267416159999998
719.0,1362.039716,1.005755018,0.51572671,1381.82036,1.971761768,1.882587647,15.3,4.480643999999938,-0.96600675
719.1,1362.140757,1.061552576,0.600224453,1382.026068,2.163992746,1.934648644,15.3,4.585311000000001,-1.10244017
719.2,1362.247801,1.125799908,0.684722195,1382.251425,2.360969397,1.979439744,15.3,4.7036239999999445,-1.2351694889999998
719.3000000000001,1362.361693,1.198497015,0.769219938,1382.496732,2.561819334,2.018414927,15.3,4.835039000000005,-1.363322319
719.4000000000001,1362.483276,1.279643896,0.853717681,1382.762289,2.765815566,2.053028172,15.3,4.9790130000000765,-1.48617167
719.5,1362.613396,1.369240551,0.938215424,1383.048395,2.972812696,2.084733459,15.3,5.134999000000061,-1.603572145
719.6,1362.752899,1.467286981,1.022713167,1383.355351,3.182810724,2.114984766,15.3,5.302451999999857,-1.7155237429999999
719.7,1362.902629,1.573783185,1.107053512,1383.683456,3.395809649,2.144993743,15.3,5.480827000000044,-1.822026464
719.8000000000001,1363.063431,1.688729163,1.190449468,1384.033012,3.611809472,2.175002721,15.3,5.669581000000061,-1.923080309
719.9000000000001,1363.23615,1.812124915,1.271956648,1384.404318,3.830810193,2.205011698,15.3,5.86816800000015,-2.018685278
720.0,1363.421631,1.943876003,1.350630662,1384.797674,4.052811812,2.235020676,15.3,6.076042999999981,-2.108935809
720.1,1363.620719,2.083510232,1.425527122,1385.21338,4.277814328,2.265029653,15.3,6.292660999999907,-2.1943040959999998
720.2,1363.834259,2.230460969,1.49570164,1385.651736,4.505817743,2.295038631,15.3,6.517477000000053,-2.2753567739999996
720.3000000000001,1364.063096,2.384161582,1.560367225,1386.113043,4.736822055,2.32507536,15.3,6.749946999999974,-2.3526604730000003
720.4000000000001,1364.308,2.544045436,1.619366479,1386.5976,4.970827264,2.355278603,15.3,6.989600000000063,-2.426781828
720.5,1364.569437,2.709545899,1.672856801,1387.105708,5.207833372,2.385814871,15.3,7.236270999999942,-2.4982874729999995
720.6,1364.8478,2.880096338,1.72162518,1387.637666,5.447857028,2.416850678,15.3,7.489866000000074,-2.5677606899999996
720.7,1365.143479,3.05513012,1.766616006,1388.193776,5.69098149,2.448552536,15.3,7.750297,-2.6358513700000006
720.8000000000001,1365.456867,3.23417505,1.808773666,1388.774336,5.937306665,2.481086959,15.3,8.017468999999846,-2.703131615
720.9000000000001,1365.788356,3.41713669,1.849042549,1389.379647,6.186932461,2.514592706,15.3,8.291290999999955,-2.7697957709999996
721.0,1366.138336,3.60401504,1.888367044,1390.010022,6.439958786,2.549097531,15.3,8.571685999999954,-2.835943746
721.1,1366.5072,3.794810099,1.927534141,1390.665828,6.696485547,2.584573681,15.3,8.858627999999907,-2.9016754479999998
721.2,1366.89534,3.989521868,1.966701238,1391.347445,6.956612652,2.620882395,15.3,9.152105000000073,-2.9670907839999994
721.3000000000001,1367.303146,4.188150346,2.005868334,1392.055254,7.220440009,2.657857161,15.3,9.452108000000134,-3.0322896630000002
721.4000000000001,1367.731012,4.390695535,2.045035431,1392.789633,7.488050874,2.695331465,15.3,9.75862100000013,-3.097355339
721.5,1368.179327,4.597157433,2.084202528,1393.550964,7.759461898,2.733138795,15.3,10.071636999999964,-3.162304465
721.6,1368.648485,4.80753604,2.123369625,1394.339626,8.034673082,2.771112637,15.3,10.391141000000015,-3.227137042
721.7,1369.138876,5.021831358,2.162141818,1395.155999,8.313684426,2.809114232,15.3,10.717123000000083,-3.291853068
721.8000000000001,1369.650893,5.240043385,2.198544588,1396.000462,8.596495929,2.847115827,15.3,11.049568999999973,-3.3564525439999997
721.9000000000001,1370.184926,5.462172121,2.229042783,1396.873398,8.883107591,2.885117422,15.3,11.388472000000046,-3.42093547
722.0,1370.741369,5.687980625,2.254764167,1397.775184,9.173519413,2.923119017,15.3,11.733815000000003,-3.4855387879999995
722.1,1371.320612,5.916284185,2.26984213,1398.706201,9.467731394,2.961120612,15.3,12.085588999999981,-3.551447208999999
722.2,1371.923046,6.14496171,2.273072979,1399.66683,9.765743535,2.999122207,15.3,12.443783999999777,-3.620781825000001
722.3000000000001,1372.549065,6.374689858,2.262482194,1400.65745,10.06755584,3.037123802,15.3,12.808384999999998,-3.6928659820000007
722.4000000000001,1373.198869,6.601948663,2.237674871,1401.678441,10.3731683,3.074701747,15.3,13.179571999999961,-3.7712196369999997
722.5,1373.871903,6.826015909,2.200211643,1402.730184,10.68258092,3.109737798,15.3,13.558281000000033,-3.856565011
722.6,1374.567422,7.045469941,2.148569843,1403.813057,10.99579369,3.13761409,15.3,13.945634999999992,-3.950323748999999
722.7,1375.284678,7.258889108,2.088616079,1404.927442,11.31255244,3.162016635,15.3,14.342763999999942,-4.053663331999999
722.8000000000001,1376.022928,7.465088696,2.021554047,1406.073719,11.63158621,3.174175631,15.3,14.75079099999989,-4.1664975140000005
722.9000000000001,1376.781424,7.663831763,1.949753169,1407.252266,11.95012429,3.173625152,15.3,15.170841999999947,-4.286292527
723.0,1377.559422,7.85511831,1.875582868,1408.463465,12.27037828,3.158246953,15.3,15.604043,-4.415259969999999
723.1,1378.356176,8.038948337,1.801017663,1409.707492,12.58708629,3.127617384,15.3,16.051315999999996,-4.5481379529999995
723.2,1379.17094,8.215321843,1.726452458,1410.98371,12.89996879,3.084236063,15.3,16.51277,-4.684646947000001
723.3000000000001,1380.002969,8.384238828,1.651887253,1412.29128,13.20750061,3.023993329,15.3,16.98831100000002,-4.823261781999999
723.4000000000001,1380.851516,8.545699294,1.577322049,1413.62936,13.50815664,2.955658985,15.3,17.47784399999996,-4.962457345999999
723.5,1381.715837,8.699703238,1.502756844,1414.997111,13.80066593,2.879698956,15.3,17.98127399999994,-5.1009626919999995
723.6,1382.595185,8.846250662,1.428191639,1416.393694,14.08477427,2.798655136,15.3,18.498509000000194,-5.238523608000001
723.7,1383.488815,8.985341566,1.354732208,1417.818267,14.36048168,2.715069422,15.3,19.029452000000173,-5.375140113999999
723.8000000000001,1384.395982,9.116975949,1.289693673,1419.26999,14.62778816,2.631060059,15.3,19.574008000000003,-5.510812210999999
723.9000000000001,1385.315939,9.241153812,1.23556486,1420.748025,14.8866937,2.547050695,15.3,20.132086000000026,-5.645539888
724.0,1386.247941,9.358538619,1.200700377,1422.25153,15.1371983,2.463041332,15.3,20.70358899999992,-5.778659680999999
724.1,1387.191242,9.473519442,1.193587407,1423.779665,15.37930196,2.379031968,15.3,21.28842299999992,-5.905782517999999
724.2,1388.145097,9.587589578,1.219647667,1425.33159,15.61300469,2.295022605,15.3,21.886492999999927,-6.025415112000001
724.3000000000001,1389.10876,9.705761792,1.284410029,1426.906466,15.83830648,2.211013242,15.3,22.497705999999834,-6.132544687999999
724.4000000000001,1390.082016,9.833128393,1.387194018,1428.503452,16.05520734,2.127925725,15.3,23.121435999999857,-6.222078946999998
724.5,1391.066773,9.972942412,1.531039678,1430.121708,16.26370726,2.05036929,15.3,23.754934999999886,-6.290764848
724.6,1392.065471,10.12918464,1.708698177,1431.760394,16.46380624,1.988831966,15.3,24.394923000000016,-6.3346216
724.7,1393.080548,10.30583585,1.911682331,1433.41867,16.6560574,1.93397399,15.3,25.03812200000011,-6.350221550000002
724.8000000000001,1394.114443,10.50621339,2.134570423,1435.095695,16.84322627,1.906197288,15.3,25.68125200000004,-6.33701288
724.9000000000001,1395.169596,10.7309807,2.370727807,1436.790631,17.03160566,1.906075994,15.3,26.32103500000012,-6.30062496
725.0,1396.248445,10.98013779,2.613519838,1438.502635,17.21559173,1.938219341,15.3,26.954190000000107,-6.235453939999999
725.1,1397.353429,11.25368467,2.857417642,1440.231312,17.40742563,2.003549177,15.3,27.577882999999883,-6.153740959999999
725.2,1398.486987,11.55162132,3.101315447,1441.978033,17.60745184,2.096186706,15.3,28.191046000000096,-6.055830519999999
725.3000000000001,1399.651558,11.87394776,3.345213251,1443.744613,17.818989,2.226393539,15.3,28.79305500000005,-5.945041239999998
725.4000000000001,1400.849581,12.22066397,3.589111056,1445.532868,18.04535577,2.37376775,15.3,29.383287000000063,-5.8246918
725.5,1402.083496,12.59176997,3.833008861,1447.34461,18.28931769,2.537735205,15.3,29.961114000000133,-5.697547720000001
725.6,1403.355741,12.98726574,4.076906665,1449.181657,18.55142786,2.712764824,15.3,30.525916000000006,-5.564162120000001
725.7,1404.668754,13.4071513,4.32080447,1451.045822,18.83168628,2.893325523,15.3,31.077068000000008,-5.424534979999999
725.8000000000001,1406.024976,13.85142664,4.563377293,1452.93892,19.13009296,3.07480807,15.3,31.613944000000128,-5.278666319999999
725.9000000000001,1407.426845,14.32009175,4.798000228,1454.862766,19.4466479,3.256290616,15.3,32.13592100000001,-5.126556149999999
726.0,1408.876799,14.81314665,5.016723386,1456.819176,19.78135109,3.437773162,15.3,32.64237700000008,-4.968204440000001
726.1,1410.377279,15.32979634,5.211596879,1458.809962,20.13420253,3.619255709,15.3,33.132683,-4.80440619
726.2,1411.930723,15.86606588,5.376214779,1460.836942,20.50520223,3.800738255,15.3,33.60621899999997,-4.639136349999998
726.3000000000001,1413.539569,16.41718533,5.497995315,1462.901929,20.89435018,3.982220802,15.3,34.06236000000008,-4.477164850000001
726.4000000000001,1415.206258,16.97838476,5.574945463,1465.006738,21.30164639,4.161600077,15.3,34.50048000000011,-4.3232616299999975
726.5,1416.932591,17.54582062,5.60419628,1467.153184,21.72709085,4.328359721,15.3,34.92059300000001,-4.181270229999999
726.6,1418.717829,18.11194384,5.587072749,1469.343082,22.17068357,4.461967716,15.3,35.32525300000016,-4.058739730000003
726.7,1420.560593,18.67476362,5.530199775,1471.578246,22.63116257,4.573541596,15.3,35.71765300000011,-3.9563989500000005
726.8000000000001,1422.459507,19.22858365,5.439983287,1473.860493,23.10221806,4.626724567,15.3,36.10098599999988,-3.8736344099999975
726.9000000000001,1424.413194,19.76942898,5.329005056,1476.191635,23.57153081,4.616809385,15.3,36.47844099999993,-3.802101829999998
727.0,1426.420278,20.29650463,5.200583087,1478.573489,24.04577135,4.533279693,15.3,36.85321100000006,-3.749266719999998
727.1,1428.47938,20.80981059,5.064211229,1481.006859,24.50312559,4.374032218,15.3,37.22747900000009,-3.6933149999999983
727.2,1430.589125,21.30934687,4.92651439,1483.488512,24.9407692,4.149082622,15.3,37.599386999999936,-3.6314223299999995
727.3000000000001,1432.748134,21.79511347,4.788817551,1486.014207,25.35113039,3.845210095,15.3,37.96607300000001,-3.556016920000001
727.4000000000001,1434.955032,22.26711038,4.651120712,1488.579699,25.72663739,3.498771436,15.3,38.32466699999982,-3.459527010000002
727.5,1437.208441,22.72533761,4.513423873,1491.180747,26.06098038,3.114473885,15.3,38.67230600000012,-3.3356427699999998
727.6,1439.506985,23.16979516,4.375727034,1493.813108,26.3528974,2.704937074,15.3,39.00612300000007,-3.18310224
727.7,1441.849285,23.60048302,4.238030195,1496.472539,26.60238845,2.282780632,15.3,39.32325400000009,-3.0019054300000008
727.8000000000001,1444.233966,24.0174012,4.099653753,1499.154799,26.80945353,1.858520918,15.3,39.620832999999905,-2.7920523300000006
727.9000000000001,1446.65965,24.42054969,3.957199693,1501.855643,26.97409264,1.434261205,15.3,39.89599300000005,-2.553542949999997
728.0,1449.124961,24.8099285,3.806590399,1504.57083,27.09630577,1.010001491,15.3,40.145868999999905,-2.286377269999999
728.1,1451.628521,25.18512987,3.643748253,1507.296117,27.17609293,0.585741778,15.3,40.367596000000006,-1.9909630599999986
728.2,1454.168953,25.54411498,3.464595636,1510.027262,27.21345413,0.161482064,15.3,40.558308999999966,-1.669339149999999
728.3000000000001,1456.744881,25.88443726,3.265054933,1512.760021,27.20838935,-0.262777649,15.3,40.71513999999998,-1.3239520900000024
728.4000000000001,1459.354927,26.20365015,3.041728128,1515.490153,27.1608986,-0.685218748,15.3,40.83522599999988,-0.957248449999998
728.5,1461.997389,26.49930707,2.793935618,1518.213414,27.07098187,-1.096748159,15.3,40.91602499999995,-0.5716748000000003
728.6,1464.669258,26.76896146,2.522357007,1520.925562,26.93863918,-1.486454193,15.3,40.956304,-0.16967771999999925
728.7,1467.3672,27.01016674,2.230390309,1523.622355,26.76496168,-1.843425163,15.3,40.95515500000006,0.24520505999999997
728.8000000000001,1470.087881,27.22047635,1.922113141,1526.299549,26.55540523,-2.156749379,15.3,40.91166800000015,0.6650711199999968
728.9000000000001,1472.827967,27.39785146,1.601603121,1528.952903,26.31651683,-2.423281953,15.3,40.824936000000164,1.081334629999997
729.0,1475.584122,27.54188434,1.272937865,1531.578173,26.0548435,-2.610629416,15.3,40.69405100000013,1.4870408399999988
729.1,1478.353015,27.65257496,0.940194993,1534.17199,25.77693225,-2.740273547,15.3,40.51897500000014,1.8756427099999975
729.2,1481.131309,27.72992333,0.606772517,1536.734477,25.48467001,-2.806266164,15.3,40.30316799999987,2.2452533199999998
729.3000000000001,1483.91567,27.77392946,0.273350042,1539.266627,25.19858404,-2.81770034,15.3,40.05095699999988,2.5753454200000014
729.4000000000001,1486.702766,27.78459334,-0.060072434,1541.769437,24.9112411,-2.785487762,15.3,39.76667099999982,2.873352239999999
729.5,1489.48926,27.76191498,-0.393494909,1544.2439,24.63275713,-2.712773323,15.3,39.454639999999884,3.1291578499999986
729.6,1492.27182,27.70589436,-0.726917385,1546.691013,24.36422329,-2.633769102,15.3,39.11919300000018,3.3416710699999967
729.7,1495.04711,27.6165315,-1.06033986,1549.11177,24.10563959,-2.536086396,15.3,38.764660000000006,3.5108919100000016
729.8000000000001,1497.811797,27.49382639,-1.392484343,1551.507166,23.85700602,-2.436585074,15.3,38.39536900000003,3.636820369999999
729.9000000000001,1500.562547,27.33777903,-1.716960871,1553.878196,23.61832257,-2.337083753,15.3,38.0156489999999,3.71945646
730.0,1503.296024,27.14838943,-2.026101489,1556.225855,23.38958926,-2.237582432,15.3,37.629830999999925,3.7588001700000007
730.1,1506.008896,26.92642437,-2.312238242,1558.551139,23.17080609,-2.138081111,15.3,37.242242999999874,3.75561828
730.2,1508.697827,26.67571784,-2.567703175,1560.855042,22.96197304,-2.038579789,15.3,36.857214999999954,3.7137448000000006
730.3000000000001,1511.359483,26.4008706,-2.789037462,1563.138558,22.76309013,-1.939078468,15.3,36.47907500000015,3.6377804700000027
730.4000000000001,1513.990531,26.10648344,-2.962681193,1565.402685,22.57415735,-1.839577147,15.3,36.1121540000001,3.5323260900000015
730.5,1516.58825,25.79715713,-3.083611444,1567.648415,22.3951747,-1.74075554,15.3,35.7601650000001,3.4019824300000003
730.6,1519.152371,25.47496695,-3.165269397,1569.876744,22.22614218,-1.646012222,15.3,35.42437300000002,3.248824769999999
730.7,1521.683243,25.14881565,-3.208587575,1572.088668,22.0670598,-1.559425479,15.3,35.10542500000015,3.0817558500000004
730.8000000000001,1524.181211,24.82555097,-3.221233933,1574.285181,21.91751972,-1.485073601,15.3,34.80396999999989,2.908031249999997
730.9000000000001,1526.646621,24.50170897,-3.206667298,1576.467279,21.7754828,-1.427034874,15.3,34.52065799999987,2.7262261700000003
731.0,1529.079821,24.1813309,-3.17972557,1578.635955,21.63850206,-1.389387588,15.3,34.25613399999993,2.5428288399999985
731.1,1531.481155,23.86441677,-3.151821638,1580.792206,21.50413054,-1.375530315,15.3,34.01105100000014,2.36028623
731.2,1533.850972,23.55096657,-3.117182273,1582.9367,21.36992126,-1.38614277,15.3,33.78572800000002,2.1810453099999982
731.3000000000001,1536.189617,23.24098031,-3.082542909,1585.068801,21.23342725,-1.420545239,15.3,33.5791839999999,2.007553060000003
731.4000000000001,1538.497436,22.93445799,-3.047903544,1587.187546,21.09220153,-1.475339147,15.3,33.39011000000001,1.842256459999998
731.5,1540.774776,22.6313996,-3.01326418,1589.291973,20.94379713,-1.546446208,15.3,33.21719700000013,1.6876024700000016
731.6,1543.021984,22.33180515,-2.978624816,1591.381118,20.78617492,-1.629788133,15.3,33.05913400000004,1.5456302300000004
731.7,1545.239405,22.03567464,-2.943985451,1593.45402,20.61892705,-1.721286634,15.3,32.91461499999987,1.41674759
731.8000000000001,1547.427387,21.74300806,-2.909498175,1595.509717,20.44205353,-1.816863423,15.3,32.78232999999996,1.300954530000002
731.9000000000001,1549.586275,21.45380542,-2.875923427,1597.547244,20.25555437,-1.913119926,15.3,32.66096900000021,1.1982510499999997
732.0,1551.716416,21.16806672,-2.844173738,1599.56564,20.05942955,-2.009376429,15.3,32.54922400000005,1.108637169999998
732.1,1553.818156,20.8857007,-2.815161634,1601.563943,19.85367908,-2.105632933,15.3,32.44578700000007,1.0320216200000019
732.2,1555.891843,20.6062511,-2.789799646,1603.541189,19.63830296,-2.201889436,15.3,32.349345999999926,0.9679481400000007
732.3000000000001,1557.937821,20.3291704,-2.768232719,1605.496416,19.41330119,-2.29814594,15.3,32.25859499999997,0.9158692100000003
732.4000000000001,1559.956437,20.05391108,-2.753524041,1607.428662,19.17867377,-2.394402443,15.3,32.17222499999998,0.8752373099999993
732.5,1561.947966,19.77992563,-2.743522954,1609.336964,18.93442071,-2.490658947,15.3,32.08899800000013,0.8455049199999998
732.6,1563.912388,19.50712709,-2.738844951,1611.220359,18.68054199,-2.58691545,15.3,32.007970999999955,0.8265851000000026
732.7,1565.849611,19.23358627,-2.738729593,1613.077885,18.41703762,-2.683171954,15.3,31.928273999999828,0.8165486500000014
732.8000000000001,1567.759545,18.96013732,-2.742264349,1614.908579,18.14390759,-2.779428457,15.3,31.849034000000028,0.8162297299999999
732.9000000000001,1569.642097,18.68586343,-2.749304275,1616.711479,17.86115192,-2.875684961,15.3,31.76938200000013,0.8247115100000002
733.0,1571.497176,18.41067333,-2.756634093,1618.485622,17.5687706,-2.971941464,15.3,31.68844599999984,0.841902730000001
733.1,1573.32469,18.13456702,-2.765644022,1620.230046,17.26676363,-3.068197968,15.3,31.605355999999983,0.8678033899999988
733.2,1575.124547,17.85754452,-2.774806039,1621.943788,16.95513101,-3.164454471,15.3,31.519241000000147,0.9024135100000024
733.3000000000001,1576.896657,17.57960582,-2.783968057,1623.625885,16.63387274,-3.260710975,15.3,31.42922799999992,0.9457330800000001
733.4000000000001,1578.640927,17.30075091,-2.793130074,1625.275375,16.30298881,-3.356967478,15.3,31.33444800000002,0.9977621000000028
733.5,1580.357265,17.0209798,-2.802292091,1626.891296,15.96247924,-3.453223982,15.3,31.234030999999913,1.0585005599999988
733.6,1582.045581,16.74029249,-2.811454109,1628.472684,15.61234402,-3.549480485,15.3,31.127102999999988,1.1279484700000015
733.7,1583.705782,16.45868898,-2.820616126,1630.018577,15.25258314,-3.645736989,15.3,31.01279500000005,1.206105840000001
733.8000000000001,1585.337777,16.17616927,-2.829778143,1631.528014,14.88319662,-3.741993492,15.3,30.890237000000024,1.2929726499999994
733.9000000000001,1586.941474,15.89273335,-2.838845031,1633.00003,14.50418445,-3.838249996,15.3,30.758555999999952,1.3885489
734.0,1588.516781,15.60838123,-2.847341139,1634.433663,14.11554662,-3.934506499,15.3,30.616881999999986,1.492834610000001
734.1,1590.063608,15.32311292,-2.85442671,1635.827952,13.71728315,-4.030763003,15.3,30.464344000000164,1.6058297699999997
734.2,1591.581862,15.03698547,-2.860337896,1637.181933,13.30939402,-4.108302964,15.3,30.30007100000007,1.7275914500000003
734.3000000000001,1593.071452,14.7502843,-2.863696987,1638.494643,12.89187924,-4.193195852,15.3,30.123191000000087,1.8584050600000008
734.4000000000001,1594.532286,14.46351324,-2.86420218,1639.765121,12.46473882,-4.263382886,15.3,29.932834999999795,1.9987744199999984
734.5,1595.964272,14.17653061,-2.861377824,1640.992404,12.03920267,-4.015721098,15.3,29.72813200000014,2.1373279400000005
734.6,1597.367365,13.89016304,-2.85512879,1642.175529,11.60083232,-3.701214515,15.3,29.508164000000033,2.289330719999999
734.7,1598.741701,13.60459161,-2.845819186,1643.313533,11.14962776,-3.420130329,15.3,29.271832000000085,2.4549638500000004
734.8000000000001,1600.087463,13.32015878,-2.833117729,1644.405454,10.89996136,-3.05883239,15.3,29.017990999999892,2.420197419999999
734.9000000000001,1601.404832,13.03720702,-2.81840213,1645.45033,10.67115054,-2.793858165,15.3,28.74549799999995,2.366056480000001
735.0,1602.693992,12.75602173,-2.801974192,1646.447198,10.43913116,-2.364311327,15.3,28.45320600000009,2.31689057
735.1,1603.955125,12.47665998,-2.784404695,1647.395094,10.20390323,-2.352279263,15.3,28.13996900000002,2.272756750000001
