t,x_follower,v_follower,a_follower,x_leader,v_leader,a_leader,leader_length,spacing,dv
64.4,51.55160675,6.231136857,0.024976743,79.70557722,5.827822246,-0.045496591,14.8,13.353970469999997,0.4033146109999999
64.5,52.17393879,6.233634532,0.025178869,80.28762187,5.824292768,-0.025092971,14.8,13.313683079999993,0.40934176399999966
64.60000000000001,52.79680271,6.236078306,0.029486989,80.86941559,5.822803652,-0.004689352,14.8,13.27261288,0.4132746539999994
64.7,53.42018233,6.238468179,0.031999734,81.45116242,5.823354898,0.015714268,14.8,13.23098009,0.415113281
64.8,54.04406149,6.241208405,0.035349194,82.03306639,5.825946506,0.036117888,14.8,13.189004900000004,0.4152618989999999
64.9,54.66842401,6.245880352,0.03794472,82.61533154,5.830578476,0.056521508,14.8,13.146907529999996,0.415301876
65.0,55.29325373,6.250336698,0.040804921,83.19816191,5.837250807,0.076925127,14.8,13.104908179999992,0.4130858909999997
65.10000000000001,55.91853447,6.254577443,0.0425422,83.78176152,5.845963501,0.097286429,14.8,13.063227050000005,0.4086139419999997
65.2,56.54425007,6.258845138,0.041363131,84.36633443,5.856716557,0.117393819,14.8,13.022084359999997,0.4021285809999995
65.3,57.17038435,6.262951132,0.03993702,84.95208465,5.869509974,0.136993389,14.8,12.981700300000004,0.3934411580000008
65.4,57.79692114,6.266895426,0.03863443,85.53921624,5.884318363,0.155831226,14.8,12.942295099999999,0.3825770629999994
65.5,58.42384428,6.270678018,0.037017422,86.12793322,5.901014767,0.173653421,14.8,12.904088940000005,0.3696632509999995
65.60000000000001,59.0511376,6.27429891,0.035400414,86.71843964,5.919446841,0.190206062,14.8,12.867302040000002,0.35485206899999966
65.7,59.67878492,6.277758101,0.033783406,87.31093952,5.939462237,0.205277558,14.8,12.832154600000006,0.338295864
65.8,60.30677007,6.281055591,0.032166398,87.9056166,5.960908609,0.21882559,14.8,12.798846530000002,0.3201469820000007
65.9,60.93507689,6.284191381,0.03054939,88.50257334,5.983633612,0.230892477,14.8,12.76749645,0.3005577690000001
66.0,61.5636892,6.287165469,0.028932382,89.1018919,6.007484898,0.24168981,14.8,12.738202699999999,0.2796805709999992
66.10000000000001,62.19259083,6.289977857,0.027315374,89.70365444,6.032310121,0.2514715,14.8,12.711063609999993,0.25766773600000015
66.2,62.82176562,6.292628544,0.025698366,90.30794313,6.057982327,0.260491459,14.8,12.686177509999997,0.23464621699999988
66.3,63.45119739,6.29511753,0.024081358,90.91484011,6.084476123,0.269003596,14.8,12.663642720000002,0.21064140699999978
66.4,64.08086997,6.297444816,0.02246435,91.52442756,6.111791509,0.277261823,14.8,12.643557590000011,0.18565330699999993
66.5,64.7107672,6.299610401,0.020847342,92.13678762,6.139928487,0.285477731,14.8,12.62602042,0.1596819140000001
66.60000000000001,65.3408729,6.301614284,0.019230334,92.75200246,6.168887056,0.293693639,14.8,12.611129560000006,0.13272722800000025
66.7,65.97117091,6.303456467,0.017613326,93.37015423,6.198667215,0.301909548,14.8,12.598983319999999,0.10478925199999978
66.8,66.60164505,6.30513695,0.015996318,93.99132511,6.229268965,0.310125456,14.8,12.589680060000003,0.07586798499999947
66.9,67.23227915,6.306655731,0.01437931,94.61559723,6.260692306,0.318341364,14.8,12.583318080000009,0.04596342500000006
67.0,67.86305704,6.308012812,0.012762302,95.24305277,6.292937238,0.326557272,14.8,12.579995730000004,0.015075573999999925
67.10000000000001,68.49396256,6.309208192,0.011145294,95.87377388,6.326003761,0.334761428,14.8,12.579811320000001,-0.01679556900000012
67.2,69.12497953,6.310241871,0.009528286,96.50784273,6.359891874,0.342895067,14.8,12.582863199999988,-0.049650003
67.3,69.75609179,6.311113849,0.007911278,97.14534146,6.394601578,0.350887674,14.8,12.589249669999997,-0.08348772899999979
67.4,70.38728315,6.311824126,0.00629427,97.78635225,6.430125822,0.358668732,14.8,12.59906909999999,-0.11830169599999962
67.5,71.01853746,6.312372703,0.004677262,98.43095724,6.466429346,0.366167725,14.8,12.612419779999993,-0.15405664299999966
67.60000000000001,71.64983854,6.312759579,0.003060254,99.0792386,6.503469842,0.373314137,14.8,12.629400059999991,-0.1907102630000006
67.7,72.28117023,6.312984754,0.001443246,99.73127849,6.541205,0.380049204,14.8,12.650108259999993,-0.22822024599999935
67.8,72.91251635,6.313048228,2.61e-05,100.3871534,6.579592509,0.386361173,14.8,12.674637049999998,-0.2665442809999998
67.9,73.54386073,6.312950001,-0.001251767,101.0469174,6.61859006,0.392261798,14.8,12.703056669999992,-0.3056400589999999
68.0,74.1751872,6.312690074,-0.002535546,101.7106186,6.658155344,0.397809842,14.8,12.735431400000007,-0.34546527000000005
68.10000000000001,74.80647959,6.312388388,-0.002081004,102.3783055,6.69824605,0.403075821,14.8,12.77182591,-0.38585766200000027
68.2,75.43772174,6.312008519,0.00033606,103.0500263,6.738826921,0.408130251,14.8,12.812304559999998,-0.4268184020000003
68.3,76.06889746,6.311463426,0.005369818,103.7258293,6.779890905,0.413043648,14.8,12.856931839999998,-0.4684274789999998
68.4,76.6999906,6.311799626,0.013474541,104.4057629,6.821438001,0.41788653,14.8,12.905772299999992,-0.5096383749999998
68.5,77.33098499,6.313151637,0.025365112,105.0898753,6.863468211,0.422717658,14.8,12.958890309999997,-0.550316574
68.60000000000001,77.96191677,6.315911965,0.041840768,105.778215,6.905981533,0.427548787,14.8,13.01629823,-0.5900695680000005
68.7,78.59303147,6.320473113,0.061702464,106.4708301,6.948977968,0.432379916,14.8,13.07779863,-0.6285048550000001
68.8,79.2246269,6.327227586,0.084835029,107.167769,6.992457516,0.437211044,14.8,13.143142100000002,-0.6652299299999997
68.9,79.8570009,6.336567887,0.110584289,107.86908,7.036420177,0.442042173,14.8,13.212079099999993,-0.6998522899999999
69.0,80.49045131,6.348821104,0.138296071,108.5748115,7.080865951,0.446873302,14.8,13.284360189999997,-0.732044847
69.10000000000001,81.12527595,6.364052655,0.167316199,109.2850117,7.125794837,0.45170443,14.8,13.359735749999995,-0.7617421819999999
69.2,81.76177267,6.382262538,0.196990501,109.9997289,7.171206837,0.456475082,14.8,13.437956229999994,-0.7889442989999997
69.3,82.4002393,6.403450755,0.226773833,110.7190115,7.217101949,0.460882873,14.8,13.518772199999997,-0.8136511940000002
69.4,83.04097366,6.427617305,0.256557164,111.4429077,7.263480174,0.464309184,14.8,13.60193404,-0.8358628689999996
69.5,83.68427359,6.454762188,0.286340495,112.171466,7.310305226,0.467158427,14.8,13.68719240999999,-0.8555430379999995
69.60000000000001,84.33043693,6.484885404,0.316123827,112.9047345,7.357395674,0.468300468,14.8,13.774297569999998,-0.8725102700000003
69.7,84.9797615,6.517986953,0.345907158,113.6427616,7.404380348,0.467628204,14.8,13.863000100000004,-0.8863933949999998
69.8,85.63254515,6.554066836,0.375690489,114.3855956,7.451501893,0.46483925,14.8,13.953050450000003,-0.897435057
69.9,86.2890857,6.593125051,0.405384531,115.1332558,7.49808223,0.45987313,14.8,14.044170099999999,-0.9049571789999993
70.0,86.949681,6.6351616,0.434542838,115.8856454,7.544057096,0.453046078,14.8,14.135964400000002,-0.9088954960000004
70.10000000000001,87.61462886,6.680176482,0.462629674,116.6426385,7.589208776,0.443893205,14.8,14.228009640000007,-0.9090322940000002
70.2,88.28422713,6.728116123,0.489109305,117.4041092,7.633319552,0.433544646,14.8,14.319882069999988,-0.9052034289999993
70.3,88.95877363,6.778712656,0.513445994,118.1699317,7.676207994,0.422107504,14.8,14.41115807000001,-0.8974953380000006
70.4,89.63856621,6.83164464,0.535104007,118.9399801,7.717837816,0.409944639,14.8,14.501413890000006,-0.8861931759999999
70.5,90.32390269,6.886590634,0.553636897,119.7141286,7.758209017,0.397418913,14.8,14.590225909999997,-0.8716183830000004
70.60000000000001,91.01503805,6.943229196,0.568955376,120.4922513,7.797321598,0.384832711,14.8,14.677213250000005,-0.854092402
70.7,91.71205583,7.001238886,0.581148732,121.2742222,7.835175559,0.372246508,14.8,14.76216637,-0.8339366729999993
70.8,92.41499671,7.060298261,0.590663412,122.0599157,7.8717709,0.359660306,14.8,14.844918990000007,-0.8114726389999998
70.9,93.12390137,7.120085882,0.59803515,122.8492057,7.907107621,0.347074104,14.8,14.92530433,-0.787021739
71.0,93.83881048,7.180333879,0.603799683,123.6419665,7.941185721,0.334487901,14.8,15.003156019999988,-0.7608518420000001
71.10000000000001,94.55976474,7.240988681,0.608492745,124.4380722,7.974005201,0.321901699,14.8,15.078307459999987,-0.7330165199999996
71.2,95.28680482,7.302050286,0.612650072,125.2373969,8.005566061,0.309373083,14.8,15.150592079999992,-0.7035157749999996
71.3,96.01997139,7.363518695,0.61671811,126.0398147,8.0358683,0.297189987,14.8,15.219843309999998,-0.6723496050000008
71.4,96.75930515,7.425393908,0.620786147,126.8451998,8.064911919,0.285697932,14.8,15.28589465,-0.6395180109999998
71.5,97.50484677,7.487675925,0.624854185,127.6534264,8.09273147,0.275242438,14.8,15.34857963,-0.6050555450000008
71.60000000000001,98.25663694,7.550364745,0.628922222,128.4643685,8.119499713,0.266057712,14.8,15.407731559999998,-0.5691349679999993
71.7,99.01471632,7.613460369,0.63299026,129.2779004,8.14542396,0.258823212,14.8,15.463184079999987,-0.5319635910000002
71.8,99.77912561,7.676962797,0.637058298,130.0938961,8.170711523,0.253492935,14.8,15.51477049,-0.49374872599999975
71.9,100.5499055,7.740872029,0.641126335,130.9122574,8.195502927,0.250235779,14.8,15.562351899999992,-0.45463089799999956
72.0,101.3270966,7.805188064,0.645127349,131.7329966,8.220205847,0.248994157,14.8,15.605900000000002,-0.4150177830000006
72.10000000000001,102.1107397,7.869910903,0.648382038,132.5561539,8.244827231,0.249480137,14.8,15.645414200000001,-0.3749163280000003
72.2,102.9008754,7.935040546,0.65152079,133.3817691,8.269641181,0.25145951,14.8,15.68089370000001,-0.33460063500000103
72.3,103.6975444,8.000536778,0.653108926,134.2098822,8.294820455,0.254252819,14.8,15.712337800000011,-0.29428367699999924
72.4,104.5007874,8.06599202,0.653088477,135.0405332,8.320399605,0.25784848,14.8,15.739745800000005,-0.25440758500000094
72.5,105.310645,8.131784503,0.651057297,135.8737622,8.346378633,0.261789662,14.8,15.763117199999993,-0.21459413000000005
72.60000000000001,106.127158,8.19705342,0.646680263,136.709609,8.372757538,0.265788431,14.8,15.782451000000005,-0.17570411800000052
72.7,106.9503349,8.26176399,0.640234531,137.5481137,8.39953632,0.2697872,14.8,15.797778799999985,-0.1377723299999989
72.8,107.7800554,8.325674924,0.630754588,138.3893163,8.426714978,0.273785968,14.8,15.809260899999995,-0.10104005400000027
72.9,108.6161673,8.388544936,0.619608093,139.2332568,8.454293513,0.277784737,14.8,15.817089499999991,-0.06574857699999903
73.0,109.4585181,8.450132738,0.606853013,140.0799751,8.482271925,0.281783506,14.8,15.821457000000006,-0.032139186999998515
73.10000000000001,110.3069556,8.510237256,0.592891494,140.9295112,8.510650214,0.285782274,14.8,15.822555600000012,-0.0004129580000000743
73.2,111.1613273,8.568818276,0.578125683,141.7819052,8.53942838,0.28974621,14.8,15.820577900000014,0.029389895999999638
73.3,112.021481,8.625875797,0.562957725,142.637197,8.568606423,0.293501147,14.8,15.815715999999991,0.05726937400000054
73.4,112.8872642,8.681409821,0.547722743,143.4954265,8.598184343,0.296838088,14.8,15.808162300000003,0.08322547800000102
73.5,113.7585247,8.735420346,0.532487761,144.3566339,8.628141239,0.299548034,14.8,15.798109199999995,0.1072791070000001
73.60000000000001,114.6351101,8.787907373,0.517252779,145.220859,8.658372614,0.301421987,14.8,15.785748899999984,0.12953475900000022
73.7,115.5168679,8.838870902,0.502017797,146.0881419,8.688753067,0.302250949,14.8,15.771274000000016,0.15011783499999964
73.8,116.403646,8.888310933,0.486782815,146.9585226,8.719157201,0.301860754,14.8,15.754876600000014,0.16915373199999983
73.9,117.2952919,8.936227465,0.471547833,147.8320242,8.749459615,0.30021657,14.8,15.73673230000001,0.18676785000000073
74.0,118.1916532,8.982620499,0.456337123,148.7086033,8.779534912,0.297353229,14.8,15.716950099999988,0.20308558699999857
74.10000000000001,119.0925777,9.027490035,0.441272046,149.5881994,8.809257692,0.293444897,14.8,15.6956217,0.21823234300000038
74.2,119.997913,9.070836073,0.426498233,150.4707523,8.838502556,0.288700571,14.8,15.672839299999989,0.2323335170000007
74.3,120.9075067,9.112673176,0.412161317,151.3562016,8.867165005,0.283329251,14.8,15.648694899999992,0.2455081709999991
74.4,121.8212065,9.15307416,0.398406931,152.244487,8.895224139,0.277539935,14.8,15.62328049999999,0.25785002099999943
74.5,122.73886,9.192126405,0.385380707,153.1355481,8.922679958,0.27154162,14.8,15.59668809999999,0.269446447
74.60000000000001,123.6603148,9.22991729,0.373204005,154.0293246,8.949532463,0.265508472,14.8,15.5690098,0.2803848269999989
74.7,124.5854304,9.266534194,0.361901097,154.9257562,8.975781653,0.259475324,14.8,15.540325799999987,0.2907525409999998
74.8,125.5141126,9.302064497,0.351447711,155.8247826,9.001427528,0.253442176,14.8,15.510669999999987,0.30063696899999925
74.9,126.4462788,9.336595579,0.341722488,156.7263434,9.026470088,0.247409028,14.8,15.480064599999988,0.31012549100000086
75.0,127.3818468,9.370214818,0.332579794,157.6303783,9.050909333,0.24137588,14.8,15.448531499999984,0.3193054849999992
75.10000000000001,128.320734,9.402995032,0.323873997,158.5368269,9.074745264,0.235342732,14.8,15.416092900000006,0.32824976799999916
75.2,129.2628581,9.434950782,0.315459464,159.445629,9.09797788,0.229311969,14.8,15.382770900000008,0.3369729019999994
75.3,130.2081364,9.46608207,0.307190564,160.3567241,9.120607181,0.223295516,14.8,15.348587700000007,0.3454748890000001
75.4,131.1564867,9.496388895,0.298945936,161.2700521,9.142633167,0.217307684,14.8,15.313565399999998,0.3537557280000012
75.5,132.1078264,9.525871257,0.290701309,162.1855524,9.164057269,0.211362783,14.8,15.277726000000012,0.36181398799999975
75.60000000000001,133.0620732,9.554529157,0.282456681,163.1031649,9.184886643,0.205475122,14.8,15.241091700000009,0.3696425139999988
75.7,134.0191445,9.582362593,0.274212053,164.0228291,9.205129874,0.199659012,14.8,15.203684599999985,0.37723271899999844
75.8,134.9789579,9.609371567,0.265967425,164.9444848,9.224795549,0.193926379,14.8,15.165526899999985,0.38457601800000063
75.9,135.941431,9.635556078,0.257722797,165.8680727,9.243892254,0.188279606,14.8,15.126641700000004,0.3916638240000001
76.0,136.9064814,9.660916127,0.249478169,166.7935383,9.262428574,0.18271631,14.8,15.087056900000004,0.3984875530000007
76.10000000000001,137.8740265,9.685451712,0.241235735,167.720828,9.280413096,0.177224565,14.8,15.046801499999997,0.4050386160000006
76.2,138.843984,9.709162835,0.233006465,168.6498885,9.297854407,0.171790061,14.8,15.005904499999996,0.4113084279999999
76.3,139.8162713,9.732049495,0.224803523,169.5806662,9.31475966,0.166398488,14.8,14.964394899999984,0.41728983500000005
76.4,140.7908061,9.754113009,0.216640072,170.5131078,9.331130288,0.161035535,14.8,14.922301700000002,0.42298272099999856
76.5,141.7675059,9.775359958,0.208529276,171.4471596,9.34696629,0.155686892,14.8,14.879653699999988,0.428393668
76.60000000000001,142.7462882,9.79579824,0.2004843,172.3827683,9.362267667,0.150340634,14.8,14.8364801,0.43353057300000053
76.7,143.7270706,9.815435755,0.192516112,173.3198805,9.377034417,0.144994377,14.8,14.79280990000002,0.4384013379999985
76.80000000000001,144.7097718,9.834280401,0.184626908,174.2584425,9.391266542,0.139648119,14.8,14.748670700000002,0.4430138589999988
76.9,145.6943145,9.852340075,0.176814492,175.1984011,9.404964041,0.134301861,14.8,14.704086600000021,0.44737603400000125
77.0,146.6806225,9.869622676,0.169067896,176.1397026,9.418126914,0.128955603,14.8,14.659080099999994,0.4514957620000004
77.10000000000001,147.6686199,9.886136102,0.161373955,177.0822938,9.430755162,0.123609346,14.8,14.613673899999991,0.4553809399999995
77.2,148.6582304,9.901886936,0.153719506,178.026121,9.442848783,0.118263088,14.8,14.56789059999998,0.45903815299999984
77.30000000000001,149.6493779,9.916876493,0.146091384,178.9711308,9.454407779,0.112939596,14.8,14.521752900000006,0.4624687139999999
77.4,150.6419863,9.931104774,0.138476426,179.9172699,9.46543215,0.107752698,14.8,14.475283599999994,0.46567262399999976
77.5,151.6359795,9.944571778,0.130863662,180.8644846,9.475921894,0.102838989,14.8,14.428505100000006,0.4686498839999995
77.60000000000001,152.6312813,9.957277506,0.123250898,181.8127216,9.485890672,0.098335063,14.8,14.38144029999999,0.4713868340000005
77.7,153.6278157,9.969221958,0.115638133,182.7619273,9.495406781,0.094377514,14.8,14.334111599999982,0.47381517700000053
77.80000000000001,154.6255064,9.980405133,0.108025369,183.7120484,9.504552177,0.090986096,14.8,14.28654199999998,0.4758529559999989
77.9,155.6242773,9.990827032,0.100412605,184.6630313,9.513408817,0.088625159,14.8,14.23875400000001,0.47741821500000015
78.0,156.6240524,10.00048765,0.092799841,185.6148335,9.522058658,0.086966947,14.8,14.190781099999992,0.47842899199999955
78.10000000000001,157.6247555,10.009387,0.085211489,186.5674563,9.530513552,0.086105535,14.8,14.14270080000001,0.47887344799999987
78.2,158.6263104,10.01752507,0.077769607,187.5209116,9.539065767,0.085927095,14.8,14.09460120000001,0.4784593029999993
78.30000000000001,159.6286411,10.02490186,0.070620664,188.4752116,9.547586949,0.086295032,14.8,14.046570499999984,0.47731491100000056
78.4,160.6316715,10.03153203,0.063911132,189.4303685,9.556215498,0.087189592,14.8,13.998696999999975,0.475316531999999
78.5,161.6353253,10.0374888,0.05778748,190.3863942,9.564965074,0.088123661,14.8,13.951068900000006,0.47252372600000037
78.60000000000001,162.6395264,10.04286005,0.052396178,191.343301,9.573835677,0.089311164,14.8,13.903774600000002,0.4690243729999999
78.7,163.6441988,10.04773368,0.047859285,192.3011008,9.582827307,0.090521432,14.8,13.856902000000002,0.4649063729999998
78.80000000000001,164.649278,10.05219756,0.044201212,193.2598059,9.591939964,0.091731701,14.8,13.810527899999993,0.46025759599999994
78.9,165.6547465,10.05633957,0.041397548,194.2194283,9.601173647,0.092941969,14.8,13.764681800000016,0.4551659230000009
79.0,166.6605985,10.0602476,0.039326234,195.1799801,9.610528357,0.094152238,14.8,13.719381600000002,0.44971924300000055
79.10000000000001,167.6668281,10.06400952,0.037840799,196.1414735,9.620004095,0.095362506,14.8,13.674645399999985,0.4440054250000003
79.2,168.6734295,10.06769858,0.036794775,197.1039204,9.629600859,0.096572775,14.8,13.630490899999995,0.4380977210000001
79.30000000000001,169.6803969,10.07132942,0.036041692,198.0673331,9.63931865,0.097915451,14.8,13.586936200000007,0.43201076999999977
79.4,170.6877245,10.07490204,0.035435078,199.0317237,9.649157467,0.100052574,14.8,13.543999199999984,0.42574457299999935
79.5,171.6954064,10.07841643,0.034852876,199.9971041,9.659117312,0.103778588,14.8,13.501697700000005,0.4192991180000014
79.60000000000001,172.7034369,10.08187261,0.034270673,200.9634866,9.669277628,0.109887942,14.8,13.460049699999995,0.4125949819999999
79.7,173.7118101,10.08527057,0.033688471,201.9308832,9.680035639,0.119175079,14.8,13.419073100000002,0.40523493100000074
79.80000000000001,174.7205201,10.08861031,0.033106269,202.8993061,9.691868012,0.132434448,14.8,13.378786000000002,0.3967422979999995
79.9,175.7295612,10.09189182,0.032524067,203.8687673,9.705251415,0.150328086,14.8,13.339206099999995,0.3866404050000014
80.0,176.7389276,10.09511512,0.031941865,204.8393426,9.720662515,0.172988401,14.8,13.300414999999997,0.3744526050000001
80.10000000000001,177.7486134,10.0982802,0.031359663,205.8113617,9.738577981,0.200282985,14.8,13.26274829999998,0.359702218999999
80.2,178.7586127,10.10138705,0.030771099,206.7852181,9.75947448,0.2315498,14.8,13.226605400000022,0.34191256999999986
80.30000000000001,179.7689199,10.10443569,0.030144366,207.7613053,9.783828679,0.265994399,14.8,13.192385400000017,0.3206070109999999
80.4,180.779529,10.1074261,0.029441294,208.7400166,9.812037803,0.302822337,14.8,13.160487599999993,0.2953882969999988
80.5,181.7904342,10.11035448,0.028623715,209.7217456,9.844181294,0.341239167,14.8,13.131311399999998,0.2661731859999996
80.60000000000001,182.8016298,10.11320174,0.027653458,210.7068857,9.880259155,0.380450444,14.8,13.105255899999985,0.23294258499999998
80.7,183.8131098,10.11594497,0.026492355,211.6958303,9.920271383,0.419794128,14.8,13.082720500000004,0.19567358699999993
80.80000000000001,184.8248685,10.11856128,0.025108598,212.6889728,9.96421798,0.459137812,14.8,13.064104299999979,0.15434329999999896
80.9,185.836897,10.12102776,0.023495825,213.6867067,10.01209895,0.498481496,14.8,13.049809700000008,0.1089288100000001
81.0,186.8491741,10.12332152,0.021660398,214.6894254,10.06391428,0.53782518,14.8,13.040251300000005,0.05940723999999875
81.10000000000001,187.8616759,10.12541964,0.019634124,215.6975224,10.11966398,0.577168864,14.8,13.035846500000002,0.005755660000000162
81.2,188.874378,10.12729923,0.017455174,216.711391,10.17934805,0.616512549,14.8,13.037012999999984,-0.05204881999999955
81.30000000000001,189.8872564,10.12894121,0.015161715,217.7314248,10.24296649,0.655681923,14.8,13.0441684,-0.1140252799999999
81.4,190.900287,10.13034176,0.012791918,218.7580171,10.3105193,0.693805438,14.8,13.057730099999997,-0.18017753999999897
81.5,191.9134455,10.13150087,0.010383951,219.7915615,10.38200647,0.729837236,14.8,13.078116000000005,-0.25050560000000033
81.60000000000001,192.9267079,10.13241855,0.007969623,220.8324512,10.45732343,0.762731456,14.8,13.105743300000011,-0.32490488000000006
81.7,193.9400499,10.13309479,0.005555295,221.8810799,10.53594724,0.791442241,14.8,13.141030000000011,-0.40285245000000103
81.80000000000001,194.9534475,10.13352961,0.003140967,222.9378408,10.61725039,0.815872855,14.8,13.184393299999993,-0.4837207800000005
81.9,195.9668766,10.13372299,0.000726639,224.0031275,10.70060537,0.832304378,14.8,13.236250899999998,-0.5668823799999991
82.0,196.9803129,10.13367493,-0.001687689,225.0772498,10.78538464,0.84340987,14.8,13.296936900000002,-0.6517097100000004
82.10000000000001,197.9937323,10.13338545,-0.003632564,226.1601826,10.87153019,0.848414519,14.8,13.366450300000007,-0.7381447399999992
82.2,199.0071107,10.13285453,-0.005711569,227.2518174,10.95670606,0.848189873,14.8,13.444706699999994,-0.8238515300000007
82.30000000000001,200.0204239,10.13208218,-0.007260742,228.3520458,11.04199317,0.843781792,14.8,13.531621900000015,-0.9099109900000002
82.4,201.0336478,10.13135007,-0.005708985,229.460759,11.12629911,0.835287009,14.8,13.627111199999984,-0.9949490399999998
82.5,202.0467583,10.13029604,-0.000399883,230.5778485,11.20951929,0.826598757,14.8,13.731090199999993,-1.07922325
82.60000000000001,203.0597312,10.12931849,0.00991901,231.7032057,11.29165372,0.815915521,14.8,13.843474500000024,-1.16233523
82.7,204.0725423,10.12996006,0.026030691,232.8367221,11.37270239,0.805057976,14.8,13.964179799999993,-1.2427423300000005
82.80000000000001,205.0851676,10.1326146,0.049791189,233.978289,11.45266531,0.794200431,14.8,14.093121399999983,-1.3200507100000003
82.9,206.097683,10.13803359,0.081788992,235.127798,11.53154248,0.783342886,14.8,14.230115000000023,-1.3935088900000014
83.0,207.1105654,10.14696848,0.120496707,236.2851404,11.60933389,0.772485341,14.8,14.374574999999975,-1.4623654100000003
83.10000000000001,208.1243919,10.16017076,0.165466662,237.4502077,11.68603955,0.761627796,14.8,14.525815799999986,-1.5258687900000005
83.2,209.1397395,10.17839188,0.215446409,238.6228912,11.76165945,0.750770251,14.8,14.683151700000007,-1.5832675700000003
83.30000000000001,210.1571851,10.20225808,0.2691835,239.8030824,11.8361936,0.739912705,14.8,14.8458973,-1.6339355199999996
83.4,211.1773059,10.2318946,0.325425487,240.9906728,11.90964199,0.728855386,14.8,15.013366900000005,-1.6777473900000004
83.5,212.2006789,10.26730143,0.382919922,242.1855537,11.98200463,0.716599422,14.8,15.1848748,-1.7147032000000006
83.60000000000001,213.2278811,10.30847858,0.440623098,243.3876166,12.05328151,0.701946167,14.8,15.35973550000001,-1.7448029300000005
83.7,214.2594895,10.35542605,0.498326274,244.5967529,12.12335278,0.683696978,14.8,15.537263400000011,-1.7679267299999992
83.80000000000001,215.2960811,10.40814384,0.556029451,245.812854,12.1916191,0.660653209,14.8,15.716772899999977,-1.7834752600000012
83.9,216.3382331,10.46663194,0.613732627,247.0358114,12.2573613,0.631616214,14.8,15.897578300000003,-1.7907293600000003
84.0,217.3865224,10.53089036,0.671435803,248.2655164,12.31986018,0.595587124,14.8,16.078994000000005,-1.7889698199999984
84.10000000000001,218.441526,10.6009191,0.72913898,249.5017647,12.37839656,0.552366163,14.8,16.260238699999984,-1.77747746
84.2,219.503821,10.67671816,0.786842156,250.7439681,12.43225124,0.502153107,14.8,16.4401471,-1.7555330799999993
84.30000000000001,220.5739845,10.75828753,0.844220781,251.9914428,12.48070505,0.445946826,14.8,16.617458299999992,-1.7224175199999987
84.4,221.6525934,10.84562722,0.899652098,253.2435047,12.5230388,0.384945964,14.8,16.790911299999987,-1.6774115799999993
84.5,222.7402247,10.93873723,0.951188799,254.4994701,12.55865316,0.320349168,14.8,16.959245399999997,-1.6199159300000012
84.60000000000001,223.8374557,11.03742283,0.996883575,255.758655,12.58742827,0.253355081,14.8,17.12119930000001,-1.5500054399999996
84.7,224.9448631,11.14071036,1.03478912,257.0203754,12.60936413,0.18516235,14.8,17.275512299999985,-1.4686537699999995
84.80000000000001,226.0630241,11.24743144,1.062958124,258.2839475,12.62446074,0.116769844,14.8,17.420923400000003,-1.3770293000000002
84.9,227.1925158,11.35641768,1.079767831,259.5486872,12.6327181,0.048377338,14.8,17.55617140000002,-1.27630042
85.0,228.3337593,11.4665007,1.08489369,260.8139107,12.63413621,-0.020015167,14.8,17.68015140000001,-1.1676355100000002
85.10000000000001,229.4865527,11.57651211,1.078660252,262.0789341,12.62871507,-0.088407673,14.8,17.79238140000002,-1.0522029600000007
85.2,230.6505385,11.68528353,1.062690274,263.3430733,12.61645468,-0.156800179,14.8,17.892534800000004,-0.9311711500000008
85.30000000000001,231.8253589,11.79164657,1.038931064,264.6056446,12.59735503,-0.225192684,14.8,17.980285700000007,-0.80570846
85.4,233.0106562,11.89462759,1.009329929,265.865964,12.57141614,-0.292323396,14.8,18.05530780000002,-0.6767885499999995
85.5,234.2060728,11.99403184,0.975834179,267.1233475,12.538638,-0.346137001,14.8,18.117274700000035,-0.5446061600000007
85.60000000000001,235.411251,12.08985933,0.94039112,268.3771112,12.4990206,-0.396301772,14.8,18.165860200000008,-0.40916127000000024
85.7,236.625833,12.18211007,0.90462351,269.6265712,12.45332103,-0.418007911,14.8,18.2007382,-0.27121095999999945
85.80000000000001,237.8494613,12.27078404,0.8688559,270.8710436,12.40877248,-0.409431002,14.8,18.221582300000005,-0.1379884399999991
85.9,239.0817782,12.35588125,0.83308829,272.1098445,12.35957397,-0.363000282,14.8,18.228066300000005,-0.0036927200000000937
86.0,240.322426,12.43740169,0.79732068,273.3422898,12.32061139,-0.272406783,14.8,18.219863799999995,0.1167902999999999
86.10000000000001,241.5710469,12.51534538,0.76155307,274.5683014,12.29297939,-0.142135056,14.8,18.197254499999996,0.22236599000000012
86.2,242.8272834,12.58971231,0.72578546,275.7902237,12.28122043,0.04379214,14.8,18.162940300000013,0.30849188000000005
86.30000000000001,244.0907778,12.66050247,0.690121298,277.0110066,12.28987696,0.261826801,14.8,18.12022879999996,0.37062551
86.4,245.3611723,12.72771588,0.655077824,278.2336003,12.32349144,0.510144512,14.8,18.072427999999984,0.40422444000000013
86.5,246.6381093,12.79135252,0.621275727,279.4609547,12.38584925,0.781174508,14.8,18.022845400000005,0.4055032700000005
86.60000000000001,247.9212312,12.85147447,0.589335693,280.69602,12.47770747,1.067346029,14.8,17.97478879999998,0.37376699999999907
86.7,249.2101802,12.90839208,0.559878413,281.941746,12.5990661,1.361088311,14.8,17.931565800000026,0.30932598000000056
86.80000000000001,250.5045987,12.96247774,0.533524573,283.201083,12.74992514,1.656092388,14.8,17.89648429999998,0.21255260000000042
86.9,251.804129,13.01410389,0.510791414,284.4769808,12.93028458,1.951096464,14.8,17.87285179999999,0.08381930999999909
87.0,253.108463,13.06364293,0.491782384,285.7723897,13.14014443,2.246100541,14.8,17.863926700000018,-0.07650149999999911
87.10000000000001,254.4174914,13.11146727,0.476394035,287.0902595,13.37950469,2.541104617,14.8,17.872768100000012,-0.26803741999999886
87.2,255.7311545,13.15794932,0.464109127,288.4335404,13.64836535,2.836108694,14.8,17.902385900000024,-0.49041603000000045
87.30000000000001,257.0493925,13.20346151,0.454306971,289.8051824,13.94672643,3.13111277,14.8,17.955789899999967,-0.7432649199999997
87.4,258.3721455,13.24831417,0.44636688,291.2081355,14.27458791,3.4232495,14.8,18.035990000000037,-1.0262737399999988
87.5,259.699354,13.29256937,0.439668164,292.6453498,14.63194979,3.698182151,14.8,18.14599579999999,-1.3393804199999995
87.60000000000001,261.0309581,13.33622711,0.433590138,294.1197753,15.01881209,3.932632921,14.8,18.288817199999993,-1.6825849800000015
87.7,262.3668982,13.37928739,0.427615559,295.634362,15.43345439,4.127618901,14.8,18.46746380000003,-2.0541669999999996
87.80000000000001,263.7071143,13.42175022,0.42164098,297.19206,15.86727464,4.247714841,14.8,18.684945700000025,-2.44552442
87.9,265.0515469,13.46361559,0.415666401,298.7958194,16.30630618,4.281790386,14.8,18.94427250000002,-2.84269059
88.0,266.4001362,13.5048835,0.409691822,300.4485901,16.75115925,4.215508804,14.8,19.24845389999997,-3.2462757500000006
88.10000000000001,267.7528224,13.54555395,0.403717243,302.1519459,17.1805787,4.046002748,14.8,19.599123499999973,-3.6350247500000012
88.2,269.1095457,13.58562695,0.397742664,303.9019552,17.58788632,3.782213288,14.8,19.99240949999996,-4.002259369999999
88.30000000000001,270.4702465,13.62510249,0.391768085,305.6933101,17.96275967,3.420255987,14.8,20.423063600000045,-4.337657180000001
88.4,271.8348649,13.66398057,0.38695523,307.5207027,18.29487629,2.995556093,14.8,20.8858378,-4.630895720000002
88.5,273.2033413,13.70226119,0.382308335,309.3788249,18.57563415,2.519243963,14.8,21.375483600000006,-4.873372959999999
88.60000000000001,274.5756159,13.73994435,0.380348728,311.2623691,18.80331284,2.008523674,14.8,21.886753199999998,-5.06336849
88.7,275.9516289,13.77772709,0.383287559,313.1660271,18.97791236,1.480599306,14.8,22.414398200000004,-5.20018527
88.80000000000001,277.3313206,13.81501195,0.39200806,315.0844911,19.0994327,0.949807592,14.8,22.953170499999953,-5.284420750000001
88.9,278.7146313,13.85331172,0.40795565,317.0124532,19.16787387,0.419015878,14.8,23.497821899999973,-5.31456215
89.0,280.1015012,13.8939531,0.431414022,318.9446055,19.18323588,-0.111775837,14.8,24.04310430000005,-5.289282780000002
89.10000000000001,281.4919862,13.93746602,0.464824358,320.87564,19.14551871,-0.642567551,14.8,24.58365379999999,-5.208052690000001
89.2,282.8866047,13.98471774,0.506869845,322.8002488,19.05472237,-1.173359265,14.8,25.1136441,-5.07000463
89.30000000000001,284.2859907,14.0365755,0.555580237,324.713124,18.91084685,-1.704150979,14.8,25.62713329999998,-4.874271349999999
89.4,285.6907784,14.09390656,0.610072299,326.6089578,18.71389217,-2.232028964,14.8,26.118179399999985,-4.6199856100000005
89.5,287.1016017,14.15743363,0.668900614,328.4824421,18.46385831,-2.74242457,14.8,26.58084040000001,-4.306424679999999
89.60000000000001,288.5190948,14.22730124,0.730619765,330.328269,18.16074529,-3.21785542,14.8,27.009174199999972,-3.933444050000002
89.7,289.9438917,14.3035094,0.793784334,332.1411307,17.80630133,-3.640839134,14.8,27.397239000000024,-3.5027919300000008
89.80000000000001,291.3766264,14.38605811,0.857189805,333.9157192,17.40926762,-3.993893335,14.8,27.73909279999999,-3.023209510000001
89.9,292.8179331,14.47494736,0.920595277,335.6467266,16.9801336,-4.259535644,14.8,28.028793500000017,-2.5051862399999987
90.0,294.2684456,14.57017717,0.984000748,337.328845,16.52938869,-4.423197413,14.8,28.260399399999994,-1.959211520000002
90.10000000000001,295.7287982,14.67174751,1.04740622,338.9581651,16.06752231,-4.481964912,14.8,28.429366899999945,-1.3957748000000016
90.2,297.1996249,14.77965841,1.110811691,340.5363719,15.6050239,-4.438751871,14.8,28.536747000000002,-0.8253654900000011
90.30000000000001,298.6815596,14.89390985,1.174217163,342.0665489,15.15238288,-4.308126937,14.8,28.58498929999997,-0.2584730299999993
90.4,300.1752366,15.01450184,1.236606263,343.55178,14.72008868,-4.107572491,14.8,28.576543400000002,0.2944131599999995
90.5,301.6812897,15.14143438,1.287344103,344.9951486,14.31688248,-3.854570909,14.8,28.513858900000013,0.8245518999999994
90.60000000000001,303.2003532,15.27470746,1.336991563,346.3997383,13.94451253,-3.566604571,14.8,28.39938510000003,1.3301949299999993
90.7,304.733061,15.41371127,1.362791311,347.7686329,13.60297882,-3.261155854,14.8,28.23557189999998,1.8107324499999997
90.80000000000001,306.2800471,15.55206487,1.364198158,349.104916,13.29228136,-2.952793408,14.8,28.024868900000012,2.25978351
90.9,307.8419457,15.69610479,1.335113878,350.4116711,13.01242014,-2.644430961,14.8,27.76972539999998,2.68368465
91.0,309.4193908,15.83217663,1.270456616,351.6919819,12.76339516,-2.336068515,14.8,27.4725911,3.0687814699999993
91.10000000000001,311.0125287,15.95995327,1.174763038,352.948932,12.54520643,-2.027706068,14.8,27.136403299999994,3.4147468399999994
91.2,312.6195539,16.07577579,1.032390408,354.1856051,12.35785395,-1.719343622,14.8,26.766051199999946,3.7179218400000007
91.30000000000001,314.2381736,16.17598524,0.865079686,355.4050847,12.20133771,-1.410981176,14.8,26.366911099999992,3.9746475299999986
91.4,315.8660945,16.25692269,0.673376062,356.6104545,12.07565772,-1.102618729,14.8,25.944360000000028,4.181264969999999
91.5,317.5010236,16.31553903,0.463377763,357.8047981,11.98081396,-0.795730059,14.8,25.50377450000003,4.334725069999999
91.60000000000001,319.1406677,16.35122444,0.241183012,358.9911991,11.91680646,-0.497684045,14.8,25.050531400000022,4.434417979999999
91.7,320.7827339,16.36397891,0.012890036,360.1727413,11.8836352,-0.217323343,14.8,24.5900074,4.48034371
91.80000000000001,322.424929,16.35380245,-0.21641931,361.3525081,11.88041591,0.036509391,14.8,24.127579100000002,4.47338654
91.9,324.0649599,16.32069505,-0.445728657,362.5335832,11.90272728,0.261615617,14.8,23.66862329999999,4.417967770000001
92.0,325.7005335,16.26465672,-0.675038004,363.7190502,11.94526371,0.429220327,14.8,23.21851670000002,4.319393010000001
92.10000000000001,327.3293567,16.18568745,-0.90434735,364.9119928,12.0027196,0.551886994,14.8,22.7826361,4.182967849999999
92.2,328.9491364,16.08378725,-1.133656697,366.1147872,12.07377583,0.621497724,14.8,22.365650800000036,4.01001142
92.30000000000001,330.5575796,15.95895611,-1.362966044,367.3269799,12.14116739,0.639526293,14.8,21.96940030000003,3.817788720000001
92.4,332.1523931,15.81119404,-1.59227539,368.5474101,12.21154811,0.613341581,14.8,21.595016999999995,3.5996459299999994
92.5,333.7312839,15.64050103,-1.820244715,369.7749169,12.27562592,0.545142127,14.8,21.243633,3.36487511
92.60000000000001,335.2919588,15.44687709,-2.04017391,371.0083395,12.32897949,0.46370294,14.8,20.9163807,3.117897599999999
92.7,336.8321248,15.23032221,-2.244022846,372.2465171,12.37072455,0.357934322,14.8,20.61439230000003,2.8595976600000004
92.80000000000001,338.3494887,14.99164042,-2.423751392,373.4882887,12.40086111,0.243323049,14.8,20.338800000000003,2.5907793100000003
92.9,339.8417575,14.73485176,-2.571319419,374.7324936,12.41938916,0.127237999,14.8,20.09073609999997,2.3154626
93.0,341.3066381,14.46478033,-2.678686796,375.9779708,12.42630871,0.01115295,14.8,19.871332699999993,2.0384716199999993
93.10000000000001,342.7418374,14.1862502,-2.739153416,377.2235596,12.42161975,-0.1049321,14.8,19.681722199999978,1.7646304500000003
93.2,344.1457055,13.90408544,-2.751379257,378.468099,12.40532229,-0.221017149,14.8,19.522393499999975,1.4987631499999985
93.30000000000001,345.5191653,13.62311014,-2.71670434,379.7104283,12.37741632,-0.337102199,14.8,19.39126299999999,1.2456938199999996
93.4,346.8637831,13.34814837,-2.641828775,380.9493865,12.33790185,-0.453187248,14.8,19.285603400000024,1.0102465200000008
93.5,348.1811249,13.08402421,-2.53479269,382.1838129,12.28677887,-0.568816462,14.8,19.202688000000034,0.7972453400000017
93.60000000000001,349.4727571,12.83475772,-2.403636215,383.4125465,12.22404739,-0.681710661,14.8,19.139789399999994,0.6107103299999999
93.7,350.7402456,12.60115293,-2.256399481,384.6344266,12.1497074,-0.789134829,14.8,19.094181000000003,0.4514455299999991
93.80000000000001,351.9851568,12.38320982,-2.101122617,385.8482923,12.06403241,-0.888353951,14.8,19.063135499999998,0.31917741
93.9,353.2090567,12.18092841,-1.944505731,387.0529827,11.96838992,-0.976633013,14.8,19.043925999999953,0.21253849000000002
94.0,354.4135116,11.99430868,-1.787888845,388.2473369,11.86442095,-1.053637446,14.8,19.0338253,0.1298877300000001
94.10000000000001,355.6000876,11.82335064,-1.631271959,389.4301942,11.7537665,-1.112172088,14.8,19.03010660000002,0.0695841399999999
94.2,356.7703509,11.66805429,-1.474655074,390.6006124,11.63806758,-1.152126368,14.8,19.030261500000005,0.029986710000001082
94.30000000000001,357.9258676,11.52841962,-1.318038188,391.7585248,11.51752493,-1.178411752,14.8,19.03265719999997,0.010894689999998874
94.4,359.068204,11.40444665,-1.161421302,392.9040833,11.39672915,-1.19102206,14.8,19.035879300000044,0.007717500000000044
94.5,360.1989261,11.29613536,-1.005550805,394.0374398,11.2771141,-1.192692307,14.8,19.03851370000002,0.01902125999999882
94.60000000000001,361.3196002,11.20348577,-0.854158638,395.1587463,11.1573739,-1.18375706,14.8,19.039146099999993,0.04611187000000072
94.7,362.4317924,11.12649786,-0.711723132,396.2681548,11.03915326,-1.171867319,14.8,19.036362399999984,0.08734459999999977
94.80000000000001,363.537069,11.0647238,-0.582722616,397.3658172,10.92245219,-1.159412835,14.8,19.028748200000006,0.14227160999999988
94.9,364.6369959,11.01592444,-0.468158566,398.4518855,10.80727069,-1.144217155,14.8,19.014889600000014,0.20865374999999986
95.0,365.7331395,10.97741277,-0.38293988,399.5265116,10.69360876,-1.129021475,14.8,18.9933721,0.2838040100000008
95.10000000000001,366.8270659,10.94650179,-0.320367932,400.5898474,10.5814664,-1.113825794,14.8,18.962781500000016,0.3650353899999992
95.2,367.919983,10.92259063,-0.284665966,401.6420451,10.4708436,-1.098630114,14.8,18.922062100000016,0.45174702999999994
95.30000000000001,369.0116657,10.89673393,-0.275087593,402.6832564,10.36174038,-1.083434434,14.8,18.871590700000024,0.5349935499999994
95.4,370.1015304,10.87250304,-0.287900872,403.7136333,10.25415672,-1.068238754,14.8,18.812102900000024,0.6183463200000006
95.5,371.1889939,10.84512486,-0.322104329,404.7333279,10.14809263,-1.052978416,14.8,18.74433399999999,0.6970322299999996
95.60000000000001,372.2734726,10.81236021,-0.362789065,405.7424921,10.0435481,-1.037330126,14.8,18.6690195,0.7688121099999989
95.7,373.3543831,10.77376127,-0.415907317,406.7412778,9.940523147,-1.020905936,14.8,18.58689469999997,0.8332381229999992
95.80000000000001,374.431142,10.72932803,-0.4735039,407.7298369,9.839056555,-1.003317893,14.8,18.498694899999986,0.8902714749999987
95.9,375.5031658,10.67906049,-0.531846871,408.7083215,9.739342301,-0.984178047,14.8,18.405155700000034,0.9397181889999988
96.0,376.5698712,10.62295865,-0.590189842,409.6768835,9.641613156,-0.963098448,14.8,18.30701229999995,0.9813454939999993
96.10000000000001,377.6306747,10.56102252,-0.648532813,410.6356749,9.54610189,-0.939755803,14.8,18.20500020000004,1.0149206300000007
96.2,378.6849929,10.49325209,-0.706875784,411.5848786,9.453041274,-0.914085453,14.8,18.099885700000026,1.040210816
96.30000000000001,379.7322423,10.41964736,-0.765218755,412.5248018,9.362664078,-0.886152058,14.8,17.99255949999998,1.056983282000001
96.4,380.7718395,10.34020834,-0.823561726,413.4557826,9.275203073,-0.856278909,14.8,17.88394310000002,1.065005267
96.5,381.8032011,10.25493502,-0.881904697,414.3781593,9.190891029,-0.824853958,14.8,17.77495819999997,1.0640439910000001
96.60000000000001,382.8257436,10.1638274,-0.939873905,415.2922699,9.109921921,-0.792265154,14.8,17.666526299999997,1.0539054790000009
96.7,383.8388837,10.06688549,-0.995600532,416.1984528,9.032334545,-0.758900449,14.8,17.559569099999987,1.0345509450000012
96.80000000000001,384.8420379,9.964109273,-1.046841997,417.097046,8.9581289,-0.725147793,14.8,17.455008099999997,1.0059803729999999
96.9,385.8346227,9.855723022,-1.09135572,417.9883877,8.887304986,-0.691330478,14.8,17.353764999999964,0.9684180359999992
97.0,386.8160548,9.742848022,-1.126899121,418.8728161,8.819862804,-0.657513164,14.8,17.256761300000004,0.9229852180000009
97.10000000000001,387.7857507,9.626829821,-1.151229618,419.7506694,8.755802353,-0.623695849,14.8,17.164918699999998,0.8710274679999994
97.2,388.7431269,9.509013969,-1.162478394,420.6222857,8.695123634,-0.589878535,14.8,17.079158800000027,0.813890335
97.30000000000001,389.6877795,9.390746013,-1.160271686,421.4880033,8.637826646,-0.556061221,14.8,17.000223800000025,0.7529193669999987
97.4,390.6200221,9.273371503,-1.144983257,422.3481602,8.58391139,-0.522243906,14.8,16.928138099999966,0.6894601129999991
97.5,391.5403476,9.158235986,-1.118481924,423.2030947,8.533377865,-0.488426592,14.8,16.86274709999999,0.624858120999999
97.60000000000001,392.4492491,9.04668501,-1.083010269,424.0531449,8.486226072,-0.454584636,14.8,16.80389580000003,0.560458938
97.7,393.3472195,8.939839867,-1.040810871,424.898649,8.44245601,-0.420594833,14.8,16.751429499999983,0.4973838569999991
97.80000000000001,394.234752,8.837924814,-0.994126313,425.7399452,8.402067679,-0.386309333,14.8,16.705193200000007,0.4358571350000009
97.9,395.1123394,8.740939852,-0.945199173,426.5773717,8.365075865,-0.351580291,14.8,16.665032300000018,0.3758639870000007
98.0,395.9804749,8.64888498,-0.89589827,427.4112666,8.331554491,-0.316259857,14.8,16.630791699999985,0.3173304889999997
98.10000000000001,396.8396514,8.561760198,-0.846597367,428.2419681,8.301592265,-0.280200184,14.8,16.602316700000028,0.26016793299999996
98.2,397.6903619,8.479565506,-0.797296464,429.0698143,8.275277897,-0.243278066,14.8,16.57945239999999,0.20428760899999965
98.30000000000001,398.5330995,8.402300905,-0.747995561,429.8951554,8.252700095,-0.205468861,14.8,16.56205590000003,0.1496008100000008
98.4,399.368357,8.329966394,-0.698694657,430.7183885,8.233947569,-0.16679721,14.8,16.5500315,0.09601882499999981
98.5,400.1966277,8.262561974,-0.649393754,431.5399228,8.219109025,-0.12738632,14.8,16.543295099999977,0.04345294900000063
98.60000000000001,401.0184044,8.200087644,-0.600108954,432.3601676,8.208273174,-0.087384039,14.8,16.541763200000002,-0.00818553000000044
98.7,401.8341802,8.142543404,-0.550920768,433.1795318,8.201513939,-0.046938215,14.8,16.545351600000014,-0.05897053500000027
98.80000000000001,402.644448,8.089929254,-0.501925812,433.9984246,8.198846105,-0.006196695,14.8,16.55397660000001,-0.10891685100000004
98.9,403.449701,8.042235533,-0.453220701,434.8172553,8.200269672,0.034692673,14.8,16.567554299999994,-0.15803413899999974
99.0,404.250432,7.999413934,-0.404902049,435.6364329,8.20578464,0.075606682,14.8,16.5860009,-0.20637070599999952
99.10000000000001,405.0471342,7.961406487,-0.357066471,436.4563665,8.215391008,0.116520691,14.8,16.609232299999984,-0.2539845209999996
99.2,405.8403004,7.928155223,-0.30979448,437.2774654,8.229088778,0.1574347,14.8,16.637164999999992,-0.3009335549999994
99.30000000000001,406.6304161,7.899602174,-0.263102178,438.1001386,8.246877948,0.198348709,14.8,16.66972249999999,-0.34727577399999987
99.4,407.4179355,7.875689371,-0.216973463,438.9247953,8.26875852,0.239262718,14.8,16.70685980000003,-0.39306914900000045
99.5,408.2033054,7.856358845,-0.171327822,439.7518446,8.294730492,0.280176727,14.8,16.74853920000005,-0.4383716469999994
99.60000000000001,408.9869722,7.841552627,-0.126068641,440.5816957,8.324793865,0.321058723,14.8,16.794723499999986,-0.48324123799999974
99.7,409.7693827,7.831222409,-0.081099304,441.4147577,8.358948639,0.361748639,14.8,16.845375,-0.527726229999999
99.80000000000001,410.5509835,7.82535853,-0.036323197,442.2514397,8.397194814,0.402054394,14.8,16.90045620000002,-0.5718362840000006
99.9,411.3322213,7.82396099,0.008356295,443.0921509,8.439513182,0.441783909,14.8,16.959929599999963,-0.6155521920000009
100.0,412.1135425,7.827029789,0.053019684,443.9373005,8.485807703,0.480745104,14.8,17.023757999999997,-0.6587779140000007
100.10000000000001,412.895394,7.834564927,0.097683074,444.7872975,8.535963128,0.518745899,14.8,17.09190350000001,-0.7013982010000008
100.2,413.6782224,7.846566404,0.142346464,445.6425511,8.589864211,0.555626226,14.8,17.16432870000001,-0.7432978070000003
100.30000000000001,414.4624742,7.863034219,0.187009853,446.5034551,8.647395702,0.591354072,14.8,17.24098090000002,-0.7843614830000005
100.4,415.248596,7.883968374,0.231673243,447.3703418,8.708442353,0.625961452,14.8,17.321745799999984,-0.8244739790000004
100.5,416.0370347,7.909368868,0.276336633,448.2435282,8.772888917,0.659608431,14.8,17.40649350000002,-0.8635200489999999
100.60000000000001,416.8282366,7.939235701,0.321000022,449.1233311,8.840620146,0.692487089,14.8,17.495094499999947,-0.9013844449999988
100.7,417.6226486,7.973568872,0.3655942,450.0100675,8.911539999,0.724789508,14.8,17.5874189,-0.937971127
100.80000000000001,418.4207172,8.012368383,0.409773105,450.9040544,8.985629269,0.756707766,14.8,17.683337199999993,-0.9732608860000003
100.9,419.2228891,8.055634233,0.453121464,451.8056086,9.062887955,0.788433944,14.8,17.782719500000052,-1.0072537220000015
101.0,420.0296109,8.103324894,0.495224004,452.7150472,9.143316058,0.820128109,14.8,17.88543629999999,-1.039991164
101.10000000000001,420.8413293,8.155232731,0.535665454,453.6326871,9.226913577,0.851822274,14.8,17.991357800000014,-1.0716808459999996
101.2,421.6584907,8.211108579,0.574030539,454.5588452,9.313680513,0.883516438,14.8,18.10035449999999,-1.1025719340000002
101.30000000000001,422.481542,8.270703275,0.6099732,455.4938385,9.403616865,0.915210603,14.8,18.21229649999999,-1.1329135899999994
101.4,423.3108966,8.333767655,0.643424223,456.4379839,9.496722633,0.946904768,14.8,18.327087300000027,-1.1629549779999984
101.5,424.1468348,8.400052556,0.674452822,457.3915983,9.592997818,0.978598932,14.8,18.444763499999976,-1.1929452620000003
101.60000000000001,424.9896041,8.469308814,0.703405057,458.3549988,9.69244242,1.010157013,14.8,18.565394699999967,-1.223133606000001
101.7,425.8394518,8.541287265,0.730696201,459.3285021,9.795056438,1.040898589,14.8,18.689050299999973,-1.2537691730000002
101.80000000000001,426.696625,8.615780272,0.756741526,460.3124253,9.900839872,1.070007155,14.8,18.81580029999999,-1.2850596000000003
101.9,427.5613713,8.692746309,0.781956306,461.3070854,10.00971107,1.096666208,14.8,18.945714099999986,-1.3169647609999995
102.0,428.4339378,8.772185376,0.806755813,462.3127992,10.12126179,1.120059241,14.8,19.078861399999948,-1.3490764140000007
102.10000000000001,429.3145719,8.854097472,0.831486107,463.3298837,10.23500211,1.139921744,14.8,19.215311800000006,-1.3809046380000005
102.2,430.2035208,8.938482597,0.856216402,464.3586558,10.35044214,1.153917317,14.8,19.35513500000003,-1.411959543
102.30000000000001,431.1010319,9.025340752,0.880946697,465.3993672,10.46709198,1.163565854,14.8,19.49833529999996,-1.4417512279999993
102.4,432.0073524,9.114671937,0.905676991,466.4520082,10.58479292,1.168451447,14.8,19.64465580000002,-1.4701209829999993
102.5,432.9227297,9.206476151,0.930407286,467.5165038,10.70206146,1.169254517,14.8,19.793774100000018,-1.495585308999999
102.60000000000001,433.8474111,9.300753394,0.955137581,468.5927791,10.8194013,1.166791568,14.8,19.945367999999984,-1.5186479060000018
102.7,434.7816439,9.397503667,0.979807564,469.680759,10.93607298,1.161327112,14.8,20.099115100000017,-1.538569313
102.80000000000001,435.7256753,9.496726969,1.004115679,470.7803686,11.05199485,1.155333632,14.8,20.254693299999996,-1.5552678810000007
102.9,436.6797528,9.598423301,1.027700056,471.8915328,11.16716692,1.147971654,14.8,20.411779999999975,-1.5687436189999993
103.0,437.6441235,9.702556475,1.050198828,473.0141768,11.28158919,1.140473593,14.8,20.570053299999994,-1.5790327150000003
103.10000000000001,438.6190348,9.808945558,1.071250126,474.1482256,11.39526164,1.132975531,14.8,20.72919079999998,-1.5863160819999997
103.2,439.604734,9.917373428,1.090492081,475.2936041,11.50818429,1.12547747,14.8,20.888870099999973,-1.5908108620000014
103.30000000000001,440.6014684,10.02762296,1.107623136,476.4502373,11.62035714,1.117979408,14.8,21.048768900000038,-1.592734179999999
103.4,441.6094563,10.13947704,1.12258298,477.6180504,11.73178017,1.110481346,14.8,21.208594100000038,-1.5923031300000012
103.5,442.6288003,10.25271855,1.135431924,478.7969683,11.8424534,1.102983285,14.8,21.36816799999998,-1.5897348499999993
103.60000000000001,443.6595741,10.36713036,1.146471525,479.986916,11.95237683,1.095471213,14.8,21.52734190000002,-1.5852464699999995
103.7,444.7018511,10.48249535,1.156063653,481.1878185,12.06155045,1.087875081,14.8,21.685967399999992,-1.5790550999999997
103.80000000000001,445.7557051,10.59863258,1.164570174,482.399601,12.16997426,1.080110828,14.8,21.843895900000017,-1.5713416799999997
103.9,446.8212096,10.71550588,1.172352959,483.6221883,12.27763986,1.072094394,14.8,22.00097870000003,-1.5621339800000005
104.0,447.8984383,10.83311524,1.179773874,484.8555055,12.38450522,1.063741719,14.8,22.157067199999982,-1.5513899799999997
104.10000000000001,448.9874647,10.95146065,1.187134479,486.0994777,12.4905199,1.054968742,14.8,22.312013000000047,-1.539059250000001
104.2,450.0883624,11.07054213,1.194495083,487.3540298,12.59563347,1.045705412,14.8,22.465667399999983,-1.5250913399999995
104.30000000000001,451.201205,11.19035967,1.201855688,488.6190802,12.69979548,1.035937721,14.8,22.61787519999997,-1.5094358100000012
104.4,452.3260663,11.31091327,1.209216292,489.8945202,12.80295551,1.025679677,14.8,22.768453900000008,-1.49204224
104.5,453.4630197,11.43220293,1.216576897,491.1802345,12.90506311,1.015001332,14.8,22.917214799999964,-1.4728601799999996
104.60000000000001,454.6121388,11.55422865,1.223937501,492.4761078,13.00606785,1.003986745,14.8,23.063968999999997,-1.4518392000000002
104.7,455.7734974,11.67699043,1.231208501,493.7820247,13.10592771,0.992719977,14.8,23.208527300000025,-1.4289372799999995
104.80000000000001,456.9471689,11.80048827,1.237941871,495.0978699,13.20463427,0.981285088,14.8,23.35070099999997,-1.404145999999999
104.9,458.133227,11.92472217,1.243271699,496.4235282,13.30218753,0.969766138,14.8,23.490301200000044,-1.3774653599999986
105.0,459.3317453,12.04963837,1.247645211,497.7588841,13.39858749,0.958233179,14.8,23.627138799999965,-1.3489491200000003
105.10000000000001,460.5427974,12.17496805,1.249539922,499.1038223,13.49383416,0.94670022,14.8,23.761024900000006,-1.31886611
105.2,461.7664569,12.30019167,1.248746488,500.4582276,13.58792754,0.935167261,14.8,23.891770700000006,-1.2877358700000006
105.30000000000001,463.0027974,12.42557756,1.244816886,501.8219845,13.68086762,0.923634301,14.8,24.019187099999964,-1.25529006
105.4,464.2518495,12.55021222,1.237661511,503.1949777,13.7726544,0.912101342,14.8,24.14312819999999,-1.2224421799999998
105.5,465.5134718,12.67397006,1.227698253,504.577092,13.86328788,0.900568383,14.8,24.263620200000002,-1.1893178199999994
105.60000000000001,466.7874798,12.7965285,1.21439028,505.968212,13.95276807,0.889035423,14.8,24.380732199999965,-1.1562395699999986
105.7,468.073689,12.91756496,1.199260076,507.3682223,14.04109497,0.877412382,14.8,24.49453330000001,-1.1235300099999996
105.80000000000001,469.3719151,13.03681062,1.182516986,508.7770076,14.12826857,0.865248845,14.8,24.605092499999966,-1.0914579499999988
105.9,470.6819734,13.15421172,1.164698638,510.1944526,14.21428887,0.852004318,14.8,24.712479199999972,-1.0600771500000015
106.0,472.0036797,13.26976827,1.146342662,511.620442,14.29910183,0.837138306,14.8,24.816762300000004,-1.0293335599999995
106.10000000000001,473.3368494,13.38348026,1.12789708,513.0548605,14.38243719,0.820110314,14.8,24.91801110000001,-0.9989569299999985
106.2,474.681298,13.49534768,1.109451499,514.4975926,14.46397066,0.800379846,14.8,25.016294599999934,-0.9686229799999992
106.30000000000001,476.0368412,13.60537056,1.091005917,515.9485231,14.54337795,0.777496491,14.8,25.11168189999996,-0.9380073899999992
106.4,477.4032944,13.71354887,1.072560336,517.4074934,14.62033476,0.751370166,14.8,25.204199000000028,-0.9067858900000001
106.5,478.7804732,13.81988262,1.054114754,518.874172,14.69451678,0.722090953,14.8,25.293698800000026,-0.8746341600000012
106.60000000000001,480.1681932,13.92437182,1.035669173,520.3481841,14.76559972,0.690109265,14.8,25.379990900000006,-0.8412279000000016
106.7,481.5662699,14.02701646,1.017223591,521.829155,14.83325929,0.655965597,14.8,25.462885100000005,-0.8062428300000004
106.80000000000001,482.9745188,14.12781654,0.998697533,523.3167098,14.89722524,0.620200443,14.8,25.542191000000013,-0.7694086999999996
106.9,484.3927555,14.22677206,0.979688613,524.8104739,14.95744351,0.5833543,14.8,25.61771840000001,-0.7306714499999991
107.0,485.8207955,14.32388302,0.95971397,526.3100724,15.01391411,0.545967661,14.8,25.689276899999992,-0.6900310899999997
107.10000000000001,487.2584544,14.41910114,0.938290741,527.8151305,15.06663704,0.50849094,14.8,25.756676100000004,-0.6475358999999994
107.2,488.7055476,14.51218499,0.914936067,529.3252736,15.1156123,0.47101422,14.8,25.819725999999957,-0.6034273100000007
107.30000000000001,490.1618909,14.60284484,0.889167084,530.8401268,15.16083989,0.433537499,14.8,25.878235900000004,-0.5579950500000006
107.4,491.6272996,14.69079098,0.860581409,532.3593154,15.2023198,0.396060778,14.8,25.9320158,-0.5115288200000006
107.5,493.1015508,14.7757337,0.829098563,533.8824646,15.24005204,0.358584057,14.8,25.980913800000064,-0.46431834000000016
107.60000000000001,494.5842668,14.85738327,0.794799025,535.4091997,15.27403661,0.321107336,14.8,26.02493290000002,-0.41665333999999987
107.7,496.0750313,14.93544999,0.758085179,536.9391458,15.30427351,0.283608195,14.8,26.064114500000027,-0.3688235199999994
107.80000000000001,497.5734283,15.00964412,0.719439887,538.4719282,15.33076274,0.245974537,14.8,26.09849989999999,-0.32111862
107.9,499.0790413,15.07972425,0.679346009,540.0071722,15.35350429,0.208071842,14.8,26.12813090000004,-0.2737800400000001
108.0,500.5914543,15.14564209,0.638286409,541.5445029,15.37248472,0.169765595,14.8,26.153048599999988,-0.22684262999999838
108.10000000000001,502.1102509,15.20739763,0.596743946,543.0835457,15.38763676,0.130921276,14.8,26.17329479999996,-0.18023912999999858
108.2,503.6350149,15.26499088,0.555121007,544.6239256,15.39887972,0.091404367,14.8,26.18891070000002,-0.1338888400000009
108.30000000000001,505.1653302,15.31842183,0.513498068,546.1652681,15.40613287,0.051102772,14.8,26.19993790000002,-0.0877110400000003
108.4,506.7007804,15.36769049,0.471875129,547.7071875,15.4093155,0.009994069,14.8,26.206407100000046,-0.04162501000000063
108.5,508.2409494,15.41279686,0.430252189,549.2492552,15.40834691,-0.031899321,14.8,26.208305800000016,0.004449949999999703
108.60000000000001,509.785421,15.45374093,0.38862925,550.791032,15.40314638,-0.074465301,14.8,26.205610999999987,0.05059454999999957
108.7,511.3337788,15.49052271,0.347006311,552.3320785,15.39363321,-0.117569351,14.8,26.19829969999996,0.09688949999999963
108.80000000000001,512.8856067,15.52314219,0.305387303,553.8719553,15.37974013,-0.161076956,14.8,26.186348599999928,0.14340205999999966
108.9,514.4404884,15.55159938,0.26379188,555.4102232,15.36145369,-0.204853596,14.8,26.16973479999997,0.19014569000000137
109.0,515.9980077,15.57589428,0.222243627,556.9464427,15.33877389,-0.248764754,14.8,26.148435000000017,0.2371203899999994
109.10000000000001,517.5577484,15.59602924,0.18076613,558.4801746,15.31170074,-0.292698331,14.8,26.122426200000017,0.28432850000000087
109.2,519.1192942,15.61201606,0.139382975,560.0109796,15.28023422,-0.336631909,14.8,26.091685400000028,0.33178183999999966
109.30000000000001,520.682229,15.62386888,0.098117745,561.5384182,15.24437435,-0.380565486,14.8,26.056189200000016,0.37949453000000055
109.4,522.2461364,15.63160187,0.056990097,563.0620511,15.20412113,-0.424499064,14.8,26.015914700000007,0.42748074
109.5,523.8106022,15.63522917,0.01600396,564.5814391,15.15947454,-0.468432641,14.8,25.970836900000062,0.47575463000000084
109.60000000000001,525.3752195,15.63476493,-0.024844596,566.0961427,15.1104346,-0.512366219,14.8,25.920923200000015,0.5243303299999997
109.7,526.9395835,15.6302233,-0.065575225,567.6057227,15.0570013,-0.556309734,14.8,25.866139199999974,0.5732220000000012
109.80000000000001,528.5032892,15.62161843,-0.106211514,569.1097396,14.99917464,-0.600312876,14.8,25.80645039999997,0.6224437900000002
109.9,530.0659317,15.60896213,-0.146777047,570.6077543,14.93695462,-0.644435273,14.8,25.741822600000045,0.6720075100000003
110.0,531.6271061,15.59225674,-0.187295409,572.0993272,14.87033529,-0.688736551,14.8,25.672221099999955,0.72192145
110.10000000000001,533.1864076,15.57150226,-0.227790186,573.5840192,14.79928682,-0.733276337,14.8,25.59761159999989,0.7722154400000001
110.2,534.7434311,15.5466987,-0.268281032,575.0613908,14.72377343,-0.778114259,14.8,25.517959700000073,0.8229252700000007
110.30000000000001,536.2977719,15.51784605,-0.308771878,576.5310028,14.64375937,-0.823300005,14.8,25.433230899999966,0.8740866799999996
110.4,537.8490249,15.48494432,-0.349262724,577.9924109,14.55920884,-0.868843514,14.8,25.343385999999963,0.9257354800000002
110.5,539.3967853,15.44799351,-0.38975357,579.4451521,14.47008607,-0.914734848,14.8,25.24836679999994,0.9779074399999992
110.60000000000001,540.9406481,15.40699361,-0.430244416,580.8887584,14.37635528,-0.960924318,14.8,25.148110300000052,1.0306383300000004
110.7,542.4802085,15.36194462,-0.470735262,582.3227618,14.27798071,-1.007352295,14.8,25.042553299999962,1.0839639099999996
110.80000000000001,544.0150616,15.31284656,-0.511226108,583.7466943,14.17493253,-1.053959154,14.8,24.931632699999977,1.137914030000001
110.9,545.5448024,15.2596994,-0.55174664,585.1600881,14.06720478,-1.100685267,14.8,24.81528570000007,1.1924946199999997
111.0,547.069026,15.20250317,-0.592445288,586.562475,13.95479746,-1.147471008,14.8,24.69344899999994,1.24770571
111.10000000000001,548.5873276,15.14125784,-0.633500168,587.9533873,13.83771057,-1.194266686,14.8,24.56605970000005,1.3035472699999993
111.2,550.0993021,15.07594562,-0.675089395,589.3323569,13.71594412,-1.241062364,14.8,24.43305479999999,1.360001500000001
111.30000000000001,551.6045448,15.00647745,-0.717391086,590.6989159,13.5894981,-1.287858042,14.8,24.29437109999999,1.41697935
111.4,553.1026507,14.93274646,-0.760583357,592.0525963,13.45837251,-1.33465372,14.8,24.149945599999977,1.4743739500000004
111.5,554.5932148,14.85464577,-0.804814637,593.3929302,13.32256736,-1.381449398,14.8,23.999715399999968,1.5320784099999987
111.60000000000001,556.0758181,14.77206851,-0.850114612,594.7194496,13.18208263,-1.428245076,14.8,23.84363149999997,1.5899858800000004
111.7,557.5499844,14.68490783,-0.896453597,596.0316865,13.03691834,-1.474732133,14.8,23.681702100000006,1.6479894900000005
111.80000000000001,559.0152232,14.59305684,-0.943683161,597.3291731,12.88707448,-1.51936746,14.8,23.51394990000001,1.7059823599999984
111.9,560.4710442,14.49640868,-0.991625189,598.6114412,12.73255106,-1.560299328,14.8,23.340396999999893,1.7638576199999996
112.0,561.9169569,14.3948743,-1.040101565,599.8780231,12.57353323,-1.595676008,14.8,23.161066200000004,1.821341069999999
112.10000000000001,563.3524711,14.28843587,-1.088934172,601.1284506,12.41094688,-1.623645771,14.8,22.975979499999948,1.8774889900000016
112.2,564.7770961,14.1770934,-1.137944896,602.3622559,12.24590304,-1.642356887,14.8,22.78515980000004,1.9311903600000004
112.30000000000001,566.1903418,14.06084689,-1.186985305,603.5789711,12.07951274,-1.650266248,14.8,22.588629299999933,1.9813341500000003
112.4,567.5917175,13.93969634,-1.236025714,604.7782762,11.91288702,-1.647065232,14.8,22.38655870000009,2.02680932
112.5,568.9807331,13.81364175,-1.285066124,605.960444,11.74713692,-1.633062462,14.8,22.1797109000001,2.0665048299999995
112.60000000000001,570.3568979,13.68268311,-1.334106533,607.1258955,11.58337349,-1.609801045,14.8,21.96899759999992,2.0993096199999997
112.7,571.7197217,13.54682044,-1.383146942,608.2750514,11.42270774,-1.579132711,14.8,21.755329700000015,2.1241126999999995
112.80000000000001,573.068714,13.40605373,-1.432187352,609.4083327,11.26606556,-1.542909188,14.8,21.53961869999996,2.1399881700000005
112.9,574.4033845,13.26038297,-1.481098628,610.5261602,11.11363211,-1.502982206,14.8,21.322775700000033,2.146750860000001
113.0,575.7232426,13.10980817,-1.529235107,611.6289547,10.96540739,-1.461203495,14.8,21.10571209999996,2.1444007800000016
113.10000000000001,577.0277981,12.95432934,-1.575821991,612.7171373,10.82139141,-1.419116163,14.8,20.88933919999995,2.132937929999999
113.2,578.3165605,12.79402394,-1.620084482,613.7911286,10.68158416,-1.37702883,14.8,20.67456809999994,2.1124397800000008
113.30000000000001,579.5890394,12.62927938,-1.661247784,614.8513497,10.54598565,-1.334941498,14.8,20.462310299999967,2.0832937299999994
113.4,580.8447444,12.46056053,-1.698537098,615.8982214,10.41459586,-1.292854165,14.8,20.253477000000043,2.04596467
113.5,582.0831852,12.28833228,-1.731306761,616.9321645,10.28741481,-1.250766832,14.8,20.048979299999996,2.000917470000001
113.60000000000001,583.3039332,12.1130595,-1.759427638,617.9536,10.1644425,-1.2086795,14.8,19.84966680000009,1.9486170000000005
113.7,584.506808,11.93520708,-1.783028864,618.9629487,10.04567891,-1.166592167,14.8,19.65614069999999,1.8895281700000002
113.80000000000001,585.6916911,11.75523988,-1.802756102,619.9606314,9.931124063,-1.124684439,14.8,19.468940300000053,1.8241158169999991
113.9,586.8584639,11.57362279,-1.819384151,620.9470691,9.820777946,-1.083854333,14.8,19.288605200000074,1.7528448440000002
114.0,588.0070081,11.39074321,-1.833687807,621.9226826,9.714640562,-1.045179473,14.8,19.115674500000022,1.6761026480000005
114.10000000000001,589.1372051,11.20667862,-1.846441868,622.8878929,9.612604149,-1.009737483,14.8,18.950687800000036,1.5940744710000008
114.2,590.2489364,11.02142901,-1.858421131,623.8431207,9.514129896,-0.978605985,14.8,18.794184299999937,1.5072991140000003
114.30000000000001,591.3420834,10.83499439,-1.870271262,624.7887869,9.418571229,-0.951991098,14.8,18.64670350000001,1.4164231610000009
114.4,592.4165277,10.64737476,-1.882121393,625.7253124,9.325281573,-0.933405353,14.8,18.508784700000046,1.3220931870000001
114.5,593.4721509,10.45857011,-1.893971523,626.653032,9.233614355,-0.920413842,14.8,18.380881100000078,1.2249557549999999
114.60000000000001,594.5088343,10.26858046,-1.905821654,627.5719353,9.143445903,-0.913708466,14.8,18.26310099999996,1.1251345570000009
114.7,595.5264595,10.07740578,-1.917671785,628.4819261,9.052560938,-0.912391205,14.8,18.15546660000002,1.0248448420000003
114.80000000000001,596.5249079,9.885046098,-1.929521916,629.3829079,8.961881591,-0.915384436,14.8,18.057999999999947,0.923164507000001
114.9,597.5040612,9.6915014,-1.941372046,630.2747843,8.870346149,-0.92248204,14.8,17.97072309999994,0.8211552510000004
115.0,598.4638007,9.496771689,-1.94977822,631.1574591,8.77784685,-0.929991882,14.8,17.893658400000003,0.7189248389999996
115.10000000000001,599.404008,9.300856965,-1.959906372,632.0308356,8.684383693,-0.939450852,14.8,17.82682760000007,0.6164732720000003
115.2,600.3245646,9.103757228,-1.961881393,632.8948177,8.58995668,-0.949089425,14.8,17.770253099999945,0.513800547999999
115.30000000000001,601.225352,8.907538852,-1.953119722,633.7493089,8.494565808,-0.958727998,14.8,17.723956899999916,0.41297304399999923
115.4,602.1062516,8.708965247,-1.930988233,634.5942128,8.39821108,-0.968366571,14.8,17.687961200000085,0.3107541670000007
115.5,602.967145,8.514372564,-1.892144472,635.4294331,8.300892494,-0.978005144,14.8,17.662288100000023,0.21348007000000102
115.60000000000001,603.8079137,8.324899856,-1.836689942,636.2548732,8.202610051,-0.987643717,14.8,17.646959500000047,0.12228980499999942
115.7,604.6287066,8.142264025,-1.75588787,637.070437,8.103363751,-0.997282291,14.8,17.641730399999982,0.03890027399999951
115.80000000000001,605.4307421,7.968470545,-1.657513133,637.8760279,8.003153593,-1.006880132,14.8,17.645285800000078,-0.03468304800000066
115.9,606.2155061,7.805524887,-1.542907072,638.6715496,7.901979578,-1.016233584,14.8,17.656043500000077,-0.09645469099999993
116.0,606.9844845,7.655432524,-1.414931194,639.4569058,7.799841706,-1.025098256,14.8,17.67242129999995,-0.14440918199999953
116.10000000000001,607.7391632,7.519864685,-1.276927952,640.2319999,7.696764415,-1.033229758,14.8,17.692836699999997,-0.1768997299999997
116.2,608.4810281,7.399155613,-1.132239801,640.9967357,7.592869901,-1.0403837,14.8,17.71570760000004,-0.19371428800000068
116.30000000000001,609.2115649,7.293305309,-0.984209196,641.7510167,7.488304797,-1.046565424,14.8,17.73945180000005,-0.19499948799999967
116.4,609.9322597,7.202313774,-0.835621516,642.4947466,7.383215738,-1.050822079,14.8,17.762486899999953,-0.18090196399999936
116.5,610.6445983,7.126181006,-0.687033835,643.2278485,7.277749358,-1.053862126,14.8,17.783250200000065,-0.15156835199999996
116.60000000000001,611.3500665,7.064907007,-0.538446154,643.9503238,7.171902452,-1.055476565,14.8,17.800257299999952,-0.10699544499999991
116.7,612.0501503,7.018491775,-0.389858474,644.6621935,7.066271167,-1.055869054,14.8,17.812043199999902,-0.04777939199999981
116.80000000000001,612.7463355,6.986935312,-0.241270793,645.3634784,6.960552625,-1.055283984,14.8,17.817142899999975,0.026382686999999905
116.9,613.440108,6.970237617,-0.092683112,646.0541994,6.855018859,-1.053716014,14.8,17.814091400000006,0.11521875800000014
117.0,614.1329537,6.968398689,0.055014779,646.7343775,6.749694306,-1.052158725,14.8,17.80142380000002,0.2187043829999995
117.10000000000001,614.8263584,6.98141853,0.197373933,647.4040336,6.644578967,-1.050107315,14.8,17.777675200000044,0.33683956299999984
117.2,615.521808,7.009297139,0.329055614,648.0631887,6.539672843,-1.048015174,14.8,17.74138069999999,0.4696242960000001
117.30000000000001,616.2207884,7.051500642,0.444721085,648.7118636,6.434975932,-1.045923033,14.8,17.691075200000068,0.6165247099999993
117.4,616.9247855,7.105359672,0.539031609,649.3500793,6.330488236,-1.043830892,14.8,17.625293799999962,0.7748714359999997
117.5,617.6352852,7.167670985,0.606648449,649.9778566,6.226209754,-1.041738751,14.8,17.542571399999996,0.9414612309999999
117.60000000000001,618.3537732,7.23523134,0.643122659,650.5952166,6.122140486,-1.03964661,14.8,17.44144339999998,1.1130908540000002
117.7,619.0813085,7.304837496,0.647564448,651.2021801,6.018280432,-1.037554469,14.8,17.320871599999986,1.2865570640000001
117.80000000000001,619.8172414,7.373286209,0.620863606,651.7987681,5.914629592,-1.035473104,14.8,17.181526700000017,1.458656617
117.9,620.5604951,7.437374238,0.56746908,652.3850014,5.811187966,-1.033456391,14.8,17.02450629999994,1.626186272
118.0,621.3099931,7.49389834,0.492719608,652.9609011,5.707955555,-1.031568983,14.8,16.850907999999958,1.7859427850000005
118.10000000000001,622.0646584,7.540189149,0.401953925,653.526488,5.604925892,-1.029875534,14.8,16.661829599999987,1.935263257
118.2,622.8234145,7.575712788,0.300510769,654.081783,5.502066652,-1.02839545,14.8,16.45836849999996,2.073646136
118.30000000000001,623.5851845,7.60046926,0.193728876,654.626807,5.399339042,-1.02732912,14.8,16.241622500000016,2.2011302179999994
118.4,624.3488919,7.614458564,0.086057194,655.1615811,5.296704272,-1.026594686,14.8,16.012689200000022,2.317754292
118.5,625.1134598,7.617680699,-0.021614488,655.6861209,5.194150697,-1.026248167,14.8,15.772661100000004,2.4235300019999997
118.60000000000001,625.8778116,7.610135666,-0.12928617,656.2004214,5.091558083,-1.02627879,14.8,15.522609800000009,2.518577583
118.7,626.6408706,7.591823465,-0.236957853,656.7044727,4.988969081,-1.026632676,14.8,15.263602100000025,2.6028543840000005
118.80000000000001,627.4015599,7.562744096,-0.344629535,657.1982645,4.886317751,-1.027290418,14.8,14.996704599999997,2.6764263450000003
118.9,628.158803,7.522897558,-0.452301217,657.6817868,4.783571768,-1.028051628,14.8,14.72298380000002,2.7393257900000005
119.0,628.911523,7.472283852,-0.559972899,658.1550294,4.680724666,-1.028987388,14.8,14.4435064,2.7915591860000006
119.10000000000001,629.6586433,7.410902978,-0.667124686,658.6179823,4.577776446,-1.029987801,14.8,14.159339,2.8331265320000005
119.2,630.3990872,7.338754936,-0.771157095,659.0706353,4.474727106,-1.030998989,14.8,13.871548099999995,2.8640278300000004
119.30000000000001,631.1317779,7.255839725,-0.868950751,659.5129783,4.371576648,-1.032010178,14.8,13.58120040000001,2.884263077000001
119.4,631.8556387,7.162469284,-0.957386276,659.9450012,4.268325071,-1.033021366,14.8,13.289362499999992,2.8941442130000006
119.5,632.5695929,7.060203301,-1.035411179,660.3666938,4.164972375,-1.034032555,14.8,12.997100900000031,2.895230926
119.60000000000001,633.2725639,6.950913402,-1.093705427,660.7780462,4.06151856,-1.035043743,14.8,12.705482299999925,2.8893948420000006
119.7,633.9634747,6.836471213,-1.135870196,661.1790481,3.957963626,-1.035858312,14.8,12.415573400000039,2.878507587
119.80000000000001,634.6414984,6.717508229,-1.159318704,661.5696895,3.854307573,-1.036644791,14.8,12.128191099999935,2.863200656
119.9,635.306806,6.599616469,-1.164570847,661.9499602,3.750550402,-1.036967593,14.8,11.843154199999912,2.849066067
120.0,635.9598179,6.480947166,-1.154226107,662.3198501,3.646810084,-1.030210773,14.8,11.56003220000009,2.834137082
120.10000000000001,636.6009549,6.364612078,-1.129336973,662.6793492,3.5429855,-1.010137369,14.8,11.278394300000013,2.8216265780000005
120.2,637.2306374,6.252170893,-1.09922348,663.0284472,3.439338004,-0.970089087,14.8,10.997809799999981,2.8128328889999996
120.30000000000001,637.8492861,6.143935549,-1.060804347,663.3671342,3.339837162,-0.903604255,14.8,10.717848100000037,2.8040983870000002
120.4,638.4573216,6.039906045,-1.019265838,663.6953999,3.248225152,-0.803856049,14.8,10.438078299999983,2.7916808930000006
120.5,639.0551644,5.940082381,-0.977207433,664.0132343,3.16849695,-0.664621766,14.8,10.158069900000054,2.7715854309999997
120.60000000000001,639.6432351,5.844464558,-0.935149028,664.3211599,3.104647531,-0.485859057,14.8,9.877924800000027,2.7398170270000004
120.7,640.2219544,5.753052576,-0.893090622,664.6218299,3.06067187,-0.268256309,14.8,9.599875500000007,2.692380706
120.80000000000001,640.7917427,5.665846434,-0.851032217,664.9184302,3.040564944,-0.017362098,14.8,9.326687500000002,2.6252814899999994
120.9,641.3530208,5.582846132,-0.808973812,665.2141467,3.048321727,0.260165283,14.8,9.061125900000047,2.5345244050000004
121.0,641.906209,5.504051671,-0.766915406,665.5121652,3.087271367,0.557667542,14.8,8.805956200000036,2.416780304
121.10000000000001,642.4517282,5.429463051,-0.725180877,665.8156717,3.158079691,0.868486386,14.8,8.563943500000004,2.2713833599999997
121.2,642.9899987,5.359080271,-0.685389602,666.1278518,3.260746701,1.185963522,14.8,8.337853100000029,2.09833357
121.30000000000001,643.5214413,5.292903332,-0.649484837,666.4518917,3.395272396,1.504550373,14.8,8.13045040000004,1.8976309359999997
121.4,644.0464765,5.230737907,-0.619409835,666.790977,3.561656775,1.823137225,14.8,7.9445004999999576,1.669081132
121.5,644.5655248,5.171612371,-0.597107852,667.1482937,3.75989984,2.141724076,14.8,7.782768899999905,1.411712531
121.60000000000001,645.079007,5.114360769,-0.584522143,667.5270276,3.990001591,2.460310928,14.8,7.648020599999949,1.1243591780000002
121.7,645.5873434,5.05781715,-0.583272085,667.9303646,4.251962026,2.778897779,14.8,7.543021199999952,0.8058551239999998
121.80000000000001,646.0907994,5.00081556,-0.593681556,668.3614907,4.545781147,3.097484631,14.8,7.470691299999952,0.4550344130000008
121.9,646.5890181,4.942190046,-0.615426679,668.8235915,4.871458952,3.413886906,14.8,7.434573400000044,0.0707310940000001
122.0,647.0814873,4.880774656,-0.646888075,669.3198531,5.228995443,3.717181723,14.8,7.438365799999996,-0.3482207869999998
122.10000000000001,647.567695,4.815403437,-0.68612249,669.8534613,5.618390619,3.994261624,14.8,7.4857663000000905,-0.8029871820000007
122.2,648.0471289,4.745104762,-0.731186669,670.4276019,6.038333734,4.232019151,14.8,7.580473000000051,-1.2932289719999996
122.30000000000001,648.5192769,4.669684305,-0.780137357,671.0454608,6.48227106,4.417346846,14.8,7.7261838999999775,-1.8125867550000008
122.4,648.9836267,4.589142066,-0.8310313,671.710224,6.942338121,4.537137251,14.8,7.926597300000093,-2.3531960549999997
122.5,649.4396662,4.503478045,-0.882249119,672.4250771,7.410670443,4.580467484,14.8,8.185410899999919,-2.9071923980000003
122.60000000000001,649.8868832,4.412692242,-0.933466937,673.1921577,7.879403551,4.545152969,14.8,8.505274499999995,-3.466711309
122.7,650.3247655,4.316784657,-0.984684756,674.0094084,8.34067297,4.433378282,14.8,8.884642899999971,-4.023888313
122.80000000000001,650.752801,4.215755291,-1.035902575,674.8737236,8.786614225,4.256066305,14.8,9.320922599999971,-4.570858933999999
122.9,651.1704775,4.109604142,-1.087120393,675.7819976,9.209362842,4.026324496,14.8,9.811520100000006,-5.099758700000001
123.0,651.5772827,3.998331212,-1.138338212,676.7311247,9.602365091,3.757260313,14.8,10.353842000000054,-5.604033878999999
123.10000000000001,651.9727046,3.8819365,-1.189556031,677.7179992,9.964310226,3.461981214,14.8,10.945294599999965,-6.082373726
123.2,652.3562309,3.760420006,-1.230814829,678.7395153,10.29519825,3.153594657,14.8,11.583284399999979,-6.534778244
123.30000000000001,652.7273495,3.63378173,-1.27065091,679.7925674,10.59502916,2.843023523,14.8,12.265217900000106,-6.961247429999999
123.4,653.0855481,3.502021672,-1.293779803,680.8740497,10.86380295,2.53245239,14.8,12.988501600000017,-7.3617812780000005
123.5,653.4303147,3.371115245,-1.277260647,681.9808566,11.10151964,2.221881256,14.8,13.750541899999984,-7.730404394999999
123.60000000000001,653.761137,3.235940666,-1.216803994,683.1098822,11.3081792,1.911310123,14.8,14.548745200000052,-8.072238534
123.7,654.0775028,3.105668618,-1.10142547,684.258021,11.48378166,1.600738989,14.8,15.380518199999937,-8.378113041999999
123.80000000000001,654.3789001,2.994063618,-0.930099721,685.4221671,11.628327,1.290167856,14.8,16.243267000000014,-8.634263382
123.9,654.6656952,2.903699334,-0.68330607,686.5992149,11.74181523,0.980942118,14.8,17.133519700000033,-8.838115896
124.0,654.9417699,2.84116639,-0.367175342,687.7860587,11.82424635,0.679788758,14.8,18.044288799999958,-8.98307996
124.10000000000001,655.2118844,2.813055412,-0.002817669,688.9795927,11.87562035,0.39478015,14.8,18.96770829999998,-9.062564938
124.2,655.480799,2.825957024,0.405477502,690.1767113,11.89674448,0.133988673,14.8,19.895912299999917,-9.070787456000001
124.30000000000001,655.7532742,2.885363413,0.846725795,691.3743087,11.89165491,-0.094513298,14.8,20.821034500000064,-9.006291497
124.4,656.0340701,2.992373017,1.309942836,692.5692793,11.86519509,-0.288637428,14.8,21.73520919999994,-8.872822073
124.5,656.3279472,3.146985835,1.784144252,693.7585172,11.82220844,-0.423704608,14.8,22.630569999999988,-8.675222605
124.60000000000001,656.6396657,3.349201867,2.260176396,694.9395627,11.76753837,-0.516321571,14.8,23.499896999999986,-8.418336503
124.7,656.9739859,3.599021114,2.736208541,696.1125388,11.70243789,-0.56184967,14.8,24.338552900000035,-8.103416776
124.80000000000001,657.3356683,3.896443575,3.212240686,697.2782148,11.64252171,-0.567015886,14.8,25.142546500000048,-7.746078135
124.9,657.7294731,4.241469251,3.688272831,698.4373595,11.58186197,-0.539892595,14.8,25.907886400000006,-7.3403927190000005
125.0,658.1601605,4.634098141,4.164304975,699.590742,11.52808529,-0.482568131,14.8,26.630581500000016,-6.893987149
125.10000000000001,658.6324911,5.074330246,4.64033712,700.7391314,11.4819989,-0.421067,14.8,27.30664029999998,-6.407668654000001
125.2,659.151225,5.562165565,5.11301866,701.8832967,11.44360281,-0.345509449,14.8,27.932071700000005,-5.881437245
125.30000000000001,659.7211226,6.097604099,5.565596569,703.0240068,11.41289701,-0.268606502,14.8,28.502884200000107,-5.315292911
125.4,660.3469442,6.680645847,5.977967219,704.1620309,11.38988151,-0.191703554,14.8,29.015086699999937,-4.709235663
125.5,661.0334501,7.309280447,6.330026978,705.298138,11.3745563,-0.114800607,14.8,29.464687900000012,-4.065275853
125.60000000000001,661.7854007,7.973456083,6.601672217,706.433097,11.36692139,-0.03789766,14.8,29.847696300000006,-3.3934653069999996
125.7,662.6075563,8.661110577,6.772799305,707.5676771,11.36697677,0.039005287,14.8,30.160120799999913,-2.7058661930000003
125.80000000000001,663.5046772,9.360181752,6.826655218,708.7026472,11.37472245,0.115908234,14.8,30.397970000000054,-2.0145406979999994
125.9,664.4799154,10.05860743,6.75988935,709.8387764,11.39015842,0.192487589,14.8,30.558861000000046,-1.3315509900000002
126.0,665.5299898,10.74432543,6.575852306,710.9768338,11.41328468,0.267125385,14.8,30.646844000000055,-0.6689592500000003
126.10000000000001,666.650011,11.40527358,6.291297113,712.1175882,11.44410124,0.337880067,14.8,30.66757720000005,-0.03882766000000082
126.2,667.8350896,12.02938969,5.926327398,713.2618089,11.48241394,0.402810075,14.8,30.626719300000058,0.5469757499999996
126.30000000000001,669.0803361,12.60662196,5.501046794,714.4102647,11.527252,0.459973853,14.8,30.529928600000016,1.0793699599999993
126.4,670.3808611,13.13496002,5.035558929,715.5637248,11.57745049,0.509596722,14.8,30.382863700000097,1.557509529999999
126.5,671.7317752,13.61440387,4.549967434,716.7229581,11.63184446,0.543560081,14.8,30.191182900000012,1.9825594100000004
126.60000000000001,673.128189,14.04495351,4.061025334,717.8885784,11.689269,0.568040972,14.8,29.960389400000007,2.3556845099999997
126.7,674.565213,14.42660893,3.572083234,719.060578,11.74985928,0.581196111,14.8,29.695364999999992,2.6767496499999996
126.80000000000001,676.0379579,14.75937015,3.083141134,720.2387942,11.80854999,0.584643462,14.8,29.40083629999999,2.950820160000001
126.9,677.5415341,15.04323716,2.594199034,721.4230638,11.86807659,0.580324583,14.8,29.081529699999987,3.175160570000001
127.0,679.0710524,15.27820996,2.105256935,722.6132241,11.92616815,0.568014152,14.8,28.74217170000004,3.3520418099999993
127.10000000000001,680.6216232,15.46428855,1.616314835,723.809112,11.98263054,0.556154363,14.8,28.387488799999982,3.4816580099999985
127.2,682.1883572,15.60147293,1.127372735,725.0105648,12.03746374,0.540186138,14.8,28.022207599999955,3.56400919
127.30000000000001,683.7663649,15.6897631,0.64067959,726.2174194,12.09066777,0.523894319,14.8,27.651054500000054,3.599095330000001
127.4,685.3507569,15.72915905,0.167480178,727.4295129,12.14224261,0.507602501,14.8,27.278755999999998,3.5869164399999995
127.5,686.9366438,15.7196608,-0.278731771,728.6466825,12.19218827,0.491310683,14.8,26.91003870000004,3.527472529999999
127.60000000000001,688.5191362,15.66261771,-0.684462523,729.8687652,12.24050475,0.475018865,14.8,26.549628999999936,3.4221129599999998
127.7,690.0933446,15.56477666,-1.041645319,731.095598,12.28719204,0.458727047,14.8,26.20225339999997,3.277584619999999
127.80000000000001,691.6543796,15.43423386,-1.320505512,732.3270181,12.33225015,0.442435229,14.8,25.87263850000006,3.1019837100000007
127.9,693.1973519,15.27908558,-1.526079239,733.5628626,12.37567909,0.42614341,14.8,25.565510700000072,2.90340649
128.0,694.7184514,15.10417186,-1.650690574,734.8029686,12.41747884,0.409917076,14.8,25.284517199999936,2.68669302
128.1,696.2181862,14.9273575,-1.696588473,736.047173,12.45764941,0.394083647,14.8,25.02898680000005,2.4697080899999992
128.20000000000002,697.698144,14.74697017,-1.675017711,737.295313,12.49619079,0.379036027,14.8,24.797169000000007,2.250779380000001
128.3,699.1599123,14.57436231,-1.59404505,738.5472257,12.53314229,0.36516712,14.8,24.58731340000004,2.041220019999999
128.4,700.6050786,14.41628078,-1.483445135,739.8027482,12.56870034,0.352869832,14.8,24.39766960000004,1.8475804399999998
128.5,702.0352306,14.27407496,-1.340430785,741.0617175,12.6031007,0.342205072,14.8,24.22648690000001,1.6709742599999995
128.6,703.4519558,14.14774483,-1.183922703,742.3239708,12.63657911,0.334496246,14.8,24.072015000000032,1.511165720000001
128.70000000000002,704.8568417,14.03729041,-1.025165666,743.5893765,12.6693713,0.328812852,14.8,23.93253479999994,1.3679191100000008
128.8,706.251476,13.9427117,-0.866408629,744.8579288,12.70151384,0.325421401,14.8,23.806452799999942,1.2411978599999998
128.9,707.6374462,13.86400869,-0.707651591,746.1296536,12.73384003,0.323994474,14.8,23.692207399999983,1.1301686600000007
129.0,709.0163399,13.80118138,-0.548894554,747.4045763,12.76598805,0.324139165,14.8,23.588236399999982,1.0351933299999985
129.1,710.3897446,13.75422978,-0.390137517,748.6827228,12.79835354,0.325794564,14.8,23.492978199999992,0.9558762399999985
129.20000000000002,711.759248,13.72315388,-0.231380479,749.9641186,12.83097579,0.327571784,14.8,23.40487060000005,0.8921780899999998
129.3,713.1264376,13.70795368,-0.073294578,751.2487896,12.8638548,0.330073902,14.8,23.322351999999977,0.8440988799999989
129.4,714.4929009,13.70862919,0.080764504,752.5367612,12.89699057,0.332641505,14.8,23.243860300000005,0.8116386200000001
129.5,715.8602255,13.7251804,0.226769948,753.8280593,12.9303831,0.335209108,14.8,23.167833799999993,0.794797299999999
129.6,717.2299991,13.75720463,0.360694936,755.1227095,12.9640324,0.33777671,14.8,23.092710400000055,0.7931722299999997
129.70000000000002,718.6038092,13.80268848,0.478512649,756.4207374,12.99793845,0.340344313,14.8,23.016928200000006,0.804750030000001
129.8,719.9832432,13.85921585,0.580278851,757.7221688,13.03210126,0.342911916,14.8,22.938925600000015,0.8271145900000008
129.9,721.369889,13.92437064,0.65039011,759.0270293,13.06652083,0.345479519,14.8,22.857140300000037,0.8578498099999994
130.0,722.7650117,13.99573678,0.70042304,760.3353446,13.10119716,0.348233598,14.8,22.77033290000004,0.8945396199999998
130.1,724.1685883,14.07334771,0.726966193,761.6471403,13.13613025,0.352106541,14.8,22.678552000000035,0.9372174599999994
130.20000000000002,725.5802736,14.1474387,0.733375253,762.9624422,13.17132011,0.358217209,14.8,22.5821686,0.9761185900000005
130.3,726.9997221,14.2229423,0.723677037,764.281276,13.20687861,0.367684466,14.8,22.481553900000062,1.0160636899999993
130.4,728.4265885,14.29539556,0.697815781,765.6036672,13.24336518,0.381627174,14.8,22.377078700000038,1.0520303799999997
130.5,729.8605277,14.3643958,0.672066055,766.9296416,13.28145116,0.401164196,14.8,22.269113899999933,1.082944640000001
130.6,731.3011942,14.429943,0.638206927,768.2592249,13.32180784,0.427227918,14.8,22.158030699999994,1.1081351599999998
130.70000000000002,732.7482428,14.49203718,0.603676662,769.5925322,13.36510656,0.460004816,14.8,22.044289400000093,1.1269306200000013
130.8,734.2013282,14.55067833,0.569146397,770.9300367,13.41201862,0.499308415,14.8,21.928708499999924,1.1386597100000007
130.9,735.660105,14.60586646,0.534616132,772.2723012,13.46321536,0.544206327,14.8,21.81219619999997,1.1426511000000001
131.0,737.124228,14.65760156,0.500085866,773.6198885,13.51936807,0.593579691,14.8,21.695660499999985,1.1382334899999993
131.1,738.5933518,14.70588363,0.465555601,774.9733612,13.5810362,0.646309643,14.8,21.58000939999995,1.1248474300000009
131.20000000000002,740.0671312,14.75071268,0.431025336,776.3332821,13.64833164,0.701277321,14.8,21.46615090000007,1.1023810399999991
131.3,741.5452209,14.7920887,0.396495071,777.7002139,13.72125437,0.757363862,14.8,21.35499299999999,1.0708343300000003
131.4,743.0272755,14.83001169,0.361979774,779.0747193,13.79980441,0.81363688,14.8,21.247443799999996,1.030207279999999
131.5,744.5129497,14.86448166,0.327554283,780.4573611,13.88398175,0.869909897,14.8,21.14441139999992,0.9804999099999989
131.6,746.0018983,14.8954986,0.293308404,781.848702,13.97378639,0.926182915,14.8,21.04680370000001,0.921712209999999
131.70000000000002,747.4937759,14.9230715,0.259331943,783.2493047,14.06921833,0.982455933,14.8,20.955528800000092,0.8538531700000007
131.8,748.9882373,14.94724525,0.225714706,784.659732,14.17027758,1.038728951,14.8,20.871494699999925,0.7769676699999994
131.9,750.4849371,14.96807374,0.192546499,786.0805466,14.27696412,1.095001968,14.8,20.795609500000023,0.6911096199999989
132.0,751.9835301,14.98561086,0.159902161,787.5123112,14.38927797,1.151276642,14.8,20.728781099999946,0.5963328899999993
132.1,753.4836781,14.99991049,0.12779666,788.9555886,14.50721912,1.207561248,14.8,20.671910500000035,0.4926913699999993
132.20000000000002,754.9850717,15.0110265,0.096215027,790.4109414,14.63078757,1.26386572,14.8,20.625869699999907,0.3802389299999991
132.3,756.4874087,15.01901279,0.065082425,791.8789324,14.75998432,1.320199991,14.8,20.591523700000106,0.2590284700000005
132.4,757.990387,15.02392325,0.034309046,793.3601244,14.89481432,1.376573995,14.8,20.569737399999962,0.12910892999999923
132.5,759.4937043,15.02580276,0.003805086,794.85508,15.03528355,1.432997663,14.8,20.561375700000053,-0.009480790000001349
132.6,760.9970585,15.02466031,-0.026519262,796.3643621,15.18139796,1.489479274,14.8,20.567303600000013,-0.15673765000000017
132.70000000000002,762.5001474,15.02049591,-0.056753804,797.8885341,15.33316352,1.546020482,14.8,20.58838670000007,-0.3126676100000001
132.8,764.0026687,15.01330955,-0.086973378,799.4281627,15.49058617,1.602619634,14.8,20.62549400000007,-0.4772766199999996
132.9,765.5043203,15.00310124,-0.117192952,800.9838154,15.65367188,1.65926845,14.8,20.679495100000008,-0.6505706399999998
133.0,767.0047999,14.98987096,-0.147412527,802.5560598,15.82242661,1.715956998,14.8,20.75125989999999,-0.8325556500000015
133.1,768.5038054,14.97361873,-0.177632101,804.1454632,15.99685533,1.772675345,14.8,20.84165779999996,-1.0232366000000006
133.20000000000002,770.0010346,14.95434454,-0.207851675,805.7525933,16.17695903,1.829413559,14.8,20.951558699999918,-1.2226144899999998
133.3,771.4961853,14.9320484,-0.238071249,807.3780175,16.36273771,1.886161705,14.8,21.081832200000076,-1.4306893100000018
133.4,772.9889553,14.90673029,-0.267697682,809.0223034,16.55419138,1.942911506,14.8,21.23334810000001,-1.6474610899999984
133.5,774.4790424,14.87839023,-0.289991676,810.6860183,16.75132002,1.999661308,14.8,21.406975899999974,-1.8729297900000006
133.6,775.9661443,14.84702821,-0.312715149,812.3697299,16.95412364,2.05641111,14.8,21.60358560000004,-2.1070954299999993
133.70000000000002,777.449959,14.81300012,-0.320988484,814.0740056,17.16260224,2.113160912,14.8,21.824046599999928,-2.3496021199999984
133.8,778.9301841,14.78034954,-0.315026421,815.7994129,17.37675582,2.169910713,14.8,22.069228799999973,-2.59640628
133.9,780.4065176,14.74441931,-0.29127011,817.5465192,17.59658438,2.226660515,14.8,22.340001600000004,-2.85216507
134.0,781.8786572,14.7141372,-0.246753843,819.3158922,17.82208792,2.282389642,14.8,22.637234999999986,-3.1079507200000016
134.1,783.3465854,14.68937438,-0.184658069,821.1080993,18.05326644,2.327764536,14.8,22.961513900000067,-3.3638920600000013
134.20000000000002,784.8114236,14.67226615,-0.094255159,822.923708,18.29011995,2.369351711,14.8,23.31228440000002,-3.6178538000000007
134.3,786.2745778,14.66494782,0.010168409,824.7632858,18.53203602,2.388336558,14.8,23.688707999999973,-3.8670881999999995
134.4,787.7374541,14.6695547,0.128827376,826.6274002,18.77341454,2.38282522,14.8,24.089946099999974,-4.10385984
134.5,789.2014585,14.68786621,0.258162891,828.5166187,19.01819541,2.346693649,14.8,24.515160200000036,-4.330329200000001
134.6,790.6679971,14.72023825,0.394616105,830.4315088,19.25508986,2.274838472,14.8,24.96351169999998,-4.534851609999999
134.70000000000002,792.1384759,14.76667081,0.534628169,832.3721481,19.48296158,2.170469204,14.8,25.4336722,-4.7162907700000005
134.8,793.614301,14.82716388,0.675233375,834.3366544,19.69813614,2.021915956,14.8,25.922353400000087,-4.8709722599999985
134.9,795.0968784,14.90171748,0.81583858,836.3226557,19.89693911,1.846972662,14.8,26.425777300000004,-4.995221630000001
135.0,796.5876142,14.9903316,0.956443786,838.3277799,20.07569606,1.647533182,14.8,26.940165700000033,-5.085364459999999
135.1,798.0879144,15.09300624,1.097048991,840.3496551,20.23134498,1.429721563,14.8,27.461740699999904,-5.13833874
135.20000000000002,799.5991852,15.2097414,1.237654197,842.3859091,20.36327345,1.19966185,14.8,27.986723900000083,-5.153532050000001
135.3,801.1228325,15.34053708,1.378259402,844.43417,20.47148149,0.96347809,14.8,28.511337500000035,-5.130944409999998
135.4,802.6602623,15.48539328,1.518864608,846.4920657,20.55596907,0.726273657,14.8,29.031803400000012,-5.0705757899999995
135.5,804.2128809,15.64431,1.658888155,848.557224,20.61673622,0.489069223,14.8,29.54434310000006,-4.972426219999999
135.6,805.7820941,15.81728724,1.795421752,850.6272731,20.65378292,0.251864789,14.8,30.04517900000003,-4.8364956800000005
135.70000000000002,807.369308,16.004325,1.924975448,852.6998409,20.66710917,0.014660355,14.8,30.53053289999998,-4.662784169999998
135.8,808.9759288,16.20507429,2.044059294,854.7725552,20.65671499,-0.222544079,14.8,30.996626400000036,-4.451640700000002
135.9,810.6033624,16.41779013,2.149183338,856.8430441,20.62260036,-0.459748512,14.8,31.439681700000005,-4.20481023
136.0,812.253015,16.64037855,2.241175167,858.9089355,20.56476529,-0.696952946,14.8,31.85592049999998,-3.924386739999999
136.1,813.9262925,16.87074557,2.304173881,860.9678574,20.48320977,-0.931435448,14.8,32.241564899999915,-3.612464199999998
136.20000000000002,815.6243218,17.10679724,2.35055043,863.0174377,20.37793381,-1.149586358,14.8,32.5931159,-3.2711365699999995
136.3,817.347113,17.3490301,2.376568935,865.0553043,20.24893741,-1.324054239,14.8,32.908191299999956,-2.8999073099999997
136.4,819.0943969,17.58757862,2.385137689,867.0790854,20.09785372,-1.471567038,14.8,33.184688500000064,-2.510275100000001
136.5,820.8659045,17.82812039,2.379746642,869.0864087,19.93284854,-1.542733625,14.8,33.42050419999994,-2.1047281499999997
136.6,822.6613666,18.06631991,2.359568209,871.0749022,19.77033274,-1.532242253,14.8,33.61353560000005,-1.70401283
136.70000000000002,824.4805141,18.30182819,2.341044946,873.042194,19.60026955,-1.426483265,14.8,33.76167989999995,-1.2984413600000018
136.8,826.3230779,18.53464523,2.314714198,874.9872185,19.45229364,-1.222734727,14.8,33.8641406,-0.9176484100000017
136.9,828.1887888,18.76477103,2.287801791,876.9141362,19.32959206,-0.934738418,14.8,33.925347400000035,-0.564821030000001
137.0,830.0773777,18.99220559,2.260889384,878.8284143,19.24196376,-0.543044458,14.8,33.95103659999991,-0.24975816999999978
137.1,831.9885755,19.2169489,2.233976977,880.73552,19.19920771,-0.097043979,14.8,33.94694449999993,0.017741189999998852
137.20000000000002,833.9221131,19.43900098,2.20706457,882.6409203,19.20948969,0.397951274,14.8,33.918807199999904,0.22951128999999781
137.3,835.8777213,19.65836182,2.180152163,884.5500823,19.27444287,0.925609711,14.8,33.872361000000026,0.3839189499999982
137.4,837.8551311,19.87503141,2.153239756,886.4684732,19.39406725,1.46959974,14.8,33.81334209999996,0.4809641599999992
137.5,839.8540732,20.08900977,2.126677667,888.4015602,19.56836282,2.0163117,14.8,33.747486999999936,0.5206469499999997
137.6,841.8742787,20.30029688,2.102217484,890.3548102,19.79732959,2.563023661,14.8,33.68053149999999,0.5029672900000008
137.70000000000002,843.9154782,20.50889276,2.083710701,892.3336905,20.08096755,3.109735621,14.8,33.61821229999994,0.42792520999999795
137.8,845.9774028,20.71500758,2.068010462,894.3436681,20.41927671,3.656447581,14.8,33.5662652999999,0.2957308700000034
137.9,848.0597833,20.91969231,2.062467437,896.3902102,20.81225707,4.203159542,14.8,33.53042689999991,0.10743523999999738
138.0,850.1623506,21.12525783,2.067433943,898.4787839,21.25990862,4.749871502,14.8,33.51643330000009,-0.13465079000000202
138.1,852.2848355,21.32981605,2.084661569,900.6148564,21.76223137,5.292735423,14.8,33.530020900000025,-0.43241531999999694
138.20000000000002,854.4271371,21.53777735,2.114500633,902.8038946,22.31922531,5.812511111,14.8,33.576757500000056,-0.7814479600000013
138.3,856.5898271,21.74935312,2.154851231,905.0513658,22.93089045,6.286110331,14.8,33.66153870000001,-1.1815373300000012
138.4,858.7736451,21.96580452,2.209210534,907.3627371,23.59491797,6.690444849,14.8,33.78909200000005,-1.629113450000002
138.5,860.9793311,22.18839269,2.270227876,909.7434756,24.29976373,7.002426432,14.8,33.964144500000046,-2.111371039999998
138.6,863.2076247,22.41816857,2.337550937,912.1990484,25.03157482,7.198966845,14.8,34.191423700000044,-2.6134062500000006
138.70000000000002,865.4592658,22.65534237,2.409077811,914.7349226,25.77649828,7.260825894,14.8,34.47565679999998,-3.121155909999999
138.8,867.7349942,22.89991407,2.48270659,917.3547183,26.52068117,7.18415554,14.8,34.81972409999999,-3.6207670999999984
138.9,870.0355497,23.15188369,2.556685688,920.0546673,27.25027056,6.972803821,14.8,35.21911759999996,-4.098386870000002
139.0,872.361672,23.41125121,2.630664786,922.8291545,27.9514135,6.646010933,14.8,35.66748249999996,-4.540162290000001
139.1,874.714101,23.67801664,2.704643883,925.6725644,28.61025706,6.22686511,14.8,36.15846340000003,-4.932240419999999
139.20000000000002,877.0935764,23.95217999,2.778622981,928.579282,29.21525711,5.738454585,14.8,36.68570560000008,-5.263077119999998
139.3,879.500838,24.23374124,2.852602078,931.543692,29.76410484,5.203867592,14.8,37.24285399999992,-5.530363600000001
139.4,881.9366257,24.5227004,2.926581176,934.5601792,30.25680024,4.646192366,14.8,37.82355349999996,-5.734099839999999
139.5,884.4016791,24.81905747,2.999611959,937.6231282,30.69334331,4.0846691,14.8,38.421449099999975,-5.874285839999999
139.6,886.8967382,25.12281246,3.06695285,940.726924,31.07373406,3.523145835,14.8,39.0301858000001,-5.950921600000001
139.70000000000002,889.4225427,25.43396535,3.118459506,943.8659512,31.39797248,2.961622569,14.8,39.643408500000035,-5.964007129999999
139.8,891.9798323,25.75194716,3.161805395,947.0345947,31.66605857,2.400099304,14.8,40.25476239999996,-5.91411141
139.9,894.569347,26.07391295,3.177937267,950.2272391,31.87799234,1.838576038,14.8,40.85789210000003,-5.804079389999998
140.0,897.1918263,26.39377611,3.165619683,953.4382693,32.03377378,1.277052773,14.8,41.446443,-5.639997669999996
140.1,899.8480103,26.71614071,3.120111068,956.66207,32.13340289,0.718088856,14.8,42.01405969999992,-5.417262179999998
140.20000000000002,902.5381834,27.02957482,3.040463107,959.893026,32.17687968,0.174481029,14.8,42.554842599999986,-5.147304859999998
140.3,905.2608095,27.33333716,2.932078567,963.1255221,32.16420414,-0.338414614,14.8,43.064712599999964,-4.830866980000003
140.4,908.0138972,27.6240138,2.786335666,966.353943,32.09691189,-0.805241985,14.8,43.54004579999999,-4.472898090000001
140.5,910.7954552,27.89819081,2.622287654,969.5726735,31.98268096,-1.214696376,14.8,43.97721829999996,-4.084490150000001
140.6,913.6034922,28.15302325,2.441169968,972.7760984,31.83072501,-1.540665018,14.8,44.37260620000002,-3.677701759999998
140.70000000000002,916.4360167,28.38794211,2.248672501,975.9586024,31.6502577,-1.778312898,14.8,44.72258570000004,-3.26231559
140.8,919.2910374,28.60294741,2.050485142,979.1157988,31.44806186,-1.925221706,14.8,45.024761399999946,-2.8451144500000005
140.9,922.1665629,28.79803914,1.851349468,982.2482148,31.23980513,-1.982553316,14.8,45.2816519,-2.4417659900000004
141.0,925.060602,28.9732173,1.652213794,985.357606,31.02992415,-1.963104471,14.8,45.49700400000002,-2.0567068499999976
141.1,927.9711632,29.1284819,1.45307812,988.4457283,30.82754793,-1.878179878,14.8,45.674565100000066,-1.699066030000001
141.20000000000002,930.8962552,29.26383293,1.253942446,991.5143372,30.64119302,-1.753892305,14.8,45.81808199999996,-1.3773600899999998
141.3,933.8338866,29.37927039,1.054806772,994.5651884,30.47239502,-1.597636115,14.8,45.931301799999986,-1.093124630000002
141.4,936.782066,29.47479428,0.855671099,997.6000377,30.32115393,-1.42462636,14.8,46.01797170000005,-0.8463596500000001
141.5,939.7388022,29.55040461,0.656535425,1000.620641,30.18746975,-1.249057256,14.8,46.08183879999997,-0.6370651400000007
141.6,942.7021037,29.60610137,0.459153785,1003.628753,30.07134248,-1.073488152,14.8,46.12664930000001,-0.46524110999999735
141.70000000000002,945.6699793,29.64188456,0.272296349,1006.626131,29.97277212,-0.897919049,14.8,46.15615169999997,-0.3308875599999972
141.8,948.6404374,29.65775418,0.106487323,1009.614529,29.89175867,-0.722349945,14.8,46.174091599999954,-0.23400449000000023
141.9,951.6114869,29.65476266,-0.02774909,1012.595704,29.82830213,-0.546780841,14.8,46.18421709999991,-0.17353947000000147
142.0,954.5811363,29.63817209,-0.119888686,1015.571411,29.7824025,-0.371211737,14.8,46.19027469999999,-0.1442304099999987
142.1,957.5473942,29.614297,-0.159407259,1018.543406,29.75405978,-0.195642633,14.8,46.19601180000002,-0.1397627799999981
142.20000000000002,960.5082694,29.58945191,-0.13753464,1021.513445,29.74327397,-0.021306543,14.8,46.20517560000003,-0.15382205999999954
142.3,963.4626123,29.56995135,-0.052516794,1024.483282,29.75004508,0.145631466,14.8,46.220669699999874,-0.1800937299999994
142.4,966.4126414,29.56210983,0.093892245,1027.454675,29.77437309,0.297773314,14.8,46.24203359999997,-0.2122632600000003
142.5,969.3614169,29.57224187,0.292922305,1030.429379,29.8155182,0.42772092,14.8,46.267962099999934,-0.24327633000000048
142.6,972.311999,29.60666201,0.534049184,1033.409148,29.86978138,0.528076203,14.8,46.29714899999995,-0.2631193699999983
142.70000000000002,975.267448,29.67063235,0.806748675,1036.39574,29.93272377,0.591441082,14.8,46.32829199999999,-0.2620914199999973
142.8,978.2308241,29.76520529,1.100496576,1039.39091,29.99990652,0.61165049,14.8,46.36008590000013,-0.23470122999999887
142.9,981.2051877,29.89038086,1.404768681,1042.395821,30.0668908,0.587471413,14.8,46.39063330000006,-0.17650993999999898
143.0,984.193599,30.04615903,1.71079482,1045.40927,30.12923774,0.520136866,14.8,46.41567100000016,-0.08307871000000233
143.1,987.1991182,30.23253982,2.016820959,1048.429461,30.1825085,0.415811914,14.8,46.430342799999906,0.05003131999999866
143.20000000000002,990.2248056,30.44952322,2.322847098,1051.4546,30.22226423,0.28189464,14.8,46.42979440000006,0.22725898999999927
143.3,993.2737215,30.69710924,2.628873237,1054.482891,30.24480589,0.125783123,14.8,46.40916950000015,0.4523033500000011
143.4,996.3489262,30.97529787,2.934899377,1057.512539,30.24939367,-0.045124555,14.8,46.36361280000001,0.7259041999999987
143.5,999.4534798,31.28408911,3.240925516,1060.541747,30.23602758,-0.223430314,14.8,46.28826720000002,1.0480615300000018
143.6,1002.590443,31.62348297,3.543718627,1063.568721,30.20470761,-0.402969087,14.8,46.17827800000005,1.4187753600000015
143.70000000000002,1005.762875,31.99347945,3.82711357,1066.591665,30.15543376,-0.582507859,14.8,46.028789999999915,1.8380456899999977
143.8,1008.973837,32.39407853,4.059599457,1069.608785,30.08820604,-0.762046631,14.8,45.8349479999999,2.3058724900000023
143.9,1012.226389,32.82334042,4.258116282,1072.618284,30.00302444,-0.941585404,14.8,45.591894999999866,2.82031598
144.0,1015.523592,33.27156601,4.366927715,1075.618367,29.89988896,-1.121124176,14.8,45.29477500000003,3.3716770500000024
144.1,1018.868505,33.71984879,4.378748308,1078.607238,29.7787996,-1.300662949,14.8,44.93873300000003,3.941049190000001
144.20000000000002,1022.264189,34.17835274,4.277412923,1081.583103,29.63975637,-1.479546409,14.8,44.51891399999995,4.5385963700000005
144.3,1025.712152,34.61363607,4.05968853,1084.544166,29.48275926,-1.654497997,14.8,44.03201399999985,5.130876809999997
144.4,1029.207696,35.02132752,3.740920879,1087.488632,29.30780827,-1.821585839,14.8,43.48093600000011,5.713519250000001
144.5,1032.744568,35.38978817,3.300936948,1090.414705,29.11529659,-1.976878064,14.8,42.87013699999984,6.274491580000003
144.6,1036.316519,35.70737913,2.795473065,1093.32059,28.90719016,-2.116442798,14.8,42.20407100000007,6.800188970000001
144.70000000000002,1039.917298,35.96440132,2.23181468,1096.204491,28.6858481,-2.236348169,14.8,41.48719299999989,7.278553219999999
144.8,1043.540654,36.15891491,1.629359958,1099.064613,28.45362953,-2.335726009,14.8,40.72395900000011,7.705285379999999
144.9,1047.180336,36.29091991,1.007507069,1101.899476,28.21289358,-2.408381171,14.8,39.919140000000155,8.07802633
145.0,1050.830092,36.36041632,0.382421152,1104.708856,27.96599937,-2.457138117,14.8,39.07876400000005,8.39441695
145.1,1054.483673,36.36740414,-0.242664765,1107.492845,27.71386099,-2.487921042,14.8,38.20917200000004,8.653543149999997
145.20000000000002,1058.134827,36.31188337,-0.867750682,1110.251536,27.46216146,-2.502976477,14.8,37.3167089999999,8.849721909999996
145.3,1061.777304,36.19385401,-1.4928366,1112.98502,27.21156523,-2.506236294,14.8,36.40771600000012,8.982288780000001
145.4,1065.404853,36.01331605,-2.117922517,1115.693389,26.9608769,-2.499223973,14.8,35.488536000000025,9.052439150000001
145.5,1069.011222,35.7702695,-2.743008434,1118.376736,26.71110769,-2.491411222,14.8,34.56551399999985,9.059161809999999
145.6,1072.590161,35.46471436,-3.368094351,1121.035151,26.46225759,-2.483905452,14.8,33.644989999999964,9.002456770000002
145.70000000000002,1076.135419,35.09665063,-3.989891252,1123.668728,26.2143266,-2.474714339,14.8,32.73330900000015,8.88232403
145.8,1079.640745,34.66607831,-4.591954051,1126.277557,25.96731472,-2.465523225,14.8,31.836811999999963,8.698763590000002
145.9,1083.099889,34.1729974,-5.15454865,1128.861731,25.72122196,-2.456332112,14.8,30.961841999999887,8.451775439999999
146.0,1086.506599,33.6193813,-5.657940947,1131.421342,25.4760483,-2.447141,14.8,30.114743000000043,8.143333000000002
146.1,1089.854625,33.01509707,-6.091316689,1133.956481,25.23179376,-2.43833047,14.8,29.301855999999997,7.783303310000004
146.20000000000002,1093.137715,32.37198517,-6.408182232,1136.467241,24.98845832,-2.431822478,14.8,28.529525999999986,7.383526850000003
146.3,1096.34962,31.70188607,-6.618852036,1138.953713,24.746042,-2.424163217,14.8,27.804093000000147,6.955844070000001
146.4,1099.485666,31.0112883,-6.711117237,1141.41599,24.50431644,-2.425786647,14.8,27.130323999999927,6.50697186
146.5,1102.547496,30.32808806,-6.688266851,1143.854163,24.26212847,-2.437713077,14.8,26.50666700000006,6.0659595899999985
146.6,1105.538333,29.64807008,-6.566745962,1146.268324,24.02156813,-2.463337373,14.8,25.929990999999927,5.6265019500000015
146.70000000000002,1108.461398,28.98842673,-6.357368822,1148.658565,23.77632177,-2.505703418,14.8,25.397167000000035,5.212104960000001
146.8,1111.319911,28.35902506,-6.106629076,1151.024978,23.52583048,-2.566313726,14.8,24.90506699999987,4.833194580000001
146.9,1114.117095,27.76183849,-5.807501281,1153.367381,23.26803958,-2.652076168,14.8,24.45028599999996,4.493798909999999
147.0,1116.856171,27.196867,-5.488639386,1155.684496,23.00089439,-2.755321705,14.8,24.028325000000176,4.195972610000002
147.1,1119.540361,26.66411061,-5.166488474,1157.974771,22.72234024,-2.875689575,14.8,23.634409999999843,3.9417703700000004
147.20000000000002,1122.172886,26.16356931,-4.844337562,1160.236654,22.43032243,-3.00975531,14.8,23.26376799999998,3.7332468799999994
147.3,1124.756967,25.6952431,-4.522186649,1162.468594,22.12312875,-3.154094446,14.8,22.911626999999907,3.5721143499999997
147.4,1127.295827,25.25913198,-4.200035737,1164.669039,21.80041673,-3.305282514,14.8,22.573212000000193,3.458715250000001
147.5,1129.792686,24.85523595,-3.877884825,1166.836437,21.46218639,-3.459895048,14.8,22.24375099999993,3.3930495600000015
147.6,1132.250767,24.48355502,-3.555733913,1168.969236,21.10843772,-3.615078327,14.8,21.918468999999913,3.3751172999999994
147.70000000000002,1134.67329,24.14408917,-3.23569148,1171.065884,20.73917073,-3.770261606,14.8,21.592594000000144,3.4049184399999994
147.8,1137.063477,23.83683842,-2.928299921,1173.124829,20.3543854,-3.925444885,14.8,21.26135200000017,3.4824530199999977
147.9,1139.42455,23.56180275,-2.646210111,1175.14452,19.95408175,-4.080628164,14.8,20.919970000000102,3.607720999999998
148.0,1141.75973,23.31771709,-2.402072924,1177.123404,19.53825977,-4.235811443,14.8,20.563673999999946,3.779457319999999
148.1,1144.072239,23.098256,-2.208539235,1179.059931,19.10691946,-4.390994722,14.8,20.187691999999924,3.991336539999999
148.20000000000002,1146.365298,22.89582895,-2.078259917,1180.952548,18.66006082,-4.544928719,14.8,19.78725000000004,4.235768129999997
148.3,1148.642128,22.70284542,-2.021777367,1182.799702,18.19768386,-4.691367017,14.8,19.357574000000067,4.505161559999998
148.4,1150.90494,22.51171487,-2.041200063,1184.599843,17.71978857,-4.822813921,14.8,18.894903000000067,4.7919263
148.5,1153.151894,22.3148468,-2.134419526,1186.351419,17.22712452,-4.931773733,14.8,18.399524999999993,5.087722280000001
148.6,1155.38014,22.10465067,-2.290893362,1188.052878,16.72343956,-5.010750756,14.8,17.87273799999998,5.381211110000002
148.70000000000002,1157.586826,21.87353596,-2.497970694,1189.702667,16.21323111,-5.052249292,14.8,17.315841000000045,5.660304850000003
148.8,1159.769102,21.61517723,-2.74300065,1191.299235,15.70099658,-5.050022926,14.8,16.730132999999977,5.9141806500000005
148.9,1161.924116,21.3283094,-3.013332355,1192.841631,15.19123341,-5.002822377,14.8,16.117515000000093,6.137075989999998
149.0,1164.049018,21.01293246,-3.296314934,1194.331299,14.68843899,-4.911896926,14.8,15.482281000000011,6.324493469999998
149.1,1166.140957,20.66904641,-3.581405992,1195.770287,14.19711076,-4.783492989,14.8,14.829329999999981,6.471935650000001
149.20000000000002,1168.197082,20.29665126,-3.86649705,1197.160641,13.72174613,-4.625106262,14.8,14.163559000000031,6.574905130000001
149.3,1170.214542,19.895747,-4.151588108,1198.504406,13.26609295,-4.444232443,14.8,13.489864000000079,6.629654049999999
149.4,1172.190486,19.46633364,-4.436679166,1199.803629,12.83090079,-4.248367229,14.8,12.813143000000036,6.635432849999999
149.5,1174.122063,19.00841117,-4.721770224,1201.060356,12.41616965,-4.045006318,14.8,12.13829299999993,6.592241519999998
149.6,1176.006423,18.52197959,-5.006861282,1202.276632,12.02189953,-3.840396124,14.8,11.470209000000022,6.50008006
149.70000000000002,1177.840714,18.00703891,-5.29195234,1203.454505,11.64809043,-3.63578593,14.8,10.813790999999991,6.358948479999999
149.8,1179.622085,17.46358913,-5.575020619,1204.59602,11.29474234,-3.431175736,14.8,10.173934999999982,6.168846789999998
149.9,1181.347686,16.89163023,-5.845952222,1205.703223,10.96185528,-3.226565542,14.8,9.555536999999912,5.9297749500000005
150.0,1183.014666,16.29116223,-6.092610473,1206.77816,10.64942923,-3.021955348,14.8,8.963494000000036,5.641733
150.1,1184.620173,15.6633988,-6.302858698,1207.822878,10.35746421,-2.817345154,14.8,8.402704999999923,5.30593459
150.20000000000002,1186.161357,15.01440826,-6.464560219,1208.839423,10.0859602,-2.61273496,14.8,7.878065999999944,4.928448059999999
150.3,1187.635367,14.35147263,-6.565578362,1209.82984,9.834917217,-2.408533067,14.8,7.394473000000016,4.516555413000001
150.4,1189.039353,13.68187391,-6.59579923,1210.796176,9.60433525,-2.206780977,14.8,6.956823000000167,4.07753866
150.5,1190.371433,13.0128941,-6.553200043,1211.740476,9.394214302,-2.009928494,14.8,6.569042999999919,3.6186797980000005
150.6,1191.633612,12.35181522,-6.439803582,1212.664788,9.204309394,-1.820425421,14.8,6.231175999999959,3.1475058260000015
150.70000000000002,1192.828864,11.70591926,-6.265723741,1213.571157,9.033395623,-1.640721562,14.8,5.942293000000017,2.6725236369999994
150.8,1193.960165,11.08248823,-6.043097198,1214.461629,8.880003107,-1.473266721,14.8,5.701463999999941,2.202485122999999
150.9,1195.030488,10.48759048,-5.784060627,1215.33825,8.742661964,-1.3201024,14.8,5.507761999999911,1.7449285159999999
151.0,1196.042809,9.922439662,-5.500750705,1216.20287,8.619902312,-1.1816369,14.8,5.360061000000041,1.3025373499999997
151.1,1197.000103,9.387035782,-5.205304108,1217.056556,8.51025427,-1.05746192,14.8,5.256452999999919,0.8767815119999991
151.20000000000002,1197.905343,8.88137884,-4.907834731,1217.900178,8.412247954,-0.945535957,14.8,5.194835000000193,0.4691308860000003
151.3,1198.761505,8.405468836,-4.610365354,1218.734606,8.324413483,-0.843409208,14.8,5.173101000000042,0.081055353
151.4,1199.571563,7.959305769,-4.312895977,1219.56071,8.245525955,-0.74863187,14.8,5.189147000000002,-0.28622018599999954
151.5,1200.338493,7.542889641,-4.0154266,1220.37936,8.17534039,-0.658754139,14.8,5.240866999999934,-0.6324507490000002
151.6,1201.065268,7.156220449,-3.717957223,1221.191427,8.113856787,-0.571326211,14.8,5.326158999999915,-0.9576363379999995
151.70000000000002,1201.754863,6.799298196,-3.420487846,1221.99778,8.061075148,-0.484306583,14.8,5.442917000000033,-1.2617769520000008
151.8,1202.410254,6.47212288,-3.123367012,1222.799291,8.016995471,-0.397286956,14.8,5.589037000000143,-1.5448725909999999
151.9,1203.034414,6.174694502,-2.828337433,1223.596829,7.981617756,-0.310267329,14.8,5.7624150000001,-1.806923254
152.0,1203.630319,5.907013062,-2.537490365,1224.391264,7.954942005,-0.223247701,14.8,5.960944999999992,-2.0479289430000005
152.1,1204.200944,5.668869434,-2.252917063,1225.183466,7.936968216,-0.136228074,14.8,6.1825220000000165,-2.268098782
152.20000000000002,1204.749262,5.45921799,-1.976708783,1225.974306,7.92769639,-0.049208446,14.8,6.425044000000025,-2.4684784000000004
152.3,1205.278248,5.276803977,-1.71095678,1226.764654,7.927126527,0.038085191,14.8,6.686405999999987,-2.6503225500000003
152.4,1205.790878,5.120372643,-1.457403766,1227.555381,7.935258626,0.127022891,14.8,6.964502999999876,-2.814885983000001
152.5,1206.289959,4.988669233,-1.216398286,1228.347355,7.952092688,0.219248716,14.8,7.257396000000153,-2.963423454999999
152.6,1206.777628,4.880438994,-0.987591795,1229.141448,7.97779312,0.316406728,14.8,7.563820000000032,-3.097354126
152.70000000000002,1207.255858,4.794427174,-0.769241582,1229.93853,8.013181951,0.42014099,14.8,7.882671999999911,-3.218754777
152.8,1207.726618,4.729379018,-0.55925639,1230.73947,8.05924562,0.532095563,14.8,8.212852000000066,-3.329866602
152.9,1208.191879,4.6842489,-0.355544965,1231.54514,8.116970564,0.6536405,14.8,8.553260999999974,-3.4327216640000007
153.0,1208.653613,4.658827693,-0.15601605,1232.356541,8.18734322,0.785049812,14.8,8.902928000000156,-3.5285155270000006
153.1,1209.11379,4.653115399,0.041421609,1233.1752,8.271350026,0.926049487,14.8,9.261409999999795,-3.6182346270000005
153.20000000000002,1209.574382,4.667112015,0.238510726,1234.002777,8.36997742,1.075269475,14.8,9.628394999999909,-3.702865405
153.3,1210.037358,4.700817544,0.435599843,1234.840931,8.484211838,1.231065711,14.8,10.003572999999914,-3.783394294
153.4,1210.504691,4.754231984,0.63268896,1235.691323,8.614875312,1.391794135,14.8,10.386631999999917,-3.860643328000001
153.5,1210.97835,4.827355336,0.829778076,1236.55561,8.762132249,1.555810684,14.8,10.777259999999796,-3.9347769130000003
153.60000000000002,1211.460307,4.920187599,1.026867193,1237.435452,8.925982647,1.721471295,14.8,11.175144999999883,-4.0057950479999995
153.70000000000002,1211.952533,5.032728774,1.22395631,1238.33251,9.106426507,1.887405916,14.8,11.579977000000053,-4.073697733
153.8,1212.456998,5.164978861,1.421045426,1239.248441,9.30346383,2.053340538,14.8,11.991442999999844,-4.138484969
153.9,1212.975674,5.316937859,1.617883993,1240.184906,9.517094615,2.219275159,14.8,12.409231999999928,-4.200156755999999
154.0,1213.510532,5.48860577,1.813219263,1241.143563,9.747318862,2.38520978,14.8,12.833031000000073,-4.258713092
154.10000000000002,1214.063541,5.679982591,2.005547939,1242.126073,9.994136571,2.551144402,14.8,13.262531999999918,-4.31415398
154.20000000000002,1214.636674,5.890917995,2.193366723,1243.134094,10.25754774,2.717079023,14.8,13.69741999999992,-4.366629745
154.3,1215.2319,6.120660332,2.375172319,1244.169286,10.53755238,2.882274624,14.8,14.13738600000006,-4.416892047999999
154.4,1215.851192,6.368307624,2.549461428,1245.233307,10.83415047,3.043036098,14.8,14.582114999999884,-4.465842846000001
154.5,1216.496519,6.632957893,2.714981304,1246.327819,11.14734203,3.194929321,14.8,15.031300000000055,-4.514384137
154.60000000000002,1217.169733,6.913709161,2.871481397,1247.454479,11.47668364,3.333520167,14.8,15.48474600000004,-4.562974478999999
154.70000000000002,1217.872203,7.209659448,3.019212257,1248.614948,11.81995823,3.454374509,14.8,15.942745000000013,-4.610298781999999
154.8,1218.605178,7.519906778,3.15942663,1249.810884,12.17450534,3.556938466,14.8,16.405705999999963,-4.654598561999999
154.9,1219.369907,7.843549171,3.293627815,1251.043946,12.53766448,3.625876201,14.8,16.874038999999993,-4.694115309
155.0,1220.167641,8.179834979,3.423319109,1252.315441,12.90677518,3.672089425,14.8,17.34779999999996,-4.726940201
155.10000000000002,1220.999628,8.528613872,3.550003808,1253.625252,13.28150511,3.692436915,14.8,17.825624000000015,-4.752891238
155.20000000000002,1221.867117,8.88988585,3.67518521,1254.972912,13.65220936,3.690613775,14.8,18.305794999999943,-4.76232351
155.3,1222.771358,9.263650914,3.800116062,1256.35795,14.02321188,3.671054133,14.8,18.78659200000011,-4.7595609660000004
155.4,1223.713601,9.649909063,3.925046915,1257.779899,14.38996748,3.634311869,14.8,19.26629799999996,-4.740058416999998
155.5,1224.695094,10.0486603,4.049977767,1259.238289,14.75203274,3.596461841,14.8,19.743194999999968,-4.703372440000001
155.60000000000002,1225.717086,10.45990462,4.17490862,1260.732651,15.10940766,3.550297444,14.8,20.215564999999923,-4.649503040000001
155.70000000000002,1226.780828,10.88364202,4.299839472,1262.262516,15.46209223,3.503394025,14.8,20.681688000000076,-4.57845021
155.8,1227.887568,11.31987251,4.424770324,1263.827415,15.81008646,3.456490607,14.8,21.13984699999987,-4.490213950000001
155.9,1229.038556,11.76859609,4.548818312,1265.426878,16.15339035,3.409587188,14.8,21.588322000000016,-4.384794259999998
156.0,1230.235041,12.22981275,4.667569115,1267.060438,16.4920039,3.36268377,14.8,22.025397000000066,-4.26219115
156.10000000000002,1231.478272,12.70352249,4.775725547,1268.727624,16.8259271,3.315780351,14.8,22.449352000000044,-4.122404610000002
156.20000000000002,1232.769499,13.1891956,4.867990421,1270.427968,17.15515997,3.268876933,14.8,22.858468999999968,-3.96596437
156.3,1234.109971,13.68418349,4.939066554,1272.161001,17.47970249,3.221973514,14.8,23.251029999999854,-3.7955190000000005
156.4,1235.500937,14.18530784,4.983656759,1273.926254,17.79955467,3.174961561,14.8,23.62531699999995,-3.614246829999999
156.5,1236.943646,14.68939034,4.997346715,1275.723258,18.11471651,3.127298399,14.8,23.979612000000042,-3.4253261700000017
156.60000000000002,1238.438925,15.19325268,4.979253558,1277.551543,18.42518801,3.078332821,14.8,24.31261800000011,-3.231935329999999
156.70000000000002,1239.985903,15.69371655,4.930260152,1279.41064,18.73090404,3.027413617,14.8,24.62473700000005,-3.037187489999999
156.8,1241.583287,16.18760363,4.854780818,1281.300082,19.03153901,2.97388958,14.8,24.916795000000047,-2.843935379999998
156.9,1243.229784,16.67173562,4.758112742,1283.219397,19.32670218,2.917109502,14.8,25.189612999999962,-2.654966560000002
157.0,1244.924101,17.14346393,4.645553109,1285.168119,19.61600284,2.856530707,14.8,25.44401799999987,-2.472538910000001
157.10000000000002,1246.664944,17.60225883,4.522399106,1287.145725,19.89905026,2.792044663,14.8,25.68078099999998,-2.296791429999999
157.20000000000002,1248.451019,18.04812032,4.393947916,1289.151485,20.17545371,2.723759903,14.8,25.900466000000005,-2.1273333900000004
157.3,1250.281035,18.48104841,4.264613863,1291.184619,20.44482247,2.652219101,14.8,26.103584000000136,-1.9637740599999987
157.4,1252.153696,18.9010431,4.135279809,1293.244345,20.70676581,2.578073465,14.8,26.290648999999984,-1.8057227100000013
157.5,1254.06771,19.30810437,4.005945756,1295.32988,20.96095813,2.501974205,14.8,26.46216999999997,-1.6528537600000028
157.60000000000002,1256.021783,19.70223225,3.876611702,1297.440445,21.2073343,2.424572527,14.8,26.61866200000004,-1.5051020499999979
157.70000000000002,1258.014623,20.08342671,3.747277649,1299.575255,21.44589434,2.346519642,14.8,26.76063199999994,-1.3624676299999976
157.8,1260.044936,20.45168778,3.617943595,1301.733531,21.67663823,2.268358221,14.8,26.888595000000077,-1.224950449999998
157.9,1262.111427,20.80701543,3.488609541,1303.914491,21.89956598,2.190196801,14.8,27.00306399999995,-1.0925505499999986
158.0,1264.212805,21.14940969,3.35920802,1306.117353,22.11467759,2.11203538,14.8,27.104548000000204,-0.9652679000000006
158.10000000000002,1266.347776,21.47887053,3.229401688,1308.341335,22.32197306,2.03387396,14.8,27.193559000000004,-0.843102530000003
158.20000000000002,1268.515046,21.79539797,3.098785737,1310.585655,22.52145238,1.955712539,14.8,27.270609000000103,-0.7260544099999997
158.3,1270.713322,22.09895153,2.966955356,1312.849533,22.71311557,1.877551119,14.8,27.336211000000002,-0.6141640399999986
158.4,1272.941311,22.38932879,2.833505736,1315.132187,22.89696261,1.799239551,14.8,27.39087599999989,-0.5076338199999988
158.5,1275.19772,22.66628688,2.698032067,1317.432834,23.07299351,1.720027097,14.8,27.435114000000066,-0.4067066299999986
158.60000000000002,1277.481254,22.9295829,2.560197008,1319.750693,23.24120826,1.639012872,14.8,27.46943899999992,-0.31162536000000074
158.70000000000002,1279.790589,23.17897397,2.419933089,1322.084984,23.40151679,1.55529599,14.8,27.49439500000012,-0.22254281999999748
158.8,1282.124268,23.41421721,2.277307781,1324.434923,23.55346864,1.467975565,14.8,27.510654999999996,-0.13925142999999807
158.9,1284.480805,23.63506973,2.132658423,1326.79973,23.69652329,1.376150711,14.8,27.518925000000035,-0.0614535599999968
159.0,1286.858712,23.84128864,1.986389826,1329.178622,23.8301402,1.279070691,14.8,27.519909999999935,0.011148439999999482
159.10000000000002,1289.256501,24.03267154,1.838906799,1331.570747,23.95377884,1.176585356,14.8,27.51424599999991,0.07889270000000081
159.20000000000002,1291.672685,24.20917795,1.690614153,1333.974962,24.06689869,1.068844855,14.8,27.502277000000003,0.14227926000000224
159.3,1294.105775,24.37080787,1.541916697,1336.390053,24.1689592,0.956599926,14.8,27.484278000000085,0.2018486700000004
159.4,1296.554285,24.51756129,1.393151773,1338.814806,24.25941986,0.840751453,14.8,27.460521000000153,0.25814142999999845
159.5,1299.016726,24.64943822,1.244386849,1341.248007,24.3378302,0.722200324,14.8,27.431280999999853,0.3116080200000013
159.60000000000002,1301.491611,24.76643866,1.095621925,1343.688442,24.40410016,0.601847423,14.8,27.396830999999974,0.3623384999999999
159.70000000000002,1303.977452,24.86856261,0.946857001,1346.134897,24.45822972,0.480593636,14.8,27.357444999999824,0.41033289000000295
159.8,1306.472761,24.95581006,0.798092077,1348.586158,24.50021888,0.359189702,14.8,27.313397000000077,0.45559118000000254
159.9,1308.976052,25.02818102,0.649327152,1351.041011,24.53006766,0.237785768,14.8,27.264959000000044,0.4981133600000014
160.0,1311.485836,25.08567549,0.50122142,1353.498242,24.54777604,0.116381833,14.8,27.212405999999827,0.5378994500000012
160.10000000000002,1314.000625,25.12829347,0.357070836,1355.956636,24.55334402,-0.005022101,14.8,27.15601099999999,0.5749494499999983
160.20000000000002,1316.518933,25.15603495,0.220830549,1358.414981,24.54677162,-0.126426035,14.8,27.096047999999836,0.6092633299999974
160.3,1319.039271,25.16929546,0.096455708,1360.872061,24.52805882,-0.247829969,14.8,27.03278999999993,0.6412366400000025
160.4,1321.560151,25.17005256,-0.012098539,1363.326663,24.49720562,-0.368668294,14.8,26.966512000000147,0.6728469399999994
160.5,1324.080087,25.16067935,-0.10447064,1365.777572,24.45421204,-0.486112959,14.8,26.897484999999914,0.7064673099999972
160.60000000000002,1326.597589,25.14354892,-0.166583845,1368.223575,24.39907806,-0.596770307,14.8,26.82598600000001,0.7444708599999998
160.70000000000002,1329.111488,25.12103435,-0.208559757,1370.663458,24.33214305,-0.697246677,14.8,26.751969999999982,0.7888912999999995
160.8,1331.621878,25.09335257,-0.227463968,1373.096006,24.25510384,-0.786165154,14.8,26.674128000000064,0.8382487300000001
160.9,1334.129169,25.06934515,-0.226592436,1375.520006,24.16999663,-0.854081852,14.8,26.59083699999992,0.8993485200000002
161.0,1336.633772,25.04491671,-0.209900309,1377.934243,24.07885762,-0.904218947,14.8,26.500471000000015,0.9660590899999981
161.10000000000002,1339.136098,25.02420097,-0.177749139,1380.337775,23.98251294,-0.933994089,14.8,26.401677000000017,1.0416880299999995
161.20000000000002,1341.636558,25.00759346,-0.144874868,1382.730746,23.88662894,-0.943972886,14.8,26.29418800000003,1.1209645199999976
161.3,1344.135563,24.99509416,-0.104451849,1385.113569,23.78961168,-0.936983389,14.8,26.17800600000005,1.2054824800000006
161.4,1346.633523,24.98670309,-0.06336964,1387.486661,23.69470739,-0.914402514,14.8,26.053137999999944,1.2919956999999975
161.5,1349.130849,24.98242023,-0.02228743,1389.850436,23.6036129,-0.885674146,14.8,25.919587000000046,1.3788073299999972
161.60000000000002,1351.627953,24.9822456,0.018794779,1392.205309,23.51666758,-0.848141718,14.8,25.777356000000008,1.4655780199999988
161.70000000000002,1354.125244,24.98617919,0.059876989,1394.551695,23.43387144,-0.80721563,14.8,25.626451000000042,1.5523077500000007
161.8,1356.623134,24.994221,0.100959199,1396.890009,23.35522446,-0.765723933,14.8,25.466875000000027,1.6389965400000008
161.9,1359.122034,25.00637103,0.142041408,1399.220666,23.28072665,-0.724232236,14.8,25.29863199999995,1.725644380000002
162.0,1361.622355,25.02262928,0.183123618,1401.54408,23.21037801,-0.682740539,14.8,25.121724999999923,1.8122512700000009
162.10000000000002,1364.124506,25.04299575,0.223663245,1403.860667,23.14417854,-0.641248842,14.8,24.93616099999981,1.8988172100000007
162.20000000000002,1366.6289,25.06747044,0.260947373,1406.170841,23.08212824,-0.599757145,14.8,24.74194100000018,1.9853422000000016
162.3,1369.135946,25.09605336,0.28925266,1408.475018,23.02422711,-0.558265448,14.8,24.539071999999987,2.0718262499999973
162.4,1371.646056,25.12841894,0.312727139,1410.773612,22.97047515,-0.517475399,14.8,24.327555999999912,2.157943790000001
162.5,1374.159641,25.16293945,0.32071178,1413.067038,22.92087236,-0.484285415,14.8,24.107396999999946,2.242067089999999
162.60000000000002,1376.677111,25.19618087,0.312418929,1415.355712,22.87541874,-0.452734848,14.8,23.87860100000007,2.3207621299999985
162.70000000000002,1379.198877,25.23063203,0.285135669,1417.640047,22.8336933,-0.437204121,14.8,23.641170000000056,2.3969387299999987
162.8,1381.72509,25.25989751,0.238319419,1419.92046,22.79155699,-0.43851294,14.8,23.39537000000014,2.468340519999998
162.9,1384.254858,25.28350472,0.174980604,1422.197364,22.7525862,-0.460871195,14.8,23.142506000000093,2.53091852
163.0,1386.787029,25.29950035,0.090428609,1424.471176,22.70815268,-0.507787123,14.8,22.88414699999994,2.5913476699999975
163.10000000000002,1389.320452,25.3059311,-0.004677537,1426.741972,22.6577646,-0.576572194,14.8,22.6215200000001,2.6481664999999985
163.20000000000002,1391.853974,25.30116924,-0.109550178,1429.008485,22.59889602,-0.676695295,14.8,22.354510999999956,2.7022732199999986
163.3,1394.386445,25.2848892,-0.220933816,1431.269107,22.52902103,-0.794477652,14.8,22.08266199999998,2.7558681699999994
163.4,1396.916711,25.25709099,-0.335572953,1433.522234,22.44561368,-0.929099557,14.8,21.805522999999948,2.8114773099999972
163.5,1399.443622,25.21777461,-0.450754672,1435.766259,22.34656903,-1.076351122,14.8,21.522636999999985,2.871205579999998
163.60000000000002,1401.966025,25.16694006,-0.565936392,1437.999577,22.23146609,-1.232022461,14.8,21.2335520000001,2.9354739700000003
163.70000000000002,1404.482769,25.10458733,-0.681118112,1440.220581,22.10030486,-1.391903688,14.8,20.937812000000076,3.0042824699999997
163.8,1406.992702,25.03071643,-0.796299831,1442.427667,21.95308535,-1.552486562,14.8,20.63496499999992,3.0776310799999997
163.9,1409.494671,24.94532736,-0.911481551,1444.619227,21.78980755,-1.713069436,14.8,20.324555999999983,3.1555198100000013
164.0,1411.987526,24.84842012,-1.026663271,1446.793657,21.61047146,-1.87365231,14.8,20.00613100000005,3.2379486600000007
164.10000000000002,1414.470114,24.73999471,-1.14173392,1448.949351,21.41507709,-2.034235184,14.8,19.67923700000001,3.324917620000001
164.20000000000002,1416.941284,24.62005113,-1.25613815,1451.084702,21.20362443,-2.194818058,14.8,19.34341800000011,3.416426699999999
164.3,1419.399884,24.48858937,-1.36920954,1453.198105,20.97611348,-2.355400932,14.8,18.99822100000001,3.512475890000001
164.4,1421.844761,24.34567608,-1.48028167,1455.287954,20.73254424,-2.515983806,14.8,18.643192999999837,3.613131840000001
164.5,1424.274765,24.19164447,-1.58868812,1457.352643,20.47291672,-2.674952422,14.8,18.277878000000054,3.7187277499999993
164.60000000000002,1426.688743,24.0268944,-1.69376247,1459.390566,20.1972309,-2.824235492,14.8,17.901823000000103,3.8296634999999988
164.70000000000002,1429.085543,23.85182571,-1.79494937,1461.400118,19.90548681,-2.949289232,14.8,17.514575000000104,3.9463389000000006
164.8,1431.464067,23.66683825,-1.892137751,1463.379693,19.59865297,-3.055002812,14.8,17.1156260000002,4.068185280000002
164.9,1433.82343,23.47233189,-1.985438681,1465.327684,19.28157218,-3.11711597,14.8,16.704254000000173,4.190759709999998
165.0,1436.1628,23.26870646,-2.075407512,1467.242487,18.9629707,-3.130801398,14.8,16.27968699999992,4.305735760000001
165.10000000000002,1438.481344,23.05636182,-2.162710663,1469.122494,18.63991503,-3.087987809,14.8,15.841149999999924,4.416446789999998
165.20000000000002,1440.778232,22.83563119,-2.248014554,1470.966876,18.32696132,-2.987060944,14.8,15.388644000000067,4.508669870000002
165.3,1443.05263,22.6065812,-2.331985604,1472.777901,18.02700597,-2.834493302,14.8,14.92527100000002,4.57957523
165.4,1445.303708,22.36921186,-2.415290235,1474.558611,17.74586029,-2.623781451,14.8,14.454903000000012,4.6233515700000005
165.5,1447.530632,22.12352315,-2.498483796,1476.31205,17.48933562,-2.379185656,14.8,13.98141800000003,4.634187530000002
165.60000000000002,1449.732572,21.8695151,-2.581677357,1478.041262,17.26227472,-2.105533223,14.8,13.508690000000069,4.60724038
165.70000000000002,1451.908695,21.60718768,-2.664870918,1479.749289,17.06564616,-1.812509699,14.8,13.04059400000001,4.541541519999999
165.8,1454.058169,21.33654091,-2.748064479,1481.439175,16.89944993,-1.509800628,14.8,12.58100600000007,4.437090980000001
165.9,1456.180163,21.05757479,-2.83125804,1483.113963,16.76368603,-1.205477301,14.8,12.133800000000019,4.2938887600000015
166.0,1458.273844,20.77028931,-2.914451601,1484.776696,16.65835447,-0.901153973,14.8,11.702851999999847,4.11193484
166.10000000000002,1460.33838,20.47468447,-2.997645162,1486.430418,16.58345524,-0.596830645,14.8,11.292038000000002,3.8912292300000004
166.20000000000002,1462.37294,20.17076027,-3.079765202,1488.078171,16.53898834,-0.292507317,14.8,10.90523100000014,3.6317719299999993
166.3,1464.376692,19.85851672,-3.155444116,1489.722999,16.52495377,0.011816011,14.8,10.546307000000024,3.333562950000001
166.4,1466.348803,19.53795382,-3.21305996,1491.367946,16.54135154,0.316139339,14.8,10.219142999999985,2.9966022799999976
166.5,1468.288443,19.20971567,-3.261714062,1493.016053,16.58818164,0.618900547,14.8,9.92761000000014,2.621534030000003
166.60000000000002,1470.194777,18.87702284,-3.279422841,1494.670366,16.66544408,0.912289037,14.8,9.675589000000127,2.2115787599999983
166.70000000000002,1472.066976,18.54684849,-3.264925991,1496.333926,16.77313884,1.186932089,14.8,9.466949999999951,1.7737096499999971
166.8,1473.904207,18.21373184,-3.212855905,1498.009777,16.91032867,1.433456987,14.8,9.305569999999943,1.3034031700000028
166.9,1475.706153,17.89086302,-3.122139063,1499.700963,17.0723272,1.64961978,14.8,9.194809999999915,0.818535820000001
167.0,1477.474559,17.57899822,-2.999029804,1501.410526,17.2535108,1.804661443,14.8,9.13596699999989,0.3254874199999982
167.10000000000002,1479.211684,17.28200212,-2.833353279,1503.14151,17.44825583,1.912157684,14.8,9.12982599999982,-0.16625370999999944
167.20000000000002,1480.919789,17.0037394,-2.647093068,1504.896208,17.65521594,1.963417614,14.8,9.17641899999985,-0.6514765400000009
167.3,1482.601133,16.74743061,-2.441509478,1506.673915,17.85593571,1.960003354,14.8,9.272782000000188,-1.1085051000000021
167.4,1484.257976,16.51371987,-2.223043637,1508.473174,18.05762328,1.909725502,14.8,9.415197999999872,-1.5439034100000022
167.5,1485.892578,16.30260718,-1.998136669,1510.292531,18.25037777,1.814828006,14.8,9.599953000000095,-1.947770590000001
167.60000000000002,1487.507198,16.11409253,-1.772156181,1512.130528,18.42951281,1.706069895,14.8,9.823329999999896,-2.315420279999998
167.70000000000002,1489.104097,15.94817594,-1.546175692,1513.985712,18.59409114,1.571437577,14.8,10.08161500000001,-2.6459151999999992
167.8,1490.685535,15.8048574,-1.320195204,1515.856625,18.74411275,1.42743254,14.8,10.371089999999821,-2.93925535
167.9,1492.25377,15.6841369,-1.094214715,1517.741812,18.87957764,1.281865384,14.8,10.68804199999995,-3.1954407400000004
168.0,1493.811063,15.58601445,-0.868234227,1519.639819,19.00048582,1.136298228,14.8,11.028755999999884,-3.414471370000001
168.10000000000002,1495.359674,15.51049005,-0.642253738,1521.549188,19.10683729,0.990731071,14.8,11.389513999999917,-3.596347240000002
168.20000000000002,1496.901862,15.45756371,-0.417208003,1523.468464,19.19863204,0.845163915,14.8,11.766602000000102,-3.741068329999999
168.3,1498.439887,15.4272354,-0.19777079,1525.396193,19.27587007,0.699596759,14.8,12.15630600000004,-3.848634669999999
168.4,1499.97601,15.41950515,0.01044938,1527.330917,19.33855139,0.554029603,14.8,12.554906999999911,-3.9190462399999983
168.5,1501.512489,15.4338121,0.201843985,1529.271181,19.38667599,0.408908878,14.8,12.95869200000011,-3.9528638899999997
168.60000000000002,1503.051586,15.46735198,0.370804504,1531.21553,19.42024388,0.266466746,14.8,13.3639439999999,-3.952891900000001
168.70000000000002,1504.595558,15.51675968,0.518653902,1533.162508,19.43925505,0.129381797,14.8,13.766949999999905,-3.92249537
168.8,1506.146667,15.5786701,0.619923949,1535.11066,19.44397737,0.000332624,14.8,14.163993000000072,-3.865307269999999
168.9,1507.706723,15.64971811,0.694474353,1537.058529,19.43575012,-0.118002181,14.8,14.551805999999896,-3.7860320100000013
169.0,1509.275744,15.73069749,0.736308382,1539.00466,19.41618047,-0.222944027,14.8,14.928916000000026,-3.6854829799999997
169.10000000000002,1510.853295,15.80576647,0.750099802,1540.947597,19.38687557,-0.312260754,14.8,15.294302000000197,-3.581109100000001
169.20000000000002,1512.438946,15.88403659,0.741457136,1542.886099,19.34944257,-0.385505929,14.8,15.64715300000007,-3.4654059800000017
169.3,1514.032264,15.95854471,0.709057417,1544.819781,19.30548863,-0.443125985,14.8,15.987516999999979,-3.3469439199999993
169.4,1515.632816,16.02872998,0.67930363,1546.748475,19.25662091,-0.487353082,14.8,16.31565900000005,-3.2278909299999974
169.5,1517.240171,16.09459239,0.637009834,1548.672009,19.20444656,-0.520865811,14.8,16.63183799999997,-3.109854170000002
169.60000000000002,1518.853896,16.15613194,0.593781285,1550.590214,19.15030488,-0.546342764,14.8,16.936317999999982,-2.9941729399999986
169.70000000000002,1520.473559,16.21334865,0.550552735,1552.50292,19.09446372,-0.566462534,14.8,17.22936099999988,-2.88111507
169.8,1522.098728,16.26624249,0.507324186,1554.409956,19.03692308,-0.583903712,14.8,17.511228000000028,-2.7706805900000013
169.9,1523.728969,16.31481348,0.464095636,1556.311154,18.97768298,-0.600898458,14.8,17.78218499999998,-2.6628694999999993
170.0,1525.363852,16.35906162,0.420867087,1558.206343,18.91674339,-0.617893203,14.8,18.04249100000011,-2.557681770000002
170.10000000000002,1527.002943,16.3989869,0.377638537,1560.095352,18.85410434,-0.634887949,14.8,18.292409000000088,-2.4551174399999987
170.20000000000002,1528.64581,16.43458933,0.334409988,1561.978013,18.7897658,-0.651882695,14.8,18.532202999999935,-2.35517647
170.3,1530.292022,16.4658689,0.291279888,1563.854155,18.7237278,-0.668877441,14.8,18.762132999999903,-2.2578588999999987
170.4,1531.941146,16.49282561,0.248740486,1565.723609,18.65599032,-0.685872187,14.8,18.982463000000006,-2.16316471
170.5,1533.592749,16.51545948,0.20738248,1567.586203,18.58655336,-0.702836605,14.8,19.193454000000155,-2.0710938799999994
170.60000000000002,1535.246399,16.53382955,0.167796569,1569.441769,18.51541693,-0.719619059,14.8,19.39536999999991,-1.9815873800000006
170.70000000000002,1536.901664,16.54823119,0.130573451,1571.290136,18.44258102,-0.736037584,14.8,19.588472000000092,-1.8943498299999995
170.8,1538.558112,16.55901881,0.096303823,1573.131135,18.36806384,-0.751910217,14.8,19.773023000000148,-1.80904503
170.9,1540.21531,16.56654684,0.065479934,1574.964595,18.29195636,-0.767054991,14.8,19.949284999999872,-1.7254095199999995
171.0,1541.872874,16.57116968,0.038200234,1576.790347,18.21436776,-0.781289944,14.8,20.1174730000002,-1.6431980799999977
171.10000000000002,1543.530607,16.57324177,0.014366273,1578.60822,18.13540723,-0.794463439,14.8,20.277613000000155,-1.5621654599999992
171.20000000000002,1545.188361,16.57311751,-0.006514197,1580.41806,18.05518393,-0.806545147,14.8,20.42969899999998,-1.4820664199999989
171.3,1546.845986,16.57115133,-0.025031875,1582.219768,17.97380706,-0.817565396,14.8,20.57378199999989,-1.4026557299999993
171.4,1548.503335,16.56763858,-0.041777459,1584.013263,17.89138578,-0.827675823,14.8,20.709927999999945,-1.3237471999999997
171.5,1550.160258,16.56263832,-0.057341646,1585.798462,17.80802927,-0.837058393,14.8,20.83820399999986,-1.2453909499999973
171.60000000000002,1551.816606,16.55615056,-0.072315135,1587.575282,17.72382853,-0.84589507,14.8,20.958675999999922,-1.1676779699999997
171.70000000000002,1553.472231,16.54817529,-0.087190174,1589.343641,17.63880174,-0.854367818,14.8,21.071409999999968,-1.090626450000002
171.8,1555.126985,16.53871252,-0.102065214,1591.103455,17.5529489,-0.862658602,14.8,21.176469999999835,-1.0142363799999998
171.9,1556.780718,16.52776225,-0.116940253,1592.854644,17.46627002,-0.870919058,14.8,21.273926000000028,-0.9385077700000011
172.0,1558.433281,16.51532447,-0.131815292,1594.597122,17.37876509,-0.879179514,14.8,21.36384099999982,-0.8634406200000022
172.10000000000002,1560.084526,16.50139919,-0.146690332,1596.33081,17.29043411,-0.887439971,14.8,21.44628399999983,-0.7890349199999989
172.20000000000002,1561.734305,16.48598641,-0.161565371,1598.055622,17.20127709,-0.895700427,14.8,21.521317000000135,-0.7152906800000025
172.3,1563.382467,16.46908612,-0.176308667,1599.771478,17.11129403,-0.903960883,14.8,21.58901099999998,-0.6422079099999998
172.4,1565.028866,16.45069833,-0.190261506,1601.478294,17.02048492,-0.912221339,14.8,21.649427999999897,-0.5697865899999996
172.5,1566.673351,16.43082303,-0.202633429,1603.175988,16.92884976,-0.920481796,14.8,21.70263700000005,-0.4980267299999994
172.60000000000002,1568.315774,16.40953927,-0.212633978,1604.864477,16.83638856,-0.928742252,14.8,21.74870300000016,-0.4268492899999998
172.70000000000002,1569.955987,16.38724229,-0.219472697,1606.543679,16.74310131,-0.937002708,14.8,21.78769200000006,-0.35585902000000047
172.8,1571.59384,16.36440635,-0.222359126,1608.21351,16.64898801,-0.945263165,14.8,21.81967000000004,-0.2845816600000006
172.9,1573.229185,16.34150573,-0.220634552,1609.873889,16.55404868,-0.953523621,14.8,21.844704000000046,-0.21254294999999956
173.0,1574.861936,16.31901471,-0.214167231,1611.524733,16.45828329,-0.961784077,14.8,21.862796999999954,-0.13926857999999953
173.10000000000002,1576.492261,16.29740755,-0.203088906,1613.165959,16.36169186,-0.970044534,14.8,21.87369799999983,-0.06428431000000145
173.20000000000002,1578.120391,16.27715854,-0.188058292,1614.797485,16.26427438,-0.97830499,14.8,21.877094000000124,0.012884159999998701
173.3,1579.746555,16.25874195,-0.169865847,1616.419227,16.16603086,-0.986565446,14.8,21.872672000000147,0.09271109000000166
173.4,1581.370986,16.24255301,-0.149302029,1618.031104,16.06696129,-0.994825903,14.8,21.86011800000001,0.17559172000000345
173.5,1582.993913,16.22867076,-0.127157295,1619.633032,15.96706568,-1.003086359,14.8,21.839118999999936,0.2616050800000007
173.60000000000002,1584.615567,16.2170952,-0.104222103,1621.22493,15.86634402,-1.011346815,14.8,21.80936300000003,0.3507511799999996
173.70000000000002,1586.236178,16.20782634,-0.081155168,1622.806714,15.76479632,-1.019607272,14.8,21.770535999999947,0.44303002000000014
173.8,1587.855979,16.20086417,-0.058088233,1624.378302,15.66242257,-1.027867728,14.8,21.72232300000014,0.5384415999999987
173.9,1589.475198,16.19620869,-0.035021298,1625.939612,15.55922277,-1.036128184,14.8,21.664413999999805,0.636985919999999
174.0,1591.094067,16.19385991,-0.011954364,1627.49056,15.45519693,-1.044388641,14.8,21.596492999999963,0.7386629800000009
174.10000000000002,1592.712816,16.19381782,0.011112571,1629.031064,15.35034504,-1.052649097,14.8,21.51824800000004,0.843472779999999
174.20000000000002,1594.331677,16.19608242,0.034179506,1630.561042,15.24466711,-1.060909553,14.8,21.429365000000143,0.9514153099999998
174.3,1595.95088,16.20065372,0.057246441,1632.08041,15.13816313,-1.06756381,14.8,21.32952999999993,1.0624905899999977
174.4,1597.570655,16.20753171,0.080313376,1633.589087,15.03083311,-1.074849073,14.8,21.218432000000075,1.1766986000000017
174.5,1599.191233,16.21671639,0.10338031,1635.08699,14.92267704,-1.080872323,14.8,21.095757000000003,1.2940393499999985
174.60000000000002,1600.812844,16.22820777,0.126447245,1636.574036,14.81465865,-1.000035278,14.8,20.961191999999937,1.4135491200000008
174.70000000000002,1602.435721,16.24200584,0.14951418,1638.050142,14.70553886,-0.913461806,14.8,20.814420999999992,1.5364669800000001
174.8,1604.060092,16.25811061,0.172581115,1639.515226,14.59531767,-0.829756547,14.8,20.655134000000043,1.6627929399999992
174.9,1605.68619,16.27652206,0.19564805,1640.969206,14.53814197,-0.739167575,14.8,20.483016000000088,1.7383800900000015
175.0,1607.314243,16.29724022,0.218714984,1642.411998,14.48275603,-0.668761512,14.8,20.297755000000006,1.81448419
175.10000000000002,1608.944484,16.32026506,0.241781919,1643.84352,14.42709474,-0.560398931,14.8,20.099035999999796,1.8931703200000012
175.20000000000002,1610.577143,16.3455966,0.264848854,1645.263689,14.3711581,-0.559366374,14.8,19.886546000000134,1.9744384999999998
