t,x_follower,v_follower,a_follower,x_leader,v_leader,a_leader,leader_length,spacing,dv
421.3,36.21517538,29.10675049,-0.897025288,118.5178358,19.17529981,-0.268194676,16.8,65.50266042,9.931450680000001
421.40000000000003,39.15345069,29.01704796,-0.901334695,120.4330103,19.15050951,-0.22761133,16.8,64.47955961000001,9.86653845
421.5,42.073096,28.92849461,-1.066087767,122.3459086,19.12977754,-0.187027984,16.8,63.47281260000001,9.798717070000002
421.6,44.97445604,28.84109043,-1.16826198,124.2569366,19.11310391,-0.146444639,16.8,62.48248056000001,9.727986520000002
421.70000000000005,47.85787558,28.74621661,-1.306753265,126.1665002,19.10048861,-0.105861293,16.8,61.508624620000006,9.645728000000002
421.8,50.72369936,28.57370661,-1.416515166,128.0750052,19.09193165,-0.065277948,16.8,60.55130584,9.48177496
421.90000000000003,53.57227215,28.4057933,-1.538247644,129.9828573,19.08743302,-0.024694602,16.8,59.610585150000006,9.31836028
422.0,56.40393868,28.2424767,-1.636038969,131.8904626,19.08699273,0.015888744,16.8,58.68652392,9.155483970000002
422.1,59.21904372,28.07858551,-1.610900759,133.7982267,19.09061077,0.056478009,16.8,57.77918297999999,8.987974739999999
422.20000000000005,62.01793202,27.91814184,-1.580495496,135.7065556,19.09828715,0.097102795,16.8,56.88862358,8.81985469
422.3,64.80094833,27.7611457,-1.552723759,137.615855,19.11002186,0.137798622,16.8,56.014906670000016,8.65112384
422.40000000000003,67.5684374,27.60759709,-1.5182485,139.5265308,19.12581846,0.17860101,16.8,55.1580934,8.481778629999997
422.5,70.32074398,27.457496,-1.48377324,141.4389888,19.1456947,0.219545479,16.8,54.318244820000004,8.311801299999999
422.6,73.05821284,27.31084244,-1.449297981,143.3536349,19.1696719,0.260667549,16.8,53.49542206000001,8.141170539999997
422.70000000000005,75.78118871,27.16763641,-1.414822721,145.2708748,19.19777138,0.301996822,16.8,52.68968609000001,7.969865030000001
422.8,78.49001635,27.0278779,-1.380347462,147.1911174,19.23001444,0.343539216,16.8,51.901101049999994,7.7978634599999985
422.90000000000003,81.18504053,26.89156692,-1.345872202,149.1147825,19.26642239,0.385288813,16.8,51.12974197,7.62514453
423.0,83.86660597,26.75870346,-1.311396943,151.0422931,19.30701655,0.427216011,16.8,50.37568713,7.451686909999999
423.1,86.53505745,26.62928753,-1.276921684,152.9740721,19.35181823,0.46928529,16.8,49.63901465000001,7.2774693
423.20000000000005,89.19073972,26.50331912,-1.242446424,154.9105423,19.40084519,0.511461131,16.8,48.91980258000001,7.102473930000002
423.3,91.83399752,26.38079824,-1.207971165,156.8521267,19.45410098,0.553708012,16.8,48.21812918000002,6.926697260000001
423.40000000000003,94.4651756,26.26172489,-1.173495905,158.7992481,19.51158561,0.595990413,16.8,47.53407250000001,6.750139279999999
423.5,97.08461873,26.14609906,-1.139020646,160.7523294,19.57329907,0.638278735,16.8,46.86771067000001,6.57279999
423.6,99.69267165,26.03392076,-1.104545386,162.7117935,19.63924136,0.680567056,16.8,46.21912185000001,6.394679400000001
423.70000000000005,102.2896791,25.92518998,-1.070070127,164.6780633,19.70941248,0.722855378,16.8,45.58838419999999,6.215777499999998
423.8,104.8759859,25.81990673,-1.035594868,166.6515616,19.78381243,0.765143699,16.8,44.97557570000001,6.0360942999999985
423.90000000000003,107.4519367,25.71807101,-1.001119608,168.6327113,19.86244122,0.807432021,16.8,44.38077460000001,5.855629789999998
424.0,110.0178763,25.61968281,-0.966644349,170.6219354,19.94529884,0.849720342,16.8,43.80405910000002,5.674383970000001
424.1,112.5741495,25.52474214,-0.932169089,172.6196567,20.03238529,0.891672818,16.8,43.245507200000006,5.49235685
424.20000000000005,115.121101,25.43324899,-0.89769383,174.6262981,20.12370057,0.931610219,16.8,42.70519710000002,5.309548419999999
424.3,117.6590755,25.34520337,-0.86321857,176.6422824,20.21924468,0.96751747,16.8,42.1832069,5.125958690000001
424.40000000000003,120.1884179,25.26060528,-0.828743311,178.6680326,20.31881612,0.997379497,16.8,41.6796147,4.941789159999999
424.5,122.7094728,25.17945471,-0.794268051,180.7039715,20.42140735,1.019181224,16.8,41.1944987,4.758047360000003
424.6,125.2225851,25.10175167,-0.759792792,182.750522,20.52580932,1.030907577,16.8,40.72793689999999,4.575942349999998
424.70000000000005,127.7280994,25.02749615,-0.72526688,184.8081071,20.63081298,1.030879328,16.8,40.2800077,4.396683169999999
424.8,130.2263605,24.95668816,-0.690437056,186.8769883,20.7352093,1.018760629,16.8,39.8506278,4.221478859999998
424.90000000000003,132.7177133,24.8893277,-0.654999406,188.9567826,20.83778923,0.994887327,16.8,39.439069299999986,4.051538470000001
425.0,135.2025023,24.82544515,-0.618650017,191.0469455,20.93734372,0.960938652,16.8,39.0444432,3.888101429999999
425.1,137.6810725,24.76519248,-0.581084977,193.1469328,21.03266373,0.918929676,16.8,38.665860300000006,3.73252875
425.20000000000005,140.1537684,24.70875203,-0.542000372,195.2562,21.12274171,0.870875477,16.8,38.30243160000002,3.5860103199999998
425.3,142.620935,24.65630614,-0.501142942,197.3742029,21.20737618,0.818791128,16.8,37.9532679,3.448929960000001
425.40000000000003,145.0829412,24.60803718,-0.458462035,199.500397,21.28656711,0.764691704,16.8,37.6174558,3.32147007
425.5,147.5402534,24.56412748,-0.414008303,201.6342381,21.36031452,0.710256434,16.8,37.293984699999996,3.2038129600000005
425.6,149.9933622,24.52475939,-0.368035006,203.7751817,21.4286184,0.655821164,16.8,36.981819499999986,3.0961409899999985
425.70000000000005,152.4427582,24.49011526,-0.320846058,205.9226835,21.49147875,0.601385894,16.8,36.67992530000002,2.9986365100000008
425.8,154.8889321,24.46034705,-0.272745371,208.0761992,21.54889557,0.546950624,16.8,36.38726709999999,2.91145148
425.90000000000003,157.3323744,24.43548514,-0.224036859,210.2351844,21.60086887,0.492515354,16.8,36.10281000000002,2.8346162700000015
426.0,159.7735759,24.41552954,-0.175024434,212.3990947,21.64739865,0.438080085,16.8,35.82551880000001,2.768130890000002
426.1,162.2130272,24.40048025,-0.125961356,214.5673859,21.68848489,0.383505304,16.8,35.55435870000001,2.7119953599999995
426.20000000000005,164.6512188,24.39033727,-0.076898279,216.7395135,21.72412761,0.328093455,16.8,35.28829469999998,2.66620966
426.3,167.0886415,24.3851006,-0.027835201,218.9149332,21.7543268,0.271007472,16.8,35.026291700000016,2.6307738
426.40000000000003,169.5257858,24.38477023,0.021227876,221.0931006,21.77899876,0.211410288,16.8,34.76731480000002,2.6057714700000005
426.5,171.9631424,24.38934617,0.070290954,223.2734714,21.79772495,0.148464834,16.8,34.510329,2.5916212200000004
426.6,174.4012019,24.39882842,0.119354031,225.4555013,21.81000313,0.081334044,16.8,34.25429940000002,2.5888252900000026
426.70000000000005,176.8404549,24.41321698,0.168417109,227.6386458,21.81533106,0.009320362,16.8,33.99819090000001,2.597885920000003
426.8,179.2813921,24.43251184,0.216909284,229.8222937,21.81320651,-0.067715723,16.8,33.74090159999999,2.6193053299999995
426.90000000000003,181.7245041,24.45671302,0.261976046,232.0055658,21.80312723,-0.149634701,16.8,33.48106170000001,2.6535857899999975
427.0,184.1702816,24.4858205,0.298110178,234.187516,21.78459097,-0.235739016,16.8,33.21723439999998,2.701229529999999
427.1,186.6192151,24.51949174,0.328131674,236.367198,21.75709551,-0.325191599,16.8,32.947982900000014,2.7623962300000002
427.20000000000005,189.0717953,24.55601405,0.342369714,238.5436658,21.72022231,-0.417155384,16.8,32.671870500000026,2.8357917400000012
427.3,191.5285128,24.59208309,0.339480687,240.7159732,21.67388765,-0.510793304,16.8,32.38746040000002,2.918195439999998
427.40000000000003,193.9898583,24.62939085,0.31661008,242.8831741,21.61809155,-0.60526829,16.8,32.093315799999985,3.011299300000001
427.5,196.4560483,24.66213485,0.273186992,245.0443222,21.552834,-0.699882788,16.8,31.788273900000018,3.1093008500000003
427.6,198.9262034,24.68950891,0.211864128,247.1984716,21.47811499,-0.794497286,16.8,31.472268200000013,3.211393919999999
427.70000000000005,201.3991699,24.70945779,0.129250591,249.344676,21.39393454,-0.889111784,16.8,31.145506099999988,3.3155232499999983
427.8,203.8737943,24.71992625,0.035017203,251.4819892,21.30029264,-0.983726282,16.8,30.8081949,3.4196336100000018
427.90000000000003,206.348923,24.71920156,-0.069492426,253.6094652,21.19718928,-1.07834078,16.8,30.460542199999974,3.5220122799999984
428.0,208.8234024,24.7069412,-0.180852882,255.7261578,21.08462448,-1.172955278,16.8,30.102755400000017,3.6223167200000006
428.1,211.296079,24.68314517,-0.295638752,257.8311208,20.96259823,-1.267569776,16.8,29.735041800000015,3.7205469399999984
428.20000000000005,213.7657993,24.64781345,-0.410995524,259.9234082,20.83111052,-1.360781019,16.8,29.357608899999985,3.8167029300000017
428.3,216.2314096,24.60094606,-0.526352296,262.0020737,20.69016137,-1.443296231,16.8,28.970664099999976,3.91078469
428.40000000000003,218.6917563,24.54254299,-0.641709068,264.0661712,20.53975077,-1.511990563,16.8,28.574414899999976,4.00279222
428.5,221.145686,24.47260425,-0.75706584,266.1147546,20.38072067,-1.55621945,16.8,28.169068600000013,4.091883580000001
428.6,223.592045,24.39112983,-0.872422611,268.1468776,20.21864674,-1.565235395,16.8,27.75483259999997,4.17248309
428.70000000000005,226.0296798,24.29811973,-0.987779383,270.1615943,20.05540389,-1.53215369,16.8,27.331914499999993,4.242715839999999
428.8,228.4574368,24.19357395,-1.102100858,272.1579584,19.89737885,-1.449958062,16.8,26.900521599999973,4.296195100000002
428.90000000000003,230.8741624,24.0774925,-1.210210547,274.1356974,19.75102013,-1.319521756,16.8,26.461535000000037,4.326472370000001
429.0,233.2787031,23.94987536,-1.305896665,276.0972328,19.62045856,-1.136953346,16.8,26.01852969999997,4.329416800000001
429.1,235.6699053,23.81134373,-1.382947426,278.0456601,19.51074583,-0.911494142,16.8,25.57575480000001,4.3005979
429.20000000000005,238.0466155,23.6650035,-1.435151046,279.9840743,19.42693369,-0.653891642,16.8,25.137458799999973,4.2380698100000025
429.3,240.40768,23.51458173,-1.456295739,281.9155707,19.37323188,-0.371030552,16.8,24.70789069999999,4.141349850000001
429.40000000000003,242.7519453,23.36380549,-1.441205017,283.8432445,19.35048237,-0.071330403,16.8,24.291299200000037,4.013323119999999
429.5,245.0787548,23.21640187,-1.388843582,285.770191,19.35868515,0.236789276,16.8,23.891436199999998,3.857716719999999
429.6,247.3894396,23.07609792,-1.300246732,287.6995054,19.39784022,0.54631221,16.8,23.510065800000017,3.6782576999999996
429.70000000000005,249.6858278,22.94662072,-1.180590955,289.6342829,19.46794759,0.855835145,16.8,23.148455100000017,3.478673129999997
429.8,251.9697475,22.83169735,-1.036088037,291.5776187,19.56900725,1.165358079,16.8,22.807871200000005,3.2626901000000004
429.90000000000003,254.2430268,22.73443369,-0.872949762,293.5326082,19.70101921,1.474881013,16.8,22.48958140000003,3.033414480000001
430.0,256.5074938,22.65545092,-0.697387916,295.5023464,19.86398346,1.784403947,16.8,22.1948526,2.79146746
430.1,258.7649766,22.59474905,-0.515614285,297.4899287,20.0579,2.093926881,16.8,21.924952099999995,2.5368490500000007
430.20000000000005,261.0173032,22.55232806,-0.332805356,299.4984503,20.28276883,2.40086504,16.8,21.681147099999986,2.2695592300000023
430.3,263.2663017,22.52818797,-0.149996427,301.5310064,20.53858996,2.692294548,16.8,21.464704700000038,1.9895980100000017
430.40000000000003,265.5138003,22.52232878,0.032812502,303.5906921,20.82536338,2.952706755,16.8,21.276891799999998,1.6969653999999998
430.5,267.7616271,22.53475047,0.215621431,305.6806029,21.14153823,3.166593009,16.8,21.118975799999998,1.3932122400000004
430.6,270.01161,22.56545306,0.39843036,307.8038338,21.47936018,3.318444661,16.8,20.992223799999987,1.086092879999999
430.70000000000005,272.2655772,22.61443655,0.581239289,309.9634802,21.82952405,3.392753058,16.8,20.897902999999996,0.7849125000000008
430.8,274.5253569,22.68170092,0.762722342,312.1626371,22.18272464,3.376594326,16.8,20.837280199999963,0.4989762800000008
430.90000000000003,276.792777,22.76724619,0.936250145,314.4031593,22.52965676,3.26738369,16.8,20.810382300000025,0.23758942999999988
431.0,279.0696656,22.87107235,1.093867447,316.6819384,22.86101522,3.067705924,16.8,20.81227279999997,0.010057129999999859
431.1,281.357851,22.99238388,1.227618997,318.9946256,23.16749483,2.790484904,16.8,20.836774600000023,-0.17511095000000054
431.20000000000005,283.6591611,23.12720315,1.329549544,321.3368718,23.4397904,2.451229281,16.8,20.877710699999977,-0.31258725
431.3,285.975424,23.27075702,1.391703838,323.7043283,23.6701476,2.065447706,16.8,20.92890430000001,-0.3993905799999986
431.40000000000003,288.3084679,23.41827232,1.407452503,326.092646,23.85701558,1.64864883,16.8,20.98417810000002,-0.43874325999999897
431.5,290.6594843,23.56497592,1.375469665,328.497476,24.00039433,1.216341302,16.8,21.03799170000003,-0.4354184100000005
431.6,293.0271194,23.70609465,1.297081197,330.9144695,24.10028384,0.781449,16.8,21.08735009999999,-0.39418918999999875
431.70000000000005,295.4093826,23.83685538,1.178916476,333.3392774,24.15668413,0.346556697,16.8,21.1298948,-0.3198287499999992
431.8,297.8042835,23.95248495,1.028930753,335.7675509,24.16959518,-0.088335605,16.8,21.163267400000006,-0.21711023000000296
431.90000000000003,300.2098317,24.04900573,0.855079278,338.1949411,24.139017,-0.523227908,16.8,21.185109399999998,-0.09001126999999798
432.0,302.6240368,24.12562221,0.665317301,340.6170989,24.0649496,-0.95812021,16.8,21.193062099999974,0.060672610000001015
432.1,305.0449083,24.18233437,0.467600074,343.0296756,23.94739296,-1.393012513,16.8,21.184767300000043,0.23494141000000113
432.20000000000005,307.4704558,24.21914222,0.268556971,345.4283221,23.7863471,-1.825876153,16.8,21.157866299999977,0.432795119999998
432.3,309.8986889,24.23604576,0.069513869,347.8086896,23.581812,-2.246567822,16.8,21.110000699999954,0.6542337600000003
432.40000000000003,312.3276171,24.23304499,-0.129529234,350.1664291,23.33378767,-2.642915547,16.8,21.038812000000018,0.8992573200000002
432.5,314.7552501,24.21013992,-0.328572336,352.4971918,23.04349131,-3.002747357,16.8,20.941941699999983,1.1666486099999993
432.6,317.1795973,24.16733053,-0.527615439,354.7966286,22.7170089,-3.321351716,16.8,20.817031300000007,1.4503216300000012
432.70000000000005,319.5986683,24.10461683,-0.726658541,357.0603907,22.36164363,-3.564175342,16.8,20.66172240000004,1.7429732000000016
432.8,322.0104728,24.02199882,-0.925112339,359.2841291,21.98469868,-3.743456236,16.8,20.47365629999997,2.0373001399999993
432.90000000000003,324.4130202,23.9194765,-1.12003031,361.4644686,21.58900097,-3.849705299,16.8,20.25144839999997,2.3304755299999975
433.0,326.8043203,23.79704987,-1.307876627,363.6019293,21.19528247,-3.884951193,16.8,19.997609000000022,2.6017674
433.1,329.1823824,23.65507251,-1.485115463,365.6980045,20.79741757,-3.859337228,16.8,19.71562210000003,2.8576549399999998
433.20000000000005,331.5452162,23.49531234,-1.648210992,367.7541881,20.40718573,-3.777574938,16.8,19.408971899999994,3.0881266100000033
433.3,333.8908313,23.31989085,-1.793627386,369.7719736,20.03067292,-3.674217607,16.8,19.08114230000002,3.2892179299999995
433.40000000000003,336.2172372,23.13092954,-1.918418122,371.7528546,19.66909634,-3.539055896,16.8,18.735617399999978,3.461833200000001
433.5,338.5227263,22.9305499,-2.021993897,373.6983247,19.32245601,-3.391722212,16.8,18.375598400000012,3.6080938899999992
433.6,340.8067227,22.72087344,-2.104944015,375.6098776,18.9907519,-3.242359867,16.8,18.00315489999998,3.730121539999999
433.70000000000005,343.0689329,22.50402164,-2.170214998,377.489007,18.67398403,-3.092997521,16.8,17.62007410000002,3.8300376100000015
433.8,345.3090639,22.282116,-2.221342673,379.3372063,18.3721524,-2.943635176,16.8,17.228142399999978,3.9099635999999975
433.90000000000003,347.5268223,22.05692444,-2.261862867,381.1559693,18.085257,-2.79427283,16.8,16.82914699999999,3.971667440000001
434.0,349.7219149,21.82880054,-2.295311408,382.9467896,17.81329783,-2.644910485,16.8,16.424874699999986,4.01550271
434.1,351.8940486,21.5977443,-2.325224121,384.7111608,17.5562749,-2.495548139,16.8,16.017112199999996,4.0414694
434.20000000000005,354.04293,21.36375572,-2.35454753,386.4505765,17.3141882,-2.346185794,16.8,15.607646499999998,4.04956752
434.3,356.1682659,21.12683479,-2.383870939,388.1665303,17.08703774,-2.19756114,16.8,15.198264399999982,4.039797050000001
434.40000000000003,358.2697631,20.88698153,-2.413194348,389.8605159,16.87482351,-2.053362636,16.8,14.790752800000018,4.012158020000001
434.5,360.3471284,20.64419592,-2.442517757,391.5340269,16.67754552,-1.918016431,16.8,14.38689850000004,3.9666504000000025
434.6,362.4000685,20.39847798,-2.471841166,393.1885569,16.49476115,-1.795948674,16.8,13.988488400000005,3.9037168300000005
434.70000000000005,364.4282901,20.14982769,-2.501164575,394.8255995,16.32425732,-1.688996861,16.8,13.597309399999983,3.8255703699999977
434.8,366.4315002,19.89824506,-2.530540603,396.4466484,16.16337835,-1.609353106,16.8,13.215148199999998,3.734866710000002
434.90000000000003,368.4094053,19.64373009,-2.560232341,398.0531972,16.00946854,-1.552939902,16.8,12.843791899999996,3.634261549999998
435.0,370.3617124,19.38628278,-2.590555501,399.6463854,15.8614254,-1.523083595,16.8,12.484672999999997,3.5248573799999985
435.1,372.288128,19.12587156,-2.621825792,401.2259362,15.71193366,-1.519046494,16.8,12.137808200000006,3.4139379000000005
435.20000000000005,374.1883592,18.86233857,-2.654358927,402.7912186,15.56299721,-1.537140141,16.8,11.8028594,3.299341359999998
435.3,376.0621124,18.59549439,-2.688470615,404.3416017,15.41040716,-1.575527041,16.8,11.479489300000022,3.185087229999999
435.40000000000003,377.9090947,18.32514959,-2.724423948,405.8764547,15.25195045,-1.62201508,16.8,11.167359999999984,3.073199139999998
435.5,379.7289874,18.05111474,-2.762271546,407.3951465,15.08718445,-1.679944074,16.8,10.866159100000015,2.9639302899999986
435.6,381.521371,17.77320042,-2.80196079,408.8970462,14.91610917,-1.742299216,16.8,10.575675199999989,2.857091249999998
435.70000000000005,383.2858008,17.49121719,-2.843228588,410.3815229,14.73872461,-1.805392051,16.8,10.295722099999988,2.75249258
435.8,385.021832,17.20497565,-2.885759228,411.8479458,14.55503076,-1.868484885,16.8,10.026113799999973,2.649944890000002
435.90000000000003,386.7290198,16.91431792,-2.929237,413.2956837,14.36502763,-1.931577719,16.8,9.76666389999998,2.5492902899999983
436.0,388.4069195,16.61921244,-2.973346193,414.7241059,14.16871522,-1.994670554,16.8,9.517186399999968,2.450497219999999
436.1,390.0550862,16.3196592,-3.017771098,416.1325814,13.96609352,-2.057763388,16.8,9.277495199999986,2.353565680000001
436.20000000000005,391.6730752,16.01565822,-3.062248621,417.5204793,13.75716254,-2.120856223,16.8,9.047404099999948,2.2584956799999993
436.3,393.2604417,15.70720948,-3.106726143,418.8871686,13.54192228,-2.183485818,16.8,8.826726899999993,2.1652872
436.40000000000003,394.816741,15.39431299,-3.151203666,420.2320184,13.32037273,-2.243335976,16.8,8.615277400000036,2.0739402599999988
436.5,396.3415282,15.07696874,-3.195681189,421.5543977,13.0925139,-2.297627261,16.8,8.412869499999953,1.9844548399999997
436.6,397.8343586,14.75517675,-3.240158712,422.8536758,12.85862373,-2.343580237,16.8,8.219317200000045,1.8965530200000007
436.70000000000005,399.2947874,14.428937,-3.284636234,424.1292215,12.62009194,-2.378415466,16.8,8.03443410000001,1.8088450599999994
436.8,400.7223699,14.0982495,-3.329113757,425.3804041,12.37858618,-2.399353513,16.8,7.858034200000031,1.7196633200000004
436.90000000000003,402.1166612,13.76311425,-3.372976035,426.6065925,12.13577414,-2.40407818,16.8,7.689931299999966,1.6273401099999987
437.0,403.4772166,13.42353125,-3.413146842,427.8073782,11.89332345,-2.392126227,16.8,7.530161599999996,1.5302077999999995
437.1,404.8035913,13.07950049,-3.444014024,428.9832421,11.65290179,-2.363960895,16.8,7.37965079999999,1.4265986999999996
437.20000000000005,406.0953406,12.73139113,-3.467648163,430.1348873,11.41617682,-2.321898379,16.8,7.239546700000016,1.31521431
437.3,407.3520196,12.3810489,-3.474595735,431.2630171,11.1848162,-2.268718118,16.8,7.110997500000007,1.1962326999999995
437.40000000000003,408.5731836,12.03184109,-3.463085955,432.3683345,10.96020965,-2.207199547,16.8,6.995150900000009,1.0716314400000009
437.5,409.7583878,11.68252535,-3.430042597,433.451543,10.74263511,-2.140122102,16.8,6.8931552000000345,0.9398902400000004
437.6,410.9074828,11.33877381,-3.374850415,434.5133456,10.53209258,-2.070265222,16.8,6.805862799999954,0.8066812299999988
437.70000000000005,412.0215003,11.00164892,-3.300045339,435.5544455,10.32858206,-1.999945101,16.8,6.732945199999971,0.6730668599999987
437.8,413.1017675,10.67336557,-3.202941543,436.575546,10.13210356,-1.929624981,16.8,6.67377849999998,0.5412620100000005
437.90000000000003,414.1496116,10.35613865,-3.092992549,437.5773502,9.942657067,-1.859304861,16.8,6.627738599999997,0.4134815829999994
438.0,415.1663596,10.05181388,-2.971969143,438.5605614,9.760242587,-1.788984741,16.8,6.594201799999961,0.29157129299999873
438.1,416.1533387,9.760760427,-2.843562796,439.5258827,9.584860119,-1.71866462,16.8,6.572544000000004,0.17590030799999923
438.20000000000005,417.1118761,9.482978276,-2.711464979,440.4740174,9.416509663,-1.6483445,16.8,6.562141299999961,0.0664686130000014
438.3,418.0432987,9.218467432,-2.578751916,441.4056686,9.255191219,-1.577904611,16.8,6.562369900000032,-0.036723786999999675
438.40000000000003,418.9489339,8.967227893,-2.446038854,442.3215396,9.100904787,-1.506746109,16.8,6.5726057000000075,-0.13367689399999882
438.5,419.8301087,8.729259661,-2.313325791,443.2223336,8.953650367,-1.434150382,16.8,6.59222490000003,-0.22439070599999944
438.6,420.6881502,8.504562735,-2.180612729,444.1087537,8.813499821,-1.359398817,16.8,6.620603500000026,-0.30893708600000025
438.70000000000005,421.5243855,8.293137115,-2.047899666,444.9815032,8.680812454,-1.2817728,16.8,6.6571177000000255,-0.3876753389999994
438.8,422.3401419,8.094982802,-1.915186604,445.8412852,8.556019434,-1.20055372,16.8,6.701143300000023,-0.461036631999999
438.90000000000003,423.1367465,7.910099794,-1.782576299,446.688803,8.439551929,-1.115142733,16.8,6.752056499999991,-0.5294521350000005
439.0,423.9155262,7.738488093,-1.650582543,447.5248172,8.331841107,-1.025420069,16.8,6.809290999999984,-0.5933530140000007
439.1,424.6778084,7.580147699,-1.519821884,448.3503186,8.233318135,-0.931505497,16.8,6.872510199999976,-0.653170435999999
439.20000000000005,425.4249201,7.435016955,-1.390910871,449.1663552,8.144414181,-0.833997862,16.8,6.941435099999989,-0.7093972260000001
439.3,426.1581885,7.302787589,-1.264466052,449.9739751,8.065560412,-0.733615776,16.8,7.015786600000023,-0.7627728229999997
439.40000000000003,426.8789406,7.183089671,-1.141103975,450.7742266,7.997116135,-0.631077852,16.8,7.095285999999998,-0.8140264639999995
439.5,427.5885037,7.075553272,-1.021338432,451.5681577,7.939153212,-0.527102702,16.8,7.1796539999999816,-0.8635999400000003
439.6,428.2881555,6.979808462,-0.905272179,452.3568165,7.891671641,-0.42240894,16.8,7.2686609999999625,-0.911863179
439.70000000000005,428.9789765,6.895485313,-0.79280246,453.1412513,7.854671424,-0.317595409,16.8,7.3622748000000335,-0.9591861110000002
439.8,429.661998,6.822213896,-0.683415483,453.9225102,7.82815256,-0.212781877,16.8,7.460512199999993,-1.0059386640000003
439.90000000000003,430.338251,6.759624282,-0.5764947,454.7016412,7.812115048,-0.107968346,16.8,7.563390199999969,-1.052490766
440.0,431.0087669,6.707408195,-0.471423563,455.4796925,7.80655889,-0.003154815,16.8,7.670925599999986,-1.0991506949999996
440.1,431.6745767,6.665503982,-0.367585523,456.2577123,7.811484085,0.101658716,16.8,7.783135599999991,-1.1459801030000003
440.20000000000005,432.3367118,6.633911642,-0.264364031,457.0367486,7.826890634,0.206472248,16.8,7.90003680000002,-1.1929789919999996
440.3,432.9962031,6.612631176,-0.161245297,457.8178497,7.852778535,0.311285779,16.8,8.021646600000008,-1.2401473589999998
440.40000000000003,433.6540821,6.601662583,-0.058126564,458.6020637,7.889147789,0.415682517,16.8,8.14798159999999,-1.2874852059999995
440.5,434.3113797,6.601005863,0.04499217,459.3904386,7.935998397,0.517578497,16.8,8.279058900000006,-1.3349925339999995
440.6,434.9691273,6.610661017,0.148110904,460.1840227,7.993330358,0.614472961,16.8,8.414895399999988,-1.3826693409999997
440.70000000000005,435.628356,6.630628044,0.251229637,460.983864,8.060893596,0.703865151,16.8,8.555507999999985,-1.4302655519999998
440.8,436.290097,6.660906944,0.354348371,461.7910107,8.137437732,0.783254309,16.8,8.700913700000012,-1.4765307880000007
440.90000000000003,436.9553814,6.701497718,0.457146616,462.606511,8.221462312,0.852002347,16.8,8.85112959999999,-1.5199645940000002
441.0,437.6252406,6.752400365,0.558021932,463.4314129,8.31146688,0.903308927,16.8,9.006172300000014,-1.5590665149999996
441.1,438.3007056,6.813614886,0.655051388,464.2665646,8.405950982,0.939730352,16.8,9.165858999999966,-1.5923360960000004
441.20000000000005,438.9828076,6.884948986,0.746312054,465.1120138,8.504531766,0.962435661,16.8,9.329206199999998,-1.6195827799999991
441.3,439.6725779,6.965441203,0.829881001,465.9676084,8.602878952,0.972637179,16.8,9.495030499999995,-1.6374377489999992
441.40000000000003,440.3710476,7.053937777,0.9038353,466.8331962,8.701275943,0.972835666,16.8,9.662148599999977,-1.6473381660000008
441.5,441.0792479,7.14928495,0.966572508,467.7086248,8.798923708,0.963669206,16.8,9.82937690000001,-1.649638758
441.6,441.7980562,7.250328966,1.017772137,468.5937421,8.895049188,0.952354935,16.8,9.995685899999966,-1.6447202220000001
441.70000000000005,442.5277344,7.355916065,1.057754675,469.4883958,8.989652382,0.938420511,16.8,10.160661399999992,-1.6337363169999994
441.8,443.2683908,7.464892491,1.088122565,470.3924337,9.08273329,0.923197656,16.8,10.324042900000006,-1.6178407990000006
441.90000000000003,444.0201335,7.576104485,1.110798735,471.3057036,9.174291913,0.907974801,16.8,10.485570100000029,-1.5981874279999992
442.0,444.7830708,7.688590582,1.127706116,472.2280532,9.26432825,0.892751946,16.8,10.644982399999957,-1.5757376680000004
442.1,445.5573107,7.802158489,1.140767637,473.1593304,9.352842302,0.877529091,16.8,10.80201969999997,-1.550683813000001
442.20000000000005,446.3429616,7.916808207,1.151906229,474.0993828,9.439834068,0.862306236,16.8,10.956421199999976,-1.5230258609999998
442.3,447.1401315,8.032539735,1.162724332,475.0480583,9.525303549,0.847083381,16.8,11.107926799999984,-1.492763814
442.40000000000003,447.9489286,8.149353073,1.173542436,476.0052047,9.609250744,0.831923227,16.8,11.25627609999999,-1.4598976710000002
442.5,448.7694612,8.267248222,1.184360539,476.9706696,9.691675654,0.817139285,16.8,11.401208399999984,-1.4244274320000017
442.6,449.6018374,8.386225181,1.195178642,477.9443009,9.772578278,0.803107766,16.8,11.54246349999995,-1.3863530969999989
442.70000000000005,450.4461653,8.506283951,1.205996745,478.9259464,9.851996238,0.790204881,16.8,11.679781099999968,-1.3457122869999996
442.8,451.3025532,8.62742453,1.216814849,479.9154538,9.93011764,0.778806841,16.8,11.812900600000045,-1.3026931099999999
442.90000000000003,452.1711093,8.74964692,1.227526414,480.9126709,10.00716821,0.768846377,16.8,11.94156160000001,-1.2575212899999997
443.0,453.0519417,8.872951121,1.237598751,481.9174454,10.08337367,0.761967441,16.8,12.065503700000033,-1.2104225490000005
443.1,453.9451586,8.997337131,1.24603591,482.9296553,10.15895976,0.756902293,16.8,12.184496699999965,-1.161622629
443.20000000000005,454.8508682,9.122741029,1.253268824,483.9492988,10.2338861,0.75403171,16.8,12.298430600000028,-1.1111450709999993
443.3,455.7691787,9.248843201,1.257588104,484.9764042,10.3091767,0.753042184,16.8,12.407225499999992,-1.0603334990000004
443.40000000000003,456.7001983,9.375046076,1.258711242,486.0109999,10.38425902,0.753557504,16.8,12.51080159999999,-1.0092129439999997
443.5,457.644035,9.501608215,1.256105547,487.0531142,10.45958723,0.755644938,16.8,12.609079200000007,-0.9579790150000012
443.6,458.6007461,9.627503983,1.24966448,488.1027755,10.53519898,0.757597833,16.8,12.702029400000026,-0.9076949970000001
443.70000000000005,459.5701839,9.752563877,1.239851302,489.1600122,10.61109426,0.760370421,16.8,12.789828299999964,-0.8585303829999997
443.8,460.5521498,9.876404357,1.226128539,490.2248526,10.68727307,0.76320571,16.8,12.872702800000024,-0.8108687129999996
443.90000000000003,461.5464452,9.998641889,1.210205583,491.2973251,10.7637354,0.766041,16.8,12.950879900000029,-0.7650935109999999
444.0,462.5528714,10.11895686,1.192364942,492.377458,10.84048127,0.768876289,16.8,13.024586599999974,-0.7215244099999989
444.1,463.5712298,10.23728534,1.173245843,493.4652796,10.91751066,0.771711579,16.8,13.094049799999947,-0.6802253199999999
444.20000000000005,464.6013217,10.35362733,1.153487516,494.5608183,10.99482358,0.774546868,16.8,13.159496599999965,-0.6411962500000001
444.3,465.6429485,10.46798284,1.133622651,495.6641025,11.07242003,0.77649613,16.8,13.221154000000023,-0.6044371900000005
444.40000000000003,466.6959116,10.58035186,1.113757786,496.7751606,11.15030001,0.778799802,16.8,13.279249000000004,-0.5699481500000001
444.5,467.7600121,10.6907344,1.093892921,497.8940208,11.22846352,0.779022748,16.8,13.334008700000037,-0.5377291199999998
444.6,468.8350517,10.79913045,1.074028056,499.0207115,11.3063435,0.772286814,16.8,13.385659799999996,-0.5072130500000007
444.70000000000005,469.9208315,10.90554001,1.054163191,500.1552611,11.38493231,0.756483405,16.8,13.434429599999998,-0.47939230000000066
444.8,471.0171529,11.00996309,1.034298326,501.297698,11.46223723,0.728590029,16.8,13.48054510000004,-0.4522741400000001
444.90000000000003,472.1238173,11.11239968,1.013994872,502.4480504,11.53579212,0.686529293,16.8,13.524233100000014,-0.42339244000000065
445.0,473.2406261,11.21284978,0.991059886,503.6063468,11.60419006,0.625624784,16.8,13.565720699999996,-0.39134027999999965
445.1,474.3673805,11.31131339,0.962861836,504.7723736,11.66561754,0.546175177,16.8,13.604993099999955,-0.35430414999999904
445.20000000000005,475.503882,11.40752737,0.926769189,505.9449503,11.71826108,0.449771992,16.8,13.64106830000004,-0.31073370999999916
445.3,476.6499319,11.50017594,0.880150413,507.1226545,11.76030718,0.338256349,16.8,13.672722599999997,-0.26013123999999976
445.40000000000003,477.8053315,11.58768019,0.820373976,508.3040635,11.78994234,0.214650739,16.8,13.69873199999996,-0.20226214999999925
445.5,478.9698822,11.66846119,0.745246935,509.4877551,11.80565532,0.081977654,16.8,13.717872900000042,-0.13719412999999925
445.6,480.1431748,11.74094003,0.6543307,510.6723068,11.80714387,-0.056740414,16.8,13.729132000000003,-0.06620384000000001
445.70000000000005,481.3239581,11.80353778,0.548063861,511.8562961,11.79440799,-0.198480973,16.8,13.73233799999998,0.00912978999999936
445.8,482.5107702,11.85467553,0.428639361,513.0383006,11.76744767,-0.340725282,16.8,13.727530399999932,0.08722786000000049
445.90000000000003,483.7021495,11.89277436,0.298688732,514.2168979,11.72626293,-0.48296959,16.8,13.71474840000003,0.1665114299999999
446.0,484.896634,11.9165185,0.160843507,515.3906654,11.67085375,-0.625213898,16.8,13.694031399999982,0.24566475000000132
446.1,486.0927621,11.92564481,0.017735217,516.5581809,11.60122015,-0.767458206,16.8,13.665418800000008,0.32442466000000003
446.20000000000005,487.2890719,11.92015327,-0.128004606,517.7180217,11.51736211,-0.909702514,16.8,13.628949799999997,0.4027911599999996
446.3,488.4841017,11.90004388,-0.274183017,518.8687655,11.41927965,-1.051946822,16.8,13.584663799999998,0.4807642300000001
446.40000000000003,489.6763896,11.86531666,-0.420361427,520.0089898,11.30697275,-1.19419113,16.8,13.532600200000001,0.5583439099999996
446.5,490.8644739,11.8159716,-0.566539838,521.1372723,11.18044142,-1.336069992,16.8,13.472798399999942,0.63553018
446.6,492.0468929,11.75200869,-0.712718249,522.2521903,11.03968566,-1.475756174,16.8,13.405297400000062,0.7123230300000003
446.70000000000005,493.2221846,11.67342795,-0.85889666,523.3523216,10.88470547,-1.611056996,16.8,13.33013699999999,0.7887224800000006
446.8,494.3888874,11.58022936,-1.005075071,524.4362436,10.71572012,-1.739779778,16.8,13.247356200000024,0.8645092400000003
446.90000000000003,495.5455394,11.47241293,-1.151253482,525.502534,10.53382594,-1.859731842,16.8,13.156994599999972,0.938586990000001
447.0,496.6906789,11.34997867,-1.297032963,526.5497702,10.34033855,-1.968720506,16.8,13.059091299999988,1.0096401200000003
447.1,497.822844,11.21292656,-1.440418861,527.5765299,10.13657355,-2.064918538,16.8,12.953685899999993,1.07635301
447.20000000000005,498.9405731,11.06125661,-1.579017594,528.5815659,9.923846556,-2.147960492,16.8,12.840992799999992,1.1374100539999983
447.3,500.0424043,10.89520817,-1.71043558,529.564333,9.703473167,-2.218211813,16.8,12.721928700000046,1.1917350029999998
447.40000000000003,501.1268758,10.71597805,-1.832279237,530.5244612,9.476768995,-2.277499735,16.8,12.597585400000025,1.239209055
447.5,502.1925258,10.52500238,-1.942154981,531.4615804,9.245049647,-2.328016937,16.8,12.469054600000003,1.279952733
447.6,503.2378927,10.32371732,-2.038068162,532.3753209,9.009411464,-2.371956101,16.8,12.337428200000044,1.3143058560000007
447.70000000000005,504.2617059,10.11355901,-2.119619848,533.2653125,8.770073713,-2.411509904,16.8,12.203606600000068,1.343485296999999
447.8,505.2634613,9.895963616,-2.18720897,534.1311854,8.527036394,-2.448871028,16.8,12.067724100000031,1.368927222
447.90000000000003,506.2428459,9.672367274,-2.24283018,534.9725696,8.280299507,-2.485866705,16.8,11.929723700000022,1.3920677670000003
448.0,507.199547,9.444206137,-2.28887706,535.7890951,8.029863053,-2.522862383,16.8,11.789548100000058,1.4143430840000004
448.1,508.1332515,9.212676996,-2.327743193,536.580392,7.77572703,-2.55985806,16.8,11.647140499999988,1.4369499660000011
448.20000000000005,509.0436467,8.97801921,-2.361822162,537.3460903,7.517891441,-2.596853737,16.8,11.502443600000003,1.4601277689999996
448.3,509.9304197,8.740232778,-2.393507548,538.0858201,7.256356283,-2.633849414,16.8,11.355400399999962,1.4838764949999996
448.40000000000003,510.7932576,8.4993177,-2.424794004,538.7992113,6.991121558,-2.670845091,16.8,11.20595370000002,1.508196142000001
448.5,511.6318475,8.255273977,-2.456080459,539.4858941,6.722187265,-2.707423624,16.8,11.054046600000003,1.5330867120000002
448.6,512.4458767,8.008101609,-2.487366915,540.1454986,6.449553404,-2.74149929,16.8,10.89962190000001,1.5585482050000001
448.70000000000005,513.2350322,7.757800594,-2.51865337,540.7776546,6.173219976,-2.768665942,16.8,10.742622400000027,1.5845806179999995
448.8,513.9990011,7.504370934,-2.549939826,541.3819923,5.893437266,-2.792130551,16.8,10.582991199999991,1.6109336679999995
448.90000000000003,514.7374707,7.247812629,-2.581226282,541.9581418,5.611456709,-2.803680412,16.8,10.420671100000003,1.6363559200000006
449.0,515.450128,6.988125678,-2.612160704,542.505733,5.329921993,-2.802715938,16.8,10.255605000000013,1.6582036850000001
449.1,516.1366601,6.725310082,-2.640982927,543.024396,5.046908934,-2.787151405,16.8,10.087735900000052,1.6784011479999998
449.20000000000005,516.7967543,6.459365839,-2.663952764,543.5139611,4.767345157,-2.75656967,16.8,9.917206799999985,1.6920206819999999
449.3,517.4300976,6.190504172,-2.683841975,543.9750595,4.491590413,-2.713291156,16.8,9.744961900000089,1.6989137589999999
449.40000000000003,518.0363772,5.919781178,-2.693654401,544.4085226,4.221146423,-2.653691747,16.8,9.572145400000021,1.6986347549999996
449.5,518.6152802,5.649440971,-2.69290583,544.8151818,3.957514907,-2.585984149,16.8,9.399901599999975,1.6919260639999996
449.6,519.1664938,5.377820493,-2.679836093,545.1958685,3.701947299,-2.51076795,16.8,9.229374699999948,1.6758731939999998
449.70000000000005,519.689874,5.109117441,-2.65409316,545.5514141,3.454693886,-2.430546016,16.8,9.061540099999956,1.6544235550000006
449.8,520.1859529,4.843622342,-2.617657048,545.8826501,3.215754667,-2.347821216,16.8,8.896697200000016,1.6278676749999996
449.90000000000003,520.6554315,4.582602516,-2.567403965,546.190408,2.985129643,-2.26467927,16.8,8.734976500000084,1.5974728729999996
450.0,521.0990107,4.327325283,-2.510330071,546.475519,2.762818813,-2.181537325,16.8,8.576508299999954,1.5645064700000004
450.1,521.5173916,4.078846742,-2.446919577,546.7388146,2.548822178,-2.09839538,16.8,8.421422999999958,1.5300245639999996
450.20000000000005,521.9112751,3.837378114,-2.379284684,546.9811263,2.343139737,-2.015253435,16.8,8.269851200000016,1.4942383769999998
450.3,522.2813622,3.602919398,-2.309537592,547.2032855,2.145771491,-1.932111489,16.8,8.121923300000002,1.457147907
450.40000000000003,522.628354,3.375470595,-2.239438467,547.4061235,1.956717439,-1.848969544,16.8,7.97776950000009,1.418753156
450.5,522.9529514,3.155031705,-2.169339341,547.5904719,1.775977582,-1.765873753,16.8,7.83752050000005,1.3790541229999997
450.6,523.2558554,2.941602727,-2.099240215,547.7571619,1.603551919,-1.683054889,16.8,7.7013065000000545,1.3380508079999998
450.70000000000005,523.537767,2.735183662,-2.02914109,547.9070252,1.439440451,-1.600789876,16.8,7.5692581999999895,1.2957432109999998
450.8,523.7993872,2.535774509,-1.959041964,548.0408929,1.283615485,-1.519355642,16.8,7.441505700000061,1.252159024
450.90000000000003,524.0414169,2.343375269,-1.888942839,548.1595967,1.135938558,-1.439029111,16.8,7.3181798000000065,1.207436711
451.0,524.2645573,2.157985942,-1.818912602,548.2639679,0.996243514,-1.360087212,16.8,7.199410600000032,1.1617424279999997
451.1,524.4695092,1.979606527,-1.749295702,548.3548378,0.864364197,-1.282760714,16.8,7.085328600000093,1.11524233
451.20000000000005,524.6569736,1.808237024,-1.680505472,548.4330159,0.740134453,-1.205711143,16.8,6.976042299999971,1.068102571
451.3,524.8276516,1.643836101,-1.612955249,548.4992227,0.623388124,-1.13087698,16.8,6.87157110000005,1.020447977
451.40000000000003,524.9822442,1.486197088,-1.547058369,548.5541567,0.513959057,-1.049972338,16.8,6.771912500000052,0.972238031
451.5,525.1214522,1.335071986,-1.483228166,548.5985165,0.411681094,-0.956162792,16.8,6.6770642999999374,0.923390892
451.6,525.2459768,1.190212792,-1.421809087,548.6330005,0.316415773,-0.852795868,16.8,6.587023699999985,0.8737970190000001
451.70000000000005,525.3564858,1.051371505,-1.362870022,548.6583072,0.234380794,-0.741049837,16.8,6.501821399999994,0.8169907110000001
451.8,525.453515,0.918300125,-1.304901,548.6751351,0.166436777,-0.617716547,16.8,6.421620099999995,0.751863348
451.90000000000003,525.5375668,0.790750648,-1.249125248,548.6841827,0.111710604,-0.497179698,16.8,6.3466158999999145,0.679040044
452.0,525.6091439,0.668475075,-1.187394008,548.6861485,0.069329154,-0.378098047,16.8,6.277004599999895,0.5991459210000001
452.1,525.6687488,0.551266737,-1.10653471,548.6867273,0.038419311,-0.267747583,16.8,6.217978500000026,0.512847426
452.20000000000005,525.7168843,0.439084301,-1.00993665,548.6873062,0.018107954,-0.176537293,16.8,6.170421900000019,0.42097634700000003
452.3,525.7540527,0.3389351,-0.898233557,548.687885,0.007521966,-0.105901544,16.8,6.133832300000062,0.331413134
452.40000000000003,525.7807569,0.254379299,-0.770732212,548.6884638,0.005788228,-0.054385138,16.8,6.107706899999993,0.248591071
452.5,525.7974992,0.184788658,-0.629150524,548.6890426,0.005788228,-0.020532877,16.8,6.091543400000045,0.17900043
452.6,525.8047824,0.129534941,-0.492370247,548.6896215,0.005788228,-0.002889564,16.8,6.084839100000021,0.12374671299999998
452.70000000000005,525.8087148,0.087989909,-0.358424579,548.6902003,0.005788228,-4.6e-12,16.8,6.081485500000053,0.082201681
452.8,525.8126473,0.059525325,-0.242440178,548.6907791,0.005788228,-9.47e-13,16.8,6.078131800000005,0.053737097
452.90000000000003,525.8165798,0.043512952,-0.15035065,548.6913579,0.005788228,1.58e-13,16.8,6.074778099999957,0.037724724
453.0,525.8205122,0.039324551,-0.08110893,548.6919368,0.005788228,2.37e-13,16.8,6.071424599999954,0.033536323
453.1,525.8244447,0.039324551,-0.033667957,548.6925156,0.005788228,4.6e-13,16.8,6.06807090000002,0.033536323
453.20000000000005,525.8283771,0.039324551,-0.006980668,548.6930944,0.005788228,3.79e-13,16.8,6.064717299999938,0.033536323
453.3,525.8323096,0.039324551,-6.43e-13,548.6936732,0.005788228,2.65e-13,16.8,6.0613636000000035,0.033536323
453.40000000000003,525.836242,0.039324551,-1.58e-13,548.694252,0.005788228,8.05e-13,16.8,6.058010000000035,0.033536323
453.5,525.8401745,0.039324551,-7.89e-14,548.6948309,0.005788228,5.33e-13,16.8,6.054656400000066,0.033536323
453.6,525.8441069,0.039324551,-1.26e-13,548.6954097,0.005788228,1.34e-12,16.8,6.051302799999984,0.033536323
453.70000000000005,525.8480394,0.039324551,-1.58e-13,548.6959885,0.005788228,4.74e-12,16.8,6.04794910000005,0.033536323
453.8,525.8519719,0.039324551,-3.79e-13,548.6965673,0.005788228,0.262575074,16.8,6.044595400000002,0.033536323
453.90000000000003,525.8559043,0.039324551,-9.47e-14,548.6971462,0.005788228,0.574107911,16.8,6.041241899999999,0.033536323
454.0,525.8598368,0.039324551,2.44e-13,548.697725,0.005788228,0.9380442,16.8,6.037888199999951,0.033536323
454.1,525.8637692,0.039324551,4.26e-13,548.6983038,0.163333272,1.427238391,16.8,6.034534599999983,-0.124008721
454.20000000000005,525.8677017,0.039324551,2.54e-14,548.6988826,0.350252975,1.902984522,16.8,6.031180900000049,-0.31092842400000004
454.3,525.8716341,0.039324551,2.03e-14,548.6994614,0.568614748,2.351165149,16.8,6.0278272999999665,-0.529290197
454.40000000000003,525.8755666,0.039324551,2.84e-14,548.7000403,0.820486005,2.730100242,16.8,6.024473699999998,-0.781161454
454.5,525.879499,0.039324551,-1.35e-13,548.8266551,1.147578941,3.021354819,16.8,6.1471561000000285,-1.10825439
454.6,525.8834315,0.039324551,-2.37e-13,548.9767697,1.475316134,3.159342648,16.8,6.293338199999948,-1.435991583
454.70000000000005,525.8873639,0.039324551,-7.89e-14,549.152038,1.801393418,3.29160349,16.8,6.4646740999999786,-1.762068867
454.8,525.8912964,0.039324551,-5.07e-14,549.3541138,2.163065866,3.291128519,16.8,6.662817400000062,-2.123741315
454.90000000000003,525.8952289,0.039324551,6.77e-13,549.5846511,2.464220337,3.297954066,16.8,6.8894221999999665,-2.424895786
455.0,525.8991613,0.039324551,0.507600485,549.8453039,2.795673882,3.307581293,16.8,7.146142600000029,-2.756349331
455.1,525.9030938,0.039324551,1.084615726,550.1377261,3.122256052,3.304304641,16.8,7.434632300000043,-3.082931501
455.20000000000005,525.9070262,0.039324551,1.731297246,550.4635716,3.45046522,3.331534863,16.8,7.756545400000004,-3.411140669
455.3,525.9109587,0.343884842,2.509858311,550.8241852,3.785942193,3.362920788,16.8,8.11322649999995,-3.442057351
455.40000000000003,525.9148911,0.690093986,3.346477748,551.2196758,4.128287827,3.387168193,16.8,8.504784700000027,-3.4381938410000004
455.5,525.9188236,1.078102898,4.089842534,551.6498428,4.471379386,3.406406369,16.8,8.93101919999999,-3.3932764879999997
455.6,525.922756,1.508062493,4.510858511,552.114486,4.812801203,3.41019205,16.8,9.391730000000006,-3.3047387100000005
455.70000000000005,526.1703367,2.047211199,4.92885619,552.6134049,5.154556968,3.399190479,16.8,9.64306819999997,-3.1073457689999997
455.8,526.4512365,2.494437391,4.845541506,553.1463992,5.494309041,3.383606213,16.8,9.895162699999968,-2.9998716500000002
455.90000000000003,526.7655761,3.051154524,4.69499195,553.7132685,5.832057423,3.367465366,16.8,10.14769240000005,-2.780902899
456.0,527.1134762,3.6474077,4.37409149,554.3138125,6.167802114,3.347428452,16.8,10.400336300000003,-2.5203944139999996
456.1,527.4950576,3.985427802,4.127962758,554.9478308,6.501543114,3.327391539,16.8,10.652773200000023,-2.5161153120000006
456.20000000000005,527.910441,4.325057663,3.830711471,555.615123,6.833280422,3.307354625,16.8,10.904682000000047,-2.5082227589999997
456.3,528.3597472,4.666297284,3.411390111,556.3154887,7.163014039,3.287317712,16.8,11.15574149999993,-2.4967167550000005
456.40000000000003,528.8430968,5.007335685,3.420193483,557.0487277,7.490743964,3.267280798,16.8,11.40563089999996,-2.483408279
456.5,529.3606107,5.349581406,3.430841373,557.8146394,7.816470199,3.247243885,16.8,11.65402869999998,-2.466888793
456.6,529.9124095,5.693034447,3.440567004,558.6130235,8.140192741,3.22700027,16.8,11.900614000000086,-2.4471582940000003
456.70000000000005,530.4986139,6.037694807,3.452640201,559.4436798,8.461911593,3.205516446,16.8,12.14506590000003,-2.4242167859999997
456.8,531.1193448,6.383562487,3.464713398,560.3064077,8.781626753,3.181552206,16.8,12.3870629,-2.3980642659999996
456.90000000000003,531.7747228,6.730637487,3.476786595,561.201007,9.099214201,3.15386734,16.8,12.626284200000054,-2.3685767140000005
457.0,532.4648686,7.078919806,3.488859792,562.1272772,9.414053832,3.12122164,16.8,12.862408599999934,-2.3351340260000004
457.1,533.1899031,7.428409445,3.500705216,563.085018,9.725401522,3.082374897,16.8,13.095114899999952,-2.2969920770000005
457.20000000000005,533.9499468,7.779106404,3.50999517,564.0740291,10.03251315,3.036293605,16.8,13.32408229999994,-2.2534067459999996
457.3,534.7451207,8.131010682,3.518929491,565.0940107,10.33464458,2.982771062,16.8,13.548889999999982,-2.2036338980000014
457.40000000000003,535.5755453,8.483985616,3.522575059,566.1442666,10.63105169,2.922013969,16.8,13.768721299999992,-2.1470660739999996
457.5,536.4413415,8.836634589,3.520754055,567.224001,10.92099036,2.855055833,16.8,13.982659500000022,-2.0843557709999985
457.6,537.3426299,9.190277501,3.512099838,568.3324182,11.20371647,2.783136863,16.8,14.189788299999986,-2.013438968999999
457.70000000000005,538.2795313,9.54195448,3.495473539,569.4687226,11.4786099,2.707497268,16.8,14.389191299999947,-1.936655420000001
457.8,539.2520571,9.891558837,3.471836209,570.6321185,11.74554664,2.629377256,16.8,14.580061400000044,-1.8539878030000008
457.90000000000003,540.2597814,10.23827059,3.437849145,571.8218103,12.00452669,2.550017036,16.8,14.762028900000086,-1.7662560999999997
458.0,541.3021688,10.58126974,3.398217694,573.0370022,12.25555005,2.470450113,16.8,14.934833399999956,-1.6742803100000003
458.1,542.3786843,10.91973631,3.353119672,574.2768987,12.49861672,2.390883191,16.8,15.098214399999915,-1.57888041
458.20000000000005,543.4887924,11.25298699,3.303921722,575.5407039,12.73372669,2.311316269,16.8,15.251911500000073,-1.480739699999999
458.3,544.6319579,11.5808851,3.251990486,576.8276223,12.96087997,2.231749347,16.8,15.395664400000054,-1.3799948700000009
458.40000000000003,545.8076457,11.90343064,3.198692608,578.1368583,13.18007656,2.152182425,16.8,15.529212600000005,-1.27664592
458.5,547.0153204,12.22062362,3.145166956,579.467616,13.39131646,2.072615503,16.8,15.65229560000007,-1.170692840000001
458.6,548.2544467,12.53246403,3.091641304,580.8190999,13.59459966,1.993048581,16.8,15.764653199999952,-1.0621356300000002
458.70000000000005,549.5244894,12.83895188,3.038115652,582.1905143,13.78992617,1.913550161,16.8,15.866024900000024,-0.9509742899999996
458.8,550.8249133,13.14008716,2.98459,583.5810635,13.97729599,1.83446275,16.8,15.956150199999978,-0.8372088299999998
458.90000000000003,552.1551832,13.43586988,2.931064348,584.9899518,14.15670912,1.75619736,16.8,16.03476859999996,-0.7208392400000001
459.0,553.5147636,13.72630003,2.877538696,586.4163836,14.32820666,1.679164999,16.8,16.10161999999998,-0.6019066299999984
459.1,554.9031194,14.01137762,2.823636972,587.8595633,14.49199411,1.603776679,16.8,16.156443899999953,-0.48061649000000095
459.20000000000005,556.3197154,14.29110264,2.767478815,589.3186951,14.64831808,1.530443408,16.8,16.198979700000063,-0.35721543999999916
459.3,557.7640163,14.5654751,2.706807794,590.7929833,14.79742517,1.459507696,16.8,16.228966999999965,-0.2319500699999999
459.40000000000003,559.2354867,14.83426934,2.639367476,592.2816652,14.939562,1.391038044,16.8,16.246178499999996,-0.10529265999999993
459.5,560.7335915,15.09635717,2.562901429,593.7841096,15.07497516,1.32496595,16.8,16.250518099999976,0.02138200999999995
459.6,562.2577955,15.35038471,2.475153219,595.2997179,15.20391127,1.260948906,16.8,16.241922399999975,0.1464734399999994
459.70000000000005,563.8075632,15.5949981,2.374242488,596.827892,15.32661693,1.198575902,16.8,16.220328800000015,0.2683811699999996
459.8,565.3821791,15.8288435,2.259793163,598.3680332,15.44329765,1.137435928,16.8,16.185854099999982,0.38554584999999975
459.90000000000003,566.9802052,16.05056703,2.132181316,599.9195434,15.55399452,1.077117974,16.8,16.13933819999995,0.49657251
460.0,568.6000232,16.25881484,1.993287307,601.4818241,15.65870754,1.01721103,16.8,16.08180090000003,0.6001072999999995
460.1,570.2400147,16.45223307,1.845367568,603.0542768,15.75743672,0.957372588,16.8,16.014262100000064,0.694796349999999
460.20000000000005,571.8985615,16.6296935,1.690678533,604.6363033,15.85018206,0.897534145,16.8,15.93774179999998,0.7795114399999985
460.3,573.5740452,16.79097049,1.531476633,606.2273052,15.93694355,0.837695703,16.8,15.853260000000045,0.8540269399999989
460.40000000000003,575.2648473,16.93606404,1.370018301,607.826684,16.0177212,0.777857261,16.8,15.761836699999957,0.9183428400000011
460.5,576.9693497,17.06497415,1.208183896,609.4338413,16.092515,0.718018818,16.8,15.664491600000087,0.9724591500000024
460.6,578.6859339,17.17770082,1.046349492,611.0481789,16.16132496,0.658180376,16.8,15.56224500000003,1.0163758599999966
460.70000000000005,580.4129816,17.27424405,0.884515088,612.6690983,16.22415108,0.598796605,16.8,15.456116700000006,1.0500929700000015
460.8,582.1488744,17.35460383,0.722680683,614.296001,16.28099335,0.542140858,16.8,15.347126600000092,1.0736104799999993
460.90000000000003,583.8919941,17.41878018,0.560846279,615.9282888,16.33185178,0.490941163,16.8,15.236294699999984,1.086928399999998
461.0,585.6407222,17.46677309,0.399011874,617.5653633,16.37699916,0.447925544,16.8,15.124641099999916,1.0897739299999998
461.1,587.3934404,17.49858256,0.237758669,619.206626,16.41779952,0.415822027,16.8,15.013185599999996,1.08078304
461.20000000000005,589.1485304,17.51420858,0.079992659,620.8514786,16.45588966,0.397358636,16.8,14.902948199999923,1.0583189199999978
461.3,590.9043738,17.51365117,-0.07079896,622.4993228,16.4929064,0.394808727,16.8,14.794948999999928,1.0207447700000003
461.40000000000003,592.6593524,17.49725904,-0.211128993,624.1497782,16.53048657,0.40862697,16.8,14.690425800000025,0.9667724699999987
461.5,594.4118476,17.46677578,-0.337510244,625.8033379,16.57026696,0.438358695,16.8,14.591490299999986,0.8965088199999975
461.6,596.1602413,17.42429371,-0.446455519,627.4607128,16.6138844,0.481730546,16.8,14.500471499999957,0.8104093100000007
461.70000000000005,597.902915,17.37190516,-0.536790527,629.122614,16.6629757,0.536014499,16.8,14.41969899999999,0.7089294600000002
461.8,599.6385294,17.31170244,-0.603818306,630.7897526,16.71890488,0.598482528,16.8,14.351223200000003,0.5927975600000011
461.90000000000003,601.366861,17.24577786,-0.650077107,632.4628396,16.78194473,0.666406609,16.8,14.29597860000008,0.46383313000000115
462.0,603.0879654,17.17518472,-0.679979287,634.1425862,16.85209526,0.737058714,16.8,14.254620799999952,0.32308946000000205
462.1,604.801898,17.10448479,-0.695932685,635.8297033,16.92935647,0.80816549,16.8,14.227805299999954,0.17512832000000245
462.20000000000005,606.5087143,17.03424745,-0.701424498,637.5249021,17.01372836,0.879272267,16.8,14.21618780000001,0.020519089999996964
462.3,608.2084699,16.96391759,-0.698210213,639.2288937,17.10521093,0.950379043,16.8,14.220423800000003,-0.14129333999999716
462.40000000000003,609.9012203,16.89414283,-0.693892789,640.942389,17.20380417,1.021485819,16.8,14.24116870000007,-0.3096613400000017
462.5,611.5870209,16.82492316,-0.689421172,642.6660991,17.30950809,1.092592596,16.8,14.279078200000026,-0.48458493000000047
462.6,613.2659274,16.75625859,-0.683870199,644.4007352,17.42232269,1.163699372,16.8,14.334807799999975,-0.6660640999999998
462.70000000000005,614.9379951,16.68814912,-0.678319226,646.1470083,17.54224797,1.234010302,16.8,14.409013200000071,-0.8540988499999997
462.8,616.6032796,16.62059475,-0.672768253,647.9056295,17.66928392,1.299546154,16.8,14.50234990000008,-1.048689170000003
462.90000000000003,618.2618365,16.55359547,-0.66721728,649.6773098,17.80343055,1.35172575,16.8,14.61547330000003,-1.2498350800000004
463.0,619.9137212,16.48715129,-0.661666307,651.4627603,17.94421035,1.397192313,16.8,14.749039099999958,-1.4570590599999989
463.1,621.5589892,16.42126221,-0.655681979,653.262692,18.08923578,1.419752464,16.8,14.903702799999973,-1.667973570000001
463.20000000000005,623.1976961,16.35592822,-0.647097522,655.0778161,18.23335814,1.418437226,16.8,15.08011999999992,-1.8774299200000009
463.3,624.8298973,16.29114934,-0.633312806,656.9088436,18.38056335,1.389267366,16.8,15.278946299999983,-2.0894140099999987
463.40000000000003,626.4556484,16.22718556,-0.611727702,658.7561035,18.5211354,1.331447039,16.8,15.500455100000021,-2.29394984
463.5,628.0750049,16.16533696,-0.57974208,660.618397,18.65449289,1.249578192,16.8,15.743392100000005,-2.489155929999999
463.6,629.6880222,16.10716361,-0.534755811,662.4941429,18.77777077,1.136221754,16.8,16.006120700000064,-2.6706071599999994
463.70000000000005,631.294756,16.05422559,-0.474602121,664.3817605,18.88810401,1.007571104,16.8,16.287004500000034,-2.833878419999998
463.8,632.8954696,16.00808298,-0.398847654,666.2796686,18.98310506,0.864595222,16.8,16.58419900000008,-2.9750220799999987
463.90000000000003,634.4912588,15.97029585,-0.307925766,668.1862863,19.06229641,0.712069183,16.8,16.895027500000037,-3.092000559999999
464.0,636.083427,15.94242429,-0.204003231,670.1000327,19.12567806,0.554768066,16.8,17.216605700000013,-3.1832537699999985
464.1,637.6732778,15.92602836,-0.089680179,672.0193268,19.17325002,0.396671103,16.8,17.546048999999993,-3.247221660000001
464.20000000000005,639.2621148,15.92240815,0.032443262,673.9425876,19.20501228,0.238574141,16.8,17.880472800000074,-3.2826041299999975
464.3,640.8512415,15.93182365,0.159766961,675.8682341,19.22096485,0.080477178,16.8,18.21699259999998,-3.2891412000000013
464.40000000000003,642.4419616,15.95427487,0.28969079,677.7946854,19.22110772,-0.077619785,16.8,18.552723800000035,-3.2668328499999983
464.5,644.0355786,15.98976181,0.420047974,679.7203605,19.20544089,-0.235716748,16.8,18.88478189999996,-3.2156790799999992
464.6,645.6333961,16.03828446,0.550405157,681.6436784,19.17396437,-0.393813711,16.8,19.21028229999997,-3.1356799100000003
464.70000000000005,647.2367177,16.09984284,0.680762341,683.5630582,19.12667815,-0.551910674,16.8,19.526340500000014,-3.026835309999999
464.8,648.8468468,16.17443693,0.811119525,685.4769189,19.06358223,-0.708972952,16.8,19.830072100000006,-2.8891453000000027
464.90000000000003,650.4650872,16.26206674,0.941476709,687.3836795,18.98467662,-0.859827123,16.8,20.1185923,-2.7226098799999967
465.0,652.0927423,16.36273227,1.071833892,689.2817591,18.88996131,-0.998265079,16.8,20.38901679999999,-2.5272290400000017
465.1,653.7311158,16.47643352,1.201200885,691.1695766,18.78005712,-1.118078712,16.8,20.63846080000003,-2.303623599999998
465.20000000000005,655.3815112,16.60317049,1.324626728,693.0455512,18.65806809,-1.213059915,16.8,20.86404,-2.0548976000000003
465.3,657.045232,16.74294317,1.436170275,694.9081018,18.5277191,-1.277000581,16.8,21.062869799999998,-1.7847759299999986
465.40000000000003,658.723582,16.89515746,1.529890376,696.7556475,18.39273501,-1.304727287,16.8,21.232065500000044,-1.497577549999999
465.5,660.4178645,17.05684278,1.599845883,698.5871039,18.25684067,-1.295205348,16.8,21.369239400000037,-1.1999978899999988
465.6,662.1293832,17.22443444,1.640095647,700.4033734,18.12376096,-1.249469448,16.8,21.473990199999957,-0.8993265199999989
465.70000000000005,663.8594417,17.39436775,1.645688712,702.2058548,17.99722075,-1.172693011,16.8,21.54641309999995,-0.6028529999999996
465.8,665.6088683,17.56307802,1.615634885,703.9959471,17.88094489,-1.071084144,16.8,21.587078799999926,-0.3178668699999996
465.90000000000003,667.37659,17.72700056,1.550924358,705.7750492,17.77803743,-0.950850955,16.8,21.598459200000047,-0.05103687000000079
466.0,669.1610587,17.88257069,1.456508089,707.54456,17.6891192,-0.81820155,16.8,21.583501300000034,0.19345149000000106
466.1,670.9607262,18.02622371,1.338327225,709.3058784,17.61419019,-0.679344038,16.8,21.54515220000003,0.4120335200000014
466.20000000000005,672.7740444,18.15498905,1.202322916,711.0604034,17.55325039,-0.539451842,16.8,21.48635900000006,0.6017386600000023
466.3,674.599465,18.2682726,1.05443631,712.8095339,17.50629982,-0.399559645,16.8,21.41006890000001,0.7619727800000007
466.40000000000003,676.4354398,18.36607435,0.900608555,714.5546687,17.47333846,-0.259667449,16.8,21.31922889999994,0.8927358900000009
466.5,678.2804207,18.44839431,0.745790609,716.2972069,17.45436633,-0.119775252,16.8,21.216786199999955,0.994027980000002
466.6,680.1328596,18.51523248,0.590972663,718.0385474,17.44938341,0.020116944,16.8,21.10568780000001,1.0658490700000023
466.70000000000005,681.9912081,18.56658884,0.436154717,719.780089,17.45838972,0.160009141,16.8,20.98888089999998,1.1081991200000019
466.8,683.8539182,18.60246342,0.281336771,721.5232307,17.48138524,0.299315151,16.8,20.869312500000046,1.1210781799999978
466.90000000000003,685.7194417,18.6228562,0.126518825,723.2693714,17.51836998,0.435104041,16.8,20.749929700000006,1.1044862200000019
467.0,687.5862304,18.62776718,-0.028299122,725.0199101,17.56934395,0.563858693,16.8,20.63367969999997,1.058423229999999
467.1,689.452736,18.61719637,-0.183117068,726.7762456,17.63395542,0.682061987,16.8,20.52350960000008,0.983240949999999
467.20000000000005,691.3174105,18.59114377,-0.337007596,728.5397769,17.71044584,0.786196803,16.8,20.42236639999994,0.8806979300000002
467.3,693.1787057,18.54960937,-0.485333617,730.3119029,17.79670493,0.876995193,16.8,20.333197199999926,0.7529044399999982
467.40000000000003,695.0350733,18.49259318,-0.622530623,732.0940225,17.89062243,0.938778711,16.8,20.25894920000003,0.6019707499999996
467.5,696.8849652,18.42065164,-0.743034106,733.8872533,17.99008807,0.983708685,16.8,20.202288099999986,0.43056357000000034
467.6,698.7268332,18.33656701,-0.841279559,735.6915874,18.09554106,1.008122128,16.8,20.164754200000015,0.24102595000000093
467.70000000000005,700.5591292,18.243678,-0.911702475,737.5067354,18.19722264,1.014949974,16.8,20.147606199999995,0.0464553599999995
467.8,702.3803049,18.14532331,-0.949665764,739.3324081,18.30067105,1.007709343,16.8,20.152103199999896,-0.15534773999999985
467.90000000000003,704.1892573,18.04484164,-0.954242008,741.1683161,18.40157821,0.985668183,16.8,20.17905879999996,-0.3567365699999989
468.0,705.9866641,17.94557169,-0.926358625,743.0141702,18.49959242,0.965091126,16.8,20.22750609999998,-0.5540207299999977
468.1,707.7736481,17.85085218,-0.870652704,744.869681,18.59471367,0.936747778,16.8,20.296032900000068,-0.7438614900000005
468.20000000000005,709.5513319,17.76402181,-0.792688754,746.7345594,18.68694197,0.907818244,16.8,20.38322749999993,-0.9229201600000003
468.3,711.3208385,17.68786283,-0.698031281,748.6085159,18.77627732,0.87888871,16.8,20.487677400000006,-1.0884144899999981
468.40000000000003,713.0832906,17.62293168,-0.592244793,750.4912613,18.86271971,0.849959176,16.8,20.607970699999964,-1.2397880299999997
468.5,714.8398109,17.56922838,-0.480893797,752.3825063,18.94626916,0.821029642,16.8,20.74269540000007,-1.3770407800000015
468.6,716.5915223,17.52675292,-0.368615384,754.2819616,19.02692564,0.792100108,16.8,20.890439300000093,-1.500172720000002
468.70000000000005,718.3395476,17.49550531,-0.256336971,756.1893379,19.10468918,0.763170574,16.8,21.049790300000108,-1.6091838700000025
468.8,720.0850095,17.47548553,-0.144058557,758.1043459,19.17955976,0.734255892,16.8,21.219336400000042,-1.7040742299999998
468.90000000000003,721.8290308,17.4666936,-0.031780144,760.0266964,19.25153739,0.70543032,16.8,21.397665599999936,-1.78484379
469.0,723.5727343,17.4691295,0.080498269,761.9560999,19.32062206,0.67678297,16.8,21.583365600000047,-1.8514925600000005
469.1,725.3172428,17.48279325,0.192776683,763.8922673,19.38682269,0.648402952,16.8,21.775024499999926,-1.9040294399999986
469.20000000000005,727.063679,17.50768484,0.304554492,765.8349091,19.45018384,0.620379377,16.8,21.971230100000025,-1.9424990000000015
469.3,728.8131658,17.54380427,0.413328681,767.7837362,19.51075896,0.592801355,16.8,22.17057040000004,-1.9669546900000014
469.40000000000003,730.5668259,17.59115154,0.516095627,769.7384593,19.56860153,0.565743146,16.8,22.371633400000018,-1.9774499900000002
469.5,732.3257822,17.64942629,0.60985171,771.6987961,19.62376501,0.539219601,16.8,22.573013899999932,-1.9743387199999987
469.6,734.0911574,17.71712671,0.691593308,773.664493,19.67630287,0.513215868,16.8,22.77333559999995,-1.959176160000002
469.70000000000005,735.8640742,17.79245063,0.760831912,775.6353035,19.72626858,0.487657689,16.8,22.97122929999996,-1.9338179499999981
469.8,737.6456555,17.87359586,0.807519167,777.6109811,19.7737156,0.462455953,16.8,23.165325600000028,-1.900119740000001
469.90000000000003,739.4367838,17.95876025,0.838699808,779.5912793,19.81868848,0.437521549,16.8,23.354495500000052,-1.8599282299999977
470.0,741.2373804,18.04765069,0.852359325,781.5759514,19.86119614,0.412765366,16.8,23.538571,-1.8135454499999994
470.1,743.0471263,18.13393779,0.851000736,783.5647511,19.90123858,0.388098294,16.8,23.71762480000002,-1.7673007900000002
470.20000000000005,744.8657026,18.2203466,0.837627662,785.5574318,19.9388158,0.363446074,16.8,23.891729200000054,-1.7184692000000013
470.3,746.6927904,18.30386622,0.812728611,787.5537469,19.9739278,0.338793854,16.8,24.06095649999993,-1.6700615799999987
470.40000000000003,748.5280707,18.38419631,0.786852544,789.5534499,20.00657457,0.314141633,16.8,24.225379200000088,-1.6223782600000014
470.5,750.3712244,18.46133685,0.755457743,791.5562944,20.03675612,0.289489413,16.8,24.385069999999995,-1.5754192700000011
470.6,752.2219328,18.53528785,0.723562338,793.5620338,20.06447246,0.264837193,16.8,24.540101000000003,-1.5291846100000015
470.70000000000005,754.0798768,18.60604932,0.691666933,795.5704215,20.08972356,0.240184973,16.8,24.690544699999986,-1.4836742399999991
470.8,755.9447374,18.67362124,0.659771529,797.5812111,20.11250945,0.21560183,16.8,24.83647370000001,-1.4388882100000018
470.90000000000003,757.8161958,18.73800362,0.627876124,799.594156,20.13283011,0.191433157,16.8,24.97796020000005,-1.3948264899999998
471.0,759.6939329,18.79919647,0.595980719,801.6090097,20.15068556,0.16809342,16.8,25.11507679999995,-1.3514890900000012
471.1,761.5776299,18.85719977,0.564085314,803.6255257,20.16611722,0.145997088,16.8,25.24789579999999,-1.3089174499999991
471.20000000000005,763.4669676,18.91201353,0.532292041,805.6434575,20.17933235,0.125558631,16.8,25.376489899999978,-1.2673188199999998
471.3,765.3616273,18.96363775,0.501111559,807.6625585,20.19057962,0.107192515,16.8,25.500931200000036,-1.226941870000001
471.40000000000003,767.26129,19.01207243,0.471156658,809.6825822,20.2001077,0.091244132,16.8,25.621292199999925,-1.1880352700000003
471.5,769.1656366,19.05737885,0.443040128,811.7033153,20.20816529,0.07778256,16.8,25.737678700000014,-1.150786440000001
471.6,771.0743483,19.0998634,0.417374761,813.724677,20.21500107,0.066738721,16.8,25.850328700000045,-1.1151376699999993
471.70000000000005,772.987106,19.13989376,0.394773347,815.7466197,20.2208637,0.057767224,16.8,25.959513699999956,-1.0809699399999992
471.8,774.9035909,19.17783761,0.375746544,817.7690959,20.22600189,0.0504536,16.8,26.065504999999984,-1.0481642799999982
471.90000000000003,776.8235329,19.21406261,0.360396485,819.792058,20.23062285,0.044383382,16.8,26.168525099999965,-1.0165602400000004
472.0,778.7468584,19.24893644,0.348621038,821.8154583,20.23476804,0.039142101,16.8,26.268599900000094,-0.9858315999999974
472.1,780.6735423,19.28282678,0.339909543,823.8392495,20.23843745,0.034315288,16.8,26.365707200000042,-0.9556106699999987
472.20000000000005,782.6035601,19.31610129,0.333649211,825.8633837,20.24163109,0.029557554,16.8,26.459823600000004,-0.9255297999999996
472.3,784.5368867,19.34906638,0.329227251,827.8878136,20.24434896,0.024799819,16.8,26.55092689999999,-0.8952825799999999
472.40000000000003,786.4734974,19.38178333,0.326030871,829.9124914,20.24659106,0.020042084,16.8,26.63899399999998,-0.864807729999999
472.5,788.4133674,19.41425213,0.323447283,831.9373697,20.24835738,0.01528435,16.8,26.724002300000006,-0.8341052500000004
472.6,790.3564719,19.44647279,0.320965826,833.9624008,20.24964793,0.010526615,16.8,26.80592889999998,-0.8031751399999969
472.70000000000005,792.302786,19.4784453,0.318484369,835.9875371,20.2504627,0.005768881,16.8,26.884751100000084,-0.7720173999999993
472.8,794.252285,19.51016966,0.316002912,838.0127312,20.2508017,0.001011146,16.8,26.960446199999932,-0.7406320400000013
472.90000000000003,796.204944,19.54164588,0.313521455,840.0379354,20.25066493,-0.003733183,16.8,27.032991400000082,-0.7090190499999984
473.0,798.1607383,19.57287395,0.311039998,842.0631021,20.25005239,-0.008397081,16.8,27.10236379999999,-0.6771784399999987
473.1,800.1196429,19.60385388,0.309333996,844.0881837,20.24896407,-0.012900115,16.8,27.168540799999914,-0.6451101900000005
473.20000000000005,802.0816331,19.63458566,0.307266515,846.1131328,20.24740802,-0.017161854,16.8,27.23149970000004,-0.6128223600000027
473.3,804.0466841,19.6650693,0.306852939,848.1379016,20.24542445,-0.021101866,16.8,27.29121749999997,-0.5803551500000026
473.40000000000003,806.0147711,19.69578056,0.312107599,850.1624427,20.24306164,-0.024639719,16.8,27.34767160000008,-0.5472810800000012
473.5,807.9858691,19.72591249,0.324691211,852.1867084,20.24036782,-0.027708386,16.8,27.400839300000097,-0.5144553300000005
473.6,809.9599536,19.75698572,0.347046759,854.2106576,20.23739127,-0.030294464,16.8,27.45070400000004,-0.4804055500000004
473.70000000000005,811.9369995,19.79111844,0.380824274,856.2342749,20.23418024,-0.032411355,16.8,27.49727539999999,-0.44306179999999884
473.8,813.9169821,19.82940039,0.429811662,858.2575514,20.23078299,-0.034126089,16.8,27.54056929999997,-0.4013826000000016
473.90000000000003,815.9000721,19.87329735,0.493917553,860.280478,20.22724778,-0.035519095,16.8,27.580405900000027,-0.3539504299999976
474.0,817.8872217,19.92427512,0.571647409,862.3030458,20.22361482,-0.036670806,16.8,27.615824099999895,-0.2993397000000009
474.1,819.8795789,19.98379949,0.661592186,864.3252458,20.21989217,-0.037661653,16.8,27.64566689999999,-0.23609268000000228
474.20000000000005,821.8782914,20.05333625,0.761308899,866.3470691,20.21607981,-0.038572069,16.8,27.66877770000003,-0.16274355999999912
474.3,823.884507,20.13410688,0.868354564,868.3685066,20.21217775,-0.039469079,16.8,27.68399960000006,-0.07807086999999768
474.40000000000003,825.8993737,20.2263557,0.980286198,870.3895495,20.20818599,-0.040366089,16.8,27.690175800000087,0.018169709999998673
474.5,827.9240391,20.33008269,1.094660816,872.4101887,20.20410454,-0.041263099,16.8,27.68614960000009,0.12597815000000168
474.6,829.9596511,20.44528786,1.209442598,874.4304152,20.19993337,-0.04216011,16.8,27.670764099999996,0.24535449000000042
474.70000000000005,832.0073576,20.57197121,1.32422438,876.4502202,20.19567251,-0.04305712,16.8,27.64286260000001,0.37629869999999954
474.8,834.0683063,20.71013274,1.439006162,878.4695946,20.19132195,-0.04395413,16.8,27.601288300000032,0.5188107899999999
474.90000000000003,836.143645,20.85977244,1.553787944,880.4885294,20.18688169,-0.044890597,16.8,27.544884399999955,0.6728907500000005
475.0,838.2345217,21.02089033,1.668569726,882.5070158,20.18235172,-0.046063801,16.8,27.472494100000016,0.8385386100000005
475.1,840.342084,21.19348639,1.783351508,884.5250446,20.17773206,-0.047710481,16.8,27.3829606,1.01575433
475.20000000000005,842.4674799,21.37756063,1.89672451,886.542607,20.17299902,-0.050067375,16.8,27.27512710000003,1.2045616100000025
475.3,844.611857,21.57311305,2.001644837,888.559694,20.16803423,-0.053371219,16.8,27.14783700000005,1.40507882
475.40000000000003,846.7763634,21.78014364,2.084262796,890.5762966,20.16269566,-0.057858753,16.8,26.99993319999994,1.617447979999998
475.5,848.9621467,21.99780715,2.152316757,892.5924058,20.15684126,-0.063727257,16.8,26.830259100000102,1.8409658899999997
475.6,851.1703548,22.22187723,2.181162998,894.6079938,20.15032899,-0.071016188,16.8,26.63763899999999,2.071548240000002
475.70000000000005,853.4021355,22.44404407,2.167745859,896.6229568,20.14301681,-0.079686089,16.8,26.42082130000001,2.3010272600000015
475.8,855.6586366,22.66895068,2.105021443,898.6371723,20.13476266,-0.089539679,16.8,26.17853569999995,2.5341880199999984
475.90000000000003,857.9403297,22.88181085,1.99158097,900.6505176,20.12542452,-0.100340221,16.8,25.910187899999936,2.7563863300000015
476.0,860.2449816,23.08079116,1.834230235,902.6628702,20.11488401,-0.111850976,16.8,25.617888600000082,2.9659071499999996
476.1,862.5696829,23.26082002,1.62382209,904.6741074,20.10311745,-0.123835206,16.8,25.30442450000005,3.1577025700000014
476.20000000000005,864.9115239,23.41682581,1.385000254,906.6841067,20.09012486,-0.136056174,16.8,24.97258280000001,3.3267009499999993
476.3,867.2675954,23.54458221,1.120820391,908.6927454,20.07590622,-0.148316599,16.8,24.62515000000003,3.4686759900000013
476.40000000000003,869.6349877,23.64324394,0.839735175,910.699901,20.06046154,-0.160577024,16.8,24.264913299999943,3.582782400000003
476.5,872.0107915,23.712811,0.550197284,912.7054508,20.04379082,-0.172837448,16.8,23.89465930000001,3.669020179999997
476.6,874.3920972,23.75328339,0.259250613,914.7092722,20.02589405,-0.185097873,16.8,23.51717500000002,3.7273893399999984
476.70000000000005,876.7759955,23.76466112,-0.031696058,916.7112426,20.00677124,-0.197358297,16.8,23.13524709999997,3.7578898800000005
476.8,879.1595768,23.74694418,-0.322642729,918.7112394,19.98642239,-0.209618722,16.8,22.751662599999985,3.7605217899999985
476.90000000000003,881.5399317,23.70013257,-0.6135894,920.7091401,19.9648475,-0.222125285,16.8,22.3692084,3.7352850699999998
477.0,883.9141506,23.6242263,-0.904536071,922.704822,19.94204656,-0.236108678,16.8,21.990671400000064,3.6821797399999987
477.1,886.2793242,23.51922536,-1.195482742,924.6981624,19.91801958,-0.253045733,16.8,21.61883819999998,3.601205780000001
477.20000000000005,888.632543,23.38512975,-1.485119683,926.6890389,19.89261888,-0.274413279,16.8,21.25649589999996,3.4925108700000003
477.3,890.9708975,23.22193948,-1.766898243,928.6773288,19.86510603,-0.301688147,16.8,20.906431300000076,3.35683345
477.40000000000003,893.2914783,23.02965454,-2.032960042,930.6629094,19.83459495,-0.336347167,16.8,20.571431099999995,3.1950595899999996
477.5,895.5913758,22.80906076,-2.275446698,932.6456583,19.80019953,-0.379621033,16.8,20.2542825,3.008861230000001
477.6,897.8676806,22.56408735,-2.487076954,934.6253345,19.76103367,-0.431755881,16.8,19.957653900000036,2.8030536800000014
477.70000000000005,900.1174832,22.29944934,-2.662267728,936.6012249,19.71621128,-0.492505574,16.8,19.683741699999995,2.5832380599999993
477.8,902.3378743,22.01986173,-2.784181732,938.5724979,19.66484626,-0.560639419,16.8,19.434623600000076,2.355015469999998
477.90000000000003,904.5265729,21.72969331,-2.86295212,940.5383221,19.60605251,-0.634680587,16.8,19.21174919999994,2.123640799999997
478.0,906.6838129,21.4322939,-2.895881953,942.4978658,19.53909161,-0.713152246,16.8,19.014052899999978,1.8932022900000014
478.1,908.810457,21.13855173,-2.889519882,944.4502978,19.46381588,-0.794577566,16.8,18.8398408,1.6747358500000011
478.20000000000005,910.9073677,20.84631608,-2.851147164,946.3947864,19.38022532,-0.877479716,16.8,18.687418700000034,1.4660907600000002
478.3,912.9754074,20.56192016,-2.786346881,948.3305003,19.28831993,-0.960628005,16.8,18.555092900000044,1.2736002299999996
478.40000000000003,915.0154389,20.2861498,-2.713266052,950.2566078,19.18809972,-1.043776294,16.8,18.441168899999933,1.0980500800000002
478.5,917.0283246,20.01900501,-2.628320173,952.1722776,19.07956468,-1.126924583,16.8,18.34395300000001,0.93944033
478.6,919.0149271,19.76048577,-2.542064563,954.0766782,18.9627148,-1.210072872,16.8,18.261751099999923,0.7977709699999984
478.70000000000005,920.976109,19.51059209,-2.455808954,955.968978,18.8375501,-1.293221161,16.8,18.19286900000004,0.673041989999998
478.8,922.9127328,19.26932398,-2.369553344,957.8483456,18.70407057,-1.37636945,16.8,18.135612800000057,0.5652534100000004
478.90000000000003,924.825661,19.03668143,-2.283297735,959.7139495,18.56227621,-1.459517739,16.8,18.088288500000044,0.4744052200000013
479.0,926.7157563,18.81266443,-2.197042125,961.5649583,18.41216702,-1.542560393,16.8,18.04920199999999,0.4004974100000034
479.1,928.5838811,18.597273,-2.110786516,963.4005404,18.25374301,-1.624969237,16.8,18.01665929999997,0.3435299900000004
479.20000000000005,930.4308981,18.39050713,-2.024530906,965.2198643,18.08700416,-1.706110462,16.8,17.988966200000004,0.30350297000000026
479.3,932.2576698,18.19236682,-1.938851439,967.0220986,17.91201387,-1.785350258,16.8,17.964428800000018,0.28035295000000104
479.40000000000003,934.0650587,18.00285207,-1.856628826,968.8064118,17.72908903,-1.862054815,16.8,17.94135309999997,0.2737630399999986
479.5,935.8539274,17.82196288,-1.781319921,970.5719724,17.53860993,-1.935590325,16.8,17.918045000000074,0.28335295000000116
479.6,937.6251385,17.64935357,-1.716381577,972.3179489,17.34095687,-2.005428611,16.8,17.892810399999984,0.3083966999999994
479.70000000000005,939.3795545,17.4832957,-1.66527065,974.0435606,17.13651012,-2.071464039,16.8,17.864006099999937,0.3467855799999988
479.8,941.1180379,17.32171518,-1.631443992,975.7482295,16.92564996,-2.133802245,16.8,17.83019159999999,0.39606522000000055
479.90000000000003,942.8414514,17.16253787,-1.617782317,977.4314283,16.7087567,-2.192971402,16.8,17.78997690000001,0.45378117000000273
480.0,944.5503809,17.00368968,-1.624861765,979.0926298,16.4862106,-2.249605321,16.8,17.742248900000003,0.5174790800000011
480.1,946.2443063,16.84309649,-1.652106194,980.7313067,16.25832859,-2.30433781,16.8,17.687000400000056,0.5847678999999992
480.20000000000005,947.9224308,16.67868418,-1.696634894,982.3469318,16.02517403,-2.357802681,16.8,17.624500999999963,0.6535101500000025
480.3,949.5839577,16.50837865,-1.754991009,983.9389778,15.78674692,-2.410633742,16.8,17.555020099999933,0.7216317300000004
480.40000000000003,951.2280902,16.33045146,-1.823717687,985.5069174,15.54304728,-2.463359167,16.8,17.478827200000023,0.7874041799999993
480.5,952.8540316,16.14455694,-1.899358072,987.0502235,15.29407509,-2.516084593,16.8,17.39619190000003,0.8504818500000013
480.6,954.4609853,15.95069507,-1.978455311,988.5683687,15.03983036,-2.568810019,16.8,17.307383400000003,0.9108647100000002
480.70000000000005,956.0481543,15.74886587,-2.058128693,990.0608258,14.78031309,-2.621535445,16.8,17.21267150000001,0.9685527799999996
480.8,957.6147421,15.53906934,-2.137802075,991.5270676,14.51552327,-2.674260871,16.8,17.112325500000065,1.02354607
480.90000000000003,959.1599519,15.32130546,-2.217475456,992.9665668,14.24546091,-2.726986296,16.8,17.0066149,1.0758445499999993
481.0,960.6829869,15.09557424,-2.297148838,994.3787961,13.97012601,-2.778555608,16.8,16.895809200000098,1.12544823
481.1,962.1830504,14.86187569,-2.376822219,995.7632282,13.68951857,-2.814862006,16.8,16.7801778,1.1723571199999991
481.20000000000005,963.6593457,14.6202098,-2.456495601,997.119336,13.40363858,-2.853947501,16.8,16.659990299999958,1.2165712199999987
481.3,965.111076,14.37057657,-2.535379972,998.4465922,13.11317972,-2.863896716,16.8,16.53551620000003,1.257396850000001
481.40000000000003,966.5374447,14.112976,-2.609530281,999.7444695,12.82660607,-2.846099199,16.8,16.4070248,1.2863699299999993
481.5,967.9376549,13.8474081,-2.671607588,1001.012441,12.53309241,-2.793618269,16.8,16.274786099999982,1.3143156900000008
481.6,969.31091,13.57434626,-2.724692457,1002.249978,12.25178798,-2.700673355,16.8,16.13906800000002,1.3225582800000009
481.70000000000005,970.6564131,13.29615752,-2.756236199,1003.457111,11.98185905,-2.574434575,16.8,16.000697900000045,1.3142984699999989
481.8,971.9733677,13.01724525,-2.764109627,1004.636084,11.72746762,-2.39107935,16.8,15.862716299999942,1.2897776299999997
481.90000000000003,973.2609769,12.7357611,-2.744367687,1005.789702,11.49277571,-2.181366941,16.8,15.728725100000087,1.2429853899999994
482.0,974.5188227,12.45923428,-2.696221371,1006.920766,11.28194532,-1.943907801,16.8,15.60194329999997,1.1772889600000003
482.1,975.748002,12.18894232,-2.623064562,1008.032079,11.0984448,-1.685638613,16.8,15.48407699999991,1.0904975200000013
482.20000000000005,976.9499905,11.92772565,-2.521027689,1009.126444,10.94296782,-1.413496059,16.8,15.376453499999979,0.9847578299999995
482.3,978.1262638,11.6784247,-2.402659439,1010.206661,10.81551437,-1.134416822,16.8,15.280397200000106,0.8629103300000001
482.40000000000003,979.2782974,11.44340651,-2.270089001,1011.275535,10.71608445,-0.854181471,16.8,15.197237599999948,0.7273220600000005
482.5,980.407567,11.22314448,-2.128050437,1012.335866,10.64467807,-0.57394612,16.8,15.128299000000037,0.5784664100000008
482.6,981.5155482,11.01763862,-1.981277809,1013.390459,10.60129523,-0.293710769,16.8,15.074910799999952,0.41634338999999976
482.70000000000005,982.6037166,10.82688892,-1.833716172,1014.442114,10.58593592,-0.013475419,16.8,15.038397399999962,0.2409529999999993
482.8,983.6735479,10.65089539,-1.686154534,1015.493634,10.59860015,0.266759932,16.8,15.020086100000025,0.052295240000001186
482.90000000000003,984.7265176,10.48965802,-1.538592897,1016.547822,10.63928791,0.546995283,16.8,15.02130440000003,-0.14962988999999993
483.0,985.7641014,10.34317681,-1.391031259,1017.60748,10.7079992,0.825920757,16.8,15.04337860000005,-0.3648223900000005
483.1,986.7877749,10.21145176,-1.243469621,1018.67541,10.80473403,1.096986973,16.8,15.08763510000001,-0.5932822700000013
483.20000000000005,987.7990137,10.09448288,-1.095907984,1019.754415,10.9294924,1.352334673,16.8,15.155401299999948,-0.8350095200000016
483.3,988.7992934,9.992270167,-0.948721885,1020.847297,11.08148837,1.584104597,16.8,15.248003600000015,-1.0892182030000015
483.40000000000003,989.7900896,9.904813614,-0.803789018,1021.956858,11.25679233,1.789491263,16.8,15.366768400000023,-1.3519787159999996
483.5,990.772878,9.832113225,-0.663362616,1023.085901,11.45068871,1.945474086,16.8,15.513023000000043,-1.6185754849999991
483.6,991.7491342,9.773943677,-0.529695911,1024.237228,11.65846196,2.060665011,16.8,15.6880938,-1.8845182830000002
483.70000000000005,992.7203338,9.729178353,-0.405042134,1025.413013,11.87842879,2.128700385,16.8,15.892679200000043,-2.149250436999999
483.8,993.6879523,9.696465314,-0.291654519,1026.612914,12.09677685,2.150890086,16.8,16.12496170000004,-2.4003115360000002
483.90000000000003,994.6534655,9.67445262,-0.191410759,1027.835961,12.31788738,2.133783495,16.8,16.38249549999996,-2.64343476
484.0,995.6181686,9.661788333,-0.104686393,1029.081184,12.53401256,2.080186094,16.8,16.663015399999903,-2.8722242270000002
484.1,996.5826361,9.657120513,-0.031105881,1030.347614,12.74122276,2.01311847,16.8,16.964977900000076,-3.084102246999999
484.20000000000005,997.5472619,9.659097221,0.03120847,1031.634279,12.93873206,1.925278553,16.8,17.28701710000014,-3.279634839
484.3,998.5124401,9.666366517,0.084509891,1032.940211,13.12654045,1.829579378,16.8,17.62777090000004,-3.460173933
484.40000000000003,999.4785649,9.677801785,0.131051616,1034.264438,13.30464793,1.732570327,16.8,17.98587309999989,-3.626846145
484.5,1000.44603,9.693177702,0.173086876,1035.605991,13.47305451,1.635561275,16.8,18.359960999999952,-3.779876808000001
484.6,1001.41523,9.712494268,0.212868903,1036.963899,13.63176019,1.538552224,16.8,18.74866900000013,-3.9192659219999992
484.70000000000005,1002.386559,9.735751483,0.252275393,1038.337193,13.78076496,1.441543172,16.8,19.150634000000036,-4.045013477000001
484.8,1003.36041,9.762949346,0.291681882,1039.724903,13.92006882,1.344534121,16.8,19.564493000000038,-4.157119474
484.90000000000003,1004.337178,9.794087859,0.331088371,1041.126058,14.04967178,1.247525069,16.8,19.988880000000062,-4.255583921000001
485.0,1005.317257,9.829167021,0.37049486,1042.539688,14.16957384,1.150516018,16.8,20.422431000000028,-4.340406819
485.1,1006.301041,9.868186831,0.409901349,1043.964823,14.27977498,1.054101381,16.8,20.86378199999997,-4.411588149
485.20000000000005,1007.288924,9.91114729,0.449307838,1045.400493,14.38027523,0.961253233,16.8,21.311569000000144,-4.46912794
485.3,1008.2813,9.958048399,0.489601809,1046.845728,14.47107457,0.875538063,16.8,21.76442800000002,-4.513026171
485.40000000000003,1009.278564,10.00889016,0.535220673,1048.299558,14.55252965,0.80052236,16.8,22.220993999999973,-4.54363949
485.5,1010.281108,10.06367256,0.591489322,1049.761013,14.62642372,0.739772611,16.8,22.67990500000003,-4.5627511599999995
485.6,1011.289328,10.12292811,0.663732649,1051.229123,14.69489667,0.696855308,16.8,23.139795000000117,-4.57196856
485.70000000000005,1012.303617,10.18931923,0.757275547,1052.702917,14.7600884,0.674742522,16.8,23.59930000000004,-4.57076917
485.8,1013.324369,10.26604088,0.877442908,1054.181711,14.8241388,0.674028669,16.8,24.057341999999903,-4.55809792
485.90000000000003,1014.351979,10.35628799,1.028672142,1055.665962,14.88918775,0.694119335,16.8,24.513983000000007,-4.532899759999999
486.0,1015.387267,10.46325548,1.211850732,1057.15641,14.95737516,0.732042445,16.8,24.9691430000001,-4.494119679999999
486.1,1016.432756,10.59013831,1.426091196,1058.653799,15.03084092,0.784231511,16.8,25.421042999999894,-4.440702609999999
486.20000000000005,1017.491396,10.74013139,1.666956123,1060.158869,15.11136827,0.847120043,16.8,25.867473000000086,-4.37123688
486.3,1018.566139,10.91642967,1.92912062,1061.672364,15.19931387,0.917141553,16.8,26.306224999999994,-4.2828842
486.40000000000003,1019.659932,11.1216956,2.207259795,1063.195023,15.2946777,0.990729551,16.8,26.735090999999965,-4.172982099999999
486.5,1020.775728,11.35646166,2.496048756,1064.72759,15.39745978,1.064911965,16.8,27.151862000000005,-4.040998119999999
486.6,1021.916475,11.62072786,2.790162609,1066.270806,15.5076601,1.139094378,16.8,27.554331,-3.88693224
486.70000000000005,1023.085123,11.91449418,3.085163944,1067.825413,15.62527865,1.213276791,16.8,27.940290000000072,-3.71078447
486.8,1024.284623,12.23776064,3.38016528,1069.392153,15.75031545,1.287459205,16.8,28.307529999999996,-3.512554810000001
486.90000000000003,1025.517925,12.59052724,3.675166615,1070.971767,15.88277049,1.361641618,16.8,28.653841999999894,-3.2922432500000003
487.0,1026.787979,12.97279397,3.97016795,1072.564997,16.02264378,1.435824032,16.8,28.977017999999997,-3.0498498099999996
487.1,1028.097734,13.38456083,4.265169286,1074.172586,16.1699353,1.509891142,16.8,29.274851999999964,-2.785374469999999
487.20000000000005,1029.450141,13.82582783,4.560170621,1075.795275,16.32464507,1.583266435,16.8,29.545133999999916,-2.4988172399999993
487.3,1030.848149,14.29659495,4.853148301,1077.433806,16.48677307,1.655258092,16.8,29.785657000000082,-2.1901781200000023
487.40000000000003,1032.29471,14.79686222,5.133984048,1079.088921,16.65625014,1.725174297,16.8,29.99421100000013,-1.8593879200000014
487.5,1033.792772,15.32662961,5.39053593,1080.761361,16.83273036,1.79232323,16.8,30.168589000000065,-1.5061007499999999
487.6,1035.345286,15.88468295,5.610662015,1082.451869,17.01579863,1.856013075,16.8,30.306583,-1.1311156799999988
487.70000000000005,1036.955201,16.46495126,5.78222037,1084.161185,17.20503988,1.915667317,16.8,30.405983999999943,-0.7400886200000016
487.8,1038.625468,17.06014938,5.893069062,1085.889998,17.400039,1.971170653,16.8,30.46453000000015,-0.339889620000001
487.90000000000003,1040.359038,17.66299216,5.933089815,1087.638771,17.60038092,2.022638385,16.8,30.47973299999985,0.06261124000000251
488.0,1042.157887,18.26619444,5.900258972,1089.407914,17.80565053,2.070647029,16.8,30.450026999999817,0.4605439099999984
488.1,1044.02011,18.86247105,5.79660019,1091.197838,18.01543275,2.115888402,16.8,30.377728000000115,0.8470383000000012
488.20000000000005,1045.942829,19.44453684,5.632231745,1093.008952,18.22938166,2.159054322,16.8,30.266122999999833,1.21515518
488.3,1047.923166,20.00510664,5.419295571,1094.841666,18.4474281,2.200836607,16.8,30.118499999999994,1.5576785400000013
488.40000000000003,1049.958241,20.5381095,5.169933598,1096.696389,18.66957205,2.241927074,16.8,29.93814799999991,1.8685374500000016
488.5,1052.045178,21.04233121,4.896287761,1098.573531,18.89581351,2.282902238,16.8,29.728352999999924,2.1465177000000004
488.6,1054.181098,21.51777178,4.610499991,1100.473503,19.12615249,2.323877402,16.8,29.492404999999916,2.3916192900000013
488.70000000000005,1056.363123,21.96443121,4.322688566,1102.396713,19.36058899,2.364852566,16.8,29.233590000000003,2.6038422200000007
488.8,1058.588375,22.38230949,4.034877141,1104.343572,19.59912301,2.405827731,16.8,28.955196999999952,2.7831864800000012
488.90000000000003,1060.853975,22.77140664,3.747065716,1106.314489,19.84175454,2.446802895,16.8,28.660514000000102,2.9296520999999984
489.0,1063.157047,23.13172264,3.45925429,1108.309874,20.08848359,2.487778059,16.8,28.352827000000115,3.0432390500000004
489.1,1065.49471,23.46325749,3.171442865,1110.330137,20.33931015,2.528742246,16.8,28.03542699999998,3.123947340000001
489.20000000000005,1067.864089,23.76601121,2.88363144,1112.375687,20.59423423,2.569640572,16.8,27.71159800000005,3.171776979999997
489.3,1070.262303,24.03998378,2.595820015,1114.446935,20.85325583,2.610407174,16.8,27.384631999999964,3.1867279500000016
489.40000000000003,1072.686476,24.28517521,2.308977984,1116.54429,21.11636835,2.650976193,16.8,27.05781399999996,3.16880686
489.5,1075.133729,24.5015855,2.027952323,1118.668161,21.38353888,2.691281765,16.8,26.73443200000015,3.118046620000001
489.6,1077.601184,24.68921465,1.7585594,1120.818959,21.65472789,2.73125803,16.8,26.417774999999846,3.03448676
489.70000000000005,1080.085962,24.84864429,1.506615585,1122.997094,21.92989587,2.770850103,16.8,26.11113199999995,2.91874842
489.8,1082.585187,24.9827826,1.277937246,1125.202969,22.20900329,2.810047008,16.8,25.817782000000033,2.773779310000002
489.90000000000003,1085.095979,25.09511942,1.078340753,1127.436968,22.49201065,2.84885972,16.8,25.540989000000035,2.6031087699999986
490.0,1087.61546,25.18914456,0.91267308,1129.69947,22.77887842,2.887343125,16.8,25.284010000000034,2.4102661399999974
490.1,1090.141219,25.26834785,0.781903622,1131.990852,23.06956709,2.925563084,16.8,25.04963299999981,2.1987807600000018
490.20000000000005,1092.672702,25.3362191,0.685062984,1134.311492,23.36404372,2.963585459,16.8,24.83878999999997,1.9721753799999995
490.3,1095.209824,25.39624813,0.617304192,1136.66177,23.66230174,3.001476111,16.8,24.651945999999906,1.7339463899999998
490.40000000000003,1097.752499,25.45192478,0.572810876,1139.042062,23.96434114,3.039300901,16.8,24.489563000000043,1.4875836400000004
490.5,1100.300641,25.50615721,0.545766668,1141.452747,24.27016192,3.077114715,16.8,24.352106000000003,1.2359952900000017
490.6,1102.854162,25.55952708,0.530355198,1143.894204,24.57976408,3.114928528,16.8,24.240041999999857,0.9797629999999984
490.70000000000005,1105.412977,25.61203437,0.520760098,1146.366809,24.89314763,3.152742342,16.8,24.153832000000147,0.7188867399999985
490.8,1107.977,25.6636791,0.512134392,1148.870943,25.21031255,3.190556155,16.8,24.093942999999808,0.45336654999999837
490.90000000000003,1110.546144,25.71446125,0.503508686,1151.406981,25.53125886,3.228369968,16.8,24.060837000000173,0.18320238999999816
491.0,1113.120324,25.76438084,0.49488298,1153.975304,25.85598654,3.266183782,16.8,24.054980000000068,-0.09160569999999879
491.1,1115.699452,25.81343785,0.486257274,1156.576288,26.18449561,3.303997595,16.8,24.07683599999991,-0.37105775999999935
491.20000000000005,1118.283443,25.86163229,0.477631569,1159.210312,26.51678606,3.341246452,16.8,24.126868999999896,-0.6551537700000019
491.3,1120.87221,25.90896416,0.470683083,1161.877754,26.8528579,3.373933846,16.8,24.2055440000001,-0.94389374
491.40000000000003,1123.465667,25.95543346,0.463974201,1164.578993,27.19271111,3.40168328,16.8,24.313326000000142,-1.237277650000003
491.5,1126.063728,26.00104019,0.459191844,1167.314406,27.53600673,3.41909563,16.8,24.45067799999988,-1.5349665399999992
491.6,1128.666306,26.04679069,0.468229947,1170.084371,27.88034685,3.422447095,16.8,24.61806499999984,-1.833556159999997
491.70000000000005,1131.273316,26.09182237,0.494002184,1172.889268,28.22550558,3.408849863,16.8,24.81595199999988,-2.133683210000001
491.8,1133.884671,26.1371474,0.5420866,1175.729473,28.56824344,3.375479153,16.8,25.04480200000007,-2.43109604
491.90000000000003,1136.500284,26.18990213,0.616384019,1178.605093,28.90632615,3.322941731,16.8,25.30480899999993,-2.7164240200000016
492.0,1139.12007,26.25183477,0.723910104,1181.515152,29.23802103,3.248789311,16.8,25.595082,-2.98618626
492.1,1141.744389,26.32629215,0.868555976,1184.4584,29.56129422,3.157856061,16.8,25.914011000000027,-3.23500207
492.20000000000005,1144.375385,26.4166211,1.043076074,1187.433588,29.87411189,3.053865783,16.8,26.258203000000048,-3.457490789999998
492.3,1147.015649,26.52616843,1.245486395,1190.439467,30.17477917,2.939706287,16.8,26.623817999999982,-3.6486107400000023
492.40000000000003,1149.667774,26.65828098,1.470208895,1193.474788,30.46295708,2.818767313,16.8,27.00701399999998,-3.8046760999999982
492.5,1152.33435,26.81574777,1.711665529,1196.538303,30.73864562,2.6944386,16.8,27.403952999999955,-3.9228978499999982
492.6,1155.017967,26.99912661,1.964278253,1199.628762,31.0018448,2.56954493,16.8,27.810795000000052,-4.0027181899999995
492.70000000000005,1157.721219,27.20841749,2.222469021,1202.744917,31.25255461,2.44465126,16.8,28.223697999999967,-4.044137120000002
492.8,1160.446695,27.44362041,2.481589464,1205.885518,31.49077505,2.31975759,16.8,28.638822999999956,-4.047154639999999
492.90000000000003,1163.196987,27.70473538,2.740709907,1209.049316,31.71650613,2.19486392,16.8,29.052329000000054,-4.01177075
493.0,1165.974686,27.9917624,2.999830349,1212.235064,31.92974783,2.06997025,16.8,29.460377999999945,-3.9379854300000012
493.1,1168.782383,28.30470145,3.258950792,1215.441511,32.13050018,1.945076581,16.8,29.85912800000001,-3.825798729999999
493.20000000000005,1171.62267,28.64355255,3.518071235,1218.667408,32.31876315,1.8203853,16.8,30.24473800000005,-3.6752106000000033
493.3,1174.498138,29.0083157,3.777191678,1221.911508,32.49453676,1.696908358,16.8,30.613369999999986,-3.486221060000002
493.40000000000003,1177.411377,29.39899089,4.034158412,1225.17256,32.657821,1.575860093,16.8,30.961183000000073,-3.258830109999998
493.5,1180.36498,29.81557812,4.2782029,1228.449317,32.80873731,1.458454842,16.8,31.284337000000004,-2.9931591899999965
493.6,1183.361537,30.2580774,4.496402892,1231.740528,32.94789285,1.345906943,16.8,31.57899100000004,-2.689815450000001
493.70000000000005,1186.403639,30.7251965,4.675836142,1235.044946,33.07601623,1.239430736,16.8,31.84130699999987,-2.3508197300000013
493.8,1189.493879,31.21047429,4.803580402,1238.36132,33.19383606,1.140038168,16.8,32.067440999999874,-1.983361770000002
493.90000000000003,1192.634846,31.70615744,4.866713425,1241.6885,33.30208092,1.047931629,16.8,32.253654000000054,-1.5959234800000033
494.0,1195.829132,32.20449257,4.854466671,1245.025723,33.40147944,0.962908729,16.8,32.3965909999999,-1.1969868700000035
494.1,1199.078295,32.69772637,4.764686433,1248.372321,33.49276021,0.883957521,16.8,32.494026000000034,-0.7950338400000021
494.20000000000005,1202.379757,33.17810546,4.599526417,1251.727629,33.57665183,0.809863665,16.8,32.547872000000055,-0.39854637000000537
494.3,1205.729906,33.6378765,4.369755164,1255.090982,33.65376147,0.739412824,16.8,32.561075999999915,-0.015884970000001886
494.40000000000003,1209.125131,34.06928615,4.088294921,1258.461712,33.72421057,0.671390659,16.8,32.53658100000003,0.3450755800000067
494.5,1212.561821,34.46587329,3.768067936,1261.839154,33.78799912,0.604582832,16.8,32.477333,0.6778741699999955
494.6,1216.036363,34.82634567,3.421996456,1265.222642,33.84512713,0.537977395,16.8,32.386279000000016,0.9812185400000004
494.70000000000005,1219.545147,35.15070332,3.063002729,1268.61151,33.8955946,0.471371958,16.8,32.26636299999991,1.2551087199999955
494.8,1223.084561,35.43894622,2.701855294,1272.005091,33.93940153,0.404766521,16.8,32.1205300000001,1.4995446900000005
494.90000000000003,1226.650994,35.69107438,2.340707858,1275.40272,33.97654791,0.338161084,16.8,31.95172599999996,1.7145264700000027
495.0,1230.240833,35.90708779,1.979560423,1278.803731,34.00703374,0.271555647,16.8,31.762897999999904,1.9000540500000014
495.1,1233.850469,36.08698646,1.618412987,1282.207457,34.03085904,0.204950209,16.8,31.556988,2.0561274199999957
495.20000000000005,1237.476288,36.23077039,1.257265552,1285.613233,34.04802378,0.137742136,16.8,31.336944999999968,2.1827466100000024
495.3,1241.11468,36.33843957,0.896118117,1289.020392,34.05852799,0.066918243,16.8,31.105711999999993,2.2799115799999967
495.40000000000003,1244.762033,36.40999401,0.535675355,1292.428269,34.06237165,-0.011137288,16.8,30.866236000000026,2.3476223599999955
495.5,1248.414736,36.44543371,0.179460636,1295.836197,34.05919319,-0.100040277,16.8,30.621461000000135,2.386240520000001
495.6,1252.069177,36.44475866,-0.168297998,1299.24351,34.04718469,-0.203406542,16.8,30.374332999999933,2.3975739699999963
495.70000000000005,1255.721745,36.40839167,-0.503372504,1302.649543,34.02417666,-0.324851904,16.8,30.127797999999938,2.3842150099999984
495.8,1259.368829,36.33844677,-0.82153484,1306.053628,33.98799962,-0.467389544,16.8,29.884798999999884,2.350447150000001
495.90000000000003,1263.006816,36.23746077,-1.118556963,1309.454812,33.93648406,-0.6316221,16.8,29.647995999999875,2.3009767100000005
496.0,1266.632095,36.10797051,-1.390915505,1312.850981,33.86746051,-0.816946934,16.8,29.41888600000011,2.2405100000000004
496.1,1270.241393,35.9525128,-1.637905791,1316.239734,33.77875946,-1.020350864,16.8,29.19834099999998,2.1737533399999975
496.20000000000005,1273.832791,35.77362448,-1.860232495,1319.618669,33.66821143,-1.23821807,16.8,28.98587799999991,2.105413050000003
496.3,1277.404705,35.57384237,-2.061418987,1322.985384,33.5340085,-1.466932735,16.8,28.780679000000145,2.0398338700000025
496.40000000000003,1280.955554,35.3557033,-2.245693308,1326.337479,33.3757891,-1.702879037,16.8,28.581925000000137,1.9799142000000032
496.5,1284.483756,35.12132128,-2.417283502,1329.67255,33.19355322,-1.942441159,16.8,28.388793999999915,1.9277680599999982
496.6,1287.987728,34.87111912,-2.58041761,1332.988197,32.98730087,-2.182605918,16.8,28.20046899999984,1.8838182500000045
496.70000000000005,1291.465889,34.60509682,-2.739323676,1336.282019,32.75703204,-2.422770676,16.8,28.01612999999993,1.8480647800000014
496.8,1294.916658,34.32325438,-2.897525068,1339.551612,32.50274673,-2.662935435,16.8,27.83495399999988,1.8205076500000033
496.90000000000003,1298.33845,34.02559181,-3.05572646,1342.794576,32.22444495,-2.903100193,16.8,27.65612600000004,1.801146860000003
497.0,1301.729686,33.71210909,-3.213927853,1346.008509,31.92212669,-3.143264952,16.8,27.4788230000001,1.7899823999999995
497.1,1305.088782,33.38280623,-3.372129245,1349.19101,31.59579196,-3.38342971,16.8,27.302227999999968,1.7870142700000002
497.20000000000005,1308.414157,33.03768324,-3.530330637,1352.339676,31.24544075,-3.623594469,16.8,27.12551900000012,1.7922424899999996
497.3,1311.704229,32.67674011,-3.688532029,1355.452106,30.87107307,-3.862985494,16.8,26.947877000000016,1.805667039999996
497.40000000000003,1314.957415,32.29997683,-3.846194736,1358.525899,30.47268891,-4.097734122,16.8,26.768483999999898,1.8272879199999998
497.5,1318.172134,31.90739342,-4.000625332,1361.558652,30.05028827,-4.323197953,16.8,26.586518000000023,1.8571051499999989
497.6,1321.346804,31.49898987,-4.148591705,1364.547965,29.6043354,-4.534734589,16.8,26.401160999999956,1.894654469999999
497.70000000000005,1324.479842,31.07508939,-4.286861744,1367.491435,29.13715149,-4.727701633,16.8,26.211592999999947,1.9379378999999979
497.8,1327.569667,30.63730804,-4.412203337,1370.38666,28.65152198,-4.897456686,16.8,26.01699299999991,1.9857860600000024
497.90000000000003,1330.614697,30.18758508,-4.521384374,1373.23124,28.15023231,-5.040131084,16.8,25.81654300000009,2.037352770000002
498.0,1333.613349,29.72785979,-4.611711429,1376.023144,27.63606793,-5.154951092,16.8,25.60979500000003,2.0917918600000007
498.1,1336.564301,29.26007142,-4.682645815,1378.761827,27.11181426,-5.242690445,16.8,25.397526000000152,2.14825716
498.20000000000005,1339.467262,28.78615925,-4.734726219,1381.447116,26.58025675,-5.307217807,16.8,25.17985400000016,2.2059025000000005
498.3,1342.322203,28.30806254,-4.770646066,1384.078838,26.04418083,-5.353175576,16.8,24.95663499999996,2.2638817100000033
498.40000000000003,1345.129092,27.82772055,-4.793637468,1386.656819,25.50590771,-5.385206151,16.8,24.72772700000014,2.3218128399999998
498.5,1347.8879,27.34674935,-4.806932536,1389.180886,24.96590163,-5.40795193,16.8,24.492986000000155,2.3808477199999984
498.6,1350.598595,26.86547215,-4.813763381,1391.650866,24.42416258,-5.42605531,16.8,24.252271000000018,2.441309569999998
498.70000000000005,1353.261147,26.38388894,-4.817362115,1394.066585,23.88069057,-5.443384958,16.8,24.005438000000094,2.50319837
498.8,1355.875526,25.90199973,-4.820422163,1396.42787,23.33548559,-5.460714605,16.8,23.752343999999947,2.566514139999999
498.90000000000003,1358.4417,25.41980451,-4.823482212,1398.734549,22.78854765,-5.478044253,16.8,23.492848999999932,2.631256859999997
499.0,1360.95964,24.93730328,-4.826542261,1400.986446,22.23987674,-5.4953739,16.8,23.22680599999985,2.6974265399999986
499.1,1363.429314,24.45449606,-4.829602309,1403.18339,21.68947287,-5.512703547,16.8,22.95407599999994,2.765023190000001
499.20000000000005,1365.850692,23.97138282,-4.832662358,1405.325207,21.13733603,-5.530033195,16.8,22.67451500000011,2.8340467899999986
499.3,1368.223743,23.48796358,-4.835722406,1407.411724,20.58346623,-5.541612748,16.8,22.387981000000035,2.9044973499999998
499.40000000000003,1370.548437,23.00423834,-4.838782455,1409.442767,20.02786346,-5.556027666,16.8,22.09433000000008,2.9763748800000016
499.5,1372.824744,22.52020709,-4.840822488,1411.418163,19.47052773,-5.556146712,16.8,21.79341900000004,3.049679359999999
499.6,1375.052632,22.03586984,-4.843372528,1413.337739,18.91492496,-5.538017444,16.8,21.485107000000152,3.1209448799999997
499.70000000000005,1377.232071,21.55122658,-4.843231865,1415.201322,18.35525745,-5.496887798,16.8,21.169250999999985,3.1959691300000017
499.8,1379.36303,21.06688933,-4.839809052,1417.008737,17.803648,-5.42700768,16.8,20.84570700000013,3.2632413299999996
499.90000000000003,1381.445479,20.58186307,-4.832181141,1418.759813,17.26065576,-5.328403544,16.8,20.514333999999916,3.321207310000002
500.0,1383.479388,20.09829922,-4.819296856,1420.454835,16.72973078,-5.185662442,16.8,20.17544700000003,3.3685684400000007
500.1,1385.464725,19.61632166,-4.801124938,1422.09593,16.21432312,-5.014197322,16.8,19.83120499999991,3.401998540000001
500.20000000000005,1387.401543,19.13656116,-4.774955765,1423.685686,15.71788284,-4.81398173,16.8,19.484143000000085,3.4186783199999997
500.3,1389.290234,18.65964847,-4.743498959,1425.226688,15.24385998,-4.59076576,16.8,19.13645399999991,3.4157884900000006
500.40000000000003,1391.131271,18.18621437,-4.70678578,1426.721524,14.79512961,-4.350299507,16.8,18.790253000000074,3.3910847599999983
500.5,1392.925128,17.71688961,-4.665867501,1428.17278,14.37226672,-4.098333065,16.8,18.447652000000016,3.3446228899999983
500.6,1394.672279,17.25219985,-4.621795398,1429.583043,13.97527133,-3.840616529,16.8,18.1107640000002,3.2769285200000002
500.70000000000005,1396.373198,16.79225019,-4.575620746,1430.954901,13.60414342,-3.581941644,16.8,17.78170300000006,3.188106770000001
500.8,1398.028359,16.33704065,-4.528394819,1432.290938,13.258883,-3.323266758,16.8,17.462579000000186,3.078157649999998
500.90000000000003,1399.638236,15.88657123,-4.480993679,1433.593743,12.93949007,-3.064591873,16.8,17.155506999999897,2.9470811599999998
501.0,1401.203303,15.44084192,-4.43359254,1434.865903,12.64596462,-2.805916988,16.8,16.862599999999883,2.7948772999999996
501.1,1402.724035,14.99985272,-4.3861914,1436.110003,12.37830667,-2.547242102,16.8,16.585968000000047,2.621546049999999
501.20000000000005,1404.200904,14.56360364,-4.33879026,1437.32863,12.1365162,-2.288567217,16.8,16.327725999999938,2.4270874399999993
501.3,1405.634385,14.13209467,-4.291389121,1438.524372,11.92059323,-2.030095486,16.8,16.08998700000002,2.211501440000001
501.40000000000003,1407.024953,13.70532581,-4.243987981,1439.699815,11.73053774,-1.772842685,16.8,15.874861999999847,1.974788069999999
501.5,1408.37308,13.28329707,-4.195387166,1440.857546,11.56634974,-1.518027743,16.8,15.684465999999883,1.71694733
501.6,1409.679242,12.86600845,-4.139588299,1442.000151,11.42790733,-1.266869589,16.8,15.520909000000028,1.4381011200000007
501.70000000000005,1410.943912,12.45345993,-4.069393327,1443.130218,11.31460106,-1.020587152,16.8,15.386306000000058,1.13885887
501.8,1412.167564,12.04637134,-3.977604198,1444.250333,11.22569956,-0.780399363,16.8,15.28276899999987,0.8206717799999996
501.90000000000003,1413.350672,11.64834169,-3.857022859,1445.363082,11.16047147,-0.547321995,16.8,15.212410000000045,0.48787022000000135
502.0,1414.493711,11.26368982,-3.700451259,1446.470956,11.11818545,-0.321558204,16.8,15.177244999999811,0.14550436999999938
502.1,1415.597153,10.89673456,-3.501891019,1447.576053,11.09811012,-0.102904834,16.8,15.178900000000066,-0.2013755599999989
502.20000000000005,1416.66205,10.55179473,-3.260142466,1448.680375,11.09951413,0.109653889,16.8,15.218325000000004,-0.5477194000000001
502.3,1417.691754,10.23318918,-2.976405273,1449.785923,11.12166614,0.317336894,16.8,15.294168999999965,-0.8884769600000002
502.40000000000003,1418.690194,9.945236728,-2.656677819,1450.8947,11.16395666,0.521363111,16.8,15.404506000000037,-1.2187199320000008
502.5,1419.6613,9.692256211,-2.308158155,1452.008706,11.22626381,0.72295147,16.8,15.547406000000091,-1.5340075990000006
502.6,1420.609,9.477846655,-1.938044334,1453.129944,11.30858758,0.923320898,16.8,15.720944000000099,-1.8307409249999989
502.70000000000005,1421.537224,9.302727864,-1.553534409,1454.260415,11.41092799,1.123487172,16.8,15.923191000000042,-2.108200126
502.8,1422.4499,9.166899838,-1.161826431,1455.402121,11.53328502,1.323653446,16.8,16.152221000000008,-2.3663851819999984
502.90000000000003,1423.350958,9.070362577,-0.768918778,1456.557064,11.67565867,1.52381972,16.8,16.40610600000009,-2.6052960930000015
503.0,1424.244327,9.013116082,-0.376011124,1457.727245,11.83804896,1.723985994,16.8,16.682917999999926,-2.8249328780000003
503.1,1425.133936,8.995160353,0.016896529,1458.914666,12.02045587,1.924152268,16.8,16.980729999999948,-3.025295517
503.20000000000005,1426.023714,9.016495388,0.409804182,1460.121328,12.22287941,2.124318542,16.8,17.29761400000002,-3.206384022
503.3,1426.91759,9.077121189,0.802711836,1461.349233,12.44531958,2.324484816,16.8,17.631642999999894,-3.368198391
503.40000000000003,1427.819493,9.177037755,1.195619489,1462.600383,12.68777638,2.523201757,16.8,17.98089,-3.510738625
503.5,1428.733352,9.316245087,1.586550588,1463.87678,12.9502498,2.713222704,16.8,18.343428000000085,-3.6340047129999995
503.6,1429.663096,9.494743184,1.965622361,1465.180425,13.23273985,2.885851661,16.8,18.717329000000017,-3.737996665999999
503.70000000000005,1430.612655,9.712532046,2.320975482,1466.51332,13.53437693,3.032392633,16.8,19.100665000000117,-3.8218448840000008
503.8,1431.585957,9.968425741,2.640750625,1467.877466,13.85081304,3.144149626,16.8,19.491508999999905,-3.8823872989999995
503.90000000000003,1432.586932,10.25649461,2.922454604,1469.274865,14.17683058,3.212426645,16.8,19.887933000000157,-3.92033597
504.0,1433.619508,10.56962304,3.126129673,1470.70752,14.50721196,3.229977028,16.8,20.288011999999934,-3.9375889199999996
504.1,1434.687615,10.90069546,3.269991481,1472.176735,14.83673958,3.195351441,16.8,20.689119999999956,-3.93604412
504.20000000000005,1435.794233,11.24821595,3.342697332,1473.681034,15.16019584,3.109999218,16.8,21.086800999999877,-3.9119798899999996
504.3,1436.938547,11.58820985,3.346223782,1475.218245,15.47236314,2.981167021,16.8,21.479698000000052,-3.8841532900000004
504.40000000000003,1438.118795,11.93042063,3.290453602,1476.786195,15.7680239,2.817550844,16.8,21.867399999999815,-3.837603269999999
504.5,1439.333211,12.26211301,3.177879978,1478.382711,16.04283011,2.627846683,16.8,22.24950000000008,-3.7807171000000004
504.6,1440.580034,12.57735731,3.048460656,1480.005623,16.29591217,2.420750532,16.8,22.625588999999945,-3.718554860000001
504.70000000000005,1441.8575,12.87496762,2.885956542,1481.652756,16.52727008,2.204958386,16.8,22.99525599999988,-3.6523024600000014
504.8,1443.163845,13.15494393,2.711593102,1483.321939,16.73690385,1.987716908,16.8,23.35809399999989,-3.581959920000001
504.90000000000003,1444.497306,13.41728624,2.535253107,1485.010999,16.92481346,1.77047543,16.8,23.713693000000102,-3.50752722
505.0,1445.856119,13.66199455,2.358913113,1486.717763,17.09099893,1.553233952,16.8,24.06164400000007,-3.429004380000002
505.1,1447.238522,13.88906887,2.182573118,1488.440061,17.23546025,1.335992474,16.8,24.40153899999991,-3.34639138
505.20000000000005,1448.64275,14.09850918,2.006233124,1490.175718,17.35819743,1.118750996,16.8,24.732967999999982,-3.25968825
505.3,1450.06704,14.29031549,1.829893129,1491.922562,17.45921045,0.901509518,16.8,25.055522000000064,-3.168894960000001
505.40000000000003,1451.50963,14.4644878,1.653553135,1493.678422,17.53849933,0.68601576,16.8,25.36879199999994,-3.07401153
505.5,1452.968755,14.62102612,1.478301298,1495.441124,17.59606406,0.481008323,16.8,25.672368999999843,-2.97503794
505.6,1454.442652,14.75993043,1.309578403,1497.208497,17.63190464,0.296973529,16.8,25.965845000000126,-2.8719742099999976
505.70000000000005,1455.929558,14.88120075,1.153913394,1498.978367,17.64706971,0.144397698,16.8,26.24880899999989,-2.7658689600000006
505.8,1457.427709,14.98548996,1.017835214,1500.748563,17.64680242,0.033767152,16.8,26.520854000000053,-2.6613124599999995
505.90000000000003,1458.935342,15.07606253,0.907872805,1502.516912,17.63739457,-0.024431788,16.8,26.781570000000055,-2.5613320400000017
506.0,1460.450694,15.15683584,0.830555111,1504.281241,17.62513795,-0.021460521,16.8,27.030546999999796,-2.4683021099999998
506.1,1461.972001,15.23172725,0.791322917,1506.040218,17.61632435,0.044428673,16.8,27.268217000000003,-2.384597099999999
506.20000000000005,1463.498022,15.30465412,0.791264379,1507.795864,17.61724557,0.171488075,16.8,27.497841999999945,-2.312591450000001
506.3,1465.029605,15.37953381,0.829291342,1509.55104,17.6341934,0.350979082,16.8,27.72143500000011,-2.254659590000001
506.40000000000003,1466.568121,15.46028371,0.899963019,1511.308607,17.67345963,0.572415374,16.8,27.940485999999918,-2.2131759199999994
506.5,1468.11494,15.55082116,0.996750467,1513.071427,17.74028742,0.82531063,16.8,28.15648700000015,-2.1894662600000014
506.6,1469.671433,15.65441065,1.113124744,1514.842359,17.8357254,1.099178528,16.8,28.370926000000008,-2.1813147500000003
506.70000000000005,1471.23897,15.77170506,1.242556907,1516.624267,17.95977358,1.383532747,16.8,28.58529699999981,-2.18806852
506.8,1472.818921,15.9027044,1.378518012,1518.420009,18.11243195,1.669634686,16.8,28.80108799999989,-2.209727550000002
506.90000000000003,1474.412658,16.04740866,1.515567275,1520.232448,18.29370051,1.955736626,16.8,29.01979000000001,-2.246291850000002
507.0,1476.02155,16.20581785,1.652616537,1522.064444,18.50357927,2.241838565,16.8,29.24289400000016,-2.2977614200000005
507.1,1477.646969,16.37793197,1.7896658,1523.918859,18.74206823,2.527940505,16.8,29.47189000000021,-2.364136260000002
507.20000000000005,1479.290284,16.56375101,1.926715063,1525.798553,19.00916737,2.814042444,16.8,29.708269000000154,-2.4454163599999994
507.3,1480.952867,16.76327498,2.063764325,1527.706387,19.30487672,3.100144384,16.8,29.95351999999998,-2.541601740000001
507.40000000000003,1482.636087,16.97650388,2.200813588,1529.645223,19.62919625,3.384220058,16.8,30.209135999999898,-2.6526923700000005
507.5,1484.341315,17.2034377,2.337384944,1531.617921,19.98212598,3.656138143,16.8,30.476606000000128,-2.778688280000001
507.6,1486.069922,17.44407645,2.471088863,1533.627343,20.3636659,3.90374105,16.8,30.757421000000203,-2.91958945
507.70000000000005,1487.823278,17.69842012,2.599057906,1535.676349,20.77260026,4.114871188,16.8,31.053071,-3.0741801399999993
507.8,1489.602754,17.96618198,2.718424636,1537.767801,21.20285026,4.277370968,16.8,31.365046999999958,-3.23666828
507.90000000000003,1491.409719,18.2459283,2.826321615,1539.904559,21.64712135,4.379082802,16.8,31.694840000000067,-3.40119305
508.0,1493.245546,18.53593862,2.919881405,1542.089485,22.09811896,4.409875364,16.8,32.04393899999987,-3.562180340000001
508.1,1495.111603,18.83449248,2.996714475,1544.324467,22.54854856,4.36772239,16.8,32.41286399999986,-3.714056079999999
508.20000000000005,1497.009032,19.13986941,3.056578306,1546.607503,22.99111558,4.254650144,16.8,32.79847100000002,-3.8512461699999996
508.3,1498.938058,19.45034896,3.099358927,1548.935618,23.41852548,4.080789952,16.8,33.197560000000024,-3.96817652
508.40000000000003,1500.898673,19.76421066,3.127809177,1551.305838,23.82348369,3.858299402,16.8,33.60716500000008,-4.05927303
508.5,1502.890872,20.07987528,3.14490396,1553.715188,24.19991143,3.599336083,16.8,34.024315999999956,-4.120036150000001
508.6,1504.914649,20.39555398,3.153396431,1556.160693,24.54659294,3.316057586,16.8,34.446043999999986,-4.151038960000001
508.70000000000005,1506.969998,20.71117799,3.156154026,1558.63938,24.8635282,3.0206215,16.8,34.869382000000044,-4.152350210000002
508.8,1509.056914,21.02681179,3.155808795,1561.148272,25.15071724,2.723159148,16.8,35.2913579999999,-4.123905449999999
508.90000000000003,1511.17539,21.34238682,3.155342149,1563.684396,25.40816003,2.425696797,16.8,35.709006,-4.06577321
509.0,1513.325421,21.65790308,3.154868685,1566.244777,25.63585659,2.128234446,16.8,36.11935600000011,-3.977953509999999
509.1,1515.507,21.97336056,3.154280936,1568.826441,25.83380692,1.830772094,16.8,36.51944099999987,-3.860446360000001
509.20000000000005,1517.720122,22.28875926,3.153693186,1571.426412,26.00201101,1.533309743,16.8,36.906290000000084,-3.7132517500000013
509.3,1519.964781,22.6040992,3.153105437,1574.041716,26.14046887,1.235847392,16.8,37.27693500000005,-3.536369669999999
509.40000000000003,1522.240972,22.91938035,3.152517688,1576.669379,26.24918049,0.93838504,16.8,37.62840699999988,-3.3298001399999997
509.5,1524.548687,23.23460273,3.151929939,1579.306425,26.32814588,0.640922689,16.8,37.95773800000002,-3.093543150000002
509.6,1526.887921,23.54976634,3.150478206,1581.949881,26.37736503,0.343460337,16.8,38.26196,-2.8275986899999985
509.70000000000005,1529.258669,23.86487117,3.143842566,1584.596771,26.39683795,0.045997986,16.8,38.53810199999994,-2.5319667799999976
509.8,1531.660925,24.17991723,3.126839114,1587.244122,26.38656463,-0.251464365,16.8,38.78319700000016,-2.206647399999998
509.90000000000003,1534.094682,24.49438612,3.094283944,1589.888957,26.34654507,-0.548926717,16.8,38.99427499999997,-1.8521589499999997
510.0,1536.559935,24.80568589,3.040993149,1592.528304,26.27677928,-0.846389068,16.8,39.16836899999994,-1.47109339
510.1,1539.056678,25.1107062,2.961782823,1595.159186,26.17726726,-1.143851419,16.8,39.302508000000174,-1.0665610600000015
510.20000000000005,1541.584905,25.40633671,2.852333044,1597.77863,26.048009,-1.441313771,16.8,39.39372500000009,-0.6416722899999989
510.3,1544.144196,25.68946706,2.711779828,1600.383661,25.8890045,-1.738776122,16.8,39.43946500000011,-0.1995374400000003
510.40000000000003,1546.73247,25.95698692,2.54098716,1602.971304,25.70025377,-2.036238474,16.8,39.438834,0.25673314999999874
510.5,1549.347234,26.20578595,2.344274961,1605.538585,25.48175681,-2.333700825,16.8,39.39135099999994,0.724029139999999
510.6,1551.985994,26.43275379,2.126827137,1608.082529,25.23351361,-2.631163176,16.8,39.296535000000134,1.1992401800000003
510.70000000000005,1554.646256,26.6352985,1.893827595,1610.600161,24.95552417,-2.928625528,16.8,39.15390500000008,1.6797743300000008
510.8,1557.325525,26.81290168,1.65046024,1613.088507,24.6477885,-3.226087879,16.8,38.96298199999997,2.1651131799999987
510.90000000000003,1560.021307,26.96556334,1.401908979,1615.544592,24.3103066,-3.523550231,16.8,38.72328499999999,2.6552567399999987
511.0,1562.731108,27.09328348,1.152493734,1617.965441,23.94307846,-3.821012582,16.8,38.43433300000011,3.1502050200000014
511.1,1565.452435,27.19606209,0.903078489,1620.348081,23.54610408,-4.118474933,16.8,38.09564600000017,3.6499580100000024
511.20000000000005,1568.182792,27.27389918,0.653663244,1622.689535,23.11938347,-4.358097383,16.8,37.70674299999992,4.154515710000002
511.3,1570.919685,27.32679474,0.404247998,1624.986831,22.66291663,-4.620442651,16.8,37.26714599999987,4.663878109999999
511.40000000000003,1573.660621,27.35474878,0.154832753,1627.236992,22.17670354,-4.837342283,16.8,36.77637100000011,5.178045240000003
511.5,1576.403106,27.35776129,-0.094582492,1629.437044,21.69544817,-4.76680986,16.8,36.23393800000004,5.66231312
511.6,1579.144644,27.33583228,-0.343997737,1631.584014,21.17453115,-4.48970636,16.8,35.639370000000056,6.161301130000002
511.70000000000005,1581.882743,27.28896174,-0.593412982,1633.674925,20.61395248,-4.179551488,16.8,34.99218200000014,6.675009260000003
511.8,1584.614907,27.21714968,-0.842828228,1635.706804,20.25929756,-3.894185146,16.8,34.29189700000002,6.957852119999998
511.90000000000003,1587.338644,27.1203961,-1.092243473,1637.676676,19.96909281,-3.63118813,16.8,33.538032000000115,7.151303290000001
512.0,1590.051457,26.99870099,-1.341658718,1639.581566,19.66897265,-3.13753849,16.8,32.73010900000004,7.329728339999999
512.1,1592.750855,26.85206435,-1.591073963,1641.4185,19.35893708,-3.100355697,16.8,31.867644999999992,7.493127269999999
