t,x_follower,v_follower,a_follower,x_leader,v_leader,a_leader,leader_length,spacing,dv
586.4,231.5218078,25.78962629,-2.939330964,280.1240205,22.36709362,-1.31241833,14.3,34.30221269999997,3.4225326700000025
586.5,234.0857717,25.49646852,-2.929511828,282.3648172,22.2145529,-1.738396052,14.3,33.9790455,3.2819156199999995
586.6,236.6204818,25.20455027,-2.919683101,284.5882299,22.01941441,-2.164373773,14.3,33.6677481,3.185135859999999
586.7,239.126062,24.91293813,-2.92319611,286.789999,21.78167815,-2.590351495,14.3,33.363937000000035,3.1312599799999994
586.8000000000001,241.6026363,24.62195329,-2.941780039,288.9658645,21.50134411,-3.016329217,14.3,33.06322820000001,3.120609179999999
586.9,244.0503287,24.33221372,-2.980458529,291.1115667,21.1784123,-3.442306938,14.3,32.761238000000034,3.153801419999997
587.0,246.4692631,24.03570863,-3.042699541,293.2228458,20.81288272,-3.86828466,14.3,32.45358270000001,3.2228259099999974
587.1,248.8595634,23.7314005,-3.134062024,295.2954421,20.40475537,-4.292674016,14.3,32.13587869999999,3.3266451299999993
587.2,251.2209518,23.41627516,-3.260599578,297.3250958,19.95403025,-4.707533178,14.3,31.80414399999999,3.4622449100000026
587.3000000000001,253.5515427,23.08731841,-3.413147246,299.307547,19.46070735,-5.103331954,14.3,31.4560043,3.626611060000002
587.4,255.8490487,22.74151608,-3.590813114,301.2385361,18.9257397,-5.47054015,14.3,31.089487399999978,3.815776379999999
587.5,258.1111824,22.37585397,-3.788573543,303.1138033,18.3538924,-5.799627571,14.3,30.702620899999953,4.021961570000002
587.6,260.3356564,21.98782028,-4.001404893,304.9290887,17.75088355,-6.081470253,14.3,30.293432300000017,4.23693673
587.7,262.5201834,21.57691263,-4.224283522,306.6801326,17.12243128,-6.315809841,14.3,29.85994919999997,4.454481349999998
587.8000000000001,264.6624759,21.14313103,-4.452185793,308.3634376,16.4742537,-6.475570186,14.3,29.400961699999993,4.668877330000001
587.9,266.7602466,20.68647547,-4.680925336,309.978556,15.8118252,-6.588639891,14.3,28.91830940000001,4.874650270000002
588.0,268.811208,20.20694596,-4.909664879,311.5258026,15.1362538,-6.654058629,14.3,28.414594599999997,5.070692159999998
588.1,270.8130728,19.7045425,-5.138404423,313.0054921,14.46855028,-6.681356593,14.3,27.89241930000004,5.235992219999998
588.2,272.7635535,19.17926508,-5.367143966,314.4179391,13.79769962,-6.67703512,14.3,27.35438560000001,5.381565460000001
588.3000000000001,274.6603628,18.6311137,-5.59588351,315.7634584,13.1299961,-6.651464476,14.3,26.803095600000017,5.501117600000001
588.4,276.5012132,18.06008838,-5.824623053,317.0423647,12.46543975,-6.629827777,14.3,26.24115150000001,5.59464863
588.5,278.2838174,17.46618909,-6.053362597,318.2549728,11.80403055,-6.598356215,14.3,25.671155400000043,5.66215854
588.6,280.005888,16.84941586,-6.280499216,319.4015973,11.1457685,-6.566884654,14.3,25.095709299999964,5.70364736
588.7,281.6651376,16.20976867,-6.498018289,320.4825529,10.49065362,-6.535413092,14.3,24.517415299999993,5.719115049999999
588.8000000000001,283.2592787,15.54724752,-6.696302269,321.4981544,9.838685887,-6.50394153,14.3,23.938875699999993,5.708561633
588.9,284.7860241,14.86281417,-6.865733612,322.4487165,9.189865312,-6.472469968,14.3,23.36269239999997,5.672948858
589.0,286.2430862,14.1612774,-6.99669477,323.3345539,8.544191893,-6.440998406,14.3,22.79146770000001,5.617085506999999
589.1,287.6281777,13.44840773,-7.079568197,324.1559813,7.901665631,-6.408382159,14.3,22.227803600000026,5.546742098999999
589.2,288.9390112,12.72997569,-7.106339272,324.9133134,7.262286524,-6.368897802,14.3,21.67430220000001,5.4676891659999995
589.3000000000001,290.1740688,12.0117518,-7.075405071,325.606865,6.626054574,-6.315677223,14.3,21.13279620000004,5.3856972260000004
589.4,291.3349099,11.2995066,-6.988368517,326.2369508,5.993656591,-6.241852313,14.3,20.602040899999974,5.305850009000001
589.5,292.4238638,10.59901061,-6.853244233,326.8038854,5.368526631,-6.140554961,14.3,20.08002160000002,5.230483979000001
589.6,293.4432593,9.91603436,-6.679649764,327.3079836,4.754785559,-6.004917056,14.3,19.564724299999977,5.161248800999999
589.7,294.3954255,9.255386622,-6.477202657,327.7495602,4.156554243,-5.829215173,14.3,19.05413470000003,5.098832378999999
589.8000000000001,295.2826915,8.61802915,-6.255520458,328.1294792,3.577953548,-5.612304627,14.3,18.546787699999992,5.040075602
589.9,296.1073862,8.003961945,-6.024220713,328.4508026,3.023104341,-5.355330102,14.3,18.043416399999966,4.9808576040000005
590.0,296.8718387,7.413185007,-5.791318043,328.7171419,2.496127488,-5.02014251,14.3,17.54530319999999,4.917057519
590.1,297.5783781,6.845698336,-5.558415374,328.9321084,2.001143855,-4.603122293,14.3,17.053730299999994,4.844554480999999
590.2,298.2293332,6.301501932,-5.325512704,329.0993136,1.541587498,-4.118661328,14.3,16.56998040000003,4.759914434
590.3000000000001,298.8270333,5.780595795,-5.092610034,329.2223689,1.144468737,-3.581151496,14.3,16.09533560000001,4.636127058
590.4,299.3738073,5.282979926,-4.859707365,329.3048856,0.816080172,-2.98537727,14.3,15.631078299999967,4.466899754
590.5,299.8719842,4.808654323,-4.626804695,329.3504752,0.551907544,-2.403408055,14.3,15.178491000000019,4.256746779
590.6,300.323893,4.357618986,-4.394086064,329.3627492,0.34743659,-1.828962609,14.3,14.738856199999997,4.010182396
590.7,300.7318628,3.929873917,-4.162471661,329.3663776,0.198153051,-1.299659771,14.3,14.334514800000033,3.7317208660000003
590.8000000000001,301.0982227,3.525419115,-3.933065716,329.370006,0.099542665,-0.859372057,14.3,13.97178329999998,3.42587645
590.9,301.4253015,3.144144157,-3.706972458,329.3736345,0.047091171,-0.518587134,14.3,13.64833299999999,3.097052986
591.0,301.7154284,2.785496929,-3.485296114,329.3772629,0.03628431,-0.269781235,14.3,13.361834499999997,2.7492126189999997
591.1,301.9709324,2.448814893,-3.269140915,329.3808913,0.03628431,-0.105430592,14.3,13.109958899999992,2.412530583
591.2,302.1941426,2.133435512,-3.059427051,329.3845198,0.03628431,-0.018011436,14.3,12.8903772,2.097151202
591.3000000000001,302.3872995,1.838696249,-2.85633856,329.3881482,0.03628431,-1.31e-12,14.3,12.700848700000005,1.802411939
591.4,302.5522905,1.563934566,-2.659691404,329.3917766,0.03628431,-4.06e-13,14.3,12.539486099999987,1.5276502559999998
591.5,302.6909147,1.308487926,-2.461888414,329.395405,0.03628431,-2.84e-13,14.3,12.404490299999974,1.2722036159999999
591.6,302.8049711,1.071693793,-2.265653478,329.3990335,0.03628431,3.79e-13,14.3,12.294062399999984,1.0354094829999998
591.7,302.8962585,0.85300005,-2.04485447,329.4026619,0.03628431,0.0,14.3,12.20640340000001,0.81671574
591.8000000000001,302.9665761,0.652296277,-1.808812048,329.4062903,0.03628431,-9.47e-14,14.3,12.139714200000025,0.616011967
591.9,303.0177228,0.479304162,-1.560169896,329.4099188,0.03628431,-4.38e-13,14.3,12.092196000000012,0.443019852
592.0,303.0514976,0.337021884,-1.30093599,329.4135472,0.03628431,-3.51e-13,14.3,12.062049599999977,0.300737574
592.1,303.0696995,0.223200697,-1.037133426,329.4171756,0.03628431,-7.22e-13,14.3,12.047476099999994,0.18691638700000002
592.2,303.0741276,0.135591855,-0.786253709,329.4208041,0.03628431,-6.6e-13,14.3,12.0466765,0.09930754500000001
592.3000000000001,303.0743581,0.071946612,-0.557861453,329.4244325,0.03628431,-1.87e-13,14.3,12.050074400000039,0.03566230199999999
592.4,303.0745886,0.030016221,-0.368159475,329.4280609,0.03628431,0.0,14.3,12.053472299999964,-0.006268089000000001
592.5,303.0748191,0.007551936,-0.222144738,329.4316894,0.03628431,1.3e-13,14.3,12.056870299999968,-0.028732373999999998
592.6,303.0750496,0.002305013,-0.116069332,329.4353178,0.03628431,5.84e-13,14.3,12.060268200000007,-0.033979297
592.7,303.0752801,0.002305013,-0.046185347,329.4389462,0.03628431,7.22e-13,14.3,12.063666099999988,-0.033979297
592.8000000000001,303.0755106,0.002305013,-0.008744873,329.4425746,0.03628431,3.79e-13,14.3,12.067064000000027,-0.033979297
592.9,303.0757411,0.002305013,-3.59e-12,329.4462031,0.03628431,4.38e-13,14.3,12.070461999999974,-0.033979297
593.0,303.0759716,0.002305013,-8.12e-13,329.4498315,0.03628431,1.42e-13,14.3,12.073859900000013,-0.033979297
593.1,303.0762021,0.002305013,-3.38e-13,329.4534599,0.03628431,0.0,14.3,12.077257799999995,-0.033979297
593.2,303.0764326,0.002305013,-1.02e-13,329.4570884,0.03628431,-3.51e-13,14.3,12.080655799999999,-0.033979297
593.3000000000001,303.0766631,0.002305013,-6.77e-14,329.4607168,0.03628431,-4.38e-13,14.3,12.08405369999998,-0.033979297
593.4,303.0768936,0.002305013,6.77e-14,329.4643452,0.03628431,-7.58e-13,14.3,12.08745160000002,-0.033979297
593.5,303.0771241,0.002305013,1.02e-13,329.4679737,0.03628431,-5.05e-13,14.3,12.090849600000023,-0.033979297
593.6,303.0773546,0.002305013,2.03e-13,329.4716021,0.03628431,2.37e-13,14.3,12.094247500000005,-0.033979297
593.7,303.0775851,0.002305013,2.54e-13,329.4752305,0.03628431,8.76e-13,14.3,12.097645399999987,-0.033979297
593.8000000000001,303.0778156,0.002305013,2.71e-13,329.478859,0.03628431,2.07e-12,14.3,12.101043399999991,-0.033979297
593.9,303.0780461,0.002305013,3.38e-13,329.4824874,0.03628431,0.444402573,14.3,12.10444130000003,-0.033979297
594.0,303.0782766,0.002305013,1.83e-13,329.4861158,0.03628431,0.917372354,14.3,12.107839200000011,-0.033979297
594.1,303.0785071,0.002305013,0.0,329.4897442,0.03628431,1.419334962,14.3,12.111237099999993,-0.033979297
594.2,303.0787376,0.002305013,-5.08e-14,329.4933727,0.302925853,1.950716017,14.3,12.114635099999997,-0.30062084
594.3000000000001,303.0789681,0.002305013,-3.38e-13,329.4970011,0.586707722,2.511941138,14.3,12.11803299999998,-0.584402709
594.4,303.0791986,0.002305013,-5.21e-13,329.5006295,0.887885287,3.100030991,14.3,12.121430900000018,-0.8855802740000001
594.5,303.0794291,0.002305013,-7.31e-13,329.504258,1.20671392,3.277818528,14.3,12.124828899999965,-1.2044089070000001
594.6,303.0796596,0.002305013,-8.68e-13,329.7211996,1.543448993,3.453052351,14.3,12.341539999999963,-1.54114398
594.7,303.0798901,0.002305013,-8.53e-13,329.9518536,1.898345876,3.193247224,14.3,12.571963499999992,-1.896040863
594.8000000000001,303.0801206,0.002305013,-6.39e-13,330.196424,2.271659943,2.908563589,14.3,12.816303399999992,-2.26935493
594.9,303.0803511,0.002305013,-1.78e-13,330.4551154,2.658539132,2.598575827,14.3,13.074764300000037,-2.656234119
595.0,303.0805816,0.002305013,0.0,330.7281319,2.803833621,2.257750887,14.3,13.347550299999977,-2.801528608
595.1,303.0808121,0.002305013,5.51e-13,331.0156778,2.951852073,1.889635597,14.3,13.634865699999988,-2.94954706
595.2,303.0810426,0.002305013,7.74e-13,331.3179575,3.102594489,1.505721677,14.3,13.936914899999987,-3.100289476
595.3000000000001,303.0812731,0.002305013,8.53e-13,331.6351752,3.252996409,1.519972008,14.3,14.253902100000015,-3.250691396
595.4,303.0815036,0.002305013,7.31e-13,331.9675353,3.405441301,1.53333944,14.3,14.586031699999989,-3.4031362880000002
595.5,303.0817341,0.002305013,5.68e-13,332.315242,3.559848769,1.546517807,14.3,14.933507900000006,-3.557543756
595.6,303.0819646,0.002305013,3.38e-13,332.6784996,3.715816826,1.558773813,14.3,15.296535000000016,-3.713511813
595.7,303.0821951,0.002305013,1.42e-13,333.0575125,3.872863088,1.567009957,14.3,15.675317399999994,-3.870558075
595.8000000000001,303.0824256,0.002305013,0.0,333.4524849,4.030505173,1.570556263,14.3,16.07005929999998,-4.02820016
595.9,303.0826561,0.002305013,-1.32e-13,333.8635568,4.188260697,1.569278736,14.3,16.480900700000017,-4.185955684
596.0,303.0828866,0.002305013,-2.71e-13,334.290611,4.345647276,1.56331137,14.3,16.907724400000017,-4.343342263
596.1,303.0831171,0.002305013,-2.71e-13,334.7334657,4.502182527,1.553324142,14.3,17.35034860000003,-4.4998775140000005
596.2,303.0833476,0.002305013,-2.03e-13,335.1919394,4.657384067,1.540121025,14.3,17.8085918,-4.655079054
596.3000000000001,303.0835781,0.002305013,-5.68e-14,335.6658506,4.81084991,1.524505991,14.3,18.282272499999987,-4.808544897
596.4,303.0838086,0.002305013,0.0,336.1550175,4.962499658,1.507283013,14.3,18.771208899999987,-4.960194645
596.5,303.0840391,0.002305013,2.64e-13,336.6592585,5.112333312,1.489256062,14.3,19.275219400000037,-5.110028299
596.6,303.0842696,0.002305013,7.44e-13,337.1783922,5.26035087,1.471095116,14.3,19.79412259999999,-5.258045857
596.7,303.0845001,0.002305013,0.135837898,337.7122368,5.406552335,1.45293417,14.3,20.327736700000013,-5.404247322
596.8000000000001,303.0847306,0.002305013,0.282198217,338.2606107,5.550937704,1.434773224,14.3,20.87588009999997,-5.548632691
596.9,303.0849611,0.002305013,0.436454571,338.8233323,5.69350698,1.416612278,14.3,21.438371200000017,-5.6912019670000005
597.0,303.0851916,0.083807752,0.595980576,339.4002201,5.83426016,1.398451332,14.3,22.01502850000004,-5.750452408
597.1,303.0854221,0.171623943,0.758149845,339.9910924,5.973197246,1.380290386,14.3,22.605670299999996,-5.801573303
597.2,303.0856526,0.264177755,0.920335995,340.5957676,6.110318237,1.365660735,14.3,23.210114999999984,-5.846140482
597.3000000000001,303.0858831,0.359893358,0.944074741,341.2140641,6.245623134,1.351535554,14.3,23.828180999999983,-5.885729776
597.4,303.1513158,0.45719492,0.952055177,341.8458003,6.379111936,1.345868223,14.3,24.394484499999987,-5.921917016
597.5,303.2217993,0.55450661,0.808439403,342.4907946,6.51290342,1.355197833,14.3,24.968995300000028,-5.95839681
597.6,303.2960728,0.650252596,0.638542898,343.1488653,6.645181493,1.382359155,14.3,25.55279250000002,-5.994928897
597.7,303.3728758,0.742857049,0.444992047,343.8198309,6.78071818,1.431810117,14.3,26.146955100000024,-6.037861131
597.8000000000001,303.4509476,0.749241397,0.230413234,344.5035097,6.923436937,1.504477351,14.3,26.752562099999988,-6.1741955399999995
597.9,303.5290274,0.743019097,-0.002567155,345.2000768,7.075038627,1.607845611,14.3,27.371049399999958,-6.332019529999999
598.0,303.6058547,0.724190148,-0.251322735,345.9111337,7.238198006,1.737676458,14.3,28.005278999999984,-6.514007858
598.1,303.6801688,0.69275455,-0.377389223,346.6386387,7.415589831,1.888173788,14.3,28.65846990000001,-6.722835281
598.2,303.7507089,0.648712303,-0.50345571,347.3845498,7.609888859,2.056502829,14.3,29.333840899999995,-6.961176556
598.3000000000001,303.8162146,0.592063408,-0.593770009,348.1508255,7.823324055,2.238205655,14.3,30.034610899999972,-7.231260646999999
598.4,303.875425,0.522807864,-0.683050224,348.9394237,8.056341209,2.428824336,14.3,30.763998700000013,-7.5335333449999995
598.5,303.9270795,0.440945671,-0.722971483,349.7523027,8.308940324,2.623900946,14.3,31.52522319999998,-7.867994653
598.6,303.9699174,0.367928143,-0.72614023,350.5914208,8.581121399,2.819720544,14.3,32.3215034,-8.213193256
598.7,304.0026781,0.282924416,-0.689930079,351.458736,8.872884433,3.015540141,14.3,33.156057899999965,-8.589960017
598.8000000000001,304.024101,0.214929414,-0.611714646,352.3562067,9.184229427,3.211359739,14.3,34.0321057,-8.969300013
598.9,304.0329253,0.15637927,-0.522518831,353.2857909,9.515156381,3.407179336,14.3,34.95286560000001,-9.358777111
599.0,304.0377397,0.108849816,-0.399730298,354.249447,9.865665294,3.602998934,14.3,35.9117073,-9.756815478
599.1,304.0425541,0.073916883,-0.278467571,355.249133,10.23575617,3.798818531,14.3,36.90657889999996,-10.161839287
599.2,304.0473685,0.053156302,-0.180392277,356.2868072,10.625429,3.994638129,14.3,37.9394387,-10.572272698
599.3000000000001,304.0521829,0.048143904,-0.101176521,357.3644278,11.03468379,4.189413733,14.3,39.0122449,-10.986539886000001
599.4,304.0569973,0.048143904,-0.012530996,358.483953,11.46352055,4.377925375,14.3,40.12695570000001,-11.415376646
599.5,304.0618117,0.048143904,2.42e-12,359.6473409,11.91193926,4.553909094,14.3,41.2855292,-11.863795356
599.6,304.066626,0.048143904,0.515310471,360.8565499,12.37931353,4.711100927,14.3,42.48992390000002,-12.331169626
599.7,304.0714404,0.048143904,1.194320121,362.113538,12.86251139,4.846572628,14.3,43.74209760000004,-12.814367486
599.8000000000001,304.0762548,0.048143904,2.055251832,363.4202634,13.35777446,4.944053092,14.3,45.0440086,-13.309630556
599.9,304.0810692,0.357330187,3.54708488,364.7786844,13.86134435,5.008329493,14.3,46.397615199999976,-13.504014162999999
600.0,304.0858836,0.764735977,4.668740217,366.190258,14.37146412,5.035022124,14.3,47.804374399999986,-13.606728143000002
600.1,304.090698,1.281295003,5.835925272,367.6544369,14.87837111,5.025174978,14.3,49.263738900000035,-13.597076107
600.2,304.0955124,1.917940994,7.265923224,369.1701726,15.38431123,4.984008023,14.3,50.774660199999985,-13.466370236
600.3000000000001,304.3476758,2.885811808,8.455029232,370.7364164,15.88352467,4.914449508,14.3,52.08874060000001,-12.997712862
600.4,304.6784148,3.744003169,9.238254936,372.35212,16.37287944,4.832770535,14.3,53.37370520000003,-12.628876271
600.5,305.0964764,4.716884121,10.22539457,374.0162348,16.85174916,4.735227925,14.3,54.61975840000004,-12.134865039000001
600.6,305.6106076,5.837753516,11.02834189,375.7277124,17.32013383,4.631421353,14.3,55.817104799999996,-11.482380314
600.7,306.2295554,6.975969636,11.58793205,377.4855041,17.77803343,4.526570787,14.3,56.955948700000036,-10.802063794
600.8000000000001,306.9620666,8.155339925,12.20999007,379.2885616,18.22544798,4.421720221,14.3,58.02649499999997,-10.070108054999999
600.9,307.8168884,9.417967649,12.73362102,381.1358363,18.66237748,4.316869656,14.3,59.018947900000015,-9.244409831
601.0,308.8027677,10.74279084,13.10286645,383.0262796,19.08882192,4.21201909,14.3,59.92351190000001,-8.346031080000001
601.1,309.9284515,12.10453512,13.33868492,384.9588432,19.5047813,4.107168524,14.3,60.7303917,-7.400246180000002
601.2,311.2026868,13.47792613,13.32878038,386.9324784,19.91025562,4.002317959,14.3,61.4297916,-6.432329490000001
601.3000000000001,312.6308506,14.8376895,13.06613218,388.9461368,20.30524489,3.897137209,14.3,62.015286200000006,-5.467555390000001
601.4,314.2048403,16.15855088,12.55776097,390.9987699,20.6897491,3.789975355,14.3,62.493929600000016,-4.53119822
601.5,315.9131835,17.41523588,11.83877004,393.0893292,21.06376825,3.678851293,14.3,62.87614570000001,-3.648532369999998
601.6,317.7444075,18.58247014,10.95128333,395.2167661,21.42710424,3.561783918,14.3,63.17235859999995,-2.844634099999997
601.7,319.68704,19.6391917,9.937424793,397.3800322,21.77876651,3.436792127,14.3,63.392992199999995,-2.139574809999999
601.8000000000001,321.7296084,20.58118815,8.839318365,399.5780789,22.1175664,3.301894814,14.3,63.548470499999965,-1.536378250000002
601.9,323.8606402,21.4084595,7.699087994,401.8098578,22.44231524,3.155441061,14.3,63.6492176,-1.03385574
602.0,326.0686629,22.12100575,6.551836966,404.0741618,22.75182438,2.997100682,14.3,63.70549890000002,-0.6308186300000003
602.1,328.3422039,22.7188269,5.404585937,406.36915,23.04490514,2.827203862,14.3,63.72694609999998,-0.3260782400000011
602.2,330.6697908,23.20192294,4.257334909,408.692823,23.32036888,2.647401521,14.3,63.72303219999999,-0.11844594000000086
602.3000000000001,333.0399511,23.57029388,3.11008388,411.0431814,23.57702692,2.459674764,14.3,63.70323029999999,-0.006733040000000301
602.4,335.4412121,23.82393971,1.962832852,413.4182256,23.81388871,2.266004693,14.3,63.67701350000006,0.010051000000000698
602.5,337.8621015,23.96286045,0.815581823,415.8159563,24.03075615,2.068372415,14.3,63.65385479999999,-0.06789569999999756
602.6,340.2911468,23.98705608,-0.325775894,418.234374,24.22762923,1.868759032,14.3,63.64322720000003,-0.240573150000003
602.7,342.7168753,23.89652661,-1.431773748,420.6714793,24.40450796,1.668815465,14.3,63.65460399999996,-0.5079813500000014
602.8000000000001,345.1278146,23.69127203,-2.467051872,423.1252728,24.56139233,1.468871899,14.3,63.697458199999986,-0.8701203
602.9,347.5124923,23.37482834,-3.396250404,425.593755,24.69828234,1.268928332,14.3,63.78126269999997,-1.3234539999999981
603.0,349.8594357,22.96487547,-4.210431281,428.0749264,24.81517799,1.068984765,14.3,63.91549069999998,-1.8503025199999996
603.1,352.1571723,22.48262932,-4.794969229,430.5667877,24.91207929,0.869041198,14.3,64.10961540000001,-2.4294499700000003
603.2,354.3942298,21.94930584,-5.199663105,433.0673395,24.98898623,0.669097632,14.3,64.3731097,-3.0396803899999973
603.3000000000001,356.5619642,21.37026784,-5.392197795,435.5745822,25.04589882,0.469459395,14.3,64.71261800000003,-3.675630980000001
603.4,358.6630471,20.81429049,-5.378466609,438.0865164,25.08281705,0.271653135,14.3,65.12346930000002,-4.268526559999998
603.5,360.7029788,20.25503048,-5.187936101,440.6011427,25.09974092,0.07751083,14.3,65.59816390000005,-4.84471044
603.6,362.6872593,19.72955679,-4.829544333,443.1164618,25.09685363,-0.111135542,14.3,66.12920250000003,-5.367296839999998
603.7,364.621389,19.25554936,-4.417916577,445.630474,25.07507117,-0.292454003,14.3,66.70908499999997,-5.819521810000001
603.8000000000001,366.5108681,18.83654418,-3.90914729,448.1411801,25.03549273,-0.464612578,14.3,67.330312,-6.198948550000001
603.9,368.3611967,18.47254124,-3.365018138,450.6465805,24.97921749,-0.626084616,14.3,67.98538380000004,-6.506676249999998
604.0,370.1778752,18.16354055,-2.814995675,453.1448224,24.90734464,-0.776564789,14.3,68.6669472,-6.743804090000001
604.1,371.9664037,17.9095421,-2.264973213,455.6346391,24.82097337,-0.916358427,14.3,69.36823540000002,-6.911431270000001
604.2,373.7322825,17.71054591,-1.71495075,458.1149106,24.72120286,-1.046992177,14.3,70.08262809999998,-7.010656949999998
604.3000000000001,375.4810118,17.56655195,-1.164928288,460.5845167,24.6091323,-1.170298017,14.3,70.80350490000002,-7.042580349999998
604.4,377.2180918,17.47756025,-0.614905825,463.0423375,24.48567767,-1.288107924,14.3,71.52424569999995,-7.008117420000001
604.5,378.9490227,17.44357079,-0.064883363,465.4872527,24.35102219,-1.402253876,14.3,72.23823,-6.907451399999999
604.6,380.6793048,17.46458358,0.4851391,467.9181423,24.20516583,-1.514567851,14.3,72.93883749999999,-6.740582249999999
604.7,382.4144383,17.54059861,1.032284675,470.3338863,24.04810862,-1.626576496,14.3,73.61944800000005,-6.507510010000001
604.8000000000001,384.1599234,17.67161589,1.562168925,472.7333645,23.87985053,-1.738585141,14.3,74.27344109999997,-6.208234639999997
604.9,385.9212603,17.85763541,2.057530525,475.1154568,23.70039159,-1.850593786,14.3,74.89419650000004,-5.8427561799999985
605.0,387.7039494,18.09693105,2.501108151,477.4790433,23.50973178,-1.962602431,14.3,75.4750939,-5.412800730000001
605.1,389.5134907,18.38087214,2.882971174,479.8230036,23.3078711,-2.074611076,14.3,76.00951290000002,-4.926998959999999
605.2,391.3553845,18.69910189,3.163866177,482.1462179,23.09480956,-2.186619721,14.3,76.4908334,-4.39570767
605.3000000000001,393.235131,19.0412635,3.351400816,484.447566,22.87054716,-2.298628366,14.3,76.91243499999997,-3.8292836600000015
605.4,395.1568496,19.40139859,3.435367504,486.7259278,22.63508389,-2.410134327,14.3,77.26907820000004,-3.233685300000001
605.5,397.119136,19.75595512,3.418643131,488.9801832,22.38841976,-2.518624189,14.3,77.56104719999998,-2.632464640000002
605.6,399.1192049,20.10777154,3.315612133,491.2092122,22.13055476,-2.621081849,14.3,77.79000730000003,-2.0227832199999973
605.7,401.1542711,20.44209265,3.136205136,493.4118946,21.86179051,-2.714491209,14.3,77.95762349999997,-1.4196978599999994
605.8000000000001,403.2215495,20.75028777,2.919675561,495.5871104,21.58363505,-2.795915454,14.3,78.0655609,-0.8333472800000017
605.9,405.3182547,21.03063078,2.661292639,497.7337394,21.29789805,-2.863951292,14.3,78.11548469999998,-0.2672672700000014
606.0,407.4416017,21.28312167,2.385648391,499.8506617,21.00638916,-2.910771163,14.3,78.10906000000001,0.27673250999999865
606.1,409.5888051,21.50776046,2.107127255,501.9369984,20.71087048,-2.9413451,14.3,78.0481933,0.7968899799999996
606.2,411.7570799,21.70454713,1.82860612,503.9928358,20.41218398,-2.954325119,14.3,77.93575590000002,1.2923631500000035
606.3000000000001,413.9436406,21.87348168,1.550084985,506.0185016,20.11532781,-2.952224635,14.3,77.774861,1.758153870000001
606.4,416.1457022,22.01456412,1.271563849,508.0143235,19.81882799,-2.937980465,14.3,77.56862129999998,2.1957361300000002
606.5,418.3604795,22.12779445,0.993042714,509.980629,19.52530298,-2.912995899,14.3,77.32014950000003,2.6024914700000004
606.6,420.5851872,22.21317267,0.714521579,511.9177459,19.23505438,-2.88560118,14.3,77.0325587,2.9781182899999976
606.7,422.8170401,22.27069877,0.436911248,513.8260017,18.9480822,-2.853339694,14.3,76.70896160000002,3.3226165699999974
606.8000000000001,425.053253,22.30037275,0.164765746,515.7057241,18.66438644,-2.820575524,14.3,76.35247110000002,3.63598631
606.9,427.2910407,22.30219463,-0.0964501,517.5572408,18.3839671,-2.787811355,14.3,75.96620010000005,3.9182275299999993
607.0,429.527618,22.27671087,-0.341271461,519.3808793,18.10682417,-2.755047185,14.3,75.55326129999993,4.169886699999999
607.1,431.7601996,22.2266539,-0.564233508,521.1769674,17.83295766,-2.722283016,14.3,75.11676779999995,4.393696239999997
607.2,433.9860004,22.15530261,-0.759871414,522.9458326,17.56236757,-2.689518846,14.3,74.6598322,4.59293504
607.3000000000001,436.2022352,22.06593589,-0.923631155,524.6878027,17.29505389,-2.656754677,14.3,74.1855675,4.770882
607.4,438.4065559,21.96183265,-1.054601925,526.4032052,17.03101663,-2.623721628,14.3,73.6966493,4.930816020000002
607.5,440.5983632,21.84627178,-1.153694531,528.0923678,16.77025579,-2.589075303,14.3,73.19400460000004,5.076015989999998
607.6,442.7774951,21.72253218,-1.225462995,529.7556182,16.51277137,-2.551202426,14.3,72.67812309999995,5.209760810000002
607.7,444.9437894,21.59389274,-1.275372145,531.3932839,16.25872469,-2.508489722,14.3,72.14949450000002,5.33516805
607.8000000000001,447.0970841,21.46308589,-1.308886811,533.0056926,16.00892239,-2.459323913,14.3,71.60860849999996,5.4541635
607.9,449.2372171,21.33065809,-1.33147182,534.593172,15.76433244,-2.402091725,14.3,71.05595489999997,5.56632565
608.0,451.3640262,21.19660936,-1.348592001,536.1560497,15.5259228,-2.33544876,14.3,70.49202350000003,5.67068656
608.1,453.4773494,21.06093969,-1.364801377,537.6947824,15.29466144,-2.259126139,14.3,69.91743300000003,5.766278250000001
608.2,455.5770246,20.92364909,-1.381010753,539.2103431,15.07151633,-2.173392742,14.3,69.33331850000003,5.852132760000002
608.3000000000001,457.6628897,20.78473754,-1.397220129,540.7038338,14.85745543,-2.079592965,14.3,68.7409441,5.927282109999998
608.4,459.7347826,20.64420506,-1.413429505,542.1763564,14.6534467,-1.979340084,14.3,68.14157380000002,5.990758360000001
608.5,461.7925412,20.50205164,-1.429638881,543.629013,14.46029679,-1.874247375,14.3,67.53647179999997,6.041754850000002
608.6,463.8360034,20.35827728,-1.445848257,545.0629057,14.27816702,-1.765928114,14.3,66.92690230000001,6.08011026
608.7,465.8650071,20.21288199,-1.461966747,546.4791364,14.10705739,-1.655995578,14.3,66.3141293,6.1058246
608.8000000000001,467.8793902,20.06586576,-1.477539924,547.8788071,13.94696791,-1.545794162,14.3,65.69941690000003,6.1188978500000015
608.9,469.8789907,19.91722859,-1.492022475,549.2630199,13.79789856,-1.435592745,14.3,65.08402920000005,6.11933003
609.0,471.8636464,19.76702501,-1.504869087,550.6328767,13.65984936,-1.325391329,14.3,64.4692303,6.10717565
609.1,473.8331953,19.61552769,-1.515534445,551.9894797,13.5328203,-1.215189913,14.3,63.85628439999995,6.082707390000001
609.2,475.7874752,19.4630638,-1.523473238,553.3339307,13.41681137,-1.104988497,14.3,63.24645549999998,6.046252430000001
609.3000000000001,477.726324,19.30996054,-1.528231037,554.6673319,13.3118226,-0.994787081,14.3,62.64100790000005,5.9981379399999994
609.4,479.6496234,19.15654509,-1.529716957,555.9907852,13.21785396,-0.884681187,14.3,62.04116180000001,5.938691130000002
609.5,481.5574292,19.00314465,-1.528021883,557.3053926,13.13490546,-0.775148429,14.3,61.447963400000006,5.868239189999999
609.6,483.4498413,18.85008639,-1.523600244,558.6122562,13.06297711,-0.66676194,14.3,60.86241490000005,5.787109280000001
609.7,485.3269591,18.69769751,-1.516997352,559.912478,13.00201158,-0.560094857,14.3,60.28551889999996,5.695685930000002
609.8000000000001,487.1888825,18.54625067,-1.50875852,561.2071599,12.95172232,-0.455720313,14.3,59.71827739999999,5.594528349999999
609.9,489.035711,18.39580039,-1.499429062,562.497404,12.91176543,-0.354211445,14.3,59.16169299999997,5.484034960000001
610.0,490.8675443,18.24634668,-1.48955429,563.7843124,12.88179704,-0.256045864,14.3,58.61676809999996,5.364549639999998
610.1,492.684482,18.09788953,-1.479588633,565.0689411,12.86147327,-0.161319093,14.3,58.08445909999996,5.23641626
610.2,494.4866239,17.95042895,-1.469622976,566.352163,12.85045024,-0.06993561,14.3,57.56553910000004,5.0999787099999985
610.3000000000001,496.2740696,17.80396494,-1.459657319,567.6348049,12.84838406,0.018582199,14.3,57.06073529999993,4.955580879999999
610.4,498.0469186,17.65849749,-1.449691662,568.9176938,12.85493086,0.104807467,14.3,56.57077520000003,4.803566629999999
610.5,499.8052708,17.51402661,-1.439726006,570.2016566,12.86980407,0.18931333,14.3,56.096385799999965,4.644222539999998
610.6,501.5492257,17.37055229,-1.429760349,571.4875201,12.89294636,0.272672923,14.3,55.638294399999964,4.477605929999999
610.7,503.2788829,17.22807454,-1.419382522,572.7761113,12.92435775,0.355459381,14.3,55.19722840000004,4.303716790000001
610.8000000000001,504.9943423,17.08659335,-1.406531673,574.0682571,12.96403824,0.438150317,14.3,54.77391479999996,4.12255511
610.9,506.6957033,16.94610873,-1.388734783,575.3647844,13.01198782,0.520841253,14.3,54.369081099999974,3.934120909999999
611.0,508.3830657,16.80686798,-1.36351883,576.6665201,13.06820649,0.603532188,14.3,53.983454399999985,3.73866149
611.1,510.0565292,16.6701076,-1.328410793,577.9742912,13.13269426,0.686223124,14.3,53.61776200000004,3.5374133400000023
611.2,511.7161933,16.53731142,-1.28093765,579.2889244,13.20545112,0.76891406,14.3,53.27273110000006,3.3318603000000024
611.3000000000001,513.3621578,16.40996324,-1.219038552,580.6112468,13.28647707,0.851604995,14.3,52.94908900000003,3.1234861699999996
611.4,514.99472,16.28954687,-1.142301328,581.9420853,13.37577211,0.934295931,14.3,52.647365300000004,2.913774759999999
611.5,516.614969,16.17754614,-1.051138147,583.2822667,13.47333625,1.016200432,14.3,52.367297700000066,2.7042098900000013
611.6,518.2241914,16.07544485,-0.947609862,584.632618,13.57916949,1.093386329,14.3,52.10842659999999,2.4962753600000003
611.7,519.8236739,15.98472681,-0.834189492,585.9939661,13.69327181,1.161100324,14.3,51.87029219999995,2.291454999999999
611.8000000000001,521.4147032,15.90662853,-0.71335006,587.3671378,13.81517137,1.214727891,14.3,51.65243460000006,2.091457160000001
611.9,522.9985661,15.84139732,-0.587564585,588.7529602,13.94250887,1.249446346,14.3,51.454394100000016,1.8988884500000012
612.0,524.5765492,15.78903318,-0.459306089,590.15226,14.07243231,1.260571778,14.3,51.27571079999991,1.7166008700000006
612.1,526.1499392,15.7495361,-0.330635423,591.5658643,14.20217299,1.244172016,14.3,51.1159251000001,1.547363110000001
612.2,527.7200229,15.72290609,-0.201964757,592.9942224,14.3288373,1.199460627,14.3,50.97419950000001,1.3940687900000004
612.3000000000001,529.2880869,15.70914315,-0.073294092,594.4362738,14.44961488,1.127258737,14.3,50.84818689999993,1.2595282699999988
612.4,530.855418,15.70824728,0.055376574,595.8905805,14.56167458,1.031394437,14.3,50.73516250000007,1.1465727000000001
612.5,532.4233028,15.72021847,0.18404724,597.3557044,14.66218524,0.916690412,14.3,50.63240160000005,1.0580332300000013
612.6,533.9930281,15.74505672,0.312717906,598.8302076,14.74878755,0.787830574,14.3,50.53717950000005,0.9962691699999997
612.7,535.5658806,15.78276205,0.440692,600.3126521,14.82100965,0.649533525,14.3,50.446771500000025,0.9617524
612.8000000000001,537.143147,15.83333444,0.564486661,601.8015997,14.87885154,0.506517873,14.3,50.3584527,0.9544829000000004
612.9,538.726114,15.8967739,0.679922456,603.2956125,14.92231323,0.362715786,14.3,50.2694984999999,0.9744606699999991
613.0,540.3160682,15.97266248,0.782819954,604.7932524,14.9513947,0.218913699,14.3,50.17718420000001,1.0212677800000005
613.1,541.9142965,16.05891046,0.870222247,606.2930815,14.96609597,0.075111612,14.3,50.078784999999996,1.0928144900000003
613.2,543.5220855,16.1530102,0.934282324,607.7936617,14.96641702,-0.068690475,14.3,49.97157620000003,1.186593180000001
613.3000000000001,545.1407219,16.25245402,0.975184904,609.293555,14.95235787,-0.212492562,14.3,49.852833099999955,1.3000961499999981
613.4,546.7711581,16.35546779,0.991010887,610.7913234,14.92391851,-0.356294648,14.3,49.72016530000003,1.4315492799999987
613.5,548.413009,16.45734329,0.982456846,612.2855288,14.88109894,-0.498648078,14.3,49.57251979999997,1.5762443500000014
613.6,550.0655552,16.55777342,0.953005642,613.7747333,14.82389916,-0.632309564,14.3,49.409178100000034,1.7338742600000003
613.7,551.7280772,16.653517,0.905614181,615.2574988,14.75231918,-0.744287048,14.3,49.22942159999998,1.9011978200000001
613.8000000000001,553.3998557,16.74248431,0.848129474,616.7323872,14.66722818,-0.838788932,14.3,49.03253149999996,2.075256129999998
613.9,555.0801712,16.82425741,0.781063375,618.1979607,14.57297213,-0.894222927,14.3,48.81778949999996,2.251285280000001
614.0,556.7683042,16.8988363,0.709817844,619.6527811,14.47734628,-0.906197204,14.3,48.584476899999984,2.4214900199999985
614.1,558.4635355,16.96622097,0.637875741,621.0954104,14.37782558,-0.867468477,14.3,48.33187489999996,2.5883953899999987
614.2,560.1651455,17.02641144,0.565933638,622.5251059,14.28736541,-0.77658809,14.3,48.05996039999998,2.739046030000001
614.3000000000001,561.8724149,17.0794077,0.493991534,623.9439065,14.20860085,-0.639304814,14.3,47.77149160000006,2.870806850000001
614.4000000000001,563.5846242,17.12520975,0.422049431,625.3545463,14.14674709,-0.449961591,14.3,47.46992210000003,2.97846266
614.5,565.301054,17.16381759,0.350107328,626.7597592,14.10701928,-0.230150708,14.3,47.15870519999994,3.0567983100000014
614.6,567.0209848,17.19523122,0.278165225,628.1622796,14.09376339,0.015736005,14.3,46.841294800000085,3.1014678300000007
614.7,568.7436973,17.21945063,0.20625286,629.5648414,14.10784863,0.279006605,14.3,46.52114409999997,3.1116020000000013
614.8000000000001,570.468472,17.23647584,0.134518929,630.9701787,14.14927498,0.550969148,14.3,46.2017067,3.087200860000001
614.9000000000001,572.1945896,17.24630684,0.063141866,632.3810258,14.21804246,0.824380349,14.3,45.886436200000006,3.0282643799999995
615.0,573.9213305,17.24896147,-0.007699897,633.8001167,14.31415105,1.097791549,14.3,45.57878620000004,2.9348104200000016
615.1,575.6479754,17.24452895,-0.077827926,635.2301854,14.43760077,1.37120275,14.3,45.282210000000035,2.80692818
615.2,577.3738049,17.23311634,-0.147063787,636.6739663,14.5883916,1.644613951,14.3,45.00016139999998,2.644724739999999
615.3000000000001,579.0980994,17.21483069,-0.215258786,638.1341932,14.76652356,1.918025151,14.3,44.736093800000006,2.44830713
615.4000000000001,580.820154,17.18977908,-0.282383183,639.6136004,14.97199663,2.191436352,14.3,44.493446399999996,2.2177824500000014
615.5,582.5393205,17.15806856,-0.348466718,641.114922,15.20481083,2.463370545,14.3,44.27560149999995,1.9532577300000007
615.6,584.2549651,17.11980619,-0.413658085,642.640892,15.46496614,2.726442692,14.3,44.08592689999996,1.654840049999999
615.7,585.9664541,17.07509904,-0.478135718,644.1942446,15.75246258,2.971790749,14.3,43.927790500000086,1.3226364600000018
615.8000000000001,587.6731538,17.0240363,-0.542078051,645.777714,16.06641393,3.190552668,14.3,43.804560199999926,0.9576223699999993
615.9000000000001,589.3744303,16.96663584,-0.605663516,647.3940341,16.40238917,3.376989068,14.3,43.71960380000003,0.5642466699999993
616.0,591.0696498,16.90289765,-0.669070548,649.0459392,16.75507108,3.512869916,14.3,43.676289400000044,0.14782656999999944
616.1,592.7581787,16.83282173,-0.732447841,650.7361633,17.11914243,3.60017816,14.3,43.677984600000016,-0.286320700000001
616.2,594.439383,16.75640809,-0.795825133,652.4667315,17.49115958,3.634314131,14.3,43.72734850000002,-0.7347514900000007
616.3000000000001,596.1126291,16.67365671,-0.859202426,654.2368333,17.86018453,3.616754836,14.3,43.8242041999999,-1.186527820000002
616.4000000000001,597.7772832,16.5845676,-0.922579719,656.0449489,18.22652082,3.554885314,14.3,43.967665699999955,-1.6419532200000013
616.5,599.4327115,16.48914076,-0.985957012,657.8895586,18.58297765,3.454444947,14.3,44.15684710000001,-2.0938368899999986
616.6,601.0782803,16.3873762,-1.049334305,659.7691428,18.92512398,3.333663768,14.3,44.3908625000001,-2.53774778
616.7,602.7133556,16.2792739,-1.111361498,661.6821817,19.25207362,3.192035836,14.3,44.668826100000004,-2.972799720000001
616.8000000000001,604.3373039,16.16483388,-1.154963126,663.6271558,19.56382655,3.041545858,14.3,44.98985189999992,-3.398992670000002
616.9000000000001,605.9494913,16.04405612,-1.203013505,665.6025454,19.86038279,2.889578872,14.3,45.35305410000008,-3.8163266699999987
617.0,607.549284,15.9177507,-1.216437128,667.6068307,20.14174233,2.737611887,14.3,45.757546700000105,-4.22399163
617.1,609.1360483,15.79616289,-1.19745837,669.6384922,20.40790517,2.585644901,14.3,46.202443900000006,-4.61174228
617.2,610.7091503,15.66556809,-1.137976636,671.6960101,20.65887131,2.433677916,14.3,46.68685979999994,-4.993303219999998
617.3000000000001,612.2679564,15.54941163,-1.031241431,673.7778648,20.89464075,2.28171093,14.3,47.209908399999975,-5.345229120000001
617.4000000000001,613.8124808,15.44635886,-0.886227625,675.8825366,21.11521349,2.129743945,14.3,47.77005579999998,-5.6688546299999985
617.5,615.34533,15.36127014,-0.673310406,678.0085059,21.32058954,1.977776959,14.3,48.36317590000006,-5.9593194
617.6,616.8697584,15.29900584,-0.430215183,680.1542529,21.51076888,1.826061314,14.3,48.98449449999994,-6.211763040000001
617.7,618.3890206,15.26442631,-0.154717578,682.318258,21.68575153,1.675853713,14.3,49.62923740000004,-6.421325220000002
617.8000000000001,619.9063711,15.26158185,0.145081812,684.4990015,21.84553748,1.528662199,14.3,50.292630399999965,-6.58395563
617.9000000000001,621.4250644,15.29128252,0.461082392,686.6949638,21.99027754,1.385994816,14.3,50.96989939999999,-6.698995020000002
618.0,622.948355,15.35352831,0.785183567,688.9046252,22.12072572,1.249359608,14.3,51.656270200000066,-6.76719741
618.1,624.4794975,15.44831923,1.110634841,691.126466,22.23778686,1.120264618,14.3,52.346968500000074,-6.789467630000001
618.2,626.0217463,15.57565528,1.436086116,693.3589666,22.34236577,0.99996655,14.3,53.037220300000016,-6.766710490000001
618.3000000000001,627.578356,15.73553645,1.76153739,695.6007279,22.4353673,0.888716743,14.3,53.722371900000056,-6.69983085
618.4000000000001,629.152581,15.92796276,2.086988665,697.8508334,22.51769625,0.786263858,14.3,54.398252400000004,-6.58973349
618.5,630.747676,16.15293419,2.412439939,700.1084875,22.59025747,0.691351191,14.3,55.06081150000007,-6.437323280000001
618.6,632.3668953,16.41045074,2.737891214,702.3728941,22.65395577,0.602470699,14.3,55.705998800000046,-6.243505029999998
618.7,634.0134935,16.70051243,3.061546002,704.6432577,22.70954517,0.518114337,14.3,56.32976420000007,-6.0090327399999985
618.8000000000001,635.6907252,17.02311924,3.374421872,706.9187822,22.75717649,0.436774064,14.3,56.92805700000004,-5.734057249999999
618.9000000000001,637.4018448,17.37827118,3.665739905,709.198672,22.79684972,0.356941833,14.3,57.49682719999994,-5.418578540000002
619.0,639.1501069,17.76489036,3.924721183,711.4821312,22.82856486,0.277360944,14.3,58.03202430000006,-5.063674500000001
619.1,640.9387659,18.17758731,4.140586788,713.768364,22.85232191,0.197780054,14.3,58.5295981,-4.674734600000001
619.2,642.7710764,18.60989469,4.302557802,716.0565746,22.86812087,0.118199164,14.3,58.98549820000001,-4.258226179999998
619.3000000000001,644.6502929,19.05534514,4.401651793,718.3459672,22.87596174,0.038618275,14.3,59.39567430000007,-3.820616600000001
619.4000000000001,646.5788076,19.50747131,4.436072273,720.635746,22.87584452,-0.040962615,14.3,59.75693840000004,-3.3683732100000014
619.5,648.5555634,19.95980586,4.407615731,722.9251152,22.86776921,-0.120543505,14.3,60.06955180000007,-2.9079633499999993
619.6,650.578641,20.40588143,4.325264597,725.2132789,22.85173582,-0.19964245,14.3,60.33463790000003,-2.4458543899999974
619.7,652.6461209,20.83923067,4.199797789,727.4994414,22.82774434,-0.275849731,14.3,60.5533205,-1.9885136699999997
619.8000000000001,654.7560839,21.25446412,4.041994227,729.7828068,22.79579476,-0.346273682,14.3,60.726722899999984,-1.5413306399999982
619.9000000000001,656.9066106,21.6505039,3.862632829,732.0625794,22.75617627,-0.408022639,14.3,60.855968799999985,-1.1056723700000006
620.0,659.0957816,22.02734999,3.672492512,734.3379633,22.71033468,-0.458204937,14.3,60.94218169999995,-0.6829846899999978
620.1,661.3216774,22.3850024,3.480555708,736.6081627,22.66000501,-0.493928911,14.3,60.986485299999984,-0.2750026099999978
620.2,663.5823789,22.72346113,3.288618905,738.8723818,22.60692224,-0.51278484,14.3,60.99000289999999,0.11653889000000106
620.3000000000001,665.8759665,23.04272618,3.096682102,741.1300562,22.55282137,-0.514290781,14.3,60.95408970000001,0.48990480999999875
620.4000000000001,668.200521,23.34279755,2.904745299,743.3815467,22.49943742,-0.498928677,14.3,60.88102569999997,0.8433601300000007
620.5,670.5541229,23.62367524,2.712808495,745.6274454,22.44850536,-0.46910825,14.3,60.77332250000002,1.175169880000002
620.6,672.9348528,23.88535925,2.520871692,747.8683446,22.40176021,-0.427721163,14.3,60.63349179999996,1.4835990400000014
620.7,675.3407916,24.12784958,2.328934889,750.1048365,22.3606478,-0.377659082,14.3,60.46404490000005,1.7672017800000006
620.8000000000001,677.7700196,24.35114623,2.136876998,752.3375132,22.32545729,-0.321813671,14.3,60.26749360000004,2.025688940000002
620.9000000000001,680.2206176,24.5552492,1.944092584,754.566967,22.29618868,-0.263076596,14.3,60.04634940000001,2.2590605199999985
621.0,682.6906663,24.74015848,1.749855124,756.79379,22.27284197,-0.203857576,14.3,59.80312369999997,2.46731651
621.1,685.1782462,24.90580144,1.553438094,759.0185744,22.25541716,-0.144638557,14.3,59.54032820000005,2.650384280000001
621.2,687.6814379,25.0518148,1.354114971,761.2419125,22.24391426,-0.085419537,14.3,59.26047460000002,2.8079005399999986
621.3000000000001,690.1983222,25.17776265,1.151159232,763.4643963,22.23833325,-0.026200518,14.3,58.96607409999997,2.939429399999998
621.4000000000001,692.7269796,25.28320908,0.943965441,765.6866182,22.23867415,0.033018502,14.3,58.65963859999995,3.0445349299999975
621.5,695.2654327,25.36771818,0.732412511,767.9091702,22.24493695,0.092237521,14.3,58.34373749999993,3.122781230000001
621.6,697.8114714,25.43085402,0.516621528,770.1326446,22.25712166,0.151238668,14.3,58.02117320000009,3.1737323600000025
621.7,700.3628278,25.4721807,0.297197929,772.3576336,22.27522826,0.208932577,14.3,57.6948058,3.1969524400000005
621.8000000000001,702.9172336,25.49126231,0.074868237,774.5847293,22.29925677,0.26401201,14.3,57.36749570000002,3.1920055400000003
621.9000000000001,705.4724207,25.48773557,-0.149641024,776.814524,22.32907645,0.315169732,14.3,57.042103299999965,3.158659120000003
622.0,708.0261212,25.46152784,-0.375603332,779.0476098,22.3640337,0.361098502,14.3,56.7214886,3.0974941399999985
622.1,710.5760668,25.41263912,-0.602292163,781.284579,22.40334416,0.400491085,14.3,56.408512199999976,3.009294960000002
622.2,713.1199895,25.34106941,-0.829102082,783.5260236,22.4462235,0.43321637,14.3,56.10603410000006,2.894845910000001
622.3000000000001,715.6556212,25.2468187,-1.055912,785.7724314,22.49188736,0.456308835,14.3,55.81681019999992,2.754931339999999
622.4000000000001,718.1806937,25.12988701,-1.282721918,788.0238716,22.53955142,0.472479772,14.3,55.5431779,2.5903355900000022
622.5,720.6929391,24.99027432,-1.509531837,790.2803089,22.58900628,0.482241636,14.3,55.287369800000036,2.4012680400000015
622.6,723.1900891,24.82798064,-1.736341755,792.5417081,22.637819,0.48677455,14.3,55.05161900000003,2.1901616399999995
622.7,725.6698757,24.64300597,-1.963151673,794.8080339,22.68683202,0.487364542,14.3,54.838158200000024,1.9561739500000002
622.8000000000001,728.1300308,24.43535031,-2.188393892,797.079251,22.73556848,0.484424221,14.3,54.649220200000016,1.6997818299999992
622.9000000000001,730.5682862,24.20501365,-2.404229911,799.355324,22.78395209,0.481944849,14.3,54.48703780000001,1.4210615600000018
623.0,732.982374,23.951996,-2.601253533,801.6362178,22.83198287,0.47854358,14.3,54.35384380000001,1.1200131300000002
623.1,735.3700259,23.67723799,-2.770058557,803.921897,22.87966081,0.475015195,14.3,54.251871099999974,0.7975771799999976
623.2,737.728974,23.38544269,-2.901238786,806.2123264,22.92698591,0.47148681,14.3,54.18335240000006,0.45845678000000234
623.3000000000001,740.05695,23.08225385,-2.985388019,808.5074706,22.97395817,0.467958426,14.3,54.15052060000001,0.10829568000000123
623.4000000000001,742.3516859,22.77331517,-3.014667758,810.8072944,23.02057759,0.464430041,14.3,54.15560850000004,-0.24726241999999843
623.5,744.6116661,22.46427038,-2.987510303,813.1117625,23.06684418,0.460901656,14.3,54.20009640000008,-0.6025738000000018
623.6,746.8383849,22.16076319,-2.905483354,815.4208397,23.11275793,0.457373271,14.3,54.28245479999994,-0.95199474
623.7,749.0340893,21.86843733,-2.77642541,817.7344905,23.15831883,0.453613914,14.3,54.40040119999999,-1.2898815
623.8000000000001,751.2010261,21.59293651,-2.60974267,820.0526799,23.2035269,0.448468721,14.3,54.55165380000001,-1.6105903899999987
623.9000000000001,753.3414422,21.33896384,-2.414841333,822.3753723,23.24838213,0.440551857,14.3,54.73393010000002,-1.9094182899999979
624.0,755.4575845,21.10745993,-2.201127597,824.7025327,23.29274594,0.428477486,14.3,54.944948199999956,-2.1852860099999987
624.1,757.5516998,20.89842478,-1.978007663,827.0341257,23.33592541,0.410859772,14.3,55.182425899999956,-2.4375006300000024
624.2,759.6260351,20.71185839,-1.753320029,829.3701159,23.37708904,0.38631288,14.3,55.44408080000001,-2.6652306500000016
624.3000000000001,761.6828371,20.54776077,-1.528632395,831.7104683,23.41540532,0.353681947,14.3,55.727631199999976,-2.8676445500000014
624.4000000000001,763.7243529,20.40613191,-1.303944761,834.0550364,23.45004277,0.312736,14.3,56.03068349999997,-3.0439108600000004
624.5,765.7528291,20.28697182,-1.079257127,836.4032309,23.48016986,0.263706012,14.3,56.35040180000006,-3.1931980399999986
624.6,767.7705128,20.19028049,-0.854569493,838.7543511,23.50495511,0.207746846,14.3,56.683838300000005,-3.3146746200000017
624.7,769.7796509,20.11605792,-0.629881859,841.1076966,23.52356701,0.146244337,14.3,57.02804570000008,-3.4075090900000014
624.8000000000001,771.78249,20.06430412,-0.405790902,843.4625669,23.53531265,0.080584322,14.3,57.38007689999991,-3.4710085300000024
624.9000000000001,773.7812773,20.03501908,-0.185280014,845.8182616,23.54005343,0.012152635,14.3,57.736984299999975,-3.505034349999999
625.0,775.7782595,20.0282028,0.028070741,848.17408,23.53778937,-0.057664888,14.3,58.095820500000016,-3.5095865699999997
625.1,777.7756835,20.04349728,0.230681293,850.5293219,23.52852045,-0.127713383,14.3,58.4536384,-3.485023169999998
625.2,779.7757962,20.07911248,0.418971575,852.8832866,23.51224669,-0.197761878,14.3,58.80749040000008,-3.433134210000002
625.3000000000001,781.7808444,20.13290037,0.589361521,855.2352736,23.48896808,-0.267810373,14.3,59.15442920000005,-3.356067709999998
625.4000000000001,783.7930751,20.20271289,0.73886774,857.5845826,23.45868462,-0.337858869,14.3,59.49150749999997,-3.255971729999999
625.5,785.8144487,20.28640202,0.866893555,859.930513,23.42139631,-0.407907364,14.3,59.816064300000065,-3.134994289999998
625.6,787.84578,20.38181971,0.974035644,862.2723643,23.37710314,-0.477955859,14.3,60.12658430000006,-2.9952834300000006
625.7,789.8875976,20.48681792,1.063277396,864.609436,23.32580513,-0.547687455,14.3,60.42183839999991,-2.838987209999999
625.8000000000001,791.9404298,20.59924861,1.138198879,866.9410277,23.26750227,-0.615517658,14.3,60.700597900000005,-2.6682536600000013
625.9000000000001,794.0048051,20.71732175,1.20238016,869.2664389,23.20219456,-0.679545076,14.3,60.96163380000003,-2.484872809999999
626.0,796.0812519,20.84067933,1.259401306,871.5849691,23.13007214,-0.737868314,14.3,61.203717199999986,-2.289392809999999
626.1,798.1702987,20.96932135,1.312842384,873.8959177,23.05208571,-0.788870699,14.3,61.425619000000054,-2.0827643599999988
626.2,800.272474,21.10324781,1.365686785,876.1985844,22.9693761,-0.830446946,14.3,61.62611039999997,-1.8661282900000025
626.3000000000001,802.3883061,21.24245871,1.418531185,878.4922686,22.88308415,-0.85991592,14.3,61.80396249999997,-1.6406254399999973
626.4000000000001,804.5183235,21.38695404,1.471375586,880.776422,22.79417985,-0.878626803,14.3,61.95809850000008,-1.40722581
626.5,806.6630547,21.53673382,1.524219986,883.0511046,22.7039264,-0.886246226,14.3,62.08804990000006,-1.1671925800000018
626.6,808.823028,21.69179804,1.577064387,885.3165286,22.61412259,-0.884358684,14.3,62.19350059999995,-0.9223245500000026
626.7,810.9987721,21.8521467,1.629908787,887.5729062,22.52490963,-0.87458085,14.3,62.27413410000004,-0.6727629300000011
626.8000000000001,813.1908152,22.0177798,1.681977094,889.8204496,22.43762836,-0.859018009,14.3,62.32963439999999,-0.4198485600000019
626.9000000000001,815.3996858,22.18869734,1.728603007,892.059371,22.35246894,-0.840668196,14.3,62.359685200000015,-0.16377160000000046
627.0,817.6259124,22.36489932,1.766423489,894.2898825,22.26943134,-0.819766723,14.3,62.36397010000003,0.09546797999999868
627.1,819.8700234,22.54592008,1.791616377,896.5121963,22.18851559,-0.798548351,14.3,62.342172899999994,0.35740448999999685
627.2,822.1325473,22.72895985,1.797119046,898.7265247,22.10972167,-0.777329979,14.3,62.293977399999974,0.61923818
627.3000000000001,824.4140125,22.91200079,1.779338897,900.9330797,22.03304959,-0.756111607,14.3,62.2190672,0.8789511999999995
627.4000000000001,826.7149475,23.09274962,1.734395459,903.1320737,21.95849935,-0.734893236,14.3,62.11712619999999,1.134250269999999
627.5,829.0355081,23.26696877,1.66229847,905.3237187,21.88607095,-0.713674864,14.3,61.98821059999996,1.3808978199999977
627.6,831.3743602,23.43250265,1.562530495,907.508227,21.81576438,-0.692456492,14.3,61.83386680000008,1.616738269999999
627.7,833.7297971,23.58655735,1.438137605,909.6858106,21.74757965,-0.671499888,14.3,61.65601349999993,1.838977700000001
627.8000000000001,836.1001121,23.72633893,1.296182423,911.856682,21.68151676,-0.652113893,14.3,61.456569899999934,2.0448221699999998
627.9000000000001,838.4835985,23.84951909,1.140257551,914.0210531,21.6175757,-0.636899307,14.3,61.23745460000005,2.2319433900000014
628.0,840.8785495,23.95563219,0.97501955,916.1791362,21.55559942,-0.624336159,14.3,61.000586700000056,2.4000327699999993
628.1,843.2832584,24.04467822,0.805124987,918.3311435,21.49480261,-0.619085637,14.3,60.74788510000003,2.549875610000001
628.2,845.6960186,24.11665719,0.634454329,920.4772871,21.4336248,-0.621688157,14.3,60.48126850000001,2.683032390000001
628.3000000000001,848.1151234,24.17156909,0.463783671,922.6177793,21.37297795,-0.633452557,14.3,60.20265590000004,2.798591139999999
628.4000000000001,850.538866,24.20941392,0.293113013,924.7527065,21.31006537,-0.654640607,14.3,59.91384050000006,2.899348549999999
628.5,852.9655397,24.23019169,0.122442355,926.8816527,21.24456281,-0.683960344,14.3,59.616113,2.98562888
628.6,855.3934379,24.23390239,-0.048228302,929.0040763,21.17552789,-0.723193509,14.3,59.310638399999974,3.0583744999999993
628.7,857.8208537,24.22054603,-0.21889896,931.1194354,21.10201825,-0.767678914,14.3,58.9985817,3.118527780000001
628.8000000000001,860.2460806,24.1901226,-0.388939504,933.2271885,21.02324859,-0.816876143,14.3,58.681107899999986,3.1668740099999972
628.9000000000001,862.6674118,24.1426321,-0.555199366,935.3267937,20.93906185,-0.869214589,14.3,58.35938190000009,3.2035702499999985
629.0,865.0831405,24.07807454,-0.713897864,937.4177094,20.84945802,-0.923123643,14.3,58.034568900000025,3.228616519999999
629.1,867.4915602,23.99682799,-0.861254316,939.4993939,20.75443712,-0.977294465,14.3,57.707833699999995,3.2423908700000013
629.2,869.8909641,23.90078277,-0.993488039,941.5713054,20.65399913,-1.031465287,14.3,57.38034130000001,3.2467836400000003
629.3000000000001,872.2796454,23.79220731,-1.106818353,943.6329022,20.54814406,-1.085636109,14.3,57.05325679999994,3.24406325
629.4000000000001,874.6558975,23.67337001,-1.201065267,945.6836427,20.43687191,-1.139806931,14.3,56.727745199999916,3.2364980999999986
629.5,877.0183161,23.54653928,-1.266686929,947.7229851,20.32018268,-1.193977752,14.3,56.40466899999997,3.2263566000000026
629.6,879.3667068,23.41398353,-1.313225192,949.7503878,20.19807636,-1.248148574,14.3,56.08368100000003,3.2159071699999977
629.7,881.7011776,23.27618882,-1.340860044,951.765309,20.07055296,-1.302319396,14.3,55.764131399999954,3.205635860000001
629.8000000000001,884.0218366,23.14077061,-1.353372169,953.7672069,19.93761248,-1.356603639,14.3,55.44537029999999,3.203158130000002
629.9000000000001,886.3287916,23.00427219,-1.354182115,955.75554,19.79925492,-1.411568408,14.3,55.126748399999954,3.205017269999999
630.0,888.6221509,22.86885398,-1.345180381,957.7297664,19.65548027,-1.467894228,14.3,54.80761550000007,3.213373709999999
630.1,890.9020223,22.73451598,-1.337978993,959.6893446,19.50622049,-1.526261626,14.3,54.48732230000003,3.2282954900000007
630.2,893.168514,22.60125818,-1.327176911,961.6337327,19.35113531,-1.587351126,14.3,54.16521870000004,3.2501228699999984
630.3000000000001,895.4217339,22.4690806,-1.316374829,963.5623891,19.18981642,-1.651843256,14.3,53.84065519999997,3.279264180000002
630.4000000000001,897.66179,22.33798322,-1.305572747,965.474772,19.02185551,-1.720305119,14.3,53.51298200000004,3.31612771
630.5,899.8887904,22.20796605,-1.294770666,967.3702853,18.84684424,-1.792850137,14.3,53.18149490000003,3.36112181
630.6,902.1028431,22.07902908,-1.283968584,969.2481152,18.66437432,-1.869364889,14.3,52.84527210000006,3.4146547600000012
630.7,904.3040561,21.95117233,-1.273166502,971.1073931,18.47403742,-1.94928227,14.3,52.503336999999945,3.47713491
630.8000000000001,906.4925375,21.82439578,-1.26242261,972.9472509,18.27542523,-2.031921753,14.3,52.15471339999995,3.54897055
630.9000000000001,908.6683952,21.69869945,-1.25202786,974.76682,18.06819749,-2.116602815,14.3,51.79842480000009,3.63050196
631.0,910.8317372,21.57408332,-1.24233139,976.5652322,17.85228614,-2.202644927,14.3,51.43349499999995,3.7217971799999994
631.1,912.9826717,21.45051248,-1.233682343,978.341619,17.62769119,-2.289367566,14.3,51.05894730000007,3.8228212900000003
631.2,915.1213066,21.32781237,-1.226278954,980.0951122,17.39441263,-2.376203625,14.3,50.673805599999994,3.9333997399999987
631.3000000000001,917.24775,21.2057735,-1.220923079,981.8248433,17.15245046,-2.463039685,14.3,50.277093300000004,4.053323039999999
631.4000000000001,919.3621098,21.08418638,-1.217452954,983.5299441,16.90180469,-2.549875744,14.3,49.867834299999984,4.18238169
631.5,921.4644661,20.96293207,-1.216077673,985.2095461,16.64247532,-2.636711804,14.3,49.44508000000003,4.320456750000002
631.6,923.5547874,20.84152947,-1.216739047,986.862781,16.37446233,-2.723547863,14.3,49.007993600000034,4.467067140000001
631.7,925.633014,20.72004071,-1.219146124,988.4887804,16.09776574,-2.810383923,14.3,48.555766399999996,4.622274969999999
631.8000000000001,927.6990864,20.59816576,-1.22310067,990.0866759,15.81238555,-2.896349054,14.3,48.08758949999999,4.78578021
631.9000000000001,929.752945,20.47573007,-1.227800828,991.6555993,15.51832175,-2.977088619,14.3,47.6026543,4.957408320000001
632.0,931.7945302,20.3526987,-1.233350173,993.1946821,15.21557434,-3.044717415,14.3,47.10015189999997,5.137124360000001
632.1,933.8237825,20.22907167,-1.239248658,994.7030559,14.90466588,-3.101988778,14.3,46.57927339999999,5.32440579
632.2,935.8406424,20.10484897,-1.245205333,996.1798525,14.58820916,-3.135698238,14.3,46.03921010000006,5.516639809999999
632.3000000000001,937.8450502,19.9800306,-1.251162009,997.6242035,14.27093529,-3.143279863,14.3,45.47915330000008,5.709095309999999
632.4000000000001,939.8369463,19.85461657,-1.257118684,999.0352404,13.95119228,-3.120379012,14.3,44.8982941,5.90342429
632.5,941.8162713,19.72860687,-1.26307536,1000.412513,13.6369028,-3.066124759,14.3,44.29624169999995,6.0917040700000005
632.6,943.7829655,19.6020015,-1.269032035,1001.757243,13.32960642,-2.984047666,14.3,43.674277499999974,6.272395080000001
632.7,945.7369694,19.47480046,-1.274988711,1003.071071,13.03243848,-2.870523467,14.3,43.03410159999994,6.442361980000001
632.8000000000001,947.6782235,19.34700376,-1.28127729,1004.355636,12.74853431,-2.738756635,14.3,42.37741250000006,6.59846945
632.9000000000001,949.606668,19.21861138,-1.28955729,1005.612578,12.48050669,-2.591313101,14.3,41.705909999999975,6.738104689999998
633.0,951.5222436,19.08962334,-1.301820133,1006.843538,12.2288782,-2.433418433,14.3,41.021294399999945,6.860745139999999
633.1,953.4248905,18.95984049,-1.32005724,1008.050154,11.99364882,-2.270298198,14.3,40.32526350000008,6.966191670000001
633.2,955.3145493,18.82826712,-1.346260032,1009.234068,11.77481856,-2.106307035,14.3,39.61951870000003,7.05344856
633.3000000000001,957.1911604,18.69370838,-1.382419931,1010.396918,11.57238742,-1.942315872,14.3,38.905757600000086,7.12132096
633.4000000000001,959.0546642,18.55496941,-1.430196454,1011.540346,11.38635539,-1.778324709,14.3,38.185681799999955,7.1686140200000015
633.5,960.9048418,18.41085536,-1.489921505,1012.66599,11.21672247,-1.614333546,14.3,37.46114819999998,7.194132889999999
633.6,962.7408372,18.26017139,-1.561263181,1013.775491,11.06348868,-1.450342383,14.3,36.734653800000004,7.196682709999999
633.7,964.5616347,18.10172262,-1.642561963,1014.870488,10.926654,-1.28635122,14.3,36.00885330000001,7.175068620000001
633.8000000000001,966.3662191,17.93431422,-1.73182643,1015.952622,10.80621843,-1.122592971,14.3,35.286402900000056,7.1280957900000015
633.9000000000001,968.1535748,17.75695047,-1.827065162,1017.023532,10.70218199,-0.9602322,14.3,34.56995720000005,7.05476848
634.0,969.9226864,17.56943223,-1.926286736,1018.084859,10.61454465,-0.800666389,14.3,33.86217260000008,6.954887580000001
634.1,971.6725385,17.37175951,-2.027499731,1019.138242,10.54316669,-0.645293015,14.3,33.16570350000002,6.828592820000001
634.2,973.4021156,17.16393229,-2.12904463,1020.185321,10.48734936,-0.495509559,14.3,32.483205400000045,6.676582930000002
634.3000000000001,975.1104022,16.94595058,-2.230589529,1021.227736,10.44625416,-0.352713499,14.3,31.817333800000096,6.499696420000001
634.4000000000001,976.7963829,16.71781438,-2.332134428,1022.267126,10.41904262,-0.218069403,14.3,31.170743099999935,6.298771759999999
634.5,978.4590423,16.47952369,-2.433679327,1023.305021,10.40487625,-0.091810183,14.3,30.545978700000045,6.0746474400000015
634.6,980.0973649,16.23107852,-2.535224226,1024.342501,10.40291655,0.026297075,14.3,29.94513610000008,5.82816197
634.7,981.7103353,15.97247885,-2.636769125,1025.380536,10.41232505,0.137416935,14.3,29.370200699999895,5.5601538
634.8000000000001,983.2969379,15.70372469,-2.737311069,1026.420093,10.43226325,0.242946878,14.3,28.823155099999962,5.2714614399999995
634.9000000000001,984.8561575,15.42481604,-2.831835285,1027.462143,10.46203241,0.344284384,14.3,28.305985499999974,4.962783629999999
635.0,986.3869784,15.13575291,-2.910960797,1028.507654,10.50149279,0.44282693,14.3,27.820675600000026,4.63426012
635.1,987.8883853,14.83713705,-2.978759618,1029.557596,10.55064438,0.539971997,14.3,27.36921070000012,4.286492670000001
635.2,989.3593627,14.53197735,-3.019124277,1030.612937,10.60948718,0.636884151,14.3,26.95357430000008,3.9224901699999997
635.3000000000001,990.7988952,14.22590237,-3.029400295,1031.674647,10.67802121,0.733796304,14.3,26.575751800000102,3.5478811599999993
635.4000000000001,992.2059673,13.91646892,-3.004572897,1032.743696,10.75624645,0.830708458,14.3,26.2377287,3.160222469999999
635.5,993.5800449,13.61334148,-2.943639128,1033.821051,10.8441629,0.927620612,14.3,25.941006099999935,2.76917858
635.6,994.9225198,13.31811273,-2.85096519,1034.907683,10.94177057,1.024532766,14.3,25.685163199999874,2.37634216
635.7,996.235265,13.03439331,-2.721476116,1036.00456,11.04906945,1.121444919,14.3,25.469295000000056,1.9853238600000012
635.8000000000001,997.5201535,12.76579387,-2.571279375,1037.112651,11.16605955,1.218357073,14.3,25.29249749999992,1.5997343199999996
635.9000000000001,998.7790585,12.51532326,-2.403029449,1038.232926,11.29274087,1.314664635,14.3,25.153867499999887,1.2225823900000012
636.0,1000.013853,12.28358325,-2.222744066,1039.366354,11.4291134,1.407344646,14.3,25.05250099999996,0.8544698499999992
636.1,1001.22641,12.07057385,-2.036440955,1040.513903,11.57517714,1.492769553,14.3,24.98749300000004,0.4953967100000014
636.2,1002.418602,11.87629506,-1.849134889,1041.676543,11.73056935,1.567311807,14.3,24.957941000000073,0.14572571000000067
636.3000000000001,1003.592304,11.70074687,-1.661828823,1042.855244,11.89347624,1.627343856,14.3,24.96294000000007,-0.19272937000000034
636.4000000000001,1004.749386,11.5439293,-1.474522757,1044.050973,12.06172128,1.669238147,14.3,25.001587000000153,-0.5177919800000002
636.5,1005.891724,11.40584232,-1.287216691,1045.264701,12.23312795,1.689971723,14.3,25.072977000000105,-0.8272856300000004
636.6,1007.02119,11.28648596,-1.099910625,1046.497106,12.40551971,1.68893999,14.3,25.175915999999983,-1.1190337499999998
636.7,1008.139656,11.1858602,-0.912604558,1047.747707,12.57672003,1.666747542,14.3,25.308051000000045,-1.3908598300000001
636.8000000000001,1009.248996,11.10396505,-0.725298492,1049.015731,12.74455238,1.626417336,14.3,25.466734999999925,-1.6405873300000007
636.9000000000001,1010.351084,11.0408005,-0.538604601,1050.300405,12.90684023,1.571576925,14.3,25.64932099999994,-1.8660397300000007
637.0,1011.447791,10.99636656,-0.355583756,1051.600959,13.06176981,1.50585386,14.3,25.85316800000005,-2.0654032499999992
637.1,1012.540992,10.97066323,-0.179909004,1052.91662,13.20897835,1.432875693,14.3,26.075628000000005,-2.238315120000001
637.2,1013.632558,10.9633232,-0.015253393,1054.246615,13.34846587,1.356269974,14.3,26.314057000000002,-2.3851426700000005
637.3000000000001,1014.724364,10.97250995,0.134710032,1055.590173,13.48023235,1.279059663,14.3,26.565809000000012,-2.5077224000000005
637.4000000000001,1015.818283,10.99601964,0.266308224,1056.946522,13.6042778,1.201849352,14.3,26.828239000000007,-2.60825816
637.5,1016.916187,11.03164846,0.376480309,1058.31489,13.72060222,1.124639042,14.3,27.098703000000068,-2.6889537600000004
637.6,1018.019655,11.07719258,0.464614115,1059.694503,13.82920561,1.047428731,14.3,27.374847999999997,-2.7520130300000005
637.7,1019.129092,11.13044816,0.531321815,1061.084591,13.93008796,0.97021842,14.3,27.65549900000003,-2.7996397999999996
637.8000000000001,1020.244607,11.18921138,0.579664281,1062.484381,14.02324929,0.893008109,14.3,27.93977400000001,-2.834037910000001
637.9000000000001,1021.36631,11.25127841,0.613314561,1063.893102,14.10868959,0.816037035,14.3,28.226792,-2.8574111799999997
638.0,1022.494313,11.31481273,0.6359457,1065.30998,14.18640885,0.740501379,14.3,28.51566699999996,-2.8715961199999995
638.1,1023.628723,11.37944703,0.651230747,1066.734244,14.25640708,0.667836561,14.3,28.805520999999953,-2.876960050000001
638.2,1024.769652,11.44518132,0.662842746,1068.165122,14.31882783,0.599477999,14.3,29.09547000000016,-2.8736465100000004
638.3000000000001,1025.917209,11.51201558,0.673842571,1069.601841,14.37438879,0.536861111,14.3,29.384631999999964,-2.8623732099999994
638.4000000000001,1027.071505,11.57994983,0.684842396,1071.04363,14.42395123,0.481421316,14.3,29.672125000000005,-2.8440014
638.5,1028.232649,11.64898406,0.695842221,1072.489717,14.46837639,0.434354797,14.3,29.95706799999989,-2.8193923299999994
638.6,1029.400752,11.71911828,0.706842047,1073.939444,14.50852552,0.39590079,14.3,30.238692000000082,-2.789407239999999
638.7,1030.575923,11.79035247,0.717841872,1075.392613,14.54525987,0.365820058,14.3,30.51668999999988,-2.7549074000000005
638.8000000000001,1031.758272,11.86268665,0.728841697,1076.849141,14.57944071,0.342916419,14.3,30.790868999999883,-2.7167540599999995
638.9000000000001,1032.94791,11.93612081,0.739947791,1078.308945,14.61192927,0.325754455,14.3,31.0610349999999,-2.675808459999999
639.0,1034.144947,12.01065495,0.751691499,1079.771942,14.64344326,0.312898747,14.3,31.32699500000008,-2.6327883100000005
639.1,1035.349491,12.08628908,0.764710434,1081.238049,14.67412624,0.302913876,14.3,31.588558000000102,-2.5878371599999994
639.2,1036.561654,12.16308695,0.77964221,1082.707183,14.70397819,0.294364424,14.3,31.845528999999896,-2.5408912400000006
639.3000000000001,1037.781546,12.24136737,0.797124441,1084.17926,14.73299912,0.286054208,14.3,32.09771400000018,-2.49163175
639.4000000000001,1039.009276,12.32151291,0.81779474,1085.654198,14.76118903,0.277743992,14.3,32.344921999999954,-2.4396761200000014
639.5,1040.244954,12.40390614,0.842184453,1087.131914,14.78854792,0.269433777,14.3,32.58696000000005,-2.384641779999999
639.6,1041.488742,12.48892962,0.870399847,1088.612323,14.81507579,0.261123561,14.3,32.82358100000006,-2.3261461699999995
639.7,1042.741004,12.57696592,0.902334655,1090.095344,14.84077263,0.252813345,14.3,33.054340000000096,-2.2638067100000008
639.8000000000001,1044.002157,12.66839762,0.937457531,1091.580893,14.86563846,0.24450313,14.3,33.278736000000166,-2.197240839999999
639.9000000000001,1045.272616,12.76360728,0.975130862,1093.068887,14.88967326,0.236103806,14.3,33.496270999999936,-2.12606598
640.0,1046.552798,12.8629137,1.014717034,1094.559244,14.91287704,0.227169838,14.3,33.7064460000001,-2.0499633399999997
640.1,1047.843119,12.96638066,1.055578433,1096.051878,14.9352498,0.217166579,14.3,33.9087590000001,-1.968869139999999
640.2,1049.143994,13.07400814,1.097077446,1097.546709,14.95673807,0.205559385,14.3,34.10271499999995,-1.88272993
640.3000000000001,1050.45584,13.18579614,1.138682728,1099.043652,14.97707454,0.191813611,14.3,34.28781199999999,-1.7912783999999995
640.4000000000001,1051.779073,13.30174468,1.18028801,1100.542625,14.9959384,0.17539461,14.3,34.46355200000012,-1.6941937199999995
640.5,1053.114109,13.42185375,1.221893292,1102.043544,15.01300889,0.155856847,14.3,34.629435000000015,-1.5911551399999997
640.6,1054.461363,13.54612334,1.263498574,1103.546284,15.02796521,0.133111212,14.3,34.784921000000125,-1.4818418700000002
640.7,1055.821253,13.67455346,1.305103856,1105.050547,15.04048656,0.107246814,14.3,34.929293999999985,-1.3659330999999995
640.8000000000001,1057.194194,13.80714411,1.346709138,1106.555994,15.05025218,0.078709191,14.3,35.06180000000013,-1.24310807
640.9000000000001,1058.580602,13.94389529,1.387861324,1108.062285,15.05694126,0.048032987,14.3,35.18168299999998,-1.11304597
641.0,1059.980893,14.084807,1.426294933,1109.569081,15.06028649,0.015752847,14.3,35.288188000000176,-0.9754794899999997
641.1,1061.395483,14.22987923,1.456881011,1111.076041,15.0602344,-0.017596582,14.3,35.38055800000002,-0.8303551700000007
641.2,1062.824788,14.37884013,1.484132108,1112.582827,15.056785,-0.051480657,14.3,35.458039000000056,-0.6779448699999993
641.3000000000001,1064.269225,14.53033042,1.498098521,1114.089097,15.04993827,-0.08545384,14.3,35.519872000000035,-0.5196078499999999
641.4000000000001,1065.729209,14.68127272,1.498472046,1115.594513,15.03969423,-0.119427022,14.3,35.56530399999993,-0.35842150999999944
641.5,1067.205156,14.83437455,1.482987205,1117.098735,15.02605287,-0.153400204,14.3,35.59357900000005,-0.1916783199999994
641.6,1068.697266,14.98366611,1.451190899,1118.601422,15.00901419,-0.187373387,14.3,35.60415600000006,-0.02534808000000055
641.7,1070.204866,15.12896246,1.4059466,1120.102236,14.98857819,-0.221346569,14.3,35.59736999999991,0.1403842700000002
641.8000000000001,1071.727068,15.26863246,1.342288665,1121.600837,14.96474487,-0.255319752,14.3,35.57376900000004,0.30388758999999865
641.9000000000001,1073.262982,15.40104496,1.270166795,1123.096884,14.93751424,-0.289292934,14.3,35.53390200000008,0.4635307199999996
642.0,1074.811721,15.52484068,1.189889194,1124.590038,14.90688629,-0.323035423,14.3,35.47831700000002,0.6179543900000013
642.1,1076.372395,15.63974775,1.104174437,1126.07996,14.87286102,-0.355393748,14.3,35.407564999999934,0.7668867299999995
642.2,1077.944115,15.74576618,1.015741104,1127.566309,14.83543843,-0.384983746,14.3,35.32219400000004,0.9103277500000004
642.3000000000001,1079.525992,15.84289597,0.926854674,1129.048746,14.79475694,-0.410421255,14.3,35.22275399999985,1.0481390300000015
642.4000000000001,1081.117138,15.93113712,0.837968244,1130.526931,14.75150863,-0.430322111,14.3,35.10979300000004,1.1796284900000007
642.5,1082.716664,16.01048962,0.749081815,1132.000525,14.70652399,-0.443302149,14.3,34.98386099999989,1.3039656300000004
642.6,1084.323681,16.08095348,0.660195385,1133.469187,14.66063353,-0.448207902,14.3,34.845505999999844,1.4203199500000014
642.7,1085.937299,16.1425287,0.571308955,1134.932689,14.61466775,-0.444808676,14.3,34.695390000000046,1.527860949999999
642.8000000000001,1087.556631,16.19521527,0.482422525,1136.391245,14.56945714,-0.433335163,14.3,34.534614000000104,1.6257581299999977
642.9000000000001,1089.180787,16.2390132,0.393627667,1137.845179,14.5258322,-0.414940833,14.3,34.36439199999991,1.7131809999999987
643.0,1090.808878,16.27392249,0.305382234,1139.294816,14.48462342,-0.391009851,14.3,34.185938000000036,1.7892990700000002
643.1,1092.440015,16.29994314,0.218235652,1140.74048,14.4465229,-0.362926378,14.3,34.000465000000034,1.8534202400000002
643.2,1094.073311,16.31713008,0.132737348,1142.182497,14.41166903,-0.332074579,14.3,33.80918599999991,1.9054610499999978
643.3000000000001,1095.707875,16.32575804,0.049436747,1143.621191,14.38006184,-0.299838617,14.3,33.6133159999999,1.9456962000000004
643.4000000000001,1097.342819,16.32615666,-0.031116725,1145.056886,14.35170131,-0.267371961,14.3,33.41406700000012,1.9744553499999995
643.5,1098.977254,16.31865561,-0.108465213,1146.489908,14.32658745,-0.234905304,14.3,33.212654000000114,1.9920681600000005
643.6,1100.610335,16.30358454,-0.182517146,1147.92058,14.30472025,-0.202438648,14.3,33.0102449999999,1.9988642899999984
643.7,1102.241393,16.2812731,-0.253364096,1149.349228,14.28609972,-0.169971992,14.3,32.807835000000026,1.9951733800000007
643.8000000000001,1103.869803,16.25205095,-0.321463916,1150.776177,14.27072585,-0.137505336,14.3,32.60637399999992,1.9813251000000012
643.9000000000001,1105.49494,16.21624775,-0.387366034,1152.20175,14.25859865,-0.105038679,14.3,32.40680999999991,1.9576491000000011
644.0,1107.116178,16.17413821,-0.451619874,1153.626273,14.24971812,-0.07298695,14.3,32.210095000000095,1.9244200899999981
644.1,1108.732893,16.12577726,-0.514774862,1155.05007,14.24408425,-0.043424781,14.3,32.017176999999904,1.8816930099999993
644.2,1110.344459,16.07116492,-0.577380425,1156.473467,14.24169704,-0.020766297,14.3,31.829008000000112,1.829467880000001
644.3000000000001,1111.950252,16.01030118,-0.639894416,1157.896787,14.24230755,-0.001727367,14.3,31.646534999999812,1.7679936299999994
644.4000000000001,1113.549645,15.94318604,-0.702408408,1159.320355,14.24467098,0.005428756,14.3,31.470710000000008,1.69851506
644.5,1115.142015,15.8698195,-0.7649224,1160.744496,14.24613887,0.000137076,14.3,31.302481000000125,1.6236806300000008
644.6,1116.726735,15.79020156,-0.827436392,1162.169534,14.2486817,-0.019677041,14.3,31.14279900000015,1.5415198599999993
644.7,1118.303181,15.70433222,-0.889950383,1163.595596,14.2473415,-0.054428522,14.3,30.99241499999989,1.4569907200000003
644.8000000000001,1119.870727,15.61221148,-0.952464375,1165.02201,14.24177929,-0.101777875,14.3,30.85128299999992,1.370432189999999
644.9000000000001,1121.428749,15.51383934,-1.014446859,1166.447905,14.23050132,-0.16542416,14.3,30.719156000000066,1.2833380200000004
645.0,1122.976621,15.40921581,-1.073240301,1167.872412,14.21201387,-0.237104123,14.3,30.595790999999917,1.1972019399999994
645.1,1124.513718,15.29834087,-1.125655656,1169.29466,14.18507215,-0.316252768,14.3,30.480942000000095,1.1132687200000007
645.2,1126.039415,15.18153344,-1.168503883,1170.713778,14.1494272,-0.400380534,14.3,30.374363000000084,1.032106240000001
645.3000000000001,1127.553086,15.06038804,-1.198595937,1172.128897,14.10507903,-0.486997861,14.3,30.275811000000157,0.9553090099999988
645.4000000000001,1129.054108,14.93681809,-1.212742776,1173.539146,14.05202763,-0.574030115,14.3,30.18503800000003,0.8847904599999996
645.5,1130.541854,14.81273701,-1.208286863,1174.943654,13.990273,-0.661062369,14.3,30.101799999999866,0.8224640099999991
645.6,1132.015954,14.69005825,-1.184696693,1176.341552,13.91981515,-0.748094623,14.3,30.025598000000127,0.7702431000000001
645.7,1133.477059,14.57069521,-1.142503771,1177.731969,13.84065408,-0.835126876,14.3,29.95490999999988,0.73004113
645.8000000000001,1134.926075,14.45656132,-1.084365635,1179.114034,13.75278978,-0.92215913,14.3,29.887958999999864,0.70377154
645.9000000000001,1136.363907,14.34957002,-1.013471326,1180.486878,13.65622225,-1.009191384,14.3,29.822971000000006,0.693347769999999
646.0,1137.791461,14.25131582,-0.933009888,1181.84963,13.5509515,-1.096075793,14.3,29.758168999999906,0.7003643200000003
646.1,1139.209642,14.16211763,-0.846170364,1183.20142,13.43697753,-1.182073138,14.3,29.691778000000067,0.7251400999999991
646.2,1140.619357,14.08197545,-0.756141797,1184.541377,13.31430032,-1.266296354,14.3,29.622019999999974,0.7676751300000006
646.3000000000001,1142.02151,14.01088927,-0.665581722,1185.868632,13.1830086,-1.347858377,14.3,29.5471219999999,0.827880669999999
646.4000000000001,1143.417007,13.94885911,-0.575021648,1187.182313,13.0435459,-1.425872141,14.3,29.46530600000001,0.905313210000001
646.5,1144.806753,13.89588494,-0.484461574,1188.481551,12.89644444,-1.499450583,14.3,29.37479800000001,0.9994405000000004
646.6,1146.191656,13.85196679,-0.3939015,1189.765474,12.74223648,-1.567854481,14.3,29.273818000000073,1.1097303099999998
646.7,1147.572619,13.81710464,-0.303341425,1191.033285,12.58145424,-1.630935993,14.3,29.160665999999946,1.2356504000000008
646.8000000000001,1148.950548,13.79129851,-0.212781351,1192.284467,12.41462997,-1.688842961,14.3,29.033918999999923,1.3766685400000007
646.9000000000001,1150.32635,13.77454837,-0.12312865,1193.518576,12.24229591,-1.742314607,14.3,28.89222599999989,1.5322524600000005
647.0,1151.70093,13.76685425,-0.038920188,1194.735167,12.0649843,-1.792237994,14.3,28.734237000000075,1.701869949999999
647.1,1153.075193,13.76821613,0.031611321,1195.933795,11.88313866,-1.839500188,14.3,28.55860200000002,1.8850774700000006
647.2,1154.450045,13.7780896,0.091387059,1197.114017,11.69684771,-1.884988253,14.3,28.363972000000057,2.0812418899999994
647.3000000000001,1155.826392,13.79375253,0.126597365,1198.275387,11.50611144,-1.929589253,14.3,28.148994999999967,2.287641090000001
647.4000000000001,1157.205139,13.8102653,0.134586474,1199.417462,11.31092986,-1.974042409,14.3,27.91232299999997,2.4993354399999994
647.5,1158.587192,13.82938061,0.11081752,1200.539796,11.11130296,-2.018495565,14.3,27.652604000000064,2.7180776499999997
647.6,1159.97302,13.84281267,0.054383129,1201.641945,10.90723075,-2.062948722,14.3,27.36892500000017,2.9355819200000006
647.7,1161.361352,13.84896802,-0.031020852,1202.723465,10.69871322,-2.107401878,14.3,27.062113000000135,3.150254799999999
647.8000000000001,1162.750481,13.84458011,-0.149222977,1203.78391,10.48575037,-2.151855034,14.3,26.73342900000007,3.358829740000001
647.9000000000001,1164.138698,13.82638241,-0.286413587,1204.822837,10.26834221,-2.19630819,14.3,26.38413899999996,3.5580402000000007
648.0,1165.524296,13.79165279,-0.439936915,1205.839801,10.04648873,-2.240761346,14.3,26.01550500000003,3.7451640600000005
648.1,1166.905566,13.73984682,-0.604348721,1206.834358,9.820189942,-2.285100732,14.3,25.628792000000157,3.9196568779999996
648.2,1168.280803,13.67096452,-0.774204768,1207.806062,9.589445834,-2.328757496,14.3,25.225259000000005,4.081518686000001
648.3000000000001,1169.648298,13.58500587,-0.944968187,1208.75447,9.35425641,-2.371049015,14.3,24.806172000000014,4.23074946
648.4000000000001,1171.006342,13.48197088,-1.115731607,1209.679136,9.114689933,-2.411292668,14.3,24.372794000000066,4.367280947000001
648.5,1172.35323,13.36185955,-1.286495026,1210.579617,8.871087714,-2.448805833,14.3,23.926387000000158,4.490771836
648.6,1173.687252,13.22467187,-1.457258446,1211.455467,8.623859325,-2.482905887,14.3,23.468215000000054,4.600812545
648.7,1175.006702,13.07040786,-1.628021865,1212.306243,8.373414341,-2.513023979,14.3,22.99954100000009,4.696993518999999
648.8000000000001,1176.309872,12.8990675,-1.798785285,1213.131553,8.120162334,-2.539046338,14.3,22.521680999999898,4.7789051659999995
648.9000000000001,1177.595054,12.7106508,-1.969156186,1213.931228,7.864512878,-2.561086734,14.3,22.036174000000027,4.846137922
649.0,1178.860541,12.50515776,-2.137171978,1214.70515,7.606875546,-2.57971402,14.3,21.54460899999999,4.898282213999999
649.1,1180.104624,12.28258838,-2.300477552,1215.453201,7.347659911,-2.595610817,14.3,21.048576999999977,4.934928469
649.2,1181.325596,12.04317816,-2.456717797,1216.175266,7.087207285,-2.609459748,14.3,20.54967000000006,4.955970875
649.3000000000001,1182.521751,11.78810467,-2.603537606,1216.871227,6.825585929,-2.621943435,14.3,20.049476000000094,4.962518740999999
649.4000000000001,1183.691379,11.51878097,-2.738581868,1217.540967,6.562795844,-2.6337445,14.3,19.54958799999981,4.955985126
649.5,1184.832773,11.23662012,-2.859887993,1218.184371,6.298837029,-2.645431794,14.3,19.051597999999967,4.937783090999999
649.6,1185.944415,10.9430352,-2.967063462,1218.801319,6.033709485,-2.657119089,14.3,18.556903999999985,4.9093257150000005
649.7,1187.025538,10.63943926,-3.060500794,1219.391697,5.767413211,-2.668806383,14.3,18.066158999999924,4.872026049
649.8000000000001,1188.075565,10.32724537,-3.142162579,1219.955386,5.499948208,-2.680493677,14.3,17.579820999999992,4.827297162
649.9000000000001,1189.09392,10.00786659,-3.214403928,1220.492271,5.231314476,-2.692180972,14.3,17.098351000000047,4.776552114000001
650.0,1190.080025,9.682480494,-3.279579948,1221.002234,4.961512014,-2.703868266,14.3,16.622209000000066,4.72096848
650.1,1191.033302,9.351322576,-3.34004575,1221.485158,4.690540823,-2.713095616,14.3,16.151855999999906,4.660781752999999
650.2,1191.953175,9.014392841,-3.398156443,1221.940926,4.418400902,-2.722373149,14.3,15.687750999999889,4.595991938999999
650.3000000000001,1192.839066,8.671691288,-3.455874617,1222.369422,4.145092252,-2.725500821,14.3,15.230355999999983,4.5265990359999995
650.4000000000001,1193.690399,8.323217917,-3.513592791,1222.770529,3.872090839,-2.718784961,14.3,14.780129999999826,4.451127077999999
650.5,1194.506596,7.968972729,-3.571310966,1223.144129,3.597890587,-2.700131921,14.3,14.337533000000075,4.371082142
650.6,1195.28708,7.608955724,-3.62902914,1223.490107,3.326211522,-2.666557405,14.3,13.90302700000002,4.282744202
650.7,1196.031273,7.243166901,-3.686747315,1223.808345,3.059269846,-2.617537061,14.3,13.477071999999861,4.183897055000001
650.8000000000001,1196.738599,6.871606261,-3.744465489,1224.098964,2.798321749,-2.547576469,14.3,13.060365000000001,4.073284512000001
650.9000000000001,1197.40848,6.494273803,-3.801273729,1224.363043,2.545157809,-2.460388759,14.3,12.654563000000007,3.9491159939999996
651.0,1198.04034,6.111169528,-3.847814839,1224.601895,2.301568602,-2.359170218,14.3,12.261554999999998,3.8096009259999994
651.1,1198.6336,5.722293436,-3.893051779,1224.816838,2.069344705,-2.246014496,14.3,11.883238000000073,3.6529487310000004
651.2,1199.187684,5.328191487,-3.917102375,1225.009186,1.849978266,-2.123905889,14.3,11.521502000000009,3.478213221
651.3000000000001,1199.702015,4.934477998,-3.919314542,1225.180256,1.643767715,-1.995828692,14.3,11.178241000000025,3.290710283
651.4000000000001,1200.176015,4.535775193,-3.894228672,1225.331362,1.450713052,-1.864767199,14.3,10.855346999999892,3.085062141
651.5,1200.609108,4.144012378,-3.837295093,1225.46382,1.270814276,-1.733208323,14.3,10.554711999999835,2.873198102
651.6,1201.001152,3.759580803,-3.752411391,1225.578947,1.104071387,-1.601649448,14.3,10.277794999999923,2.655509416
651.7,1201.353755,3.385756233,-3.626064936,1225.678057,0.950484386,-1.470090573,14.3,10.024301999999988,2.435271847
651.8000000000001,1201.66896,3.025814431,-3.477227967,1225.762466,0.810053272,-1.338531697,14.3,9.793505999999933,2.2157611590000004
651.9000000000001,1201.94881,2.683031163,-3.306552568,1225.833489,0.682778047,-1.206972822,14.3,9.584679000000005,2.0002531159999997
652.0,1202.195349,2.360136232,-3.119498348,1225.892443,0.568658708,-1.075413947,14.3,9.397093999999878,1.7914775239999998
652.1,1202.41062,2.057675598,-2.921524912,1225.940643,0.467695257,-0.944277985,14.3,9.2300229999998,1.589980341
652.2,1202.596667,1.775649262,-2.718091869,1225.979404,0.379887694,-0.815679505,14.3,9.082736999999906,1.395761568
652.3000000000001,1202.755533,1.514057224,-2.513748892,1226.010043,0.305236018,-0.692155989,14.3,8.954509999999981,1.208821206
652.4000000000001,1202.889261,1.272899484,-2.309405915,1226.033874,0.243486482,-0.57624492,14.3,8.844612999999935,1.029413002
652.5,1202.999895,1.052176041,-2.105062938,1226.052213,0.193370343,-0.470483778,14.3,8.752318000000013,0.8588056980000001
652.6,1203.089479,0.851886896,-1.899505336,1226.066376,0.153365114,-0.377410046,14.3,8.676897000000007,0.698521782
652.7,1203.160056,0.672032049,-1.684149419,1226.077678,0.121948305,-0.299138292,14.3,8.617622000000164,0.550083744
652.8000000000001,1203.213668,0.5126115,-1.463252333,1226.087233,0.097597427,-0.236091431,14.3,8.57356499999987,0.415014073
652.9000000000001,1203.252361,0.374354023,-1.244518519,1226.095339,0.07878999,-0.187846548,14.3,8.542977999999902,0.295564033
653.0,1203.278176,0.262409832,-1.021863232,1226.102097,0.064003506,-0.152289074,14.3,8.523920999999927,0.19840632600000002
653.1,1203.293158,0.174224642,-0.809885509,1226.107601,0.051715485,-0.125715848,14.3,8.514442999999982,0.12250915700000001
653.2,1203.29935,0.107244163,-0.610609822,1226.111952,0.040657186,-0.105772887,14.3,8.51260199999997,0.066586977
653.3000000000001,1203.299379,0.05891411,-0.436877007,1226.115245,0.030574861,-0.091173989,14.3,8.515865999999914,0.028339249
653.4000000000001,1203.299407,0.026680194,-0.289901689,1226.117579,0.022167918,-0.076441143,14.3,8.518172000000003,0.004512275999999999
653.5,1203.299435,0.007988129,-0.178267559,1226.119051,0.015326258,-0.062806966,14.3,8.519615999999996,-0.0073381290000000005
653.6,1203.299464,0.000283628,-0.09771747,1226.119758,0.009927884,-0.04900392,14.3,8.520294000000103,-0.009644256
653.7,1203.299492,0.000283628,-0.043994277,1226.119799,0.005850799,-0.036401014,14.3,8.520306999999956,-0.005567171
653.8000000000001,1203.29952,0.000283628,-0.012840836,1226.119831,0.002973006,-0.025018075,14.3,8.520310999999946,-0.0026893779999999996
653.9000000000001,1203.299549,0.000283628,-6.11e-11,1226.119862,0.001172509,-0.016020785,14.3,8.520312999999941,-0.000888881
654.0,1203.299577,0.000283628,-2.04e-11,1226.119894,0.00032731,-0.009225643,14.3,8.520316999999931,-4.3681999999999966e-05
654.1,1203.299606,0.000283628,-1.22e-11,1226.119926,0.000315413,-0.004429321,14.3,8.520320000000037,-3.1784999999999995e-05
654.2,1203.299634,0.000283628,0.0,1226.119957,0.000315413,-0.001428492,14.3,8.520323000000143,-3.1784999999999995e-05
654.3000000000001,1203.299662,0.000283628,0.0,1226.119989,0.000315413,-1.98e-05,14.3,8.520327000000133,-3.1784999999999995e-05
654.4000000000001,1203.299691,0.000283628,0.0,1226.12002,0.000315413,-2.04e-11,14.3,8.520329000000128,-3.1784999999999995e-05
654.5,1203.299719,0.000283628,0.0,1226.120052,0.000315413,-1.09e-11,14.3,8.52033299999989,-3.1784999999999995e-05
654.6,1203.299747,0.000283628,0.0,1226.120083,0.000315413,0.0,14.3,8.520335999999997,-3.1784999999999995e-05
654.7,1203.299776,0.000283628,0.0,1226.120115,0.000315413,0.0,14.3,8.520338999999876,-3.1784999999999995e-05
654.8000000000001,1203.299804,0.000283628,-1.75e-12,1226.120146,0.000315413,0.0,14.3,8.520341999999982,-3.1784999999999995e-05
654.9000000000001,1203.299832,0.000283628,-2.18e-12,1226.120178,0.000315413,0.0,14.3,8.520345999999972,-3.1784999999999995e-05
655.0,1203.299861,0.000283628,-2.91e-12,1226.120209,0.000315413,0.0,14.3,8.520347999999967,-3.1784999999999995e-05
655.1,1203.299889,0.000283628,-2.91e-12,1226.120241,0.000315413,0.0,14.3,8.520352000000184,-3.1784999999999995e-05
655.2,1203.299918,0.000283628,-2.18e-12,1226.120273,0.000315413,1.09e-11,14.3,8.520355000000063,-3.1784999999999995e-05
655.3000000000001,1203.299946,0.000283628,-4.06e-13,1226.120304,0.000315413,2.04e-11,14.3,8.520357999999941,-3.1784999999999995e-05
655.4000000000001,1203.299974,0.000283628,0.0,1226.120336,0.000315413,0.004672739,14.3,8.520361999999931,-3.1784999999999995e-05
655.5,1203.300003,0.000283628,0.0,1226.120367,0.000315413,0.009212453,14.3,8.520363999999926,-3.1784999999999995e-05
655.6,1203.300031,0.000283628,2.03e-12,1226.120399,0.000315413,0.013528057,14.3,8.520367999999916,-3.1784999999999995e-05
655.7,1203.300059,0.000283628,2.44e-12,1226.12043,0.003119057,0.017528464,14.3,8.520371000000022,-0.002835429
655.8000000000001,1203.300088,0.000283628,3.18e-12,1226.120462,0.005842885,0.021122587,14.3,8.520374000000128,-0.005559257
655.9000000000001,1203.300116,0.000283628,2.39e-12,1226.120493,0.008432248,0.024219341,14.3,8.520377000000007,-0.00814862
656.0,1203.300144,0.000283628,1.62e-12,1226.120525,0.010832492,0.022054899,14.3,8.520380999999997,-0.010548864000000002
656.1,1203.300173,0.000283628,1.42e-12,1226.122799,0.012988966,0.01934394,14.3,8.5226259999999,-0.012705338
656.2,1203.300201,0.000283628,0.0,1226.12501,0.014847018,0.011452255,14.3,8.524808999999959,-0.01456339
656.3000000000001,1203.300229,0.000283628,0.0,1226.127113,0.016351996,0.003378265,14.3,8.526884000000063,-0.016068368
656.4000000000001,1203.300258,0.000283628,0.0,1226.129065,0.017449249,-0.00406166,14.3,8.528807000000096,-0.017165621
656.5,1203.300286,0.000283628,0.0,1226.130821,0.0153036,-0.011560788,14.3,8.530535000000054,-0.015019972000000001
656.6,1203.300315,0.000283628,0.0,1226.132339,0.01285945,-0.017571082,14.3,8.532024000000046,-0.012575822
656.7,1203.300343,0.000283628,0.0,1226.133575,0.010551969,-0.022404462,14.3,8.533231999999952,-0.010268341
656.8000000000001,1203.300371,0.000283628,0.0,1226.134484,0.007910545,-0.021244551,14.3,8.534112999999888,-0.0076269169999999996
656.9000000000001,1203.3004,0.000283628,0.0,1226.135042,0.005809347,-0.018907595,14.3,8.53464200000003,-0.005525719
657.0,1203.300428,0.000283628,0.0,1226.135297,0.004006572,-0.015989128,14.3,8.534869000000025,-0.0037229439999999997
657.1,1203.300456,0.000283628,0.0,1226.135317,0.00255687,-0.012242929,14.3,8.534861000000046,-0.002273242
657.2,1203.300485,0.000283628,0.0,1226.135393,0.001514894,-0.008223471,14.3,8.53490800000004,-0.001231266
657.3000000000001,1203.300513,0.000283628,0.0,1226.135469,0.000912176,-0.004300929,14.3,8.534956000000147,-0.000628548
657.4000000000001,1203.300541,0.000283628,0.0,1226.135545,0.000757626,-0.000313777,14.3,8.535004000000026,-0.00047399799999999994
657.5,1203.30057,0.000283628,0.0,1226.13562,0.000757626,0.005158515,14.3,8.53504999999991,-0.00047399799999999994
657.6,1203.300598,0.000283628,0.0,1226.135696,0.000757626,0.011089512,14.3,8.535098000000016,-0.00047399799999999994
657.7,1203.300627,0.000283628,0.0,1226.135772,0.002368604,0.019068694,14.3,8.53514500000001,-0.0020849759999999997
657.8000000000001,1203.300655,0.000283628,0.0,1226.135848,0.004610002,0.026406701,14.3,8.53519299999989,-0.004326374
657.9000000000001,1203.300683,0.000283628,-1.75e-12,1226.135923,0.007565883,0.034672339,14.3,8.535240000000112,-0.007282255
658.0,1203.300712,0.000283628,-2.18e-12,1226.135999,0.011320306,0.043182461,14.3,8.535287000000107,-0.011036678000000001
658.1,1203.30074,0.000283628,-2.91e-12,1226.137364,0.016167131,0.052324036,14.3,8.536624000000028,-0.015883503
658.2,1203.300768,0.000283628,-3.18e-12,1226.139233,0.021882987,0.059629837,14.3,8.538465000000041,-0.021599359
658.3000000000001,1203.300797,0.000283628,-2.18e-12,1226.141673,0.028495497,0.065481933,14.3,8.54087599999998,-0.028211869
658.4000000000001,1203.300825,0.000283628,0.0,1226.144752,0.036004662,0.070608379,14.3,8.543926999999893,-0.035721034
658.5,1203.300853,0.000283628,0.0,1226.148538,0.043343785,0.073024018,14.3,8.547684999999955,-0.043060157
658.6,1203.300882,0.000283628,8.12e-13,1226.153096,0.050609466,0.07329059,14.3,8.552214000000003,-0.050325838
658.7,1203.30091,0.000283628,2.39e-12,1226.158496,0.058532158,0.06991711,14.3,8.557586000000082,-0.05824853
658.8000000000001,1203.300939,0.000283628,3.18e-12,1226.164803,0.065918431,0.064470187,14.3,8.56386399999992,-0.065634803
658.9000000000001,1203.300967,0.000283628,2.91e-12,1226.172039,0.072469851,0.056209207,14.3,8.57107200000014,-0.07218622300000001
659.0,1203.300995,0.000283628,2.18e-12,1226.180039,0.077954928,0.043433739,14.3,8.579044000000021,-0.07767130000000001
659.1,1203.301024,0.000283628,1.75e-12,1226.188592,0.082025897,0.028036234,14.3,8.587567999999873,-0.081742269
659.2,1203.301052,0.000283628,0.0,1226.197487,0.08433499,0.010514079,14.3,8.596434999999882,-0.084051362
659.3000000000001,1203.30108,0.000283628,0.0,1226.206514,0.084592402,-0.008746908,14.3,8.605434000000013,-0.084308774
659.4000000000001,1203.301109,0.000283628,0.0,1226.21546,0.082740171,-0.029070516,14.3,8.614350999999896,-0.08245654300000001
659.5,1203.301137,0.000283628,0.0,1226.224117,0.078778299,-0.050166938,14.3,8.622980000000052,-0.078494671
659.6,1203.301165,0.000283628,0.0,1226.232271,0.072706784,-0.067161279,14.3,8.631105999999999,-0.072423156
659.7,1203.301194,0.000283628,0.0,1226.239713,0.064525626,-0.081726524,14.3,8.638519000000041,-0.06424199800000001
659.8000000000001,1203.301222,0.000283628,0.0,1226.246231,0.054234827,-0.090224986,14.3,8.645009000000027,-0.053951199
659.9000000000001,1203.301251,0.000283628,0.0,1226.251614,0.044295635,-0.093283215,14.3,8.650362999999924,-0.044012007
660.0,1203.301279,0.000283628,0.0,1226.255653,0.033704257,-0.090461703,14.3,8.654373999999915,-0.033420629
660.1,1203.301307,0.000283628,0.0,1226.258134,0.024643307,-0.081320941,14.3,8.656826999999975,-0.024359679
660.2,1203.301336,0.000283628,0.0,1226.258848,0.016736855,-0.069523501,14.3,8.65751199999995,-0.016453226999999997
660.3000000000001,1203.301364,0.000283628,0.0,1226.259041,0.010248605,-0.052956889,14.3,8.657677000000103,-0.009964977
660.4000000000001,1203.301392,0.000283628,0.0,1226.259234,0.005442263,-0.038335354,14.3,8.657842000000027,-0.005158635
660.5,1203.301421,0.000283628,0.0,1226.259427,0.002581534,-0.024677885,14.3,8.658006000000068,-0.0022979059999999997
660.6,1203.301449,0.000283628,4.74e-13,1226.25962,0.001930123,-0.013864136,14.3,8.658170999999992,-0.001646495
660.7,1203.301477,0.000283628,0.0,1226.259813,0.001930123,-0.005853566,14.3,8.658335999999917,-0.001646495
660.8000000000001,1203.301506,0.000283628,4.07e-12,1226.260006,0.001930123,-0.001085684,14.3,8.658499999999957,-0.001646495
660.9000000000001,1203.301534,0.000283628,1.22e-11,1226.260199,0.001930123,5.68e-12,14.3,8.65866500000011,-0.001646495
661.0,1203.301563,0.000283628,0.009306917,1226.260392,0.001930123,5.68e-13,14.3,8.658828999999923,-0.001646495
661.1,1203.301591,0.000283628,0.019615406,1226.260585,0.001930123,-4.49e-12,14.3,8.658994000000074,-0.001646495
661.2,1203.301619,0.000283628,0.030630442,1226.260778,0.001930123,-1.3e-11,14.3,8.659158999999999,-0.001646495
661.3000000000001,1203.301648,0.005867778,0.042057,1226.260971,0.001930123,-1.46e-11,14.3,8.65932300000004,0.003937655
661.4000000000001,1203.301676,0.012052871,0.053600056,1226.261164,0.001930123,-2.04e-11,14.3,8.659487999999964,0.010122747999999999
661.5,1203.301704,0.018661893,0.064964585,1226.261357,0.001930123,-1.64e-11,14.3,8.659653000000116,0.01673177
661.6,1203.301733,0.025517828,0.066548644,1226.26155,0.001930123,-2.13e-12,14.3,8.65981699999993,0.023587705
661.7,1203.306228,0.032443662,0.066362553,1226.261743,0.001930123,2.13e-12,14.3,8.655515000000104,0.030513539
661.8000000000001,1203.311205,0.039262379,0.055099397,1226.261936,0.001930123,1.61e-11,14.3,8.650731000000132,0.037332256
661.9000000000001,1203.31652,0.045796964,0.041064518,1226.26213,0.001930123,2.07e-11,14.3,8.645609999999987,0.043866841000000004
662.0,1203.322034,0.051870403,0.024552942,1226.262323,0.001930123,2.04e-11,14.3,8.640288999999893,0.049940280000000004
662.1,1203.327603,0.051721531,0.005651478,1226.262516,0.001930123,2.44e-11,14.3,8.63491300000005,0.049791408
662.2,1203.333086,0.050156539,-0.014720201,1226.262709,0.001930123,3.41e-11,14.3,8.629622999999992,0.048226416
662.3000000000001,1203.338342,0.047175427,-0.032442932,1226.262902,0.001930123,0.187608163,14.3,8.624559999999928,0.045245304
662.4000000000001,1203.343229,0.042778195,-0.041767233,1226.263095,0.001930123,0.406450105,14.3,8.619865999999956,0.040848072
662.5,1203.347606,0.036964844,-0.046739937,1226.263288,0.001930123,0.659220215,14.3,8.61568200000006,0.035034721
662.6,1203.35133,0.032404644,-0.048288838,1226.263481,0.114495021,0.988830322,14.3,8.612150999999994,-0.08209037699999999
662.7,1203.354261,0.026661191,-0.046118913,1226.263674,0.245800186,1.31844043,14.3,8.609413000000085,-0.219138995
662.8000000000001,1203.356256,0.022112577,-0.039935136,1226.263867,0.397462252,1.626488333,14.3,8.60761099999986,-0.375349675
662.9000000000001,1203.357174,0.018202124,-0.033204029,1226.26406,0.571097853,1.875861952,14.3,8.606885999999985,-0.5528957290000001
663.0,1203.358423,0.015106847,-0.024482617,1226.354305,0.792994381,2.065959018,14.3,8.695882000000164,-0.777887534
663.1,1203.359671,0.013003762,-0.016050584,1226.459542,1.02378812,2.158194326,14.3,8.79987100000012,-1.010784358
663.2,1203.360919,0.012482227,-0.009533162,1226.581064,1.240012192,2.248461166,14.3,8.920145000000002,-1.227529965
663.3000000000001,1203.362167,0.012482227,-0.004374368,1226.720166,1.485375597,2.248461166,14.3,9.057999000000063,-1.47289337
663.4000000000001,1203.363416,0.012482227,-0.000869227,1226.878139,1.692378848,2.255147222,14.3,9.214723000000003,-1.679896621
663.5,1203.364664,0.012482227,-2.41e-11,1227.056279,1.921017075,2.304943498,14.3,9.391614999999955,-1.908534848
663.6,1203.365912,0.012482227,-3.25e-12,1227.255876,2.142071081,2.329093164,14.3,9.589963999999963,-2.129588854
663.7,1203.36716,0.012482227,3.7e-12,1227.478226,2.376058153,2.438731531,14.3,9.811065999999936,-2.3635759259999998
663.8000000000001,1203.368408,0.012482227,6.02e-12,1227.724621,2.622978291,2.533866713,14.3,10.056213000000024,-2.610496064
663.9000000000001,1203.369657,0.012482227,8.29e-12,1227.996355,2.882831496,2.663197375,14.3,10.326698000000032,-2.870349269
664.0,1203.370905,0.012482227,1.11e-11,1228.294721,3.155617766,2.792528037,14.3,10.623815999999987,-3.143135539
664.1,1203.372153,0.012482227,2.11e-11,1228.621012,3.441337103,2.921858699,14.3,10.948859000000038,-3.428854876
664.2,1203.373401,0.012482227,3.61e-11,1228.976522,3.739989506,3.051189362,14.3,11.303120999999873,-3.727507279
664.3000000000001,1203.37465,0.012482227,0.117897494,1229.362544,4.051574975,3.18006567,14.3,11.687894000000096,-4.039092748000001
664.4000000000001,1203.375898,0.012482227,0.262972388,1229.780371,4.376093511,3.306215852,14.3,12.104473000000052,-4.363611284
664.5,1203.377146,0.012482227,0.437494772,1230.231296,4.713545112,3.426913784,14.3,12.55414999999989,-4.701062885000001
664.6,1203.378394,0.083220723,0.696268682,1230.716613,5.063657168,3.53943334,14.3,13.03821899999998,-4.980436445
664.7,1203.379642,0.170265659,0.928358242,1231.237615,5.425066614,3.641048395,14.3,13.557972999999901,-5.254800955
664.8000000000001,1203.380891,0.27497909,1.14228706,1231.795596,5.796137776,3.729032822,14.3,14.114704999999912,-5.521158686
664.9000000000001,1203.382139,0.398723071,1.405151918,1232.391848,6.175234979,3.801295229,14.3,14.709708999999929,-5.776511908
665.0,1203.439978,0.569497172,1.531978443,1233.027448,6.560722548,3.857347915,14.3,15.287469999999939,-5.991225376
665.1,1203.510862,0.7449144,1.665114689,1233.702597,6.950964806,3.896959218,14.3,15.89173499999988,-6.206050406
665.2,1203.595881,0.926311874,1.722691624,1234.417281,7.344434305,3.922855263,14.3,16.52140000000004,-6.4181224310000005
665.3000000000001,1203.696124,1.089452725,1.778243273,1235.171484,7.739475363,3.938143015,14.3,17.17535999999991,-6.650022638
665.4000000000001,1203.812682,1.274047903,1.833794923,1235.965191,8.134313307,3.945252391,14.3,17.85250900000001,-6.860265404
665.5,1203.946643,1.456211709,1.867841643,1236.798387,8.528948137,3.946475247,14.3,18.551744000000053,-7.072736428000001
665.6,1204.099098,1.642333878,1.918670312,1237.671057,8.923608357,3.945364468,14.3,19.271959000000106,-7.281274479
665.7,1204.271043,1.836589382,1.979767821,1238.583185,9.318116241,3.944020954,14.3,20.012141999999994,-7.481526859000001
665.8000000000001,1204.463109,2.038287443,2.047285613,1239.534756,9.712471789,3.942793807,14.3,20.771646999999984,-7.6741843460000005
665.9000000000001,1204.675831,2.246737282,2.107128097,1240.525756,10.106675,3.941270453,14.3,21.549924999999984,-7.859937717999999
666.0,1204.909748,2.461248124,2.167929994,1241.556167,10.50072588,3.939747099,14.3,22.346418999999923,-8.039477756
666.1,1205.165396,2.681244318,2.225278002,1242.625977,10.89462442,3.938223744,14.3,23.16058099999982,-8.213380101999999
666.2,1205.443312,2.906610736,2.280323417,1243.735169,11.28837063,3.93670039,14.3,23.991856999999936,-8.381759893999998
666.3000000000001,1205.744033,3.137347378,2.334217537,1244.883727,11.6819645,3.934866203,14.3,24.839693999999962,-8.544617122
666.4000000000001,1206.068096,3.373454244,2.387919773,1246.071638,12.07540604,3.931167019,14.3,25.703541999999924,-8.701951796000001
666.5,1206.416039,3.614931333,2.44162201,1247.298885,12.46869524,3.923737843,14.3,26.58284599999997,-8.853763907000001
666.6,1206.788397,3.861778646,2.495324246,1248.565453,12.8616456,3.910713677,14.3,27.4770559999999,-8.999866954
666.7,1207.185709,4.113996182,2.549026483,1249.871327,13.25332463,3.890229526,14.3,28.385617999999976,-9.139328448
666.8000000000001,1207.608512,4.371583942,2.602728719,1251.216492,13.64261333,3.860420392,14.3,29.307979999999997,-9.271029387999999
666.9000000000001,1208.057341,4.634541926,2.656430956,1252.600933,14.02839271,3.819732113,14.3,30.24359199999999,-9.393850784000001
667.0,1208.532735,4.902870133,2.710133192,1254.024485,14.40954375,3.767853855,14.3,31.19174999999991,-9.506673616999999
667.1,1209.03523,5.176568564,2.763898762,1255.486387,14.78494747,3.705096452,14.3,32.15115699999997,-9.608378906
667.2,1209.565363,5.455637219,2.81804433,1256.985728,15.15348487,3.633014066,14.3,33.12036500000018,-9.697847651
667.3000000000001,1210.123672,5.740076097,2.872949895,1258.521599,15.51403695,3.553471695,14.3,34.097926999999984,-9.773960852999998
667.4000000000001,1210.710694,6.029923199,2.928995457,1260.093088,15.86567121,3.468334335,14.3,35.08239399999998,-9.835748011
667.5,1211.326964,6.325368524,2.986561013,1261.699285,16.20820115,3.379466982,14.3,36.07232099999983,-9.882832626
667.6,1211.973021,6.626640071,3.046026562,1263.33928,16.54162677,3.288734632,14.3,37.0662589999999,-9.914986699
667.7,1212.649402,6.933965838,3.10770877,1265.012163,16.86594807,3.197691449,14.3,38.062761000000094,-9.931982232000003
667.8000000000001,1213.356673,7.247573827,3.17167097,1266.717022,17.18116506,3.106648267,14.3,39.060349000000045,-9.933591233000001
667.9000000000001,1214.095525,7.567692035,3.237849828,1268.452948,17.48727773,3.015605085,14.3,40.057423000000156,-9.919585694999999
668.0,1214.866675,7.894548461,3.30592868,1270.21903,17.78428607,2.924561902,14.3,41.05235499999999,-9.889737609
668.1,1215.670845,8.228371106,3.375527526,1272.014357,18.07219011,2.83351872,14.3,42.04351199999992,-9.843819004
668.2,1216.508753,8.569349968,3.446266368,1273.83802,18.35098982,2.742475537,14.3,43.02926699999985,-9.781639852
668.3000000000001,1217.381118,8.917523046,3.517765208,1275.689107,18.62068521,2.651432355,14.3,44.00798899999991,-9.703162164000002
668.4000000000001,1218.28866,9.272890342,3.589644046,1277.566709,18.88127629,2.55976289,14.3,44.97804900000001,-9.608385947999999
668.5,1219.232099,9.635451856,3.661586217,1279.469915,19.13276305,2.464335731,14.3,45.93781599999984,-9.497311194000002
668.6,1220.212153,10.00520759,3.733528388,1281.397814,19.37514549,2.361393185,14.3,46.885660999999985,-9.369937900000002
668.7,1221.229543,10.38215753,3.80547056,1283.349496,19.60804784,2.247177556,14.3,47.819953000000126,-9.22589031
668.8000000000001,1222.284988,10.7663017,3.877412731,1285.324051,19.82959126,2.117931151,14.3,48.739062999999945,-9.063289560000001
668.9000000000001,1223.379206,11.15764008,3.949354902,1287.320568,20.03752112,1.969896276,14.3,49.64136200000003,-8.87988104
669.0,1224.512919,11.55617268,4.021297073,1289.338136,20.22958282,1.799941519,14.3,50.52521700000007,-8.673410140000001
669.1,1225.686844,11.96189949,4.092012548,1291.375546,20.40352174,1.607440598,14.3,51.388701999999924,-8.441622249999998
669.2,1226.901701,12.37482053,4.149557065,1293.430382,20.55708325,1.393019795,14.3,52.22868100000001,-8.182262720000002
669.3000000000001,1228.158211,12.79493578,4.204002798,1295.499932,20.68801275,1.159810522,14.3,53.04172100000001,-7.893076969999999
669.4000000000001,1229.457092,13.22150923,4.230557222,1297.58148,20.79405562,0.911570473,14.3,53.824387999999956,-7.572546390000001
669.5,1230.799063,13.64737432,4.227670945,1299.672313,20.873333,0.652057342,14.3,54.5732500000001,-7.225958679999998
669.6,1232.184844,14.07857436,4.187983792,1301.769717,20.92546914,0.385028823,14.3,55.28487299999979,-6.846894780000001
669.7,1233.615155,14.50023383,4.105362283,1303.870978,20.95046402,0.11424261,14.3,55.95582299999997,-6.450230189999997
669.8000000000001,1235.090126,14.91142309,3.984390505,1305.973381,20.94831766,-0.157169885,14.3,56.583254999999966,-6.036894570000001
669.9000000000001,1236.607532,15.30772605,3.808862806,1308.074212,20.91903005,-0.428582381,14.3,57.16668,-5.6113040000000005
670.0,1238.164561,15.6847266,3.602345014,1310.170757,20.86260118,-0.699994876,14.3,57.70619600000005,-5.177874579999999
670.1,1239.758398,16.03800862,3.366386521,1312.260303,20.77903107,-0.971407371,14.3,58.20190500000008,-4.741022449999999
670.2,1241.38623,16.36389204,3.108347502,1314.340134,20.66831971,-1.242819867,14.3,58.65390399999997,-4.304427669999999
670.3000000000001,1243.045244,16.66164084,2.835588133,1316.407537,20.5304671,-1.514232362,14.3,59.06229300000014,-3.8688262599999987
670.4000000000001,1244.732625,16.93125501,2.555468588,1318.459798,20.36547324,-1.784458406,14.3,59.427172999999996,-3.434218229999999
670.5,1246.445562,17.17273455,2.274122348,1320.494203,20.17333813,-2.047565738,14.3,59.748640999999864,-3.00060358
670.6,1248.18124,17.38607948,1.992776108,1322.508037,19.95406177,-2.296435646,14.3,60.02679700000017,-2.56798229
670.7,1249.936845,17.57128978,1.711429867,1324.498586,19.70835603,-2.52394942,14.3,60.26174099999999,-2.13706625
670.8000000000001,1251.709565,17.72836545,1.430083627,1326.463136,19.43978027,-2.722988347,14.3,60.45357099999997,-1.7114148200000017
670.9000000000001,1253.496586,17.8573065,1.148737386,1328.398973,19.15260571,-2.892190693,14.3,60.60238700000009,-1.2952992099999996
671.0,1255.295094,17.95811293,0.867391146,1330.303384,18.85110358,-3.008353266,14.3,60.70828999999999,-0.8929906500000016
671.1,1257.102275,18.03078473,0.587327782,1332.174222,18.53954512,-3.087560547,14.3,60.77194700000014,-0.5087603899999991
671.2,1258.915318,18.07532191,0.314961681,1334.011622,18.21874735,-3.12524201,14.3,60.79630399999992,-0.14342544000000146
671.3000000000001,1260.731407,18.09172446,0.057990104,1335.816287,17.90334407,-3.127329915,14.3,60.784880000000115,0.18838038999999895
671.4000000000001,1262.54773,18.08076212,-0.175889686,1337.588919,17.58724394,-3.100942973,14.3,60.741189000000034,0.4935181799999988
671.5,1264.361473,18.04628351,-0.381060391,1339.330222,17.2774605,-3.047442919,14.3,60.66874900000012,0.7688230099999984
671.6,1266.169822,17.99290699,-0.544177103,1341.040897,16.97470564,-2.991219396,14.3,60.57107500000002,1.0182013500000018
671.7,1267.969965,17.92525092,-0.663288596,1342.721649,16.67897933,-2.922120184,14.3,60.45168400000007,1.2462715899999992
671.8000000000001,1269.759703,17.84668567,-0.736808759,1344.373179,16.3902816,-2.851834521,14.3,60.313475999999994,1.4564040699999978
671.9000000000001,1271.539302,17.7652182,-0.765428226,1345.996191,16.10861243,-2.781548857,14.3,60.15688900000005,1.6566057699999988
672.0,1273.309643,17.68278896,-0.755561382,1347.591387,15.83397183,-2.711263193,14.3,59.98174399999989,1.8488171300000005
672.1,1275.071608,17.60419825,-0.712825527,1349.159471,15.56635979,-2.640977529,14.3,59.78786299999997,2.0378384599999997
672.2,1276.826077,17.53365005,-0.650565568,1350.701145,15.30577632,-2.570691866,14.3,59.57506800000006,2.227873729999999
672.3000000000001,1278.573932,17.47191409,-0.572015609,1352.217112,15.05222142,-2.500406202,14.3,59.34318000000003,2.419692669999998
672.4000000000001,1280.316054,17.41899036,-0.485176144,1353.708075,14.80569508,-2.430034269,14.3,59.092021000000116,2.613295279999999
672.5,1282.053324,17.37487886,-0.397053802,1355.174736,14.56619731,-2.359144722,14.3,58.82141199999997,2.8086815499999993
672.6,1283.786623,17.3395796,-0.30893146,1356.6178,14.33372811,-2.287219946,14.3,58.53117700000003,3.0058514900000013
672.7,1285.516834,17.31309257,-0.220809118,1358.037968,14.10833923,-2.213742326,14.3,58.22113400000008,3.204753339999998
672.8000000000001,1287.244836,17.29541777,-0.132686776,1359.435943,13.89028949,-2.138194249,14.3,57.89110699999988,3.4051282799999996
672.9000000000001,1288.971511,17.28655521,-0.044564434,1360.812429,13.67988945,-2.0600581,14.3,57.540918000000104,3.6066657600000003
673.0,1290.697741,17.28650489,0.043557907,1362.168127,13.47744968,-1.978902533,14.3,57.170385999999965,3.8090552100000004
673.1,1292.424406,17.29526679,0.130914452,1363.503783,13.28328076,-1.894641279,14.3,56.779377000000025,4.011986029999999
673.2,1294.152388,17.31284094,0.213676214,1364.820306,13.09769325,-1.807360607,14.3,56.3679180000001,4.21514769
673.3000000000001,1295.882568,17.33922731,0.28724841,1366.118648,12.92099771,-1.717491863,14.3,55.936079999999905,4.418229599999998
673.4000000000001,1297.615827,17.37396644,0.347036258,1367.39976,12.75350472,-1.625552662,14.3,55.483932999999936,4.62046172
673.5,1299.353047,17.41476094,0.388444974,1368.664592,12.59547309,-1.532060617,14.3,55.01154500000003,4.81928785
673.6,1301.095108,17.45885393,0.406879776,1369.914098,12.44695457,-1.437533343,14.3,54.51898999999999,5.011899359999999
673.7,1302.842893,17.50348855,0.398511679,1371.149227,12.30794916,-1.342488455,14.3,54.00633400000011,5.19553939
673.8000000000001,1304.596914,17.54590792,0.362574884,1372.370931,12.17845688,-1.247357297,14.3,53.47401699999996,5.367451040000001
673.9000000000001,1306.356215,17.58335518,0.299835189,1373.580162,12.0584777,-1.15222614,14.3,52.923946999999956,5.5248774800000024
674.0,1308.119471,17.61307345,0.21412158,1374.77787,11.94801165,-1.057094983,14.3,52.35839899999992,5.665061800000002
674.1,1309.885359,17.63230587,0.11002884,1375.965007,11.84705871,-0.961963825,14.3,51.77964799999991,5.785247159999999
674.2,1311.652554,17.63875505,-0.007848249,1377.142525,11.75561888,-0.866832668,14.3,51.18997099999997,5.88313617
674.3000000000001,1313.419731,17.6319615,-0.134914904,1378.311375,11.67369217,-0.77170151,14.3,50.591644000000045,5.9582693299999985
674.4000000000001,1315.185567,17.61192522,-0.266576341,1379.472507,11.60127858,-0.676570353,14.3,49.98693999999996,6.010646639999999
674.5,1316.948738,17.57864623,-0.399003576,1380.626874,11.5383781,-0.5820041,14.3,49.378136,6.040268130000001
674.6,1318.707918,17.53212451,-0.53143081,1381.775426,11.48499074,-0.490827273,14.3,48.767507999999864,6.0471337699999985
674.7,1320.461784,17.47236007,-0.663858045,1382.919115,11.4411165,-0.406429298,14.3,48.15733099999984,6.031243570000001
674.8000000000001,1322.209011,17.3993529,-0.79628528,1384.058893,11.40641642,-0.332199602,14.3,47.54988199999998,5.992936480000001
674.9000000000001,1323.948276,17.31310301,-0.928712514,1385.19571,11.37919581,-0.271527609,14.3,46.94743399999989,5.933907199999998
675.0,1325.678253,17.2136104,-1.061139749,1386.330518,11.357421,-0.227802747,14.3,46.352264999999946,5.8561894
675.1,1327.397619,17.10087506,-1.193018261,1387.464268,11.33905834,-0.203849537,14.3,45.76664899999987,5.761816720000001
675.2,1329.10505,16.974897,-1.321604439,1388.59764,11.32207418,-0.200232883,14.3,45.19259000000007,5.652822819999999
675.3000000000001,1330.79922,16.83567622,-1.443605949,1389.73023,11.30443485,-0.216387881,14.3,44.63100999999979,5.53124137
675.4000000000001,1332.478806,16.68354194,-1.555730457,1390.861363,11.2841067,-0.249490009,14.3,44.08255699999991,5.399435240000001
675.5,1334.142484,16.52014035,-1.654685629,1391.990362,11.25905608,-0.296149842,14.3,43.54787800000004,5.261084269999998
675.6,1335.788929,16.34744683,-1.741324285,1393.116552,11.22758827,-0.352977952,14.3,43.027622999999906,5.119858559999999
675.7,1337.416817,16.16743679,-1.800467349,1394.239258,11.18936434,-0.416584915,14.3,42.52244100000003,4.978072450000001
675.8000000000001,1339.025087,15.98208562,-1.844001565,1395.357803,11.14438427,-0.483581304,14.3,42.03271600000012,4.83770135
675.9000000000001,1340.613731,15.79088165,-1.868330498,1396.471513,11.09264808,-0.551142597,14.3,41.557782000000046,4.698233569999999
676.0,1342.183007,15.60326153,-1.87619776,1397.579711,11.03415575,-0.61870389,14.3,41.096704,4.569105779999999
676.1,1343.733169,15.41373941,-1.870895687,1398.681722,10.9689073,-0.686265183,14.3,40.64855299999995,4.44483211
676.2,1345.264475,15.22644853,-1.851571457,1399.77687,10.89690271,-0.753826477,14.3,40.21239499999997,4.32954582
676.3000000000001,1346.777179,15.04171813,-1.833952868,1400.86448,10.818142,-0.82138777,14.3,39.78730100000003,4.22357613
676.4000000000001,1348.271538,14.85954821,-1.80889679,1401.943877,10.73262516,-0.888949063,14.3,39.37233899999997,4.12692305
676.5,1349.747808,14.67993877,-1.78329199,1403.014384,10.64035219,-0.956496281,14.3,38.96657599999999,4.03958658
676.6,1351.206246,14.50288981,-1.75768719,1404.075325,10.54132309,-1.023959052,14.3,38.56907900000006,3.9615667199999987
676.7,1352.647106,14.32840133,-1.73208239,1405.126026,10.43553786,-1.091252926,14.3,38.17892000000002,3.89286347
676.8000000000001,1354.070646,14.15647334,-1.70647759,1406.165811,10.32300495,-1.158293456,14.3,37.79516500000018,3.83346839
676.9000000000001,1355.47712,13.98710582,-1.680872789,1407.194004,10.20376657,-1.224996193,14.3,37.41688399999994,3.783339249999999
677.0,1356.866786,13.82029878,-1.655267989,1408.209929,10.07787341,-1.29127669,14.3,37.04314300000006,3.7424253699999994
677.1,1358.2399,13.65605222,-1.629834356,1409.212911,9.945376117,-1.357064572,14.3,36.673011000000045,3.710676102999999
677.2,1359.596717,13.49436614,-1.605427722,1410.202281,9.806325374,-1.422345766,14.3,36.30556400000019,3.6880407660000003
677.3000000000001,1360.937493,13.33524054,-1.583075088,1411.177397,9.660771846,-1.487134346,14.3,35.93990400000003,3.6744686939999998
677.4000000000001,1362.262485,13.17857272,-1.563803453,1412.137624,9.508766203,-1.551500686,14.3,35.57513899999999,3.6698065169999996
677.5,1363.571948,13.02384918,-1.548639817,1413.082327,9.350359112,-1.615529232,14.3,35.21037900000006,3.6734900679999996
677.6,1364.866138,12.87045372,-1.538611179,1414.010871,9.185592798,-1.679304435,14.3,34.84473299999986,3.6848609220000004
677.7,1366.145313,12.71777015,-1.534573374,1414.922621,9.014475705,-1.742910741,14.3,34.47730799999995,3.703294444999999
677.8000000000001,1367.409645,12.56518225,-1.536697567,1415.816942,8.837007835,-1.806432599,14.3,34.107296999999974,3.728174415
677.9000000000001,1368.658979,12.41207383,-1.544812591,1416.693198,8.653189185,-1.869940383,14.3,33.7342189999999,3.758884645
678.0,1369.89308,12.2578287,-1.558062615,1417.550755,8.463019758,-1.933448166,14.3,33.35767499999993,3.7948089419999995
678.1,1371.111709,12.10183064,-1.575420637,1418.388977,8.266499552,-1.996955949,14.3,32.97726800000005,3.8353310879999984
678.2,1372.31463,11.94356617,-1.595859659,1419.20723,8.063628568,-2.060463733,14.3,32.592599999999905,3.879937602
678.3000000000001,1373.501607,11.78293258,-1.61835268,1420.004878,7.854406806,-2.123971516,14.3,32.20327100000004,3.9285257740000006
678.4000000000001,1374.672401,11.61992987,-1.641872701,1420.781287,7.638834265,-2.1874793,14.3,31.808885999999983,3.981095605
678.5,1375.826777,11.45455804,-1.665563888,1421.535821,7.416910946,-2.25051566,14.3,31.40904399999995,4.037647094
678.6,1376.964498,11.28681709,-1.689255075,1422.267845,7.188636848,-2.31072348,14.3,31.00334700000003,4.098180242
678.7,1378.085325,11.11670702,-1.712946263,1422.976723,6.954011973,-2.365274222,14.3,30.59139799999998,4.162695047
678.8000000000001,1379.189024,10.94422784,-1.73663745,1423.661822,6.713319172,-2.411339345,14.3,30.17279800000001,4.230908668
678.9000000000001,1380.275355,10.76937953,-1.760328638,1424.322506,6.467972717,-2.44609031,14.3,29.747150999999985,4.301406813
679.0,1381.344084,10.59216211,-1.784019825,1424.95814,6.219669732,-2.466698578,14.3,29.31405599999989,4.3724923780000005
679.1,1382.394972,10.41257557,-1.80764777,1425.568088,5.970107339,-2.470807032,14.3,28.873115999999936,4.442468230999999
679.2,1383.427784,10.23061991,-1.830896264,1426.151942,5.720982662,-2.457944248,14.3,28.424157999999988,4.509637248
679.3000000000001,1384.442281,10.04629513,-1.853385854,1426.710199,5.473992826,-2.428581651,14.3,27.967918000000008,4.572302304000001
679.4000000000001,1385.438227,9.859639175,-1.874737088,1427.24358,5.230834953,-2.385076357,14.3,27.505352999999968,4.628804222
679.5,1386.415386,9.670841774,-1.894570514,1427.752809,4.993206168,-2.330256904,14.3,27.03742300000017,4.677635605999999
679.6,1387.373519,9.480130597,-1.912506681,1428.238608,4.762520741,-2.266951833,14.3,26.565089000000125,4.717609856
679.7,1388.312392,9.287733315,-1.928229379,1428.7017,4.539061525,-2.197989683,14.3,26.089308000000027,4.74867179
679.8000000000001,1389.231795,9.093877598,-1.941675365,1429.142808,4.32282852,-2.126198993,14.3,25.61101300000014,4.771049078000001
679.9000000000001,1390.131646,8.898791119,-1.952907882,1429.562653,4.113821726,-2.05393688,14.3,25.131006999999908,4.784969393
680.0,1391.011888,8.702701547,-1.96224314,1429.961959,3.912041144,-1.981674767,14.3,24.65007099999998,4.790660403
680.1,1391.872468,8.505836555,-1.97006059,1430.341448,3.717486773,-1.909412654,14.3,24.168979999999873,4.788349782
680.2,1392.713329,8.308385868,-1.976739684,1430.701843,3.530158613,-1.837150541,14.3,23.688514000000122,4.778227255000001
680.3000000000001,1393.534419,8.110387431,-1.982659875,1431.043867,3.350056664,-1.764888428,14.3,23.20944800000002,4.760330766999999
680.4000000000001,1394.335681,7.911841245,-1.988200613,1431.368241,3.177180927,-1.692626315,14.3,22.732559999999875,4.7346603179999995
680.5,1395.117061,7.712747308,-1.99367811,1431.67569,3.011531401,-1.620364202,14.3,22.25862900000011,4.701215907
680.6,1395.878504,7.513105623,-1.999155607,1431.966935,2.853108087,-1.548195039,14.3,21.7884309999999,4.6599975360000006
680.7,1396.619956,7.312916187,-2.004633103,1432.242698,2.701910983,-1.476583569,14.3,21.322742000000016,4.611005204
680.8000000000001,1397.341361,7.112179002,-2.0101106,1432.503704,2.557940091,-1.406087487,14.3,20.862342999999964,4.5542389110000006
680.9000000000001,1398.042665,6.910894067,-2.015588097,1432.750673,2.421139641,-1.337264487,14.3,20.408008000000063,4.489754426
681.0,1398.723814,6.709061383,-2.021065593,1432.98433,2.291230786,-1.270672263,14.3,19.96051600000005,4.417830597
681.1,1399.384752,6.506680948,-2.026457116,1433.205395,2.167878909,-1.206868509,14.3,19.520643000000018,4.338802038999999
681.2,1400.025424,6.303752764,-2.030900652,1433.414593,2.050749395,-1.14631797,14.3,19.089169000000037,4.253003369
681.3000000000001,1400.645776,6.100276831,-2.035176795,1433.612601,1.939507626,-1.089113595,14.3,18.66682499999997,4.160769205
681.4000000000001,1401.245753,5.896304732,-2.037473268,1433.799919,1.833818986,-1.035162435,14.3,18.254166000000122,4.062485746
681.5,1401.825301,5.692353676,-2.037706373,1433.977001,1.733348859,-0.983999745,14.3,17.85169999999989,3.959004817
681.6,1402.384363,5.487955305,-2.03536027,1434.144303,1.637762629,-0.935067831,14.3,17.45994000000014,3.850192676
681.7,1402.922887,5.284196988,-2.03000509,1434.302279,1.546781448,-0.887808999,14.3,17.079392000000052,3.7374155399999998
681.8000000000001,1403.440858,5.08112894,-2.021987005,1434.451385,1.460349548,-0.841665555,14.3,16.710527000000138,3.620779392
681.9000000000001,1403.938427,4.879060669,-2.010095551,1434.592075,1.378466927,-0.796079805,14.3,16.353647999999975,3.5005937420000004
682.0,1404.415788,4.678301678,-1.996057035,1434.724804,1.301133587,-0.750587004,14.3,16.009015999999928,3.3771680910000006
682.1,1404.873134,4.479161473,-1.979955151,1434.850027,1.228349526,-0.705094203,14.3,15.676893000000018,3.250811947
682.2,1405.310656,4.281897975,-1.962305742,1434.968199,1.160114746,-0.659601402,14.3,15.357542999999804,3.1217832289999996
682.3000000000001,1405.728549,4.086562767,-1.94362465,1435.079775,1.096429246,-0.614108601,14.3,15.051225999999996,2.990133521
682.4000000000001,1406.127005,3.89315585,-1.924427716,1435.18521,1.037293026,-0.5686158,14.3,14.758205000000043,2.855862824
682.5,1406.506216,3.701677224,-1.905144808,1435.284959,0.982706086,-0.523122998,14.3,14.478743000000076,2.718971138
682.6,1406.866376,3.512126888,-1.8858619,1435.379477,0.932668426,-0.477792851,14.3,14.213101000000005,2.579458462
682.7,1407.207677,3.324504844,-1.866578993,1435.469218,0.887180047,-0.433438625,14.3,13.961540999999851,2.4373247969999996
682.8000000000001,1407.530313,3.13881109,-1.847296085,1435.554638,0.846240947,-0.391036242,14.3,13.72432500000009,2.292570143
682.9000000000001,1407.834475,2.955045627,-1.828013177,1435.636192,0.809753536,-0.351561624,14.3,13.501716999999825,2.145292091
683.0,1408.120358,2.773208454,-1.808730269,1435.714334,0.777229851,-0.315990691,14.3,13.29397600000011,1.9959786030000002
683.1,1408.388153,2.593299573,-1.789447362,1435.789519,0.748084341,-0.285299367,14.3,13.101365999999825,1.845215232
683.2,1408.638054,2.415318982,-1.769914275,1435.862203,0.721731452,-0.259900474,14.3,12.924148999999897,1.69358753
683.3000000000001,1408.870253,2.239266682,-1.748880119,1435.932762,0.697585632,-0.240895219,14.3,12.762508999999863,1.5416810499999998
683.4000000000001,1409.084943,2.065142673,-1.724843821,1436.00126,0.675061327,-0.227707952,14.3,12.616316999999935,1.390081346
683.5,1409.282317,1.893097061,-1.696304313,1436.067685,0.653813251,-0.219137515,14.3,12.485368000000062,1.2392838099999999
683.6,1409.462568,1.723880383,-1.661760523,1436.132023,0.63269272,-0.214470764,14.3,12.36945499999997,1.091187663
683.7,1409.625889,1.55839328,-1.61971138,1436.19426,0.61145957,-0.212731777,14.3,12.26837100000007,0.94693371
683.8000000000001,1409.772472,1.397536394,-1.568905994,1436.254383,0.590248943,-0.213345076,14.3,12.181910999999854,0.8072874510000001
683.9000000000001,1409.902631,1.242210368,-1.509094185,1436.312377,0.568903174,-0.214396189,14.3,12.10974600000004,0.673307194
684.0,1410.017158,1.093315845,-1.440526132,1436.368231,0.547422261,-0.215484843,14.3,12.051072999999814,0.545893584
684.1,1410.116967,0.951753465,-1.364452727,1436.421929,0.525806205,-0.216836274,14.3,12.004962000000159,0.42594726000000005
684.2,1410.202972,0.818423872,-1.28237504,1436.47346,0.504055006,-0.218187705,14.3,11.970487999999886,0.314368866
684.3000000000001,1410.276085,0.694077601,-1.195794142,1436.522808,0.482168664,-0.219539137,14.3,11.946722999999974,0.21190893700000002
684.4000000000001,1410.337221,0.578864758,-1.106211103,1436.569961,0.460147179,-0.220890568,14.3,11.93273999999992,0.11871757900000002
684.5,1410.387292,0.472785344,-1.011156415,1436.614905,0.43799055,-0.222242,14.3,11.927613000000019,0.03479479400000002
684.6,1410.427211,0.375839359,-0.908022653,1436.657627,0.415698779,-0.223394425,14.3,11.930416000000104,-0.039859420000000034
684.7,1410.457893,0.288026803,-0.798962793,1436.698112,0.393271864,-0.224433509,14.3,11.940219000000024,-0.10524506100000003
684.8000000000001,1410.48025,0.211730023,-0.685879633,1436.736349,0.370709806,-0.225234779,14.3,11.956098999999949,-0.15897978299999999
684.9000000000001,1410.495195,0.149264009,-0.57067597,1436.772322,0.348132009,-0.225131543,14.3,11.977127000000063,-0.19886800000000002
685.0,1410.503643,0.099487083,-0.455254602,1436.806019,0.325487074,-0.224084738,14.3,12.002376000000094,-0.22599999099999998
685.1,1410.506507,0.061257565,-0.345488907,1436.837425,0.302849683,-0.221858472,14.3,12.030917999999883,-0.24159211799999997
685.2,1410.506605,0.033433777,-0.247139998,1436.866529,0.280619853,-0.21841586,14.3,12.059923999999864,-0.24718607599999998
685.3000000000001,1410.506703,0.014874042,-0.164178453,1436.893334,0.258821022,-0.213435344,14.3,12.086631000000079,-0.24394698
685.4000000000001,1410.506801,0.004436679,-0.100462591,1436.917922,0.237594723,-0.20684482,14.3,12.111121000000093,-0.233158044
685.5,1410.506899,0.00098001,-0.054089612,1436.940392,0.217082493,-0.199271666,14.3,12.133492999999998,-0.21610248299999998
685.6,1410.506997,0.00098001,-0.023156719,1436.960844,0.197425867,-0.190754944,14.3,12.153846999999995,-0.196445857
685.7,1410.507095,0.00098001,-0.005761114,1436.979379,0.178742791,-0.181530545,14.3,12.172284000000172,-0.177762781
685.8000000000001,1410.507193,0.00098001,-2.72e-11,1436.996094,0.161056854,-0.171834363,14.3,12.188901000000168,-0.160076844
685.9000000000001,1410.507291,0.00098001,-7.11e-12,1437.011091,0.144368055,-0.161902288,14.3,12.203800000000182,-0.143388045
686.0,1410.507389,0.00098001,-6.32e-13,1437.024469,0.128676396,-0.151930897,14.3,12.21707999999985,-0.127696386
686.1,1410.507487,0.00098001,-9.47e-13,1437.036328,0.113981876,-0.141959507,14.3,12.228840999999829,-0.11300186599999999
686.2,1410.507585,0.00098001,-6.32e-13,1437.046767,0.100284495,-0.131988117,14.3,12.239181999999982,-0.099304485
686.3000000000001,1410.507683,0.00098001,-6.32e-13,1437.055887,0.087584252,-0.122016727,14.3,12.24820399999994,-0.086604242
686.4000000000001,1410.507781,0.00098001,-4.74e-13,1437.063786,0.075881149,-0.112045336,14.3,12.256004999999913,-0.07490113899999999
686.5,1410.507879,0.00098001,-3.16e-13,1437.070564,0.065175185,-0.102073946,14.3,12.2626850000001,-0.064195175
686.6,1410.507977,0.00098001,0.0,1437.076322,0.05546636,-0.092102556,14.3,12.268344999999908,-0.05448635
686.7,1410.508075,0.00098001,0.0,1437.081159,0.046754674,-0.082153574,14.3,12.273084000000107,-0.04577466400000001
686.8000000000001,1410.508173,0.00098001,0.0,1437.085174,0.039040127,-0.07233904,14.3,12.277001000000109,-0.038060117000000004
686.9000000000001,1410.508271,0.00098001,0.0,1437.088468,0.032322719,-0.062793402,14.3,12.280196999999998,-0.031342708999999996
687.0,1410.508369,0.00098001,0.0,1437.09114,0.026589005,-0.05365111,14.3,12.282771000000093,-0.025608995
687.1,1410.508467,0.00098001,0.0,1437.09329,0.021771761,-0.04504661,14.3,12.284822999999914,-0.020791751
687.2,1410.508565,0.00098001,0.0,1437.095018,0.017790319,-0.037114352,14.3,12.286452999999891,-0.016810309
687.3000000000001,1410.508663,0.00098001,0.0,1437.096422,0.014564008,-0.029966376,14.3,12.287759000000005,-0.013583998
687.4000000000001,1410.508761,0.00098001,0.0,1437.097593,0.012012161,-0.02362509,14.3,12.28883199999991,-0.011032151
687.5,1410.508859,0.00098001,1.89e-13,1437.098576,0.010054107,-0.018068085,14.3,12.289717000000064,-0.009074097
687.6,1410.508957,0.00098001,2.37e-13,1437.099407,0.008609179,-0.013183321,14.3,12.290449999999918,-0.007629169
687.7,1410.509055,0.00098001,3.16e-13,1437.10012,0.007596708,-0.008836351,14.3,12.29106500000007,-0.006616698
687.8000000000001,1410.509153,0.00098001,3.79e-13,1437.10075,0.006949468,-0.004892726,14.3,12.291597000000092,-0.005969458
687.9000000000001,1410.509251,0.00098001,3.79e-13,1437.101334,0.006654015,-0.001217997,14.3,12.292083000000002,-0.005674005
688.0,1410.509349,0.00098001,3.79e-13,1437.101905,0.00671035,0.002322284,14.3,12.292556000000058,-0.00573034
688.1,1410.509447,0.00098001,3.79e-13,1437.1025,0.007118472,0.005840156,14.3,12.293053000000054,-0.006138462
688.2,1410.509545,0.00098001,3.16e-13,1437.103153,0.007878381,0.009358029,14.3,12.29360800000013,-0.006898371
688.3000000000001,1410.509643,0.00098001,3.16e-13,1437.103899,0.008990078,0.012875901,14.3,12.294255999999859,-0.008010068
688.4000000000001,1410.509741,0.00098001,0.0,1437.104775,0.010453561,0.016393773,14.3,12.29503399999994,-0.009473551
688.5,1410.509839,0.00098001,0.0,1437.105814,0.012268832,0.019911646,14.3,12.295974999999952,-0.011288822
688.6,1410.509937,0.00098001,2.19e-12,1437.107053,0.014435891,0.023429518,14.3,12.297115999999914,-0.013455881
688.7,1410.510035,0.00098001,2.5e-12,1437.108526,0.016954736,0.026896816,14.3,12.298490999999967,-0.015974726
688.8000000000001,1410.510133,0.00098001,3.34e-12,1437.110268,0.019825369,0.030060663,14.3,12.300134999999909,-0.018845359
688.9000000000001,1410.510231,0.00098001,3.34e-12,1437.112315,0.023047789,0.032517356,14.3,12.302084000000104,-0.022067779
689.0,1410.510329,0.00098001,-3.79e-13,1437.114702,0.026591651,0.034264207,14.3,12.304373000000123,-0.025611641
689.1,1410.510427,0.00098001,-3.79e-13,1437.117463,0.03030523,0.034697004,14.3,12.307036000000107,-0.02932522
689.2,1410.510525,0.00098001,-1.89e-13,1437.120635,0.033946304,0.03361255,14.3,12.310110000000076,-0.03296629399999999
689.3000000000001,1410.510623,0.00098001,-4.24e-12,1437.124253,0.037513261,0.030757971,14.3,12.313630000000057,-0.036533251
689.4000000000001,1410.510721,0.00098001,-3.97e-12,1437.128326,0.040643571,0.026082691,14.3,12.317604999999912,-0.039663561
689.5,1410.510819,0.00098001,-2.98e-12,1437.13277,0.043215319,0.01973754,14.3,12.321950999999853,-0.042235309
689.6,1410.510917,0.00098001,-2.38e-12,1437.137473,0.045046433,0.011674629,14.3,12.326555999999936,-0.04406642299999999
689.7,1410.511015,0.00098001,0.0,1437.142325,0.045954845,0.002498173,14.3,12.331309999999984,-0.044974835000000005
689.8000000000001,1410.511113,0.00098001,0.0,1437.147216,0.045788828,-0.007588634,14.3,12.336103000000048,-0.044808818
689.9000000000001,1410.511211,0.00098001,0.0,1437.152036,0.044518038,-0.018231766,14.3,12.340824999999949,-0.043538028000000006
690.0,1410.511309,0.00098001,1.89e-13,1437.156672,0.042142475,-0.029279497,14.3,12.345363000000088,-0.041162464999999995
690.1,1410.511407,0.00098001,2.37e-13,1437.161016,0.038662139,-0.036644652,14.3,12.349609000000054,-0.037682128999999995
690.2,1410.511505,0.00098001,3.16e-13,1437.164957,0.034077029,-0.043599423,14.3,12.353452000000015,-0.033097019000000005
690.3000000000001,1410.511603,0.00098001,3.79e-13,1437.168384,0.028387146,-0.046852307,14.3,12.356781000000137,-0.027407136
690.4000000000001,1410.511701,0.00098001,3.79e-13,1437.171187,0.023802037,-0.047193591,14.3,12.359486000000015,-0.022822027
690.5,1410.511799,0.00098001,3.79e-13,1437.173255,0.018358384,-0.044393113,14.3,12.361455999999816,-0.017378374
690.6,1410.511897,0.00098001,3.79e-13,1437.174478,0.014031091,-0.038220713,14.3,12.362580999999818,-0.013051081
690.7,1410.511995,0.00098001,3.16e-13,1437.174745,0.010345984,-0.031687794,14.3,12.36274999999996,-0.009365974000000001
690.8000000000001,1410.512093,0.00098001,3.16e-13,1437.175224,0.007441161,-0.023597786,14.3,12.36313100000002,-0.006461151
690.9000000000001,1410.512191,0.00098001,0.0,1437.175703,0.005454718,-0.015402884,14.3,12.363512000000082,-0.004474708
691.0,1410.512289,0.00098001,-1.89e-13,1437.176182,0.004789361,-0.009261039,14.3,12.363892999999916,-0.003809351
691.1,1410.512387,0.00098001,-3.16e-13,1437.176661,0.004789361,-0.004419668,14.3,12.364273999999977,-0.003809351
691.2,1410.512485,0.00098001,-4.74e-13,1437.17714,0.004789361,-0.00110893,14.3,12.364655000000038,-0.003809351
691.3000000000001,1410.512583,0.00098001,-4.74e-13,1437.177619,0.004789361,-2.27e-11,14.3,12.3650360000001,-0.003809351
691.4000000000001,1410.512681,0.00098001,-3.79e-13,1437.178098,0.004789361,-1.52e-11,14.3,12.36541700000016,-0.003809351
691.5,1410.512779,0.00098001,-3.79e-13,1437.178577,0.004789361,0.0,14.3,12.365797999999995,-0.003809351
691.6,1410.512877,0.00098001,0.0,1437.179056,0.004789361,3.79e-13,14.3,12.366179000000056,-0.003809351
691.7,1410.512975,0.00098001,0.0,1437.179535,0.004789361,-2.27e-13,14.3,12.36655999999989,-0.003809351
691.8000000000001,1410.513073,0.00098001,0.0,1437.180014,0.004789361,0.0,14.3,12.366940999999951,-0.003809351
691.9000000000001,1410.513171,0.00098001,0.0,1437.180492,0.004789361,-3.03e-12,14.3,12.367320999999901,-0.003809351
692.0,1410.513269,0.00098001,0.0,1437.180971,0.004789361,-3.65e-12,14.3,12.367701999999962,-0.003809351
692.1,1410.513367,0.00098001,0.0,1437.18145,0.004789361,-3.41e-12,14.3,12.368083000000023,-0.003809351
692.2,1410.513465,0.00098001,0.0,1437.181929,0.004789361,-1.62e-12,14.3,12.368464000000085,-0.003809351
692.3000000000001,1410.513563,0.00098001,0.0,1437.182408,0.004789361,-3.16e-13,14.3,12.368844999999919,-0.003809351
692.4000000000001,1410.513661,0.00098001,0.0,1437.182887,0.004789361,5.05e-12,14.3,12.36922599999998,-0.003809351
692.5,1410.513759,0.00098001,0.0,1437.183366,0.004789361,4.93e-11,14.3,12.369607000000041,-0.003809351
692.6,1410.513857,0.00098001,1.89e-13,1437.183845,0.004789361,0.088471582,14.3,12.369988000000102,-0.003809351
692.7,1410.513955,0.00098001,3.79e-13,1437.184324,0.004789361,0.192029426,14.3,12.370369000000164,-0.003809351
692.8000000000001,1410.514053,0.00098001,3.79e-13,1437.184803,0.004789361,0.312102564,14.3,12.370749999999997,-0.003809351
692.9000000000001,1410.514151,0.00098001,4.74e-13,1437.185282,0.05787231,0.484480257,14.3,12.371130999999831,-0.05689230000000001
693.0,1410.514249,0.00098001,4.74e-13,1437.185761,0.120007016,0.645973676,14.3,12.371511999999893,-0.11902700599999999
693.1,1410.514347,0.00098001,1.89e-12,1437.18624,0.192050899,0.791171571,14.3,12.371892999999954,-0.191070889
693.2,1410.514445,0.00098001,5.33e-12,1437.186719,0.276048452,0.966423846,14.3,12.372274000000015,-0.275068442
693.3000000000001,1410.514543,0.00098001,1.07e-11,1437.229664,0.392373566,1.077965352,14.3,12.415120999999953,-0.39139355600000003
693.4000000000001,1410.514641,0.00098001,0.032387583,1437.279851,0.520530193,1.186919326,14.3,12.465210000000024,-0.519550183
693.5,1410.514739,0.00098001,0.076079828,1437.337965,0.637726617,1.270109585,14.3,12.523225999999976,-0.636746607
693.6,1410.514837,0.00098001,0.134027978,1437.405642,0.766786227,1.359608335,14.3,12.590805,-0.765806217
693.7,1410.514935,0.02041256,0.228239484,1437.484755,0.904202495,1.445871953,14.3,12.669820000000026,-0.883789935
693.8000000000001,1410.515033,0.046627907,0.313774911,1437.577176,1.046953867,1.581619402,14.3,12.762143000000105,-1.00032596
693.9000000000001,1410.515131,0.081396797,0.42292027,1437.68478,1.208138567,1.728811704,14.3,12.869648999999935,-1.12674177
694.0,1410.515229,0.126489975,0.53501687,1437.809439,1.388053364,1.893293072,14.3,12.99421000000002,-1.261563389
694.1,1410.530873,0.183678185,0.661188924,1437.953026,1.586698259,2.080099427,14.3,13.12215299999998,-1.403020074
694.2,1410.551943,0.254732172,0.779944836,1438.117414,1.80407325,2.267400397,14.3,13.265471000000115,-1.549341078
694.3000000000001,1410.579856,0.341422682,0.901471538,1438.304476,2.040178338,2.454701367,14.3,13.424619999999958,-1.6987556560000001
694.4000000000001,1410.616029,0.445520459,1.026449785,1438.516084,2.295013523,2.642002338,14.3,13.600055000000065,-1.8494930640000002
694.5,1410.661877,0.549363699,1.151928335,1438.754113,2.568578806,2.829303308,14.3,13.792235999999956,-2.019215107
694.6,1410.718819,0.667372898,1.274955946,1439.020435,2.860874185,3.016604278,14.3,14.001615999999967,-2.193501287
694.7,1410.788269,0.799548056,1.392581377,1439.316923,3.171899661,3.203905248,14.3,14.228654000000187,-2.372351605
694.8000000000001,1410.871645,0.945889173,1.53424097,1439.64545,3.501655234,3.390705567,14.3,14.473805000000038,-2.555766061
694.9000000000001,1410.970364,1.10639625,1.675900562,1440.007889,3.850140905,3.574501982,14.3,14.737524999999959,-2.743744655
695.0,1411.085841,1.281069286,1.817560155,1440.406113,4.217356672,3.752290587,14.3,15.020271999999931,-2.936287386
695.1,1411.219495,1.469908281,1.959219747,1440.841995,4.603002146,3.921067477,14.3,15.322499999999945,-3.1330938649999998
695.2,1411.37274,1.672913235,2.100613402,1441.317409,5.005575374,4.077828749,14.3,15.644668999999976,-3.332662139
695.3000000000001,1411.546994,1.890084149,2.240411431,1441.834226,5.423274013,4.219570497,14.3,15.987231999999903,-3.5331898640000006
695.4000000000001,1411.743674,2.121421022,2.377018208,1442.39432,5.854295721,4.343789467,14.3,16.35064600000005,-3.732874699
695.5,1411.964196,2.366764291,2.508838108,1442.999325,6.296838154,4.449985008,14.3,16.735129000000097,-3.9300738629999996
695.6,1412.209976,2.625316144,2.634275505,1443.64991,6.74909897,4.538657772,14.3,17.139933999999993,-4.123782826
695.7,1412.482431,2.896119206,2.751734773,1444.346508,7.209275826,4.612311011,14.3,17.56407700000018,-4.31315662
695.8000000000001,1412.782978,3.1782161,2.859886223,1445.08955,7.675566379,4.673948632,14.3,18.00657199999996,-4.497350279
695.9000000000001,1413.112906,3.470649452,2.958463919,1445.879466,8.146468676,4.726574538,14.3,18.466560000000026,-4.675819224
696.0,1413.472993,3.772461885,3.047733797,1446.716688,8.621682328,4.773192635,14.3,18.943694999999888,-4.849220443
696.1,1413.86389,4.082696025,3.129025547,1447.601647,9.101207333,4.816806827,14.3,19.437756999999873,-5.018511308
696.2,1414.286247,4.400394496,3.203934793,1448.534774,9.585043693,4.859920368,14.3,19.948526999999967,-5.184649197
696.3000000000001,1414.740715,4.724759484,3.274057162,1449.5165,10.07319141,4.903033909,14.3,20.47578500000004,-5.348431926
696.4000000000001,1415.227945,5.055631428,3.34098828,1450.547256,10.56565047,4.94614745,14.3,21.01931099999997,-5.510019042
696.5,1415.748588,5.393010328,3.406323771,1451.627474,11.0624209,4.989260991,14.3,21.578885999999965,-5.669410571999999
696.6,1416.303294,5.736896182,3.471393325,1452.757585,11.56350267,5.032374532,14.3,22.15429100000001,-5.826606488
696.7,1416.892714,6.087288993,3.536462879,1453.938019,12.0688958,5.075488074,14.3,22.74530499999987,-5.981606807
696.8000000000001,1417.517498,6.444188758,3.601532433,1455.169208,12.57860029,5.105128633,14.3,23.351710000000093,-6.1344115320000006
696.9000000000001,1418.178298,6.807595479,3.666601987,1456.451583,13.09261613,5.140158385,14.3,23.973284999999986,-6.285020651
697.0,1418.875764,7.177509155,3.73167154,1457.785576,13.61094332,5.147298573,14.3,24.6098120000001,-6.433434165
697.1,1419.610546,7.553929787,3.796741094,1459.171616,14.12495916,5.111574536,14.3,25.26106999999997,-6.571029372999999
697.2,1420.383296,7.936857374,3.860810076,1460.610136,14.64975338,5.02471261,14.3,25.926840000000038,-6.712896006
697.3000000000001,1421.194664,8.326291917,3.915057833,1462.101567,15.15727495,4.873928324,14.3,26.60690299999983,-6.830983032999999
697.4000000000001,1422.045301,8.722233415,3.964837442,1463.646339,15.64554501,4.660808386,14.3,27.30103799999979,-6.9233115949999995
697.5,1422.935858,9.124081525,3.992982674,1465.243862,16.10744369,4.347418757,14.3,28.008003999999982,-6.983362165000001
697.6,1423.866984,9.526543855,3.997017309,1466.889451,16.53530031,3.969857451,14.3,28.722467000000005,-7.008756455
697.7,1424.839332,9.932832252,3.97103477,1468.577403,16.92144419,3.529291797,14.3,29.43807099999999,-6.988611937999998
697.8000000000001,1425.853551,10.33264698,3.910032196,1470.302012,17.25820464,3.037588254,14.3,30.14846100000018,-6.925557659999999
697.9000000000001,1426.909812,10.7245023,3.816826804,1472.057571,17.53918942,2.507531295,14.3,30.84775899999995,-6.81468712
698.0,1428.006364,11.10485428,3.681062655,1473.838377,17.76312009,1.951905392,14.3,31.53201299999996,-6.658265810000001
698.1,1429.140977,11.47010084,3.518905407,1475.638722,17.92999664,1.383495016,14.3,32.1977449999999,-6.459895799999998
698.2,1430.311419,11.81663994,3.332831278,1477.452903,18.03981909,0.812953895,14.3,32.84148400000022,-6.223179150000002
698.3000000000001,1431.515459,12.14146985,3.128746845,1479.275213,18.09258742,0.242412775,14.3,33.45975399999993,-5.951117570000001
698.4000000000001,1432.750868,12.44399022,2.912655542,1481.099948,18.08830165,-0.328128346,14.3,34.04907999999996,-5.644311429999998
698.5,1434.015412,12.72420107,2.690560805,1482.921401,18.02696175,-0.898669467,14.3,34.60598900000009,-5.302760680000002
698.6,1435.306862,12.98210238,2.467465496,1484.733867,17.90856775,-1.469210588,14.3,35.12700500000001,-4.926465369999999
698.7,1436.622987,13.21769417,2.244370186,1486.531641,17.73311964,-2.039751708,14.3,35.60865400000007,-4.515425470000002
698.8000000000001,1437.961556,13.43097642,2.021274877,1488.309018,17.50061741,-2.610292829,14.3,36.04746199999995,-4.06964099
698.9000000000001,1439.320337,13.62194914,1.798179567,1490.060292,17.21106107,-3.177587202,14.3,36.439954999999784,-3.5891119299999996
699.0,1440.697101,13.79061233,1.575084258,1491.779757,16.86445062,-3.725401084,14.3,36.782656000000046,-3.0738382899999994
699.1,1442.089615,13.93696599,1.351988948,1493.461709,16.46078606,-4.234253985,14.3,37.07209399999984,-2.523820070000001
699.2,1443.495649,14.06101012,1.128893639,1495.100441,16.00201543,-4.684665416,14.3,37.30479200000009,-1.9410053099999995
699.3000000000001,1444.912972,14.16274472,0.906359694,1496.690249,15.49787899,-5.057154886,14.3,37.477276999999916,-1.335134270000001
699.4000000000001,1446.339352,14.24216979,0.68719394,1498.225427,14.96006502,-5.332241905,14.3,37.58607500000012,-0.7178952299999999
699.5,1447.77256,14.29928533,0.474764567,1499.70027,14.40026182,-5.49369273,14.3,37.62770999999994,-0.10097649000000075
699.6,1449.210364,14.33442815,0.272439765,1501.11063,13.83015769,-5.538260614,14.3,37.60026599999988,0.5042704600000008
699.7,1450.650533,14.34928236,0.083587725,1502.458595,13.26144091,-5.469192304,14.3,37.508062000000066,1.0878414500000009
699.8000000000001,1452.090837,14.34586886,-0.088423363,1503.747809,12.70579979,-5.302721544,14.3,37.356972,1.6400690699999991
699.9000000000001,1453.529043,14.32620858,-0.240786674,1504.981918,12.17492262,-5.058328822,14.3,37.15287499999995,2.151285959999999
700.0,1454.963191,14.29232242,-0.372940842,1506.164568,11.67854964,-4.75549463,14.3,36.90137699999987,2.6137727799999997
700.1,1456.392397,14.24623131,-0.485447233,1507.299402,11.2186289,-4.413699457,14.3,36.60700500000003,3.02760241
700.2,1457.816047,14.18995615,-0.581112671,1508.390067,10.7951604,-4.052423793,14.3,36.27402000000002,3.39479575
700.3000000000001,1459.233527,14.12551785,-0.663305348,1509.440208,10.40814414,-3.687901382,14.3,35.90668099999989,3.7173737100000004
700.4000000000001,1460.644222,14.05460052,-0.735393454,1510.45347,10.05758012,-3.32337897,14.3,35.50924800000003,3.9970203999999985
700.5,1462.047518,13.97754098,-0.800745179,1511.433498,9.743468343,-2.958856559,14.3,35.08598000000002,4.234072637000001
700.6,1463.442801,13.89433922,-0.862728713,1512.383938,9.465808807,-2.594334147,14.3,34.64113700000003,4.428530413000001
700.7,1464.829457,13.80499524,-0.924150883,1513.308434,9.224601513,-2.229811735,14.3,34.17897699999999,4.580393727000001
700.8000000000001,1466.206872,13.70950904,-0.985573052,1514.210632,9.01984646,-1.865289324,14.3,33.70376000000006,4.68966258
700.9000000000001,1467.57443,13.60788063,-1.046995221,1515.094177,8.851543648,-1.502518063,14.3,33.219747000000055,4.7563369820000005
701.0,1468.931519,13.50010999,-1.108417391,1515.962714,8.719693078,-1.15025371,14.3,32.73119500000003,4.780416912
701.1,1470.277523,13.38619715,-1.16983956,1516.819889,8.624294748,-0.819003171,14.3,32.24236600000013,4.761902401999999
701.2,1471.611829,13.26614208,-1.231261729,1517.669347,8.564297969,-0.519273353,14.3,31.757518000000072,4.701844111
701.3000000000001,1472.933823,13.1399448,-1.292604472,1518.514733,8.534449287,-0.254145586,14.3,31.280909999999903,4.605495513000001
701.4000000000001,1474.242889,13.0076053,-1.353470654,1519.359692,8.528444558,-0.056403508,14.3,30.81680299999989,4.4791607419999995
701.5,1475.538415,12.86912359,-1.413383715,1520.207869,8.539979637,0.087473855,14.3,30.369454000000086,4.329143952999999
701.6,1476.819785,12.72454731,-1.471867094,1521.06207,8.567205726,0.168309777,14.3,29.942285000000037,4.157341584000001
701.7,1478.086386,12.57411475,-1.528444231,1521.921736,8.590452643,0.187855407,14.3,29.53535000000006,3.983662106999999
701.8000000000001,1479.337603,12.41811185,-1.582638565,1522.78547,8.616782283,0.154866501,14.3,29.147867000000087,3.8013295670000016
701.9000000000001,1480.572822,12.25682454,-1.634052962,1523.651873,8.635435153,0.072424391,14.3,28.779050999999935,3.6213893870000007
702.0,1481.791467,12.09053876,-1.682607996,1524.519547,8.641157802,-0.026687286,14.3,28.42808000000009,3.449380957999999
702.1,1482.993115,11.91954045,-1.728383093,1525.387095,8.632899538,-0.154238355,14.3,28.093980000000055,3.2866409119999993
702.2,1484.177379,11.74411553,-1.771775388,1526.253118,8.610660361,-0.292296331,14.3,27.77573900000011,3.1334551689999994
702.3000000000001,1485.343875,11.56454996,-1.81326144,1527.116218,8.574440272,-0.432105458,14.3,27.472342999999864,2.9901096880000004
702.4000000000001,1486.492216,11.381082,-1.85331781,1527.974996,8.524239269,-0.571914585,14.3,27.18277999999982,2.8568427309999986
702.5,1487.622018,11.19375931,-1.892421059,1528.828056,8.460057355,-0.711723712,14.3,26.906038000000034,2.733701955000001
702.6,1488.732895,11.0025819,-1.931047748,1529.673998,8.381894527,-0.851532838,14.3,26.641102999999884,2.620687372999999
702.7,1489.824462,10.80754976,-1.96959501,1530.511425,8.289750787,-0.991341965,14.3,26.386962999999877,2.5177989730000014
702.8000000000001,1490.896333,10.6086629,-2.008142272,1531.338939,8.183626134,-1.131151092,14.3,26.142606000000068,2.425036766
702.9000000000001,1491.948122,10.40592131,-2.046689534,1532.155141,8.063520569,-1.269940012,14.3,25.907018999999945,2.3424007410000005
703.0,1492.979444,10.19932499,-2.085236796,1532.958633,7.92943409,-1.402607693,14.3,25.679188999999905,2.269890899999999
703.1,1493.989914,9.988873949,-2.123784057,1533.748018,7.781366699,-1.523032893,14.3,25.458104000000002,2.20750725
703.2,1494.979147,9.77456818,-2.162331319,1534.521897,7.61993052,-1.625094374,14.3,25.24275000000007,2.1546376599999997
703.3000000000001,1495.946755,9.556407685,-2.200208335,1535.278872,7.448186171,-1.702670895,14.3,25.032117000000152,2.1082215140000002
703.4000000000001,1496.892355,9.334392464,-2.231036881,1536.017546,7.269806398,-1.749641216,14.3,24.825191000000085,2.0645860660000004
703.5,1497.815561,9.108522517,-2.25987647,1536.736519,7.088463944,-1.760904305,14.3,24.620958000000154,2.020058573000001
703.6,1498.715987,8.87919999,-2.27362464,1537.434883,6.907831553,-1.735439954,14.3,24.418895999999858,1.9713684369999998
703.7,1499.593248,8.65025182,-2.271286912,1538.11369,6.73158197,-1.67426837,14.3,24.220442000000002,1.9186698499999997
703.8000000000001,1500.446958,8.418642298,-2.248841813,1538.774479,6.563387937,-1.582490587,14.3,24.027520999999933,1.855254361
703.9000000000001,1501.276732,8.192232901,-2.202938113,1539.418789,6.406922199,-1.466227843,14.3,23.842057000000022,1.7853107020000003
704.0,1502.082507,7.971620316,-2.135932563,1540.048162,6.265245376,-1.33160138,14.3,23.66565499999997,1.70637494
704.1,1502.865504,7.759217429,-2.03941442,1540.664138,6.138969592,-1.184732438,14.3,23.498633999999992,1.6202478370000009
704.2,1503.627269,7.557437123,-1.925815901,1541.268256,6.028094847,-1.031742255,14.3,23.340986999999995,1.5293422759999995
704.3000000000001,1504.369348,7.368692283,-1.796131485,1541.862056,5.932621141,-0.877731866,14.3,23.192707999999993,1.4360711419999994
704.4000000000001,1505.093284,7.194993646,-1.654382645,1542.44708,5.852548474,-0.723721476,14.3,23.053795999999874,1.3424451720000006
704.5,1505.800622,7.036743361,-1.504590857,1543.024866,5.787876846,-0.569711087,14.3,22.924243999999998,1.2488665150000005
704.6,1506.492908,6.893941426,-1.350777594,1543.596954,5.738606257,-0.415700698,14.3,22.804046000000152,1.1553351689999998
704.7,1507.171686,6.766587842,-1.196294086,1544.164886,5.704736706,-0.261690308,14.3,22.693200000000115,1.0618511359999996
704.8000000000001,1507.838501,6.654682609,-1.041810578,1544.730201,5.686268195,-0.107679919,14.3,22.591700000000127,0.9684144139999997
704.9000000000001,1508.494899,6.558225726,-0.887327069,1545.294439,5.683200723,0.04633047,14.3,22.49953999999998,0.8750250030000002
705.0,1509.142422,6.477217195,-0.732843561,1545.859141,5.695534289,0.199701435,14.3,22.41671900000001,0.7816829059999995
705.1,1509.782618,6.411657014,-0.578360053,1546.425846,5.723268895,0.349235852,14.3,22.343228000000135,0.6883881189999999
705.2,1510.41703,6.361545184,-0.423876544,1546.996094,5.766404539,0.491097173,14.3,22.279064000000016,0.5951406449999999
705.3000000000001,1511.047203,6.326881705,-0.269966777,1547.571426,5.824557568,0.621448851,14.3,22.224222999999892,0.5023241369999996
705.4000000000001,1511.674682,6.307666577,-0.119499455,1548.153382,5.895809706,0.736454337,14.3,22.17869999999989,0.41185687100000035
705.5,1512.301012,6.3038998,0.024082976,1548.743501,5.977859027,0.837209656,14.3,22.142489000000023,0.3260407729999999
705.6,1512.927738,6.315237128,0.157338071,1549.343325,6.0684036,0.905719968,14.3,22.11558699999996,0.2468335279999998
705.7,1513.556404,6.339957341,0.276823384,1549.954085,6.165141497,0.956143565,14.3,22.097681000000147,0.17481584400000028
705.8000000000001,1514.188556,6.37599497,0.37909647,1550.575789,6.268730332,0.9841873,14.3,22.087232999999923,0.10726463800000019
705.9000000000001,1514.825738,6.421284548,0.464299507,1551.208133,6.367989548,0.993048295,14.3,22.082395000000087,0.053295000000000314
706.0,1515.469219,6.473760607,0.522826106,1551.850817,6.469495845,0.986563099,14.3,22.08159799999994,0.004264762000000033
706.1,1516.119169,6.531357681,0.564282656,1552.503539,6.568371407,0.963635688,14.3,22.08436999999999,-0.037013725999999636
706.2,1516.775478,6.593816833,0.588526979,1553.165998,6.664232577,0.942900325,14.3,22.090519999999923,-0.07041574399999995
706.3000000000001,1517.43804,6.653653004,0.59900152,1553.837893,6.757079356,0.913395842,14.3,22.099852999999893,-0.1034263520000005
706.4000000000001,1518.106746,6.714564563,0.598361715,1554.518922,6.846911745,0.883251934,14.3,22.112176000000044,-0.13234718200000017
706.5,1518.78149,6.774400735,0.589542334,1555.208783,6.933729743,0.853108026,14.3,22.127292999999963,-0.15932900799999938
706.6,1519.462164,6.833161519,0.582230907,1555.907175,7.01753335,0.822964118,14.3,22.14501100000002,-0.18437183099999999
706.7,1520.14866,6.890846916,0.571477035,1556.613796,7.098322567,0.792820211,14.3,22.16513600000003,-0.2074756510000002
706.8000000000001,1520.840871,6.947456926,0.560723162,1557.328346,7.176097393,0.762676303,14.3,22.187474999999903,-0.22864046699999996
706.9000000000001,1521.538689,7.002991549,0.54996929,1558.050523,7.250857827,0.732532395,14.3,22.211834000000135,-0.24786627800000005
707.0,1522.242007,7.057450784,0.539215417,1558.780025,7.322603872,0.70219561,14.3,22.238017999999965,-0.2651530879999999
707.1,1522.950717,7.110834632,0.528461545,1559.516551,7.391335525,0.670701563,14.3,22.265833999999995,-0.28050089299999925
707.2,1523.664712,7.163143093,0.517707673,1560.259799,7.457052788,0.636892991,14.3,22.29508699999992,-0.29390969499999997
707.3000000000001,1524.383883,7.214376167,0.506892869,1561.009469,7.519639933,0.599612633,14.3,22.32558600000011,-0.3052637659999995
707.4000000000001,1525.108125,7.264533853,0.495712475,1561.765258,7.578518331,0.557703225,14.3,22.35713299999993,-0.31398447800000007
707.5,1525.837328,7.313616152,0.483800902,1562.526865,7.632993622,0.510007505,14.3,22.389536999999972,-0.31937747000000005
707.6,1526.571386,7.361586505,0.470792561,1563.293989,7.682371451,0.455561089,14.3,22.422602999999935,-0.32078494599999985
707.7,1527.31019,7.408262117,0.456321861,1564.066235,7.72595746,0.394171098,14.3,22.456045000000085,-0.31769534300000046
707.8000000000001,1528.053634,7.453423634,0.440023214,1564.84284,7.763057291,0.326030411,14.3,22.48920599999992,-0.309633657
707.9000000000001,1528.80161,7.496851703,0.421591961,1565.622946,7.792976586,0.252103412,14.3,22.521335999999973,-0.29612488300000006
708.0,1529.553981,7.53832697,0.40096717,1566.405697,7.81502099,0.173547364,14.3,22.551715999999896,-0.2766940199999999
708.1,1530.310493,7.57763008,0.378209773,1567.190235,7.828611869,0.091519529,14.3,22.579742000000078,-0.2509817890000008
708.2,1531.070863,7.614541681,0.353624429,1567.975704,7.833633499,0.00717717,14.3,22.604841000000032,-0.21909181799999988
708.3000000000001,1531.834809,7.648842419,0.327576726,1568.761246,7.830085878,-0.078322452,14.3,22.626437000000077,-0.18124345900000005
708.4000000000001,1532.602047,7.680349498,0.300432255,1569.546005,7.817969008,-0.164014951,14.3,22.643957999999838,-0.1376195100000004
708.5,1533.372294,7.709026361,0.272556605,1570.329125,7.797282888,-0.24970745,14.3,22.656830999999965,-0.08825652699999953
708.6,1534.145267,7.734873006,0.244315365,1571.109747,7.768027518,-0.335399949,14.3,22.664479999999866,-0.0331545120000003
708.7,1534.920684,7.757889433,0.216013193,1571.887015,7.730202898,-0.421092448,14.3,22.66633100000008,0.027686534999999957
708.8000000000001,1535.69826,7.778075644,0.187711022,1572.660072,7.683809028,-0.506784947,14.3,22.66181200000001,0.09426661600000052
708.9000000000001,1536.477714,7.795431638,0.15940885,1573.428061,7.628845909,-0.592477446,14.3,22.650346999999964,0.16658572900000035
709.0,1537.258762,7.809957414,0.131106678,1574.190126,7.565313539,-0.677938729,14.3,22.63136400000003,0.2446438750000004
709.1,1538.041121,7.821652973,0.102804507,1574.945408,7.49321192,-0.762012713,14.3,22.604287000000067,0.3284410529999997
709.2,1538.824508,7.830518316,0.074502335,1575.693053,7.41254105,-0.843312098,14.3,22.56854500000004,0.4179772660000003
709.3000000000001,1539.60864,7.83655344,0.046108066,1576.432201,7.323439661,-0.920449587,14.3,22.523561000000154,0.5131137790000002
709.4000000000001,1540.393233,7.839758348,0.017161211,1577.161997,7.226601401,-0.99203788,14.3,22.46876399999992,0.6131569470000002
709.5,1541.178006,7.840133039,-0.012890815,1577.881584,7.12285865,-1.056689678,14.3,22.40357799999988,0.717274389
709.6,1541.962675,7.837622254,-0.044600597,1578.590105,7.013043787,-1.113248898,14.3,22.327430000000003,0.8245784670000003
709.7,1542.746957,7.8319497,-0.078520722,1579.286813,6.897989192,-1.161484325,14.3,22.23985599999987,0.9339605080000002
709.8000000000001,1543.530569,7.822783827,-0.115203774,1579.971407,6.778527244,-1.201627174,14.3,22.140837999999984,1.0442565830000001
709.9000000000001,1544.313227,7.809793082,-0.155110242,1580.643695,6.655490322,-1.234833528,14.3,22.030467999999882,1.1543027599999993
710.0,1545.094605,7.792645915,-0.198332224,1581.303488,6.529710806,-1.262490687,14.3,21.908883000000014,1.2629351089999998
710.1,1545.874199,7.771010774,-0.244777621,1581.950593,6.401882345,-1.285985948,14.3,21.776393999999936,1.3691284289999999
710.2,1546.65146,7.744556108,-0.293985946,1582.584819,6.27214367,-1.306706612,14.3,21.63335899999988,1.472412438
710.3000000000001,1547.425841,7.712950366,-0.345404613,1583.205976,6.14049478,-1.326039977,14.3,21.480134999999972,1.5724555860000002
710.4000000000001,1548.196792,7.675917254,-0.398481037,1583.813873,6.006935675,-1.345142125,14.3,21.317081000000098,1.6689815789999995
710.5,1548.963766,7.633401515,-0.452662632,1584.408319,5.871466355,-1.364244273,14.3,21.144552999999814,1.7619351600000002
710.6,1549.726213,7.585403147,-0.507396813,1584.989122,5.73408682,-1.383346421,14.3,20.962909000000035,1.8513163270000002
710.7,1550.483587,7.531922152,-0.562223091,1585.556091,5.594797071,-1.402448569,14.3,20.77250399999998,1.9371250809999996
710.8000000000001,1551.235339,7.472958529,-0.617049369,1586.109036,5.453597106,-1.421550717,14.3,20.573696999999992,2.0193614229999994
710.9000000000001,1551.98092,7.408512278,-0.671875647,1586.647766,5.310486927,-1.440652866,14.3,20.366846000000077,2.0980253509999995
711.0,1552.719783,7.3385834,-0.726701925,1587.172089,5.165466533,-1.459755014,14.3,20.152305999999907,2.173116867
711.1,1553.451378,7.263171893,-0.781528203,1587.681814,5.018535924,-1.478648603,14.3,19.930436000000054,2.244635969
711.2,1554.175159,7.182277759,-0.836354481,1588.176751,4.869695101,-1.496290838,14.3,19.701592000000073,2.312582658
711.3000000000001,1554.890575,7.095900997,-0.891095141,1588.656708,4.718944062,-1.510293844,14.3,19.46613300000008,2.376956935
711.4000000000001,1555.59708,7.004041607,-0.94532209,1589.121495,4.566407944,-1.522815829,14.3,19.22441500000009,2.4376336629999997
711.5,1556.294125,6.90669959,-0.99852162,1589.57092,4.412712424,-1.529195877,14.3,18.976794999999992,2.4939871659999993
711.6,1556.981161,6.803926315,-1.050180019,1590.004792,4.259290227,-1.529319154,14.3,18.723631000000022,2.544636088
711.7,1557.657641,6.695978639,-1.099783577,1590.422921,4.104846427,-1.522142865,14.3,18.465280000000075,2.5911322119999998
711.8000000000001,1558.323016,6.583164787,-1.146818585,1590.825215,3.952177575,-1.507458451,14.3,18.202199000000018,2.6309872120000004
711.9000000000001,1558.976738,6.465792986,-1.190856951,1591.211984,3.80135257,-1.486610992,14.3,17.93524599999996,2.664440416
712.0,1559.6183,6.344171461,-1.231813056,1591.583638,3.653122226,-1.457233722,14.3,17.665337999999974,2.6910492350000004
712.1,1560.247358,6.218608439,-1.269772519,1591.940585,3.508237354,-1.423987555,14.3,17.39322699999998,2.710371085
712.2,1560.863612,6.089412145,-1.305163431,1592.283237,3.367323631,-1.386987326,14.3,17.119624999999996,2.7220885139999997
712.3000000000001,1561.466759,5.956890806,-1.338499503,1592.612002,3.230506194,-1.347484388,14.3,16.845243000000163,2.7263846119999995
712.4000000000001,1562.056499,5.821301276,-1.370294445,1592.92729,3.097785042,-1.306730097,14.3,16.570791000000053,2.723516234
712.5,1562.632528,5.682694927,-1.401061966,1593.229511,2.969160175,-1.265767246,14.3,16.29698299999991,2.713534752
712.6,1563.194546,5.541071759,-1.431315777,1593.519074,2.844631593,-1.224804395,14.3,16.0245280000001,2.6964401660000004
712.7,1563.742251,5.396431772,-1.46148397,1593.796389,2.724199296,-1.183841545,14.3,15.754138000000193,2.6722324759999996
712.8000000000001,1564.275341,5.248774965,-1.491652163,1594.061866,2.607863284,-1.142878694,14.3,15.486524999999983,2.640911681
712.9000000000001,1564.793514,5.098101339,-1.521820356,1594.315914,2.495623557,-1.101915844,14.3,15.22240000000006,2.6024777820000002
713.0,1565.296469,4.944410894,-1.551988548,1594.558942,2.387480115,-1.060952993,14.3,14.962473,2.556930779
713.1,1565.783905,4.78770363,-1.582156741,1594.791361,2.283432958,-1.020063998,14.3,14.707456000000047,2.504270672
713.2,1566.255519,4.627979546,-1.612324934,1595.013581,2.183482087,-0.979618134,14.3,14.458061999999881,2.444497459
713.3000000000001,1566.711009,4.465238643,-1.642234585,1595.22601,2.0876275,-0.940058534,14.3,14.215000999999983,2.377611143
713.4000000000001,1567.150075,4.299480921,-1.670592989,1595.429058,1.995824885,-0.901828328,14.3,13.978982999999925,2.3036560359999996
713.5,1567.572414,4.130706379,-1.695848897,1595.623135,1.907852676,-0.86537065,14.3,13.750721000000066,2.222853703
713.6,1567.977724,3.959070143,-1.716451061,1595.808651,1.823444995,-0.831128629,14.3,13.530926999999974,2.135625148
713.7,1568.365705,3.785347836,-1.730848233,1595.986016,1.742335961,-0.799471543,14.3,13.320311000000128,2.0430118750000004
713.8000000000001,1568.736054,3.610470208,-1.737489165,1596.155602,1.664259697,-0.770473248,14.3,13.119548000000076,1.946210511
713.9000000000001,1569.08847,3.435368006,-1.735081151,1596.317644,1.588950322,-0.744059887,14.3,12.929174000000057,1.846417684
714.0,1569.422775,3.260971981,-1.72336565,1596.472337,1.516141959,-0.719862184,14.3,12.749561999999923,1.744830022
714.1,1569.739287,3.08821288,-1.702601202,1596.619878,1.445568728,-0.697437008,14.3,12.580590999999867,1.642644152
714.2,1570.038451,2.918021452,-1.674080515,1596.760466,1.377009063,-0.676341227,14.3,12.422015000000055,1.541012389
714.3000000000001,1570.320708,2.751328446,-1.639354836,1596.894296,1.310418651,-0.656131709,14.3,12.273587999999972,1.440909795
714.4000000000001,1570.586502,2.588909486,-1.599975413,1597.021565,1.245797492,-0.636365323,14.3,12.1350629999999,1.343111994
714.5,1570.836275,2.430919698,-1.557493494,1597.142471,1.183145586,-0.616672792,14.3,12.006196,1.2477741119999999
714.6,1571.070471,2.277359079,-1.513460327,1597.257209,1.122462934,-0.596980261,14.3,11.886738000000104,1.154896145
714.7,1571.289533,2.128227632,-1.469168619,1597.365979,1.063749534,-0.57728773,14.3,11.776446000000032,1.0644780980000002
714.8000000000001,1571.493902,1.983525356,-1.424876911,1597.468975,1.007005388,-0.557595199,14.3,11.675073000000065,0.9765199679999998
714.9000000000001,1571.684023,1.84325225,-1.380585203,1597.566395,0.952230494,-0.537902668,14.3,11.582372000000031,0.8910217559999999
715.0,1571.860338,1.707408315,-1.336293495,1597.658436,0.899424854,-0.518210137,14.3,11.498097999999981,0.8079834609999998
715.1,1572.02329,1.575993551,-1.292001787,1597.745295,0.848588467,-0.498489653,14.3,11.422004999999853,0.727405084
715.2,1572.173322,1.449007958,-1.247710079,1597.827169,0.799721333,-0.47860145,14.3,11.353846999999814,0.6492866249999999
715.3000000000001,1572.310877,1.326451535,-1.203418371,1597.904255,0.752823452,-0.458377808,14.3,11.293378000000029,0.5736280829999999
715.4000000000001,1572.436398,1.208324283,-1.159066676,1597.976749,0.707911596,-0.437651008,14.3,11.240350999999873,0.5004126870000001
715.5,1572.550327,1.094626202,-1.114355061,1598.044849,0.665069624,-0.416253331,14.3,11.194522000000187,0.4295565779999999
715.6,1572.653109,0.985357292,-1.068923604,1598.108752,0.624398169,-0.394017058,14.3,11.155643000000008,0.360959123
715.7,1572.745184,0.880553545,-1.022412385,1598.168654,0.585997862,-0.370802422,14.3,11.123469999999951,0.294555683
715.8000000000001,1572.826998,0.780394921,-0.974461484,1598.224765,0.549969334,-0.346581471,14.3,11.09776699999993,0.23042558699999993
715.9000000000001,1572.898991,0.685097373,-0.92471098,1598.277351,0.516413217,-0.321382157,14.3,11.078359999999929,0.16868415599999997
716.0,1572.961608,0.594876852,-0.872860938,1598.326688,0.485430142,-0.295344247,14.3,11.065080000000034,0.10944670999999995
716.1,1573.01532,0.509949312,-0.818851373,1598.373053,0.457120742,-0.26863546,14.3,11.057733000000052,0.05282857000000002
716.2,1573.060714,0.430530705,-0.76274227,1598.416725,0.431568875,-0.241423515,14.3,11.05601100000008,-0.001038170000000005
716.3000000000001,1573.098405,0.356836982,-0.704833565,1598.45798,0.408791314,-0.213876131,14.3,11.059574999999949,-0.05195433199999999
716.4000000000001,1573.12901,0.289084098,-0.63936837,1598.497096,0.388788058,-0.186161028,14.3,11.068085999999948,-0.09970395999999998
716.5,1573.153144,0.227452011,-0.568320714,1598.53435,0.371559108,-0.158417972,14.3,11.081205999999792,-0.14410709700000002
716.6,1573.171422,0.171976713,-0.493333184,1598.570021,0.357104464,-0.130674916,14.3,11.098599000000103,-0.185127751
716.7,1573.184461,0.12632829,-0.415267853,1598.604384,0.345424125,-0.102931859,14.3,11.119922999999925,-0.21909583500000002
716.8000000000001,1573.192875,0.089538276,-0.338048851,1598.637718,0.336518092,-0.075188803,14.3,11.144842999999991,-0.246979816
716.9000000000001,1573.197282,0.060837072,-0.260677298,1598.670301,0.330386364,-0.047445747,14.3,11.173019000000021,-0.269549292
717.0,1573.198295,0.03945508,-0.191001733,1598.702408,0.327028942,-0.019702691,14.3,11.204113000000188,-0.287573862
717.1,1573.199468,0.0246227,-0.129685043,1598.734319,0.326445826,0.008040365,14.3,11.234850999999889,-0.301823126
717.2,1573.200641,0.015570334,-0.081849703,1598.76631,0.328637015,0.035611962,14.3,11.26566900000007,-0.31306668099999996
717.3000000000001,1573.201813,0.01172725,-0.046213049,1598.798659,0.33360251,0.062154801,14.3,11.29684600000014,-0.32187526
717.4000000000001,1573.202986,0.01172725,-0.021492416,1598.831644,0.341342311,0.086640125,14.3,11.328658000000086,-0.329615061
717.5,1573.204159,0.01172725,-0.00640514,1598.865541,0.351753541,0.108039177,14.3,11.361382000000003,-0.340026291
717.6,1573.205332,0.01172725,-1.41e-11,1598.900628,0.364321823,0.125323198,14.3,11.395296000000098,-0.35259457299999997
717.7,1573.206504,0.01172725,0.0,1598.937183,0.378429901,0.137463432,14.3,11.430679000000008,-0.366702651
717.8000000000001,1573.207677,0.01172725,1.41e-11,1598.975482,0.393460521,0.143602581,14.3,11.467804999999952,-0.381733271
717.9000000000001,1573.20885,0.01172725,0.047134489,1599.015722,0.408796429,0.143569185,14.3,11.506872000000111,-0.397069179
718.0,1573.210023,0.01172725,0.103512093,1599.057768,0.42382037,0.137534704,14.3,11.547744999999804,-0.41209312
718.1,1573.211195,0.01172725,0.169499782,1599.101403,0.43791509,0.126356435,14.3,11.590207999999802,-0.42618784
718.2,1573.212368,0.040007944,0.257275852,1599.146412,0.450463334,0.111063136,14.3,11.634044000000085,-0.41045539
718.3000000000001,1573.213541,0.073834506,0.343034469,1599.192578,0.460950723,0.092683564,14.3,11.679036999999834,-0.387116217
718.4000000000001,1573.214713,0.11342712,0.425857311,1599.239684,0.469274382,0.072246478,14.3,11.724970999999822,-0.355847262
718.5,1573.215886,0.159005968,0.48975635,1599.287515,0.475434311,0.050780634,14.3,11.77162900000003,-0.316428343
718.6,1573.239683,0.217547932,0.545582006,1599.335853,0.479430509,0.02914333,14.3,11.796170000000028,-0.261882577
718.7,1573.267917,0.277145896,0.565282331,1599.384483,0.481262977,0.007506026,14.3,11.816566000000147,-0.20411708099999998
718.8000000000001,1573.300764,0.333861754,0.578919965,1599.433187,0.480931714,-0.014131277,14.3,11.832423000000016,-0.14706996
718.9000000000001,1573.3384,0.40118371,0.574098125,1599.481751,0.478436721,-0.035768581,14.3,11.843350999999938,-0.07725301099999998
719.0,1573.381001,0.452596518,0.571515606,1599.529957,0.473777998,-0.057405884,14.3,11.848955999999998,-0.021181479999999975
719.1,1573.428743,0.506357947,0.570001085,1599.577588,0.466955544,-0.079043188,14.3,11.848845000000164,0.03940240300000003
719.2,1573.481803,0.562467996,0.559632604,1599.62443,0.45796936,-0.100449837,14.3,11.842627000000174,0.10449863599999998
719.3000000000001,1573.540356,0.618284468,0.572350644,1599.670264,0.446819446,-0.120472558,14.3,11.829908000000113,0.17146502200000002
719.4000000000001,1573.604579,0.675862405,0.586239057,1599.714875,0.433505801,-0.136754607,14.3,11.810295999999834,0.24235660400000003
719.5,1573.674648,0.735201807,0.601331024,1599.758047,0.418166819,-0.150830509,14.3,11.783399000000099,0.317034988
719.6,1573.750739,0.796302674,0.615230497,1599.799563,0.401494463,-0.158397883,14.3,11.748823999999967,0.39480821099999996
719.7,1573.833028,0.859064225,0.626680588,1599.839206,0.38490278,-0.159045619,14.3,11.70617800000009,0.474161445
719.8000000000001,1573.921691,0.92298255,0.634049085,1599.876761,0.367471055,-0.151620445,14.3,11.655069999999977,0.555511495
719.9000000000001,1574.016905,0.987422766,0.636378489,1599.912122,0.351780717,-0.135891707,14.3,11.595217000000002,0.635642049
720.0,1574.118845,1.051870758,0.632828952,1599.945625,0.33807843,-0.113062875,14.3,11.526780000000098,0.713792328
720.1,1574.227607,1.115631258,0.623232503,1599.977719,0.327194552,-0.081368771,14.3,11.450111999999944,0.788436706
720.2,1574.342965,1.178129768,0.607807432,1600.008852,0.319959439,-0.045111774,14.3,11.365886999999883,0.858170329
720.3000000000001,1574.46461,1.238761596,0.587242629,1600.039472,0.317065055,-0.004702995,14.3,11.274861999999938,0.921696541
720.4000000000001,1574.592235,1.296922052,0.562696872,1600.070026,0.318649793,0.038473639,14.3,11.177791000000024,0.9782722589999999
720.5,1574.725533,1.352107225,0.535127659,1600.100962,0.324713652,0.083034201,14.3,11.07542899999994,1.027393573
720.6,1574.864195,1.404216335,0.505542809,1600.132729,0.335256633,0.127825417,14.3,10.968533999999817,1.0689597020000001
720.7,1575.007914,1.453249381,0.47495014,1600.165774,0.350278736,0.172616633,14.3,10.857860000000027,1.102970645
720.8000000000001,1575.156383,1.499206363,0.444189502,1600.200545,0.36977996,0.21740785,14.3,10.744161999999914,1.129426403
720.9000000000001,1575.309293,1.542087281,0.413428863,1600.23749,0.393760306,0.262199066,14.3,10.628196999999954,1.1483269749999998
721.0,1575.466338,1.581892136,0.382668225,1600.277057,0.422219773,0.306990282,14.3,10.510719000000062,1.1596723629999999
721.1,1575.62721,1.618620926,0.351907586,1600.319695,0.455158362,0.351781498,14.3,10.392484999999805,1.163462564
721.2,1575.7916,1.652273653,0.321146948,1600.36585,0.492576073,0.396456285,14.3,10.274249999999892,1.15969758
721.3000000000001,1575.959202,1.682850316,0.290386309,1600.41597,0.534472905,0.44043249,14.3,10.15676800000001,1.1483774109999998
721.4000000000001,1576.129708,1.710350915,0.259783686,1600.470505,0.580848859,0.483011536,14.3,10.040797000000065,1.129502056
721.5,1576.302811,1.73477545,0.230129158,1600.5299,0.631634076,0.52349484,14.3,9.927088999999977,1.1031413740000002
721.6,1576.478202,1.756123921,0.202370817,1600.594606,0.686479267,0.561183824,14.3,9.816404000000102,1.069644654
721.7,1576.655573,1.774491138,0.177456759,1600.665068,0.744965284,0.595379906,14.3,9.709495000000015,1.029525854
721.8000000000001,1576.834619,1.790351148,0.155626794,1600.741736,0.806672977,0.625500936,14.3,9.60711699999997,0.9836781710000001
721.9000000000001,1577.01503,1.804272806,0.139953867,1600.825002,0.871183199,0.651430485,14.3,9.509972000000015,0.933089607
722.0,1577.196499,1.81682497,0.129103206,1600.915033,0.938076802,0.673284982,14.3,9.41853400000009,0.8787481680000001
722.1,1577.378795,1.828151526,0.123941109,1601.011942,1.006934638,0.691646578,14.3,9.333147000000007,0.8212168880000001
722.2,1577.561989,1.840096242,0.124309561,1601.115843,1.077337558,0.707213853,14.3,9.253854,0.762758684
722.3000000000001,1577.746229,1.851953061,0.129418485,1601.226847,1.148936273,0.720685387,14.3,9.180617999999821,0.703016788
722.4000000000001,1577.931662,1.864715813,0.139028068,1601.345067,1.221660924,0.732759761,14.3,9.11340500000001,0.6430548890000001
722.5,1578.118435,1.878858543,0.150065366,1601.470616,1.295511511,0.744135554,14.3,9.052180999999972,0.583347032
722.6,1578.306696,1.894476061,0.163707137,1601.603607,1.370488035,0.755394917,14.3,8.996910999999908,0.523988026
722.7,1578.496592,1.911568367,0.178297002,1601.744151,1.446590494,0.76665428,14.3,8.947559000000137,0.46497787300000004
722.8000000000001,1578.688272,1.930135461,0.193044882,1601.892362,1.523818891,0.777913643,14.3,8.90408999999995,0.4063165700000002
722.9000000000001,1578.881882,1.950177344,0.207792762,1602.048352,1.602173223,0.789173006,14.3,8.866470000000117,0.348004121
723.0,1579.07757,1.971694014,0.222540642,1602.212233,1.681653492,0.800432369,14.3,8.834663000000045,0.2900405220000002
723.1,1579.275484,1.994685472,0.237288523,1602.384119,1.762259697,0.811691732,14.3,8.808635000000049,0.23242577500000006
723.2,1579.47577,2.019151718,0.252036403,1602.564122,1.843991838,0.822951095,14.3,8.788351999999986,0.17515987999999982
723.3000000000001,1579.678577,2.045092753,0.266784283,1602.752355,1.926849916,0.833989619,14.3,8.773778000000174,0.11824283699999993
723.4000000000001,1579.884051,2.072508575,0.281336805,1602.948929,2.01083393,0.842302537,14.3,8.764877999999907,0.06167464500000008
723.5,1580.092341,2.101399185,0.294717179,1603.153959,2.09594388,0.850766518,14.3,8.761617999999952,0.00545530499999991
723.6,1580.303593,2.131764584,0.304882974,1603.367555,2.182047263,0.853854819,14.3,8.763961999999946,-0.05028267899999994
723.7,1580.517956,2.163487555,0.313272889,1603.589832,2.267641219,0.851642971,14.3,8.771875999999974,-0.10415366400000003
723.8000000000001,1580.735577,2.195982026,0.316103928,1603.8209,2.354451749,0.842805938,14.3,8.785323000000016,-0.15846972300000006
723.9000000000001,1580.956603,2.228022537,0.313074225,1604.060874,2.439162807,0.826239522,14.3,8.804270999999925,-0.21114027000000002
724.0,1581.181182,2.260472308,0.30320699,1604.30976,2.521819713,0.803123451,14.3,8.82857800000006,-0.261347405
724.1,1581.409367,2.291061542,0.286306865,1604.56714,2.601627443,0.769476861,14.3,8.857773000000133,-0.3105659009999999
724.2,1581.640837,2.319609119,0.263439491,1604.832491,2.677790976,0.730605654,14.3,8.89165399999997,-0.35818185699999994
724.3000000000001,1581.875177,2.345411749,0.23297081,1605.105289,2.74951529,0.686434298,14.3,8.93011200000019,-0.404103541
724.4000000000001,1582.111971,2.367766145,0.198683818,1605.385011,2.816137866,0.638287831,14.3,8.973040000000037,-0.448371721
724.5,1582.350806,2.386086231,0.160880381,1605.671134,2.8775262,0.587491289,14.3,9.020328000000017,-0.491439969
724.6,1582.591264,2.400254794,0.120732648,1605.963133,2.933680292,0.535369711,14.3,9.07186900000006,-0.5334254980000002
724.7,1582.832932,2.410271833,0.079412766,1606.260487,2.984600142,0.483027293,14.3,9.127554999999983,-0.5743283090000002
724.8000000000001,1583.075394,2.416137347,0.037897526,1606.56267,3.03028575,0.430684875,14.3,9.187276000000065,-0.6141484030000002
724.9000000000001,1583.318236,2.417851338,-0.003617714,1606.869161,3.070737117,0.378342457,14.3,9.250925000000006,-0.652885779
725.0,1583.56104,2.415413804,-0.045132954,1607.179435,3.105954241,0.326000039,14.3,9.318394999999963,-0.6905404370000001
725.1,1583.803394,2.408824747,-0.086648194,1607.492969,3.135937124,0.273657621,14.3,9.389574999999876,-0.7271123769999996
725.2,1584.044881,2.398084166,-0.128163434,1607.80924,3.160685766,0.221315203,14.3,9.464359000000012,-0.7626016
725.3000000000001,1584.285087,2.38319206,-0.169678674,1608.127723,3.180200165,0.169069025,14.3,9.542636000000083,-0.7970081050000002
725.4000000000001,1584.523595,2.364148431,-0.210955528,1608.447897,3.194480323,0.117400288,14.3,9.624302000000124,-0.8303318920000002
725.5,1584.759992,2.340953278,-0.250802065,1608.769236,3.203526238,0.066886434,14.3,9.70924400000008,-0.8625729599999996
725.6,1584.993862,2.3136066,-0.287787971,1609.091219,3.207395656,0.018104905,14.3,9.797356999999874,-0.8937890560000001
725.7,1585.224789,2.28225143,-0.32048293,1609.413321,3.206377297,-0.02836686,14.3,9.888531999999895,-0.9241258669999999
725.8000000000001,1585.452359,2.247602926,-0.347456624,1609.735019,3.200817626,-0.071951418,14.3,9.982660000000077,-0.9532147000000002
725.9000000000001,1585.676157,2.210519277,-0.367278738,1610.05579,3.191063108,-0.112167569,14.3,10.079632999999784,-0.9805438309999999
726.0,1585.895766,2.171858673,-0.378757343,1610.375156,3.177460206,-0.148919071,14.3,10.179389999999966,-1.005601533
726.1,1586.110888,2.132479303,-0.381654051,1610.692825,3.160355387,-0.182302166,14.3,10.281937000000152,-1.0278760839999999
726.2,1586.321678,2.093239357,-0.37620725,1611.008551,3.140095115,-0.212798055,14.3,10.386872999999877,-1.046855758
726.3000000000001,1586.528408,2.054997025,-0.363608869,1611.322087,3.117025855,-0.240984178,14.3,10.49367900000011,-1.06202883
726.4000000000001,1586.731349,2.018610495,-0.345289225,1611.633187,3.091436327,-0.267437977,14.3,10.601837999999997,-1.072825832
726.5,1586.930773,1.984794927,-0.322678632,1611.941605,3.063384275,-0.292736893,14.3,10.710831999999936,-1.0785893480000002
726.6,1587.126951,1.953693352,-0.297207407,1612.247095,3.0328697,-0.317458368,14.3,10.820143999999981,-1.079176348
726.7,1587.320154,1.925305769,-0.270305866,1612.549411,2.999892601,-0.342083603,14.3,10.92925699999996,-1.074586832
726.8000000000001,1587.510655,1.899632178,-0.24316594,1612.848305,2.964452979,-0.366708838,14.3,11.037649999999939,-1.0648208009999998
726.9000000000001,1587.698724,1.876672581,-0.216026013,1613.143532,2.926550834,-0.391334073,14.3,11.144807999999966,-1.049878253
727.0,1587.884632,1.856426976,-0.188886087,1613.434847,2.886186165,-0.415959308,14.3,11.25021499999998,-1.0297591889999997
727.1,1588.068652,1.838895363,-0.16174616,1613.722001,2.843358972,-0.440584543,14.3,11.353349000000161,-1.0044636089999999
727.2,1588.251054,1.824077744,-0.134606233,1614.00475,2.798069256,-0.465209778,14.3,11.45369599999999,-0.9739915119999998
727.3000000000001,1588.432111,1.811974117,-0.107466307,1614.282846,2.750317016,-0.489802667,14.3,11.550734999999985,-0.9383428989999998
727.4000000000001,1588.612092,1.802584482,-0.080468269,1614.556044,2.700102253,-0.514201478,14.3,11.643951999999853,-0.8975177709999997
727.5,1588.791271,1.795908841,-0.054321564,1614.824098,2.647424967,-0.538212135,14.3,11.732826999999997,-0.8515161260000002
727.6,1588.969917,1.791947192,-0.029877527,1615.086761,2.592304564,-0.561640559,14.3,11.816844000000128,-0.8003573719999999
727.7,1589.148303,1.790614402,-0.007987489,1615.343786,2.534838085,-0.584292673,14.3,11.895482999999967,-0.744223683
727.8000000000001,1589.3267,1.791484805,0.010865804,1615.594928,2.475141975,-0.6059744,14.3,11.968227999999907,-0.68365717
727.9000000000001,1589.505379,1.794047601,0.024725253,1615.839941,2.413332681,-0.626524009,14.3,12.034562000000005,-0.61928508
728.0,1589.684612,1.797791989,0.033987179,1616.078593,2.349526649,-0.645909153,14.3,12.093980999999939,-0.5517346599999999
728.1,1589.864602,1.802428323,0.038141105,1616.310717,2.283840326,-0.664162179,14.3,12.146114999999963,-0.481412003
728.2,1590.04528,1.806782343,0.03732892,1616.536158,2.216390159,-0.681444818,14.3,12.190877999999838,-0.40960781599999985
728.3000000000001,1590.226509,1.811006709,0.032260069,1616.754764,2.147292593,-0.697951147,14.3,12.228254999999944,-0.33628588400000003
728.4000000000001,1590.408151,1.814369468,0.023417295,1616.966382,2.076644668,-0.713875243,14.3,12.258230999999977,-0.26227520000000015
728.5,1590.590069,1.816444953,0.012757698,1617.170858,2.00446579,-0.729411185,14.3,12.280788999999867,-0.18802083699999983
728.6,1590.772126,1.81714803,2.68e-05,1617.36804,1.930755961,-0.744753049,14.3,12.295913999999993,-0.113607931
728.7,1590.954185,1.8164787,-0.013555339,1617.557775,1.855515181,-0.760062567,14.3,12.30358999999994,-0.0390364809999999
728.8000000000001,1591.136108,1.814436962,-0.027279413,1617.739909,1.778743448,-0.775372085,14.3,12.303800999999975,0.03569351400000009
728.9000000000001,1591.317758,1.811022817,-0.041003487,1617.914289,1.700440764,-0.790681603,14.3,12.29653100000014,0.1105820529999999
729.0,1591.498999,1.806236265,-0.054727561,1618.080763,1.620607127,-0.805991121,14.3,12.28176400000002,0.18562913799999992
729.1,1591.679692,1.800077305,-0.068451635,1618.239176,1.539242539,-0.821300639,14.3,12.25948400000011,0.2608347660000001
729.2,1591.8597,1.792545938,-0.082175709,1618.389377,1.456347,-0.836610157,14.3,12.229676999999992,0.3361989379999999
729.3000000000001,1592.038887,1.783642163,-0.095899783,1618.531211,1.371920508,-0.851919675,14.3,12.192324000000053,0.4117216549999998
729.4000000000001,1592.217115,1.773365981,-0.109642186,1618.664526,1.285963065,-0.86696437,14.3,12.147411000000101,0.48740291599999996
729.5,1592.394246,1.761717392,-0.123494561,1618.789169,1.19847467,-0.879208763,14.3,12.094922999999834,0.563242722
729.6,1592.570145,1.748696395,-0.13756688,1618.904987,1.109455323,-0.890698025,14.3,12.03484199999998,0.6392410720000001
729.7,1592.744672,1.734291993,-0.151969114,1619.011826,1.019063917,-0.896209115,14.3,11.96715399999989,0.715228076
729.8000000000001,1592.917691,1.718449201,-0.166811237,1619.109533,0.928821742,-0.895364469,14.3,11.89184199999995,0.7896274590000001
729.9000000000001,1593.089066,1.701102036,-0.18220322,1619.197956,0.837501693,-0.886575152,14.3,11.808889999999973,0.863600343
730.0,1593.258657,1.682184513,-0.198236706,1619.276941,0.748237596,-0.868517052,14.3,11.718283999999993,0.933946917
730.1,1593.426321,1.66163065,-0.214930024,1619.346462,0.661255988,-0.842136715,14.3,11.620141000000057,1.000374662
730.2,1593.591874,1.639374463,-0.232264845,1619.407002,0.577510232,-0.804064858,14.3,11.515127999999958,1.061864231
730.3000000000001,1593.755128,1.61534997,-0.250149527,1619.45917,0.497953686,-0.759259699,14.3,11.404042000000072,1.117396284
730.4000000000001,1593.915892,1.589491187,-0.268474096,1619.503577,0.423539713,-0.708098804,14.3,11.287684999999964,1.1659514739999999
730.5,1594.073976,1.561743128,-0.287128582,1619.54083,0.355062778,-0.652171105,14.3,11.166854000000011,1.20668035
730.6,1594.229191,1.532094797,-0.306003011,1619.571541,0.292681776,-0.593065539,14.3,11.042350000000123,1.239413021
730.7,1594.381346,1.500546192,-0.324987413,1619.596319,0.236396706,-0.532371038,14.3,10.9149730000001,1.264149486
730.8000000000001,1594.53025,1.467097314,-0.343990143,1619.615773,0.186207568,-0.469506368,14.3,10.785522999999966,1.2808897460000002
730.9000000000001,1594.675715,1.431748163,-0.362992873,1619.630512,0.142114363,-0.405710523,14.3,10.65479699999987,1.2896338
731.0,1594.81755,1.394498739,-0.381995603,1619.641148,0.10411709,-0.343396695,14.3,10.523597999999946,1.2903816490000002
731.1,1594.955565,1.355349043,-0.400998333,1619.648288,0.073358957,-0.280405247,14.3,10.392723000000114,1.281990086
731.2,1595.08957,1.314299073,-0.420001063,1619.652543,0.049255462,-0.221435789,14.3,10.262972999999828,1.2650436109999998
731.3000000000001,1595.219375,1.27134883,-0.439003793,1619.654522,0.031044614,-0.166615098,14.3,10.135147000000142,1.240304216
731.4000000000001,1595.34479,1.226498314,-0.458006523,1619.654835,0.01796442,-0.107562798,14.3,10.010044999999945,1.208533894
731.5,1595.465625,1.179747525,-0.476887354,1619.655006,0.00925289,-0.049451737,14.3,9.889380999999911,1.170494635
731.6,1595.58169,1.131096463,-0.495036791,1619.655177,0.004148031,0.007072661,14.3,9.773487000000113,1.126948432
731.7,1595.692794,1.080545129,-0.511723439,1619.655348,0.008821278,0.06620559,14.3,9.662553999999954,1.071723851
731.8000000000001,1595.798749,1.02816666,-0.526215904,1619.655519,0.01958442,0.12980943,14.3,9.556769999999869,1.00858224
731.9000000000001,1595.899363,0.974326755,-0.537782792,1619.65569,0.03528821,0.189501443,14.3,9.456327000000055,0.939038545
732.0,1595.994447,0.919464251,-0.545692709,1619.655861,0.056511114,0.253387943,14.3,9.361413999999922,0.862953137
732.1,1596.083811,0.864017983,-0.549336158,1619.661579,0.084009085,0.320061242,14.3,9.277768000000105,0.780008898
732.2,1596.167323,0.808426788,-0.548591242,1619.670502,0.118538078,0.382748468,14.3,9.203179000000045,0.68988871
732.3000000000001,1596.245086,0.753129503,-0.543579858,1619.683237,0.160854044,0.446163598,14.3,9.138151000000061,0.592275459
732.4000000000001,1596.317261,0.698564965,-0.534911503,1619.700386,0.211712939,0.509199666,14.3,9.083125000000063,0.486852026
732.5,1596.384009,0.64517201,-0.523317571,1619.722555,0.264937291,0.567877393,14.3,9.03854599999995,0.380234719
732.6,1596.44549,0.593316336,-0.509529456,1619.75035,0.324209273,0.62727455,14.3,9.004859999999962,0.269107063
732.7,1596.501867,0.543071081,-0.494278552,1619.784373,0.389528885,0.683434273,14.3,8.982506000000011,0.15354219600000002
732.8000000000001,1596.553299,0.494436245,-0.478296254,1619.825231,0.460896128,0.743910574,14.3,8.971932000000105,0.03354011699999998
732.9000000000001,1596.599949,0.44741183,-0.462192057,1619.873529,0.538311,0.804386875,14.3,8.973580000000037,-0.09089916999999997
733.0,1596.641976,0.401997834,-0.44608786,1619.92987,0.621773503,0.864863176,14.3,8.987893999999823,-0.219775669
733.1,1596.679543,0.358194258,-0.429983663,1619.99486,0.711283635,0.925339477,14.3,9.01531700000005,-0.35308937700000004
733.2,1596.71281,0.316001101,-0.413879465,1620.069103,0.806841398,0.985815778,14.3,9.05629300000005,-0.490840297
733.3000000000001,1596.741938,0.275418365,-0.397775268,1620.153204,0.908446791,1.046292079,14.3,9.111266000000068,-0.6330284260000001
733.4000000000001,1596.767088,0.236446048,-0.381671071,1620.247768,1.016099814,1.106439589,14.3,9.180679999999892,-0.7796537659999999
733.5,1596.788422,0.199084151,-0.361311512,1620.3534,1.129800467,1.164614347,14.3,9.264977999999882,-0.9307163159999999
733.6,1596.8061,0.163332673,-0.335684505,1620.470705,1.24954875,1.218843602,14.3,9.364604999999937,-1.086216077
733.7,1596.820283,0.129191615,-0.305125555,1620.600286,1.375147389,1.267154603,14.3,9.480003000000078,-1.245955774
733.8000000000001,1596.831133,0.099214194,-0.269970165,1620.74275,1.505610006,1.307915081,14.3,9.611616999999978,-1.406395812
733.9000000000001,1596.83881,0.074007662,-0.229217397,1620.8987,1.639752952,1.338130838,14.3,9.759889999999995,-1.56574529
734.0,1596.843476,0.053370715,-0.187212083,1621.068742,1.776392576,1.35717936,14.3,9.925265999999919,-1.7230218609999999
734.1,1596.845291,0.037102052,-0.14453576,1621.253322,1.914549516,1.364391375,14.3,10.108030999999936,-1.8774474639999998
734.2,1596.84646,0.025000369,-0.103872463,1621.452256,2.052427253,1.360095673,14.3,10.305796000000054,-2.027426884
734.3000000000001,1596.847628,0.016864366,-0.069477551,1621.665203,2.189455005,1.345936215,14.3,10.517575000000033,-2.172590639
734.4000000000001,1596.848797,0.012492738,-0.042363113,1621.891819,2.324244831,1.323545269,14.3,10.743021999999836,-2.311752093
734.5,1596.849965,0.011684184,-0.022193642,1622.131762,2.455810356,1.295917033,14.3,10.981796999999869,-2.4441261720000003
734.6,1596.851133,0.011684184,-0.008633636,1622.384692,2.583954305,1.264002812,14.3,11.233559000000195,-2.572270121
734.7,1596.852302,0.011684184,-0.00134759,1622.650264,2.708676677,1.23011584,14.3,11.497962000000097,-2.696992493
734.8000000000001,1596.85347,0.011684184,-1.02e-11,1622.928138,2.829977473,1.195900077,14.3,11.774667999999973,-2.818293289
734.9000000000001,1596.854639,0.011684184,-2.18e-12,1623.21797,2.947856692,1.161684313,14.3,12.063331000000016,-2.936172508
735.0,1596.855807,0.011684184,0.0,1623.51942,3.062314335,1.127468549,14.3,12.363613000000168,-3.050630151
735.1,1596.856976,0.011684184,5.09e-12,1623.832144,3.173350402,1.093252785,14.3,12.675167999999939,-3.161666218
735.2,1596.858144,0.011684184,6.79e-12,1624.155801,3.280964892,1.059037021,14.3,12.997657000000071,-3.269280708
735.3000000000001,1596.859312,0.011684184,1.09e-11,1624.490048,3.385157806,1.024821257,14.3,13.330735999999842,-3.373473622
735.4000000000001,1596.860481,0.011684184,1.05e-11,1624.834543,3.485929144,0.990605493,14.3,13.674062000000003,-3.47424496
735.5,1596.861649,0.011684184,0.065062766,1625.188944,3.583278905,0.956325324,14.3,14.027295000000048,-3.571594721
735.6,1596.862818,0.011684184,0.142889686,1625.55291,3.67720709,0.921658721,14.3,14.390092000000049,-3.665522906
735.7,1596.863986,0.011684184,0.234586068,1625.926097,3.767713698,0.886219253,14.3,14.762110999999958,-3.756029514
735.8000000000001,1596.865154,0.050721844,0.36236705,1626.308163,3.854760087,0.849620485,14.3,15.143008999999847,-3.804038243
735.9000000000001,1596.866323,0.097417995,0.483156067,1626.698767,3.938153039,0.811475984,14.3,15.532444000000122,-3.840735044
736.0,1596.867491,0.152435825,0.595102611,1627.097566,4.017660695,0.771399318,14.3,15.930074999999942,-3.86522487
736.1,1596.86866,0.216438518,0.710738184,1627.504219,4.093051196,0.729068458,14.3,16.33555899999983,-3.8766126780000003
736.2,1596.901058,0.301577824,0.774799873,1627.918351,4.16409268,0.684419,14.3,16.717293000000108,-3.8625148560000007
736.3000000000001,1596.939584,0.38760248,0.83190269,1628.339467,4.230553289,0.637515349,14.3,17.099883000000045,-3.8429508090000004
736.4000000000001,1596.984766,0.477164754,0.873477198,1628.767038,4.292201162,0.588679532,14.3,17.48227199999992,-3.8150364079999997
736.5,1597.037137,0.562297919,0.882347227,1629.200537,4.348804439,0.538297982,14.3,17.86339999999991,-3.78650652
736.6,1597.097226,0.651577439,0.898567611,1629.639437,4.400169905,0.486757133,14.3,18.24221099999995,-3.7485924660000003
736.7,1597.165564,0.74054137,0.917728926,1630.08321,4.446258915,0.434443418,14.3,18.617646000000104,-3.7057175449999997
736.8000000000001,1597.242681,0.830989467,0.953114561,1630.531327,4.487071469,0.38174327,14.3,18.98864599999997,-3.6560820019999998
736.9000000000001,1597.329109,0.926743047,0.990432078,1630.983262,4.522607569,0.328978716,14.3,19.35415299999995,-3.595864522
737.0,1597.425377,1.02780211,1.037118047,1631.438487,4.552867212,0.276214162,14.3,19.71310999999987,-3.5250651019999997
737.1,1597.532017,1.134166656,1.09017288,1631.896474,4.577850401,0.223449608,14.3,20.0644569999999,-3.443683745
737.2,1597.649558,1.245836686,1.143227713,1632.356695,4.597557134,0.170685055,14.3,20.407136999999874,-3.3517204479999996
737.3000000000001,1597.778531,1.362812198,1.196282546,1632.818624,4.611987412,0.117920501,14.3,20.74009300000007,-3.249175214
737.4000000000001,1597.919468,1.485093195,1.249337379,1633.281731,4.621141234,0.065155947,14.3,21.062262999999984,-3.1360480390000003
737.5,1598.072897,1.612679674,1.302045384,1633.74549,4.625018601,0.012515526,14.3,21.372593000000006,-3.012338927
737.6,1598.239351,1.745571637,1.352672416,1634.209373,4.623619513,-0.039380095,14.3,21.67002199999997,-2.878047876
737.7,1598.419359,1.883769083,1.399137505,1634.672852,4.616943969,-0.089786118,14.3,21.953492999999934,-2.7331748860000005
737.8000000000001,1598.613452,2.027063916,1.439359679,1635.1354,4.60506645,-0.137957744,14.3,22.221947999999838,-2.578002534
737.9000000000001,1598.82216,2.174415648,1.471257965,1635.596489,4.588359355,-0.183150173,14.3,22.47432900000008,-2.4139437069999996
738.0,1599.046015,2.324575698,1.492751392,1636.055591,4.567269563,-0.224618606,14.3,22.70957600000015,-2.242693865
738.1,1599.285547,2.476295481,1.502105816,1636.512179,4.542243955,-0.261742378,14.3,22.926632000000108,-2.065948474
738.2,1599.541119,2.628326416,1.49897441,1636.965784,4.513729409,-0.294397355,14.3,23.124665000000004,-1.8854029929999996
738.3000000000001,1599.81243,2.779419918,1.483704001,1637.416177,4.482172805,-0.32270767,14.3,23.30374700000011,-1.7027528870000004
738.4000000000001,1600.099011,2.928327405,1.458028733,1637.863189,4.448021023,-0.347293989,14.3,23.4641779999999,-1.5196936179999998
738.5,1600.400395,3.073800294,1.424029577,1638.306647,4.411720942,-0.368901112,14.3,23.60625200000022,-1.3379206479999994
738.6,1600.716113,3.214798098,1.383787506,1638.746383,4.373644961,-0.388273837,14.3,23.730269999999972,-1.158846863
738.7,1601.045696,3.351112721,1.339383492,1639.182227,4.333867561,-0.406156964,14.3,23.836531000000104,-0.9827548400000001
738.8000000000001,1601.388677,3.482744162,1.292898505,1639.614008,4.292388742,-0.423295291,14.3,23.925331000000096,-0.8096445800000001
738.9000000000001,1601.744587,3.609692422,1.24606669,1640.041555,4.249208503,-0.440309486,14.3,23.996968000000106,-0.639516081
739.0,1602.112957,3.7319575,1.199234875,1640.4647,4.204326845,-0.457323681,14.3,24.05174299999994,-0.4723693449999997
739.1,1602.49332,3.849539397,1.15240306,1640.883272,4.157743767,-0.474337875,14.3,24.089951999999993,-0.30820437000000034
739.2,1602.885207,3.962438112,1.105571245,1641.2971,4.10945927,-0.49135207,14.3,24.111892999999963,-0.14702115800000026
739.3000000000001,1603.288149,4.070653646,1.05873943,1641.706014,4.059473353,-0.508366264,14.3,24.11786500000012,0.011180293000000674
739.4000000000001,1603.701679,4.174185998,1.011907615,1642.109845,4.007786017,-0.525380459,14.3,24.108165999999937,0.16639998099999964
739.5,1604.125328,4.273035169,0.96511082,1642.508422,3.954397261,-0.542290829,14.3,24.083094000000028,0.3186379079999999
739.6,1604.558628,4.367201158,0.918524152,1642.901575,3.899307086,-0.558578256,14.3,24.042947000000094,0.46789407200000044
739.7,1605.00111,4.456683966,0.872357737,1643.289134,3.842515492,-0.573619794,14.3,23.988024000000177,0.614168474
739.8000000000001,1605.452306,4.541504605,0.826821699,1643.670929,3.784084772,-0.586792499,14.3,23.91862299999998,0.7574198330000002
739.9000000000001,1605.911748,4.621768137,0.782126165,1644.046789,3.7243264,-0.597473427,14.3,23.835041,0.8974417370000003
740.0,1606.378968,4.69760064,0.738481262,1644.416545,3.663614141,-0.605039634,14.3,23.737577000000055,1.033986499
740.1,1606.853496,4.769128188,0.696062095,1644.780027,3.602321762,-0.608972,14.3,23.626531000000067,1.166806426
740.2,1607.334883,4.836476857,0.654903683,1645.137113,3.54082303,-0.6091667,14.3,23.502230000000008,1.2956538270000002
740.3000000000001,1607.822742,4.899772723,0.614971008,1645.487883,3.479491711,-0.605727559,14.3,23.365140999999948,1.4202810119999998
740.4000000000001,1608.316708,4.959141861,0.576088962,1645.832466,3.418701572,-0.599173697,14.3,23.215758000000005,1.5404402890000002
740.5,1608.816412,5.014710348,0.538047421,1646.170992,3.35882638,-0.590128058,14.3,23.05458000000017,1.6558839680000004
740.6,1609.321487,5.066583245,0.500636258,1646.503587,3.300177605,-0.579213586,14.3,22.88209999999999,1.7664056400000003
740.7,1609.831566,5.114781566,0.463645347,1646.830383,3.242817544,-0.567053226,14.3,22.698816999999917,1.8719640219999993
740.8000000000001,1610.346281,5.15930531,0.426864562,1647.151507,3.186746195,-0.554269922,14.3,22.505225999999947,1.9725591149999997
740.9000000000001,1610.865265,5.200154478,0.390118798,1647.467088,3.131963559,-0.541382793,14.3,22.301823000000194,2.068190919
741.0,1611.388149,5.23732907,0.353373035,1647.777255,3.078469637,-0.528495665,14.3,22.089105999999855,2.1588594330000004
741.1,1611.914568,5.270829085,0.316627271,1648.082137,3.026264426,-0.515608537,14.3,21.867569000000184,2.244564659
741.2,1612.444152,5.300654524,0.279881507,1648.381863,2.975347929,-0.502721408,14.3,21.637711000000035,2.325306595
741.3000000000001,1612.976536,5.326805386,0.243135743,1648.676562,2.925720145,-0.48983428,14.3,21.400026000000206,2.401085241
741.4000000000001,1613.511351,5.349281672,0.206389979,1648.966363,2.877381073,-0.476947151,14.3,21.155011999999896,2.471900599
741.5,1614.048229,5.368083382,0.169500766,1649.251394,2.830330715,-0.464060023,14.3,20.9031649999999,2.537752667
741.6,1614.586805,5.383210516,0.131750852,1649.531785,2.784569069,-0.451172894,14.3,20.644979999999986,2.5986414470000003
741.7,1615.126709,5.394663073,0.092279539,1649.807664,2.740096136,-0.438285766,14.3,20.38095500000004,2.6545669370000002
741.8000000000001,1615.667575,5.402354983,0.050226128,1650.07916,2.696911915,-0.425398638,14.3,20.11158500000006,2.7054430680000006
741.9000000000001,1616.209034,5.405855898,0.004729917,1650.346402,2.655016408,-0.412511509,14.3,19.837367999999923,2.7508394900000006
742.0,1616.750721,5.404649396,-0.045069792,1650.609519,2.614409614,-0.399624381,14.3,19.558797999999978,2.790239782
742.1,1617.292266,5.398219059,-0.099890249,1650.868639,2.575091532,-0.386737252,14.3,19.276373000000103,2.8231275269999996
742.2,1617.833235,5.386048466,-0.159874904,1651.123893,2.537062163,-0.373850124,14.3,18.990657999999893,2.848986303
742.3000000000001,1618.372914,5.367621198,-0.224880307,1651.375407,2.500321507,-0.360962996,14.3,18.702492999999958,2.867299691
742.4000000000001,1618.910524,5.342420834,-0.294189208,1651.623313,2.464869564,-0.348075867,14.3,18.412789000000156,2.8775512700000005
742.5,1619.445284,5.309930956,-0.366940908,1651.867737,2.430706334,-0.335188739,14.3,18.12245300000013,2.8792246219999997
742.6,1619.976413,5.269721212,-0.442274707,1652.108809,2.397831816,-0.32230161,14.3,17.83239599999997,2.8718893960000003
742.7,1620.503131,5.221705534,-0.519329906,1652.346659,2.366246012,-0.309414482,14.3,17.543528000000105,2.855459522
742.8000000000001,1621.024657,5.165883921,-0.597245804,1652.581414,2.33594892,-0.296527353,14.3,17.25675700000006,2.829935001
742.9000000000001,1621.540211,5.102256373,-0.675305152,1652.813204,2.306940541,-0.283640225,14.3,16.97299300000004,2.7953158320000004
743.0,1622.049012,5.030822891,-0.7533645,1653.042158,2.279220875,-0.270753097,14.3,16.693146000000024,2.7516020159999997
743.1,1622.550279,4.951583473,-0.831423848,1653.268404,2.252789922,-0.257865968,14.3,16.418124999999872,2.6987935510000005
743.2,1623.043231,4.864538121,-0.909483196,1653.492072,2.227647681,-0.24497884,14.3,16.1488409999999,2.6368904399999997
743.3000000000001,1623.527089,4.769686834,-0.987542544,1653.713289,2.203794154,-0.232091711,14.3,15.886200000000098,2.5658926799999997
743.4000000000001,1624.001072,4.667029612,-1.065601892,1653.932186,2.181229339,-0.219204583,14.3,15.631113999999979,2.485800273
743.5,1624.464398,4.556566455,-1.143142574,1654.148891,2.159953237,-0.206317454,14.3,15.384492999999974,2.3966132179999997
743.6,1624.916288,4.438297364,-1.217571254,1654.363532,2.139965848,-0.181606842,14.3,15.147244000000182,2.298331516
743.7,1625.355961,4.312222338,-1.285775931,1654.57624,2.121267172,-0.158328132,14.3,14.920279000000118,2.1909551659999997
743.8000000000001,1625.782635,4.178652577,-1.344644605,1654.787142,2.103857209,-0.136481326,14.3,14.704506999999875,2.074795368
743.9000000000001,1626.195532,4.039144082,-1.391065274,1654.996367,2.094830049,-0.116066422,14.3,14.500835000000006,1.944314033
744.0,1626.593869,3.895564053,-1.421925937,1655.204044,2.08623246,-0.101882354,14.3,14.310175000000026,1.809331593
744.1,1626.976867,3.749779693,-1.434633259,1655.410303,2.078064442,-0.083828035,14.3,14.133436000000028,1.6717152509999997
744.2,1627.343994,3.6036582,-1.428668573,1655.615272,2.070325995,-0.08168018,14.3,13.971277999999938,1.5333322049999998
