t,x_follower,v_follower,a_follower,x_leader,v_leader,a_leader,leader_length,spacing,dv
152.4,55.9006594,15.40811268,0.809472356,123.2834712,18.04145892,0.809442893,15.3,52.08281179999999,-2.63334624
152.5,57.41663143,15.48905992,0.812941515,125.0924127,18.12086099,0.779674494,15.3,52.37578126999999,-2.63180107
152.6,58.94934797,15.56908204,0.963040844,126.9091233,18.1973032,0.750245899,15.3,52.659775330000016,-2.6282211600000007
152.70000000000002,60.4985315,15.64817906,1.056939669,128.7333159,18.27081955,0.72114767,15.3,52.93478440000001,-2.6226404899999984
152.8,62.06390447,15.73328929,1.182986099,130.5647082,18.34144401,0.692332611,15.3,53.20080373000002,-2.60815472
152.9,63.64518935,15.8896331,1.285904799,132.4030178,18.40921056,0.663744089,15.3,53.45782844999998,-2.519577459999999
153.0,65.24210862,16.04227648,1.398460054,134.2479623,18.47414752,0.635325469,15.3,53.70585368000002,-2.431871039999997
153.1,66.85438474,16.19121943,1.4917422,136.0992593,18.53626055,0.607020117,15.3,53.94487456,-2.345041120000001
153.20000000000002,68.48174017,16.34062492,1.471505437,137.9566264,18.59554966,0.578771399,15.3,54.17488623000001,-2.25492474
153.3,70.12389739,16.48725509,1.44702859,139.8197812,18.65201483,0.550532121,15.3,54.39588381,-2.1647597399999974
153.4,71.78057885,16.63110993,1.424671785,141.6884413,18.70565608,0.522292842,15.3,54.60786245,-2.0745461499999998
153.5,73.45150704,16.77218945,1.39691851,143.5623243,18.7564734,0.494053563,15.3,54.81081726000001,-1.9842839500000018
153.60000000000002,75.13640441,16.91049364,1.369165235,145.4411479,18.80446679,0.465814285,15.3,55.00474349000001,-1.8939731500000008
153.70000000000002,76.83499343,17.0460225,1.34141196,147.3246297,18.84963626,0.437575006,15.3,55.18963627000001,-1.803613760000001
153.8,78.54699657,17.17877603,1.313658685,149.2124872,18.89198179,0.409335727,15.3,55.36549063,-1.7132057599999975
153.9,80.2721363,17.30875423,1.28590541,151.104438,18.9315034,0.381096449,15.3,55.53230169999999,-1.6227491699999987
154.0,82.01013508,17.43595711,1.258152135,153.0001998,18.96820108,0.352982503,15.3,55.690064719999995,-1.5322439699999997
154.10000000000002,83.76071538,17.56038466,1.23039886,154.8994902,19.00207484,0.325620551,15.3,55.83877482000001,-1.4416901799999984
154.20000000000002,85.52359968,17.68203688,1.202645585,156.8020267,19.03312466,0.299762587,15.3,55.97842702,-1.3510877800000003
154.3,87.29851042,17.80091378,1.17489231,158.7075271,19.06142576,0.276160607,15.3,56.109016679999996,-1.2605119800000004
154.4,89.08517009,17.91701534,1.147139035,160.6157088,19.08735413,0.255566604,15.3,56.23053870999999,-1.1703387900000024
154.5,90.88330116,18.03034158,1.11938576,162.5262895,19.11136096,0.238040479,15.3,56.34298833999999,-1.0810193799999972
154.60000000000002,92.69262608,18.1408925,1.091632485,164.4389869,19.13389745,0.226285174,15.3,56.44636082000001,-0.9930049499999996
154.70000000000002,94.51286732,18.24866808,1.06387921,166.3535786,19.1554148,0.218349741,15.3,56.54071128,-0.9067467199999975
154.8,96.34374736,18.35366834,1.036125934,168.2700831,19.17594895,0.214800943,15.3,56.62633574,-0.82228061
154.9,98.18498865,18.45589327,1.008372659,170.1885789,19.19719686,0.215012115,15.3,56.70359025000002,-0.7413035899999976
155.0,100.0363137,18.55534287,0.980619384,172.1091447,19.21836397,0.218231265,15.3,56.77283100000001,-0.6630210999999981
155.10000000000002,101.8974449,18.65201715,0.952866109,174.0318589,19.24024152,0.224398491,15.3,56.83441400000001,-0.5882243700000025
155.20000000000002,103.7681048,18.74591609,0.925112834,175.9568002,19.26290472,0.230685519,15.3,56.8886954,-0.5169886300000002
155.3,105.6480158,18.83703971,0.897359559,177.884047,19.28635356,0.238416635,15.3,56.936031200000016,-0.44931384999999935
155.4,107.5369004,18.925388,0.869606284,179.8136781,19.31058804,0.246273083,15.3,56.976777700000014,-0.3852000399999973
155.5,109.434481,19.01096097,0.841853009,181.7457718,19.33560818,0.254129531,15.3,57.0112908,-0.32464721000000196
155.60000000000002,111.3404802,19.09375861,0.814099734,183.6804069,19.36141395,0.261985979,15.3,57.03992670000001,-0.267655340000001
155.70000000000002,113.2546204,19.17378092,0.786346459,185.6176618,19.38800537,0.269842427,15.3,57.06304140000002,-0.21422444999999968
155.8,115.1766241,19.2510279,0.758593184,187.5576151,19.41538244,0.277698875,15.3,57.080991,-0.16435453999999794
155.9,117.1062137,19.32549955,0.730629069,189.5003454,19.44354515,0.285555323,15.3,57.09413169999999,-0.11804559999999853
156.0,119.0431117,19.39719588,0.701399916,191.4459313,19.4724935,0.292301853,15.3,57.10281960000002,-0.07529761999999707
156.10000000000002,120.9870405,19.46611688,0.669640688,193.3944513,19.5022275,0.298323256,15.3,57.10741079999998,-0.03611061999999876
156.20000000000002,122.9377227,19.53213605,0.634086347,195.345984,19.53274714,0.302988323,15.3,57.108261299999995,-0.000611090000003145
156.3,124.8948807,19.59462087,0.593471854,197.3006079,19.56338648,0.302435706,15.3,57.10572719999999,0.03123439000000161
156.4,126.8582369,19.65281231,0.546532172,199.2584017,19.59437639,0.29642856,15.3,57.100164800000016,0.05843592000000086
156.5,128.8275139,19.70595136,0.492213103,201.2194438,19.62533814,0.283603253,15.3,57.09192989999998,0.08061322000000004
156.60000000000002,130.8023329,19.75327899,0.430303807,203.1838128,19.65395492,0.263706072,15.3,57.08147989999999,0.09932406999999799
156.70000000000002,132.7819104,19.79403618,0.361015124,205.1514783,19.68008464,0.234988593,15.3,57.069567900000024,0.11395153999999863
156.8,134.7653615,19.82746391,0.285401252,207.1219733,19.7029091,0.196945663,15.3,57.0566118,0.12455480999999935
156.9,136.7518016,19.85280315,0.204727228,209.0947218,19.72161013,0.153211361,15.3,57.04292020000001,0.13119302000000133
157.0,138.7403459,19.86942138,0.120258091,211.0691479,19.73536955,0.10402253,15.3,57.028802,0.1340518299999971
157.10000000000002,140.7301096,19.87719211,0.033258879,213.0446756,19.74350554,0.050742802,15.3,57.014566000000016,0.13368656999999828
157.20000000000002,142.7202081,19.87611533,-0.055005372,215.0207289,19.74588174,-0.00526419,15.3,57.00052079999999,0.13023358999999957
157.3,144.7097564,19.86619104,-0.143480462,216.9967319,19.74249815,-0.062634815,15.3,56.986975499999986,0.12369289000000094
157.4,146.69787,19.84741924,-0.231955552,218.9721085,19.73335478,-0.120232711,15.3,56.9742385,0.11406446000000159
157.5,148.683664,19.81979993,-0.320430642,220.9462827,19.71845161,-0.177830607,15.3,56.96261870000002,0.1013483199999996
157.60000000000002,150.6662538,19.78333311,-0.408905732,222.9186787,19.69778866,-0.235428504,15.3,56.9524249,0.08554445000000044
157.70000000000002,152.6447544,19.73801878,-0.497380822,224.8887204,19.67136591,-0.2930264,15.3,56.943966,0.0666528700000022
157.8,154.6182813,19.68385694,-0.585855912,226.8558318,19.63918338,-0.350624296,15.3,56.9375505,0.04467355999999967
157.9,156.5859496,19.6208476,-0.67381776,228.8194369,19.60124105,-0.408222193,15.3,56.93348730000001,0.019606550000002443
158.0,158.5468745,19.54899074,-0.758700157,230.7789599,19.55753894,-0.465820089,15.3,56.93208539999999,-0.008548199999999895
158.10000000000002,160.5001715,19.46828638,-0.837423651,232.7338246,19.50807703,-0.523351258,15.3,56.9336531,-0.03979065000000048
158.20000000000002,162.4449556,19.37904245,-0.906908791,234.6834552,19.45285534,-0.580482062,15.3,56.938499600000014,-0.07381288999999924
158.3,164.3803421,19.28279869,-0.964076126,236.6272756,19.39187386,-0.636812138,15.3,56.946933499999986,-0.10907517000000055
158.4,166.3054464,19.18140275,-1.005846205,238.5647098,19.32517262,-0.69194112,15.3,56.95926340000001,-0.14376986999999986
158.5,168.2193835,19.07670232,-1.029652817,240.495182,19.25295181,-0.745468645,15.3,56.97579850000001,-0.17624949
158.60000000000002,170.1215152,18.97054507,-1.034982722,242.418116,19.17545166,-0.796994348,15.3,56.996600799999996,-0.20490659000000022
158.70000000000002,172.0121885,18.86477866,-1.022349161,244.332936,19.09291236,-0.846184591,15.3,57.020747499999985,-0.22813370000000077
158.8,173.8919967,18.76125076,-0.994318343,246.239098,19.00557415,-0.892972648,15.3,57.04710130000002,-0.2443233900000017
158.9,175.7615333,18.66180905,-0.95396972,248.1361861,18.91367725,-0.937425246,15.3,57.07465280000001,-0.25186820000000054
159.0,177.6213916,18.56799326,-0.904382743,250.0238165,18.81746187,-0.979876022,15.3,57.1024249,-0.24946860999999743
159.10000000000002,179.472165,18.48011132,-0.848636863,251.9016055,18.71716823,-1.02072534,15.3,57.1294405,-0.23705690999999973
159.20000000000002,181.314447,18.39816324,-0.789811532,253.7691692,18.61299651,-1.060373565,15.3,57.154722199999995,-0.21483326999999974
159.3,183.1488308,18.32214901,-0.730472959,255.6261238,18.50498675,-1.099221061,15.3,57.17729299999998,-0.18283774000000008
159.4,184.9759098,18.25206864,-0.671134386,257.4720855,18.39313895,-1.137668192,15.3,57.19617569999998,-0.14107030999999992
159.5,186.7962776,18.18792213,-0.611795813,259.3066706,18.27745311,-1.176048596,15.3,57.210393000000025,-0.08953097999999926
159.60000000000002,188.6105273,18.12970948,-0.55245724,261.1294952,18.15792923,-1.214429001,15.3,57.21896790000001,-0.028219750000001653
159.70000000000002,190.4192525,18.07743069,-0.493118667,262.9401755,18.03456731,-1.252809405,15.3,57.22092300000001,0.042863380000000006
159.8,192.2230465,18.03108575,-0.433780095,264.7383277,17.90736735,-1.291189809,15.3,57.21528120000001,0.12371839999999779
159.9,194.0225028,17.99067467,-0.374653514,266.523568,17.77632935,-1.329570213,15.3,57.2010652,0.21434531999999962
160.0,195.8182145,17.95619744,-0.316798885,268.2955125,17.64145331,-1.367950617,15.3,57.177297999999965,0.3147441300000011
160.10000000000002,197.6107753,17.92765408,-0.261488159,270.0537776,17.50273923,-1.405670507,15.3,57.14300229999999,0.4249148500000004
160.20000000000002,199.4007784,17.90491737,-0.20999329,271.7979794,17.3601871,-1.436367884,15.3,57.09720099999997,0.5447302699999987
160.3,201.1888173,17.88735135,-0.163586227,273.5277341,17.21379694,-1.465257946,15.3,57.03891679999997,0.6735544099999977
160.4,202.9754853,17.87419285,-0.123538924,275.2426578,17.06396505,-1.479199325,15.3,56.96717250000002,0.8102277999999998
160.5,204.7613758,17.86467869,-0.090408701,276.9423668,16.91450862,-1.477288362,15.3,56.88099100000001,0.9501700700000022
160.60000000000002,206.5469804,17.85804571,-0.065581973,278.6264773,16.76229854,-1.455561973,15.3,56.779496899999984,1.0957471699999992
160.70000000000002,208.3323838,17.85353072,-0.048339314,280.2946055,16.61521963,-1.410717587,15.3,56.66222169999999,1.2383110899999998
160.8,210.1175688,17.85067215,-0.03712292,281.9466846,16.47381409,-1.345154118,15.3,56.52911580000004,1.37685806
160.9,211.9025183,17.84800217,-0.030994333,283.583916,16.34045976,-1.250353795,15.3,56.381397699999994,1.5075424099999992
161.0,213.687215,17.84518926,-0.028681602,285.2078182,16.21753449,-1.138797474,15.3,56.22060320000001,1.627654770000003
161.10000000000002,215.4716419,17.84240494,-0.029415414,286.8199098,16.10741615,-1.011388811,15.3,56.0482679,1.7349887900000027
161.20000000000002,217.2557817,17.83944911,-0.030749394,288.4217091,16.01208626,-0.872090894,15.3,55.86592739999999,1.82736285
161.3,219.0396175,17.83632176,-0.032131015,290.0147346,15.93194115,-0.724866805,15.3,55.67511710000001,1.9043806100000005
161.4,220.8231319,17.8330229,-0.033846132,291.6005049,15.8669808,-0.573679631,15.3,55.477372999999986,1.9660420999999992
161.5,222.6063078,17.82955253,-0.035561248,293.1805384,15.81720522,-0.421831944,15.3,55.274230599999996,2.012347310000001
161.60000000000002,224.3891281,17.82591065,-0.037276364,294.7563536,15.78261441,-0.269984256,15.3,55.06722550000002,2.04329624
161.70000000000002,226.1715757,17.82209726,-0.038991481,296.3294689,15.76320837,-0.118136568,15.3,54.85789319999999,2.0588888900000004
161.8,227.9536333,17.81811236,-0.040706597,297.9014029,15.7589871,0.03371112,15.3,54.64776959999999,2.05912526
161.9,229.7352839,17.81395594,-0.042421713,299.473674,15.76995059,0.185558808,15.3,54.43839010000001,2.044005349999999
162.0,231.5165103,17.80962802,-0.044127696,301.0478006,15.79609886,0.337406496,15.3,54.231290300000026,2.013529160000001
162.10000000000002,233.2972953,17.80512858,-0.045778875,302.6253013,15.83743189,0.489254183,15.3,54.02800599999999,1.9676966900000021
162.20000000000002,235.0776217,17.80045763,-0.047320449,304.2076946,15.89394969,0.639491634,15.3,53.83007290000002,1.906507940000001
162.3,236.8574725,17.79562064,-0.048697613,305.7964989,15.96565227,0.780067659,15.3,53.63902640000002,1.8299683699999996
162.4,238.6368305,17.79064503,-0.049884379,307.3932327,16.05253961,0.894970608,15.3,53.4564022,1.7381054200000001
162.5,240.4156785,17.78556367,-0.050739502,308.9994144,16.15364557,0.99358973,15.3,53.28373589999997,1.6319181
162.60000000000002,242.1939994,17.78040945,-0.051303755,310.6165626,16.26413945,1.047212925,15.3,53.122563200000016,1.5162700000000022
162.70000000000002,243.9717804,17.77519795,-0.051539189,312.2461958,16.37441426,1.052528993,15.3,52.97441540000001,1.4007836899999973
162.8,245.7490263,17.77001392,-0.051454939,313.8898323,16.49010353,1.001486745,15.3,52.84080600000003,1.2799103900000013
162.9,247.5257462,17.76483839,-0.051096673,315.5482178,16.59398002,0.892475945,15.3,52.72247159999999,1.1708583700000013
163.0,249.3019493,17.75972152,-0.050490381,317.2190062,16.684057,0.733457053,15.3,52.61705690000004,1.0756645200000001
163.10000000000002,251.0776447,17.75469071,-0.049777309,318.8990784,16.75453762,0.513430585,15.3,52.5214337,1.0001530899999977
163.20000000000002,252.8528417,17.74975144,-0.048925816,320.5853155,16.79962502,0.26110864,15.3,52.43247379999998,0.9501264200000001
163.3,254.6275493,17.74490372,-0.04801952,322.2745985,16.81448849,-0.020197582,15.3,52.34704920000003,0.9304152300000013
163.4,256.4017766,17.74014754,-0.047104091,323.9638082,16.79816188,-0.320826655,15.3,52.262031600000014,0.9419856600000003
163.5,258.175533,17.7354829,-0.046188661,325.6498259,16.75064521,-0.631117153,15.3,52.174292900000026,0.9848376900000027
163.60000000000002,259.9488275,17.73090981,-0.045273231,327.3295323,16.67193845,-0.943017889,15.3,52.08070479999999,1.058971360000001
163.70000000000002,261.7216692,17.72642826,-0.044357802,328.9998086,16.56204163,-1.254918625,15.3,51.97813939999999,1.1643866299999992
163.8,263.4940673,17.72203825,-0.043616431,330.6575357,16.42095473,-1.566819361,15.3,51.8634684,1.3010835200000024
163.9,265.2660311,17.71773978,-0.042813014,332.2995946,16.24867776,-1.878720097,15.3,51.73356349999996,1.469062019999999
164.0,267.0375695,17.71353286,-0.042133689,333.9228663,16.04521071,-2.190620833,15.3,51.585296799999995,1.6683221500000016
164.10000000000002,268.8086919,17.70931304,-0.042469188,335.5242318,15.81055359,-2.502521569,15.3,51.41553990000001,1.8987594500000018
164.20000000000002,270.5794072,17.70521056,-0.045764883,337.100572,15.54470639,-2.814422305,15.3,51.22116480000001,2.160504170000001
164.3,272.3497248,17.70123249,-0.053050064,338.6487681,15.24766913,-3.124314506,15.3,50.9990433,2.4535633599999986
164.4,274.1196537,17.69655673,-0.065480501,340.1657009,14.91944179,-3.422155499,15.3,50.74604719999998,2.7771149400000006
164.5,275.8892032,17.69028085,-0.084603056,341.6482515,14.56002437,-3.695894074,15.3,50.45904830000002,3.13025648
164.60000000000002,277.6583822,17.68170282,-0.111759383,343.0933008,14.170622,-3.933479023,15.3,50.134918600000006,3.511080820000002
164.70000000000002,279.4270937,17.67002474,-0.146909121,344.4977299,13.75726029,-4.122859138,15.3,49.77063620000003,3.912764449999999
164.8,281.1948149,17.65444872,-0.189656402,345.8584197,13.32716995,-4.251983209,15.3,49.36360480000003,4.327278770000001
164.9,282.9609165,17.63417686,-0.239052827,347.1722513,12.88758171,-4.310808563,15.3,48.911334800000034,4.746595150000001
165.0,284.7247695,17.60841126,-0.293768568,348.4370696,12.4457263,-4.297326665,15.3,48.412300099999996,5.16268496
165.10000000000002,286.4857446,17.57648701,-0.352473794,349.6545763,12.00883445,-4.21354605,15.3,47.8688317,5.567652560000001
165.20000000000002,288.2432127,17.53827112,-0.413838678,350.8274368,11.58413687,-4.069509392,15.3,47.284224099999975,5.954134250000001
165.3,289.9965447,17.4937636,-0.476533391,351.9583168,11.17886429,-3.877267899,15.3,46.661772099999965,6.314899310000001
165.4,291.7451113,17.44296445,-0.539449742,353.0498818,10.79904232,-3.648872781,15.3,46.004770499999964,6.643922130000002
165.5,293.4882834,17.38587365,-0.602366093,354.1047974,10.44587608,-3.396375245,15.3,45.316514,6.939997570000001
165.60000000000002,295.2254318,17.32249123,-0.665282444,355.1257292,10.11936556,-3.1318265,15.3,44.6002974,7.20312567
165.70000000000002,296.9559274,17.25281717,-0.728198795,356.1153427,9.819510778,-2.86526922,15.3,43.85941529999998,7.433306392
165.8,298.6791411,17.17685147,-0.791115146,357.0763035,9.54631172,-2.598711941,15.3,43.097162400000016,7.630539749999999
165.9,300.3944435,17.09459414,-0.854031497,358.0112772,9.29976839,-2.332154661,15.3,42.316833699999975,7.794825750000001
166.0,302.1012057,17.00604517,-0.917122427,358.9229293,9.079880788,-2.065597382,15.3,41.521723600000044,7.926164382
166.10000000000002,303.7987984,16.91120457,-0.981260831,359.8139255,8.886648914,-1.799040102,15.3,40.715127099999975,8.024555655999999
166.20000000000002,305.4865924,16.81007233,-1.047494182,360.6869312,8.720072768,-1.532482822,15.3,39.9003388,8.089999562000001
166.3,307.1639587,16.70254371,-1.116869953,361.5446121,8.580152349,-1.26681866,15.3,39.080653399999974,8.122391361
166.4,308.8302679,16.58809497,-1.19043562,362.3896338,8.466887659,-1.006513197,15.3,38.25936589999999,8.121207311000001
166.5,310.4848911,16.46609763,-1.269238655,363.2246618,8.380278697,-0.756925134,15.3,37.439770699999954,8.085818933
166.60000000000002,312.1271989,16.3359232,-1.354151953,364.0523617,8.319789592,-0.523413171,15.3,36.62516280000001,8.016133608
166.70000000000002,313.7564785,16.19694319,-1.445350092,364.875399,8.282740996,-0.311336009,15.3,35.818920500000004,7.914202194
166.8,315.3716817,16.04852914,-1.542658495,365.6964394,8.265917687,-0.126052347,15.3,35.02475769999997,7.7826114529999995
166.9,316.9716765,15.89005254,-1.645204266,366.5181484,8.266104447,0.027972232,15.3,34.246471899999975,7.623948092999999
167.0,318.555331,15.72088491,-1.751939932,367.3427629,8.280086054,0.14984461,15.3,33.487431900000004,7.440798856000001
167.10000000000002,320.1215132,15.54050253,-1.861818018,368.1708049,8.304647289,0.240457904,15.3,32.74929170000003,7.235855240999999
167.20000000000002,321.6690912,15.34880064,-1.973791052,369.002368,8.336572931,0.304277699,15.3,32.03327679999997,7.012227709000001
167.3,323.1969331,15.14577924,-2.08681156,369.8375454,8.372647762,0.346662693,15.3,31.340612299999986,6.773131478
167.4,324.7039068,14.93143832,-2.200006647,370.6764305,8.41019243,0.372971587,15.3,30.672523699999953,6.521245889999999
167.5,326.1888805,14.70577791,-2.313201733,371.5191169,8.448671066,0.38856308,15.3,30.03023639999999,6.257106844000001
167.60000000000002,327.6507222,14.46879798,-2.42639682,372.3656978,8.488083669,0.398795874,15.3,29.414975600000002,5.980714311
167.70000000000002,329.0882999,14.22049854,-2.539591906,373.2162666,8.528430241,0.408135551,15.3,28.8279667,5.692068298999999
167.8,330.5004816,13.9608796,-2.652786993,374.0709168,8.56971078,0.417475228,15.3,28.27043520000002,5.391168820000001
167.9,331.8861355,13.68994114,-2.765982079,374.9297418,8.611925286,0.426814906,15.3,27.743606299999964,5.078015854
168.0,333.2441296,13.40768318,-2.879177166,375.7928349,8.655073761,0.436154583,15.3,27.248705299999994,4.752609418999999
168.10000000000002,334.5733319,13.11410571,-2.991184151,376.6602896,8.699156203,0.44549426,15.3,26.78695769999997,4.414949507000001
168.20000000000002,335.8726105,12.80920873,-3.096062525,377.5321992,8.744172613,0.454833937,15.3,26.35958869999997,4.065036117
168.3,337.1408334,12.49299224,-3.18264011,378.4086571,8.79012299,0.464173614,15.3,25.967823700000007,3.702869249999999
168.4,338.3768687,12.16616911,-3.255919004,379.2897568,8.837007335,0.473613209,15.3,25.61288810000003,3.329161775000001
168.5,339.5795844,11.83230363,-3.296639887,380.1755916,8.884825648,0.483652314,15.3,25.29600720000003,2.9474779820000006
168.60000000000002,340.7478486,11.49809912,-3.30171772,381.0662549,8.933577929,0.494890436,15.3,25.01840629999999,2.564521190999999
168.70000000000002,341.8805293,11.16055431,-3.265211993,381.9618402,8.983324128,0.507927086,15.3,24.781310900000005,2.1772301820000006
168.8,342.9770649,10.8312248,-3.185934605,382.8624408,9.034364001,0.523361772,15.3,24.585375899999985,1.7968607989999992
168.9,344.0391748,10.51196161,-3.069117228,383.7681501,9.087057252,0.541794003,15.3,24.4289753,1.424904358000001
169.0,345.0691489,10.20704191,-2.90856966,384.6790615,9.141763587,0.56372337,15.3,24.309912599999972,1.0652783229999994
169.10000000000002,346.0692769,9.920742865,-2.723551222,385.5953164,9.198842711,0.589249792,15.3,24.226039500000024,0.7219001540000001
169.20000000000002,347.0418486,9.656628778,-2.517146953,386.517248,9.258654331,0.61827335,15.3,24.175399400000014,0.3979744469999993
169.3,347.9891537,9.415412512,-2.296485464,387.4452374,9.321558151,0.650294454,15.3,24.15608370000002,0.093854361
169.4,348.9134822,9.197094065,-2.068695365,388.3796658,9.387913876,0.684713593,15.3,24.16618360000002,-0.19081981100000078
169.5,349.8171236,9.001673439,-1.839717164,389.3209144,9.458021262,0.72093126,15.3,24.20379079999999,-0.45634782300000154
169.60000000000002,350.7023679,8.829150632,-1.610738963,390.2693642,9.531940259,0.758347945,15.3,24.26699629999997,-0.7027896270000014
169.70000000000002,351.5715048,8.679525646,-1.381760762,391.2253966,9.609670867,0.796364139,15.3,24.353891799999996,-0.9301452210000001
169.8,352.4268242,8.55279848,-1.152782561,392.1893926,9.691213087,0.834480252,15.3,24.46256840000002,-1.1384146069999996
169.9,353.2706156,8.448969134,-0.92380436,393.1617334,9.776566918,0.872596364,15.3,24.591117800000017,-1.327597784
170.0,354.1051691,8.368037608,-0.694826159,394.1428002,9.86573236,0.910712476,15.3,24.737631099999998,-1.497694752000001
170.10000000000002,354.9327742,8.310003902,-0.466519394,395.1329741,9.958709413,0.948828588,15.3,24.90019990000003,-1.6487055109999993
170.20000000000002,355.7557209,8.274868016,-0.242241244,396.1326363,10.05549808,0.9869447,15.3,25.07691540000003,-1.7806300640000003
170.3,356.5762989,8.262629951,-0.026020326,397.1421679,10.15609835,1.025060813,15.3,25.26586900000002,-1.8934683990000014
170.4,357.396798,8.272886844,0.178114746,398.1619501,10.26051024,1.063176925,15.3,25.465152100000022,-1.987623396
170.5,358.219508,8.303624387,0.366135356,399.1923641,10.36873374,1.101055863,15.3,25.6728561,-2.0651093530000004
170.60000000000002,359.0467186,8.352425413,0.534012889,400.2337911,10.48076885,1.137511757,15.3,25.8870725,-2.128343437
170.70000000000002,359.8807196,8.41687275,0.678390164,401.2866121,10.59661557,1.171121563,15.3,26.105892499999992,-2.1797428200000013
170.8,360.7234785,8.49454923,0.798595746,402.3512084,10.7161316,1.200462236,15.3,26.32772990000002,-2.22158237
170.9,361.5756738,8.583037684,0.895301071,403.4279611,10.83860541,1.224110733,15.3,26.5522873,-2.255567725999999
171.0,362.4376613,8.679920942,0.971863319,404.5172513,10.96318318,1.240644009,15.3,26.779589999999995,-2.283262237999999
171.10000000000002,363.3097971,8.782781835,1.032311104,405.6194603,11.08901108,1.248876194,15.3,27.009663199999988,-2.306229245000001
171.20000000000002,364.1924374,8.889606055,1.080673044,406.7348554,11.21523529,1.248570115,15.3,27.242417999999997,-2.325629235000001
171.3,365.0859381,8.999990741,1.120977752,407.8632485,11.34100197,1.239962944,15.3,27.477310399999975,-2.341011229000001
171.4,365.9906553,9.113935893,1.157253844,409.0043376,11.46545731,1.224240553,15.3,27.71368229999997,-2.351521416999999
171.5,366.9069451,9.23144151,1.192858501,410.157821,11.58774748,1.202825985,15.3,27.95087590000004,-2.356305970000001
171.60000000000002,367.8351634,9.352507593,1.228463157,411.3233966,11.70716094,1.177142285,15.3,28.188233200000024,-2.3546533469999993
171.70000000000002,368.7756664,9.477134141,1.264067814,412.5007627,11.82355541,1.148612497,15.3,28.425096300000018,-2.3464212690000004
171.8,369.72881,9.605321156,1.299672471,413.6896172,11.93693088,1.118659664,15.3,28.660807199999976,-2.3316097239999998
171.9,370.6949503,9.737068636,1.335277127,414.8896583,12.04728734,1.088469657,15.3,28.89470799999999,-2.3102187040000004
172.0,371.6744435,9.872376581,1.370881784,416.1005842,12.15462481,1.058279651,15.3,29.12614070000002,-2.2822482290000004
172.10000000000002,372.6676454,10.01124499,1.406396451,417.3220928,12.25894327,1.028089644,15.3,29.35444739999998,-2.24769828
172.20000000000002,373.6749122,10.15367387,1.44137118,418.5538823,12.36024274,0.997899638,15.3,29.578970100000003,-2.20656887
172.3,374.6966,10.29966321,1.475266035,419.7956508,12.4585232,0.967709631,15.3,29.799050799999986,-2.15885999
172.4,375.7330647,10.44915903,1.507541078,421.0470965,12.55378466,0.937519624,15.3,30.01403180000001,-2.1046256299999992
172.5,376.7846623,10.60189134,1.53765637,422.3079173,12.64602713,0.907466971,15.3,30.223255000000005,-2.0441357900000003
172.60000000000002,377.8517491,10.7575362,1.565071975,423.5778114,12.73525059,0.87823844,15.3,30.426062299999966,-1.9777143899999992
172.70000000000002,378.9346809,10.91576964,1.589337946,424.8564769,12.82145505,0.850658151,15.3,30.621796000000028,-1.9056854100000002
172.8,380.0337707,11.07626769,1.610364291,426.1436119,12.90472292,0.825550227,15.3,30.809841200000005,-1.8284552299999994
172.9,381.1491585,11.2387064,1.628241002,427.4389145,12.98546627,0.803544075,15.3,30.98975600000001,-1.74675987
173.0,382.2809412,11.40276179,1.643418025,428.7420828,13.06417956,0.785922988,15.3,31.16114160000002,-1.66141777
173.10000000000002,383.4292157,11.56810992,1.656435298,430.0528149,13.14135726,0.773164501,15.3,31.3235992,-1.57324734
173.20000000000002,384.5940788,11.7344808,1.66783276,431.3708748,13.21737703,0.765225774,15.3,31.476796000000046,-1.4828962299999997
173.3,385.7756275,11.90182045,1.678150346,432.6962903,13.29300884,0.762094422,15.3,31.6206628,-1.39118839
173.4,386.9739585,12.07012887,1.687927995,434.029155,13.36862162,0.763083678,15.3,31.75519650000002,-1.2984927500000012
173.5,388.1891689,12.23940605,1.697615654,435.3695627,13.44460173,0.767564132,15.3,31.88039379999999,-1.205195680000001
173.60000000000002,389.4213553,12.409652,1.707303313,436.717607,13.52143621,0.774252494,15.3,31.99625169999997,-1.1117842099999997
173.70000000000002,390.6706149,12.58086672,1.716990972,438.0733816,13.59920747,0.782533873,15.3,32.10276670000003,-1.0183407500000001
173.8,391.9370443,12.7530502,1.726678632,439.4369801,13.67791551,0.791764343,15.3,32.199935800000006,-0.9248653099999995
173.9,393.2207405,12.92620244,1.736366291,440.8084963,13.75756034,0.801132167,15.3,32.28775580000003,-0.8313578999999987
174.0,394.5218004,13.10032345,1.74605395,442.1880238,13.83814195,0.81049999,15.3,32.36622339999998,-0.7378185000000013
174.10000000000002,395.8403208,13.27541323,1.755741609,443.5756563,13.91966034,0.819867814,15.3,32.43533550000002,-0.6442471100000002
174.20000000000002,397.1763987,13.45147178,1.765186952,444.9714874,14.00211551,0.829235637,15.3,32.49508870000001,-0.5506437299999991
174.3,398.5301308,13.62849909,1.771887708,446.375611,14.08550746,0.838603461,15.3,32.5454802,-0.4570083700000005
174.4,399.9016141,13.80649516,1.778262055,447.7881205,14.1698362,0.847971285,15.3,32.586506399999976,-0.3633410399999999
174.5,401.2909455,13.98531461,1.778984021,449.2091098,14.25510172,0.857339108,15.3,32.618164300000004,-0.2697871100000011
174.60000000000002,402.6982217,14.16345608,1.773890404,450.6386725,14.34130402,0.866577816,15.3,32.64045080000001,-0.17784794000000126
174.70000000000002,404.1235398,14.34237046,1.761527306,452.0769022,14.42844311,0.875041824,15.3,32.653362400000006,-0.0860726500000002
174.8,405.5669965,14.51886219,1.740683148,453.5238927,14.51651897,0.881539319,15.3,32.65689619999996,0.0023432200000002013
174.9,407.0285725,14.69283333,1.712406305,454.9797376,14.60545415,0.886546954,15.3,32.65116510000003,0.08737917999999922
175.0,408.5077831,14.86341154,1.673067018,456.4445307,14.6948613,0.888038679,15.3,32.63674759999999,0.16855024000000007
175.10000000000002,410.0040272,15.0297245,1.627748943,457.9183655,14.78402531,0.885656912,15.3,32.6143383,0.24569918999999985
175.20000000000002,411.5167039,15.19089986,1.576615283,459.4013357,14.8732322,0.878756072,15.3,32.584631800000025,0.3176676599999997
175.3,413.0452121,15.34621068,1.521119935,460.8934731,14.96126631,0.867207042,15.3,32.54826099999998,0.38494437000000126
175.4,414.588951,15.49551155,1.462716795,462.3945615,15.04791312,0.851556056,15.3,32.5056105,0.4475984299999993
175.5,416.1473194,15.6388025,1.402859759,463.9043227,15.1327078,0.831197344,15.3,32.45700330000001,0.5060947000000002
175.60000000000002,417.7197164,15.77608351,1.342760407,465.4224785,15.21518552,0.808156957,15.3,32.40276210000003,0.5608979899999991
175.70000000000002,419.3055411,15.90735458,1.282661054,466.9487507,15.29495895,0.782792474,15.3,32.34320959999998,0.61239563
175.8,420.9041923,16.03261572,1.222561702,468.4828612,15.3719506,0.755878595,15.3,32.27866890000003,0.6606651199999991
175.9,422.5150692,16.15186692,1.16246235,470.0245317,15.44616049,0.728190018,15.3,32.20946249999999,0.7057064299999993
176.0,424.1375707,16.26510819,1.102362998,471.5734841,15.51758861,0.700372324,15.3,32.13591339999995,0.7475195799999987
176.10000000000002,425.7710958,16.37233952,1.042263646,473.1294403,15.58623495,0.672554631,15.3,32.05834449999999,0.7861045700000009
176.20000000000002,427.4150435,16.47356092,0.982231907,474.692122,15.65209953,0.644736937,15.3,31.97707849999996,0.8214613900000014
176.3,429.0688129,16.56877238,0.92260585,476.2612511,15.71518234,0.616919243,15.3,31.89243819999997,0.8535900399999985
176.4,430.731803,16.6579739,0.863791156,477.8365494,15.77548338,0.58910155,15.3,31.80474640000001,0.8824905199999975
176.5,432.4034127,16.74120606,0.806193507,479.4177387,15.83300265,0.561283856,15.3,31.714325999999982,0.9082034100000005
176.60000000000002,434.083041,16.8186717,0.750218584,481.0045408,15.88774015,0.533544212,15.3,31.62149979999999,0.9309315499999986
176.70000000000002,435.7700871,16.89061421,0.696272068,482.5966776,15.93969588,0.506272863,15.3,31.526590500000008,0.9509183299999986
176.8,437.4639498,16.95727702,0.644692028,484.1938708,15.98886985,0.479938105,15.3,31.42992099999999,0.968407169999999
176.9,439.1640606,17.01890353,0.595546077,485.7958424,16.03530887,0.455008233,15.3,31.331781799999998,0.9835946599999978
177.0,440.8699809,17.07573714,0.548766602,487.4023141,16.0792471,0.431951544,15.3,31.23233320000004,0.9964900400000012
177.10000000000002,442.5813043,17.12802128,0.504015534,489.0130078,16.12096551,0.411236333,15.3,31.131703500000025,1.0070557699999974
177.20000000000002,444.2976246,17.17599934,0.460887192,490.6276452,16.16074509,0.393252845,15.3,31.03002060000001,1.0152542500000017
177.3,446.0185355,17.21987417,0.418975895,492.2459857,16.19886681,0.37807913,15.3,30.92745020000002,1.0210073600000023
177.4,447.7436308,17.25968634,0.377875961,493.8679385,16.23561164,0.365637139,15.3,30.824307699999974,1.0240747
177.5,449.4725041,17.29543584,0.337181709,495.49345,16.27126057,0.355536626,15.3,30.720945900000014,1.0241752700000006
177.60000000000002,451.2047493,17.32712268,0.29655507,497.1224669,16.30609458,0.347309295,15.3,30.617717600000002,1.0210280999999988
177.70000000000002,452.93996,17.35474686,0.255928431,498.7549359,16.3403478,0.34048685,15.3,30.514975900000035,1.0143990599999988
177.8,454.67773,17.37830837,0.215301792,500.3908034,16.37406707,0.334600997,15.3,30.413073399999984,1.0042413000000003
177.9,456.417653,17.39780722,0.174675153,502.0300163,16.40725239,0.329183439,15.3,30.312363300000026,0.9905548300000007
178.0,458.1593227,17.4132434,0.134048514,503.6725209,16.43990376,0.32384393,15.3,30.213198199999976,0.973339639999999
178.10000000000002,459.902333,17.42461692,0.093421875,505.318264,16.47202117,0.318504421,15.3,30.115931,0.9525957499999969
178.20000000000002,461.6462775,17.43192777,0.052945225,506.9671921,16.50360464,0.313164912,15.3,30.02091459999998,0.9283231300000025
178.3,463.3907499,17.43517597,0.013368507,508.6192519,16.53465416,0.307825404,15.3,29.92850199999999,0.9005218100000008
178.4,465.135344,17.43436149,-0.024408347,510.2743899,16.56516972,0.302485895,15.3,29.83904590000004,0.8691917700000005
178.5,466.8796535,17.42957435,-0.059485404,511.9325528,16.59515133,0.297146386,15.3,29.752899299999978,0.8344230199999991
178.60000000000002,468.6232722,17.4212645,-0.090962732,513.5936872,16.624599,0.291806877,15.3,29.670415000000002,0.7966654999999996
178.70000000000002,470.3657937,17.40997191,-0.117940399,515.2577396,16.65351271,0.286445098,15.3,29.591945900000052,0.7564591999999983
178.8,472.1068119,17.39623653,-0.140375175,516.9246567,16.68189247,0.280949695,15.3,29.51784479999999,0.7143440599999984
178.9,473.8459925,17.38059833,-0.155996931,518.594385,16.70973828,0.275187045,15.3,29.448392499999965,0.6708600500000017
179.0,475.5832891,17.36359725,-0.167075796,520.2668713,16.73703678,0.269023523,15.3,29.383582200000046,0.6265604700000011
179.10000000000002,477.3187274,17.34534924,-0.173655,521.9420621,16.76372115,0.262325507,15.3,29.323334700000043,0.5816280900000024
179.20000000000002,479.0523332,17.32766634,-0.176634475,523.6199039,16.78971122,0.254959373,15.3,29.267570700000032,0.5379551199999995
179.3,480.7841322,17.30972643,-0.176829009,525.3003434,16.81492682,0.246813768,15.3,29.216211199999986,0.49479961000000117
179.4,482.51415,17.29204353,-0.174687253,526.9833166,16.83928778,0.23786642,15.3,29.169166599999993,0.45275575000000146
179.5,484.2424124,17.27461764,-0.172973849,528.6687165,16.86271391,0.228139601,15.3,29.12630409999998,0.4119037299999988
179.60000000000002,485.968945,17.25744876,-0.170403742,530.3564257,16.88512504,0.217744664,15.3,29.087480700000025,0.3723237200000007
179.70000000000002,487.6937736,17.24053689,-0.167833635,532.0463265,16.906441,0.206815233,15.3,29.052552899999977,0.3340958900000004
179.8,489.4169239,17.22388203,-0.165263528,533.7383015,16.92659498,0.19548493,15.3,29.02137760000006,0.2972870499999978
179.9,491.1384215,17.20748419,-0.162693421,535.4322332,16.94557362,0.18388738,15.3,28.993811700000048,0.26191056999999773
180.0,492.8582922,17.19134335,-0.160123314,537.1280039,16.96337692,0.172156207,15.3,28.96971169999996,0.2279664299999986
180.10000000000002,494.5765617,17.17545952,-0.157553207,538.8254962,16.98000486,0.160402763,15.3,28.94893449999996,0.19545465999999934
180.20000000000002,496.2932556,17.15983271,-0.1549831,540.5245926,16.99545747,0.148649318,15.3,28.931336999999996,0.16437523999999826
180.3,498.0083997,17.1444629,-0.152369232,542.2251754,17.00973473,0.136895874,15.3,28.916775700000027,0.13472816999999893
180.4,499.7220197,17.12935011,-0.149492792,543.9271272,17.02283664,0.12514243,15.3,28.905107499999996,0.10651346999999944
180.5,501.4341412,17.11449433,-0.146091211,545.6303304,17.03476321,0.113388986,15.3,28.896189200000048,0.07973111999999816
180.60000000000002,503.14479,17.09992181,-0.141901917,547.3346675,17.04551444,0.101635542,15.3,28.889877500000022,0.054407369999999844
180.70000000000002,504.8539918,17.08576385,-0.136662341,549.040021,17.05509032,0.089882098,15.3,28.886029200000007,0.03067352999999784
180.8,506.5617723,17.07217798,-0.13010991,550.7462732,17.06349086,0.078225173,15.3,28.884500900000045,0.008687119999997606
180.9,508.2681571,17.05932175,-0.122025817,552.4533068,17.07071605,0.067147368,15.3,28.885149699999953,-0.011394300000002744
181.0,509.9731931,17.04735271,-0.112366299,554.1610041,17.0767659,0.057227802,15.3,28.88781100000001,-0.029413190000003198
181.10000000000002,511.6770108,17.03642838,-0.101175118,555.8692477,17.08169832,0.049045593,15.3,28.892236899999954,-0.04526994000000073
181.20000000000002,513.3797621,17.02670632,-0.088671083,557.5779199,17.08580286,0.043179862,15.3,28.89815779999999,-0.05909654000000231
181.3,515.0815986,17.01834407,-0.075116764,559.2869032,17.089427,0.040209727,15.3,28.905304599999976,-0.07108292999999932
181.4,516.7826722,17.01147291,-0.060774734,560.9960802,17.09291822,0.040617788,15.3,28.91340800000007,-0.08144531000000299
181.5,518.4831345,17.0061191,-0.045907562,562.7053796,17.09662397,0.044500565,15.3,28.92224510000001,-0.09050487000000018
181.60000000000002,520.1831374,17.00228265,-0.030777819,564.4149155,17.10089174,0.051761538,15.3,28.93177810000004,-0.09860909000000007
181.70000000000002,521.8828324,16.99996354,-0.015604314,566.1248484,17.10606899,0.061918107,15.3,28.942016000000034,-0.10610545000000116
181.8,523.5823714,16.99916178,-0.00043081,567.8353387,17.1125032,0.074391153,15.3,28.95296729999991,-0.11334141999999758
181.9,525.2819061,16.99987738,0.014742695,569.5465468,17.12048393,0.088601557,15.3,28.964640699999972,-0.12060654999999798
182.0,526.9815882,17.00211032,0.0299162,571.2586333,17.13006908,0.1039702,15.3,28.97704510000001,-0.1279587599999985
182.10000000000002,528.6815695,17.00586062,0.045089704,572.9717584,17.14125866,0.119917962,15.3,28.990188899999975,-0.13539803999999833
182.20000000000002,530.3820016,17.01112826,0.060263209,574.6860828,17.15405267,0.135962244,15.3,29.00408120000004,-0.1429244099999991
182.3,532.0830364,17.01791326,0.075378522,576.4017668,17.16845111,0.152006526,15.3,29.01873040000005,-0.1505378499999992
182.4,533.7848256,17.02621561,0.090144685,578.1189708,17.18445398,0.168050808,15.3,29.03414520000008,-0.1582383699999994
182.5,535.4875209,17.0360353,0.104212549,579.8378553,17.20206127,0.18409509,15.3,29.05033439999995,-0.16602596999999975
182.60000000000002,537.191274,17.04733744,0.117232964,581.5585808,17.221273,0.200139372,15.3,29.067306799999937,-0.17393556000000032
182.70000000000002,538.8962367,17.05994743,0.12885678,583.2813077,17.24208915,0.216183654,15.3,29.085070999999925,-0.18214172000000062
182.8,540.6025607,17.07365579,0.138930015,585.0061964,17.26450973,0.232146913,15.3,29.103635699999995,-0.19085394000000022
182.9,542.3103977,17.08825304,0.146826343,586.7334075,17.28853473,0.247624036,15.3,29.123009800000045,-0.20028168999999707
183.0,544.0198716,17.10352967,0.15232267,588.4631012,17.31416417,0.262128886,15.3,29.143229599999994,-0.21063450000000117
183.10000000000002,545.7309944,17.11939331,0.156032426,590.1954381,17.34134942,0.275175326,15.3,29.16444370000006,-0.2219561100000007
183.20000000000002,547.4437503,17.13543324,0.157996433,591.9305786,17.36984742,0.286681741,15.3,29.186828299999956,-0.23441417999999814
183.3,549.1581233,17.15134103,0.158563842,593.6686831,17.39936648,0.294948431,15.3,29.210559799999896,-0.2480254500000001
183.4,550.8740977,17.16727525,0.157888633,595.4099122,17.42961492,0.300783846,15.3,29.235814500000014,-0.26233966999999936
183.5,552.5916577,17.1830509,0.156655325,597.1543873,17.46054378,0.303702442,15.3,29.26272960000001,-0.27749287999999694
183.60000000000002,554.3107872,17.19866798,0.155377971,598.9020744,17.49113323,0.303785241,15.3,29.291287199999896,-0.29246524999999934
183.70000000000002,556.0314705,17.21412649,0.153792289,600.6529006,17.52181973,0.301437358,15.3,29.321430099999997,-0.307693239999999
183.8,557.7536918,17.22942644,0.152206607,602.4067931,17.55206888,0.296740407,15.3,29.353101300000002,-0.3226424399999992
183.9,559.4774351,17.24456781,0.150620926,604.1636789,17.58163762,0.291394089,15.3,29.386243800000056,-0.33706980999999914
184.0,561.2026846,17.25955062,0.149035244,605.9234852,17.61047734,0.284670977,15.3,29.42080059999996,-0.35092672000000036
184.10000000000002,562.9294245,17.27437486,0.147449563,607.6861389,17.63858802,0.277461729,15.3,29.456714399999964,-0.3642131599999985
184.20000000000002,564.6576389,17.28904054,0.145863881,609.4515673,17.66596968,0.270171457,15.3,29.493928399999913,-0.37692914000000144
184.3,566.3873119,17.30354764,0.144072967,611.2196974,17.69262231,0.262881186,15.3,29.532385499999986,-0.3890746699999994
184.4,568.1184277,17.31789618,0.14105066,612.9904562,17.71854592,0.255590915,15.3,29.572028500000055,-0.40064973999999864
184.5,569.8509704,17.33208614,0.135565567,614.7637711,17.7437405,0.248300643,15.3,29.612800699999934,-0.41165436
184.60000000000002,571.5849242,17.3459944,0.126386295,616.5395689,17.76820605,0.241010372,15.3,29.654644699999903,-0.42221165000000127
184.70000000000002,573.3202732,17.35900526,0.112281451,618.3177768,17.79194257,0.2337201,15.3,29.697503600000072,-0.4329373099999998
184.8,575.0570016,17.37037988,0.092019641,620.0983219,17.81495007,0.226429829,15.3,29.741320299999938,-0.44457018999999676
184.9,576.7950934,17.37937942,0.064574705,621.8811313,17.83722854,0.21921477,15.3,29.78603789999995,-0.45784912000000233
185.0,578.5344344,17.38526505,0.02974141,623.6661321,17.85877798,0.212450988,15.3,29.831697700000017,-0.4735129299999983
185.10000000000002,580.2745161,17.38729793,-0.01227501,625.4532514,17.87959839,0.206778836,15.3,29.87873529999997,-0.4923004600000027
185.20000000000002,582.0147316,17.38473923,-0.060448397,627.2424163,17.89973491,0.202082355,15.3,29.92768469999994,-0.5149956799999984
185.3,583.754474,17.37685011,-0.113547355,629.0335539,17.91941316,0.199380058,15.3,29.979079900000055,-0.5425630500000018
185.4,585.4931363,17.36301487,-0.170340493,630.8265912,17.93901737,0.198934141,15.3,30.033454900000105,-0.5760024999999978
185.5,587.2301116,17.34311038,-0.229596416,632.6214555,17.95847795,0.201120668,15.3,30.091343900000037,-0.6153675700000001
185.60000000000002,588.964793,17.31713663,-0.290083733,634.4181098,17.97840601,0.206014851,15.3,30.153316800000038,-0.6612693800000002
185.70000000000002,590.6965735,17.28509363,-0.350776282,636.2166618,17.99895888,0.2133524,15.3,30.220088299999997,-0.7138652500000013
185.8,592.4248463,17.24698138,-0.411468831,638.0172552,18.02040731,0.223324487,15.3,30.29240890000001,-0.7734259299999984
185.9,594.1490044,17.20279987,-0.47216138,639.8200338,18.04302207,0.234912599,15.3,30.371029400000065,-0.8402221999999995
186.0,595.8684409,17.1525491,-0.532853929,641.6251411,18.06702881,0.24785454,15.3,30.456700199999954,-0.9144797099999984
186.10000000000002,597.5825489,17.09622908,-0.593546478,643.432721,18.09247264,0.261699033,15.3,30.550172100000008,-0.9962435599999999
186.20000000000002,599.2907214,17.0338398,-0.654239027,645.2429171,18.11935357,0.275994802,15.3,30.652195699999947,-1.0855137700000022
186.3,600.9923515,16.96538127,-0.714931576,647.0558731,18.1476716,0.290365784,15.3,30.763521599999944,-1.1822903299999972
186.4,602.6868322,16.89085349,-0.774370421,648.8717329,18.17742673,0.304736766,15.3,30.884900699999957,-1.2865732399999992
186.5,604.3735568,16.81025645,-0.816543409,650.6906399,18.20861896,0.319107748,15.3,31.01708309999999,-1.3983625099999983
186.60000000000002,606.0519182,16.72359015,-0.863159229,652.5127381,18.24124828,0.33347873,15.3,31.160819899999932,-1.517658130000001
186.70000000000002,607.7213094,16.63160683,-0.87746475,654.3381711,18.2753147,0.347849712,15.3,31.316861699999958,-1.64370787
186.8,609.3811237,16.54391376,-0.861681388,656.1670825,18.31081822,0.362220693,15.3,31.485958800000002,-1.7669044600000028
186.9,611.030754,16.44748574,-0.808286922,657.9996161,18.34775884,0.376591675,15.3,31.668862100000023,-1.9002730999999997
187.0,612.6695935,16.36437464,-0.711012834,659.8359157,18.38613656,0.390908577,15.3,31.866322199999967,-2.0217619199999994
187.10000000000002,614.2976369,16.29324762,-0.578349059,661.6761249,18.42595137,0.404900996,15.3,32.07848799999995,-2.132703750000001
187.20000000000002,615.9172863,16.238618,-0.382318388,663.5203874,18.46720329,0.418244452,15.3,32.303101100000006,-2.2285852900000016
187.3,617.5315454,16.20499913,-0.158420251,665.368847,18.50985985,0.430614462,15.3,32.537301599999935,-2.3048607200000006
187.4,619.1434179,16.19690432,0.09556677,667.2216474,18.55375882,0.441686545,15.3,32.77822950000002,-2.356854499999997
187.5,620.7559075,16.2180947,0.372120453,669.0789322,18.59870551,0.451205305,15.3,33.02302470000002,-2.3806108099999967
187.60000000000002,622.3720181,16.26932249,0.663718577,670.9408451,18.64450523,0.458943475,15.3,33.26882700000006,-2.3751827399999996
187.70000000000002,623.9947533,16.35058768,0.962838922,672.807504,18.6909633,0.464303052,15.3,33.51275070000004,-2.3403756199999997
187.8,625.6271169,16.46189027,1.263212971,674.6789228,18.73792647,0.468020212,15.3,33.75180589999998,-2.2760362
187.9,627.2721127,16.60323027,1.56358702,676.5550893,18.78522593,0.470114962,15.3,33.982976599999986,-2.1819956599999983
188.0,628.9327443,16.77460768,1.863961069,678.4359916,18.83234065,0.470911785,15.3,34.2032473,-2.05773297
188.10000000000002,630.6120155,16.97602249,2.164335117,680.3216177,18.87951764,0.470666077,15.3,34.409602200000066,-1.9034951500000012
188.20000000000002,632.3129301,17.2074747,2.464709166,682.2119554,18.92657421,0.469659183,15.3,34.59902529999995,-1.7190995099999995
188.3,634.0384918,17.46896432,2.765083215,684.1069927,18.97351037,0.468759508,15.3,34.76850090000001,-1.5045460499999983
188.4,635.7917042,17.76049134,3.062733797,686.0067176,19.02032611,0.46755536,15.3,34.91501339999998,-1.2598347699999977
188.5,637.5755713,18.08205577,3.344043582,687.9111181,19.06702144,0.466351211,15.3,35.03554679999998,-0.9849656700000011
188.60000000000002,639.3930967,18.43365761,3.592671773,689.8201821,19.11359636,0.465147063,15.3,35.12708540000001,-0.679938749999998
188.70000000000002,641.2472841,18.81366276,3.792277572,691.7338976,19.16005085,0.463942914,15.3,35.18661349999998,-0.34638809000000137
188.8,643.1411374,19.21390085,3.926520181,693.6522525,19.20638494,0.462738765,15.3,35.21111509999999,0.0075159100000021795
188.9,645.0776601,19.62456738,3.979058804,695.5752348,19.25259861,0.461534617,15.3,35.197574699999976,0.3719687699999987
189.0,647.0598562,20.03585789,3.93627611,697.5028324,19.29869186,0.460197291,15.3,35.14297619999998,0.7371660299999974
189.10000000000002,649.089422,20.43796788,3.795448631,699.4350334,19.3446647,0.458060898,15.3,35.04561139999994,1.0933031799999995
189.20000000000002,651.1628249,20.82109289,3.559299835,701.3718256,19.39051713,0.454326372,15.3,34.909000699999936,1.43057576
189.3,653.2752252,21.17542843,3.241447052,703.313197,19.43616923,0.448194646,15.3,34.737971799999926,1.7392591999999993
189.4,655.421783,21.49117003,2.85823108,705.2591356,19.48122148,0.438866654,15.3,34.537352600000034,2.0099485500000007
189.5,657.5976584,21.76014728,2.425992717,707.2096294,19.52519443,0.425543329,15.3,34.31197100000004,2.2349528500000027
189.60000000000002,659.7980117,21.98072612,1.961072758,709.1646662,19.56760865,0.407558782,15.3,34.0666545000001,2.4131174699999995
189.70000000000002,662.0180029,22.15290653,1.479812002,711.1241702,19.60798469,0.384779835,15.3,33.80616729999993,2.5449218400000007
189.8,664.2527922,22.27668852,0.995827781,713.0878096,19.64584312,0.357339667,15.3,33.53501739999997,2.630845400000002
189.9,666.4975398,22.35207209,0.511843559,715.0551889,19.6807045,0.325904166,15.3,33.25764909999994,2.671367589999999
190.0,668.7474058,22.37905723,0.027859337,717.0259125,19.71208938,0.291272399,15.3,32.97850669999998,2.6669678500000025
190.10000000000002,670.9975504,22.35764395,-0.456124885,718.9995848,19.73959823,0.254243432,15.3,32.70203439999996,2.6180457200000014
190.20000000000002,673.2431338,22.28783225,-0.940109107,720.9758101,19.76315115,0.215616332,15.3,32.43267629999998,2.5246811000000022
190.3,675.4793161,22.16962213,-1.424093329,722.954193,19.78274813,0.176190165,15.3,32.17487690000003,2.386873999999999
190.4,677.7012575,22.00301359,-1.905245757,724.9343377,19.79838918,0.13663082,15.3,31.933080200000017,2.2046244099999974
190.5,679.904118,21.78800662,-2.369407422,726.9158488,19.8100743,0.097071476,15.3,31.71173080000001,1.9779323200000007
190.60000000000002,682.083058,21.52460123,-2.799587562,728.8983306,19.81780348,0.057512131,15.3,31.515272599999957,1.7067977499999998
190.70000000000002,684.2332375,21.2144965,-3.178795413,730.8813874,19.82157672,0.017952787,15.3,31.34814990000002,1.3929197799999997
190.8,686.3498167,20.8661878,-3.490040213,732.8646239,19.82139404,-0.021606558,15.3,31.21480719999995,1.0447937599999975
190.9,688.4279557,20.48986959,-3.716331198,734.8476442,19.81725541,-0.061165902,15.3,31.119688500000006,0.6726141800000001
191.0,690.4628148,20.09573634,-3.8435094,736.8300529,19.80916085,-0.100725247,15.3,31.067238100000008,0.28657548999999705
191.10000000000002,692.4509133,19.69398249,-3.868743025,738.8114544,19.79711036,-0.140020157,15.3,31.060541099999977,-0.10312787000000156
191.20000000000002,694.3942077,19.29480251,-3.794863867,740.791453,19.78110394,-0.177728462,15.3,31.097245300000008,-0.48630143000000103
191.3,696.2960137,18.90839086,-3.636030894,742.7696531,19.76114158,-0.212263557,15.3,31.173639400000024,-0.8527507199999995
191.4,698.1596471,18.54494198,-3.40923487,744.7456592,19.73738194,-0.242038835,15.3,31.286012099999947,-1.192439959999998
191.5,699.9884235,18.21295127,-3.131466558,746.7190757,19.71061833,-0.265467692,15.3,31.430652200000008,-1.4976670599999977
191.60000000000002,701.7856587,17.9141178,-2.81971672,748.689507,19.68180272,-0.280963522,15.3,31.60384830000005,-1.7676849200000007
191.70000000000002,703.5546684,17.64844157,-2.490976119,750.6565575,19.65188706,-0.287204154,15.3,31.801889099999993,-2.0034454900000007
191.8,705.2987684,17.41592258,-2.159403724,752.6199585,19.62182332,-0.283925155,15.3,32.021190100000084,-2.2059007400000006
191.9,707.0212743,17.21656083,-1.827831329,754.579949,19.59256346,-0.271390957,15.3,32.2586747000001,-2.376002630000002
192.0,708.7255019,17.05035631,-1.496258934,756.5368951,19.56505945,-0.250923733,15.3,32.5113932,-2.514703139999998
192.10000000000002,710.414767,16.91730904,-1.16468654,758.4911628,19.54026324,-0.224110087,15.3,32.7763958,-2.6229542000000023
192.20000000000002,712.0923851,16.81741901,-0.833114145,760.4431179,19.51896815,-0.192536625,15.3,33.05073279999995,-2.701549140000001
192.3,713.7616722,16.75068621,-0.50154175,762.3931265,19.50133282,-0.157789953,15.3,33.331454299999976,-2.750646609999997
192.4,715.4259438,16.71711066,-0.169969355,764.3415546,19.48735727,-0.121456675,15.3,33.61561079999997,-2.770246610000001
192.5,717.0885157,16.71669234,0.160142299,766.2887681,19.47704149,-0.084858963,15.3,33.90025239999996,-2.7603491499999997
192.60000000000002,718.7527036,16.74943126,0.481489514,768.235133,19.47038548,-0.048261251,15.3,34.182429400000004,-2.7209542199999994
192.70000000000002,720.4218233,16.81532743,0.785307849,770.1810153,19.46738924,-0.011663539,15.3,34.45919199999999,-2.6520618099999993
192.8,722.0991905,16.91350439,1.062832864,772.1267809,19.46805277,0.024934173,15.3,34.72759040000001,-2.55454838
192.9,723.7881208,17.03957992,1.305300119,774.0727959,19.47237607,0.061531885,15.3,34.98467509999996,-2.432796149999998
193.0,725.4919301,17.18829537,1.511535938,776.0194263,19.48035915,0.098129597,15.3,35.227496199999976,-2.292063780000003
193.10000000000002,727.2139341,17.35439206,1.65146433,777.9670379,19.49200199,0.133595678,15.3,35.45310380000008,-2.13760993
193.20000000000002,728.9567473,17.53261134,1.746396846,779.9159968,19.50730461,0.159125783,15.3,35.65924950000006,-1.9746932699999995
193.3,730.7201796,17.72224899,1.790203462,781.8666689,19.52626699,0.182319483,15.3,35.84648929999999,-1.8040179999999992
193.4,732.5033399,17.90438298,1.790187878,783.8194203,19.54821018,0.183831261,15.3,36.016080400000035,-1.6438272000000005
193.5,734.3053369,18.08741803,1.755114534,785.7746169,19.56785154,0.162584595,15.3,36.169279999999915,-1.480433510000001
193.60000000000002,736.1252795,18.26241744,1.686157107,787.7326246,19.58975084,0.112889875,15.3,36.30734509999998,-1.3273334000000006
193.70000000000002,737.9622765,18.42850478,1.614852327,789.6938095,19.60230075,0.030189119,15.3,36.431533000000016,-1.1737959700000005
193.8,739.8154365,18.58568006,1.527192343,791.6580824,19.60485536,-0.082402937,15.3,36.54264589999998,-1.019175299999997
193.9,741.6838685,18.73394325,1.438071619,793.6235334,19.59400092,-0.237227207,15.3,36.63966490000003,-0.8600576699999998
194.0,743.5666812,18.87329438,1.348950896,795.5877975,19.56632365,-0.415886442,15.3,36.72111630000002,-0.6930292700000003
194.10000000000002,745.4629834,19.00373343,1.259830172,797.5485095,19.51840978,-0.617304121,15.3,36.78552610000004,-0.5146763499999985
194.20000000000002,747.3718839,19.12526041,1.170709449,799.5033046,19.44741451,-0.835790633,15.3,36.83142070000004,-0.32215410000000233
194.3,749.2924915,19.23787532,1.081588725,801.4498176,19.35276888,-1.065656366,15.3,36.85732609999998,-0.11489355999999873
194.4,751.223915,19.34157816,0.992468001,803.3856835,19.23447289,-1.301211711,15.3,36.8617685,0.1071052700000017
194.5,753.1652632,19.43636892,0.903562689,805.3085374,19.09252654,-1.537715324,15.3,36.843274199999954,0.3438423799999981
194.60000000000002,755.1156449,19.52224761,0.815949847,807.216014,18.92692983,-1.774218937,15.3,36.80036909999997,0.595317780000002
194.70000000000002,757.0741688,19.59921423,0.730921943,809.1057485,18.73768275,-2.01072255,15.3,36.731579699999955,0.86153148
194.8,759.0399437,19.66739803,0.649771447,810.9753758,18.52478532,-2.247226163,15.3,36.635432100000074,1.1426127100000016
194.9,761.0120786,19.72744523,0.573790829,812.8225308,18.28823752,-2.483729776,15.3,36.51045219999999,1.4392077100000016
195.0,762.989682,19.78013132,0.504272557,814.6448485,18.02803936,-2.720233389,15.3,36.35516649999995,1.7520919599999978
195.10000000000002,764.9718629,19.82623179,0.442293691,816.4399638,17.74419084,-2.956737002,15.3,36.16810089999997,2.0820409499999997
195.20000000000002,766.9578335,19.86652211,0.38806964,818.2055118,17.43669196,-3.191000335,15.3,35.947678299999964,2.4298301499999972
195.3,768.9472194,19.90177777,0.341384994,819.9391274,17.10554272,-3.411821988,15.3,35.69190799999997,2.79623505
195.4,770.9397499,19.93277424,0.301162696,821.6384455,16.75074312,-3.605760282,15.3,35.398695599999954,3.1820311200000013
195.5,772.9351542,19.96028701,0.266110274,823.3011012,16.37363732,-3.759373537,15.3,35.065946999999895,3.586649689999998
195.60000000000002,774.9331614,19.98496232,0.234935261,824.9247293,15.98094617,-3.859220073,15.3,34.69156789999995,4.004016150000002
195.70000000000002,776.9335008,20.00692941,0.206345187,826.5069649,15.58073467,-3.891858211,15.3,34.27346409999991,4.4261947400000015
195.8,778.9359014,20.02618828,0.179047581,828.0454429,15.18106784,-3.84608655,15.3,33.80954149999998,4.845120439999999
195.9,780.9400925,20.04273892,0.151965388,829.5388737,14.79001068,-3.719664811,15.3,33.298781199999965,5.2527282400000015
196.0,782.9458033,20.05658135,0.124883194,830.9902687,14.41562819,-3.514833274,15.3,32.74446540000004,5.640953159999999
196.10000000000002,784.9527629,20.06771556,0.097801001,832.4037151,14.06598539,-3.242793338,15.3,32.15095219999996,6.00173017
196.20000000000002,786.9607005,20.07614155,0.070718807,833.7832998,13.74914728,-2.916986684,15.3,31.52259929999998,6.326994269999998
196.3,788.9693453,20.08185932,0.043636614,835.1331097,13.47183471,-2.550854991,15.3,30.86376439999999,6.61002461
196.4,790.9784265,20.08486888,0.01655442,836.4572319,13.23539184,-2.157839938,15.3,30.178805400000055,6.849477039999998
196.5,792.9876732,20.08517021,-0.010461623,837.7597532,13.03981867,-1.751383205,15.3,29.47207999999996,7.04535154
196.60000000000002,794.9968147,20.08276332,-0.037080761,839.0447608,12.8851152,-1.342686192,15.3,28.74794609999999,7.197648120000002
196.70000000000002,797.00558,20.07764822,-0.062906092,840.3163414,12.77128143,-0.93398918,15.3,28.010761400000046,7.30636679
196.8,799.0136984,20.06986458,-0.087540709,841.5785822,12.69831736,-0.525292167,15.3,27.264883800000074,7.37154722
196.9,801.0208991,20.05961087,-0.110587711,842.8355701,12.66622299,-0.116595155,15.3,26.51467100000009,7.393387880000001
197.0,803.0269112,20.04712522,-0.131650191,844.091392,12.67499833,0.292101858,15.3,25.76448080000007,7.372126890000002
197.10000000000002,805.0314639,20.03264578,-0.150397397,845.3501349,12.72464336,0.70079887,15.3,25.018670999999994,7.308002419999999
197.20000000000002,807.0343182,20.0164107,-0.166763179,846.6158858,12.8151581,1.109495883,15.3,24.28156759999997,7.201252600000002
197.3,809.0353619,19.9986581,-0.180813686,847.8927316,12.94654254,1.515943989,15.3,23.55736970000005,7.052115560000001
197.4,811.0345148,19.97962614,-0.192879672,849.1847594,13.11879668,1.908898657,15.3,22.85024459999995,6.86082946
197.5,813.0316966,19.95955296,-0.203358042,850.4960561,13.33192052,2.274866447,15.3,22.1643595,6.627632439999999
197.60000000000002,815.026827,19.93863701,-0.212645699,851.8307087,13.58456472,2.600353922,15.3,21.50388169999992,6.354072290000001
197.70000000000002,817.0198256,19.91691798,-0.221139548,853.1928041,13.86998256,2.871867643,15.3,20.8729785,6.0469354200000005
197.8,819.0106121,19.89439587,-0.229236493,854.5864293,14.18007797,3.075914171,15.3,20.27581719999996,5.714317900000001
197.9,820.9991063,19.87107068,-0.237267287,856.0156713,14.50675489,3.201248974,15.3,19.716565000000013,5.364315789999999
198.0,822.9852278,19.84694241,-0.245298081,857.4835376,14.84191727,3.245623147,15.3,19.198309800000015,5.005025140000001
198.10000000000002,824.9688963,19.82201107,-0.253328875,858.9887177,15.17746903,3.211285594,15.3,18.719821400000068,4.644542039999999
198.20000000000002,826.9500315,19.79627664,-0.261359669,860.5288218,15.50531411,3.109480849,15.3,18.278790299999923,4.290962529999998
198.3,828.9285532,19.76973913,-0.269390463,862.10146,15.81735645,2.953702349,15.3,17.872906799999964,3.9523826800000013
198.4,830.9043809,19.74239855,-0.277421258,863.7042425,16.10684933,2.757443534,15.3,17.499861599999985,3.6355492200000015
198.5,832.8774344,19.71425488,-0.285452052,865.3347793,16.3724434,2.534197842,15.3,17.157344900000066,3.341811479999997
198.60000000000002,834.8476334,19.68530813,-0.294410081,866.9906806,16.61413868,2.297458712,15.3,16.84304720000007,3.0711694499999993
198.70000000000002,836.8148976,19.65555831,-0.308931523,868.6695564,16.83193515,2.058470675,15.3,16.554658800000038,2.8236231600000004
198.8,838.7791466,19.62500541,-0.334579789,870.369017,17.02583281,1.819482638,15.3,16.289870399999995,2.5991725999999993
198.9,840.7403002,19.59309308,-0.376918291,872.0866724,17.19583167,1.580494601,15.3,16.046372200000018,2.3972614099999987
199.0,842.698278,19.55703963,-0.441510443,873.8201328,17.34193173,1.341506564,15.3,15.82185480000005,2.2151078999999996
199.10000000000002,844.6529998,19.51350701,-0.533919655,875.5670082,17.46413299,1.102518527,15.3,15.614008400000056,2.049374020000002
199.20000000000002,846.6043852,19.45915716,-0.658782105,877.3249088,17.56243544,0.86353049,15.3,15.420523599999978,1.8967217199999986
199.3,848.5519089,19.39065204,-0.817025028,879.0914446,17.63683908,0.625690305,15.3,15.2395357000001,1.7538129599999976
199.4,850.4932651,19.30465361,-1.007721189,880.864226,17.68734393,0.394737234,15.3,15.0709609,1.6173096799999982
199.5,852.4257032,19.19782382,-1.226234411,882.6408628,17.71394997,0.177558391,15.3,14.915159599999992,1.4838738499999984
199.60000000000002,854.3464724,19.06682461,-1.467001281,884.4189654,17.71734591,-0.01895911,15.3,14.772493000000008,1.3494787000000024
199.70000000000002,856.2528218,18.90887429,-1.724458389,886.1961437,17.70097533,-0.192807823,15.3,14.6433219,1.2078989600000014
199.8,858.1420009,18.72341651,-1.99304232,887.9700079,17.66897047,-0.322461631,15.3,14.52800700000007,1.0544460399999984
199.9,860.0112589,18.51045128,-2.267189664,889.7381681,17.62546362,-0.416820275,15.3,14.426909200000022,0.8849876600000002
200.0,861.8578449,18.26997858,-2.542264243,891.4987855,17.57165923,-0.469856235,15.3,14.340940600000021,0.6983193499999985
200.10000000000002,863.6790083,18.00199843,-2.817338822,893.2522249,17.52047299,-0.482717364,15.3,14.273216600000023,0.4815254400000022
200.20000000000002,865.4719983,17.70651082,-3.092413401,894.9994023,17.46725375,-0.461142924,15.3,14.227404000000046,0.23925706999999719
200.3,867.2340642,17.38351575,-3.36748798,896.7412337,17.41906159,-0.40714036,15.3,14.207169499999917,-0.0355458399999975
200.4,868.9624552,17.03301322,-3.642562559,898.478635,17.37934005,-0.34223579,15.3,14.216179800000031,-0.34632682999999886
200.5,870.6544206,16.65500324,-3.917637138,900.2125221,17.34877786,-0.258677324,15.3,14.25810150000002,-0.6937746199999992
200.60000000000002,872.3072096,16.24948579,-4.189604366,901.9438109,17.32737502,-0.168231744,15.3,14.336601300000051,-1.0778892300000003
200.70000000000002,873.9180715,15.81646089,-4.442927485,903.6734174,17.31513152,-0.076638311,15.3,14.455345899999951,-1.4986706300000012
200.8,875.4842555,15.35592853,-4.644954646,905.4022575,17.31204736,0.014955121,15.3,14.618002,-1.9561188300000012
200.9,877.0030109,14.86975313,-4.819064961,907.1312472,17.31812254,0.106548553,15.3,14.828236299999912,-2.4483694100000015
201.0,878.471587,14.36725673,-4.9045911,908.8613024,17.33335707,0.198141985,15.3,15.0897154,-2.9661003400000023
201.10000000000002,879.8872329,13.86803045,-4.896896696,910.5933389,17.35775094,0.289735418,15.3,15.40610600000009,-3.48972049
201.20000000000002,881.247198,13.35804682,-4.780444991,912.3282729,17.39130415,0.38132885,15.3,15.781074899999975,-4.03325733
201.3,882.5502231,12.87370623,-4.552128632,914.0670201,17.43401671,0.472922282,15.3,16.216796999999996,-4.560310480000002
201.4,883.801015,12.41779052,-4.229062712,915.8104965,17.48588861,0.563968639,15.3,16.709481499999992,-5.0680980899999994
201.5,885.0057721,12.00148613,-3.784760769,917.5596181,17.54691985,0.651732548,15.3,17.25384600000002,-5.545433719999998
201.60000000000002,886.170693,11.63597955,-3.279890131,919.3153008,17.61711044,0.732931557,15.3,17.844607800000016,-5.981130890000001
201.70000000000002,887.3019759,11.33059282,-2.719087165,921.0784606,17.69613212,0.804283219,15.3,18.47648469999997,-6.365539300000002
201.8,888.4058194,11.08719035,-2.120995983,922.8500132,17.78234368,0.862505083,15.3,19.144193799999993,-6.69515333
201.9,889.4884218,10.90577215,-1.504260691,924.6308748,17.87377564,0.904314701,15.3,19.842453000000045,-6.968003490000001
202.0,890.5559817,10.78633822,-0.884418048,926.4219612,17.96845854,0.926976698,15.3,20.565979500000093,-7.182120320000001
202.10000000000002,891.6146973,10.72888854,-0.264575405,928.2239258,18.0644229,0.929943999,15.3,21.30922849999997,-7.3355343600000005
202.20000000000002,892.6707673,10.73342314,0.355267237,930.0363715,18.15969926,0.91376368,15.3,22.065604200000006,-7.426276120000001
202.3,893.7303898,10.79994199,0.97510988,931.8586387,18.25231814,0.881171113,15.3,22.828248900000016,-7.452376149999999
202.4,894.7997635,10.92844511,1.594952523,933.6900677,18.34031008,0.83544875,15.3,23.590304199999945,-7.411864969999998
202.5,895.8850867,11.1189325,2.214795166,935.5299989,18.42203385,0.779879039,15.3,24.34491220000002,-7.303101349999999
202.60000000000002,896.9925579,11.37140414,2.83124693,937.3777727,18.49716121,0.717744429,15.3,25.085214800000085,-7.125757070000002
202.70000000000002,898.1283754,11.68586006,3.427353422,939.2327293,18.56569215,0.65232737,15.3,25.804353899999978,-6.879832090000001
202.8,899.2987378,12.06230023,3.982769368,941.0942093,18.62762668,0.586363236,15.3,26.49547149999996,-6.565326449999999
202.9,900.5098433,12.49869015,4.477149497,942.9615529,18.6829648,0.520399102,15.3,27.151709599999958,-6.184274650000001
203.0,901.7678906,12.98485716,4.890148535,944.8341005,18.7317065,0.454434968,15.3,27.76620989999999,-5.746849340000001
203.10000000000002,903.0790779,13.50859412,5.20142121,946.7111924,18.77385179,0.388470834,15.3,28.332114499999943,-5.265257669999999
203.20000000000002,904.4496037,14.05769384,5.394013129,948.592169,18.80940067,0.3225067,15.3,28.8425653,-4.751706829999998
203.3,905.8840389,14.61994918,5.464533411,950.4763707,18.83835313,0.256542566,15.3,29.29233180000001,-4.218403950000001
203.4,907.3804436,15.18315296,5.416372937,952.3631379,18.86070918,0.190578432,15.3,29.682694299999934,-3.6775562200000014
203.5,908.9352507,15.73509803,5.2664861,954.2518108,18.87646882,0.125392885,15.3,30.01656010000006,-3.14137079
203.60000000000002,910.5448928,16.26357721,5.035218173,956.1417298,18.88563204,0.064878854,15.3,30.29683700000005,-2.6220548299999997
203.70000000000002,912.2058027,16.75841788,4.742914427,958.0322354,18.88819885,0.016231247,15.3,30.52643269999994,-2.1297809699999988
203.8,913.9144129,17.2175855,4.409920137,959.9226678,18.8846364,-0.02344859,15.3,30.708254899999996,-1.667050900000003
203.9,915.6671563,17.64108008,4.056580574,961.8123674,18.87728044,-0.041918969,15.3,30.845211099999982,-1.2362003600000016
204.0,917.4604655,18.02890162,3.699850132,963.7006747,18.87044793,-0.037031764,15.3,30.94020919999998,-0.8415463100000018
204.10000000000002,919.2907732,18.38105011,3.34311969,965.5869298,18.86239966,-0.004894044,15.3,30.996156600000017,-0.4813495500000009
204.20000000000002,921.154512,18.69752556,2.986389248,967.470847,18.86048066,0.055272778,15.3,31.016335000000094,-0.16295510000000135
204.3,923.0481148,18.97832796,2.629658806,969.3536351,18.86597979,0.140166723,15.3,31.00552030000001,0.11234817000000064
204.4,924.9680141,19.22345732,2.272928364,971.2368769,18.88169997,0.253465035,15.3,30.968862799999965,0.34175735000000174
204.5,926.9106428,19.43291363,1.916197922,973.1221551,18.91044411,0.382926023,15.3,30.91151229999998,0.5224695200000014
204.60000000000002,928.8724334,19.6066969,1.559467481,975.0110523,18.95454796,0.526401562,15.3,30.838618899999982,0.65214894
204.70000000000002,930.8498187,19.74480713,1.204228482,976.9051513,19.01447868,0.679220135,15.3,30.75533260000004,0.7303284500000018
204.8,932.8392313,19.84724431,0.857938146,978.8060346,19.09023627,0.836710224,15.3,30.666803299999923,0.7570080400000023
204.9,934.8371041,19.91400845,0.529545134,980.7152851,19.18182073,0.9949789,15.3,30.578180999999926,0.7321877200000024
205.0,936.8398695,19.94599441,0.227998108,982.6344853,19.28923205,1.153247576,15.3,30.494615800000087,0.6567623600000019
205.10000000000002,938.8439605,19.94767652,-0.03775427,984.5652181,19.41247024,1.311516251,15.3,30.421257600000057,0.5352062800000006
205.20000000000002,940.8458096,19.92442398,-0.27001931,986.509066,19.5515353,1.469784927,15.3,30.36325639999991,0.3728886799999991
205.3,942.8418495,19.88160599,-0.427571877,988.4676117,19.70642723,1.628053602,15.3,30.325762200000053,0.17517876000000143
205.4,944.8292289,19.82459175,-0.542688444,990.442438,19.87714602,1.786322278,15.3,30.313209100000062,-0.05255427000000168
205.5,946.8079599,19.75199686,-0.605604483,992.4351275,20.06369168,1.943170684,15.3,30.327167600000006,-0.31169482000000315
205.60000000000002,948.7787705,19.68945128,-0.623777212,994.4472629,20.26606421,2.091497475,15.3,30.368492400000104,-0.5766129299999996
205.70000000000002,950.7423889,19.62206345,-0.606155292,996.4804269,20.48426361,2.222781034,15.3,30.43803799999996,-0.8622001600000004
205.8,952.6995429,19.56106129,-0.550431415,998.5362022,20.71743771,2.328499746,15.3,30.536659300000064,-1.1563764199999973
205.9,954.6509608,19.50733966,-0.499322157,1000.616171,20.96132571,2.400131994,15.3,30.6652102,-1.453986050000001
206.0,956.5973706,19.46089857,-0.428008266,1002.721917,21.21081464,2.429156164,15.3,30.824546399999985,-1.7499160699999976
206.10000000000002,958.5395003,19.42173801,-0.35520293,1004.855023,21.46079153,2.408470908,15.3,31.015522699999973,-2.039053520000003
206.20000000000002,960.4780779,19.38985799,-0.282397595,1007.016388,21.70614341,2.336655958,15.3,31.23831009999999,-2.31628542
206.3,962.4138316,19.36525849,-0.20959226,1009.204188,21.94175731,2.215131582,15.3,31.490356400000064,-2.576498820000001
206.4,964.3474894,19.34793953,-0.136786924,1011.415915,22.16252026,2.050999127,15.3,31.768425600000068,-2.8145807299999994
206.5,966.2797793,19.33790111,-0.063981589,1013.64906,22.36331929,1.852780209,15.3,32.06928069999999,-3.025418179999999
206.60000000000002,968.2114293,19.33514322,0.008823746,1015.901117,22.53989359,1.628996444,15.3,32.38968770000004,-3.2047503699999993
206.70000000000002,970.1431676,19.33966586,0.081337508,1018.169577,22.69139101,1.388169447,15.3,32.72640940000004,-3.35172515
206.8,972.0757222,19.35146903,0.152101833,1020.451934,22.81781154,1.138820834,15.3,33.07621180000008,-3.4663425100000005
206.9,974.0098212,19.37055274,0.219367281,1022.745678,22.91915517,0.888051952,15.3,33.43585679999997,-3.548602429999999
207.0,975.9461925,19.39674204,0.281384416,1025.048303,22.99542193,0.63728307,15.3,33.80211049999998,-3.5986798899999997
207.10000000000002,977.8855643,19.42916221,0.3364038,1027.357301,23.04661179,0.386514188,15.3,34.171736699999954,-3.617449579999999
207.20000000000002,979.8286646,19.46676358,0.384065971,1029.670164,23.07272476,0.135745307,15.3,34.54149940000009,-3.6059611800000013
207.3,981.7762215,19.50849651,0.418877757,1031.984384,23.07376085,-0.115023575,15.3,34.908162500000074,-3.565264339999999
207.4,983.728823,19.55331131,0.444313645,1034.297454,23.04972005,-0.365792457,15.3,35.268630999999985,-3.4964087399999997
207.5,985.6864974,19.60099232,0.459679103,1036.606867,23.00060236,-0.616561339,15.3,35.62036959999996,-3.399610039999999
207.60000000000002,987.6491331,19.64806869,0.466297372,1038.910113,22.92640778,-0.86619657,15.3,35.96097989999994,-3.278339090000003
207.70000000000002,989.6166184,19.69575039,0.465917888,1041.204687,22.82713631,-1.109029891,15.3,36.28806859999993,-3.1313859199999996
207.8,991.5888416,19.74257105,0.458900114,1043.488079,22.70278796,-1.338259395,15.3,36.59923739999995,-2.9602169099999998
207.9,993.565691,19.78827493,0.451028795,1045.757783,22.55404291,-1.547083171,15.3,36.892092000000005,-2.7657679799999997
208.0,995.5470549,19.83286204,0.440287308,1048.01129,22.38430211,-1.729641867,15.3,37.164235099999885,-2.5514400700000017
208.10000000000002,997.5328218,19.87633239,0.429119625,1050.246093,22.19764672,-1.878799283,15.3,37.41327120000001,-2.32131433
208.20000000000002,999.5228798,19.91868597,0.417951941,1052.459685,21.99815788,-1.984234701,15.3,37.63680519999998,-2.0794719100000023
208.3,1001.517117,19.95992278,0.406784258,1054.650101,21.78935119,-2.051352041,15.3,37.83298399999997,-1.829428410000002
208.4,1003.515423,20.00004282,0.395616574,1056.817555,21.57550839,-2.078791578,15.3,38.00213200000003,-1.5754655699999986
208.5,1005.517684,20.03904609,0.384448891,1058.962804,21.36350209,-2.072221571,15.3,38.14511999999998,-1.3244560000000014
208.60000000000002,1007.52379,20.0769326,0.373281207,1061.086605,21.15349089,-2.037501373,15.3,38.262815,-1.0765582900000013
208.70000000000002,1009.533629,20.11370234,0.362074164,1063.189716,20.95037177,-1.981767182,15.3,38.35608700000007,-0.8366694300000006
208.8,1011.547089,20.1493553,0.350630963,1065.272894,20.75482494,-1.916473369,15.3,38.425804999999926,-0.605469639999999
208.9,1013.564059,20.1838915,0.338715446,1067.336895,20.56685037,-1.841884272,15.3,38.47283599999987,-0.3829588699999995
209.0,1015.584426,20.21728732,0.326091454,1069.382478,20.38644808,-1.766161523,15.3,38.49805199999999,-0.16916076000000047
209.10000000000002,1017.608079,20.24942467,0.312522831,1071.410398,20.21361807,-1.690438775,15.3,38.502319000000014,0.0358066000000008
209.20000000000002,1019.634907,20.28016187,0.297773418,1073.421415,20.04836033,-1.614716026,15.3,38.48650800000003,0.2318015399999993
209.3,1021.664798,20.30935721,0.281646417,1075.416284,19.89067486,-1.538993277,15.3,38.45148599999989,0.418682350000001
209.4,1023.69762,20.336869,0.264102467,1077.395764,19.74056167,-1.463270529,15.3,38.39814400000007,0.5963073299999984
209.5,1025.733169,20.36255555,0.24518093,1079.360611,19.59802076,-1.38754778,15.3,38.32744199999998,0.764534789999999
209.60000000000002,1027.771219,20.38627517,0.225078602,1081.311582,19.46305211,-1.311885717,15.3,38.24036300000007,0.9232230600000015
209.70000000000002,1029.811544,20.40788615,0.204031642,1083.249435,19.33565575,-1.236587765,15.3,38.13789100000004,1.0722303999999987
209.8,1031.853921,20.42727042,0.182276209,1085.174927,19.21583166,-1.162018036,15.3,38.02100600000013,1.21143876
209.9,1033.898124,20.44440437,0.160048459,1087.088815,19.10354343,-1.088540643,15.3,37.89069100000002,1.3408609400000024
210.0,1035.943927,20.45928799,0.137584552,1088.991857,18.99860901,-1.016519695,15.3,37.747929999999954,1.4606789800000008
210.10000000000002,1037.991106,20.47192128,0.115081284,1090.884809,18.90080993,-0.946319305,15.3,37.59370299999996,1.571111349999999
210.20000000000002,1040.039437,20.48230425,0.092578017,1092.768429,18.80992773,-0.8782429,15.3,37.428992000000065,1.6723765200000003
210.3,1042.088692,20.49043688,0.07007475,1094.643445,18.72574393,-0.812351164,15.3,37.254752999999894,1.7646929500000006
210.4,1044.138649,20.4963192,0.047571483,1096.510469,18.64804007,-0.748583413,15.3,37.07182000000007,1.848279129999998
210.5,1046.189081,20.49995118,0.025068215,1098.370083,18.57659769,-0.686636219,15.3,36.88100200000004,1.9233534900000002
210.60000000000002,1048.239764,20.50133284,0.002564948,1100.222869,18.51119831,-0.626145472,15.3,36.683105000000026,1.9901345299999988
210.70000000000002,1050.290473,20.50046417,-0.019938319,1102.06941,18.45165989,-0.56674706,15.3,36.478937000000045,2.0488042800000024
210.8,1052.340982,20.49734517,-0.042366386,1103.910289,18.397946,-0.50807687,15.3,36.26930699999998,2.099399169999998
210.9,1054.391067,20.49197585,-0.064343251,1105.746087,18.35005665,-0.449770793,15.3,36.05501999999997,2.1419192000000002
211.0,1056.440503,20.4843562,-0.085417713,1107.577388,18.30799184,-0.3915254,15.3,35.836884999999896,2.176364360000001
211.10000000000002,1058.489064,20.47453135,-0.105138569,1109.404773,18.27175157,-0.333280008,15.3,35.61570899999988,2.20277978
211.20000000000002,1060.536525,20.46272689,-0.123054617,1111.228826,18.24133584,-0.275034615,15.3,35.392301000000046,2.2213910499999976
211.3,1062.582662,20.44921354,-0.138714657,1113.050128,18.21674465,-0.216789223,15.3,35.16746600000006,2.23246889
211.4,1064.627249,20.43426203,-0.151742686,1114.869262,18.19797799,-0.15854383,15.3,34.942013000000046,2.236284040000001
211.5,1066.670098,20.41814308,-0.162063504,1116.686811,18.18503588,-0.100298438,15.3,34.716712999999984,2.233107199999999
211.60000000000002,1068.711164,20.40112741,-0.169752312,1118.503357,18.17791831,-0.042053045,15.3,34.492193,2.223209100000002
211.70000000000002,1070.750438,20.38348574,-0.175185111,1120.319483,18.17662527,0.016102639,15.3,34.26904499999996,2.2068604700000023
211.8,1072.787912,20.36548879,-0.178813102,1122.13577,18.18115677,0.073720076,15.3,34.04785800000009,2.1843320199999994
211.9,1074.823578,20.34736216,-0.181087488,1123.952802,18.19151282,0.130261017,15.3,33.829224000000025,2.1558493399999996
212.0,1076.857427,20.32915097,-0.18245947,1125.77116,18.20763958,0.185187214,15.3,33.613733000000096,2.121511390000002
212.10000000000002,1078.889451,20.31085522,-0.18338025,1127.591428,18.22926792,0.23796042,15.3,33.401976999999945,2.081587299999999
212.20000000000002,1080.91964,20.29247492,-0.184225831,1129.414188,18.25607492,0.288042387,15.3,33.1945479999999,2.0364000000000004
212.3,1082.947988,20.27401005,-0.185071411,1131.240022,18.2877376,0.334984575,15.3,32.99203400000006,1.9862724500000013
212.4,1084.974485,20.25546063,-0.185916991,1133.069469,18.32393303,0.378697276,15.3,32.79498400000007,1.9315276000000026
212.5,1086.999122,20.23682666,-0.186762571,1134.902897,18.36433825,0.419270198,15.3,32.603775,1.872488409999999
212.60000000000002,1089.021892,20.21810812,-0.187608151,1136.74063,18.40863032,0.457151881,15.3,32.41873800000003,1.8094777999999998
212.70000000000002,1091.042786,20.19930503,-0.188289313,1138.582992,18.45648629,0.492880572,15.3,32.24020600000013,1.7428187400000006
212.8,1093.061796,20.18041737,-0.189017451,1140.430307,18.50763703,0.52699452,15.3,32.06851100000013,1.6727803399999992
212.9,1095.078912,20.16144516,-0.18953562,1142.282899,18.56202873,0.560031973,15.3,31.903987000000097,1.599416429999998
213.0,1097.094127,20.14248705,-0.188934183,1144.141092,18.61966137,0.592531177,15.3,31.746965,1.5228256800000004
213.10000000000002,1099.107432,20.12341619,-0.186961886,1146.005211,18.68053496,0.624940673,15.3,31.5977789999999,1.4428812300000011
213.20000000000002,1101.118819,20.10438675,-0.183161777,1147.875579,18.74464951,0.65735017,15.3,31.456759999999985,1.3597372400000012
213.3,1103.128279,20.08594452,-0.177241321,1149.75252,18.812005,0.689759666,15.3,31.324240999999983,1.2739395200000025
213.4,1105.135803,20.06824024,-0.16853217,1151.636359,18.88260144,0.722169163,15.3,31.200556000000187,1.185638800000003
213.5,1107.14142,20.0515481,-0.156834318,1153.52742,18.95643883,0.754578659,15.3,31.085999999999967,1.0951092700000018
213.60000000000002,1109.145305,20.03614225,-0.142676607,1155.426027,19.03351717,0.786988156,15.3,30.980721999999968,1.0026250800000014
213.70000000000002,1111.147668,20.02229688,-0.126234131,1157.332503,19.11383646,0.819397652,15.3,30.88483500000002,0.9084604199999973
213.8,1113.148719,20.01028616,-0.107963843,1159.247173,19.1973967,0.851686039,15.3,30.798453999999946,0.812889460000001
213.9,1115.14867,20.00033855,-0.088322696,1161.170362,19.28419789,0.883247766,15.3,30.72169200000003,0.7161406599999971
214.0,1117.147732,19.99249976,-0.067767642,1163.102392,19.37424003,0.913356175,15.3,30.654660000000103,0.6182597300000019
214.10000000000002,1119.146116,19.98676979,-0.046755636,1165.043589,19.46745045,0.941284607,15.3,30.597473000000218,0.5193193399999991
214.20000000000002,1121.144032,19.98314864,-0.025667471,1166.994277,19.56346583,0.966306402,15.3,30.550245000000086,0.4196828100000012
214.3,1123.141691,19.9816363,-0.004579306,1168.954778,19.66185017,0.987755249,15.3,30.513086999999995,0.31978613000000067
214.4,1125.139305,19.98223278,0.016508859,1170.925419,19.76216746,1.005531122,15.3,30.486113999999997,0.2200653199999998
214.5,1127.137083,19.98493807,0.037597024,1172.906463,19.86398173,1.017634255,15.3,30.469379999999955,0.12095633999999933
214.60000000000002,1129.135238,19.98975218,0.058685189,1174.897946,19.96689318,1.02618511,15.3,30.462707999999974,0.022859000000000407
214.70000000000002,1131.13398,19.99667511,0.079773354,1176.899842,20.07076913,1.031102668,15.3,30.46586199999997,-0.07409401999999687
214.8,1133.133519,20.00570685,0.100678739,1178.912126,20.17404638,1.033113591,15.3,30.478606999999965,-0.1683395300000008
214.9,1135.134066,20.01684741,0.120487439,1180.934775,20.27756123,1.0327019,15.3,30.50070899999987,-0.26071381999999943
215.0,1137.135834,20.03009679,0.138102769,1182.967762,20.38082907,1.030671352,15.3,30.53192800000006,-0.350732279999999
215.10000000000002,1139.139031,20.04534531,0.152428046,1185.011064,20.48384989,1.028973129,15.3,30.5720330000001,-0.43850458000000003
215.20000000000002,1141.14387,20.06204464,0.162366584,1187.064656,20.58662369,1.026502986,15.3,30.620785999999907,-0.5245790499999998
215.3,1143.150561,20.07953677,0.166821699,1189.128512,20.68915048,1.024032844,15.3,30.677951000000075,-0.6096137099999979
215.4,1145.159316,20.09716368,0.164879487,1191.202609,20.79143026,1.021562701,15.3,30.743292999999948,-0.6942665799999972
215.5,1147.170256,20.11426736,0.156357167,1193.286922,20.89346302,1.019092558,15.3,30.816665999999895,-0.7791956599999992
215.60000000000002,1149.183154,20.13018981,0.141437521,1195.381425,20.99524877,1.016622416,15.3,30.898270999999976,-0.8650589599999989
215.70000000000002,1151.197696,20.14427301,0.121034451,1197.486095,21.09678751,1.014152273,15.3,30.988399000000026,-0.9525144999999995
215.8,1153.213565,20.15585894,0.096244643,1199.600906,21.19807923,1.011734765,15.3,31.087340999999878,-1.0422202899999995
215.9,1155.230445,20.16439928,0.068164781,1201.725834,21.29912393,1.010035369,15.3,31.19538900000016,-1.134724649999999
216.0,1157.248022,20.16978435,0.037891549,1203.860855,21.39992162,1.008162967,15.3,31.31283299999991,-1.2301372700000002
216.10000000000002,1159.26598,20.17201415,0.006521633,1206.005942,21.50050388,1.007640288,15.3,31.439962000000104,-1.3284897300000011
216.20000000000002,1161.284003,20.17108868,-0.025031063,1208.161073,21.60126999,1.008380828,15.3,31.577070000000003,-1.4301813099999983
216.3,1163.301775,20.16700794,-0.05658376,1210.326221,21.70168529,1.010700393,15.3,31.724446000000125,-1.534677349999999
216.4,1165.318982,20.15977192,-0.088136457,1212.501363,21.8026634,1.014862153,15.3,31.882381000000077,-1.6428914799999994
216.5,1167.335307,20.14938064,-0.119689153,1214.686498,21.90415243,1.020516435,15.3,32.051190999999974,-1.7547717899999995
216.60000000000002,1169.350436,20.13583409,-0.15124185,1216.881729,22.00634186,1.028817527,15.3,32.23129300000001,-1.8705077699999997
216.70000000000002,1171.364052,20.11913227,-0.182794547,1219.087183,22.10942117,1.038295337,15.3,32.4231310000002,-1.9902888999999995
216.8,1173.37584,20.09927518,-0.214347243,1221.302985,22.21357985,1.049036365,15.3,32.62714500000011,-2.114304669999999
216.9,1175.385484,20.07626283,-0.245376549,1223.529264,22.3189758,1.060724808,15.3,32.84378000000011,-2.2427129699999995
217.0,1177.39267,20.0500952,-0.270619535,1225.766146,22.4256406,1.073044862,15.3,33.073475999999985,-2.3755454
217.10000000000002,1179.397081,20.0207723,-0.29487377,1228.013758,22.53357425,1.08568072,15.3,33.316676999999984,-2.51280195
217.20000000000002,1181.398402,19.98860816,-0.307060992,1230.272227,22.64277675,1.098369212,15.3,33.5738249999999,-2.654168590000001
217.3,1183.396317,19.95676055,-0.306686824,1232.541679,22.75324809,1.111057704,15.3,33.84536199999998,-2.796487540000001
217.4,1185.390512,19.92235092,-0.290610919,1234.822242,22.86498829,1.123746196,15.3,34.13173000000002,-2.94263737
217.5,1187.38067,19.89202623,-0.256216321,1237.114042,22.97799733,1.136434688,15.3,34.43337199999992,-3.085971100000002
217.60000000000002,1189.366726,19.8660831,-0.205625611,1239.417207,23.09227522,1.14912318,15.3,34.75048099999999,-3.2261921200000003
217.70000000000002,1191.349623,19.84640575,-0.131424265,1241.731863,23.20782197,1.161811672,15.3,35.08223999999991,-3.3614162200000024
217.8,1193.330551,19.83487837,-0.044167153,1244.058137,23.32463756,1.174500165,15.3,35.42758599999998,-3.489759190000001
217.9,1195.310702,19.83338519,0.055651347,1246.396156,23.442722,1.18472145,15.3,35.78545400000003,-3.6093368099999985
218.0,1197.291269,19.84349636,0.16489089,1248.746047,23.56207529,1.194590277,15.3,36.154778000000036,-3.7185789299999996
218.10000000000002,1199.273442,19.86552594,0.280411128,1251.107936,23.68269743,1.199458313,15.3,36.53449400000018,-3.81717149
218.20000000000002,1201.258414,19.89947391,0.399071713,1253.481952,23.80310809,1.194184911,15.3,36.92353800000019,-3.9036341799999974
218.3,1203.247378,19.94534028,0.518255689,1255.86822,23.92457613,1.17726055,15.3,37.32084200000004,-3.9792358499999985
218.4,1205.241523,20.00312505,0.637439665,1258.266867,24.04431255,1.145772491,15.3,37.725344000000135,-4.0411874999999995
218.5,1207.242043,20.07282821,0.756623641,1260.678021,24.15923295,1.099275202,15.3,38.13597799999998,-4.086404739999999
218.60000000000002,1209.25013,20.15444978,0.875807617,1263.101574,24.26843162,1.032741194,15.3,38.55144400000013,-4.113981840000001
218.70000000000002,1211.266974,20.24798974,0.994991593,1265.53649,24.37016092,0.948391516,15.3,38.96951600000007,-4.122171179999999
218.8,1213.293769,20.3534481,1.114175569,1267.981497,24.46267321,0.85088136,15.3,39.38772799999988,-4.109225109999997
218.9,1215.331705,20.47082485,1.232604534,1270.435323,24.54422085,0.741720245,15.3,39.80361799999987,-4.073395999999999
219.0,1217.381974,20.60012,1.346503428,1272.896697,24.61334746,0.623820912,15.3,40.214723000000006,-4.0132274599999995
219.10000000000002,1219.445769,20.74133356,1.451342183,1275.364348,24.66976176,0.500096099,15.3,40.61857900000014,-3.928428199999999
219.20000000000002,1221.524282,20.8940125,1.542590729,1277.837006,24.71346377,0.373458547,15.3,41.01272399999989,-3.819451270000002
219.3,1223.618703,21.05589179,1.615718995,1280.313397,24.74445347,0.246335538,15.3,41.3946939999998,-3.6885616799999994
219.4,1225.730226,21.22425341,1.666196913,1282.792252,24.76273087,0.119212529,15.3,41.76202600000006,-3.5384774599999993
219.5,1227.860041,21.39637929,1.690249423,1285.2723,24.76829598,-0.00791048,15.3,42.11225900000018,-3.3719166900000026
219.60000000000002,1230.008979,21.5695514,1.687121515,1287.752268,24.76114878,-0.135033489,15.3,42.44328900000001,-3.1915973799999975
219.70000000000002,1232.176418,21.7410517,1.657568199,1290.230886,24.74128928,-0.262156498,15.3,42.754468000000045,-3.0002375800000003
219.8,1234.361377,21.90816215,1.605364534,1292.706882,24.70871748,-0.389279507,15.3,43.045505000000006,-2.8005553300000017
219.9,1236.562873,22.0681647,1.53504059,1295.178985,24.66343338,-0.516402516,15.3,43.31611199999993,-2.59526868
220.0,1238.779923,22.21879432,1.451126437,1297.645925,24.60543698,-0.642933441,15.3,43.56600199999998,-2.3866426599999997
220.10000000000002,1241.011545,22.35959801,1.358152144,1300.106429,24.53472827,-0.765911859,15.3,43.79488399999987,-2.1751302599999995
220.20000000000002,1243.256756,22.49057576,1.260647781,1302.559226,24.45130727,-0.881785264,15.3,44.00247000000009,-1.9607315100000022
220.3,1245.514573,22.61172757,1.162388407,1305.003046,24.35552921,-0.987001151,15.3,44.188473000000116,-1.743801640000001
220.4,1247.784014,22.72305344,1.064129033,1307.436617,24.24917036,-1.08010294,15.3,44.352603,-1.5261169199999998
220.5,1250.064096,22.82455337,0.965869658,1309.858668,24.13436222,-1.15125034,15.3,44.49457200000002,-1.3098088499999996
220.60000000000002,1252.353838,22.91622737,0.867610284,1312.267928,24.01323629,-1.203770715,15.3,44.61408999999999,-1.0970089199999968
220.70000000000002,1254.652255,22.99807543,0.769350909,1314.663409,23.88666651,-1.234976052,15.3,44.711154000000036,-0.8885910800000012
220.8,1256.958366,23.07009755,0.671091535,1317.045261,23.76055706,-1.245458435,15.3,44.786894999999916,-0.6904595100000002
220.9,1259.271187,23.13229374,0.573034915,1319.413919,23.63326679,-1.238178286,15.3,44.84273200000003,-0.5009730499999989
221.0,1261.589737,23.18466398,0.476194823,1321.769815,23.50818473,-1.214592183,15.3,44.8800780000001,-0.32352075000000013
221.10000000000002,1263.913033,23.22720829,0.381787784,1324.113386,23.38708716,-1.184540418,15.3,44.90035299999995,-0.15987887
221.20000000000002,1266.240092,23.26004832,0.291030327,1326.445063,23.27032931,-1.145287712,15.3,44.90497099999989,-0.010280990000001822
221.3,1268.569931,23.28379232,0.205138979,1328.765282,23.1579112,-1.102482499,15.3,44.895351000000076,0.12588111999999896
221.4,1270.901569,23.29917022,0.125330267,1331.074475,23.04983281,-1.059085202,15.3,44.87290599999979,0.24933740999999898
221.5,1273.234022,23.30691193,0.052617963,1333.373078,22.94609416,-1.015687905,15.3,44.839055999999985,0.36081776999999704
221.60000000000002,1275.566404,23.30774737,-0.012795178,1335.661524,22.84669523,-0.972290608,15.3,44.79512000000018,0.4610521399999996
221.70000000000002,1277.898221,23.30240645,-0.07111191,1337.940247,22.75163604,-0.928893311,15.3,44.74202600000008,0.5507704099999984
221.8,1280.229074,23.2916191,-0.123346006,1340.209682,22.66091657,-0.885496014,15.3,44.68060799999985,0.6307025299999971
221.9,1282.558563,23.27611522,-0.170713994,1342.470261,22.57453683,-0.842098717,15.3,44.61169799999989,0.7015783900000017
222.0,1284.88629,23.25650308,-0.2144324,1344.722419,22.49249683,-0.798687218,15.3,44.53612900000003,0.7640062500000013
222.10000000000002,1287.211857,23.23290433,-0.255717752,1346.96659,22.41479655,-0.755190508,15.3,44.45473299999999,0.8181077800000018
222.20000000000002,1289.534864,23.20531897,-0.295786577,1349.203209,22.341436,-0.711523375,15.3,44.36834500000005,0.8638829699999988
222.3,1291.854914,23.17374701,-0.335652647,1351.432708,22.27242371,-0.667600609,15.3,44.27779400000004,0.9013232999999978
222.4,1294.171607,23.13818844,-0.375518718,1353.655522,22.20780227,-0.623336998,15.3,44.18391500000003,0.930386170000002
222.5,1296.484545,23.09864327,-0.415384788,1355.872085,22.14762281,-0.578647331,15.3,44.08753999999995,0.9510204599999987
222.60000000000002,1298.793329,23.05511149,-0.455250858,1358.08283,22.09193646,-0.533460599,15.3,43.989500999999976,0.9631750300000022
222.70000000000002,1301.09756,23.0075931,-0.495116929,1360.2882,22.04079435,-0.4877626,15.3,43.89064000000003,0.9667987500000024
222.8,1303.396841,22.9560881,-0.534982999,1362.488661,21.9942476,-0.441567536,15.3,43.7918200000001,0.9618404999999974
222.9,1305.690771,22.9005965,-0.574849069,1364.684689,21.95234735,-0.394946416,15.3,43.6939179999999,0.9482491499999988
223.0,1307.978953,22.84111829,-0.614357249,1366.876758,21.91514471,-0.347984451,15.3,43.597805000000065,0.9259735800000009
223.10000000000002,1310.260988,22.77765347,-0.651718091,1369.065343,21.88268229,-0.300766852,15.3,43.50435499999999,0.8949711799999989
223.20000000000002,1312.536477,22.71020205,-0.684784254,1371.25092,21.85496861,-0.253378831,15.3,43.41444299999985,0.8552334399999992
223.3,1314.805022,22.63897875,-0.7114084,1373.433963,21.83200368,-0.205905599,15.3,43.32894099999994,0.80697507
223.4,1317.066223,22.56505725,-0.729443191,1375.614946,21.81378749,-0.158418165,15.3,43.248722999999885,0.7512697599999996
223.5,1319.319683,22.48972595,-0.736741286,1377.794346,21.80032005,-0.110930731,15.3,43.17466299999997,0.6894059000000006
223.60000000000002,1321.565002,22.41427325,-0.731513236,1379.972636,21.79160135,-0.063443297,15.3,43.10763399999992,0.6226719000000003
223.70000000000002,1323.801954,22.33998756,-0.713401153,1382.150292,21.78763139,-0.015955863,15.3,43.048338000000015,0.5523561699999995
223.8,1326.030999,22.26815727,-0.682762925,1384.327788,21.78841017,0.031531571,15.3,42.99678899999999,0.47974710000000087
223.9,1328.252769,22.20007081,-0.641388002,1386.505599,21.7939377,0.079019005,15.3,42.952830000000134,0.40613310999999896
224.0,1330.467896,22.13701655,-0.591423723,1388.684201,21.80421397,0.126506439,15.3,42.91630499999992,0.3328025799999992
224.10000000000002,1332.677012,22.08006819,-0.535017427,1390.864068,21.81923899,0.173868556,15.3,42.88705599999999,0.2608291999999999
224.20000000000002,1334.880749,22.02944045,-0.474316453,1393.045674,21.83901275,0.220478767,15.3,42.86492500000004,0.19042770000000075
224.3,1337.07974,21.98513332,-0.41146814,1395.229496,21.86353525,0.265585168,15.3,42.84975600000003,0.12159806999999745
224.4,1339.274616,21.94714682,-0.348261937,1397.416007,21.89273131,0.308435853,15.3,42.841391000000115,0.05441551000000189
224.5,1341.466009,21.91548093,-0.285055734,1399.605683,21.92622496,0.348278918,15.3,42.83967400000002,-0.010744029999997906
224.60000000000002,1343.654551,21.89013567,-0.221849531,1401.798998,21.96356508,0.384362456,15.3,42.8444469999999,-0.07342940999999925
224.70000000000002,1345.840876,21.87111103,-0.158643328,1403.996427,22.0043005,0.416059881,15.3,42.85555100000006,-0.1331894699999978
224.8,1348.025613,21.85840701,-0.095437125,1406.198386,22.0479801,0.443245874,15.3,42.87277300000001,-0.18957308999999967
224.9,1350.209397,21.8520236,-0.032230922,1408.405048,22.09415273,0.466045754,15.3,42.895651,-0.24212913000000214
225.0,1352.392858,21.85196082,0.030598723,1410.616526,22.14236724,0.485086108,15.3,42.92366800000009,-0.29040642000000005
225.10000000000002,1354.576629,21.85821866,0.091169021,1412.832936,22.19217249,0.50111884,15.3,42.95630700000011,-0.3339538300000022
225.20000000000002,1356.761341,21.87079712,0.147220625,1415.054391,22.24319253,0.514895858,15.3,42.99305,-0.37239541000000287
225.3,1358.947628,21.88947026,0.196494187,1417.281005,22.29535217,0.527169064,15.3,43.03337700000016,-0.4058819100000015
225.4,1361.13612,21.91310842,0.236730362,1419.512892,22.3486514,0.538690366,15.3,43.076772000000076,-0.435542980000001
225.5,1363.327451,21.94035598,0.265669801,1421.750165,22.40309024,0.55008635,15.3,43.12271399999982,-0.4627342600000013
225.60000000000002,1365.522251,21.96985733,0.281429716,1423.99294,22.45866867,0.561482334,15.3,43.170688999999996,-0.4888113400000016
225.70000000000002,1367.720973,22.00025688,0.283633548,1426.241329,22.51538671,0.572878318,15.3,43.220355999999995,-0.5151298300000029
225.8,1369.923344,22.030199,0.272657856,1428.495448,22.57324434,0.584274302,15.3,43.27210399999986,-0.543045339999999
225.9,1372.128913,22.05832809,0.250385428,1430.755408,22.63224157,0.595670286,15.3,43.32649499999998,-0.5739134800000016
226.0,1374.337227,22.08328855,0.219075612,1433.021326,22.6923784,0.60706627,15.3,43.38409900000006,-0.6090898500000002
226.10000000000002,1376.547833,22.10395069,0.180987755,1435.293314,22.75365482,0.618315805,15.3,43.44548099999993,-0.6497041299999999
226.20000000000002,1378.760279,22.12008859,0.138381204,1437.571487,22.81607085,0.628686645,15.3,43.511207999999854,-0.6959822599999974
226.3,1380.974113,22.13170224,0.093515306,1439.855959,22.87962647,0.63660502,15.3,43.581846,-0.7479242300000024
226.4,1383.188882,22.13879165,0.04827285,1442.146843,22.94423382,0.643277458,15.3,43.65796100000007,-0.8054421699999992
226.5,1385.404133,22.14135681,0.003030394,1444.444253,23.00945355,0.645740041,15.3,43.74011999999989,-0.8680967399999986
226.60000000000002,1387.619415,22.13939773,-0.042212062,1446.748304,23.07434141,0.643809148,15.3,43.828889000000075,-0.9349436799999999
226.70000000000002,1389.834275,22.1329144,-0.087454519,1449.05911,23.1396213,0.636752534,15.3,43.92483499999999,-1.006706900000001
226.8,1392.04826,22.12190683,-0.132696975,1451.376713,23.20351487,0.624423749,15.3,44.028453000000084,-1.081608039999999
226.9,1394.260919,22.10637501,-0.177939431,1453.700877,23.26591196,0.607664316,15.3,44.139957999999936,-1.1595369499999997
227.0,1396.471797,22.08631894,-0.222704981,1456.031294,23.32628534,0.585121258,15.3,44.25949699999997,-1.2399663999999966
227.10000000000002,1398.680445,22.06173863,-0.264609096,1458.367656,23.3841078,0.559758494,15.3,44.38721099999994,-1.3223691699999982
227.20000000000002,1400.886407,22.03263407,-0.299059339,1460.709655,23.43894,0.531759645,15.3,44.52324800000015,-1.4063059299999985
227.3,1403.089233,21.99929141,-0.328387278,1463.056983,23.49069405,0.502003405,15.3,44.66775000000003,-1.491402639999997
227.4,1405.288471,21.96314137,-0.344538475,1465.409333,23.53936997,0.47136847,15.3,44.82086199999999,-1.5762286000000003
227.5,1407.483666,21.9269394,-0.346382495,1467.766396,23.58496775,0.440587086,15.3,44.982729999999904,-1.6580283500000021
227.60000000000002,1409.674368,21.88928657,-0.331534808,1470.127865,23.62748738,0.409805702,15.3,45.15349699999997,-1.7382008100000021
227.70000000000002,1411.860352,21.85501554,-0.29951851,1472.493432,23.66692889,0.379024318,15.3,45.333080000000066,-1.811913350000001
227.8,1414.042311,21.82480457,-0.252541506,1474.86279,23.70329225,0.348242934,15.3,45.52047899999998,-1.8784876799999992
227.9,1416.221165,21.80037053,-0.187795324,1477.23563,23.73657747,0.31746155,15.3,45.714464999999976,-1.9362069400000017
228.0,1418.397837,21.78343026,-0.113334402,1479.611645,23.76678456,0.286680166,15.3,45.913807999999975,-1.983354300000002
228.10000000000002,1420.573246,21.7754145,-0.030289173,1481.990526,23.79391351,0.255898782,15.3,46.11728000000012,-2.0184990099999993
228.20000000000002,1422.748314,21.77660938,0.058478927,1484.371966,23.81796431,0.225220161,15.3,46.323651999999996,-2.0413549300000007
228.3,1424.923962,21.7870149,0.150108461,1486.755658,23.83893699,0.195158117,15.3,46.53169599999997,-2.0519220900000015
228.4,1427.101112,21.80663107,0.242214902,1489.141293,23.85683152,0.166329227,15.3,46.74018099999985,-2.0502004499999984
228.5,1429.280683,21.83545788,0.334321343,1491.528563,23.87170957,0.139350068,15.3,46.947880000000126,-2.0362516900000003
228.60000000000002,1431.463598,21.87349534,0.426427783,1493.917161,23.88387943,0.114837217,15.3,47.153563000000034,-2.0103840899999987
228.70000000000002,1433.650777,21.92074344,0.518534224,1496.30678,23.89371104,0.093407251,15.3,47.35600299999983,-1.9729676000000005
228.8,1435.843141,21.97720218,0.610640665,1498.69711,23.90157436,0.075573984,15.3,47.55396900000001,-1.9243721800000024
228.9,1438.041612,22.04287157,0.702747105,1501.087894,23.90783932,0.06144018,15.3,47.74628200000002,-1.8649677500000017
229.0,1440.24711,22.11775161,0.794853546,1503.47907,23.91287587,0.050903075,15.3,47.931960000000075,-1.7951242600000015
229.10000000000002,1442.460557,22.20184228,0.885426742,1505.870627,23.91705396,0.043448855,15.3,48.11006999999991,-1.7152116799999995
229.20000000000002,1444.682874,22.2951436,0.959112515,1508.262552,23.92074354,0.038460943,15.3,48.279677999999834,-1.6255999400000007
229.3,1446.914981,22.39765557,1.029775263,1510.654835,23.92425289,0.035322762,15.3,48.43985400000015,-1.5265973200000005
229.4,1449.157799,22.50845823,1.065151652,1513.047462,23.92764367,0.033417735,15.3,48.58966299999993,-1.4191854399999997
229.5,1451.412251,22.61833908,1.063730171,1515.440423,23.93091588,0.032129286,15.3,48.72817200000004,-1.3125768000000022
229.60000000000002,1453.679256,22.73561676,1.01631135,1517.833705,23.93406953,0.030943599,15.3,48.854449000000116,-1.1984527699999994
229.70000000000002,1455.959737,22.84093327,0.915228968,1520.227296,23.9371046,0.029757912,15.3,48.96755900000012,-1.0961713300000007
229.8,1458.253877,22.9333817,0.766637734,1522.621185,23.94002111,0.028572225,15.3,49.06730799999987,-1.0066394099999982
229.9,1460.558919,23.00744238,0.549007028,1525.015359,23.94281905,0.027386538,15.3,49.15643999999993,-0.9353766700000001
230.0,1462.871367,23.05759561,0.293066938,1527.409808,23.94549842,0.026200851,15.3,49.23844100000015,-0.8879028099999999
230.10000000000002,1465.187727,23.07832172,0.000328977,1529.804518,23.94805922,0.025015164,15.3,49.316790999999924,-0.8697374999999994
230.20000000000002,1467.504505,23.06502098,-0.320007387,1532.199479,23.95050145,0.023829477,15.3,49.394974000000005,-0.885480470000001
230.3,1469.818205,23.01677344,-0.658742686,1534.594678,23.95282511,0.022624539,15.3,49.4764729999999,-0.9360516699999977
230.4,1472.125333,22.93357909,-1.006677454,1536.990103,23.95503021,0.021304097,15.3,49.56477000000014,-1.0214511200000018
230.5,1474.422394,22.81543795,-1.356145466,1539.385743,23.95711673,0.019752646,15.3,49.66334900000011,-1.1416787799999994
230.60000000000002,1476.705894,22.66235,-1.705613478,1541.781586,23.95907314,0.01785468,15.3,49.77569200000012,-1.296723140000001
230.70000000000002,1478.972337,22.47431525,-2.05508149,1544.177619,23.96084167,0.015494696,15.3,49.90528200000013,-1.4865264200000006
230.8,1481.21823,22.2513337,-2.404549502,1546.573832,23.96235304,0.012557189,15.3,50.05560200000009,-1.71101934
230.9,1483.440078,21.99340535,-2.754017514,1548.970212,23.96353792,0.008945905,15.3,50.230133999999865,-1.9701325700000005
231.0,1485.634385,21.7005302,-3.103485526,1551.366738,23.96432702,0.004641593,15.3,50.43235299999988,-2.2637968199999996
231.10000000000002,1487.797657,21.37270824,-3.449292832,1553.763351,23.96465105,-0.000336496,15.3,50.66569399999999,-2.591942809999999
231.20000000000002,1489.9264,21.00993949,-3.773135909,1556.159986,23.96444068,-0.005892108,15.3,50.933585999999835,-2.9545011899999984
231.3,1492.017118,20.61222393,-4.040979698,1558.556574,23.96362663,-0.011909738,15.3,51.239455999999976,-3.3514027000000013
231.4,1494.066318,20.181758,-4.267072447,1560.953048,23.96215114,-0.018273883,15.3,51.58673000000017,-3.780393140000001
231.5,1496.070504,19.7295238,-4.393237447,1563.34934,23.96000265,-0.024869036,15.3,51.97883599999996,-4.230478850000001
231.60000000000002,1498.026182,19.27594238,-4.409581295,1565.745385,23.95718118,-0.031579695,15.3,52.41920299999988,-4.681238799999999
231.70000000000002,1499.929857,18.81246478,-4.297800463,1568.141113,23.95368672,-0.038309604,15.3,52.911255999999824,-5.141221940000001
231.8,1501.779791,18.37399702,-4.054234248,1570.536458,23.94951926,-0.045039513,15.3,53.45666700000011,-5.575522239999998
231.9,1503.581276,17.96647516,-3.69461418,1572.931353,23.94467881,-0.051769422,15.3,54.05007700000006,-5.9782036499999975
232.0,1505.34136,17.60307772,-3.201031307,1575.325731,23.93916538,-0.058499331,15.3,54.68437100000001,-6.336087659999997
232.10000000000002,1507.06709,17.29698326,-2.631662338,1577.719523,23.93297895,-0.06522924,15.3,55.35243299999998,-6.635995689999998
232.20000000000002,1508.765516,17.05917387,-1.996400677,1580.112663,23.92611953,-0.071959149,15.3,56.04714700000018,-6.8669456600000025
232.3,1510.443684,16.89184599,-1.317210554,1582.505083,23.91858712,-0.078689058,15.3,56.76139899999994,-7.026741130000001
232.4,1512.108644,16.79499962,-0.616056201,1584.896717,23.91038172,-0.085418967,15.3,57.48807300000017,-7.1153821000000015
232.5,1513.767443,16.76863475,0.088758858,1587.287496,23.90150332,-0.092148876,15.3,58.220052999999965,-7.132868569999999
232.60000000000002,1515.42713,16.81275139,0.793573916,1589.677354,23.89195194,-0.098878785,15.3,58.95022399999989,-7.0792005499999995
232.70000000000002,1517.094753,16.92734954,1.498388975,1592.066223,23.88172757,-0.105608694,15.3,59.67146999999996,-6.954378029999997
232.8,1518.777359,17.11242919,2.203204033,1594.454036,23.8708302,-0.112338603,15.3,60.37667700000016,-6.75840101
232.9,1520.481998,17.36799034,2.908019091,1596.840726,23.85925985,-0.119068512,15.3,61.05872799999993,-6.491269510000002
233.0,1522.215717,17.694033,3.61283415,1599.226225,23.8470165,-0.125798421,15.3,61.710508000000075,-6.152983499999998
233.10000000000002,1523.985564,18.09055717,4.313576997,1601.610465,23.83410016,-0.13252833,15.3,62.32490099999991,-5.743542989999998
233.20000000000002,1525.798587,18.55756285,4.989886577,1603.993381,23.82051083,-0.139258239,15.3,62.894794000000005,-5.26294798
233.3,1527.661836,19.09505002,5.617329621,1606.374904,23.80624851,-0.145988148,15.3,63.413068000000024,-4.711198490000001
233.4,1529.582357,19.70057538,6.171472863,1608.754967,23.7913132,-0.152718057,15.3,63.87261000000008,-4.090737820000001
233.5,1531.567199,20.36192229,6.627883035,1611.133503,23.7757049,-0.159447966,15.3,64.26630399999995,-3.413782610000002
233.60000000000002,1533.62341,21.06443078,6.962126869,1613.510445,23.75942361,-0.166177875,15.3,64.58703499999997,-2.6949928300000003
233.70000000000002,1535.758038,21.79344089,7.153843308,1615.885724,23.74246933,-0.172907784,15.3,64.82768600000004,-1.9490284399999993
233.8,1537.976177,22.53429267,7.198960143,1618.259275,23.72484205,-0.179637693,15.3,64.98309799999988,-1.1905493800000002
233.9,1540.275102,23.27232615,7.101549584,1620.631029,23.70654179,-0.186367603,15.3,65.05592699999984,-0.4342156399999979
234.0,1542.650132,23.99288137,6.881972687,1623.00092,23.68756853,-0.193097512,15.3,65.05078799999997,0.30531283999999914
234.10000000000002,1545.096588,24.68129837,6.564662719,1625.36888,23.66792229,-0.198518827,15.3,64.97229199999988,1.0133760800000005
234.20000000000002,1547.609791,25.32536053,6.174052949,1627.734841,23.64760305,-0.204454233,15.3,64.82504999999988,1.6777574800000004
234.3,1550.18506,25.9226245,5.734576644,1630.098737,23.62661082,-0.209361458,15.3,64.61367700000001,2.2960136800000015
234.4,1552.817715,26.4730903,5.270667072,1632.4605,23.60573076,-0.199439082,15.3,64.342785,2.867359539999999
234.5,1555.503077,26.97675792,4.802685288,1634.820062,23.58395337,-0.184843158,15.3,64.01698499999993,3.392804550000001
234.60000000000002,1558.236465,27.43362736,4.334703504,1637.177358,23.56127867,-0.1722461,15.3,63.64089299999996,3.872348689999999
234.70000000000002,1561.013201,27.84369862,3.86672172,1639.532318,23.54825884,-0.154716601,15.3,63.219117000000054,4.295439780000002
234.8,1563.828604,28.2069717,3.398739936,1641.884876,23.53669715,-0.142105152,15.3,62.75627200000004,4.670274550000002
234.9,1566.677995,28.5234466,2.930758152,1644.234965,23.52491114,-0.120944676,15.3,62.256970000000095,4.998535459999999
235.0,1569.556693,28.79312333,2.462776368,1646.582518,23.5129008,-0.120103437,15.3,61.72582499999994,5.28022253
