t,x_follower,v_follower,a_follower,x_leader,v_leader,a_leader,leader_length,spacing,dv
567.1,388.3879747,14.46899808,-0.560355483,460.6734838,9.192410133,0.649580221,18.8,53.485509100000016,5.276587947000001
567.2,389.8321329,14.41284232,-0.562759684,461.5938113,9.262455886,0.733170297,18.8,52.961678400000054,5.150386434
567.3000000000001,391.2706634,14.35644614,-0.565163885,462.5219389,9.340573839,0.8110242,18.8,52.45127550000002,5.015872301
567.4,392.7035423,14.29980955,-0.566816773,463.4585209,9.426190373,0.883301267,18.8,51.95497860000002,4.873619177
567.5,394.1307455,14.24293253,-0.568770187,464.4041352,9.518731871,0.950798189,18.8,51.4733897,4.724200658999999
567.6,395.552249,14.18581509,-0.569134473,465.3593593,9.617624716,1.014470996,18.8,51.00711029999998,4.568190374
567.7,396.9680288,14.12893807,-0.563838888,466.3247712,9.722390893,1.075275716,18.8,50.556742399999976,4.406547177
567.8000000000001,398.3780607,14.07146,-0.55124877,467.3009487,9.8329348,1.134168379,18.8,50.122888,4.2385252
567.9,399.7823208,14.01496546,-0.528932606,468.2884693,9.949256436,1.192105012,18.8,49.7061485,4.065709024
568.0,401.1807849,13.96150621,-0.495260286,469.2879111,10.0713558,1.249882307,18.8,49.307126199999985,3.8901504100000004
568.1,402.5734292,13.91218327,-0.446397848,470.2998516,10.1992329,1.307659602,18.8,48.92642239999999,3.7129503699999997
568.2,403.960424,13.86845552,-0.382554745,471.3248688,10.33288772,1.365436898,18.8,48.564444800000004,3.535567799999999
568.3000000000001,405.3427179,13.8317819,-0.305124326,472.3635403,10.47232028,1.423214193,18.8,48.22082239999999,3.3594616199999994
568.4,406.721454,13.80362129,-0.215536349,473.416444,10.61753056,1.480991488,18.8,47.89499000000002,3.18609073
568.5,408.0977754,13.78543261,-0.116222328,474.4841576,10.76851858,1.538768783,18.8,47.58638220000002,3.0169140300000006
568.6,409.4728251,13.77843162,-0.009613772,475.5672588,10.92528432,1.596166298,18.8,47.29443369999997,2.8531473
568.7,410.8477463,13.78286146,0.101857806,476.6663256,11.08782779,1.651285132,18.8,47.01857930000001,2.695033669999999
568.8000000000001,412.223682,13.79872213,0.215760895,477.7819355,11.25614899,1.701846603,18.8,46.75825349999998,2.54257314
568.9,413.6017753,13.82601363,0.330069236,478.9146665,11.43002006,1.745572029,18.8,46.51289120000003,2.39599357
569.0,414.9831693,13.86473598,0.444377577,480.0650962,11.60830164,1.780182729,18.8,46.281926900000045,2.25643434
569.1,416.3690071,13.91488915,0.558685918,481.2338025,11.78962654,1.803400022,18.8,46.06479540000005,2.12526261
569.2,417.7604317,13.97647316,0.672994259,482.4213632,11.97262754,1.813325006,18.8,45.86093149999995,2.00384562
569.3000000000001,419.1585863,14.049488,0.7873026,483.6281736,12.15593743,1.809577901,18.8,45.6695873,1.8935505700000004
569.4,420.5646139,14.13393368,0.901610942,484.8539001,12.33818901,1.792538488,18.8,45.489286199999995,1.7957446699999995
569.5,421.9796576,14.22981019,1.015299197,486.0980268,12.51801506,1.764105667,18.8,45.31836920000002,1.7117951300000005
569.6,423.4048605,14.33711754,1.125266934,487.3600376,12.69404838,1.72655812,18.8,45.15517710000002,1.6430691599999996
569.7,424.8413657,14.45585571,1.227793638,488.6394164,12.86514963,1.682174529,18.8,44.998050700000036,1.5907060800000004
569.8000000000001,426.2903162,14.58565268,1.31915879,489.9356474,13.03109094,1.633233575,18.8,44.84533119999999,1.5545617400000005
569.9,427.7528552,14.72464816,1.396515792,491.2482146,13.1918723,1.58201394,18.8,44.69535939999999,1.5327758599999992
570.0,429.2301257,14.87060986,1.453522372,492.5766019,13.34749372,1.530414524,18.8,44.54647620000004,1.5231161400000008
570.1,430.7232708,15.02130546,1.489699854,493.9202933,13.49795521,1.478815108,18.8,44.397022500000006,1.52335025
570.2,432.233136,15.17502701,1.503554233,495.2787729,13.64325675,1.427215693,18.8,44.24563689999998,1.53177026
570.3000000000001,433.7593761,15.32796914,1.495705595,496.6515246,13.78339834,1.375616277,18.8,44.09214850000002,1.5445708000000007
570.4,435.3013484,15.47947259,1.469254372,498.0380325,13.91838,1.324016861,18.8,43.936684099999994,1.5610925899999994
570.5,436.8584101,15.6267807,1.427047162,499.4377806,14.04820172,1.272417445,18.8,43.779370499999985,1.5785789799999996
570.6,438.4299184,15.76803322,1.375426237,500.8502528,14.17286349,1.22081803,18.8,43.620334400000004,1.5951697300000003
570.7,440.0152305,15.90285809,1.315490359,502.2749333,14.29236532,1.169230182,18.8,43.45970280000002,1.6104927700000005
570.8000000000001,441.6137038,16.03125531,1.251833965,503.7113059,14.40670721,1.117711742,18.8,43.29760210000002,1.6245480999999984
570.9,443.2246954,16.15322488,1.187557484,505.1588547,14.51588916,1.066332119,18.8,43.134159300000036,1.6373357199999994
571.0,444.8475626,16.2687668,1.123281004,506.6170637,14.61991811,1.015160721,18.8,42.969501100000016,1.6488486900000012
571.1,446.4816626,16.37788108,1.059004523,508.0854169,14.71882876,0.964266955,18.8,42.803754299999994,1.6590523200000025
571.2,448.1263526,16.48056771,0.994728042,509.5633983,14.81266276,0.91372023,18.8,42.6370457,1.6679049499999987
571.3000000000001,449.78099,16.57682669,0.930451562,511.0504919,14.90146175,0.863578386,18.8,42.469501900000026,1.6753649400000015
571.4,451.4449318,16.66665802,0.866175081,512.5461873,14.98526739,0.813852992,18.8,42.30125550000004,1.6813906299999992
571.5,453.1175354,16.75006171,0.8018986,514.0499963,15.0641213,0.764532478,18.8,42.13246089999997,1.6859404100000006
571.6,454.798158,16.82703774,0.737750794,515.5614361,15.13806514,0.715559006,18.8,41.96327810000004,1.6889726000000014
571.7,456.4861568,16.89758613,0.674375034,517.0800241,15.20714056,0.666863166,18.8,41.793867299999945,1.6904455700000014
571.8000000000001,458.180889,16.96170687,0.612543368,518.6052776,15.27138225,0.618375551,18.8,41.624388600000046,1.6903246200000002
571.9,459.881712,17.01947717,0.553027842,520.1367139,15.33079716,0.570026752,18.8,41.45500190000003,1.6886800099999988
572.0,461.5879828,17.07128304,0.496600502,521.6738504,15.38538528,0.521747361,18.8,41.285867599999975,1.6858977600000014
572.1,463.2990589,17.11758773,0.444033395,523.2162044,15.43514663,0.473479539,18.8,41.11714550000006,1.6824411000000001
572.2,465.0142973,17.15885445,0.395969893,524.7632931,15.48008119,0.425211716,18.8,40.94899580000005,1.6787732599999998
572.3000000000001,466.7331171,17.19554643,0.352538672,526.314634,15.52018897,0.376943894,18.8,40.78151689999994,1.6753574600000007
572.4,468.4551844,17.22812691,0.313611055,527.8697443,15.55546997,0.328676071,18.8,40.614559899999975,1.6726569399999995
572.5,470.1802269,17.2570591,0.278543672,529.4281414,15.58592419,0.280408248,18.8,40.44791449999998,1.6711349099999993
572.6,471.9079726,17.28280625,0.246564475,530.9893425,15.61155162,0.232140426,18.8,40.28136990000003,1.67125463
572.7,473.6381491,17.30575436,0.216901418,532.5528651,15.63235227,0.184050888,18.8,40.114715999999945,1.6734020900000015
572.8000000000001,475.3704844,17.32598065,0.188782455,534.1182264,15.64832614,0.137031058,18.8,39.94774200000002,1.6776545100000018
572.9,477.1047061,17.34348512,0.161435538,535.6849437,15.65947323,0.092150645,18.8,39.78023759999998,1.6840118900000007
573.0,478.8405423,17.35826776,0.134217295,537.2525344,15.6659005,0.050479355,18.8,39.611992099999966,1.692367260000001
573.1,480.5777206,17.37032857,0.106999053,538.8205158,15.66814282,0.013086899,18.8,39.442795199999935,1.7021857500000017
573.2,482.3159689,17.37966757,0.07978081,540.3884052,15.66684201,-0.018957018,18.8,39.272436299999995,1.7128255599999989
573.3000000000001,484.055015,17.38628474,0.052562568,541.95572,15.66263989,-0.045608741,18.8,39.10070500000002,1.7236448500000012
573.4,485.7945868,17.39018008,0.025344325,543.5220629,15.65617828,-0.064146674,18.8,38.92747610000005,1.7340017999999997
573.5,487.534412,17.3913536,-0.001873917,545.0873794,15.64809902,-0.077292413,18.8,38.75296740000006,1.7432545799999986
573.6,489.2742184,17.3898053,-0.029141299,546.6517,15.63853526,-0.085089612,18.8,38.57748160000001,1.7512700399999996
573.7,491.0137339,17.38553517,-0.056703512,548.2150556,15.62965482,-0.088607979,18.8,38.401321700000054,1.75588035
573.8000000000001,492.7526864,17.37854322,-0.084855389,549.7774771,15.62046656,-0.088804415,18.8,38.22479070000004,1.7580766600000004
573.9,494.4908035,17.36879996,-0.113891763,551.338995,15.61158612,-0.086239277,18.8,38.04819149999993,1.7572138400000004
574.0,496.2278132,17.35615797,-0.144107465,552.8996404,15.60301349,-0.084187165,18.8,37.87182719999994,1.7531444800000013
574.1,497.9634432,17.34044037,-0.175797327,554.4594438,15.59474869,-0.081108999,18.8,37.69600060000006,1.7456916800000002
574.2,499.6974213,17.32147024,-0.209207043,556.0184362,15.58679169,-0.078030832,18.8,37.521014900000026,1.73467855
574.3000000000001,501.4294519,17.29907069,-0.244385751,557.5766483,15.57914252,-0.074952665,18.8,37.34719639999999,1.719928170000001
574.4,503.1591448,17.27306482,-0.281284313,559.1341108,15.57180116,-0.071874499,18.8,37.174966000000055,1.7012636599999986
574.5,504.8860862,17.24327573,-0.319657035,560.6908546,15.56476762,-0.068796332,18.8,37.004768399999946,1.678508110000001
574.6,506.6098625,17.20952652,-0.359209086,562.2469104,15.55804189,-0.065718165,18.8,36.83704790000003,1.6514846300000006
574.7,508.33006,17.17166978,-0.399645632,563.8023091,15.55162399,-0.06265304,18.8,36.6722491,1.620045789999999
574.8000000000001,510.046265,17.12967602,-0.440671843,565.3570813,15.54551389,-0.059666164,18.8,36.5108163,1.584162130000001
574.9,511.7580638,17.08354524,-0.481992886,566.9112579,15.53971162,-0.056835786,18.8,36.35319410000001,1.5438336199999991
575.0,513.4650426,17.03327744,-0.523363068,568.4648697,15.53420934,-0.054240156,18.8,36.199827100000064,1.4990680999999988
575.1,515.1667877,16.97887263,-0.564733249,570.0179474,15.52896792,-0.051957521,18.8,36.05115970000004,1.449904710000002
575.2,516.8628856,16.92033079,-0.606103431,571.5705219,15.52394042,-0.049990576,18.8,35.90763629999999,1.3963903700000007
575.3000000000001,518.5529224,16.85765194,-0.647473612,573.1226239,15.51907989,-0.048631197,18.8,35.769701499999954,1.3385720499999998
575.4,520.2364845,16.79083607,-0.688843794,574.6742779,15.51433938,-0.047665755,18.8,35.637793400000035,1.2764966900000019
575.5,521.9131581,16.71988318,-0.730213975,576.2254834,15.50971727,-0.047156767,18.8,35.5123253,1.2101659100000006
575.6,523.5825296,16.64479327,-0.771197144,577.7762336,15.50503062,-0.047039024,18.8,35.393703999999914,1.1397626500000015
575.7,525.2441853,16.56556635,-0.809858237,579.3265218,15.50036847,-0.047234277,18.8,35.2823365,1.0651978800000013
575.8000000000001,526.8977114,16.48220241,-0.843875179,580.8763412,15.49564636,-0.047739834,18.8,35.17862979999991,0.986556049999999
575.9,528.5426943,16.39493365,-0.870925892,582.425685,15.49085648,-0.048250777,18.8,35.08299070000005,0.904077169999999
576.0,530.1787202,16.30492113,-0.888688303,583.9745464,15.48599882,-0.048915525,18.8,34.99582619999997,0.8189223099999996
576.1,531.8053755,16.21355807,-0.894840334,585.5229186,15.48107337,-0.049593314,18.8,34.91754310000006,0.7324847000000005
576.2,533.4222464,16.12223774,-0.887446923,587.070795,15.47608015,-0.050271104,18.8,34.84854860000003,0.6461575899999996
576.3000000000001,535.0291051,16.03235337,-0.866121057,588.6181686,15.47101915,-0.050948893,18.8,34.789063499999955,0.5613342199999991
576.4,536.6264665,15.94529821,-0.831249748,590.1650327,15.46589037,-0.051626683,18.8,34.738566199999994,0.47940784000000036
576.5,538.2150318,15.8624655,-0.78476806,591.7113805,15.46069382,-0.052304472,18.8,34.6963487,0.4017716800000013
576.6,539.7955016,15.78524849,-0.728998069,593.2572053,15.45542948,-0.052850469,18.8,34.66170370000005,0.32981901000000136
576.7,541.368577,15.71480823,-0.66626185,594.8025003,15.45009736,-0.053448242,18.8,34.63392330000006,0.26471087000000004
576.8000000000001,542.9349588,15.6513769,-0.59888148,596.3472587,15.44469747,-0.053942464,18.8,34.6122999,0.20667943000000122
576.9,544.4953479,15.59495453,-0.529179033,597.8914737,15.43930887,-0.053560682,18.8,34.59612580000005,0.15564566000000113
577.0,546.0504452,15.5455411,-0.459089574,599.4351385,15.4338299,-0.05078297,18.8,34.584693299999984,0.11171120000000023
577.1,547.6009516,15.50313661,-0.389000115,600.9782465,15.42826056,-0.044731623,18.8,34.57729489999993,0.0748760500000003
577.2,549.1475681,15.46774107,-0.318910656,602.5207907,15.42329307,-0.034447225,18.8,34.57322260000008,0.04444800000000093
577.3000000000001,550.6909954,15.43935448,-0.248821197,604.0627644,15.41962758,-0.018669116,18.8,34.571768999999975,0.019726900000000214
577.4,552.2319345,15.41797683,-0.178731738,605.6041608,15.41785849,0.003693915,18.8,34.57222630000008,0.0001183400000002166
577.5,553.7710863,15.40360813,-0.10864228,607.1450605,15.41864054,0.032579371,18.8,34.57397420000002,-0.015032409999999885
577.6,555.3091516,15.39624838,-0.038552821,608.6858932,15.42262843,0.067729682,18.8,34.57674160000006,-0.02638005000000021
577.7,556.8468315,15.39589757,0.031271633,610.2271758,15.43047691,0.108336048,18.8,34.58034430000005,-0.03457933999999874
577.8000000000001,558.3848267,15.40255571,0.099506055,611.7694253,15.44284069,0.153307259,18.8,34.58459860000001,-0.040284980000000914
577.9,559.9238381,15.41622279,0.164560415,613.3131589,15.46026539,0.201552104,18.8,34.58932079999995,-0.044042599999999155
578.0,561.4645668,15.43673981,0.22484468,614.8588934,15.48286012,0.251979371,18.8,34.594326600000116,-0.046120309999999165
578.1,563.0077134,15.46331177,0.27876882,616.4071459,15.51062489,0.303497849,18.8,34.599432500000106,-0.0473131200000001
578.2,564.5539791,15.49498463,0.325219448,617.9584334,15.54355969,0.355198195,18.8,34.6044543,-0.048575060000001
578.3000000000001,566.1040645,15.53080438,0.362484442,619.5132728,15.58166453,0.406898542,18.8,34.609208299999935,-0.050860150000000104
578.4,567.6585435,15.569817,0.388600213,621.0721813,15.6249394,0.458598889,18.8,34.61363780000006,-0.05512240000000013
578.5,569.2174809,15.61135446,0.40648364,622.6356757,15.67338431,0.510299235,18.8,34.61819479999993,-0.06202985000000005
578.6,570.7808144,15.65423048,0.416416911,624.2042731,15.72699925,0.561999582,18.8,34.62345869999997,-0.0727687699999997
578.7,572.3484817,15.69647189,0.419990056,625.7784905,15.78578422,0.613699929,18.8,34.6300088,-0.08931233000000027
578.8000000000001,573.9204204,15.73887481,0.418316462,627.3588449,15.84973923,0.665250026,18.8,34.6384245,-0.11086442000000041
578.9,575.4965682,15.78065452,0.413373255,628.9458533,15.91886428,0.715898627,18.8,34.6492851,-0.13820975999999874
579.0,577.0768629,15.82181103,0.408449051,630.5400328,15.99315936,0.764744235,18.8,34.663169899999914,-0.17134833000000071
579.1,578.661242,15.86234433,0.402217003,632.1419002,16.07253432,0.810885355,18.8,34.680658199999996,-0.21018998999999816
579.2,580.2496433,15.90225443,0.395984954,633.7519726,16.15653842,0.85342049,18.8,34.702329300000045,-0.2542839900000011
579.3000000000001,581.8420045,15.94154132,0.389752905,635.3707671,16.24463077,0.891448144,18.8,34.72876259999994,-0.30308944999999987
579.4,583.4382632,15.98020501,0.383520857,636.9988006,16.33627045,0.92421707,18.8,34.76053739999993,-0.35606544000000007
579.5,585.0383571,16.0182455,0.377288808,638.636518,16.43091657,0.951577018,18.8,34.79816090000004,-0.4126710700000018
579.6,586.6422239,16.05566277,0.371056759,640.2840757,16.52802825,0.973678239,18.8,34.84185180000004,-0.472365479999997
579.7,588.2498013,16.09245685,0.364866074,641.941558,16.62706457,0.991271978,18.8,34.891756700000045,-0.5346077200000003
579.8000000000001,589.8610269,16.12862772,0.35892357,643.6090491,16.72748464,1.005259732,18.8,34.94802220000004,-0.5988569199999993
579.9,591.4758384,16.16417538,0.353477426,645.2866335,16.82883771,1.016542998,18.8,35.01079509999995,-0.6646623299999987
580.0,593.0941736,16.19912466,0.348775824,646.9743952,16.93103363,1.026023271,18.8,35.08022160000003,-0.7319089700000028
580.1,594.71597,16.23359964,0.345066945,648.6724188,17.03407241,1.034602048,18.8,35.15644879999998,-0.800472769999999
580.2,596.3411654,16.26774923,0.342598968,650.3807883,17.13795404,1.043030575,18.8,35.23962289999993,-0.8702048100000006
580.3000000000001,597.9696974,16.30172234,0.341578711,652.0995881,17.24267853,1.051459103,18.8,35.329890700000036,-0.9409561899999979
580.4,599.6015236,16.33566788,0.342047538,653.8289026,17.34824586,1.059887631,18.8,35.427379000000045,-1.0125779799999997
580.5,601.236681,16.36973476,0.343964084,655.5688159,17.45465605,1.068316158,18.8,35.53213490000003,-1.0849212900000005
580.6,602.8752263,16.40407188,0.347121534,657.3194124,17.5619091,1.076744686,18.8,35.64418610000003,-1.157837220000001
580.7,604.5172163,16.43882816,0.351271706,659.0807763,17.67000499,1.085173213,18.8,35.763560000000055,-1.231176829999999
580.8000000000001,606.1627079,16.47412768,0.356166419,660.8529919,17.77894374,1.091294374,18.8,35.89028400000002,-1.3048160600000003
580.9,607.8117578,16.50999526,0.361557494,662.6361436,17.88872534,1.098518382,18.8,36.02438579999996,-1.3787300800000004
581.0,609.4644229,16.54643091,0.367196749,664.4303156,17.99934979,1.099973973,18.8,36.16589269999993,-1.4529188799999986
581.1,611.12076,16.58343461,0.372877368,666.2355921,18.10943268,1.09403441,18.8,36.31483209999995,-1.52599807
581.2,612.7808258,16.62100638,0.378557986,668.0520576,18.22102013,1.078775004,18.8,36.47123180000001,-1.6000137499999987
581.3000000000001,614.4446772,16.65914621,0.384238605,669.8797962,18.32998937,1.051865796,18.8,36.63511899999999,-1.6708431600000004
581.4,616.112371,16.6978541,0.389919223,671.7188922,18.43536438,1.01328419,18.8,36.80652119999998,-1.7375102799999986
581.5,617.783964,16.73713005,0.395599842,673.5692436,18.53599034,0.957290012,18.8,36.985279600000084,-1.7988602900000004
581.6,619.459513,16.77697407,0.40128046,675.4300026,18.63046927,0.888812893,18.8,37.170489599999954,-1.8534951999999976
581.7,621.1390748,16.81738615,0.407133119,677.3001351,18.71740319,0.809091243,18.8,37.361060300000034,-1.900017039999998
581.8000000000001,622.8227062,16.85836629,0.414018019,679.1786071,18.79539413,0.720049751,18.8,37.555900900000054,-1.937027839999999
581.9,624.510464,16.89991449,0.422967402,681.0643844,18.86327711,0.624018377,18.8,37.75392040000004,-1.963362619999998
582.0,626.202405,16.94213397,0.435013509,682.956433,18.92081913,0.523327081,18.8,37.95402799999995,-1.9786851600000013
582.1,627.8985861,16.98554087,0.451188582,684.8537187,18.96802019,0.420305825,18.8,38.15513259999996,-1.9824793199999995
582.2,629.599064,17.03075451,0.472524861,686.7552075,19.0048803,0.316896242,18.8,38.35614349999999,-1.9741257899999987
582.3000000000001,631.3038956,17.07839425,0.499882548,688.6598652,19.03139944,0.213486658,18.8,38.55596959999998,-1.9530051900000025
582.4,633.0132202,17.12907943,0.533433683,690.5666579,19.04757763,0.110077075,18.8,38.75343770000002,-1.9184981999999984
582.5,634.7275075,17.1834294,0.573006226,692.4745513,19.05341486,0.006667492,18.8,38.94704380000003,-1.8699854599999988
582.6,636.4473098,17.2420635,0.617739976,694.3825113,19.04891113,-0.096742091,18.8,39.135201500000065,-1.80684763
582.7,638.1731794,17.30560108,0.666602691,696.289504,19.03406644,-0.200151674,18.8,39.31632459999999,-1.7284653600000013
582.8000000000001,639.9056686,17.37455825,0.71856213,698.1944951,19.00888079,-0.303561257,18.8,39.48882650000003,-1.6343225399999994
582.9,641.6453296,17.44903824,0.772586052,700.0964506,18.97335419,-0.406669959,18.8,39.65112100000006,-1.5243159499999983
583.0,643.3927148,17.52904105,0.827642215,701.9943364,18.92748662,-0.507973371,18.8,39.80162159999993,-1.3984455699999998
583.1,645.1483764,17.61456668,0.882870419,703.8871184,18.8712781,-0.605666207,18.8,39.938742000000005,-1.256711420000002
583.2,646.9128667,17.70561513,0.938098623,705.7737625,18.80490915,-0.697943176,18.8,40.06089579999998,-1.0992940199999985
583.3000000000001,648.6867381,17.80218641,0.993326826,707.6532346,18.72928241,-0.782998991,18.8,40.166496500000065,-0.9270959999999988
583.4,650.4705426,17.9042805,1.04855503,709.5245006,18.64548107,-0.859028362,18.8,40.25395799999997,-0.7412005700000002
583.5,652.2648327,18.01189741,1.103783233,711.3865264,18.55458828,-0.924526882,18.8,40.321693699999926,-0.5426908700000013
583.6,654.0701607,18.12503714,1.159011437,713.2384224,18.45768723,-0.979193669,18.8,40.36826170000002,-0.33265009000000134
583.7,655.8870788,18.2436997,1.21423964,715.0798765,18.35586108,-1.023329606,18.8,40.39279769999992,-0.11216137999999987
583.8000000000001,657.7161392,18.36788507,1.268539219,716.9107213,18.25019302,-1.0584391,18.8,40.39458209999994,0.11769204999999872
583.9,659.5578944,18.49759327,1.312719064,718.730789,18.14176621,-1.086327438,18.8,40.37289459999995,0.3558270599999993
584.0,661.4128965,18.63282428,1.354851392,720.5399123,18.0314833,-1.10879991,18.8,40.327015799999984,0.6013409799999998
584.1,663.2816978,18.77302094,1.375720493,722.3379235,17.91952482,-1.127661805,18.8,40.25622570000003,0.8534961199999991
584.2,665.1648507,18.91266858,1.374302608,724.124655,17.80589077,-1.144718411,18.8,40.159804299999976,1.106777809999997
584.3000000000001,667.0629074,19.05661053,1.345025992,725.8999394,17.69058114,-1.161474136,18.8,40.037032000000025,1.3660293900000013
584.4,668.9764201,19.19331737,1.283247521,727.663609,17.57359594,-1.178229861,18.8,39.88718889999991,1.6197214299999985
584.5,670.9054955,19.32217483,1.19258656,729.4154964,17.45493517,-1.194985586,18.8,39.710000900000026,1.8672396600000027
584.6,672.8484571,19.43983988,1.06032777,731.1554339,17.33459882,-1.21174131,18.8,39.50697680000003,2.105241060000001
584.7,674.8031828,19.54296946,0.904758235,732.8832539,17.2125869,-1.228497035,18.8,39.28007110000006,2.3303825599999968
584.8000000000001,676.7675504,19.62822052,0.726901715,734.598789,17.08889941,-1.24525276,18.8,39.03123860000001,2.5393211099999995
584.9,678.7394377,19.6928072,0.532329956,736.3018716,16.96353635,-1.262009336,18.8,38.76243389999998,2.7292708500000025
585.0,680.7167226,19.73617231,0.326614703,737.9923341,16.83649772,-1.278771018,18.8,38.47561149999997,2.89967459
585.1,682.6972829,19.75831586,0.115327705,739.6700089,16.70778351,-1.295542913,18.8,38.17272599999997,3.050532350000001
585.2,684.6789965,19.75923785,-0.096887918,741.3347286,16.57739322,-1.312330128,18.8,37.85573209999991,3.1818446300000005
585.3000000000001,686.6597413,19.73893828,-0.309103541,742.9863255,16.44532429,-1.329137768,18.8,37.52658420000007,3.2936139900000008
585.4,688.637395,19.69741714,-0.521319164,744.624632,16.31157367,-1.345970941,18.8,37.18723700000005,3.3858434699999975
585.5,690.6098355,19.63467444,-0.733534786,746.2494807,16.17613828,-1.362833902,18.8,36.83964520000002,3.4585361600000013
585.6,692.5749406,19.55071019,-0.945750409,747.8607036,16.03901506,-1.379727502,18.8,36.48576299999998,3.5116951299999997
585.7,694.5305883,19.44552436,-1.157966032,749.458131,15.90020095,-1.39665089,18.8,36.12754270000001,3.54532341
585.8000000000001,696.4746563,19.31911698,-1.369310179,751.041593,15.75969288,-1.413599809,18.8,35.766936700000045,3.559424100000001
585.9,698.4050225,19.17148803,-1.575425472,752.6109196,15.61748779,-1.430569155,18.8,35.40589710000002,3.554000239999999
586.0,700.3195647,19.00263752,-1.771083056,754.1659406,15.47358313,-1.447553821,18.8,35.0463759,3.5290543900000007
586.1,702.2161608,18.81308834,-1.951054077,755.7064862,15.32797839,-1.464548699,18.8,34.69032539999996,3.48510995
586.2,704.0926886,18.6054549,-2.110109681,757.2323863,15.18067356,-1.481548684,18.8,34.33969770000006,3.424781340000001
586.3000000000001,705.9470259,18.38287453,-2.248972335,758.743471,15.03166865,-1.49854952,18.8,33.99644510000003,3.3512058799999984
586.4,707.7770507,18.14848453,-2.345430694,760.2395701,14.88096366,-1.515550356,18.8,33.66251940000002,3.2675208700000002
586.5,709.581059,17.90542222,-2.416467249,761.7205137,14.72855858,-1.532551191,18.8,33.33945469999999,3.1768636399999988
586.6,711.3590202,17.65325412,-2.457002154,763.1861319,14.57445342,-1.549552027,18.8,33.027111699999935,3.0788007000000004
586.7,713.1113221,17.40582992,-2.471392787,764.6362545,14.41864818,-1.566552863,18.8,32.7249323999999,2.9871817399999987
586.8000000000001,714.8383523,17.15557455,-2.464868003,766.0707115,14.26114285,-1.583553699,18.8,32.43235920000002,2.8944317
586.9,716.5404985,16.90867324,-2.436705332,767.4893331,14.10193744,-1.600858088,18.8,32.148834599999944,2.8067357999999984
587.0,718.2181485,16.66564886,-2.409987599,768.8919491,13.94103194,-1.6199838,18.8,31.87380060000005,2.7246169200000008
587.1,719.8716898,16.42650142,-2.372089689,770.2783895,13.77842636,-1.642752156,18.8,31.60669969999999,2.648075060000002
587.2,721.5015103,16.19123092,-2.333320302,771.6484844,13.61393857,-1.670984478,18.8,31.34697410000008,2.5772923499999987
587.3000000000001,723.1079976,15.95983736,-2.294550916,773.0020637,13.4466579,-1.706502088,18.8,31.09406610000003,2.51317946
587.4,724.6915393,15.73232074,-2.25578153,774.3389574,13.27549156,-1.751126309,18.8,30.84741809999998,2.4568291799999997
587.5,726.2525232,15.50868106,-2.217012144,775.6589956,13.09934675,-1.806374908,18.8,30.606472399999983,2.40933431
587.6,727.791337,15.28891831,-2.178242758,776.9618624,12.91713069,-1.872551439,18.8,30.370525399999973,2.371787619999999
587.7,729.3083684,15.0730325,-2.139473371,778.2466594,12.72775058,-1.94935235,18.8,30.13829100000005,2.3452819199999997
587.8000000000001,730.8040051,14.86102364,-2.101122587,779.5123423,12.53011362,-2.035259871,18.8,29.90833719999996,2.330910020000001
587.9,732.2786347,14.65289171,-2.065283415,780.7578669,12.32312703,-2.12845268,18.8,29.679232199999955,2.3297646800000003
588.0,733.7326449,14.44863672,-2.036510161,781.9821889,12.10588015,-2.227109455,18.8,29.449544000000014,2.342756569999999
588.1,735.1664236,14.2480075,-2.011186352,783.1842642,11.87819083,-2.329408874,18.8,29.2178406,2.3698166700000005
588.2,736.5803582,14.04974826,-1.997951684,784.3630483,11.64005908,-2.433529616,18.8,28.982690099999967,2.409689179999999
588.3000000000001,737.9748366,13.85112641,-1.997275076,785.5174972,11.3914849,-2.537953911,18.8,28.742660599999976,2.459641510000001
588.4,739.3502464,13.65431183,-2.011249536,786.6465665,11.1324683,-2.642378206,18.8,28.496320100000002,2.52184353
588.5,740.7067744,13.4541207,-2.040293666,787.7492121,10.86300926,-2.746802501,18.8,28.24243770000005,2.5911114400000006
588.6,742.0438037,13.25027167,-2.08194617,788.8243896,10.5831078,-2.851226796,18.8,27.980585900000005,2.6671638699999995
588.7,743.3605163,13.04125778,-2.140242122,789.8710548,10.2927639,-2.955651091,18.8,27.71053850000005,2.74849388
588.8000000000001,744.6560944,12.82557206,-2.206541827,790.8881636,9.99197758,-3.060075386,18.8,27.432069199999955,2.8335944800000004
588.9,745.9297201,12.60195871,-2.280376366,791.8746716,9.680748827,-3.164499681,18.8,27.1449515,2.9212098829999995
589.0,747.1805755,12.37016655,-2.359234129,792.8295346,9.359077644,-3.26817296,18.8,26.848959099999956,3.0110889060000012
589.1,748.4078428,12.1301956,-2.440603503,793.7517083,9.026964032,-3.367340138,18.8,26.543865499999992,3.103231568
589.2,749.6107041,11.88204585,-2.52239148,794.6401486,8.68440799,-3.457495116,18.8,26.229444499999953,3.1976378600000004
589.3000000000001,750.7883414,11.6257173,-2.604179456,795.4938111,8.331860128,-3.534131794,18.8,25.90546969999998,3.293857171999999
589.4,751.9399369,11.36120996,-2.685967433,796.3116517,7.971573498,-3.592744072,18.8,25.57171479999995,3.3896364620000003
589.5,753.0646728,11.08852382,-2.767755409,797.0926261,7.606251757,-3.628825849,18.8,25.22795329999992,3.482272063000001
589.6,754.1617311,10.80765888,-2.849543386,797.83569,7.238598568,-3.638622042,18.8,24.8739589,3.5690603120000004
589.7,755.230294,10.51861514,-2.931331362,798.5401597,6.871317589,-3.621381634,18.8,24.509865700000045,3.6472975509999994
589.8000000000001,756.2695435,10.22139261,-3.013119339,799.2067934,6.507112481,-3.577855643,18.8,24.137249899999983,3.7142801290000005
589.9,757.2786619,9.915991273,-3.094312354,799.8367097,6.148686904,-3.511799151,18.8,23.758047800000053,3.7673043689999997
590.0,758.2568312,9.602411142,-3.171935599,800.4310274,5.798744517,-3.427718259,18.8,23.374196199999982,3.803666624999999
590.1,759.2032335,9.280652214,-3.242419306,800.9908652,5.459538372,-3.330119066,18.8,22.98763170000002,3.821113842
590.2,760.117051,8.951071465,-3.302193703,801.5173417,5.131519077,-3.223507674,18.8,22.600290700000027,3.819552388
590.3000000000001,760.9974658,8.615453781,-3.347689023,802.0115756,4.814686634,-3.112390181,18.8,22.214109800000028,3.8007671469999993
590.4,761.84366,8.275941022,-3.375335494,802.4746856,4.509041041,-3.000521671,18.8,21.831025600000043,3.766899981
590.5,762.6548157,7.934675051,-3.38215831,802.9077904,4.214582299,-2.888653162,18.8,21.45297469999998,3.7200927520000002
590.6,763.4304007,7.593797729,-3.367562509,803.3120086,3.931310409,-2.776784652,18.8,21.081607900000062,3.6624873200000003
590.7,764.1710249,7.255450918,-3.332143052,803.688459,3.659225369,-2.664916143,18.8,20.717434099999945,3.596225549
590.8000000000001,764.877584,6.921776479,-3.278874747,804.0382603,3.39832718,-2.553047633,18.8,20.36067630000009,3.523449299
590.9,765.5509735,6.594916275,-3.211327365,804.362531,3.148615842,-2.441179124,18.8,20.011557499999935,3.446300433
591.0,766.1920892,6.276655191,-3.133070673,804.66239,2.910091355,-2.329257444,18.8,19.670300799999904,3.3665638359999996
591.1,766.8018265,5.967350202,-3.047674442,804.9389559,2.682753719,-2.217016745,18.8,19.337129400000048,3.2845964830000005
591.2,767.3810812,5.66700131,-2.958708442,805.1933473,2.466602934,-2.104138007,18.8,19.012266099999987,3.200398376
591.3000000000001,767.9307488,5.375608514,-2.869147481,805.426683,2.261670902,-1.990302209,18.8,18.695934200000078,3.1139376119999995
591.4,768.4517248,5.093171814,-2.779586519,805.6400817,2.068117133,-1.875190332,18.8,18.38835690000003,3.025054681
591.5,768.9449051,4.81969121,-2.690025557,805.834662,1.886133038,-1.758483356,18.8,18.08975689999995,2.933558172
591.6,769.411185,4.555166702,-2.600464595,806.0115426,1.71591003,-1.639915432,18.8,17.800357599999938,2.8392566720000003
591.7,769.8514604,4.299598291,-2.510903633,806.1718678,1.55763952,-1.51943339,18.8,17.52040740000002,2.7419587709999997
591.8000000000001,770.2666266,4.052985976,-2.421342672,806.3168837,1.411512921,-1.397090398,18.8,17.250257099999953,2.6414730550000005
591.9,770.6575795,3.815329757,-2.331563249,806.4478623,1.277721643,-1.273152309,18.8,16.9902828,2.537608114
592.0,771.0252145,3.586629634,-2.240473057,806.5660754,1.156457099,-1.14793814,18.8,16.740860900000097,2.4301725349999996
592.1,771.3704274,3.366885607,-2.14676133,806.6727947,1.047878799,-1.021766912,18.8,16.502367300000014,2.319006808
592.2,771.6941136,3.156228753,-2.049117297,806.769292,0.952018645,-0.894957644,18.8,16.275178399999913,2.2042101080000003
592.3000000000001,771.9971689,2.955314457,-1.946230192,806.8568393,0.868876636,-0.767829357,18.8,16.059670400000027,2.086437821
592.4,772.2804887,2.764929178,-1.836789247,806.9367083,0.798452774,-0.640647899,18.8,15.856219599999985,1.966476404
592.5,772.5449688,2.585859378,-1.719702153,807.0101708,0.740747057,-0.513466442,18.8,15.665201999999976,1.8451123209999998
592.6,772.7916096,2.418891518,-1.59475045,807.0784986,0.695759485,-0.386284985,18.8,15.486888999999973,1.7231320330000002
592.7,773.0218311,2.264812059,-1.4621526,807.1429636,0.66349006,-0.259103528,18.8,15.321132500000044,1.601321999
592.8000000000001,773.2371579,2.124407461,-1.323000908,807.2048376,0.64393878,-0.13192207,18.8,15.167679699999962,1.480468681
592.9,773.4391149,1.998464187,-1.178606144,807.2653923,0.637105646,-0.004740613,18.8,15.02627739999998,1.361358541
593.0,773.6292268,1.887637618,-1.030279075,807.3258996,0.642990657,0.122225576,18.8,14.896672799999987,1.244646961
593.1,773.8090185,1.792058833,-0.87933047,807.3876314,0.661593814,0.247900159,18.8,14.778612900000052,1.130465019
593.2,773.9800147,1.711727832,-0.727071097,807.4518593,0.692915117,0.370991526,18.8,14.671844600000053,1.0188127150000001
593.3000000000001,774.1437402,1.646644614,-0.574593262,807.5198553,0.736825405,0.490208072,18.8,14.576115099999992,0.9098192089999999
593.4,774.3017197,1.596809179,-0.422115427,807.5928912,0.792678875,0.604258189,18.8,14.491171500000018,0.8041303040000001
593.5,774.4554781,1.562221528,-0.269637593,807.6722387,0.859700561,0.711850269,18.8,14.416760599999929,0.702520967
593.6,774.6065402,1.542881661,-0.117159758,807.7591697,0.9371155,0.811907974,18.8,14.352629499999988,0.605766161
593.7,774.7564306,1.538789577,0.035318076,807.8548526,1.024148728,0.904216035,18.8,14.298421999999913,0.5146408490000001
593.8000000000001,774.9066742,1.549945276,0.187795911,807.9600427,1.120025279,0.988989721,18.8,14.253368500000033,0.42991999700000005
593.9,775.0587957,1.576348759,0.339675468,808.0753918,1.22397019,1.06730537,18.8,14.216596100000015,0.3523785690000001
594.0,775.21432,1.618000025,0.487965354,808.2015517,1.335208496,1.14045459,18.8,14.187231699999938,0.28279152900000004
594.1,775.3747719,1.674899075,0.629075901,808.3391743,1.453094394,1.209728989,18.8,14.164402399999926,0.22180468099999984
594.2,775.541676,1.746686941,0.759417439,808.4889114,1.577498722,1.276420173,18.8,14.147235399999953,0.16918821900000003
594.3000000000001,775.7165571,1.831568789,0.875400298,808.6514148,1.708421482,1.34181975,18.8,14.134857699999952,0.12314730699999998
594.4,775.9009402,1.927390817,0.976614815,808.8273365,1.845862672,1.407004058,18.8,14.126396299999964,0.08152814500000005
594.5,776.0963498,2.031999223,1.053637072,809.0173281,1.989822294,1.472188367,18.8,14.1209783,0.04217692900000003
594.6,776.3040237,2.143240204,1.106086331,809.2220417,2.140300346,1.537372676,18.8,14.11801799999996,0.002939857999999962
594.7,776.5240508,2.260867964,1.140703342,809.442129,2.297296829,1.602556985,18.8,14.118078199999967,-0.03642886499999998
594.8000000000001,776.7562327,2.378869185,1.157372006,809.6782419,2.460811743,1.667741294,18.8,14.122009199999933,-0.08194255799999972
594.9,777.0003712,2.495220588,1.15968199,809.9310321,2.630845087,1.732925602,18.8,14.13066090000002,-0.13562449899999995
595.0,777.2562681,2.611812822,1.148042958,810.2011517,2.807396863,1.798109911,18.8,14.144883599999911,-0.19558404100000004
595.1,777.5237251,2.726422426,1.132477106,810.4892523,2.99046707,1.862834065,18.8,14.165527199999996,-0.2640446439999997
595.2,777.8025439,2.839049398,1.116356566,810.7959859,3.180055707,1.924797289,18.8,14.193441999999958,-0.3410063090000004
595.3000000000001,778.0925263,2.949693739,1.096530253,811.1220042,3.376162775,1.981238653,18.8,14.22947789999996,-0.42646903599999986
595.4,778.393474,3.058355449,1.076703941,811.4679592,3.578512182,2.029397227,18.8,14.274485200000026,-0.5201567329999999
595.5,778.7051887,3.165034527,1.056877628,811.8345027,3.785723461,2.066512082,18.8,14.329314000000021,-0.6206889339999999
595.6,779.0274722,3.269730974,1.037051316,812.2222864,3.996140055,2.089822286,18.8,14.394814199999995,-0.7264090810000003
595.7,779.3601262,3.37244479,1.017225003,812.6319624,4.208105406,2.097027067,18.8,14.471836200000052,-0.8356606159999997
595.8000000000001,779.7029525,3.473175975,0.99739869,813.0639614,4.419962956,2.087666267,18.8,14.561008900000001,-0.9467869809999998
595.9,780.0557527,3.571924528,0.977572378,813.5178311,4.630056147,2.062200043,18.8,14.662078399999995,-1.0581316190000005
596.0,780.4183287,3.668690451,0.957939657,813.9928979,4.836728422,2.02292917,18.8,14.774569200000041,-1.1680379710000004
596.1,780.7904821,3.763473741,0.939468483,814.4884885,5.038323221,1.972614576,18.8,14.898006400000053,-1.2748494799999999
596.2,781.1720148,3.856274401,0.923814014,815.0039296,5.233460081,1.914017193,18.8,15.031914799999935,-1.3771856799999997
596.3000000000001,781.5627283,3.947208584,0.910656969,815.5385476,5.421862908,1.84989795,18.8,15.175819300000011,-1.4746543239999994
596.4,781.9624246,4.036857065,0.902639724,816.0916692,5.603531702,1.783017777,18.8,15.329244599999992,-1.5666746369999993
596.5,782.3709052,4.126212937,0.900430217,816.6626209,5.778466463,1.715677449,18.8,15.49171569999994,-1.652253526
596.6,782.787972,4.215084632,0.904996404,817.2507295,5.946667192,1.648337122,18.8,15.662757500000065,-1.7315825599999997
596.7,783.2135196,4.305057576,0.916531877,817.8553214,6.108133888,1.580996794,18.8,15.841801799999939,-1.803076312
596.8000000000001,783.6478144,4.396532531,0.934349435,818.4757233,6.262866551,1.513656466,18.8,16.02790890000001,-1.86633402
596.9,784.0912156,4.490206427,0.95896195,819.1112617,6.410865181,1.446316138,18.8,16.220046099999944,-1.9206587539999997
597.0,784.5440825,4.586776191,0.987727046,819.7612633,6.552129778,1.37897581,18.8,16.41718080000005,-1.965353587
597.1,785.0067744,4.686822598,1.019976785,820.4250547,6.686660343,1.311876868,18.8,16.61828029999999,-1.9998377449999998
597.2,785.4796506,4.790461802,1.054549619,821.1019624,6.814456874,1.246226244,18.8,16.822311800000033,-2.023995072
597.3000000000001,785.9630704,4.897693803,1.090284001,821.7913131,6.935519373,1.183472254,18.8,17.028242700000032,-2.03782557
597.4,786.457393,5.008518602,1.126211974,822.4924333,7.049992671,1.125063216,18.8,17.23504029999999,-2.0414740690000004
597.5,786.9629777,5.122936198,1.162139946,823.2046497,7.158600927,1.072447447,18.8,17.441671999999993,-2.0356647290000005
597.6,787.4801838,5.240946591,1.198067919,823.9272888,7.26221313,1.027073264,18.8,17.647105000000078,-2.021266539
597.7,788.0093706,5.362549782,1.233995892,824.6596772,7.361698272,0.98948111,18.8,17.85030660000002,-1.9991484899999996
597.8000000000001,788.5508974,5.48774577,1.269923865,825.4012575,7.457925343,0.961488162,18.8,18.05036009999999,-1.9701795730000002
597.9,789.1051234,5.616534555,1.305851838,826.1519354,7.551763332,0.942124593,18.8,18.24681199999993,-1.9352287769999998
598.0,789.6724079,5.748916137,1.341526587,826.9117329,7.643681337,0.929578935,18.8,18.439324999999894,-1.8947652000000001
598.1,790.2531102,5.884890517,1.375681989,827.6806717,7.735493824,0.922826546,18.8,18.62756149999991,-1.850603307
598.2,790.8475896,6.024457694,1.406798698,828.4587736,7.827487886,0.920419109,18.8,18.81118399999998,-1.8030301920000005
598.3000000000001,791.4562053,6.167465734,1.433357368,829.2460603,7.919445633,0.921574795,18.8,18.989854999999988,-1.7519798989999993
598.4,792.0793167,6.313154963,1.453838652,830.0425538,8.01162127,0.923269496,18.8,19.1632370999999,-1.6984663069999995
598.5,792.717283,6.460613774,1.466723203,830.8482756,8.104014797,0.925024722,18.8,19.330992600000013,-1.643401023
598.6,793.3704635,6.608930558,1.470744901,831.6632478,8.196626214,0.927203623,18.8,19.492784299999993,-1.5876956560000002
598.7,794.0390959,6.757193708,1.465650519,832.4874919,8.289455522,0.929382524,18.8,19.648396,-1.5322618140000008
598.8000000000001,794.7229318,6.904491616,1.451693284,833.3210299,8.382502719,0.931561425,18.8,19.798098100000015,-1.478011103
598.9,795.4216012,7.049912674,1.430139315,834.1638835,8.475767807,0.933740325,18.8,19.942282299999942,-1.4258551330000007
599.0,796.134734,7.192545275,1.402507961,835.0160745,8.569250784,0.935919226,18.8,20.081340499999964,-1.3767055089999998
599.1,796.8619603,7.331629744,1.370318568,835.8776247,8.662951652,0.937371827,18.8,20.21566439999999,-1.3313219080000005
599.2,797.60291,7.467014147,1.335090482,836.7485559,8.75687041,0.939187578,18.8,20.34564590000009,-1.289856262999999
599.3000000000001,798.3572132,7.598698485,1.298343049,837.6288899,8.851007058,0.939011381,18.8,20.471676699999943,-1.2523085730000005
599.4,799.1244997,7.726682757,1.261342392,838.5186484,8.944925815,0.936469976,18.8,20.59414869999996,-1.2182430579999997
599.5,799.9043997,7.850966963,1.224341735,839.4178533,9.03932166,0.930866751,18.8,20.713453600000047,-1.1883546970000003
599.6,800.6965432,7.971551104,1.187341078,840.3265263,9.132657613,0.92143625,18.8,20.829983100000003,-1.1611065089999988
599.7,801.50056,8.088435179,1.150340421,841.2446892,9.224833638,0.90813932,18.8,20.944129200000088,-1.1363984590000005
599.8000000000001,802.3160802,8.201619188,1.113339764,842.1723026,9.31539046,0.88905221,18.8,21.056222399999978,-1.1137712719999993
599.9,803.1427339,8.311103132,1.076339106,843.1090821,9.403868808,0.86609867,18.8,21.16634819999997,-1.0927656760000009
600.0,803.9801509,8.41688701,1.03909255,844.054682,9.489809407,0.839317855,18.8,21.274531099999944,-1.0729223969999993
600.1,804.8279613,8.518970822,1.000370594,845.0087568,9.572752985,0.80947522,18.8,21.380795500000044,-1.0537821629999993
600.2,805.6857951,8.617354568,0.958697841,845.9709608,9.652316815,0.77733622,18.8,21.485165699999992,-1.034962247000001
600.3000000000001,806.5532822,8.711890709,0.912598892,846.9409483,9.728424351,0.743666309,18.8,21.587666099999932,-1.0165336419999988
600.4,807.4300528,8.801841545,0.860598348,847.9183738,9.801075592,0.709230944,18.8,21.68832100000004,-0.9992340469999998
600.5,808.3157366,8.886321836,0.80122081,848.9028916,9.870270539,0.674668002,18.8,21.787154999999938,-0.9839487029999994
600.6,809.2099639,8.964446345,0.73323678,849.894156,9.936009193,0.640105061,18.8,21.884192099999904,-0.9715628479999996
600.7,810.1122464,9.03532983,0.656400358,850.8918216,9.998291552,0.60554212,18.8,21.979575199999953,-0.9629617219999993
600.8000000000001,811.0216241,9.098087054,0.570957443,851.8955425,10.05711762,0.570979179,18.8,22.07391839999998,-0.9590305659999991
600.9,811.9370188,9.151832777,0.478137535,852.9049732,10.11248739,0.536416237,18.8,22.16795439999994,-0.9606546130000009
601.0,812.8573522,9.195681759,0.379416032,853.9197681,10.16440086,0.501853296,18.8,22.26241590000002,-0.9687191010000014
601.1,813.7815461,9.228896302,0.276268333,854.9395815,10.21285805,0.467290355,18.8,22.358035400000016,-0.9839617479999987
601.2,814.7085224,9.251328866,0.170169836,855.9640679,10.25785894,0.432706002,18.8,22.45554550000004,-1.0065300740000005
601.3000000000001,815.6372029,9.26297945,0.062595941,856.9928815,10.29940353,0.397993178,18.8,22.55567859999992,-1.0364240799999997
601.4,816.5665093,9.263848054,-0.045223854,858.0256767,10.33749183,0.363023412,18.8,22.659167399999955,-1.073643775999999
601.5,817.4953635,9.253934679,-0.153043649,859.062108,10.37211099,0.327668233,18.8,22.766744499999913,-1.1181763109999991
601.6,818.4226872,9.233239324,-0.260863444,860.1018296,10.40319677,0.29179917,18.8,22.87914239999993,-1.1699574459999997
601.7,819.3474023,9.20176199,-0.368683239,861.144496,10.43067209,0.255287753,18.8,22.997093700000004,-1.2289101000000002
601.8000000000001,820.2684306,9.159502676,-0.476503035,862.1897616,10.45445987,0.218026922,18.8,23.12133100000001,-1.2949571940000002
601.9,821.1846939,9.106461383,-0.58432283,863.2372703,10.47448303,0.179995265,18.8,23.25257640000002,-1.3680216470000008
602.0,822.0951139,9.04263811,-0.692142625,864.2866253,10.49066448,0.141214194,18.8,23.391511399999967,-1.4480263699999991
602.1,822.9986125,8.968032858,-0.798989999,865.3374191,10.50292714,0.101790769,18.8,23.538806599999997,-1.5348942819999998
602.2,823.8941114,8.882645626,-0.900002849,866.3892446,10.51119393,0.061853459,18.8,23.69513319999994,-1.6285483039999988
602.3000000000001,824.7805326,8.786476415,-0.989346648,867.4416944,10.51540061,0.021530737,18.8,23.861161799999945,-1.7289241950000012
602.4,825.6567977,8.680108677,-1.061186874,868.4943612,10.51553434,-0.019048927,18.8,24.037563499999987,-1.8354256630000005
602.5,826.5218286,8.566459674,-1.109689,869.5468378,10.51159511,-0.059757061,18.8,24.2250092,-1.9451354359999993
602.6,827.3745471,8.449030121,-1.129018503,870.5987167,10.50358292,-0.100486608,18.8,24.42416959999998,-2.0545527989999997
602.7,828.213875,8.331320734,-1.114313277,871.6495908,10.49149779,-0.141216155,18.8,24.635715800000025,-2.160177056
602.8000000000001,829.0392008,8.216832226,-1.064600902,872.6990528,10.47533969,-0.181945702,18.8,24.859852,-2.258507464000001
602.9,829.8517802,8.109065313,-0.9808538,873.7466952,10.45510865,-0.222675248,18.8,25.09491499999997,-2.3460433369999993
603.0,830.6533355,8.011520711,-0.867934074,874.792111,10.43080464,-0.263404795,18.8,25.33877549999995,-2.4192839290000006
603.1,831.4455892,7.927699132,-0.731676248,875.8348926,10.40242769,-0.304134342,18.8,25.589303400000016,-2.474728558
603.2,832.2302635,7.860517841,-0.577914848,876.874633,10.36997777,-0.344145526,18.8,25.844369500000038,-2.509459929
603.3000000000001,833.0090809,7.810560289,-0.412484398,877.9109247,10.33345491,-0.376715984,18.8,26.10184380000005,-2.5228946210000007
603.4,833.7837637,7.777826477,-0.241219424,878.9433604,10.29285909,-0.406927181,18.8,26.35959669999995,-2.5150326130000007
603.5,834.5560343,7.762316405,-0.068982029,879.971533,10.24862133,-0.421077297,18.8,26.615498700000057,-2.4863049250000007
603.6,835.3276151,7.764030072,0.103255367,880.995035,10.20477505,-0.417986701,18.8,26.867419900000026,-2.4407449780000006
603.7,836.1002284,7.782967478,0.275492762,882.0134592,10.15827138,-0.393345216,18.8,27.113230800000064,-2.3753039020000006
603.8000000000001,836.8755967,7.819128624,0.447730157,883.0263982,10.1173314,-0.343561025,18.8,27.350801500000056,-2.2982027759999992
603.9,837.6554423,7.872513509,0.619967552,884.0337897,10.08266289,-0.271046314,18.8,27.57834740000005,-2.210149381
604.0,838.4414875,7.943122134,0.792204948,885.0369504,10.05685196,-0.167127803,18.8,27.79546290000003,-2.1137298259999993
604.1,839.2354548,8.030954499,0.963839925,886.0375418,10.04248471,-0.04478895,18.8,28.002087000000028,-2.011530211
604.2,840.0390666,8.136010603,1.131860394,887.0372256,10.04214726,0.094790615,18.8,28.1981590000001,-1.9061366569999993
604.3000000000001,840.8540451,8.258290447,1.292651847,888.0376633,10.0579947,0.247300714,18.8,28.383618199999955,-1.7997042529999998
604.4,841.6821128,8.397432579,1.442599775,889.0405165,10.09045803,0.408431168,18.8,28.55840369999994,-1.6930254510000005
604.5,842.524992,8.551629746,1.578089671,890.0474469,10.13953726,0.573871801,18.8,28.722454899999956,-1.5879075140000012
604.6,843.3844052,8.718713242,1.695507027,891.060116,10.20523239,0.740030797,18.8,28.875710800000046,-1.486519148000001
604.7,844.2620746,8.896514364,1.791839751,892.0801855,10.28754342,0.906189793,18.8,29.018110899999964,-1.3910290560000007
604.8000000000001,845.1594336,9.082864406,1.866905092,893.1093168,10.38647034,1.072348789,18.8,29.14988319999993,-1.3036059340000001
604.9,846.0767586,9.275594662,1.920291277,894.1491716,10.50201317,1.238507784,18.8,29.272413000000096,-1.226418508
605.0,847.0140372,9.47253643,1.955534977,895.2014115,10.6341719,1.40466678,18.8,29.387374299999987,-1.1616354700000002
605.1,847.9712566,9.671772801,1.976565449,896.267698,10.78294653,1.570825776,18.8,29.496441400000048,-1.1111737290000008
605.2,848.9484043,9.870888009,1.986752397,897.3496928,10.94833706,1.736162167,18.8,29.601288499999963,-1.0774490510000003
605.3000000000001,849.9454678,10.06983535,1.989578332,898.4490575,11.13034348,1.89656293,18.8,29.70358970000002,-1.0605081300000005
605.4,850.9624343,10.26880368,1.988634086,899.5674536,11.32896581,2.047092436,18.8,29.80501929999998,-1.0601621300000001
605.5,851.9992914,10.4676461,1.987549952,900.7065427,11.54371047,2.182815058,18.8,29.907251300000052,-1.076064370000001
605.6,853.0560265,10.66636263,1.986535762,901.8679864,11.77210966,2.301813769,18.8,30.01195989999992,-1.1057470299999999
605.7,854.1326269,10.86495325,1.985276767,903.0534464,12.01120199,2.390097135,18.8,30.120819499999993,-1.1462487400000008
605.8000000000001,855.2290801,11.06341798,1.984017773,904.2645841,12.25802609,2.452607938,18.8,30.235503999999946,-1.194608109999999
605.9,856.3453735,11.26175681,1.982758778,905.5026664,12.51143175,2.485504972,18.8,30.3572928999999,-1.2496749400000002
606.0,857.4814944,11.45996974,1.981499783,906.7673805,12.76302409,2.489610842,18.8,30.48588609999997,-1.30305435
606.1,858.6374304,11.65805676,1.98019061,908.0580191,13.01527524,2.469038571,18.8,30.620588700000052,-1.3572184800000002
606.2,859.8131687,11.85601789,1.978580368,909.3738744,13.26341264,2.425705184,18.8,30.76070569999997,-1.40739475
606.3000000000001,861.0086969,12.05385312,1.976367988,910.7142392,13.5049685,2.373602117,18.8,30.905542299999933,-1.451115380000001
606.4,862.2240023,12.25153235,1.9732524,912.0784057,13.73944923,2.308609192,18.8,31.05440339999991,-1.4879168800000002
606.5,863.4590723,12.44890503,1.968932536,913.4656666,13.96685486,2.238680639,18.8,31.20659429999996,-1.5179498299999992
606.6,864.7138944,12.64579053,1.963107326,914.8753142,14.18718536,2.16792948,18.8,31.36141980000009,-1.5413948300000015
606.7,865.988456,12.8420082,1.955525879,916.3066412,14.40044075,2.097178322,18.8,31.518185199999902,-1.5584325499999991
606.8000000000001,867.2827203,13.03737741,1.946138017,917.7589399,14.60662103,2.026427164,18.8,31.67621959999992,-1.56924362
606.9,868.5965544,13.23171752,1.934993919,919.231503,14.80572618,1.955676006,18.8,31.83494860000003,-1.5740086600000005
607.0,869.9298011,13.42484787,1.922344475,920.7236227,14.99775623,1.884924847,18.8,31.9938216,-1.5729083599999996
607.1,871.2823035,13.61658784,1.908490754,922.2345918,15.18271115,1.814173689,18.8,32.15228829999997,-1.56612331
607.2,872.6539042,13.80678688,1.893733826,923.7637025,15.36059097,1.743422531,18.8,32.30979829999997,-1.5538040899999999
607.3000000000001,874.0444463,13.99541489,1.87837476,925.3102475,15.53139566,1.672875472,18.8,32.465801199999945,-1.53598077
607.4,875.4537727,14.18247187,1.862714624,926.8735192,15.69512524,1.603553009,18.8,32.61974650000009,-1.5126533699999989
607.5,876.8817262,14.36795781,1.84700431,928.4528101,15.8517797,1.536679737,18.8,32.771083899999965,-1.4838218899999998
607.6,878.3281498,14.55187273,1.831293996,930.0474127,16.00148151,1.473480253,18.8,32.91926289999999,-1.449608780000002
607.7,879.7928863,14.73421661,1.815583683,931.6566195,16.14484296,1.415179151,18.8,33.06373320000007,-1.4106263499999976
607.8000000000001,881.2757786,14.91498947,1.799873369,933.2797229,16.28259881,1.363001028,18.8,33.20394430000006,-1.3676093399999996
607.9,882.7766697,15.09419129,1.784163055,934.9160155,16.41548381,1.317966381,18.8,33.339345800000004,-1.3212925200000019
608.0,884.2954024,15.27182208,1.768452741,936.5648877,16.54423273,1.280279308,18.8,33.469485300000045,-1.2724106500000012
608.1,885.8318196,15.44788183,1.752742428,938.2261219,16.66958032,1.24973571,18.8,33.59430229999994,-1.2216984900000014
608.2,887.3857643,15.62237056,1.736741682,939.8995983,16.79226134,1.225315091,18.8,33.71383399999998,-1.1698907799999994
608.3000000000001,888.9570793,15.79528826,1.718998342,941.5851972,16.91301054,1.205792854,18.8,33.82811790000001,-1.1177222799999988
608.4,890.5456075,15.96663492,1.697769814,943.2827989,17.03244023,1.189944405,18.8,33.93719140000003,-1.0658053099999982
608.5,892.1511918,16.1362363,1.671313505,944.9922837,17.15067287,1.176545148,18.8,34.04109190000004,-1.0144365700000009
608.6,893.7736751,16.30322108,1.63788682,946.713532,17.26770844,1.164370486,18.8,34.1398569,-0.9644873599999997
608.7,895.4129003,16.46654372,1.595747166,948.446424,17.38354696,1.152399924,18.8,34.233523699999935,-0.9170032399999997
608.8000000000001,897.0687103,16.62515866,1.543442381,950.1908399,17.49818843,1.140429361,18.8,34.3221296,-0.8730297699999987
608.9,898.7408087,16.77802035,1.480682033,951.9466602,17.61163284,1.128458799,18.8,34.4058515,-0.8336124900000002
609.0,900.4283412,16.92408322,1.407756555,953.713765,17.72388019,1.116488236,18.8,34.48542379999999,-0.7997969699999992
609.1,902.1303142,17.06230172,1.326118106,955.4920347,17.83493048,1.104517674,18.8,34.561720499999936,-0.7726287599999999
609.2,903.8457344,17.1916303,1.237509283,957.2813496,17.94478372,1.092547112,18.8,34.63561520000003,-0.7531534200000003
609.3000000000001,905.573608,17.31119766,1.143672678,959.08159,18.05343991,1.080261498,18.8,34.70798199999997,-0.7422422500000003
609.4,907.3129417,17.42082953,1.046350885,960.8926361,18.16089903,1.066085578,18.8,34.7796944,-0.7400695000000006
609.5,909.0627417,17.52052592,0.947286498,962.7143683,18.2671611,1.048129044,18.8,34.8516266000001,-0.7466351799999984
609.6,910.8220146,17.61028683,0.847931679,964.5466669,18.37203709,1.024501591,18.8,34.924652300000005,-0.7617502599999995
609.7,912.5897668,17.69011226,0.74857686,966.3894121,18.47458183,0.993312911,18.8,34.999645299999955,-0.7844695700000024
609.8000000000001,914.3650048,17.7600022,0.649222041,968.2424842,18.57366115,0.952672698,18.8,35.07747940000009,-0.8136589500000007
609.9,916.146735,17.81995666,0.549867222,970.1057636,18.66814086,0.901005696,18.8,35.15902860000001,-0.8481842000000022
610.0,917.9339639,17.86997564,0.450512403,971.9789793,18.75688678,0.837996854,18.8,35.245015400000014,-0.8869111399999987
610.1,919.7256978,17.91005914,0.351157584,973.8612555,18.83876472,0.763961224,18.8,35.33555769999994,-0.928705579999999
610.2,921.5209434,17.94020716,0.252099782,975.7515651,18.9126405,0.680474061,18.8,35.43062170000003,-0.9724333399999985
610.3000000000001,923.318707,17.9604197,0.154824082,977.648881,18.97737994,0.58942567,18.8,35.530173999999946,-1.0169602399999995
610.4,925.1179951,17.97069675,0.061112584,979.5521763,19.03203788,0.49270636,18.8,35.634181200000015,-1.0613411300000024
610.5,926.9178141,17.97121653,-0.027252608,981.4604239,19.0764253,0.392206437,18.8,35.74260980000004,-1.1052087700000008
610.6,928.7171705,17.96287009,-0.108489394,983.3725966,19.11054218,0.289816207,18.8,35.8554261,-1.1476720900000004
610.7,930.5150707,17.94672669,-0.180815673,985.2876676,19.13438854,0.187110926,18.8,35.97259689999994,-1.1876618500000014
610.8000000000001,932.3105213,17.9238556,-0.242746358,987.2046096,19.14796437,0.084405645,18.8,36.094088300000024,-1.2241087700000008
610.9,934.1026711,17.89532606,-0.293984434,989.1223957,19.15126967,-0.018299636,18.8,36.21972460000002,-1.2559436100000028
611.0,935.8912395,17.86220735,-0.334826917,991.0399988,19.14430444,-0.121004917,18.8,36.348759300000054,-1.2820970900000006
611.1,937.6760884,17.82556872,-0.366758893,992.9563919,19.12706868,-0.223710198,18.8,36.48030349999995,-1.301499960000001
611.2,939.4570796,17.78647943,-0.391562462,994.8705478,19.0995624,-0.326415479,18.8,36.613468200000014,-1.31308297
611.3000000000001,941.234075,17.74583054,-0.411019726,996.7814396,19.06178559,-0.428768187,18.8,36.74736460000004,-1.3159550499999995
611.4,943.0069364,17.70380026,-0.426912787,998.6880402,19.01373825,-0.529005456,18.8,36.881103800000076,-1.309937989999998
611.5,944.7755257,17.66038858,-0.441023746,1000.589323,18.95542038,-0.625011847,18.8,37.013797300000036,-1.2950318000000003
611.6,946.5397048,17.61559551,-0.454837688,1002.48426,18.88704353,-0.714671922,18.8,37.14455519999997,-1.2714480200000011
611.7,948.2993355,17.56942105,-0.468651631,1004.371824,18.80966541,-0.795870242,18.8,37.272488499999966,-1.240244360000002
611.8000000000001,950.0542797,17.52186519,-0.482465573,1006.250989,18.72455529,-0.866491367,18.8,37.396709299999955,-1.2026901000000016
611.9,951.8043992,17.47292793,-0.496279516,1008.120728,18.63298243,-0.924772432,18.8,37.516328799999954,-1.1600544999999975
612.0,953.549556,17.42260928,-0.510093458,1009.980183,18.5362161,-0.970360865,18.8,37.63062699999996,-1.113606820000001
612.1,955.2896118,17.37090924,-0.523907401,1011.829172,18.43552556,-1.003609237,18.8,37.739560199999985,-1.064616319999999
612.2,957.0244285,17.3178278,-0.537586756,1013.667684,18.33218007,-1.026280416,18.8,37.84325550000001,-1.0143522699999998
612.3000000000001,958.7538681,17.26336497,-0.550458588,1015.495708,18.22744889,-1.040489838,18.8,37.94183990000006,-0.9640839200000002
612.4,960.4777922,17.20752075,-0.561400102,1017.313232,18.12238975,-1.048352945,18.8,38.03543980000002,-0.9148689999999995
612.5,962.1960629,17.15037588,-0.570549589,1019.120245,18.01721418,-1.051985174,18.8,38.12418209999994,-0.8668383000000013
612.6,963.9085419,17.09233413,-0.576153712,1020.916733,17.9119222,-1.053501963,18.8,38.20819109999998,-0.8195880699999982
612.7,965.6150912,17.03406918,-0.577720218,1022.702687,17.80651379,-1.05466618,18.8,38.28759579999992,-0.7724446100000009
612.8000000000001,967.3155726,16.97549805,-0.574576172,1024.478094,17.70098896,-1.055830397,18.8,38.36252140000006,-0.7254909100000013
612.9,969.0099125,16.91767274,-0.566586987,1026.242943,17.59534771,-1.056994613,18.8,38.43303049999993,-0.6776749699999982
613.0,970.6982958,16.86088861,-0.554202521,1027.997222,17.48959004,-1.05815883,18.8,38.498926199999985,-0.6287014299999996
613.1,972.3809721,16.80563017,-0.537149896,1029.740919,17.38371595,-1.059096671,18.8,38.55994690000007,-0.5780857799999986
613.2,974.0581907,16.75238194,-0.517182449,1031.474024,17.27772543,-1.060123446,18.8,38.61583330000015,-0.5253434900000009
613.3000000000001,975.7302011,16.70154767,-0.494792432,1033.196523,17.17161849,-1.060972354,18.8,38.66632190000003,-0.4700708200000001
613.4,977.3972528,16.65320811,-0.470787369,1034.908405,17.06553096,-1.060024517,18.8,38.71115219999986,-0.4123228499999989
613.5,979.0595954,16.60736327,-0.445974783,1036.60966,16.9592882,-1.054559683,18.8,38.750064600000044,-0.35192492999999914
613.6,980.7174781,16.56401316,-0.421027609,1038.300275,16.85289021,-1.042814694,18.8,38.782796900000065,-0.2888770500000035
613.7,982.3711506,16.52315775,-0.396080436,1039.980238,16.74770124,-1.022922542,18.8,38.80908740000014,-0.22454349000000207
613.8000000000001,984.0208623,16.48479707,-0.371133262,1041.649538,16.64498962,-0.992498788,18.8,38.82867569999992,-0.16019255000000143
613.9,985.6668627,16.4489311,-0.346186088,1043.308164,16.54592968,-0.949450046,18.8,38.84130130000001,-0.09699858000000106
614.0,987.3094012,16.41555985,-0.321238915,1044.95627,16.45177744,-0.893956684,18.8,38.84686879999988,-0.03621758999999969
614.1,988.9487273,16.38468332,-0.296291741,1046.594684,16.36378893,-0.826388104,18.8,38.845956699999945,0.02089439000000226
614.2,990.5850905,16.3563015,-0.271358274,1048.224397,16.28322018,-0.7483526,18.8,38.83930649999998,0.07308132
614.3000000000001,992.2187402,16.3304144,-0.246507043,1049.846404,16.21132723,-0.661943557,18.8,38.82766379999994,0.11908717000000024
614.4000000000001,993.849926,16.30702202,-0.221820284,1051.461697,16.14915676,-0.569254361,18.8,38.81177099999998,0.15786526000000123
614.5,995.4788973,16.28611614,-0.197380233,1053.071269,16.09691812,-0.472378395,18.8,38.79237170000006,0.1891980199999992
614.6,997.1059035,16.26765563,-0.173269128,1054.676114,16.0546113,-0.373409044,18.8,38.77021050000015,0.2130443299999989
614.7,998.7311942,16.25159115,-0.149569204,1056.277226,16.02223631,-0.274090796,18.8,38.746031799999926,0.22935483999999917
614.8000000000001,1000.355019,16.23787336,-0.126348991,1057.875596,15.99979314,-0.174772548,18.8,38.72057700000012,0.23808021999999873
614.9000000000001,1001.97762,16.22645293,-0.103622195,1059.472218,15.9872818,-0.0754543,18.8,38.69459800000011,0.2391711300000008
615.0,1003.599215,16.2172805,-0.081375111,1061.068086,15.98470228,0.023863948,18.8,38.66887100000004,0.2325782200000006
615.1,1005.220013,16.21030674,-0.059539208,1062.664193,15.99205459,0.123182196,18.8,38.64418000000008,0.21825214999999965
615.2,1006.840225,16.20548231,-0.038032249,1064.261531,16.00933872,0.222500444,18.8,38.621306000000075,0.19614359000000192
615.3000000000001,1008.46006,16.20276608,-0.016771999,1065.861095,16.03655468,0.321818692,18.8,38.60103499999998,0.16621140000000167
615.4000000000001,1010.079728,16.20214984,0.004323778,1067.463876,16.07370246,0.420403666,18.8,38.584147999999985,0.12844738000000078
615.5,1011.69944,16.20363358,0.025337319,1069.070869,16.12078207,0.514588993,18.8,38.571428999999924,0.08285151000000113
615.6,1013.319405,16.2072173,0.046337154,1070.683067,16.1777935,0.599975025,18.8,38.56366199999998,0.0294238
615.7,1014.939833,16.21290101,0.067336989,1072.301462,16.24429679,0.672162117,18.8,38.56162899999988,-0.03139578000000043
615.8000000000001,1016.560935,16.2206847,0.088336824,1073.927048,16.31809212,0.726750621,18.8,38.566113000000044,-0.09740741999999969
615.9000000000001,1018.18292,16.23056837,0.109336659,1075.560818,16.39653969,0.759340889,18.8,38.57789799999996,-0.1659713200000006
616.0,1019.805999,16.24255203,0.130336495,1077.203766,16.47699973,0.766266551,18.8,38.59776700000005,-0.23444770000000048
616.1,1021.43038,16.25663567,0.15133633,1078.856532,16.55683244,0.74679433,18.8,38.626152000000005,-0.30019676999999945
616.2,1023.056276,16.2728193,0.172336165,1080.51835,16.63339803,0.701657502,18.8,38.66207400000003,-0.3605787300000003
616.3000000000001,1024.683894,16.29110291,0.19322035,1082.188101,16.70405672,0.634522439,18.8,38.704206999999954,-0.4129538100000012
616.4000000000001,1026.313446,16.3114865,0.213410637,1083.864667,16.76616871,0.549788788,18.8,38.751220999999944,-0.45468220999999787
616.5,1027.945142,16.33397007,0.232213128,1085.546928,16.81753419,0.451856196,18.8,38.80178599999995,-0.4835641200000005
616.6,1029.57919,16.35848424,0.248933925,1087.233767,16.85771319,0.34512431,18.8,38.85457700000002,-0.4992289499999991
616.7,1031.215802,16.38468205,0.262879129,1088.924064,16.88670571,0.233992777,18.8,38.90826200000011,-0.5020236600000025
616.8000000000001,1032.855188,16.41214717,0.273354843,1090.616701,16.90451175,0.122127969,18.8,38.961512999999925,-0.4923645800000003
616.9000000000001,1034.497556,16.44046326,0.279782817,1092.310559,16.9111313,0.010263162,18.8,39.01300299999998,-0.4706680399999996
617.0,1036.143063,16.46921397,0.282047403,1094.004521,16.90656438,-0.101601646,18.8,39.06145800000009,-0.4373504100000005
617.1,1037.79164,16.49798298,0.28026425,1095.697466,16.89081098,-0.213466453,18.8,39.105826000000164,-0.3928280000000015
617.2,1039.443164,16.52635393,0.275011606,1097.388276,16.86387109,-0.325331261,18.8,39.145111999999884,-0.33751716000000087
617.3000000000001,1041.097512,16.5539105,0.26698337,1099.075833,16.82574472,-0.437196068,18.8,39.178321000000054,-0.2718342199999988
617.4000000000001,1042.754561,16.58030572,0.256873439,1100.759018,16.77643188,-0.548427988,18.8,39.204457000000005,-0.19612616000000216
617.5,1044.414189,16.60547022,0.245375712,1102.436713,16.71593255,-0.655862585,18.8,39.22252399999998,-0.11046233000000072
617.6,1046.076271,16.629404,0.233184087,1104.107798,16.64424674,-0.755702535,18.8,39.2315270000001,-0.014842739999998855
617.7,1047.740685,16.65210704,0.220876812,1105.771155,16.56175418,-0.844150514,18.8,39.230469999999926,0.09035285999999942
617.8000000000001,1049.407308,16.67357936,0.208569538,1107.425666,16.47035354,-0.9174092,18.8,39.21835800000004,0.2032258200000001
617.9000000000001,1051.076016,16.69382095,0.196262263,1109.070212,16.3723232,-0.971681268,18.8,39.194196000000105,0.3214977499999989
618.0,1052.746687,16.71283181,0.183954988,1110.703673,16.26994157,-1.003802282,18.8,39.15698599999992,0.44289024000000055
618.1,1054.419198,16.73061195,0.171647714,1112.325236,16.16548703,-1.013139355,18.8,39.106037999999856,0.5651249199999988
618.2,1056.093425,16.74716135,0.159340439,1113.935301,16.06123798,-1.000325375,18.8,39.04187599999996,0.6859233699999976
618.3000000000001,1057.769245,16.76248003,0.146945982,1115.534571,15.95947281,-0.968524778,18.8,38.96532599999996,0.8030072199999996
618.4000000000001,1059.446536,16.77656799,0.134028431,1117.123751,15.86246993,-0.921534886,18.8,38.87721500000016,0.9140980600000006
618.5,1061.125174,16.78942521,0.120064692,1118.703545,15.77212798,-0.863153024,18.8,38.778371000000064,1.0172972300000005
618.6,1062.805037,16.8009994,0.10453167,1120.274656,15.6888267,-0.797176515,18.8,38.66961899999997,1.1121726999999986
618.7,1064.486,16.81102901,0.086906273,1121.83779,15.6125661,-0.727402683,18.8,38.55178999999994,1.1984629099999982
618.8000000000001,1066.167942,16.81920017,0.066665406,1123.393649,15.54334616,-0.656995963,18.8,38.42570700000006,1.275854009999998
618.9000000000001,1067.850738,16.82519904,0.043373156,1124.942939,15.4811669,-0.586589243,18.8,38.292200999999935,1.3440321400000013
619.0,1069.534224,16.82871175,0.016942343,1126.486362,15.42602832,-0.516182524,18.8,38.15213800000011,1.4026834299999997
619.1,1071.218069,16.82942446,-0.012539853,1128.024624,15.3779304,-0.445775804,18.8,38.00655499999989,1.4514940599999981
619.2,1072.901896,16.82702329,-0.044637518,1129.558428,15.33687316,-0.375369084,18.8,37.85653199999997,1.49015013
619.3000000000001,1074.585334,16.82119441,-0.07882756,1131.088478,15.30285658,-0.304962365,18.8,37.703143999999796,1.51833783
619.4000000000001,1076.268006,16.81167626,-0.114586883,1132.615479,15.27588068,-0.234855816,18.8,37.54747300000004,1.5357955799999985
619.5,1077.94954,16.79841653,-0.151392395,1134.140134,15.25594545,-0.166550297,18.8,37.39059399999992,1.5424710800000003
619.6,1079.62956,16.78141522,-0.188721001,1135.663148,15.2430509,-0.101846836,18.8,37.23358800000001,1.5383643199999995
619.7,1081.307694,16.76067233,-0.226136789,1137.185224,15.23701691,-0.042546462,18.8,37.07752999999998,1.523655419999999
619.8000000000001,1082.983565,16.73618786,-0.263552577,1138.707067,15.23694298,0.009549797,18.8,36.923502000000056,1.499244880000001
619.9000000000001,1084.656802,16.70796181,-0.300968365,1140.22938,15.24174848,0.054134261,18.8,36.772578000000024,1.4662133300000004
620.0,1086.327029,16.67599418,-0.338384153,1141.752869,15.25035281,0.085226022,18.8,36.62583999999988,1.4256413699999992
620.1,1087.993872,16.64028498,-0.375799941,1143.278092,15.26167533,0.107004959,18.8,36.48422000000001,1.3786096500000014
620.2,1089.656956,16.6008342,-0.413215729,1144.805033,15.27553145,0.118277894,18.8,36.34807700000006,1.3253027500000005
620.3000000000001,1091.315909,16.55764183,-0.450512713,1146.333533,15.28815252,0.120545685,18.8,36.21762400000007,1.2694893100000009
620.4000000000001,1092.970356,16.51070789,-0.487096874,1147.86343,15.30114595,0.115609359,18.8,36.09307400000007,1.2095619399999986
620.5,1094.619922,16.46003237,-0.522255389,1149.394564,15.31271522,0.103776596,18.8,35.97464199999986,1.147317150000001
620.6,1096.264233,16.40568656,-0.555275433,1150.926775,15.32268022,0.091328476,18.8,35.862541999999806,1.083006339999999
620.7,1097.902915,16.34802686,-0.585444185,1152.459902,15.33104095,0.075585977,18.8,35.756987000000166,1.0169859100000007
620.8000000000001,1099.535595,16.28748096,-0.612048821,1153.993786,15.33779741,0.059543306,18.8,35.658190999999945,0.9496835499999996
620.9000000000001,1101.161897,16.22447657,-0.634495322,1155.528264,15.34294961,0.043500635,18.8,35.566367000000085,0.8815269600000004
621.0,1102.781506,16.15944138,-0.652664883,1157.063178,15.34649754,0.027457964,18.8,35.481672000000074,0.8129438400000009
621.1,1104.394331,16.09280308,-0.666676308,1158.598366,15.3484412,0.011415293,18.8,35.40403499999998,0.7443618799999996
621.2,1106.00034,16.02498936,-0.677123618,1160.133668,15.3487806,-0.004627378,18.8,35.333327999999895,0.6762087599999997
621.3000000000001,1107.599503,15.95642793,-0.684719634,1161.668924,15.34751573,-0.020670049,18.8,35.26942100000015,0.6089122000000007
621.4000000000001,1109.191786,15.88747518,-0.690177181,1163.203973,15.34464659,-0.03671272,18.8,35.212186999999815,0.5428285899999992
621.5,1110.777158,15.8182024,-0.694209082,1164.738655,15.34017318,-0.052716528,18.8,35.16149700000001,0.4780292199999998
621.6,1112.355586,15.7486096,-0.697528159,1166.27281,15.33409551,-0.068487163,18.8,35.117224000000036,0.41451409000000083
621.7,1113.92704,15.67869677,-0.700728433,1167.806277,15.32641357,-0.083791451,18.8,35.07923699999988,0.35228320000000046
621.8000000000001,1115.491486,15.60846391,-0.703928706,1169.338895,15.31715068,-0.098396218,18.8,35.0474090000002,0.2913132300000001
621.9000000000001,1117.048893,15.53791103,-0.707128979,1170.870504,15.30642343,-0.11206829,18.8,35.02161100000008,0.23148759999999946
622.0,1118.599228,15.46703812,-0.710329253,1172.400944,15.29437172,-0.124574495,18.8,35.001715999999945,0.17266640000000066
622.1,1120.14246,15.39584518,-0.713529526,1173.930055,15.28113545,-0.13572052,18.8,34.98759500000001,0.11470972999999951
622.2,1121.678557,15.32433221,-0.7167298,1175.457694,15.26685454,-0.145467503,18.8,34.979136999999994,0.05747766999999904
622.3000000000001,1123.207487,15.25249922,-0.719854908,1176.983794,15.25166887,-0.153854306,18.8,34.97630700000009,0.0008303500000010899
622.4000000000001,1124.729217,15.1803462,-0.722063589,1178.508307,15.23571837,-0.161075242,18.8,34.97909,-0.055372170000000054
622.5,1126.243716,15.10787315,-0.724730483,1180.031185,15.21914293,-0.167363483,18.8,34.987469000000104,-0.11126978000000065
622.6,1127.750952,15.03512517,-0.724265582,1181.552378,15.20205913,-0.172952203,18.8,35.001425999999995,-0.16693395999999971
622.7,1129.250892,14.96260703,-0.720250429,1183.071839,15.18449031,-0.178074576,18.8,35.020946999999936,-0.22188328000000013
622.8000000000001,1130.743505,14.8894699,-0.711554998,1184.589519,15.16643645,-0.182963775,18.8,35.0460140000002,-0.2769665500000009
622.9000000000001,1132.228759,14.81793987,-0.697084387,1186.105369,15.14789755,-0.187814112,18.8,35.07661000000003,-0.3299576799999997
623.0,1133.706621,14.74819594,-0.676509788,1187.619341,15.12887362,-0.192664449,18.8,35.11272000000004,-0.3806776799999998
623.1,1135.177154,14.68094015,-0.647246446,1189.131386,15.10936466,-0.197514786,18.8,35.15423200000005,-0.42842451000000104
623.2,1136.640793,14.61687454,-0.612029447,1190.641457,15.08937067,-0.202365123,18.8,35.20066399999992,-0.4724961299999997
623.3000000000001,1138.098068,14.55670115,-0.570962101,1192.149503,15.06889164,-0.20721546,18.8,35.251435000000086,-0.51219049
623.4000000000001,1139.549508,14.50112203,-0.525214479,1193.655477,15.04792757,-0.212065797,18.8,35.30596899999996,-0.5468055400000011
623.5,1140.995644,14.4507222,-0.475956649,1195.159331,15.02647848,-0.215973013,18.8,35.363686999999985,-0.5757562800000002
623.6,1142.437005,14.40561868,-0.424358681,1196.661016,15.00454435,-0.219745498,18.8,35.42401100000002,-0.5989256699999999
623.7,1143.87412,14.36581146,-0.371590643,1198.160482,14.98212518,-0.222239902,18.8,35.48636200000006,-0.6163137200000008
623.8000000000001,1145.307519,14.33130055,-0.318627594,1199.657683,14.95978686,-0.221092257,18.8,35.55016399999995,-0.6284863099999995
623.9000000000001,1146.737732,14.30208595,-0.265664545,1201.152569,14.93704434,-0.216054028,18.8,35.61483700000004,-0.6349583899999995
624.0,1148.165288,14.27816764,-0.212701496,1202.645092,14.91458363,-0.20615257,18.8,35.67980400000006,-0.6364159899999997
624.1,1149.590717,14.25954565,-0.159738446,1204.135203,14.89382312,-0.191358359,18.8,35.74448600000001,-0.6342774700000007
624.2,1151.014549,14.24621995,-0.106775397,1205.622932,14.87491193,-0.169890358,18.8,35.808383000000006,-0.6286919799999993
624.3000000000001,1152.437313,14.23819057,-0.053812348,1207.108619,14.85843364,-0.142081378,18.8,35.87130600000019,-0.620243069999999
624.4000000000001,1153.859539,14.23545748,-0.001051171,1208.592683,14.84497184,-0.110133282,18.8,35.93314400000004,-0.6095143599999986
624.5,1155.281756,14.23802071,0.050498777,1210.075541,14.83511012,-0.074294602,18.8,35.993784999999846,-0.5970894099999988
624.6,1156.704495,14.24588023,0.099626266,1211.557613,14.82933481,-0.035537985,18.8,36.053118,-0.5834545800000015
624.7,1158.128284,14.25891494,0.145120067,1213.039316,14.82774315,0.005163923,18.8,36.11103200000021,-0.5688282099999995
624.8000000000001,1159.553654,14.27651922,0.185768949,1214.52107,14.83033517,0.046838477,18.8,36.16741599999996,-0.5538159499999988
624.9000000000001,1160.981134,14.29796633,0.220903364,1216.003291,14.83711085,0.088675139,18.8,36.22215699999988,-0.5391445200000007
625.0,1162.411253,14.32252952,0.248693479,1217.4864,14.8480702,0.130511801,18.8,36.27514700000002,-0.5255406800000006
625.1,1163.844445,14.34948208,0.268148764,1218.970814,14.86321321,0.172348463,18.8,36.32636900000007,-0.51373113
625.2,1165.280754,14.37842225,0.281343109,1220.456951,14.88253989,0.214185125,18.8,36.376197000000005,-0.5041176400000005
625.3000000000001,1166.720129,14.40813103,0.288481307,1221.94523,14.90605023,0.256021787,18.8,36.425101,-0.4979192000000001
625.4000000000001,1168.162518,14.43740848,0.290774587,1223.436069,14.93374425,0.297858449,18.8,36.473551,-0.49633576999999995
625.5,1169.60787,14.46677219,0.288892498,1224.929887,14.96562192,0.33936099,18.8,36.52201699999996,-0.4988497299999999
625.6,1171.056132,14.49561831,0.284866744,1226.427101,15.00168327,0.378858807,18.8,36.57096900000006,-0.5060649599999998
625.7,1172.507252,14.52394683,0.280697213,1227.928131,15.04192828,0.414347176,18.8,36.62087899999979,-0.5179814500000006
625.8000000000001,1173.96118,14.55175775,0.275521245,1229.433395,15.08615648,0.443821371,18.8,36.67221500000001,-0.5343987299999995
625.9000000000001,1175.417863,14.57905108,0.270345276,1230.943311,15.13336552,0.465276669,18.8,36.7254480000001,-0.5543144400000006
626.0,1176.877249,14.60582681,0.265169307,1232.458297,15.18235255,0.476708346,18.8,36.78104800000001,-0.5765257399999992
626.1,1178.339287,14.63208494,0.259993338,1233.978772,15.23191475,0.476445798,18.8,36.839484999999925,-0.5998298099999992
626.2,1179.803925,14.65782547,0.254817369,1235.504994,15.28084927,0.464154904,18.8,36.901068999999964,-0.6230237999999986
626.3000000000001,1181.271111,14.68304841,0.2496414,1237.036579,15.32795329,0.440169785,18.8,36.96546800000006,-0.6449048800000003
626.4000000000001,1182.740793,14.70775375,0.244435881,1238.572983,15.37202396,0.406161045,18.8,37.032190000000085,-0.6642702099999998
626.5,1184.21292,14.7319415,0.23905306,1240.113663,15.41185846,0.364133407,18.8,37.10074300000015,-0.6799169599999999
626.6,1185.68744,14.75561165,0.233315637,1241.658075,15.44645442,0.316091596,18.8,37.17063500000013,-0.6908427699999997
626.7,1187.164301,14.77874647,0.227046309,1243.205674,15.47561137,0.264040337,18.8,37.241373000000024,-0.6968648999999996
626.8000000000001,1188.643452,14.80125731,0.220067776,1244.755916,15.49932931,0.209984354,18.8,37.31246400000005,-0.6980719999999998
626.9000000000001,1190.12484,14.8230378,0.212202735,1246.308259,15.51760824,0.155594249,18.8,37.38341899999996,-0.6945704399999997
627.0,1191.608414,14.84398154,0.203303437,1247.862158,15.53044816,0.101204145,18.8,37.45374399999987,-0.6864666200000009
627.1,1193.094108,14.86398216,0.19334033,1249.417068,15.53784907,0.046814041,18.8,37.52295999999997,-0.6738669099999992
627.2,1194.581799,14.88293329,0.182342964,1250.972447,15.53981097,-0.007576063,18.8,37.59064800000006,-0.6568776799999991
627.3000000000001,1196.07135,14.90072853,0.170459092,1252.52775,15.53633386,-0.061966167,18.8,37.65640000000003,-0.6356053299999989
627.4000000000001,1197.562625,14.91726151,0.157866013,1254.082433,15.52741774,-0.116356272,18.8,37.719808000000015,-0.6101562300000012
627.5,1199.055487,14.93244357,0.144741031,1255.635953,15.51306261,-0.170746376,18.8,37.78046599999989,-0.5806190400000002
627.6,1200.549798,14.94625699,0.131261446,1257.187765,15.49326846,-0.225005789,18.8,37.83796699999989,-0.5470114699999993
627.7,1202.045423,14.95870177,0.117604559,1258.737326,15.46803531,-0.278481053,18.8,37.891902999999914,-0.5093335400000001
627.8000000000001,1203.542223,14.96977791,0.103918122,1260.284092,15.43736315,-0.33038802,18.8,37.94186900000018,-0.46758524
627.9000000000001,1205.040063,14.9794854,0.090231685,1261.827518,15.40133039,-0.37994254,18.8,37.98745500000014,-0.4218449900000003
628.0,1206.538804,14.98782424,0.076545248,1263.367062,15.36032911,-0.426360467,18.8,38.02825800000001,-0.3725048700000002
628.1,1208.038312,14.99479445,0.062858811,1264.902178,15.3148298,-0.46885765,18.8,38.06386600000015,-0.3200353499999995
628.2,1209.538448,15.00039601,0.049172374,1266.432324,15.26530294,-0.506780633,18.8,38.093876000000094,-0.26490693000000043
628.3000000000001,1211.039075,15.00462892,0.035485937,1267.957017,15.21221903,-0.539998724,18.8,38.11794200000004,-0.20759010999999994
628.4000000000001,1212.540058,15.00749319,0.0217995,1269.476028,15.15604856,-0.568642615,18.8,38.13597,-0.1485553700000004
628.5,1214.041258,15.00898882,0.008017202,1270.98919,15.09726201,-0.593365763,18.8,38.14793200000004,-0.08827318999999889
628.6,1215.54254,15.00911581,-0.006340267,1272.496334,15.03632987,-0.614952316,18.8,38.15379400000002,-0.027214059999998597
628.7,1217.043766,15.00787415,-0.021848076,1273.997293,14.97364423,-0.634186423,18.8,38.1535269999999,0.03422991999999958
628.8000000000001,1218.544799,15.00520633,-0.039081396,1275.491901,14.90928348,-0.651852233,18.8,38.14710200000009,0.09592285000000089
628.9000000000001,1220.045503,15.00082476,-0.058615397,1276.979988,14.84324764,-0.668733895,18.8,38.134485,0.1575771200000009
629.0,1221.54574,14.99438435,-0.081025248,1278.461388,14.7755367,-0.685484864,18.8,38.11564799999992,0.21884765000000073
629.1,1223.045375,14.98553998,-0.106790259,1279.935933,14.70615067,-0.702235834,18.8,38.09055800000006,0.2793893100000009
629.2,1224.544223,14.97394657,-0.136006291,1281.403455,14.63508954,-0.718986804,18.8,38.059231999999795,0.33885703000000156
629.3000000000001,1226.041918,14.959259,-0.168577482,1282.863788,14.56235331,-0.735737774,18.8,38.02187000000022,0.39690568999999876
629.4000000000001,1227.538047,14.94113217,-0.204024525,1284.316763,14.48794198,-0.752488744,18.8,37.978716000000034,0.45319018999999905
629.5,1229.032198,14.91922099,-0.241772248,1285.762214,14.41185556,-0.769239714,18.8,37.93001599999998,0.5073654300000001
629.6,1230.523956,14.89323786,-0.281245481,1287.199972,14.33409404,-0.785832978,18.8,37.87601599999989,0.5591438199999992
629.7,1232.01291,14.86312527,-0.321869055,1288.62987,14.25465742,-0.801480003,18.8,37.816960000000066,0.6084678500000003
629.8000000000001,1233.498646,14.82888322,-0.363067799,1290.051741,14.17354571,-0.815234552,18.8,37.75309499999999,0.655337509999999
629.9000000000001,1234.980751,14.79051171,-0.404362405,1291.465417,14.09085352,-0.826150387,18.8,37.68466599999984,0.699658190000001
630.0,1236.458813,14.74801074,-0.445657011,1292.870731,14.00705398,-0.83328127,18.8,37.61191800000002,0.7409567599999995
630.1,1237.932418,14.70138031,-0.486951617,1294.267514,13.92271483,-0.835680962,18.8,37.5350959999998,0.778665479999999
630.2,1239.401154,14.65062041,-0.528246223,1295.6556,13.83840381,-0.832560932,18.8,37.45444600000015,0.8122165999999993
630.3000000000001,1240.864607,14.59573106,-0.569540828,1297.034897,13.75468866,-0.823763474,18.8,37.370290000000026,0.841042400000001
630.4000000000001,1242.322365,14.53671225,-0.610835434,1298.405615,13.67213713,-0.809446293,18.8,37.28324999999991,0.8645751200000014
630.5,1243.774014,14.47356398,-0.651876222,1299.768042,13.59131696,-0.790397922,18.8,37.19402799999985,0.8822470199999994
630.6,1245.219142,14.40628624,-0.691394099,1301.122464,13.5127959,-0.767564598,18.8,37.10332200000012,0.8934903399999996
630.7,1246.657336,14.33487905,-0.727866156,1302.469168,13.43704705,-0.74189256,18.8,37.0118320000001,0.8978319999999993
630.8000000000001,1248.088183,14.25949468,-0.759769483,1303.80844,13.36416505,-0.714328046,18.8,36.92025699999995,0.8953296299999991
630.9000000000001,1249.511269,14.1808946,-0.78558117,1305.140568,13.2941499,-0.685817294,18.8,36.82929899999995,0.8867446999999995
631.0,1250.926183,14.09999256,-0.803778306,1306.465837,13.22700159,-0.657148835,18.8,36.73965399999993,0.87299097
631.1,1252.33251,14.01770229,-0.8130918,1307.784534,13.16272013,-0.628480377,18.8,36.65202399999994,0.8549821600000005
631.2,1253.729961,13.93493754,-0.813267833,1309.096947,13.10130552,-0.599811918,18.8,36.566986,0.8336320199999996
631.3000000000001,1255.11873,13.85261206,-0.804560224,1310.403362,13.04275775,-0.57114346,18.8,36.484632000000104,0.8098543100000004
631.4000000000001,1256.499136,13.7716396,-0.788238064,1311.704066,12.98707683,-0.542475001,18.8,36.40493000000011,0.7845627700000009
631.5,1257.871498,13.6929339,-0.765824264,1312.999344,12.93426275,-0.513806543,18.8,36.32784600000009,0.7586711499999996
631.6,1259.236133,13.61725642,-0.738841734,1314.289485,12.88431552,-0.485309651,18.8,36.25335199999991,0.7329409000000009
631.7,1260.593359,13.54475945,-0.708813383,1315.574774,12.83723513,-0.457842162,18.8,36.18141499999997,0.707524320000001
631.8000000000001,1261.943495,13.47544298,-0.677262123,1316.855498,12.79302159,-0.432433477,18.8,36.112002999999916,0.68242139
631.9000000000001,1263.286857,13.40930702,-0.645457044,1318.131945,12.75157196,-0.410112999,18.8,36.045088000000035,0.6577350600000003
632.0,1264.623766,13.34635157,-0.613651965,1319.4044,12.71237153,-0.39191013,18.8,35.98063399999997,0.6339800399999991
632.1,1265.954538,13.28657663,-0.581846886,1320.67315,12.67480266,-0.378854272,18.8,35.918612000000124,0.6117739700000016
632.2,1267.279491,13.22998219,-0.550041807,1321.938483,12.63824772,-0.371803261,18.8,35.8589919999999,0.5917344699999987
632.3000000000001,1268.598944,13.17656827,-0.518236728,1323.200602,12.60208906,-0.370928663,18.8,35.80165799999982,0.5744792099999998
632.4000000000001,1269.913214,13.12633485,-0.486431649,1324.459382,12.56570903,-0.376058911,18.8,35.74616800000008,0.5606258199999985
632.5,1271.22262,13.07928194,-0.454753956,1325.714616,12.52849,-0.386336171,18.8,35.691995999999975,0.5507919399999999
632.6,1272.52748,13.03540954,-0.423840576,1326.966096,12.48981433,-0.40073104,18.8,35.63861600000014,0.5455952100000001
632.7,1273.828112,12.99471764,-0.394455821,1328.213616,12.44916732,-0.418214115,18.8,35.585504000000086,0.5455503199999985
632.8000000000001,1275.124834,12.95712982,-0.367364006,1329.456967,12.40644602,-0.437755995,18.8,35.532133000000115,0.5506837999999998
632.9000000000001,1276.417963,12.92226392,-0.343329442,1330.695942,12.36165043,-0.458327278,18.8,35.47797899999996,0.5606134900000015
633.0,1277.707818,12.88966136,-0.322508213,1331.930334,12.31478056,-0.479070127,18.8,35.42251599999982,0.574880799999999
633.1,1278.994718,12.85886353,-0.307305769,1333.159936,12.26583641,-0.499812976,18.8,35.3652180000001,0.5930271200000004
633.2,1280.278918,12.82941187,-0.296193309,1334.384539,12.21481797,-0.520555825,18.8,35.30562099999993,0.6145938999999991
633.3000000000001,1281.560432,12.80121271,-0.289483173,1335.603936,12.16172524,-0.541298675,18.8,35.24350399999999,0.6394874699999988
633.4000000000001,1282.839209,12.77274636,-0.286594602,1336.817921,12.10655823,-0.562041524,18.8,35.17871200000009,0.6661881300000001
633.5,1284.115203,12.74454794,-0.286763283,1338.026285,12.04931694,-0.582784373,18.8,35.111081999999854,0.6952309999999997
633.6,1285.388363,12.71597145,-0.289833134,1339.228821,11.99000136,-0.603527223,18.8,35.0404579999999,0.7259700899999988
633.7,1286.658641,12.68690677,-0.293271317,1340.425322,11.92861149,-0.624113707,18.8,34.966681000000065,0.7582952800000005
633.8000000000001,1287.925989,12.6573539,-0.297969708,1341.615581,11.86514734,-0.643762007,18.8,34.88959199999995,0.7922065600000003
633.9000000000001,1289.190356,12.62731283,-0.302851652,1342.799389,11.79960891,-0.661533934,18.8,34.80903299999996,0.8277039199999994
634.0,1290.451695,12.59678357,-0.307733597,1343.97654,11.73209001,-0.676491303,18.8,34.724845000000144,0.8646935599999992
634.1,1291.709957,12.56576611,-0.312615541,1345.146825,11.66305973,-0.687695929,18.8,34.63686800000001,0.9027063799999997
634.2,1292.965093,12.53426046,-0.317497486,1346.310039,11.593081,-0.694209625,18.8,34.54494599999994,0.9411794600000007
634.3000000000001,1294.217053,12.50226662,-0.32237943,1347.465972,11.52271671,-0.69525057,18.8,34.44891899999989,0.9795499100000011
634.4000000000001,1295.46579,12.46978458,-0.327261375,1348.614493,11.45252978,-0.6906624,18.8,34.34870300000007,1.0172548
634.5,1296.711254,12.43681434,-0.332143319,1349.75577,11.38308313,-0.680601478,18.8,34.24451599999993,1.0537312100000005
634.6,1297.953397,12.40335591,-0.337029559,1350.890046,11.31493966,-0.665849627,18.8,34.13664899999999,1.0884162499999999
634.7,1299.192169,12.36940929,-0.341941574,1352.017562,11.24866229,-0.647345032,18.8,34.02539300000008,1.1207469999999997
634.8000000000001,1300.427523,12.33497447,-0.34690514,1353.138564,11.18472011,-0.626025879,18.8,33.911041000000026,1.15025436
634.9000000000001,1301.659408,12.30004888,-0.35194603,1354.253292,11.12320693,-0.602830355,18.8,33.79388400000012,1.17684195
635.0,1302.887777,12.26461963,-0.35709002,1355.36199,11.06412277,-0.578696644,18.8,33.674213000000194,1.2004968599999994
635.1,1304.112581,12.22867126,-0.362362886,1356.464902,11.0074676,-0.55440657,18.8,33.55232099999985,1.2212036600000005
635.2,1305.33377,12.19218829,-0.367786106,1357.562269,10.95324145,-0.530116495,18.8,33.42849900000006,1.2389468400000005
635.3000000000001,1306.551293,12.15515528,-0.373363975,1358.654336,10.90144431,-0.50582642,18.8,33.30304300000007,1.2537109700000002
635.4000000000001,1307.765093,12.11755674,-0.379092199,1359.741344,10.85207617,-0.481536346,18.8,33.17625100000005,1.2654805699999994
635.5,1308.975106,12.07937722,-0.384949298,1360.823537,10.80513704,-0.457246271,18.8,33.048430999999894,1.2742401799999996
635.6,1310.181274,12.04060125,-0.390909498,1361.901157,10.76062691,-0.432956196,18.8,32.919882999999984,1.2799743400000008
635.7,1311.383533,12.00121594,-0.396947022,1362.974447,10.7185458,-0.408767967,18.8,32.790914000000114,1.2826701400000005
635.8000000000001,1312.581823,11.96121871,-0.403036096,1364.043651,10.67889369,-0.38519081,18.8,32.66182799999997,1.28232502
635.9000000000001,1313.776082,11.92060958,-0.409150945,1365.109012,10.64167059,-0.362835799,18.8,32.53292999999981,1.2789389900000003
636.0,1314.966251,11.87938853,-0.41527009,1366.170771,10.60681539,-0.342314006,18.8,32.404520000000005,1.2725731400000004
636.1,1316.152266,11.83755556,-0.421389235,1367.229172,10.57402255,-0.324236504,18.8,32.27690600000001,1.2635330099999997
636.2,1317.334068,11.79511068,-0.42750838,1368.284459,10.54292543,-0.308484509,18.8,32.150391000000084,1.2521852500000001
636.3000000000001,1318.511594,11.75205388,-0.433627525,1369.336873,10.51315739,-0.297756817,18.8,32.02527899999991,1.2388964900000001
636.4000000000001,1319.684784,11.70838517,-0.43974667,1370.386609,10.48435179,-0.289965706,18.8,31.90182499999987,1.2240333799999998
636.5,1320.853577,11.66410455,-0.445865815,1371.433665,10.45657988,-0.285739185,18.8,31.78008799999993,1.2075246699999997
636.6,1322.017911,11.61921201,-0.451949016,1372.477992,10.4281613,-0.284568027,18.8,31.660081000000172,1.1910507100000007
636.7,1323.177725,11.57370756,-0.457816552,1373.519538,10.40004313,-0.285841161,18.8,31.541813,1.1736644300000005
636.8000000000001,1324.332959,11.52759119,-0.463252758,1374.558252,10.37148192,-0.289677369,18.8,31.425292999999964,1.15610927
636.9000000000001,1325.48355,11.48088447,-0.468041968,1375.594086,10.34241658,-0.293276009,18.8,31.310536000000138,1.1384678899999994
637.0,1326.629437,11.43369524,-0.471968519,1376.626988,10.31284709,-0.298215579,18.8,31.19755099999993,1.1208481500000005
637.1,1327.77056,11.38615289,-0.474816744,1377.656907,10.28277346,-0.303256994,18.8,31.086347000000114,1.1033794300000004
637.2,1328.906857,11.33838683,-0.476406922,1378.683795,10.25219569,-0.308298409,18.8,30.976937999999972,1.0861911399999986
637.3000000000001,1330.038285,11.29052645,-0.476703111,1379.707599,10.22111378,-0.313339824,18.8,30.869313999999985,1.0694126700000002
637.4000000000001,1331.164867,11.24270114,-0.475741253,1380.728269,10.18952773,-0.318381239,18.8,30.763401999999996,1.0531734099999994
637.5,1332.286648,11.19504032,-0.47370107,1381.745756,10.15743753,-0.323422654,18.8,30.659108000000014,1.037602790000001
637.6,1333.403668,11.14767338,-0.470798227,1382.760009,10.1248432,-0.32846407,18.8,30.556341000000156,1.0228301799999997
637.7,1334.515971,11.10070814,-0.467248388,1383.770977,10.09174472,-0.333520505,18.8,30.455005999999866,1.0089634200000006
637.8000000000001,1335.623598,11.05416619,-0.463267219,1384.77861,10.0581421,-0.338667062,18.8,30.35501200000017,0.9960240900000006
637.9000000000001,1336.726592,11.00804751,-0.459070386,1385.782858,10.02403534,-0.343993863,18.8,30.25626600000005,0.9840121700000015
638.0,1337.824996,10.96235211,-0.454837608,1386.783669,9.989415423,-0.349591028,18.8,30.15867299999986,0.9729366869999989
638.1,1338.918851,10.91707999,-0.45060483,1387.780994,9.954237294,-0.355548681,18.8,30.06214300000006,0.9628426959999992
638.2,1340.0082,10.87223114,-0.446372052,1388.774783,9.918446878,-0.361956943,18.8,29.96658300000008,0.953784262000001
638.3000000000001,1341.093086,10.82780558,-0.442139275,1389.764985,9.881990101,-0.368890915,18.8,29.87189899999994,0.9458154790000002
638.4000000000001,1342.17355,10.78380329,-0.437906497,1390.751541,9.84481289,-0.376365617,18.8,29.77799100000011,0.9389903999999998
638.5,1343.249635,10.74022428,-0.433673719,1391.734367,9.806861172,-0.384366029,18.8,29.68473200000012,0.933363108
638.6,1344.321383,10.69706855,-0.429435821,1392.713368,9.768080875,-0.39281705,18.8,29.591984999999976,0.9289876749999983
638.7,1345.388837,10.65433609,-0.425167201,1393.68845,9.728417924,-0.401628558,18.8,29.499613000000135,0.9259181659999989
638.8000000000001,1346.452039,10.61202691,-0.420837139,1394.659519,9.68782726,-0.410710431,18.8,29.40748000000003,0.9241996500000003
638.9000000000001,1347.511031,10.57014409,-0.416414911,1395.626483,9.646299871,-0.419972548,18.8,29.315452000000004,0.9238442189999994
639.0,1348.565855,10.52870297,-0.411869798,1396.589248,9.603835755,-0.429324786,18.8,29.22339299999994,0.924867214999999
639.1,1349.616555,10.487722,-0.407171077,1397.547719,9.560434913,-0.438692045,18.8,29.131163999999853,0.9272870869999998
639.2,1350.663171,10.4472196,-0.402293148,1398.501803,9.516097346,-0.448059304,18.8,29.038632000000188,0.9311222539999999
639.3000000000001,1351.70575,10.40721421,-0.397230889,1399.451407,9.470823052,-0.457426563,18.8,28.945656999999937,0.9363911579999993
639.4000000000001,1352.744345,10.36772427,-0.391989421,1400.396436,9.424612033,-0.466793821,18.8,28.852090999999927,0.9431122369999994
639.5,1353.779015,10.3287682,-0.386594346,1401.336798,9.377464288,-0.47616108,18.8,28.75778299999997,0.9513039120000002
639.6,1354.809814,10.29036443,-0.381076385,1402.272397,9.329379817,-0.485528339,18.8,28.662582999999994,0.9609846130000008
639.7,1355.836802,10.25252834,-0.375466259,1403.203142,9.28035862,-0.494895598,18.8,28.566340000000036,0.9721697200000001
639.8000000000001,1356.860035,10.21526299,-0.369794691,1404.128937,9.230400698,-0.504226965,18.8,28.468902000000025,0.984862291999999
639.9000000000001,1357.879569,10.17856838,-0.3640924,1405.04969,9.179506049,-0.513342987,18.8,28.370121000000108,0.9990623309999993
640.0,1358.895463,10.14244451,-0.35838499,1405.965307,9.127674675,-0.522028316,18.8,28.269843999999875,1.014769835000001
640.1,1359.907773,10.10689138,-0.352677579,1406.875694,9.074928109,-0.530067607,18.8,28.16792100000016,1.0319632710000004
640.2,1360.916556,10.07190899,-0.346970169,1407.780757,9.021374025,-0.537245513,18.8,28.064201000000093,1.0505349650000007
640.3000000000001,1361.921869,10.03749735,-0.341262758,1408.680402,8.967141631,-0.543463459,18.8,27.958532999999942,1.0703557190000001
640.4000000000001,1362.92377,10.00365644,-0.335555348,1409.574537,8.912360133,-0.548344273,18.8,27.85076699999986,1.0912963070000004
640.5,1363.922315,9.970386279,-0.329847937,1410.463084,8.857158741,-0.551744591,18.8,27.740768999999954,1.1132275380000003
640.6,1364.917562,9.937686855,-0.324140527,1411.346037,8.801596599,-0.554041318,18.8,27.628474999999934,1.136090256000001
640.7,1365.909567,9.905558173,-0.318528869,1412.223404,8.745921545,-0.555261314,18.8,27.513837000000148,1.1596366279999994
640.8000000000001,1366.898388,9.874000232,-0.31396315,1413.095195,8.69032727,-0.555619926,18.8,27.396807000000035,1.183672962000001
640.9000000000001,1367.884082,9.843013032,-0.309603609,1413.961421,8.63471684,-0.555215729,18.8,27.277338999999937,1.2082961920000006
641.0,1368.866705,9.812539122,-0.307439037,1414.82209,8.579203345,-0.554461785,18.8,27.155384999999978,1.2333357770000006
641.1,1369.846316,9.782008389,-0.307572521,1415.677213,8.523786786,-0.553680914,18.8,27.03089700000005,1.258221602999999
641.2,1370.82297,9.75192469,-0.310578576,1416.526799,8.468467162,-0.552711558,18.8,26.90382900000004,1.2834575279999996
641.3000000000001,1371.796726,9.721094751,-0.316935964,1417.370858,8.413244474,-0.551742202,18.8,26.774131999999963,1.307850277
641.4000000000001,1372.767593,9.68945672,-0.326269012,1418.209399,8.358118722,-0.550772845,18.8,26.64180600000004,1.3313379980000004
641.5,1373.7354,9.656665887,-0.339896244,1419.042433,8.303089905,-0.549803489,18.8,26.507033000000046,1.3535759820000006
641.6,1374.699928,9.622377543,-0.355924621,1419.869969,8.248158024,-0.548834133,18.8,26.370041000000082,1.3742195190000004
641.7,1375.660958,9.586246981,-0.374251056,1420.692016,8.193323078,-0.547864776,18.8,26.23105800000003,1.3929239029999998
641.8000000000001,1376.618271,9.547986944,-0.394301033,1421.508585,8.138585069,-0.546886699,18.8,26.09031399999999,1.4094018750000004
641.9000000000001,1377.571648,9.507539979,-0.415500038,1422.319685,8.083943994,-0.545856297,18.8,25.94803699999984,1.4235959850000004
642.0,1378.520872,9.464906086,-0.437273558,1423.125325,8.029399856,-0.544721245,18.8,25.80445299999992,1.4355062299999997
642.1,1379.465723,9.420085267,-0.45914283,1423.925516,7.974957885,-0.543429219,18.8,25.65979299999999,1.445127381999999
642.2,1380.405983,9.37307752,-0.481012102,1424.720267,7.920644246,-0.541927894,18.8,25.514283999999815,1.4524332740000006
642.3000000000001,1381.341432,9.323882847,-0.502881374,1425.509588,7.866490331,-0.540164945,18.8,25.368155999999953,1.4573925160000005
642.4000000000001,1382.271853,9.272501246,-0.524750646,1426.293489,7.812527537,-0.538096767,18.8,25.221635999999943,1.459973708999999
642.5,1383.197026,9.218932717,-0.546619918,1427.071983,7.758787258,-0.535714641,18.8,25.074956999999994,1.4601454589999996
642.6,1384.116733,9.163177262,-0.56848919,1427.8451,7.705300889,-0.533027286,18.8,24.928366999999934,1.4578763729999995
642.7,1385.030755,9.105234879,-0.590244741,1428.612877,7.652099825,-0.530078308,18.8,24.782122000000026,1.4531350539999996
642.8000000000001,1385.938873,9.04510557,-0.611317964,1429.375347,7.599215461,-0.52692003,18.8,24.63647399999986,1.4458901090000005
642.9000000000001,1386.840869,8.982789333,-0.631026532,1430.132546,7.546673959,-0.523604778,18.8,24.491676999999935,1.436115374
643.0,1387.736524,8.918354401,-0.648688118,1430.884508,7.494480552,-0.520184876,18.8,24.347984000000178,1.4238738490000005
643.1,1388.62562,8.852141939,-0.663980886,1431.631268,7.44263524,-0.516712649,18.8,24.205648000000064,1.4095066989999987
643.2,1389.507937,8.784561343,-0.675141032,1432.372861,7.391138022,-0.513231702,18.8,24.064923999999973,1.3934233210000002
643.3000000000001,1390.383257,8.716022009,-0.682681426,1433.109322,7.3399889,-0.509750754,18.8,23.92606500000006,1.3760331089999998
643.4000000000001,1391.251416,8.646717038,-0.686127856,1433.840685,7.289187872,-0.506269807,18.8,23.78926899999983,1.357529166
643.5,1392.112468,8.577704713,-0.685594041,1434.566985,7.238734938,-0.502788859,18.8,23.654516999999895,1.338969774999999
643.6,1392.966522,8.508745545,-0.681648589,1435.288258,7.1886301,-0.499307912,18.8,23.5217360000001,1.3201154449999999
643.7,1393.813687,8.440465226,-0.674613335,1436.004537,7.138873356,-0.495826964,18.8,23.390849999999954,1.3015918700000002
643.8000000000001,1394.654071,8.373204918,-0.666252083,1436.715858,7.089464707,-0.492339068,18.8,23.261787000000094,1.2837402110000005
643.9000000000001,1395.487784,8.307032855,-0.656165683,1437.422256,7.040404153,-0.48880948,18.8,23.13447200000014,1.2666287019999993
644.0,1396.314934,8.241949037,-0.645396956,1438.123765,6.991691693,-0.48519651,18.8,23.008831000000054,1.2502573439999995
644.1,1397.135629,8.177953464,-0.634514508,1438.82042,6.943331497,-0.481458465,18.8,22.884790999999904,1.2346219669999998
644.2,1397.94998,8.115046135,-0.623632059,1439.512257,6.895344411,-0.477553654,18.8,22.762276999999994,1.219701724
644.3000000000001,1398.758095,8.053227052,-0.612749611,1440.199309,6.84775545,-0.473440386,18.8,22.641214000000172,1.2054716020000003
644.4000000000001,1399.560081,7.992496213,-0.601867162,1440.881611,6.800589628,-0.469083917,18.8,22.521529999999938,1.191906585
644.5,1400.35605,7.932853619,-0.590984714,1441.559202,6.75387196,-0.4644773,18.8,22.403151999999817,1.1789816590000006
644.6,1401.146108,7.87429927,-0.580102266,1442.232134,6.707627462,-0.459627482,18.8,22.286026000000174,1.1666718080000003
644.7,1401.930365,7.816833166,-0.569228476,1442.90046,6.661881147,-0.454569207,18.8,22.170095000000128,1.1549520190000004
644.8000000000001,1402.708931,7.760455307,-0.558406636,1443.564237,6.616658032,-0.449344166,18.8,22.055306000000154,1.1437972749999998
644.9000000000001,1403.481912,7.705165692,-0.547688698,1444.223518,6.571978961,-0.44399405,18.8,21.941606000000046,1.1331867309999994
645.0,1404.24942,7.650959128,-0.537126611,1444.878359,6.527848104,-0.438560552,18.8,21.828938999999945,1.123111024
645.1,1405.011561,7.597809638,-0.526772325,1445.528813,6.484265461,-0.433085362,18.8,21.71725199999987,1.1135441770000005
645.2,1405.768446,7.545686052,-0.516677792,1446.174938,6.441231032,-0.427603223,18.8,21.60649200000007,1.1044550199999996
645.3000000000001,1406.520182,7.4945572,-0.506886303,1446.816786,6.398744816,-0.422121085,18.8,21.496604000000115,1.0958123840000003
645.4000000000001,1407.266875,7.444391912,-0.497406517,1447.454412,6.356806815,-0.416638946,18.8,21.38753700000002,1.0875850970000007
645.5,1408.008613,7.395159017,-0.488229775,1448.087873,6.315417027,-0.411156808,18.8,21.279259999999976,1.0797419900000005
645.6,1408.745479,7.346827346,-0.479312786,1448.717222,6.274575453,-0.405674669,18.8,21.17174300000006,1.0722518930000007
645.7,1409.477558,7.299365727,-0.470603598,1449.342514,6.234282093,-0.400192531,18.8,21.064955999999892,1.0650836339999996
645.8000000000001,1410.204933,7.252748187,-0.462050262,1449.963804,6.194536947,-0.394710392,18.8,20.958871,1.0582112400000003
645.9000000000001,1410.927688,7.206969528,-0.453600827,1450.581147,6.155340015,-0.389165374,18.8,20.85345900000011,1.051629513
646.0,1411.645908,7.162029753,-0.445203342,1451.194598,6.116691296,-0.383243076,18.8,20.748690000000078,1.0453384569999997
646.1,1412.359675,7.11792886,-0.436814515,1451.804211,6.078590792,-0.376566219,18.8,20.64453599999997,1.0393380680000002
646.2,1413.069074,7.07466685,-0.428425689,1452.410042,6.041076229,-0.368757524,18.8,20.540967999999975,1.033590621
646.3000000000001,1413.774189,7.032243722,-0.420036862,1453.012145,6.004336248,-0.359439711,18.8,20.43795599999994,1.0279074739999992
646.4000000000001,1414.475103,6.990659478,-0.411648036,1453.610575,5.968597215,-0.348235501,18.8,20.335471999999935,1.0220622630000005
646.5,1415.171901,6.949914115,-0.403259209,1454.205386,5.9340855,-0.334830494,18.8,20.233485000000154,1.0158286150000002
646.6,1415.864667,6.910007636,-0.394870383,1454.796665,5.90102747,-0.31916181,18.8,20.13199800000002,1.0089801659999997
646.7,1416.553483,6.870940039,-0.386481556,1455.384616,5.869649491,-0.30129233,18.8,20.031133000000136,1.001290548
646.8000000000001,1417.238435,6.832711325,-0.378133922,1455.969476,5.840177932,-0.281536452,18.8,19.931041000000004,0.9925333930000004
646.9000000000001,1417.919606,6.795321493,-0.370033444,1456.55148,5.812839161,-0.260271457,18.8,19.831874000000152,0.982482332
647.0,1418.59708,6.758770544,-0.362427277,1457.130864,5.787821818,-0.237874623,18.8,19.733783999999968,0.9709487259999996
647.1,1419.270941,6.723033762,-0.355562578,1457.707864,5.765163629,-0.21472323,18.8,19.636922999999978,0.9578701330000001
647.2,1419.941272,6.687987569,-0.3495581,1458.282717,5.744864595,-0.191194558,18.8,19.54144500000002,0.9431229739999996
647.3000000000001,1420.608158,6.653483673,-0.345046203,1458.855658,5.726924717,-0.167603006,18.8,19.447499999999945,0.926558956
647.4000000000001,1421.271683,6.619373778,-0.341847647,1459.426922,5.711343994,-0.144011454,18.8,19.355239000000164,0.908029784
647.5,1421.93191,6.585586633,-0.340132025,1459.996747,5.698122426,-0.120419902,18.8,19.264836999999897,0.8874642069999998
647.6,1422.588825,6.551742822,-0.339858144,1460.565367,5.687260014,-0.09682835,18.8,19.17654199999988,0.864482808
647.7,1423.242393,6.517925174,-0.340820043,1461.133019,5.678756756,-0.073236798,18.8,19.09062600000011,0.8391684179999999
647.8000000000001,1423.892579,6.483908355,-0.342898965,1461.699939,5.672612654,-0.049645246,18.8,19.007360000000016,0.8112957009999997
647.9000000000001,1424.539348,6.449568786,-0.345462553,1462.266362,5.668827707,-0.026183713,18.8,18.927014000000053,0.7807410790000002
648.0,1425.182667,6.414881752,-0.348648852,1462.832525,5.667401915,-0.003502297,18.8,18.849857999999994,0.7474798370000002
648.1,1425.822499,6.379847254,-0.352082308,1463.398663,5.668335279,0.017618886,18.8,18.776163999999834,0.7115119750000005
648.2,1426.45881,6.344465291,-0.355556956,1463.965013,5.671549786,0.036399719,18.8,18.706202999999913,0.6729155049999997
648.3000000000001,1427.091565,6.308735863,-0.359031605,1464.531809,5.676655378,0.052060086,18.8,18.64024400000012,0.6320804849999995
648.4000000000001,1427.720731,6.27265897,-0.362506253,1465.099289,5.683183986,0.063819871,18.8,18.57855800000011,0.5894749839999998
648.5,1428.346271,6.236234612,-0.365980901,1465.667688,5.690667539,0.071028976,18.8,18.52141700000011,0.545567073
648.6,1428.968151,6.199462789,-0.369455549,1466.237179,5.698637967,0.073557381,18.8,18.469027999999934,0.5008248220000002
648.7,1429.586337,6.162343502,-0.372930198,1466.807687,5.706627201,0.071535107,18.8,18.42135000000003,0.4557163009999998
648.8000000000001,1430.200794,6.12487675,-0.376332072,1467.379072,5.714167171,0.06561225,18.8,18.378277999999863,0.4107095790000006
648.9000000000001,1430.811486,6.087062533,-0.378721278,1467.951197,5.720789807,0.056568927,18.8,18.339711000000033,0.36627272600000005
649.0,1431.41838,6.048900851,-0.381389252,1468.523923,5.72610505,0.045185255,18.8,18.305542999999897,0.3227958009999998
649.1,1432.02144,6.010435369,-0.382171272,1469.097111,5.730034889,0.032241349,18.8,18.275671000000056,0.28040047999999995
649.2,1432.620632,5.972230023,-0.381206723,1469.670623,5.732579324,0.018517327,18.8,18.24999100000009,0.23965069900000024
649.3000000000001,1433.215921,5.933509951,-0.378058963,1470.244319,5.733738354,0.004663285,18.8,18.228397999999924,0.1997715969999998
649.4000000000001,1433.807272,5.895573987,-0.372364122,1470.818063,5.733511981,-0.009190757,18.8,18.210790999999926,0.16206200599999931
649.5,1434.394685,5.858338499,-0.364625453,1471.391715,5.731900203,-0.023044798,18.8,18.197029999999994,0.1264382959999999
649.6,1434.978301,5.822065473,-0.353187651,1471.965136,5.728903021,-0.03689884,18.8,18.186834999999927,0.0931624520000005
649.7,1435.558294,5.787016896,-0.340142664,1472.538188,5.724520435,-0.050752882,18.8,18.179894000000058,0.06249646100000028
649.8000000000001,1436.134839,5.753454751,-0.325351107,1473.110733,5.718752445,-0.064606923,18.8,18.175893999999925,0.034702305999999794
649.9000000000001,1436.708111,5.72159736,-0.309249623,1473.682631,5.71159905,-0.078351591,18.8,18.174519999999983,0.0099983099999994
650.0,1437.278284,5.691488388,-0.292274855,1474.253745,5.703060252,-0.091440014,18.8,18.175460999999995,-0.011571864000000431
650.1,1437.845534,5.663127835,-0.274863444,1474.823936,5.693136049,-0.103215947,18.8,18.17840199999996,-0.030008213999999533
650.2,1438.410036,5.6365157,-0.25737926,1475.393065,5.681892066,-0.113023147,18.8,18.183028999999987,-0.04537636599999928
650.3000000000001,1438.971963,5.611651983,-0.239895075,1475.960994,5.669656427,-0.120205368,18.8,18.189031000000067,-0.05800444399999982
650.4000000000001,1439.531492,5.588536684,-0.222410891,1476.527584,5.656822876,-0.124106365,18.8,18.19609199999986,-0.06828619199999952
650.5,1440.088796,5.567169805,-0.204926706,1477.092697,5.643785162,-0.124179268,18.8,18.20390100000004,-0.07661535700000055
650.6,1440.644052,5.547551343,-0.187442522,1477.656246,5.630937031,-0.120314704,18.8,18.212193999999908,-0.0833856879999999
650.7,1441.197433,5.5296813,-0.169958337,1478.218356,5.61867223,-0.112622045,18.8,18.220923000000038,-0.08899092999999958
650.8000000000001,1441.749114,5.513559676,-0.15239846,1478.779203,5.607384505,-0.101648163,18.8,18.23008900000009,-0.09382482899999989
650.9000000000001,1442.29927,5.49918647,-0.134384425,1479.338964,5.597467604,-0.088049302,18.8,18.239694000000053,-0.09828113400000049
651.0,1442.848077,5.486561682,-0.115462076,1479.897815,5.589249649,-0.072481708,18.8,18.249737999999933,-0.10268796700000049
651.1,1443.395708,5.475730729,-0.095177255,1480.455932,5.582796264,-0.055601623,18.8,18.26022400000006,-0.10706553499999938
651.2,1443.94234,5.466920688,-0.073075805,1481.013492,5.57810745,-0.038065295,18.8,18.271151999999983,-0.111186762
651.3000000000001,1444.488146,5.460404055,-0.048703568,1481.570671,5.575183205,-0.020419592,18.8,18.28252500000003,-0.11477915000000039
651.4000000000001,1445.033301,5.456453323,-0.021682081,1482.127646,5.574023531,-0.002773889,18.8,18.294344999999975,-0.11757020800000006
651.5,1445.578017,5.455340987,0.00806435,1482.684593,5.574628428,0.014871814,18.8,18.306575999999904,-0.119287441
651.6,1446.12265,5.457339541,0.040460031,1483.241689,5.576997894,0.032517517,18.8,18.31903899999993,-0.11965835300000016
651.7,1446.667593,5.46272148,0.0751265,1483.799111,5.581131931,0.05016322,18.8,18.33151800000014,-0.11841045099999992
651.8000000000001,1447.213239,5.471759298,0.111609597,1484.357033,5.587030538,0.067808923,18.8,18.34379400000007,-0.11527123999999933
651.9000000000001,1447.759981,5.484680073,0.149455166,1484.915634,5.594693715,0.085777374,18.8,18.35565300000003,-0.11001364200000019
652.0,1448.308211,5.501529222,0.18820905,1485.47509,5.604121463,0.105682311,18.8,18.36687899999988,-0.10259224099999997
652.1,1448.858323,5.522306745,0.22741709,1486.035576,5.615313781,0.129460223,18.8,18.377253000000064,-0.09300703600000038
652.2,1449.410708,5.547012641,0.266700824,1486.59727,5.628464318,0.159047597,18.8,18.386561999999866,-0.08145167699999956
652.3000000000001,1449.965761,5.57564691,0.305984558,1487.160348,5.644541318,0.196380918,18.8,18.394587000000183,-0.06889440800000024
652.4000000000001,1450.523874,5.608209552,0.345268292,1487.724986,5.664706672,0.243396675,18.8,18.401111999999966,-0.0564971200000004
652.5,1451.085439,5.644700568,0.384552026,1488.291362,5.690122273,0.301708606,18.8,18.405922999999984,-0.04542170499999987
652.6,1451.65085,5.685119957,0.423835759,1488.859805,5.721950014,0.37163946,18.8,18.40895500000006,-0.03683005699999953
652.7,1452.220499,5.72946772,0.463119493,1489.431267,5.761351786,0.452866489,18.8,18.410767999999916,-0.03188406599999993
652.8000000000001,1452.794779,5.777743856,0.502403227,1490.006855,5.809489482,0.543775953,18.8,18.412076000000024,-0.03174562600000019
652.9000000000001,1453.374083,5.829948365,0.541403351,1490.587674,5.867524994,0.642431365,18.8,18.413591000000178,-0.03757662900000014
653.0,1453.958804,5.886081248,0.578701816,1491.17483,5.936426565,0.746896239,18.8,18.416025999999828,-0.05034531699999967
653.1,1454.549335,5.946142504,0.612596963,1491.76943,6.016387845,0.855234087,18.8,18.420095000000128,-0.07024534099999968
653.2,1455.146069,6.009961968,0.641387133,1492.372578,6.107408833,0.965508421,18.8,18.426509000000078,-0.09744686500000022
653.3000000000001,1455.749398,6.076688809,0.663370668,1492.985382,6.209489529,1.076105504,18.8,18.435984000000143,-0.13280071999999965
653.4000000000001,1456.359715,6.145302034,0.676845908,1493.608946,6.322629934,1.186702587,18.8,18.449231000000008,-0.17732789999999987
653.5,1456.977413,6.214780645,0.680394804,1494.244378,6.446830047,1.297299669,18.8,18.466965000000027,-0.23204940199999946
653.6,1457.602749,6.284103649,0.673733746,1494.892782,6.582089868,1.407896752,18.8,18.490032999999993,-0.29798621899999933
653.7,1458.235434,6.352250049,0.657146345,1495.555266,6.728409397,1.518493834,18.8,18.519832000000132,-0.37615934799999984
653.8000000000001,1458.875046,6.41819885,0.632050649,1496.232934,6.885788635,1.629090917,18.8,18.557887999999775,-0.46758978500000037
653.9000000000001,1459.52116,6.480929057,0.600148317,1496.926894,7.054227581,1.739688,18.8,18.605733999999938,-0.5732985240000001
654.0,1460.173352,6.53958984,0.563141008,1497.63825,7.233726235,1.849324139,18.8,18.664897999999948,-0.6941363950000001
654.1,1460.831198,6.594011034,0.522730381,1498.368109,7.424284597,1.953194623,18.8,18.736910999999917,-0.8302735629999995
654.2,1461.494274,6.644192639,0.480618096,1499.117577,7.625902668,2.045533794,18.8,18.823303000000077,-0.9817100290000003
654.3000000000001,1462.162156,6.690134653,0.438222201,1499.88776,7.838003881,2.120575996,18.8,18.925603999999975,-1.1478692279999994
654.4000000000001,1462.83442,6.731837079,0.395826305,1500.679763,8.057705409,2.172555574,18.8,19.045343000000184,-1.3258683300000005
654.5,1463.510643,6.769299915,0.35343041,1501.494693,8.281547857,2.195706869,18.8,19.184050000000024,-1.5122479419999992
654.6,1464.1904,6.802523161,0.311034514,1502.333656,8.506071833,2.18522517,18.8,19.343256000000064,-1.7035486720000002
654.7,1464.873268,6.831506817,0.268638619,1503.197297,8.727817941,2.140149534,18.8,19.52402899999988,-1.8963111239999995
654.8000000000001,1465.558821,6.856250885,0.226242724,1504.084414,8.943326789,2.061440902,18.8,19.725592999999844,-2.0870759040000006
654.9000000000001,1466.246638,6.876755362,0.184173959,1504.993347,9.149138983,1.953903989,18.8,19.94670900000001,-2.2723836210000004
655.0,1466.936292,6.89302025,0.144067978,1505.922434,9.341795129,1.823304451,18.8,20.186141999999972,-2.4487748789999992
655.1,1467.627361,6.905045549,0.107887566,1506.870014,9.518412398,1.675407944,18.8,20.442653000000018,-2.613366849000001
655.2,1468.319421,6.913027536,0.077595505,1507.834425,9.678414226,1.515980124,18.8,20.71500400000009,-2.765386689999999
655.3000000000001,1469.012047,6.917947604,0.05515458,1508.814005,9.821800612,1.350786648,18.8,21.001958000000013,-2.9038530080000005
655.4000000000001,1469.704816,6.920983424,0.042527574,1509.807093,9.948571556,1.18463223,18.8,21.302276999999957,-3.027588131999999
655.5,1470.397304,6.923312665,0.041350142,1510.812027,10.05872706,1.018477811,18.8,21.614722999999866,-3.1354143950000006
655.6,1471.089243,6.926112998,0.051949414,1511.827146,10.15226712,0.852323393,18.8,21.937903000000187,-3.2261541219999996
655.7,1471.780996,6.930562093,0.073998258,1512.850788,10.22919174,0.686168974,18.8,22.269792000000006,-3.2986296469999994
655.8000000000001,1472.473079,6.937837621,0.105861023,1513.881292,10.28950091,0.520014556,18.8,22.60821299999993,-3.3516632889999993
655.9000000000001,1473.166012,6.949117253,0.145574923,1514.916996,10.33319465,0.353860137,18.8,22.950984000000016,-3.3840773969999995
656.0,1473.860312,6.965382379,0.191177175,1515.956238,10.36027294,0.188652217,18.8,23.295925999999962,-3.3948905609999995
656.1,1474.556497,6.986829279,0.240704995,1516.997358,10.37073579,0.029123287,18.8,23.64086100000004,-3.3839065109999993
656.2,1475.255086,7.013457952,0.292195599,1518.038693,10.3645832,-0.119047662,18.8,23.983607000000074,-3.351125248
656.3000000000001,1475.956598,7.045268398,0.344013334,1519.078582,10.34238307,-0.250181641,18.8,24.32198400000011,-3.297114672
656.4000000000001,1476.661549,7.082260619,0.395831069,1520.115364,10.30697489,-0.358599658,18.8,24.653815000000076,-3.224714270999999
656.5,1477.370459,7.124434612,0.447648803,1521.147376,10.26176605,-0.438622725,18.8,24.97691699999991,-3.1373314380000004
656.6,1478.083845,7.171790379,0.499466538,1522.172958,10.21016396,-0.485518348,18.8,25.289112999999997,-3.038373580999999
656.7,1478.802226,7.22432792,0.551284273,1523.190902,10.155576,-0.498340029,18.8,25.58867600000003,-2.9312480799999996
656.8000000000001,1479.52612,7.282047234,0.603102008,1524.201818,10.10140957,-0.478034268,18.8,25.87569800000001,-2.8193623359999993
656.9000000000001,1480.256045,7.344948321,0.655329078,1525.206771,10.05107206,-0.429333555,18.8,26.150725999999803,-2.706123738999999
657.0,1480.992519,7.413031182,0.710012162,1526.206824,10.00797087,-0.357916882,18.8,26.414305000000194,-2.5949396879999993
657.1,1481.73606,7.486295817,0.769607273,1527.203043,9.974945489,-0.269463237,18.8,26.666983000000027,-2.4886496719999993
657.2,1482.487187,7.564987826,0.836570425,1528.196492,9.952563823,-0.169651613,18.8,26.909305000000085,-2.387575997
657.3000000000001,1483.246418,7.650335217,0.913357631,1529.188234,9.940825867,-0.064160997,18.8,27.141816000000016,-2.290490649999999
657.4000000000001,1484.01427,7.743811598,1.002424905,1530.179335,9.939731623,0.042276116,18.8,27.36506500000014,-2.1959200250000004
657.5,1484.791263,7.846890576,1.105818924,1531.170859,9.94928109,0.14871323,18.8,27.57959599999999,-2.1023905139999997
657.6,1485.57811,7.961045761,1.223949026,1532.163869,9.969474269,0.255150343,18.8,27.785759000000052,-2.0084285080000006
657.7,1486.376313,8.08775076,1.356405873,1533.159432,10.00031116,0.361587457,18.8,27.98311899999994,-1.9125604000000003
657.8000000000001,1487.187568,8.228479181,1.501142788,1534.15861,10.04179176,0.46802457,18.8,28.171041999999897,-1.8133125789999998
657.9000000000001,1488.013573,8.384704632,1.655703757,1535.162468,10.09391607,0.574461684,18.8,28.348895000000038,-1.7092114380000005
658.0,1488.856024,8.557655121,1.817632767,1536.172071,10.1566841,0.680231791,18.8,28.516047000000025,-1.5990289789999999
658.1,1489.716618,8.747576249,1.984473804,1537.188483,10.23009583,0.781999862,18.8,28.67186499999998,-1.482519581
658.2,1490.597054,8.954468015,2.153770855,1538.212768,10.31415128,0.875763859,18.8,28.815714000000025,-1.359683265000001
658.3000000000001,1491.499027,9.17833042,2.323477241,1539.245991,10.40845023,0.957521745,18.8,28.946963999999934,-1.2301198099999997
658.4000000000001,1492.424234,9.419163463,2.493183627,1540.289217,10.51099168,1.023271484,18.8,29.064982999999938,-1.0918282169999998
658.5,1493.374374,9.676967145,2.662890013,1541.343508,10.61937439,1.069011039,18.8,29.16913399999994,-0.9424072450000001
658.6,1494.351142,9.951741466,2.8325964,1542.409931,10.73119714,1.09140538,18.8,29.258788999999933,-0.7794556740000012
658.7,1495.356237,10.24348642,3.002302786,1543.489228,10.84405872,1.089787499,18.8,29.332990999999947,-0.6005722999999996
658.8000000000001,1496.391354,10.55220202,3.172009172,1544.580864,10.9555579,1.064824404,18.8,29.389509999999927,-0.4033558800000012
658.9000000000001,1497.458192,10.87788826,3.341715559,1545.683983,11.06329346,1.019851124,18.8,29.425790999999844,-0.18540519999999994
659.0,1498.558447,11.22054513,3.509955826,1546.797726,11.16486418,0.958869697,18.8,29.439279000000123,0.055680949999999285
659.1,1499.693816,11.58017265,3.669399379,1547.921238,11.25826903,0.88588216,18.8,29.427421999999932,0.3219036200000005
659.2,1500.865996,11.9567708,3.811249505,1549.053663,11.34310782,0.804890549,18.8,29.38766699999992,0.6136629799999991
659.3000000000001,1502.076685,12.34945992,3.92670949,1550.194143,11.41938054,0.719896901,18.8,29.31745799999994,0.9300793799999987
659.4000000000001,1503.327579,12.75384165,4.006982619,1551.341822,11.4870872,0.634236247,18.8,29.214243000000078,1.2667544500000005
659.5,1504.620375,13.16463796,4.04327218,1552.495843,11.54622779,0.548575593,18.8,29.075467999999955,1.6184101700000006
659.6,1505.956771,13.57657083,4.028247577,1553.655351,11.59680232,0.462914939,18.8,28.89858000000022,1.9797685099999995
659.7,1507.33776,13.98436222,3.960442691,1554.819487,11.63881078,0.377254285,18.8,28.68172700000009,2.3455514399999995
659.8000000000001,1508.76152,14.38273411,3.841323641,1555.987396,11.67225317,0.291593631,18.8,28.42587599999997,2.71048094
659.9000000000001,1510.225526,14.76640847,3.678221022,1557.158221,11.6971295,0.205932977,18.8,28.132694999999966,3.069278969999999
660.0,1511.727253,15.13010726,3.479931549,1558.331105,11.71343977,0.120272323,18.8,27.80385199999996,3.41666749
660.1,1513.264174,15.46943215,3.255251933,1559.505192,11.72118397,0.034736005,18.8,27.441018000000167,3.748248179999999
660.2,1514.833766,15.78350344,3.012978891,1560.679625,11.7203621,-0.0500543,18.8,27.045859000000018,4.063141340000001
660.3000000000001,1516.433502,16.07232115,2.761909134,1561.853547,11.71097417,-0.133352577,18.8,26.620044999999845,4.36134698
660.4000000000001,1518.060857,16.33588527,2.509373259,1563.026102,11.69309478,-0.214412812,18.8,26.165245000000095,4.642790489999999
660.5,1519.713306,16.5741958,2.256837383,1564.196434,11.66709693,-0.292488993,18.8,25.68312799999985,4.907098869999999
660.6,1521.388323,16.78725275,2.004301508,1565.363686,11.63342822,-0.366835105,18.8,25.175363000000015,5.15382453
660.7,1523.083383,16.9750561,1.751765632,1566.527,11.59253628,-0.43682947,18.8,24.64361700000013,5.382519820000001
660.8000000000001,1524.795961,17.13760587,1.499229757,1567.685581,11.54486871,-0.502347752,18.8,24.089619999999922,5.592737160000002
660.9000000000001,1526.523531,17.27490205,1.246693881,1568.838869,11.49087311,-0.563514288,18.8,23.515337999999883,5.784028940000001
661.0,1528.263568,17.38694465,0.995329658,1569.986367,11.4309971,-0.620950755,18.8,22.922798999999895,5.955947549999999
661.1,1530.013547,17.47373365,0.750995347,1571.127576,11.36568827,-0.675403166,18.8,22.314029000000073,6.10804538
661.2,1531.770942,17.53526907,0.520720862,1572.261997,11.29531965,-0.727617537,18.8,21.69105499999996,6.2399494199999985
661.3000000000001,1533.533227,17.5722539,0.311536114,1573.389133,11.21996583,-0.778339879,18.8,21.055906000000004,6.35228807
661.4000000000001,1535.297879,17.58820308,0.126730652,1574.508483,11.13962681,-0.828316208,18.8,20.410604000000102,6.44857627
661.5,1537.06237,17.58733457,-0.015444518,1575.619551,11.05430259,-0.878168202,18.8,19.7571809999999,6.533031979999999
661.6,1538.824176,17.57386632,-0.120352228,1576.721836,10.96399317,-0.928020195,18.8,19.09765999999986,6.60987315
661.7,1540.581334,17.54977205,-0.183080463,1577.814842,10.86869855,-0.977872189,18.8,18.433508000000028,6.681073500000002
661.8000000000001,1542.334131,17.52600236,-0.204800875,1578.898069,10.76841873,-1.027724182,18.8,17.763938000000007,6.757583629999999
661.9000000000001,1544.083414,17.50004256,-0.191371723,1579.971018,10.66315371,-1.077576176,18.8,17.08760400000001,6.836888850000001
662.0,1545.830035,17.4783548,-0.146082557,1581.033192,10.55290349,-1.127428169,18.8,16.403157000000146,6.9254513100000015
