t,x_follower,v_follower,a_follower,x_leader,v_leader,a_leader,leader_length,spacing,dv
276.90000000000003,56.98750101,30.19747867,-1.44668144,109.7160747,25.31578964,-0.79255989,14.9,37.82857368999999,4.88168903
277.0,60.05311337,30.05281053,-1.46208172,112.2405654,25.24278454,-0.667542082,14.9,37.28745203,4.81002599
277.1,63.08732805,29.91224912,-1.699057054,114.7583807,25.18228123,-0.542524274,14.9,36.77105265,4.7299678899999975
277.2,66.09137708,29.77579446,-1.829662333,117.2707707,25.13427969,-0.417506466,14.9,36.27939362,4.641514770000001
277.3,69.06649248,29.61264598,-1.983455152,119.7789857,25.09877993,-0.292488658,14.9,35.812493220000015,4.513866050000001
277.40000000000003,72.01390628,29.34795014,-2.130508396,122.2842758,25.07578196,-0.16747085,14.9,35.370369520000004,4.272168179999998
277.5,74.93485049,29.09968127,-2.272375716,124.7878912,25.06528576,-0.042453042,14.9,34.95304071,4.034395510000003
277.6,77.83055714,28.86783936,-2.32868592,127.2910821,25.06729135,0.082564766,14.9,34.56052496,3.80054801
277.7,80.70225825,28.63394409,-2.23885095,129.7950986,25.08179872,0.207582575,14.9,34.19284034999999,3.5521453700000016
277.8,83.55118584,28.41236903,-2.130193414,132.3011909,25.10880786,0.332600383,14.9,33.850005059999994,3.303561170000002
277.90000000000003,86.37857194,28.2031142,-2.03094716,134.8106093,25.14831879,0.457618191,14.9,33.53203736000001,3.0547954100000005
278.0,89.18564857,28.0061796,-1.907744915,137.3246038,25.2003315,0.582635999,14.9,33.23895523000001,2.8058480999999986
278.1,91.97364775,27.82156522,-1.784542669,139.8444247,25.26484599,0.707653807,14.9,32.970776949999994,2.556719229999999
278.2,94.7438015,27.64927107,-1.661340424,142.3713221,25.34186226,0.832671615,14.9,32.727520599999984,2.307408810000002
278.3,97.49734185,27.48929714,-1.538138178,144.9065463,25.43138032,0.957689423,14.9,32.509204450000006,2.0579168200000026
278.40000000000003,100.2355008,27.34164343,-1.414935933,147.4513473,25.53340015,1.082707231,14.9,32.31584650000001,1.8082432800000028
278.5,102.9595104,27.20630995,-1.291733687,150.0069754,25.64792176,1.207725039,14.9,32.14746499999999,1.5583881900000023
278.6,105.6706027,27.08329669,-1.168531442,152.5746808,25.77494516,1.33171068,14.9,32.00407810000001,1.3083515299999995
278.7,108.3700097,26.97260366,-1.045329196,155.1557135,25.91447033,1.449503323,14.9,31.885703799999995,1.0581333300000004
278.8,111.0589633,26.87423085,-0.922126951,157.7513239,26.06649729,1.554909968,14.9,31.792360599999988,0.8077335599999991
278.90000000000003,113.7386957,26.78817827,-0.798924705,160.3627621,26.23040672,1.641737615,14.9,31.724066400000005,0.5577715499999982
279.0,116.4104389,26.71444591,-0.67572246,162.9912782,26.40310214,1.703793266,14.9,31.68083930000001,0.311343769999997
279.1,119.0754248,26.65303378,-0.552520214,165.6381225,26.58086774,1.734883923,14.9,31.662697700000017,0.0721660400000026
279.2,121.7348855,26.60394187,-0.429317968,168.3045451,26.75998773,1.729848752,14.9,31.66965960000001,-0.15604585999999898
279.3,124.390053,26.56717019,-0.306115723,170.9913008,26.93674629,1.687655586,14.9,31.70124780000001,-0.36957609999999974
279.40000000000003,127.0421594,26.54271873,-0.182913477,173.6971625,27.10742764,1.609336593,14.9,31.75500309999999,-0.5647089100000002
279.5,129.6924367,26.53058749,-0.059711232,176.4204077,27.26831598,1.500052605,14.9,31.827970999999998,-0.7377284900000021
279.6,132.3421168,26.53077648,0.063491014,179.1593141,27.41569549,1.365996621,14.9,31.917197299999977,-0.8849190100000008
279.7,134.9924319,26.54328569,0.186693259,181.9121591,27.5464697,1.21336164,14.9,32.019727199999984,-1.0031840099999982
279.8,137.6446138,26.56811513,0.309895505,184.6772204,27.66001929,1.048340661,14.9,32.13260660000001,-1.0919041600000021
279.90000000000003,140.2998948,26.60526479,0.43309775,187.4527753,27.75634426,0.877126683,14.9,32.25288050000001,-1.151079469999999
280.0,142.9595067,26.65473468,0.556299996,190.2371015,27.83544463,0.704880539,14.9,32.377594800000004,-1.1807099500000007
280.1,145.6246816,26.71652479,0.679502241,193.0284765,27.89732037,0.532634394,14.9,32.50379490000001,-1.180795579999998
280.2,148.2966515,26.79063513,0.802704487,195.8251779,27.9419715,0.36038825,14.9,32.628526400000005,-1.1513363700000028
280.3,150.9766485,26.87706569,0.925906732,198.6254831,27.96939802,0.188142105,14.9,32.74883459999999,-1.0923323300000014
280.40000000000003,153.6659046,26.97581648,1.048062348,201.4276698,27.97959993,0.015895961,14.9,32.86176519999999,-1.0037834500000002
280.5,156.3656517,27.08688749,1.163938185,204.2300154,27.97257721,-0.156350184,14.9,32.964363700000014,-0.885689720000002
280.6,159.0771219,27.21027872,1.267254465,207.0307976,27.94832989,-0.327376298,14.9,33.05367569999999,-0.7380511699999985
280.7,161.8015473,27.3453622,1.351731408,209.8282937,27.90685795,-0.491082225,14.9,33.12674639999998,-0.5614957499999988
280.8,164.5401599,27.48899804,1.411089237,212.6207815,27.84816139,-0.64014778,14.9,33.1806216,-0.3591633500000029
280.90000000000003,167.2941916,27.63741837,1.439048172,215.4065383,27.77297224,-0.767252776,14.9,33.21234669999999,-0.13555387000000252
281.0,170.0648745,27.78685532,1.430375065,218.1838418,27.68495059,-0.865077028,14.9,33.21896730000001,0.10190473000000111
281.1,172.8529383,27.93354103,1.384023285,220.9509695,27.58848855,-0.926300348,14.9,33.19803120000001,0.34505247999999966
281.2,175.657103,28.07370762,1.301039463,223.7061989,27.48797822,-0.944822583,14.9,33.1490959,0.5857294000000017
281.3,178.4755864,28.20358724,1.186656747,226.4483932,27.38781173,-0.9194237,14.9,33.0728068,0.8157755100000017
281.40000000000003,181.3066062,28.31941201,1.047154917,229.178758,27.29238118,-0.851323731,14.9,32.972151799999985,1.027030830000001
281.5,184.1483801,28.41804205,0.88881375,231.8990846,27.20607869,-0.746622831,14.9,32.85070450000001,1.2119633600000022
281.6,186.999126,28.49884937,0.717913026,234.611164,27.13329637,-0.612641186,14.9,32.712038000000014,1.3655529999999985
281.7,189.8570614,28.56183398,0.540732523,237.3167877,27.07769431,-0.456698983,14.9,32.5597263,1.4841396700000011
281.8,192.7204041,28.60699587,0.362505391,240.0177468,27.04000452,-0.286116407,14.9,32.3973427,1.5669913499999986
281.90000000000003,195.5873719,28.63433506,0.184278258,242.7158325,27.02022702,-0.108213645,14.9,32.22846060000001,1.6141080400000014
282.0,198.4561825,28.64385153,0.006051126,245.412836,27.0183618,0.070909148,14.9,32.05665349999999,1.6254897299999982
282.1,201.3250536,28.63554528,-0.172176007,248.1105487,27.03440885,0.250031941,14.9,31.88549510000002,1.6011364300000004
282.2,204.1922029,28.60941632,-0.350403139,250.8107616,27.06836818,0.429154734,14.9,31.718558699999996,1.541048140000001
282.3,207.0558482,28.56546465,-0.528630272,253.5152662,27.1202398,0.608277527,14.9,31.559418,1.445224849999999
282.40000000000003,209.9142072,28.50369027,-0.705430563,256.2258535,27.19002369,0.78740032,14.9,31.411646300000037,1.3136665799999996
282.5,212.7654976,28.42409317,-0.873669807,258.9443148,27.27771986,0.966523113,14.9,31.27881719999997,1.1463733099999978
282.6,215.6079372,28.32667336,-1.024786954,261.6724413,27.38332831,1.144555249,14.9,31.164504099999995,0.9433450500000014
282.7,218.4397436,28.21228694,-1.150220958,264.4120243,27.50684904,1.316043448,14.9,31.072280699999972,0.7054378999999997
282.8,221.2591347,28.08521444,-1.241410771,267.164855,27.64828205,1.474443769,14.9,31.005720299999986,0.4369323900000026
282.90000000000003,224.0643281,27.95059248,-1.289795344,269.9327246,27.80697295,1.613212275,14.9,30.96839649999996,0.14361953000000227
283.0,226.8535416,27.8135577,-1.288240471,272.7174243,27.97964976,1.725805027,14.9,30.963882700000006,-0.16609206000000043
283.1,229.6256778,27.67924671,-1.235319311,275.5207454,28.16238612,1.805678088,14.9,30.995067600000006,-0.4831394099999997
283.2,232.3823787,27.55279616,-1.132458705,278.3444791,28.35125568,1.847378174,14.9,31.0621004,-0.7984595200000015
283.3,235.1259716,27.43934266,-0.98679286,281.1898931,28.54233206,1.849814629,14.9,31.163921499999994,-1.1029893999999985
283.40000000000003,237.8587833,27.34402285,-0.806882823,284.0561611,28.7316889,1.814078111,14.9,31.2973778,-1.38766605
283.5,240.583141,27.27111726,-0.601289643,286.9419332,28.91539985,1.7456219,14.9,31.458792199999984,-1.6442825899999995
283.6,243.3013716,27.22148198,-0.378574366,289.8458595,29.08953853,1.650989936,14.9,31.64448790000001,-1.8680565499999986
283.7,246.0158022,27.19511702,-0.147298042,292.7665902,29.25083299,1.536726157,14.9,31.850788,-2.055715969999998
283.8,248.7287599,27.19202237,0.085405123,295.7027754,29.39862882,1.4093745,14.9,32.07401550000001,-2.206606449999999
283.90000000000003,251.4425716,27.21219804,0.318108288,298.6530653,29.53292602,1.275478906,14.9,32.310493699999974,-2.320727980000001
284.0,254.1595643,27.25564403,0.550811454,301.6161099,29.6537246,1.140492654,14.9,32.55654560000003,-2.398080570000001
284.1,256.8820652,27.32236033,0.783514619,304.5905595,29.76102455,1.005506403,14.9,32.808494299999985,-2.4386642199999997
284.2,259.6124012,27.41234695,1.016217784,307.5750642,29.85482588,0.870520152,14.9,33.062662999999965,-2.44247893
284.3,262.3528994,27.52560389,1.24892095,310.568274,29.93512858,0.735533901,14.9,33.31537459999996,-2.4095246900000014
284.40000000000003,265.1058869,27.66213114,1.481624115,313.5688392,30.00193266,0.60054765,14.9,33.56295230000004,-2.3398015200000017
284.5,267.8736905,27.82192871,1.712472491,316.5754098,30.05523811,0.465561399,14.9,33.80171929999998,-2.2333093999999996
284.6,270.6586374,28.0049966,1.93219213,319.5866361,30.09504494,0.330575147,14.9,34.02799870000005,-2.0900483400000027
284.7,273.4630547,28.2113348,2.129654297,322.6011681,30.12135314,0.19633145,14.9,34.23811340000001,-1.9100183400000006
284.8,276.2892692,28.43983045,2.293730254,325.6176561,30.13416272,0.066543072,14.9,34.4283869,-1.6943322700000003
284.90000000000003,279.1396082,28.68491917,2.413291265,328.63475,30.13347367,-0.054334667,14.9,34.5951418,-1.4485545000000002
285.0,282.0163985,28.93992372,2.477208593,331.6511001,30.11973153,-0.161846445,14.9,34.73470160000003,-1.1798078099999998
285.1,284.9219673,29.19816686,2.476208292,334.6653565,30.09516395,-0.251536944,14.9,34.84338919999997,-0.8969970899999993
285.2,287.8577512,29.45297136,2.408435572,337.6761694,30.06244414,-0.318950843,14.9,34.9184182,-0.6094727800000008
285.3,290.8216258,29.69765996,2.275745222,340.6821888,30.02424527,-0.360375376,14.9,34.960563000000015,-0.32658531000000224
285.40000000000003,293.8105764,29.92555542,2.08741119,343.6824213,29.98324055,-0.37506799,14.9,34.97184489999999,-0.05768513000000297
285.5,296.8215882,30.12998051,1.854562212,346.6772993,29.94210316,-0.363771237,14.9,34.95571110000001,0.18787735000000083
285.6,299.8516463,30.30537085,1.588327024,349.6676114,29.9035063,-0.330197885,14.9,34.91596509999997,0.4018645499999991
285.7,302.8977361,30.45061358,1.299834363,352.6541462,29.87012316,-0.278803253,14.9,34.85641010000004,0.5804904200000003
285.8,305.9568428,30.56570868,1.000212966,355.6376926,29.8441814,-0.214042662,14.9,34.78084979999998,0.7215272800000001
285.90000000000003,309.0259517,30.65065617,0.698736779,358.619039,29.82612654,-0.140371431,14.9,34.69308729999998,0.8245296300000007
286.0,312.1020479,30.70545604,0.397260593,361.5989744,29.8159586,-0.062244879,14.9,34.596926499999974,0.8894974400000031
286.1,315.1821167,30.73010829,0.095784406,364.5782873,29.81367757,0.016624225,14.9,34.496170600000006,0.916430720000001
286.2,318.2631434,30.72461292,-0.205691781,367.5577665,29.81928344,0.09549333,14.9,34.394623100000025,0.9053294799999989
286.3,321.3421131,30.68896993,-0.507167967,370.5382005,29.83277623,0.174362434,14.9,34.29608740000001,0.8561936999999986
286.40000000000003,324.4160112,30.62317933,-0.808644154,373.5203783,29.85415593,0.253231539,14.9,34.20436709999999,0.7690233999999982
286.5,327.4818228,30.5272411,-1.108522582,376.5050883,29.88342254,0.332100643,14.9,34.12326550000004,0.6438185599999997
286.6,330.5365332,30.40115526,-1.398814457,379.4931193,29.92057606,0.410969748,14.9,34.05658609999998,0.4805792000000011
286.7,333.5771276,30.2449218,-1.669933226,382.48526,29.96561649,0.489211402,14.9,34.0081324,0.2793053100000016
286.8,336.6005914,30.05949937,-1.912292336,385.4822991,30.01854383,0.563688359,14.9,33.981707699999994,0.040955540000002344
286.90000000000003,339.6039096,29.84968126,-2.121062631,388.4850253,30.07935808,0.63063592,14.9,33.98111570000001,-0.22967681999999812
287.0,342.5840676,29.62121939,-2.272385367,391.4942273,30.14768277,0.686289388,14.9,34.01015969999995,-0.5264633799999991
287.1,345.5380505,29.3798657,-2.372543941,394.5106937,30.22163556,0.726884064,14.9,34.072643199999995,-0.8417698599999994
287.2,348.4636107,29.12851768,-2.415183198,397.5352133,30.29895761,0.74865525,14.9,34.17160260000001,-1.170439929999997
287.3,351.3615678,28.88149058,-2.401900895,400.5685747,30.37739012,0.748465699,14.9,34.30700690000001,-1.49589954
287.40000000000003,354.2335087,28.63597301,-2.340685828,403.6112655,30.45467427,0.72568796,14.9,34.47775679999999,-1.818701260000001
287.5,357.0810202,28.40057134,-2.236367152,406.6625685,30.52855123,0.680949484,14.9,34.68154830000001,-2.1279798900000024
287.6,359.9056891,28.18007886,-2.112803611,409.7214652,30.59676219,0.617387518,14.9,34.915776099999995,-2.4166833300000015
287.7,362.709102,27.97545421,-1.965309567,412.7869374,30.65704833,0.53876676,14.9,35.17783540000003,-2.6815941199999997
287.8,365.492846,27.78669739,-1.80822897,415.8579667,30.7075273,0.448851909,14.9,35.465120700000035,-2.9208299099999984
287.90000000000003,368.2585076,27.61380841,-1.649550614,418.9335347,30.74782263,0.351407662,14.9,35.775027100000024,-3.134014220000001
288.0,371.0076737,27.45678727,-1.490872258,422.0126231,30.77793432,0.250198717,14.9,36.10494939999999,-3.3211470500000004
288.1,373.7419311,27.31563396,-1.332193902,425.0942134,30.79786238,0.148362323,14.9,36.452282300000014,-3.482228420000002
288.2,376.4628666,27.19034849,-1.173515546,428.1772874,30.80760679,0.046525928,14.9,36.81442080000003,-3.6172582999999996
288.3,379.1720669,27.08093085,-1.014837191,431.2608266,30.80716756,-0.055310466,14.9,37.18875969999997,-3.7262367099999985
288.40000000000003,381.8711189,26.98738105,-0.856158835,434.3438127,30.7965447,-0.157146861,14.9,37.5726938,-3.8091636499999986
288.5,384.5616092,26.90969908,-0.697480479,437.4252273,30.77573819,-0.258983255,14.9,37.9636181,-3.866039109999999
288.6,387.2451248,26.84788495,-0.539633065,440.5040522,30.74474804,-0.36081965,14.9,38.358927400000006,-3.89686309
288.7,389.9232523,26.80193866,-0.386771299,443.5792688,30.70357426,-0.462483,14.9,38.75601650000002,-3.9016355999999988
288.8,392.5975786,26.7718602,-0.243880832,446.6498588,30.65221684,-0.563108087,14.9,39.152280199999986,-3.8803566400000022
288.90000000000003,395.2696904,26.75715101,-0.115947312,449.714804,30.59067577,-0.661656645,14.9,39.545113600000015,-3.8335247599999995
289.0,397.9411746,26.75531827,-0.005849833,452.7730858,30.5190549,-0.757090412,14.9,39.93191119999998,-3.7637366300000004
289.1,400.6136179,26.76337058,0.075106292,455.823686,30.43787334,-0.848371122,14.9,40.3100681,-3.6745027599999993
289.2,403.288607,26.77831657,0.129086019,458.8655862,30.34775406,-0.934460513,14.9,40.676979199999984,-3.5694374899999985
289.3,405.96733,26.79842876,0.153151852,461.897768,30.24932001,-1.014493363,14.9,41.03043799999998,-3.4508912500000015
289.40000000000003,408.6493794,26.81692398,0.148134732,464.9192961,30.14319416,-1.08829663,14.9,41.36991670000001,-3.3262701800000016
289.5,411.3339488,26.83460262,0.118189367,467.9295674,30.02999946,-1.156043356,14.9,41.695618600000024,-3.195396840000001
289.6,414.0202318,26.84720938,0.066194852,470.9280621,29.91035888,-1.218598762,14.9,42.0078303,-3.0631495000000015
289.7,416.7074223,26.85225142,0.003456499,473.91426,29.78489536,-1.277001113,14.9,42.306837699999996,-2.9326439399999984
289.8,419.3947138,26.84923019,-0.071359707,476.8876411,29.65412804,-1.332288671,14.9,42.59292730000002,-2.8048978499999997
289.90000000000003,422.0813,26.83814567,-0.151161561,479.8476856,29.51816076,-1.385499701,14.9,42.86638559999998,-2.6800150900000013
290.0,424.7663745,26.81899787,-0.231794358,482.7938733,29.37699349,-1.437672468,14.9,43.12749879999999,-2.55799562
290.1,427.4491312,26.7917868,-0.312427154,485.7256842,29.23062626,-1.48967219,14.9,43.37655299999998,-2.4388394600000005
290.2,430.1287635,26.75651244,-0.39305995,488.6425985,29.07905906,-1.541671912,14.9,43.61383500000003,-2.322546619999997
290.3,432.8044653,26.71317481,-0.473692746,491.544096,28.92229188,-1.593671634,14.9,43.83963070000002,-2.209117069999998
290.40000000000003,435.4754301,26.66177389,-0.554325542,494.4296569,28.76032473,-1.645671357,14.9,44.054226800000016,-2.0985508400000015
290.5,438.1408517,26.6023097,-0.634958338,497.298761,28.59315761,-1.697671079,14.9,44.25790930000003,-1.9908479099999994
290.6,440.7999237,26.53478223,-0.715328822,500.1508884,28.42079051,-1.749670801,14.9,44.450964699999965,-1.8860082799999986
290.7,443.4518398,26.45919147,-0.794125433,502.9855191,28.24322345,-1.801670524,14.9,44.63367929999996,-1.7840319799999982
290.8,446.0957936,26.37553744,-0.869774296,505.8021331,28.06045641,-1.853495992,14.9,44.806339500000014,-1.6849189700000018
290.90000000000003,448.7309789,26.28397752,-0.940701538,508.6002103,27.8724894,-1.904275937,14.9,44.96923139999999,-1.5885118799999987
291.0,451.3565893,26.18529863,-1.005333286,511.3792309,27.67932242,-1.952964837,14.9,45.12264159999999,-1.49402379
291.1,453.9718185,26.08044512,-1.062095666,514.1386748,27.48106001,-1.998517167,14.9,45.26685630000001,-1.40061489
291.2,456.5758601,25.9703613,-1.109677117,516.878022,27.27822495,-2.039887405,14.9,45.40216189999999,-1.307863649999998
291.3,459.1680337,25.8559915,-1.147815327,519.5967525,27.07144455,-2.076030028,14.9,45.52871879999996,-1.2154530500000007
291.40000000000003,461.7481626,25.73828004,-1.176772607,522.2943463,26.86134611,-2.106073766,14.9,45.64618370000003,-1.1230660700000001
291.5,464.3161959,25.61817125,-1.19786052,524.9703671,26.64855696,-2.129844367,14.9,45.75417119999995,-1.030385710000001
291.6,466.8720827,25.49660944,-1.212652938,527.624713,26.4337044,-2.147516082,14.9,45.85263030000002,-0.9370949599999996
291.7,469.4157721,25.37438156,-1.222723735,530.257366,26.21741575,-2.159960183,14.9,45.94159390000002,-0.8430341900000009
291.8,471.9472133,25.25164499,-1.229646785,532.8683078,26.00031833,-2.168222192,14.9,46.02109450000004,-0.7486733399999999
291.90000000000003,474.4663555,25.12839974,-1.234995962,535.4575204,25.7829349,-2.173347631,14.9,46.0911649,-0.6545351600000018
292.0,476.9731476,25.0046458,-1.240082826,538.0249855,25.56537,-2.176382024,14.9,46.151837899999954,-0.5607242000000028
292.1,479.467539,24.88038317,-1.245169691,540.5706851,25.34762364,-2.178370895,14.9,46.203146100000005,-0.4672404699999966
292.2,481.9494786,24.75561186,-1.250256555,543.094601,25.12969582,-2.180185511,14.9,46.24512239999999,-0.3740839600000001
292.3,484.4189157,24.63033186,-1.255343419,545.596715,24.91158654,-2.182000127,14.9,46.277799300000005,-0.28125468
292.40000000000003,486.8757993,24.50454318,-1.260430284,548.077009,24.69329579,-2.183814744,14.9,46.301209699999994,-0.18875261000000165
292.5,489.3200787,24.37824581,-1.265517148,550.5354649,24.47482359,-2.18562936,14.9,46.315386199999956,-0.0965777800000005
292.6,491.7517028,24.25143975,-1.270596067,552.9720645,24.25616992,-2.187443977,14.9,46.320361700000014,-0.004730170000001976
292.7,494.170621,24.124125,-1.275627314,555.3867896,24.03733479,-2.189258593,14.9,46.31616860000006,0.0867902100000002
292.8,496.5767822,23.99630157,-1.280563218,557.7796221,23.8183182,-2.190720367,14.9,46.30283989999996,0.17798336999999975
292.90000000000003,498.9701356,23.86797422,-1.285356106,560.150544,23.59912015,-2.192131736,14.9,46.28040839999998,0.2688540699999997
293.0,501.3506304,23.73916679,-1.289958307,562.4995369,23.37974064,-2.19313334,14.9,46.248906499999954,0.35942614999999734
293.1,503.7182157,23.60990788,-1.29432215,564.8265828,23.16039137,-2.192797706,14.9,46.20836710000001,0.44951651000000226
293.2,506.0728406,23.48022608,-1.298407906,567.1316636,22.94089088,-2.191067315,14.9,46.15882300000002,0.5393352
293.3,508.414458,23.35015002,-1.302207632,569.414761,22.72145479,-2.187593477,14.9,46.100302999999975,0.6286952300000017
293.40000000000003,510.7430363,23.21970828,-1.305729272,571.675857,22.50263958,-2.182380346,14.9,46.032820699999924,0.7170686999999987
293.5,513.0585473,23.08892948,-1.309012554,573.9149612,22.28447976,-2.174776796,14.9,45.95641390000001,0.8044497200000009
293.6,515.360963,22.95784221,-1.312105148,576.1321951,22.06718455,-2.16485161,14.9,45.87123210000002,0.8906576599999987
293.7,517.6502556,22.82647031,-1.315054727,578.3277078,21.85096316,-2.153474148,14.9,45.77745219999995,0.9755071500000021
293.8,519.926397,22.69481855,-1.317908962,580.5016486,21.6360248,-2.14070193,14.9,45.6752516,1.0587937499999995
293.90000000000003,522.1893593,22.56288693,-1.320715526,582.6541666,21.42254382,-2.126883644,14.9,45.564807300000076,1.1403431099999999
294.0,524.4391144,22.43067545,-1.323514144,584.7854112,21.21055509,-2.112367979,14.9,45.446296800000006,1.2201203599999992
294.1,526.6756343,22.2981841,-1.326312762,586.8955315,21.00005861,-2.097503625,14.9,45.31989719999999,1.2981254900000003
294.2,528.8988911,22.16541289,-1.32911138,588.9846768,20.79105437,-2.082581155,14.9,45.185785699999975,1.3743585199999977
294.3,531.1088568,22.03236183,-1.331909998,591.0529963,20.58354237,-2.067658686,14.9,45.04413950000001,1.4488194599999993
294.40000000000003,533.3055034,21.89903089,-1.334708617,593.1006392,20.37752263,-2.052736217,14.9,44.89513580000003,1.5215082599999974
294.5,535.4888029,21.7654201,-1.337507235,595.1277547,20.17299513,-2.037813748,14.9,44.738951799999974,1.5924249699999997
294.6,537.6587274,21.63152945,-1.340305853,597.1344921,19.96995988,-2.022891279,14.9,44.575764700000015,1.6615695699999975
294.7,539.8152487,21.49735893,-1.342560295,599.1210005,19.76841687,-2.00796881,14.9,44.405751800000054,1.7289420600000014
294.8,541.9583391,21.36290855,-1.344736998,601.0874293,19.56836612,-1.992512833,14.9,44.229090200000066,1.79454243
294.90000000000003,544.0879704,21.22817831,-1.345671181,603.0339276,19.36980761,-1.973855806,14.9,44.045957199999954,1.8583707000000018
295.0,546.2041147,21.09349472,-1.344316855,604.9606447,19.17274134,-1.948796681,14.9,43.85653,1.9207533799999972
295.1,548.3067439,20.9585779,-1.340268728,606.8677298,18.97748743,-1.914134408,14.9,43.66098589999999,1.9810904700000016
295.2,550.3958302,20.82412674,-1.33285335,608.7553321,18.7856464,-1.866667937,14.9,43.459501900000056,2.0384803399999996
295.3,552.4713456,20.69076882,-1.321941445,610.6236008,18.59913887,-1.803196219,14.9,43.252255200000015,2.091629949999998
295.40000000000003,554.5333158,20.55874732,-1.306393127,612.4726851,18.41988547,-1.721051714,14.9,43.03936930000007,2.138861849999998
295.5,556.5819823,20.4284663,-1.286811968,614.3029905,18.24980684,-1.619700912,14.9,42.821008199999916,2.1786594599999987
295.6,558.6176405,20.30032985,-1.264131715,616.1159464,18.09082361,-1.499677323,14.9,42.59830589999999,2.2095062399999996
295.7,560.6405854,20.17474203,-1.238757661,617.9132387,17.9448564,-1.363648486,14.9,42.3726533,2.229885630000002
295.8,562.6511125,20.05203956,-1.211363255,619.6965531,17.81382585,-1.214815453,14.9,42.14544060000001,2.23821371
295.90000000000003,564.649517,19.93228979,-1.182621949,621.4675753,17.69933247,-1.056379271,14.9,41.91805830000008,2.232957319999997
296.0,566.6360941,19.81549272,-1.153207192,623.2279909,17.60169638,-0.891540991,14.9,41.691896799999974,2.213796340000002
296.1,568.6111392,19.70164835,-1.123680194,624.9794859,17.52091757,-0.723501661,14.9,41.46834669999996,2.1807307799999975
296.2,570.5749474,19.59075668,-1.094153196,626.7237458,17.45699605,-0.554928823,14.9,41.24879839999992,2.1337606299999976
296.3,572.5278142,19.48281771,-1.064626198,628.4624565,17.40993181,-0.386355985,14.9,41.034642300000066,2.0728858999999993
296.40000000000003,574.4700346,19.37783144,-1.0350992,630.1973035,17.37972485,-0.217783147,14.9,40.827268900000014,1.9981065900000026
296.5,576.4019041,19.27579787,-1.005572201,631.9299728,17.36637518,-0.049210309,14.9,40.62806869999995,1.909422690000003
296.6,578.3237179,19.176717,-0.976045203,633.6621499,17.36988279,0.119362529,14.9,40.43843200000001,1.8068342100000017
296.7,580.2357712,19.08058883,-0.946728163,635.3955207,17.39024768,0.287935367,14.9,40.25974949999998,1.6903411499999983
296.8,582.1383593,18.98741336,-0.918670872,637.1317708,17.42746986,0.456508205,14.9,40.09341149999998,1.5599435000000028
296.90000000000003,584.0317775,18.89719059,-0.89313308,638.872586,17.48154933,0.623583749,14.9,39.94080849999998,1.415641260000001
297.0,585.916321,18.80979454,-0.871374536,640.6196521,17.55248607,0.781675524,14.9,39.803331100000015,1.2573084699999981
297.1,587.7922852,18.72459535,-0.85465499,642.3746546,17.6402801,0.921799762,14.9,39.68236939999995,1.084315250000003
297.2,589.6599653,18.64083715,-0.84423419,644.1392794,17.74403304,1.034972694,14.9,39.57931410000001,0.8968041099999979
297.3,591.5196566,18.55776411,-0.841161928,645.9152122,17.859253,1.112210553,14.9,39.49555560000008,0.6985111100000019
297.40000000000003,593.3715535,18.47462037,-0.845648162,647.7041388,17.98054972,1.14452957,14.9,39.43258530000001,0.49407065000000117
297.5,595.2154474,18.39065008,-0.857482933,649.5077448,18.10253294,1.124443272,14.9,39.39229739999994,0.28811714000000066
297.6,597.051029,18.30509739,-0.875616452,651.3269973,18.2198124,1.050454362,14.9,39.375968300000046,0.08528499000000167
297.7,598.8779888,18.21720645,-0.898788967,653.1599884,18.32699784,0.924060137,14.9,39.38199959999995,-0.1097913900000016
297.8,600.6960173,18.12634739,-0.925740731,655.0040918,18.418699,0.75274707,14.9,39.40807449999998,-0.29235161000000076
297.90000000000003,602.5048053,18.03239424,-0.955211993,656.856681,18.48952562,0.545498929,14.9,39.45187569999994,-0.45713137999999987
298.0,604.3040432,17.93534699,-0.985943005,658.7151294,18.5349858,0.311299483,14.9,39.5110862,-0.5996388100000019
298.1,606.0934217,17.83520564,-1.016883975,660.5768105,18.55418118,0.0591325,14.9,39.583388799999945,-0.7189755399999989
298.2,607.8726314,17.73197019,-1.047824945,662.439098,18.54711176,-0.202018252,14.9,39.6664665999999,-0.8151415700000015
298.3,609.6413628,17.62564065,-1.078765915,664.2993653,18.51377753,-0.464666298,14.9,39.758002499999954,-0.8881368799999976
298.40000000000003,611.3993066,17.51621701,-1.109706884,666.1549859,18.4541785,-0.727314344,14.9,39.8556793,-0.9379614900000028
298.5,613.1461533,17.40369927,-1.140647854,668.0033334,18.36831467,-0.98996239,14.9,39.95718009999994,-0.9646153999999996
298.6,614.8815935,17.28808744,-1.171588824,669.8417812,18.25618602,-1.252610436,14.9,40.06018770000001,-0.9680985799999995
298.7,616.6053178,17.16938151,-1.202529794,671.667703,18.11779258,-1.515258482,14.9,40.162385199999996,-0.9484110699999988
298.8,618.3170168,17.04758148,-1.232725525,673.4784722,17.95313433,-1.777906528,14.9,40.261455400000024,-0.9055528499999994
298.90000000000003,620.0163812,16.92268735,-1.254098077,675.2714623,17.76221127,-2.038953713,14.9,40.3550811000001,-0.8395239200000013
299.0,621.7031014,16.79469913,-1.275231255,677.0440468,17.54502341,-2.290395728,14.9,40.44094540000001,-0.7503242799999974
299.1,623.376868,16.66406396,-1.278598387,678.7935993,17.30157075,-2.522627403,14.9,40.51673130000004,-0.6375067899999998
299.2,625.0373718,16.53562859,-1.264079787,680.5174934,17.0328138,-2.726043568,14.9,40.580121600000076,-0.4971852099999978
299.3,626.6843032,16.40424275,-1.227204022,682.2131024,16.74355514,-2.891039054,14.9,40.62879919999998,-0.3393123899999999
299.40000000000003,628.3173528,16.28042245,-1.164244896,683.8778,16.43955789,-3.008008691,14.9,40.6604472,-0.15913544000000002
299.5,629.936569,16.16423948,-1.078808918,685.5089596,16.12658513,-3.06894817,14.9,40.672390600000064,0.03765435000000039
299.6,631.5434309,16.05837672,-0.958586088,687.1047232,15.81039998,-3.072256631,14.9,40.66129229999999,0.24797673999999859
299.7,633.1397754,15.96551702,-0.820357839,688.6663064,15.49676553,-3.019534933,14.9,40.62653100000009,0.4687514900000007
299.8,634.7274393,15.88834324,-0.664243857,690.1956931,15.19144489,-2.918787387,14.9,40.56825379999996,0.6968983499999997
299.90000000000003,636.3082596,15.8290911,-0.494715576,691.6948674,14.90020116,-2.779619161,14.9,40.48660779999998,0.9288899399999995
300.0,637.8840732,15.78820774,-0.316244429,693.1658133,14.62783693,-2.611635426,14.9,40.38174009999998,1.1603708099999999
300.1,639.4567168,15.76569317,-0.133301848,694.6105148,14.3753127,-2.424441351,14.9,40.25379800000005,1.3903804700000002
300.2,641.0280274,15.76154737,0.050385971,696.0309559,14.14262848,-2.227642106,14.9,40.10292849999994,1.6189188899999998
300.3,642.5998419,15.77577036,0.23407379,697.4291205,13.92978428,-2.029242,14.9,39.929278599999954,1.8459860799999994
300.40000000000003,644.1739971,15.80836213,0.41776161,698.8069927,13.73678008,-1.830841893,14.9,39.73299560000007,2.07158205
300.5,645.7523299,15.85932268,0.601449429,700.1665565,13.5636159,-1.632441787,14.9,39.51422660000001,2.2957067799999997
300.6,647.3366772,15.92865202,0.785137248,701.5097959,13.41029173,-1.43404168,14.9,39.27311869999992,2.5183602899999986
300.7,648.9288759,16.01635013,0.968825067,702.8386949,13.27680756,-1.235641574,14.9,39.00981899999997,2.7395425699999993
300.8,650.5307629,16.12241703,1.150913134,704.1552374,13.16316341,-1.037241467,14.9,38.72447450000002,2.959253620000002
300.90000000000003,652.1441749,16.24685271,1.323402686,705.4614075,13.06935927,-0.839700973,14.9,38.4172325999999,3.1774934399999992
301.0,653.770949,16.38965717,1.476695207,706.7591893,12.99539514,-0.647318152,14.9,38.08824030000003,3.39426203
301.1,655.412922,16.54987056,1.601192183,708.0505666,12.94127102,-0.465250677,14.9,37.737644600000046,3.6085995399999984
301.2,657.0719307,16.72269363,1.687295098,709.3375235,12.90647114,-0.298656221,14.9,37.365592799999924,3.8162224899999977
301.3,658.7498121,16.90236726,1.725405438,710.6220439,12.88841667,-0.152692457,14.9,36.97223180000001,4.0139505899999985
301.40000000000003,660.448403,17.08313234,1.707524439,711.906112,12.88401301,-0.028687322,14.9,36.557709000000024,4.1991193299999985
301.5,662.1687724,17.25922977,1.632052349,713.1917117,12.89016554,0.057571915,14.9,36.12293930000008,4.369064230000001
301.6,663.9089178,17.42490043,1.500588921,714.4804143,12.90377967,0.116714849,14.9,35.67149649999997,4.5211207600000005
301.7,665.6660687,17.57438523,1.321132918,715.7721409,12.92405863,0.145771358,14.9,35.20607219999997,4.650326600000001
301.8,667.4374549,17.70192504,1.103282853,717.0663997,12.94101429,0.149039501,14.9,34.7289448,4.760910749999999
301.90000000000003,669.2203058,17.80272061,0.856637244,718.362699,12.95844558,0.131676952,14.9,34.242393200000016,4.844275030000002
302.0,671.011851,17.87581209,0.590794604,719.6605472,12.97147582,0.095011649,14.9,33.74869620000002,4.90433627
302.1,672.8093203,17.92119948,0.315353448,720.9594526,12.97958924,0.05569047,14.9,33.2501323,4.941610239999999
302.2,674.609943,17.93888278,0.038312541,722.2589235,12.98278584,0.007381883,14.9,32.748980499999995,4.95609694
302.3,676.4109489,17.92886199,-0.238728367,723.5584682,12.98106562,-0.041786316,14.9,32.2475193,4.947796370000001
302.40000000000003,678.2095674,17.89113711,-0.515769275,724.857595,12.97442857,-0.090954515,14.9,31.74802759999998,4.916708539999998
302.5,680.0030283,17.82570813,-0.792810182,726.1558123,12.96287471,-0.140122715,14.9,31.252784,4.862833419999999
302.6,681.7885611,17.73257507,-1.06985109,727.4526283,12.94640403,-0.189290914,14.9,30.764067199999978,4.786171039999999
302.7,683.5633954,17.61173792,-1.346891998,728.7475515,12.92501653,-0.238459113,14.9,30.284156099999997,4.686721389999999
302.8,685.3247607,17.46319667,-1.623932906,730.0400901,12.89871221,-0.287627312,14.9,29.81532940000009,4.564484459999999
302.90000000000003,687.0698868,17.28695134,-1.899144082,731.3297523,12.86749107,-0.336224441,14.9,29.359865500000048,4.419460270000002
303.0,688.796003,17.08300191,-2.163376871,732.6160467,12.83135311,-0.381395149,14.9,28.92004369999993,4.2516488
303.1,690.5003392,16.85134839,-2.405652886,733.8984814,12.79029832,-0.41760037,14.9,28.498142200000053,4.0610500699999985
303.2,692.1801248,16.59308862,-2.614993738,735.1765648,12.74466937,-0.447751611,14.9,28.09644000000001,3.848419249999999
303.3,693.8325894,16.31371179,-2.780421041,736.4498051,12.69617944,-0.462084523,14.9,27.71721570000009,3.6175323499999994
303.40000000000003,695.4549626,16.01980494,-2.890956407,737.7177108,12.64815199,-0.459285327,14.9,27.36274819999992,3.3716529499999996
303.5,697.0444741,15.71795509,-2.937451181,738.9797902,12.5988401,-0.436498671,14.9,27.035316100000024,3.11911499
303.6,698.5992316,15.41474928,-2.91807563,740.2358255,12.55410239,-0.393153484,14.9,26.73659389999998,2.86064689
303.7,700.1208562,15.11677455,-2.834659486,741.4866959,12.51472713,-0.331933481,14.9,26.465839699999925,2.60204742
303.8,701.611847,14.83061791,-2.696351406,742.7335542,12.48277016,-0.249356083,14.9,26.221707199999948,2.3478477500000015
303.90000000000003,703.0747033,14.56286642,-2.514129776,743.9775535,12.46028735,-0.155185642,14.9,26.00285019999999,2.102579070000001
304.0,704.5119242,14.31900925,-2.298972985,745.2198467,12.4489919,-0.050735935,14.9,25.807922499999997,1.8700173500000012
304.1,705.926009,14.10014425,-2.061859418,746.4615868,12.44922645,0.060566615,14.9,25.635577799999943,1.6509178000000002
304.2,707.319457,13.90627142,-1.813767464,747.703927,12.46099101,0.175295587,14.9,25.484469999999966,1.4452804099999987
304.3,708.6947672,13.73739076,-1.563845779,748.94802,12.48428557,0.290595629,14.9,25.353252800000043,1.2531051899999994
304.40000000000003,710.054439,13.59350226,-1.313924094,750.1950191,12.51911013,0.405895671,14.9,25.240580099999967,1.0743921299999997
304.5,711.4009716,13.47460594,-1.064002409,751.4460771,12.5654647,0.521195713,14.9,25.14510549999998,0.9091412400000003
304.6,712.7368641,13.38070178,-0.814080724,752.702347,12.62334927,0.636495755,14.9,25.065482899999985,0.7573525100000005
304.7,714.0646159,13.31178979,-0.564159039,753.9649819,12.69276385,0.751795797,14.9,25.000365999999964,0.6190259400000002
304.8,715.386726,13.26786997,-0.314237354,755.2351348,12.77370843,0.867095839,14.9,24.948408800000017,0.49416154000000034
304.90000000000003,716.7056938,13.24894232,-0.065412703,756.5139586,12.86618302,0.982395881,14.9,24.908264800000076,0.3827593
305.0,718.0240184,13.25500684,0.176829747,757.8026064,12.97018761,1.09705097,14.9,24.8785879999999,0.2848192300000001
305.1,719.3441991,13.28606352,0.405907792,759.1022311,13.0857222,1.207836345,14.9,24.858032000000073,0.2003413200000015
305.2,720.668735,13.34145416,0.615239231,760.4139858,13.2127868,1.310882289,14.9,24.84525080000001,0.12866735999999968
305.3,722.0001255,13.41788764,0.798241863,761.7390235,13.35099443,1.402319089,14.9,24.838898000000064,0.06689320999999993
305.40000000000003,723.3408696,13.51141465,0.953857928,763.0784971,13.49841024,1.478277029,14.9,24.837627500000032,0.013004410000000632
305.5,724.6934667,13.61808586,1.060028927,764.4335597,13.65271239,1.534886395,14.9,24.840093000000003,-0.03462652999999882
305.6,726.0598893,13.73395196,1.132231158,765.8053642,13.81157906,1.568922423,14.9,24.845474899999978,-0.07762709999999906
305.7,727.4400039,13.85837828,1.16603721,767.1947541,13.97268842,1.579740161,14.9,24.85475019999999,-0.11431014000000062
305.8,728.8331501,13.97747152,1.166932252,768.6013346,14.13371864,1.567984563,14.9,24.868184499999963,-0.15624711999999974
305.90000000000003,730.2386677,14.09722634,1.141498487,770.024401,14.29234789,1.536880389,14.9,24.885733300000062,-0.19512154999999964
306.0,731.6558966,14.21103697,1.090793671,771.4632491,14.44625434,1.490297356,14.9,24.90735249999998,-0.2352173699999991
306.1,733.0841763,14.31824521,1.037973339,772.9171742,14.59350313,1.432105178,14.9,24.93299790000001,-0.2752579199999996
306.2,734.5228468,14.41885105,0.973046362,774.385472,14.7337073,1.36617357,14.9,24.962625200000026,-0.31485625000000006
306.3,735.9712478,14.51285448,0.90702235,775.867438,14.86686684,1.296372247,14.9,24.99619019999998,-0.35401236000000047
306.40000000000003,737.4287189,14.60025552,0.840998339,777.3623677,14.99298175,1.225925972,14.9,25.033648800000016,-0.39272623000000095
306.5,738.8946001,14.68105415,0.774974327,778.8695566,15.11205203,1.155479697,14.9,25.074956499999963,-0.4309978799999996
306.6,740.3682309,14.75525038,0.708950316,780.3883004,15.22407769,1.085033422,14.9,25.120069500000092,-0.46882731
306.7,741.8489513,14.82284422,0.642926305,781.9178945,15.32905871,1.014587146,14.9,25.168943200000037,-0.5062144899999996
306.8,743.336101,14.88383565,0.576902293,783.4576345,15.42699512,0.944140871,14.9,25.221533500000056,-0.5431594700000009
306.90000000000003,744.8290197,14.93822467,0.511173644,785.0068158,15.51788689,0.873694596,14.9,25.277796100000025,-0.5796622199999995
307.0,746.3270471,14.9860113,0.447217164,786.5647342,15.60173403,0.803317013,14.9,25.337687100000018,-0.6157227299999999
307.1,747.8295231,15.02719553,0.386805023,788.130685,15.67853655,0.733351588,14.9,25.401161900000012,-0.6513410200000003
307.20000000000005,749.3357874,15.06195457,0.331709391,789.7039638,15.74829444,0.664210476,14.9,25.46817640000004,-0.6863398700000012
307.3,750.8451798,15.09117451,0.283702439,791.2838662,15.81104892,0.596305836,14.9,25.538686400000053,-0.7198744099999992
307.40000000000003,752.35704,15.11591866,0.243275426,792.8696876,15.86700607,0.530049824,14.9,25.612647600000038,-0.7510874100000002
307.5,753.8707078,15.13725031,0.215747887,794.4607237,15.91641317,0.465854597,14.9,25.690015900000027,-0.7791628599999996
307.6,755.3856646,15.15623276,0.197572458,796.05627,15.95951754,0.404063619,14.9,25.7706054,-0.8032847800000003
307.70000000000005,756.9019593,15.17316078,0.189734686,797.655655,15.99656645,0.344745584,14.9,25.85369569999998,-0.8234056699999996
307.8,758.4197821,15.1914033,0.190757762,799.258339,16.0278072,0.287831798,14.9,25.93855689999996,-0.8364039000000023
307.90000000000003,759.9393234,15.20971799,0.198869516,800.8638155,16.05348709,0.232978797,14.9,26.024492099999954,-0.8437691000000012
308.0,761.4607736,15.22975947,0.213578689,802.4715778,16.07385342,0.179774424,14.9,26.11080419999994,-0.8440939499999995
308.1,762.9843233,15.25170497,0.229270384,804.0811193,16.08911225,0.127806522,14.9,26.196795999999928,-0.837407279999999
308.20000000000005,764.5101626,15.27555447,0.248015157,805.6919334,16.09930481,0.076662935,14.9,26.281770800000096,-0.8237503400000001
308.3,766.0384821,15.301308,0.267055292,807.3035134,16.1044311,0.025931504,14.9,26.365031300000034,-0.8031230999999988
308.40000000000003,767.5694722,15.32896553,0.286095427,808.9153528,16.10449112,-0.024731234,14.9,26.445880600000102,-0.7755255899999991
308.5,769.1033232,15.35852708,0.305135561,810.5269448,16.09948485,-0.075393972,14.9,26.523621600000048,-0.7409577699999996
308.6,770.6402256,15.38999265,0.324175696,812.1377829,16.08941232,-0.12605671,14.9,26.59755730000004,-0.699419670000001
308.70000000000005,772.1803698,15.42336222,0.343215831,813.7473604,16.07427351,-0.176719447,14.9,26.666990600000055,-0.6509112900000016
308.8,773.7239461,15.45863581,0.362255966,815.3551707,16.05406843,-0.227382185,14.9,26.731224599999997,-0.5954326200000004
308.90000000000003,775.2711449,15.49581341,0.3812961,816.9607072,16.02879708,-0.278044923,14.9,26.789562300000036,-0.5329836700000001
309.0,776.8221567,15.53489503,0.400010719,818.5634633,15.99845945,-0.328530806,14.9,26.841306599999918,-0.46356442000000087
309.1,778.3771719,15.57588066,0.4152401,820.1629322,15.96305554,-0.377955558,14.9,26.885760299999994,-0.3871748799999999
309.20000000000005,779.9363809,15.61877031,0.429627561,821.7586075,15.92258537,-0.42525805,14.9,26.922226600000023,-0.3038150599999998
309.3,781.499974,15.66336865,0.436623588,823.3499824,15.87715503,-0.46937715,14.9,26.950008400000094,-0.21378638000000016
309.40000000000003,783.0681417,15.70777987,0.435807221,824.9365504,15.8272951,-0.509251728,14.9,26.968408700000033,-0.11951523000000108
309.5,784.6410743,15.75358995,0.425225361,826.5178048,15.77364225,-0.543820654,14.9,26.97673050000001,-0.02005229999999969
309.6,786.2189623,15.79686918,0.403250426,828.093239,15.71683316,-0.572199653,14.9,26.974276699999997,0.08003601999999965
309.70000000000005,787.8018398,15.83736499,0.371089038,829.6624312,15.65750451,-0.594302377,14.9,26.960591399999977,0.17986047999999855
309.8,789.3891161,15.87390552,0.324470298,831.2252993,15.59629297,-0.610086954,14.9,26.936183199999938,0.27761254999999885
309.90000000000003,790.9800439,15.90531891,0.269618203,832.781846,15.53383524,-0.620550794,14.9,26.90180209999992,0.37148366999999993
310.0,792.5738762,15.93043329,0.206953715,834.332074,15.47071367,-0.626822909,14.9,26.858197800000063,0.45971961999999955
310.1,794.169866,15.94827213,0.138429931,835.875986,15.40759007,-0.629911632,14.9,26.806120000000057,0.54068206
310.20000000000005,795.7672661,15.95864011,0.065999949,837.4135848,15.34450268,-0.630878095,14.9,26.74631869999994,0.6141374299999995
310.3,797.3653294,15.96153722,-0.008383131,838.944873,15.28141076,-0.630692919,14.9,26.67954360000008,0.6801264600000003
310.40000000000003,798.9633089,15.95696348,-0.083091727,840.4698534,15.21834599,-0.630459108,14.9,26.60654450000002,0.7386174900000011
310.5,800.5604576,15.94491888,-0.157800323,841.9885286,15.15530838,-0.630240381,14.9,26.528071000000047,0.7896105000000002
310.6,802.1560282,15.92540342,-0.23250892,843.5009015,15.09229792,-0.629968858,14.9,26.44487330000002,0.8331055000000003
310.70000000000005,803.7492737,15.89841709,-0.307217516,845.0069746,15.02931461,-0.629697335,14.9,26.357700900000033,0.8691024800000005
310.8,805.339447,15.86395991,-0.381926112,846.5067508,14.96635845,-0.629425812,14.9,26.267303800000015,0.8976014600000006
310.90000000000003,806.9258011,15.82203187,-0.456634709,848.0002327,14.90342945,-0.629154289,14.9,26.174431600000027,0.9186024199999991
311.0,808.5075888,15.77263297,-0.530754419,849.4874231,14.84052759,-0.628882766,14.9,26.079834299999995,0.9321053799999994
311.1,810.0840631,15.71576321,-0.601340814,850.9683247,14.77765289,-0.628441511,14.9,25.98426160000006,0.9381103199999998
311.20000000000005,811.6544769,15.65142259,-0.664860578,852.4429401,14.71480535,-0.626981864,14.9,25.888463200000025,0.9366172399999986
311.3,813.218083,15.57996444,-0.717780396,853.9112722,14.65198495,-0.623485433,14.9,25.793189200000008,0.9279794900000002
311.40000000000003,814.7741345,15.50315542,-0.756566952,855.3733235,14.58929355,-0.616933827,14.9,25.699189000000025,0.9138618699999999
311.5,816.3218842,15.42311552,-0.77768693,856.8290969,14.52724033,-0.606308653,14.9,25.60721269999997,0.8958751899999999
311.6,817.8605851,15.34196473,-0.778195902,858.2785951,14.46643633,-0.590591519,14.9,25.518009999999983,0.8755284000000003
311.70000000000005,819.3897726,15.26182304,-0.757504981,859.7218207,14.4074926,-0.568933766,14.9,25.432048099999953,0.85433044
311.8,820.9101131,15.18481043,-0.716203053,861.158858,14.35102015,-0.541165662,14.9,25.34874490000002,0.8337902800000005
311.90000000000003,822.4225555,15.1130469,-0.657234548,862.590117,14.29763004,-0.507456938,14.9,25.26756149999992,0.8154168600000009
312.0,823.9280487,15.04865244,-0.584132781,864.0160892,14.24793329,-0.468656254,14.9,25.188040500000035,0.800719149999999
312.1,825.4275415,14.99339369,-0.500431067,865.4372663,14.20254093,-0.425782003,14.9,25.109724800000073,0.7908527599999999
312.20000000000005,826.9219829,14.947624,-0.409662723,866.8541397,14.16196217,-0.379852576,14.9,25.03215680000003,0.7856618299999987
312.3,828.4123218,14.91134337,-0.315361063,868.267201,14.12629885,-0.331886365,14.9,24.95487920000003,0.7850445200000014
312.40000000000003,829.899507,14.88455179,-0.220470517,869.6769417,14.09555095,-0.282901763,14.9,24.877434700000073,0.7890008399999999
312.5,831.3844876,14.86724927,-0.125579972,871.0838535,14.06971849,-0.233747428,14.9,24.799365899999977,0.7975307800000007
312.6,832.8682123,14.8594358,-0.030689426,872.4884277,14.04880147,-0.184593094,14.9,24.720215400000008,0.8106343299999992
312.70000000000005,834.3516302,14.86111138,0.06420112,873.891156,14.03279987,-0.135438759,14.9,24.63952579999998,0.8283115100000007
312.8,835.8356901,14.87227602,0.159091666,875.29253,14.02171371,-0.086284424,14.9,24.556839900000092,0.850562309999999
312.90000000000003,837.3213409,14.89292972,0.253982211,876.6930411,14.01554299,-0.03713009,14.9,24.471700199999965,0.8773867299999996
313.0,838.8095315,14.92307246,0.348872757,878.0931808,14.0142877,0.012024245,14.9,24.38364929999998,0.9087847599999996
313.1,840.3012109,14.96270427,0.443018291,879.4934409,14.01794784,0.060678283,14.9,24.292229999999996,0.94475643
313.20000000000005,841.7973278,15.01182512,0.532693755,880.8943127,14.02652341,0.106330543,14.9,24.196984900000054,0.9853017099999999
313.3,843.2988314,15.07043504,0.61342908,882.2962878,14.04001442,0.144592967,14.9,24.09745639999992,1.0304206199999992
313.40000000000003,844.8066703,15.138087,0.680754196,883.6998579,14.05812068,0.17662262,14.9,23.993187600000034,1.0799663200000005
313.5,846.3217936,15.21254597,0.730199034,885.1055143,14.07934132,0.19525888,14.9,23.883720700000005,1.1332046500000015
313.6,847.8451502,15.29112991,0.757293523,886.5137487,14.10104348,0.198886251,14.9,23.768598499999918,1.190086430000001
313.70000000000005,849.3776889,15.37115678,0.758312605,887.9250526,14.12392141,0.185003251,14.9,23.647363700000007,1.2472353700000003
313.8,850.9200011,15.44994454,0.732511269,889.3396774,14.14367874,0.153109585,14.9,23.519676299999993,1.3062658000000003
313.90000000000003,852.4712476,15.52481115,0.680634527,890.7569139,14.15934617,0.105091829,14.9,23.385666300000004,1.3654649800000005
314.0,854.0302318,15.59307456,0.606407436,892.1758129,14.16912264,0.039292622,14.9,23.24558109999996,1.4239519200000004
314.1,855.5957568,15.65205273,0.514300067,893.595425,14.17120707,-0.037127415,14.9,23.099668199999975,1.48084566
314.20000000000005,857.166626,15.69951063,0.408782488,895.0148009,14.16409857,-0.122552786,14.9,22.948174900000005,1.5354120600000005
314.3,858.7416426,15.73500125,0.294324771,896.4329912,14.14749698,-0.213981712,14.9,22.79134859999997,1.5875042700000002
314.40000000000003,860.3196098,15.75852458,0.175396983,897.8490468,14.12140229,-0.308412417,14.9,22.62943700000003,1.6371222899999989
314.5,861.8993311,15.77008064,0.055724184,899.2620182,14.0858145,-0.403343417,14.9,22.462687100000018,1.68426614
314.6,863.4796096,15.76966942,-0.063948615,900.6709563,14.04073361,-0.498274417,14.9,22.29134669999994,1.7289358099999994
314.70000000000005,865.0592486,15.75729092,-0.183621414,902.0749115,13.98615962,-0.593205418,14.9,22.11566289999994,1.7711313000000004
314.8,866.6370514,15.73294514,-0.303294214,903.4729347,13.92209252,-0.688136418,14.9,21.93588329999998,1.8108526200000004
314.90000000000003,868.2118213,15.69663208,-0.422967013,904.8640766,13.84853233,-0.783067419,14.9,21.75225529999998,1.8480997500000012
315.0,869.7823615,15.64835174,-0.542639812,906.2473877,13.76547904,-0.877998419,14.9,21.565026200000013,1.8828727
315.1,871.3474753,15.58810412,-0.661794161,907.6219189,13.67293265,-0.972511007,14.9,21.37444359999993,1.9151714700000007
315.20000000000005,872.905966,15.51588921,-0.777837814,908.9867208,13.57089316,-1.064513122,14.9,21.18075479999991,1.9449960499999985
315.3,874.4566368,15.43170703,-0.887660071,910.3408441,13.45936056,-1.15149429,14.9,20.984207300000072,1.9723464699999997
315.40000000000003,875.998291,15.33586864,-0.988150237,911.6833395,13.33858592,-1.230944038,14.9,20.785048499999995,1.9972827199999994
315.5,877.5297319,15.22992939,-1.076197613,913.0132576,13.20982446,-1.300351892,14.9,20.583525699999974,2.0201049300000005
315.6,879.0497628,15.11575569,-1.150998637,914.3296492,13.07458247,-1.359390244,14.9,20.379886399999897,2.041173220000001
315.70000000000005,880.5571869,14.99521397,-1.203039659,915.631565,12.93436623,-1.399418439,14.9,20.17437809999999,2.06084774
315.8,882.0510564,14.87017065,-1.23872363,916.9182565,12.79068202,-1.426566657,14.9,19.967200099999992,2.07948863
315.90000000000003,883.5314188,14.74110785,-1.256261867,918.1897785,12.64372642,-1.439070448,14.9,19.758359700000007,2.0973814300000004
316.0,884.9985705,14.61404485,-1.258246618,919.4463868,12.49893486,-1.439021872,14.9,19.5478163,2.1151099900000006
316.1,886.4528079,14.48669521,-1.247788579,920.6883371,12.35388446,-1.428931402,14.9,19.335529199999975,2.132810750000001
316.20000000000005,887.8944275,14.36199857,-1.225691315,921.9158851,12.2111402,-1.409126647,14.9,19.121457599999964,2.1508583700000017
316.3,889.3237256,14.240266,-1.201986924,923.1292865,12.0709531,-1.388666675,14.9,18.905560900000047,2.1693128999999995
316.40000000000003,890.7409987,14.1214975,-1.172864701,924.3287971,11.93332318,-1.363513364,14.9,18.6877984,2.18817432
316.5,892.1465431,14.00569306,-1.143224029,925.5146726,11.79825043,-1.337941642,14.9,18.46812950000001,2.207442630000001
316.6,893.5406553,13.89285269,-1.113583357,926.6871686,11.66573485,-1.312369919,14.9,18.246513299999926,2.22711784
316.70000000000005,894.9236316,13.78297639,-1.083942685,927.846541,11.53577645,-1.286798196,14.9,18.022909399999982,2.24719994
316.8,896.2957685,13.67606416,-1.054302013,928.9930453,11.40837521,-1.261226474,14.9,17.797276799999942,2.2676889499999984
316.90000000000003,897.6573624,13.57211599,-1.024661341,930.1269374,11.28353115,-1.235654751,14.9,17.569574999999965,2.2885848400000004
317.0,899.0087097,13.47113189,-0.995020669,931.248473,11.16124426,-1.210083029,14.9,17.339763299999937,2.3098876300000004
317.1,900.3501067,13.37311185,-0.965379997,932.3579077,11.04151455,-1.184511306,14.9,17.107801000000087,2.3315973000000003
317.20000000000005,901.68185,13.27805589,-0.936003494,933.4554973,10.924342,-1.158900869,14.9,16.873647299999995,2.35371389
317.3,903.0042359,13.18596399,-0.90821201,934.5414975,10.80972663,-1.133058143,14.9,16.637261599999967,2.3762373599999993
317.40000000000003,904.3175608,13.09683616,-0.883590564,935.616164,10.69766843,-1.106750841,14.9,16.398603200000004,2.3991677300000003
317.5,905.6221211,13.01051389,-0.863724173,936.6797526,10.58819063,-1.079746674,14.9,16.157631500000072,2.4223232600000006
317.6,906.9182132,12.92620468,-0.850197856,937.7325189,10.48140938,-1.051813353,14.9,15.914305699999977,2.444795299999999
317.70000000000005,908.2061336,12.84295752,-0.844596632,938.7747187,10.37746404,-1.022718591,14.9,15.66858509999995,2.465493480000001
317.8,909.4861786,12.75982138,-0.84824135,939.8066077,10.276494,-0.992268814,14.9,15.420429099999955,2.4833273800000004
317.90000000000003,910.7585179,12.67584528,-0.861396179,940.8284602,10.17863862,-0.960425307,14.9,15.16994229999998,2.4972066600000016
318.0,912.0228138,12.59007818,-0.883796949,941.8406248,10.08403727,-0.927226784,14.9,14.917811000000006,2.506040910000001
318.1,913.2786019,12.50156908,-0.914122813,942.8434687,9.992829342,-0.89286682,14.9,14.664866800000004,2.508739737999999
318.20000000000005,914.5254179,12.40936697,-0.95078875,943.8373592,9.905154193,-0.857577703,14.9,14.411941300000057,2.504212777000001
318.3,915.7627973,12.31267935,-0.992209743,944.8226635,9.821127971,-0.821591721,14.9,14.159866199999987,2.4915513790000006
318.40000000000003,916.9902758,12.2113477,-1.036800774,945.7997488,9.740773905,-0.785141162,14.9,13.909473000000025,2.470573795
318.5,918.2073889,12.10537203,-1.082976823,946.7689822,9.664091995,-0.748458315,14.9,13.661593300000026,2.441280035
318.6,919.4136722,11.99475233,-1.129417041,947.7307311,9.591082242,-0.711736753,14.9,13.417058900000006,2.403670088
318.70000000000005,920.6086613,11.87948862,-1.17585726,948.6853626,9.521744645,-0.675015191,14.9,13.176701299999968,2.357743975
318.8,921.7918919,11.75958088,-1.222297478,949.6332439,9.456079204,-0.638293629,14.9,12.941352000000029,2.3035016759999998
318.90000000000003,922.9628995,11.63502912,-1.268737697,950.5747423,9.394085919,-0.601572067,14.9,12.711842799999976,2.2409432010000003
319.0,924.1212197,11.50583334,-1.315177916,951.510225,9.33576479,-0.564850505,14.9,12.489005300000008,2.17006855
319.1,925.2663882,11.37199354,-1.361618134,952.4400592,9.281115818,-0.528128944,14.9,12.273670999999899,2.090877722
319.20000000000005,926.3979405,11.23350971,-1.407760187,953.3646121,9.230139001,-0.49157599,14.9,12.06667160000004,2.0033707090000004
319.3,927.5154122,11.09038187,-1.452113239,954.2842509,9.182834341,-0.456034686,14.9,11.868838699999946,1.9075475290000004
319.40000000000003,928.6183389,10.94261,-1.492888293,955.1993429,9.139201838,-0.42251668,14.9,11.681004000000007,1.8034081620000002
319.5,929.7062562,10.79037301,-1.528296349,956.1102552,9.099140325,-0.392033623,14.9,11.503998999999999,1.6912326849999992
319.6,930.7786997,10.6345654,-1.556548408,957.0173551,9.062143979,-0.365217248,14.9,11.338655400000084,1.5724214209999996
319.70000000000005,931.835205,10.47626056,-1.57585547,957.9210098,9.02760581,-0.34421895,14.9,11.185804800000005,1.4486547499999993
319.8,932.8753077,10.3165319,-1.584726703,958.8215865,8.994918828,-0.328742025,14.9,11.046278799999959,1.3216130719999999
319.90000000000003,933.8986866,10.15645282,-1.58286394,959.7193715,8.963703992,-0.319334997,14.9,10.920684899999946,1.192748828000001
320.0,934.9055928,9.997096718,-1.570565347,960.6143273,8.932670467,-0.315829256,14.9,10.808734499999991,1.0644262510000004
320.1,935.8964206,9.839536988,-1.549321758,961.5063356,8.90189511,-0.317381763,14.9,10.709915,0.9376418780000009
320.20000000000005,936.8715644,9.684847034,-1.520922171,962.395278,8.870542981,-0.323360781,14.9,10.62371359999995,0.8143040530000007
320.3,937.8314184,9.533921354,-1.487155587,963.2810361,8.838108256,-0.331614919,14.9,10.54961770000009,0.6958130980000004
320.40000000000003,938.7763771,9.38693885,-1.449811003,964.1634915,8.80448977,-0.34227227,14.9,10.487114399999973,0.58244908
320.5,939.7068346,9.24389952,-1.410677421,965.0425259,8.769687524,-0.35394127,14.9,10.435691300000007,0.4742119959999993
320.6,940.6231854,9.104803366,-1.371245672,965.9180209,8.733701516,-0.365778879,14.9,10.394835499999976,0.3711018500000005
320.70000000000005,941.5258237,8.969650386,-1.331813922,966.7898581,8.696531748,-0.377616487,14.9,10.3640343999999,0.2731186379999997
320.8,942.4151439,8.838440581,-1.292382173,967.6579191,8.658178219,-0.389454096,14.9,10.342775199999982,0.18026236200000056
320.90000000000003,943.2915402,8.711173951,-1.252950424,968.5220856,8.618640929,-0.401291704,14.9,10.330545399999982,0.09253302199999958
321.0,944.1554071,8.587850496,-1.213518675,969.3822392,8.577919878,-0.413129313,14.9,10.32683209999991,0.00993061800000028
321.1,945.0071387,8.468470216,-1.174086926,970.2382615,8.536015066,-0.424966921,14.9,10.33112279999998,-0.0675448499999991
321.20000000000005,945.8471295,8.353033111,-1.134655177,971.0900341,8.492926494,-0.43668656,14.9,10.342904599999974,-0.13989338300000043
321.3,946.6757738,8.241539181,-1.095231708,971.9374386,8.44865416,-0.447698383,14.9,10.361664799999948,-0.20711497899999998
321.40000000000003,947.4934658,8.133988426,-1.055857921,972.7803568,8.403198066,-0.456919649,14.9,10.386891000000082,-0.2692096399999997
321.5,948.3005999,8.030380845,-1.016583498,973.6186701,8.356628993,-0.464767312,14.9,10.418070200000079,-0.32624814799999946
321.6,949.0975704,7.930711472,-0.97745812,974.4522603,8.309300848,-0.469408786,14.9,10.454689900000039,-0.37858937599999987
321.70000000000005,949.8847716,7.834955464,-0.93853147,975.2810089,8.261863277,-0.470511177,14.9,10.496237299999938,-0.4269078129999997
321.8,950.6625978,7.743083013,-0.89985323,976.1047976,8.214066106,-0.467484638,14.9,10.542199800000025,-0.47098309300000096
321.90000000000003,951.4314434,7.655064309,-0.861464801,976.9235647,8.167008889,-0.4602112,14.9,10.592121300000008,-0.5119445799999998
322.0,952.1916987,7.570869543,-0.823374463,977.7374748,8.12089136,-0.449183755,14.9,10.645776100000012,-0.5500218170000002
322.1,952.9437381,7.490468907,-0.785573937,978.5467493,8.07613821,-0.433867381,14.9,10.703011199999969,-0.5856693029999995
322.20000000000005,953.6879322,7.413832591,-0.74802182,979.3516097,8.033174128,-0.416094664,14.9,10.763677500000062,-0.6193415370000004
322.3,954.4246513,7.340930786,-0.710668431,980.1522773,7.992353024,-0.396198497,14.9,10.827625999999986,-0.6514222379999994
322.40000000000003,955.154266,7.27173865,-0.673464087,980.9489734,7.953745678,-0.374886698,14.9,10.894707399999993,-0.6820070280000001
322.5,955.8771467,7.206251217,-0.636359107,981.7419195,7.91735209,-0.352867082,14.9,10.964772799999968,-0.7111008729999995
322.6,956.5936639,7.144468485,-0.599303809,982.5313369,7.883172262,-0.330729496,14.9,11.037673000000018,-0.7387037770000004
322.70000000000005,957.304188,7.086390455,-0.562256791,983.3174471,7.851206191,-0.308591911,14.9,11.113259100000027,-0.7648157360000001
322.8,958.0090896,7.032017127,-0.525209774,984.1004713,7.821453879,-0.286454325,14.9,11.191381699999942,-0.7894367520000003
322.90000000000003,958.7087391,6.9813485,-0.488162756,984.880631,7.793915326,-0.264316739,14.9,11.271891899999991,-0.8125668259999994
323.0,959.403507,6.934384576,-0.451115739,985.6581475,7.768590532,-0.242179154,14.9,11.35464050000005,-0.8342059559999999
323.1,960.0937637,6.891125353,-0.414068721,986.4332422,7.745479495,-0.220041568,14.9,11.43947850000004,-0.854354142
323.20000000000005,960.7798797,6.851570831,-0.377021703,987.2061365,7.724582218,-0.197903983,14.9,11.526256799999919,-0.873011387
323.3,961.4622255,6.815721012,-0.340112728,987.9770518,7.705898699,-0.176019641,14.9,11.614826299999981,-0.8901776869999996
323.40000000000003,962.1411715,6.783575894,-0.304032007,988.7462094,7.689428939,-0.155654761,14.9,11.705037899999956,-0.9058530449999997
323.5,962.8170883,6.755135478,-0.269607795,989.5138307,7.675172937,-0.139376909,14.9,11.796742399999948,-0.9200374590000004
323.6,963.4903463,6.730316939,-0.237668345,990.2801371,7.662978747,-0.12556124,14.9,11.889790799999991,-0.9326618080000006
323.70000000000005,964.1613159,6.708706148,-0.209041912,991.0453499,7.652086639,-0.118871522,14.9,11.984034000000042,-0.9433804910000001
323.8,964.8303677,6.689806155,-0.184532262,991.8096906,7.640956073,-0.119779116,14.9,12.079322899999942,-0.9511499179999996
323.90000000000003,965.4978721,6.673120005,-0.164138052,992.5733806,7.630561955,-0.129550242,14.9,12.175508499999955,-0.9574419499999998
324.0,966.1641332,6.658150747,-0.150218918,993.3365195,7.618106025,-0.148438142,14.9,12.27238629999997,-0.9599552780000007
324.1,966.8291904,6.644416121,-0.140366248,994.0987211,7.603305467,-0.175141471,14.9,12.369530700000018,-0.9588893460000003
324.20000000000005,967.4930165,6.631834107,-0.134654849,994.8594773,7.585248602,-0.211538315,14.9,12.466460800000027,-0.9534144949999996
324.3,968.1555843,6.618574797,-0.132256467,995.6182802,7.563023754,-0.252964908,14.9,12.562695899999971,-0.9444489569999996
324.40000000000003,968.8168669,6.605586406,-0.132593101,996.3746219,7.53587119,-0.298949887,14.9,12.657754999999929,-0.9302847840000004
324.5,969.4768371,6.592327096,-0.134794315,997.1279943,7.503638966,-0.347973792,14.9,12.751157199999943,-0.9113118699999996
324.6,970.1354678,6.578796867,-0.13665688,997.8778895,7.466327081,-0.398517159,14.9,12.842421700000022,-0.8875302139999999
324.70000000000005,970.7927319,6.56499572,-0.139366066,998.6237996,7.423935534,-0.44931377,14.9,12.931067699999948,-0.8589398140000002
324.8,971.4486024,6.550923654,-0.142075251,999.3652165,7.376464327,-0.500110381,14.9,13.016614099999947,-0.8255406729999999
324.90000000000003,972.1030521,6.536580669,-0.144784437,1000.101632,7.323913458,-0.550906991,14.9,13.098579899999981,-0.7873327889999997
325.0,972.756054,6.521966766,-0.147493623,1000.832539,7.266282929,-0.601703602,14.9,13.176485000000048,-0.7443161629999997
325.1,973.4075809,6.507081945,-0.150202808,1001.557429,7.203572738,-0.652500213,14.9,13.249848099999985,-0.6964907929999997
325.20000000000005,974.0576058,6.491926205,-0.152911994,1002.275793,7.135782886,-0.703296824,14.9,13.318187199999988,-0.6438566809999999
325.3,974.7061016,6.476499546,-0.155759342,1002.987125,7.062913373,-0.752865465,14.9,13.38102339999998,-0.5864138269999994
325.40000000000003,975.3530412,6.460801969,-0.15943566,1003.690916,6.984964199,-0.787957842,14.9,13.437874800000008,-0.52416223
325.5,975.9983975,6.444833473,-0.164769921,1004.386658,6.901935364,-0.822531471,14.9,13.4882605,-0.45710189099999976
325.6,976.6421433,6.428511162,-0.172591096,1005.073843,6.81456365,-0.827893198,14.9,13.531699699999967,-0.3860524879999998
325.70000000000005,977.2842517,6.411420549,-0.183728155,1005.751963,6.730798033,-0.803783649,14.9,13.567711300000019,-0.3193774840000003
325.8,977.9246955,6.393064252,-0.19901007,1006.42051,6.642264004,-0.742835005,14.9,13.595814500000051,-0.249199752
325.90000000000003,978.5634477,6.372944889,-0.219127651,1007.078977,6.566177455,-0.638907418,14.9,13.615529300000025,-0.19323256599999983
326.0,979.2004147,6.350565076,-0.244219058,1007.727444,6.50269401,-0.497881362,14.9,13.62702929999998,-0.15212893400000027
326.1,979.835238,6.325427431,-0.274146131,1008.368351,6.456234361,-0.299659471,14.9,13.633112999999957,-0.13080693000000032
326.20000000000005,980.4674926,6.297034571,-0.308218059,1009.004727,6.431219199,-0.071706931,14.9,13.637234399999988,-0.13418462799999986
326.3,981.0967534,6.264889114,-0.345605872,1009.6396,6.432069216,0.185716885,14.9,13.642846599999961,-0.16718010200000055
326.40000000000003,981.7225954,6.228576574,-0.385480599,1010.275998,6.462468321,0.465244158,14.9,13.653402599999913,-0.23389174700000037
326.5,982.3445937,6.188014053,-0.427013268,1010.91695,6.523153296,0.759507068,14.9,13.672356300000024,-0.3351392430000004
326.6,982.9623232,6.143201552,-0.469374908,1011.565486,6.614124141,1.061137798,14.9,13.70316279999995,-0.4709225889999997
326.70000000000005,983.575359,6.094139071,-0.511874711,1012.224632,6.735380855,1.363996498,14.9,13.749272999999993,-0.641241784
326.8,984.183276,6.04082661,-0.554374513,1012.897419,6.88692344,1.666855197,14.9,13.814143000000035,-0.8460968300000005
326.90000000000003,984.7856493,5.983264169,-0.596874315,1013.586874,7.068751895,1.969713897,14.9,13.90122469999992,-1.0854877260000002
327.0,985.3820538,5.921451747,-0.639374117,1014.296026,7.28086622,2.272572597,14.9,14.013972199999989,-1.3594144730000002
327.1,985.9720646,5.855389345,-0.681873919,1015.027904,7.523266414,2.575431296,14.9,14.155839400000081,-1.6678770690000002
327.20000000000005,986.5552567,5.785076963,-0.724373721,1015.785537,7.795952479,2.878289996,14.9,14.330280300000004,-2.0108755160000005
327.3,987.131205,5.710514601,-0.766873523,1016.571952,8.098924413,3.178996558,14.9,14.540746999999987,-2.388409812000001
327.40000000000003,987.6994846,5.631702259,-0.801109475,1017.390179,8.432182218,3.466790296,14.9,14.790694399999984,-2.8004799589999996
327.5,988.2596704,5.548639936,-0.834164877,1018.243245,8.795725893,3.728758386,14.9,15.083574599999997,-3.2470859570000004
327.6,988.8113376,5.461327633,-0.856438526,1019.134181,9.188264155,3.951988002,14.9,15.42284340000001,-3.726936522000001
327.70000000000005,989.354061,5.37472366,-0.846954145,1020.066014,9.603340592,4.123566322,14.9,15.811952999999994,-4.228616932
327.8,989.8874156,5.284578037,-0.803750294,1021.041772,10.03320751,4.230580521,14.9,16.254356399999985,-4.748629473
327.90000000000003,990.4109766,5.196651486,-0.718397106,1022.064485,10.47011721,4.262269911,14.9,16.753508399999966,-5.273465723999999
328.0,990.9243188,5.123529772,-0.590728562,1023.136148,10.90632201,4.216482356,14.9,17.311829200000012,-5.782792238
328.1,991.4276917,5.06638976,-0.405231497,1024.254624,11.3340742,4.095369993,14.9,17.926932299999955,-6.26768444
328.20000000000005,991.9240422,5.03028937,-0.164482221,1025.416745,11.7456261,3.909693509,14.9,18.592702799999962,-6.715336730000001
328.3,992.4169916,5.020286523,0.111947964,1026.619339,12.13323001,3.672365728,14.9,19.302347400000123,-7.112943487
328.40000000000003,992.9101614,5.041439139,0.422097619,1027.859239,12.49042951,3.396299474,14.9,20.049077599999897,-7.448990371
328.5,993.4071728,5.097962153,0.757536877,1029.133273,12.81593332,3.094407571,14.9,20.826100199999907,-7.717971166999999
328.6,993.9116471,5.19069855,1.10983587,1030.438273,13.10974145,2.779602845,14.9,21.6266259,-7.9190429
328.70000000000005,994.4272058,5.319648331,1.470564731,1031.771069,13.37185389,2.462645981,14.9,22.443863199999875,-8.052205559
328.8,994.9574701,5.484811496,1.832698569,1033.128492,13.60227064,2.145689117,14.9,23.27102190000003,-8.117459144000001
328.90000000000003,995.5060614,5.686188045,2.194832408,1034.507371,13.80099171,1.828732253,14.9,24.1013095999999,-8.114803665
329.0,996.076601,5.923777978,2.556966246,1035.904538,13.96801709,1.511775389,14.9,24.92793700000002,-8.044239112
329.1,996.6727103,6.197581294,2.919100085,1037.316822,14.10334679,1.194818524,14.9,25.744111700000055,-7.905765496
329.20000000000005,997.2980106,6.507597995,3.281233923,1038.741055,14.2069808,0.87786166,14.9,26.543044399999964,-7.699382805
329.3,997.9561232,6.853828079,3.643367761,1040.174066,14.27891912,0.560904796,14.9,27.31794280000006,-7.425091040999999
329.40000000000003,998.6506695,7.236271547,4.003231184,1041.612687,14.31916176,0.245424842,14.9,28.062017500000003,-7.082890213
329.5,999.3852708,7.654928399,4.349472115,1043.053747,14.32770871,-0.061193652,14.9,28.768476199999988,-6.6727803109999995
329.6,1000.163548,8.109798635,4.66846806,1044.494076,14.30455997,-0.350089226,14.9,29.43052799999996,-6.194761334999999
329.70000000000005,1000.989124,8.599520005,4.946596528,1045.930506,14.2506017,-0.61240042,14.9,30.041381999999977,-5.651081695
329.8,1001.865618,9.117281264,5.170235025,1047.359867,14.17026461,-0.844553044,14.9,30.594248999999856,-5.0529833459999995
329.90000000000003,1002.796653,9.654908915,5.325761059,1048.778989,14.06886559,-1.02182383,14.9,31.08233599999992,-4.413956675
330.0,1003.785849,10.20422946,5.401822553,1050.184703,13.95172151,-1.152690035,14.9,31.498853999999916,-3.74749205
330.1,1004.835739,10.75706941,5.396149091,1051.574548,13.82097688,-1.230387481,14.9,31.83880900000006,-3.06390747
330.20000000000005,1005.944495,11.30525527,5.31101109,1052.948898,13.69146567,-1.256393077,14.9,32.10440300000014,-2.3862103999999995
330.3,1007.109198,11.84061354,5.157760625,1054.308839,13.55898767,-1.238091373,14.9,32.299641000000044,-1.7183741300000008
330.40000000000003,1008.326932,12.35497072,4.950020191,1055.655453,13.43203212,-1.17905656,14.9,32.428521000000025,-1.0770613999999998
330.5,1009.594779,12.84151557,4.701412278,1056.989826,13.31502974,-1.104011906,14.9,32.49504699999998,-0.4735141699999996
330.6,1010.909822,13.29888584,4.42555938,1058.31304,13.20886668,-1.005957063,14.9,32.50321800000004,0.09001916000000065
330.70000000000005,1012.269144,13.72708153,4.13608399,1059.626179,13.11354295,-0.899040759,14.9,32.45703500000011,0.6135385800000002
330.8,1013.669826,14.12610264,3.844338184,1060.930329,13.02905853,-0.790647546,14.9,32.36050300000009,1.0970441099999988
330.90000000000003,1015.108952,14.49594917,3.552592378,1062.226571,12.95541344,-0.682254333,14.9,32.21761899999988,1.5405357300000002
331.0,1016.583603,14.83662111,3.260846572,1063.515992,12.89260766,-0.57386112,14.9,32.03238900000006,1.94401345
331.1,1018.090863,15.14811848,2.969100767,1064.799673,12.84064121,-0.465467906,14.9,31.808809999999973,2.3074772700000015
331.20000000000005,1019.627814,15.43044127,2.677354961,1066.0787,12.79951408,-0.357074693,14.9,31.550886000000084,2.6309271899999995
331.3,1021.191539,15.68358947,2.385609155,1067.354157,12.76922627,-0.24868148,14.9,31.262617999999954,2.9143631999999986
331.40000000000003,1022.779119,15.9075631,2.093863349,1068.627126,12.74977779,-0.140651375,14.9,30.948007000000054,3.1577853100000013
331.5,1024.387639,16.10236214,1.80295344,1069.898692,12.74116862,-0.034799917,14.9,30.61105299999995,3.3611935200000005
331.6,1026.014179,16.26798661,1.517058911,1071.16994,12.74339878,0.066694243,14.9,30.255760999999985,3.5245878300000015
331.70000000000005,1027.655823,16.40443649,1.24119514,1072.441953,12.75625039,0.161652459,14.9,29.88612999999996,3.6481860999999984
331.8,1029.309654,16.51221333,0.980377508,1073.715814,12.77863413,0.247896083,14.9,29.50616,3.733579200000001
331.90000000000003,1030.972753,16.59382482,0.739621395,1074.992608,12.80924282,0.323246465,14.9,29.11985500000001,3.7845819999999986
332.0,1032.642203,16.65228018,0.52394218,1076.273419,12.84676926,0.385888066,14.9,28.731215999999996,3.8055109200000015
332.1,1034.315088,16.69058865,0.337519345,1077.559157,12.88990627,0.435457778,14.9,28.344068999999855,3.800682379999998
332.20000000000005,1035.98889,16.71175944,0.181188789,1078.850033,12.93734666,0.472318709,14.9,27.961142999999858,3.7744127800000022
332.3,1037.662698,16.7188018,0.054114613,1080.146087,12.98778323,0.498286399,14.9,27.58338899999999,3.7310185700000016
332.40000000000003,1039.336003,16.71472494,-0.047882665,1081.447355,13.0399088,0.515539497,14.9,27.211352000000126,3.674816140000001
332.5,1041.008294,16.70253809,-0.129818425,1082.753878,13.09263405,0.526256649,14.9,26.84558400000001,3.6099040400000018
332.6,1042.679061,16.68474895,-0.196708045,1084.065691,13.1457411,0.532616506,14.9,26.48662999999997,3.539007849999999
332.70000000000005,1044.347794,16.66185905,-0.253566907,1085.382835,13.19922997,0.536797714,14.9,26.135040999999866,3.462629080000001
332.8,1046.013983,16.63386839,-0.305410389,1086.705346,13.25310065,0.540615814,14.9,25.79136299999991,3.3807677399999996
332.90000000000003,1047.677118,16.60077697,-0.356417974,1088.033264,13.30735313,0.544433914,14.9,25.456145999999855,3.293423839999999
333.0,1049.336689,16.56258479,-0.40742556,1089.366626,13.36198743,0.548252014,14.9,25.12993700000002,3.2005973599999997
333.1,1050.992186,16.51929186,-0.458433145,1090.705471,13.41700353,0.552070114,14.9,24.813285000000043,3.1022883299999986
333.20000000000005,1052.643098,16.47089816,-0.50944073,1092.049836,13.47240145,0.555888214,14.9,24.506737999999906,2.9984967100000013
333.3,1054.288916,16.41740371,-0.560448316,1093.39976,13.52818118,0.559205266,14.9,24.210844000000044,2.889222529999998
333.40000000000003,1055.929129,16.3588085,-0.611455901,1094.755281,13.58434271,0.562251714,14.9,23.926151999999867,2.774465789999999
333.5,1057.563228,16.29511253,-0.662284609,1096.116438,13.64088606,0.565267936,14.9,23.653210000000037,2.654226470000001
333.6,1059.190702,16.2263158,-0.712040054,1097.483268,13.69751059,0.564158912,14.9,23.392565999999853,2.528805209999998
333.70000000000005,1060.811041,16.15241832,-0.759648972,1098.855809,13.75435456,0.558382086,14.9,23.144767999999978,2.3980637599999994
333.8,1062.423736,16.0735274,-0.8040381,1100.2341,13.81156221,0.546381524,14.9,22.910363999999937,2.2619651899999997
333.90000000000003,1064.028276,15.99017968,-0.844134175,1101.61818,13.86667652,0.52710234,14.9,22.689903999999935,2.1235031600000003
334.0,1065.624151,15.90301912,-0.878863933,1103.008085,13.91937196,0.498758156,14.9,22.483933999999955,1.9836471600000003
334.1,1067.21085,15.81268967,-0.907366217,1104.40373,13.96871497,0.459552661,14.9,22.29288000000006,1.8439746999999986
334.20000000000005,1068.787951,15.7198353,-0.929532148,1105.804531,14.01377199,0.412284262,14.9,22.116579999999978,1.7060633099999993
334.3,1070.355372,15.62509996,-0.945230218,1107.209779,14.05360946,0.357236193,14.9,21.95440700000004,1.5714904999999995
334.40000000000003,1071.913117,15.52910767,-0.95553369,1108.618765,14.08729381,0.295964388,14.9,21.805647999999884,1.44181386
334.5,1073.461193,15.43246039,-0.961643092,1110.030781,14.11404708,0.230024781,14.9,21.66958799999984,1.3184133099999986
334.6,1074.999604,15.33588099,-0.964532704,1111.445118,14.13371368,0.160973306,14.9,21.545514000000004,1.20216731
334.70000000000005,1076.528356,15.23936946,-0.965157717,1112.861067,14.14629361,0.090365897,14.9,21.43271100000002,1.09307585
334.8,1078.047453,15.14284944,-0.964786531,1114.27792,14.15178686,0.019499166,14.9,21.33046700000009,0.9910625800000012
334.90000000000003,1079.5569,15.04638034,-0.964337572,1115.694968,14.15019344,-0.051367565,14.9,21.238067999999977,0.8961869
335.0,1081.056703,14.94996213,-0.963927499,1117.111502,14.14151335,-0.122234296,14.9,21.154799000000004,0.8084487799999991
335.1,1082.546867,14.85359484,-0.963418444,1118.526814,14.12574658,-0.193101027,14.9,21.07994700000004,0.72784826
335.20000000000005,1084.027397,14.75727844,-0.962909389,1119.940195,14.10289314,-0.263967758,14.9,21.01279799999984,0.6543852999999995
335.3,1085.498297,14.66101296,-0.962400333,1121.350936,14.07295303,-0.334834489,14.9,20.952638999999955,0.58805993
335.40000000000003,1086.959574,14.56479838,-0.961891278,1122.758329,14.03592624,-0.40570122,14.9,20.89875500000003,0.5288721399999989
335.5,1088.411232,14.4686347,-0.961444019,1124.161664,13.99181279,-0.476217949,14.9,20.850432000000048,0.47682190999999996
335.6,1089.853275,14.37252193,-0.961042852,1125.560234,13.94061265,-0.544634664,14.9,20.8069590000001,0.4319092799999993
335.70000000000005,1091.285711,14.27646007,-0.960638113,1126.95333,13.88232585,-0.608851351,14.9,20.76761900000006,0.39413421999999976
335.8,1092.708542,14.18041203,-0.960779811,1128.340243,13.81716237,-0.666767997,14.9,20.731701000000022,0.36324965999999925
335.90000000000003,1094.121775,14.08438725,-0.961538012,1129.720264,13.74617223,-0.717512507,14.9,20.698488999999974,0.3382150199999998
336.0,1095.525414,13.98841551,-0.963118218,1131.092685,13.67061543,-0.755301108,14.9,20.66727100000012,0.3178000799999996
336.1,1096.919465,13.89216682,-0.965664132,1132.456796,13.59175199,-0.782067548,14.9,20.637330999999996,0.30041482999999936
336.20000000000005,1098.303933,13.79559913,-0.969396961,1133.812058,13.51010515,-0.796233905,14.9,20.608125000000065,0.28549398000000004
336.3,1099.678806,13.69858914,-0.974571871,1135.158602,13.42914518,-0.798150181,14.9,20.57979600000008,0.2694439599999985
336.40000000000003,1101.044008,13.60101355,-0.980810101,1136.496727,13.34792184,-0.789566387,14.9,20.55271899999989,0.25309170999999964
336.5,1102.399444,13.50274907,-0.988075838,1137.826732,13.26843189,-0.771354618,14.9,20.52728800000009,0.23431717999999968
336.6,1103.745021,13.40367239,-0.996163578,1139.148916,13.19172532,-0.749298648,14.9,20.50389500000015,0.2119470700000008
336.70000000000005,1105.080646,13.30368075,-1.004867822,1140.46358,13.11801215,-0.72181473,14.9,20.482934000000206,0.18566859999999963
336.8,1106.406225,13.20275362,-1.013983069,1141.771022,13.04729238,-0.692230798,14.9,20.464796999999955,0.15546123999999928
336.90000000000003,1107.721665,13.10089099,-1.023303816,1143.071542,12.979566,-0.662296864,14.9,20.44987699999988,0.12132498999999974
337.0,1109.026871,12.99809286,-1.032658813,1144.365439,12.91483301,-0.632362929,14.9,20.438567999999897,0.08325984999999925
337.1,1110.321751,12.89435923,-1.042013811,1145.653012,12.85309341,-0.602428995,14.9,20.431261000000042,0.041265819999999565
337.20000000000005,1111.606211,12.7896901,-1.051368808,1146.934561,12.79434721,-0.572495061,14.9,20.428350000000002,-0.004657110000000131
337.3,1112.880157,12.68408547,-1.060723806,1148.210385,12.7385944,-0.542561126,14.9,20.430228000000035,-0.05450893000000079
337.40000000000003,1114.143496,12.57754534,-1.070078803,1149.480783,12.68583498,-0.512627192,14.9,20.43728700000006,-0.10828963999999885
337.5,1115.396134,12.47006971,-1.079433801,1150.746055,12.63606896,-0.482562255,14.9,20.449920999999996,-0.1659992499999987
337.6,1116.637977,12.36165858,-1.086969771,1152.0065,12.58929633,-0.451711303,14.9,20.46852299999987,-0.22763774999999953
337.70000000000005,1117.868933,12.25231195,-1.09424588,1153.262417,12.54551709,-0.419288319,14.9,20.493483999999945,-0.2932051400000013
337.8,1119.088907,12.14202982,-1.099428273,1154.514107,12.50480985,-0.384507288,14.9,20.525199999999906,-0.3627800299999997
337.90000000000003,1120.297807,12.0319036,-1.09772367,1155.761867,12.46756762,-0.346582194,14.9,20.56406000000002,-0.4356640200000008
338.0,1121.495538,11.92099781,-1.088845271,1157.005998,12.43426199,-0.304727022,14.9,20.610460000000195,-0.5132641800000002
338.1,1122.682006,11.81041274,-1.070999628,1158.246798,12.40536459,-0.258286759,14.9,20.6647919999999,-0.5949518499999993
338.20000000000005,1123.857119,11.70302437,-1.04421232,1159.484631,12.38134701,-0.207130402,14.9,20.727512000000026,-0.6783226400000011
338.3,1125.020927,11.59900478,-1.00513073,1160.720109,12.36268088,-0.151388954,14.9,20.799182000000066,-0.7636760999999996
338.40000000000003,1126.174052,11.49943004,-0.954094174,1161.95391,12.3498378,-0.091717427,14.9,20.879857999999878,-0.8504077599999995
338.5,1127.317263,11.40537621,-0.895597025,1163.186709,12.34328937,-0.028901838,14.9,20.969446000000154,-0.9379131600000008
338.6,1128.451327,11.31791937,-0.82992608,1164.419184,12.34342862,0.036271799,14.9,21.067857000000096,-1.025509249999999
338.70000000000005,1129.577011,11.23795624,-0.758874789,1165.652012,12.35033413,0.103017467,14.9,21.17500099999993,-1.1123778899999994
338.8,1130.695082,11.16566616,-0.6842366,1166.885868,12.36400591,0.17054915,14.9,21.290786000000118,-1.1983397499999988
338.90000000000003,1131.806307,11.10104914,-0.607804962,1168.12143,12.38444396,0.238211836,14.9,21.41512299999986,-1.2833948199999998
339.0,1132.911455,11.04410517,-0.531074417,1169.359374,12.41164828,0.305874522,14.9,21.547918999999958,-1.3675431099999997
339.1,1134.011292,10.99483425,-0.454343871,1170.600376,12.44561886,0.373537208,14.9,21.689084000000186,-1.4507846099999995
339.20000000000005,1135.106585,10.95323639,-0.377613325,1171.845114,12.48635572,0.441199894,14.9,21.838528999999973,-1.53311933
339.3,1136.198103,10.91931159,-0.300882779,1173.094264,12.53385884,0.50886258,14.9,21.99616100000012,-1.614547250000001
339.40000000000003,1137.286611,10.89305984,-0.224152233,1174.348503,12.58812824,0.576525266,14.9,22.161891999999945,-1.6950684000000003
339.5,1138.372878,10.87448114,-0.147421688,1175.608507,12.6491639,0.644199572,14.9,22.33562900000002,-1.7746827599999992
339.6,1139.457671,10.8635755,-0.070566623,1176.874953,12.71696583,0.711943597,14.9,22.517282000000115,-1.8533903299999999
339.70000000000005,1140.541757,10.86034291,0.007035559,1178.148517,12.79153402,0.779827061,14.9,22.706760000000124,-1.9311911100000003
339.8,1141.625903,10.86478338,0.086131972,1179.429876,12.87287546,0.847919683,14.9,22.903972999999816,-2.008092079999999
339.90000000000003,1142.710877,10.87697161,0.167469732,1180.719707,12.961025,0.916291182,14.9,23.10882999999999,-2.0840533899999993
340.0,1143.797446,10.89728117,0.251795957,1182.018687,13.05602447,0.985011278,14.9,23.321240999999965,-2.158743300000001
340.1,1144.886377,10.92616032,0.339857762,1183.327492,13.15791571,1.05413807,14.9,23.541114999999856,-2.23175539
340.20000000000005,1145.978438,10.96405734,0.432277743,1184.646803,13.26674053,1.123683178,14.9,23.768364999999996,-2.3026831899999998
340.3,1147.074455,11.01142049,0.52918042,1185.977327,13.38254079,1.193634982,14.9,24.002872000000117,-2.3711202999999994
340.40000000000003,1148.175496,11.06869804,0.630441274,1187.319772,13.5053583,1.263935383,14.9,24.244275999999992,-2.43666026
340.5,1149.282685,11.13633826,0.735437707,1188.674849,13.63523491,1.334514661,14.9,24.492164000000095,-2.498896649999999
340.6,1150.397149,11.21478942,0.843422604,1190.043269,13.77220546,1.405303098,14.9,24.74612000000011,-2.5574160399999997
340.70000000000005,1151.520013,11.30442509,0.953648849,1191.42574,13.91627694,1.476230973,14.9,25.005726999999844,-2.611851849999999
340.8,1152.652404,11.40531996,1.065369326,1192.822974,14.06744933,1.547228567,14.9,25.27057,-2.6621293700000006
340.90000000000003,1153.795447,11.51747405,1.177836919,1194.235679,14.22572265,1.618237781,14.9,25.540231999999925,-2.7082485999999992
341.0,1154.950269,11.64088735,1.290429032,1195.664568,14.39109689,1.689246995,14.9,25.814298999999984,-2.75020954
341.1,1156.117995,11.77555986,1.403021144,1197.110348,14.56357205,1.760256209,14.9,26.092352999999868,-2.78801219
341.20000000000005,1157.299752,11.92149158,1.515613256,1198.573732,14.74314813,1.831265424,14.9,26.373980000000167,-2.82165655
341.3,1158.496664,12.07868251,1.628205369,1200.055428,14.92982513,1.902274638,14.9,26.658763999999884,-2.851142619999999
341.40000000000003,1159.709859,12.24713265,1.740797481,1201.556146,15.12360306,1.973283852,14.9,26.94628699999985,-2.8764704100000014
341.5,1160.940461,12.426842,1.853389593,1203.076598,15.3244819,2.044293066,14.9,27.23613700000019,-2.8976398999999997
341.6,1162.189597,12.61781057,1.965981706,1204.617492,15.53246167,2.114834602,14.9,27.527895000000036,-2.9146511000000004
341.70000000000005,1163.458393,12.82003834,2.0778946,1206.17954,15.74754236,2.182570064,14.9,27.821147000000202,-2.9275040200000007
341.8,1164.747975,13.03352533,2.185732185,1207.76345,15.96972397,2.244693381,14.9,28.115474999999925,-2.9361986400000006
341.90000000000003,1166.059469,13.25827153,2.285419152,1209.369934,16.19872589,2.298398479,14.9,28.410465000000023,-2.9404543599999986
342.0,1167.394,13.49386941,2.372880192,1210.999701,16.4331451,2.340879285,14.9,28.705700999999955,-2.9392756900000006
342.1,1168.752695,13.73828131,2.444039995,1212.653461,16.67129793,2.369329727,14.9,29.000766000000205,-2.933016620000002
342.20000000000005,1170.136679,13.98906206,2.494823252,1214.331925,16.91150076,2.38141141,14.9,29.295246,-2.922438699999999
342.3,1171.547078,14.24376646,2.521833874,1216.035578,17.15206993,2.376656656,14.9,29.588499999999932,-2.90830347
342.40000000000003,1172.984693,14.49994933,2.52439264,1217.764008,17.39132181,2.355533143,14.9,29.879315,-2.891372480000001
342.5,1174.449019,14.75516548,2.503178771,1219.516578,17.62757274,2.320379265,14.9,30.167559000000075,-2.872407260000001
342.6,1175.939225,15.00696973,2.461588355,1221.292651,17.85913909,2.274001096,14.9,30.4534259999999,-2.8521693599999995
342.70000000000005,1177.454482,15.2529169,2.403696704,1223.09159,18.08461782,2.219204708,14.9,30.7371079999999,-2.8317009199999976
342.8,1178.99396,15.49096932,2.333579125,1224.912758,18.30372832,2.158796174,14.9,31.018797999999926,-2.8127590000000016
342.90000000000003,1180.556827,15.72071947,2.255310928,1226.75552,18.51647059,2.095581568,14.9,31.298692999999822,-2.7957511200000003
343.0,1182.142255,15.94216735,2.172967421,1228.619237,18.72284463,2.031899283,14.9,31.576982000000136,-2.780677280000001
343.1,1183.749412,16.15531296,2.089944697,1230.503273,18.92285044,1.968216997,14.9,31.853861000000144,-2.7675374800000014
343.20000000000005,1185.377468,16.36015629,2.006921972,1232.406991,19.11648803,1.904534712,14.9,32.129523000000155,-2.7563317400000003
343.3,1187.025594,16.55669735,1.923899248,1234.329754,19.30375739,1.840852426,14.9,32.40416000000014,-2.747060040000001
343.40000000000003,1188.692959,16.74493614,1.840876524,1236.270926,19.48465852,1.777170141,14.9,32.677966999999946,-2.73972238
343.5,1190.378732,16.92487266,1.757853799,1238.22987,19.65919141,1.713487856,14.9,32.95113799999999,-2.73431875
343.6,1192.082085,17.0965069,1.674831075,1240.205949,19.82735609,1.649036299,14.9,33.223863999999914,-2.730849189999997
343.70000000000005,1193.802185,17.25983887,1.591908308,1242.198526,19.98915253,1.579969112,14.9,33.496340999999894,-2.729313659999999
343.8,1195.538203,17.41486857,1.509585292,1244.206963,20.14458074,1.501670667,14.9,33.76876000000002,-2.729712169999999
343.90000000000003,1197.28931,17.561596,1.428461776,1246.230626,20.29317917,1.409525333,14.9,34.041316000000144,-2.731583169999997
344.0,1199.054674,17.70008112,1.34913751,1248.268876,20.43263998,1.298917482,14.9,34.314202000000115,-2.732558860000001
344.1,1200.833465,17.83062383,1.272212243,1250.321076,20.56019382,1.165231483,14.9,34.58761100000002,-2.729569989999998
344.20000000000005,1202.624854,17.95358397,1.198285727,1252.386591,20.67307129,1.00462098,14.9,34.86173700000004,-2.719487319999999
344.3,1204.428009,18.06932138,1.127857752,1254.464414,20.76850302,0.8163167,14.9,35.13640500000006,-2.699181639999999
344.40000000000003,1206.242149,18.17819592,1.061028277,1256.552061,20.84371963,0.601087914,14.9,35.40991200000017,-2.6655237099999987
344.5,1208.066684,18.28056743,0.997697343,1258.646681,20.89595175,0.362780982,14.9,35.67999700000005,-2.615384319999997
344.6,1209.901071,18.37679578,0.937365159,1260.74542,20.92243,0.106011531,14.9,35.94434899999997,-2.54563422
344.70000000000005,1211.744767,18.4672408,0.879431975,1262.845428,20.92084656,-0.164604807,14.9,36.200661000000174,-2.453605760000002
344.8,1213.597231,18.55220237,0.823298041,1264.943851,20.89073988,-0.444452405,14.9,36.44662000000003,-2.338537510000002
344.90000000000003,1215.457919,18.63174047,0.768363607,1267.037838,20.83210994,-0.728915632,14.9,36.67991900000002,-2.2003694699999983
345.0,1217.32629,18.7058551,0.714028923,1269.124535,20.74495675,-1.01414813,14.9,36.89824499999995,-2.039101649999999
345.1,1219.201802,18.77454626,0.659794197,1271.201091,20.62928031,-1.299380629,14.9,37.099288999999864,-1.8547340499999976
345.20000000000005,1221.083911,18.83781394,0.605559471,1273.264653,20.48508062,-1.584613127,14.9,37.28074200000001,-1.6472666800000013
345.3,1222.972076,18.89565815,0.551324745,1275.312369,20.31235769,-1.869845626,14.9,37.440292999999976,-1.4166995399999998
345.40000000000003,1224.865755,18.94807889,0.497090019,1277.341386,20.1111115,-2.155078124,14.9,37.57563100000002,-1.1630326099999984
345.5,1226.764404,18.99507615,0.442855293,1279.348852,19.88134206,-2.440310623,14.9,37.68444800000007,-0.8862659100000023
345.6,1228.667482,19.03664995,0.388620568,1281.331916,19.62304937,-2.723798765,14.9,37.76443400000003,-0.5863994199999993
345.70000000000005,1230.574446,19.07280027,0.334385842,1283.287724,19.33623344,-2.996820767,14.9,37.81327799999995,-0.26343317000000255
345.8,1232.484754,19.10352712,0.28002076,1285.213424,19.02089425,-3.248910492,14.9,37.82866999999997,0.08263286999999764
345.90000000000003,1234.397863,19.12883049,0.224873544,1287.106164,18.67807843,-3.469601799,14.9,37.80830100000012,0.45075205999999923
346.0,1236.313231,19.14871039,0.168162058,1288.963092,18.31301904,-3.648428549,14.9,37.749860999999875,0.8356913500000012
346.1,1238.230317,19.16308861,0.109104169,1290.781355,17.93199577,-3.774924602,14.9,37.651038000000064,1.2310928399999987
346.20000000000005,1240.148576,19.17157407,0.04691774,1292.558101,17.54128829,-3.840368178,14.9,37.50952500000003,1.6302857799999977
346.3,1242.067468,19.1736975,-0.019179361,1294.291315,17.14717631,-3.843014918,14.9,37.32384699999998,2.0265211900000004
346.40000000000003,1243.98645,19.16898962,-0.089838915,1295.982331,16.75593949,-3.784609179,14.9,37.09588099999983,2.413050130000002
346.5,1245.904917,19.15698114,-0.165191277,1297.633321,16.37385752,-3.673872744,14.9,36.828403999999956,2.783123619999998
346.6,1247.822013,19.13720278,-0.245106092,1299.246455,16.00721009,-3.521271753,14.9,36.524442,3.129992689999998
346.70000000000005,1249.736821,19.10918526,-0.328931579,1300.823905,15.66123026,-3.337272344,14.9,36.187084000000006,3.4479550000000003
346.8,1251.648423,19.07245931,-0.415885605,1302.367844,15.33696465,-3.132340656,14.9,35.81942100000001,3.7354946599999987
346.90000000000003,1253.555902,19.02663385,-0.505186036,1303.880441,15.03441326,-2.916942829,14.9,35.42453899999996,3.9922205900000005
347.0,1255.458339,18.97163067,-0.596050735,1305.363869,14.75357608,-2.699800646,14.9,35.00553,4.2180545899999995
347.1,1257.354817,18.90744977,-0.687697569,1306.820299,14.49445313,-2.482658463,14.9,34.56548200000007,4.412996639999999
347.20000000000005,1259.244417,18.83409116,-0.779474759,1308.251903,14.25704439,-2.265516279,14.9,34.10748599999997,4.577046769999999
347.3,1261.126224,18.75155482,-0.871251949,1309.660851,14.04134987,-2.048374096,14.9,33.634627,4.71020495
347.40000000000003,1262.999317,18.65984077,-0.963029139,1311.049316,13.84736957,-1.831231913,14.9,33.14999900000007,4.812471199999999
347.5,1264.862781,18.55894899,-1.054806329,1312.419468,13.67510349,-1.61408973,14.9,32.65668700000001,4.883845500000001
347.6,1266.715696,18.4488795,-1.146583519,1313.773479,13.52455162,-1.397176893,14.9,32.157782999999974,4.92432788
347.70000000000005,1268.557145,18.32963229,-1.23836071,1315.113521,13.39571398,-1.181640133,14.9,31.656376,4.933918309999999
347.8,1270.386211,18.20120736,-1.329765941,1316.441765,13.28859055,-0.968855529,14.9,31.15555400000003,4.912616810000001
347.90000000000003,1272.201976,18.06360471,-1.418939422,1317.760382,13.20304373,-0.760199158,14.9,30.65840599999988,4.860560980000001
348.0,1274.003521,17.91682434,-1.503649402,1319.071544,13.13838549,-0.557047096,14.9,30.168022999999813,4.778438850000002
348.1,1275.789929,17.76108943,-1.58166413,1320.377422,13.09379017,-0.360775423,14.9,29.687492999999996,4.667299259999998
348.20000000000005,1277.560283,17.59751585,-1.650751857,1321.680188,13.06843213,-0.172530869,14.9,29.21990500000002,4.529083720000001
348.3,1279.313664,17.42744265,-1.710820775,1322.981903,13.06148572,0.007457219,14.9,28.768239000000086,4.365956929999999
348.40000000000003,1281.049155,17.25220888,-1.753591259,1324.284188,13.0721253,0.179418188,14.9,28.33503300000016,4.180083580000002
348.5,1282.766017,17.07315359,-1.785111184,1325.588553,13.09952521,0.344498769,14.9,27.92253600000013,3.973628380000001
348.6,1284.464224,16.89033188,-1.803612564,1326.896511,13.14285982,0.50407504,14.9,27.53228699999986,3.7474720600000015
348.70000000000005,1286.14393,16.70893467,-1.810955192,1328.209571,13.20144108,0.659523078,14.9,27.165641000000143,3.507493590000001
348.8,1287.805288,16.52644914,-1.809370817,1329.529244,13.27513139,0.812218961,14.9,26.823956000000045,3.25131775
348.90000000000003,1289.448452,16.34527511,-1.798951247,1330.857043,13.36393074,0.963538766,14.9,26.50859099999989,2.9813443699999986
349.0,1291.073576,16.16563576,-1.788348064,1332.194476,13.46783914,1.114629225,14.9,26.220899999999894,2.69779662
349.1,1292.680812,15.9875311,-1.773373186,1333.543056,13.58685659,1.265719684,14.9,25.96224399999992,2.40067451
349.20000000000005,1294.270315,15.81096113,-1.75802635,1334.904293,13.72098308,1.416810143,14.9,25.73397800000007,2.089978050000001
349.3,1295.842237,15.63592583,-1.742679514,1336.279698,13.87021862,1.567900602,14.9,25.537460999999986,1.7657072100000004
349.40000000000003,1297.396733,15.46242522,-1.727332677,1337.670782,14.0345632,1.718991061,14.9,25.37404899999988,1.427862020000001
349.5,1298.933955,15.2904593,-1.711985841,1339.079056,14.21401683,1.87008152,14.9,25.24510100000007,1.07644247
349.6,1300.454057,15.12002806,-1.696639005,1340.506031,14.40857951,2.021171979,14.9,25.151973999999974,0.7114485500000001
349.70000000000005,1301.957193,14.9511315,-1.681292169,1341.953217,14.61825123,2.170888382,14.9,25.096024000000035,0.3328802700000004
349.8,1303.443516,14.78376962,-1.665945333,1343.422127,14.84303199,2.312360448,14.9,25.078611000000002,-0.059262370000000786
349.90000000000003,1304.91318,14.61794243,-1.649964306,1344.914269,15.08292181,2.437343842,14.9,25.101089000000094,-0.46497938000000083
350.0,1306.366337,14.45364992,-1.630178134,1346.431156,15.33709623,2.537594227,14.9,25.164819000000172,-0.8834463100000001
350.1,1307.803142,14.2908921,-1.602781673,1347.974299,15.6014331,2.604867266,14.9,25.271156999999995,-1.3105409999999988
350.20000000000005,1309.223748,14.13004947,-1.563969777,1349.545208,15.87098581,2.630918624,14.9,25.421460000000117,-1.740936340000001
350.3,1310.628309,13.97302462,-1.509937303,1351.145393,16.14080776,2.608878019,14.9,25.61708400000007,-2.167783140000001
350.40000000000003,1312.016977,13.82210062,-1.436879105,1352.775708,16.40595235,2.537371396,14.9,25.8587309999999,-2.5838517299999992
350.5,1313.389907,13.67956056,-1.34162423,1354.434364,16.66147298,2.417772811,14.9,26.144456999999967,-2.9819124199999987
350.6,1314.747556,13.54768754,-1.223538486,1356.118915,16.90242304,2.256952545,14.9,26.471358999999985,-3.3547354999999985
350.70000000000005,1316.091599,13.42876464,-1.083256065,1357.826915,17.12385594,2.063154933,14.9,26.835316000000013,-3.695091299999998
350.8,1317.424018,13.32507494,-0.923947921,1359.555918,17.3216495,1.844624312,14.9,27.23190000000009,-3.996574559999999
350.90000000000003,1318.746791,13.23890153,-0.749419197,1361.303477,17.49497929,1.609605018,14.9,27.6566859999999,-4.25607776
351.0,1320.061898,13.17214698,-0.563475039,1363.067146,17.64384531,1.366341387,14.9,28.105248000000167,-4.471698329999999
351.1,1321.37132,13.12519181,-0.369920592,1364.844478,17.76824757,1.121703701,14.9,28.573158000000014,-4.643055759999999
351.20000000000005,1322.677037,13.09803602,-0.172561,1366.633027,17.86818605,0.877066015,14.9,29.055990000000158,-4.770150029999998
351.3,1323.981028,13.09067961,0.025432782,1368.430347,17.94366077,0.632428329,14.9,29.54931900000006,-4.852981160000001
351.40000000000003,1325.285273,13.10312258,0.223426565,1370.233991,17.99467172,0.387790642,14.9,30.0487180000001,-4.891549139999999
351.5,1326.591753,13.13536493,0.421420348,1372.041514,18.0212189,0.143152956,14.9,30.549761000000082,-4.885853970000001
351.6,1327.902446,13.18740665,0.61941413,1373.850467,18.02330231,-0.10148473,14.9,31.048020999999927,-4.8358956599999985
351.70000000000005,1329.219334,13.25924775,0.817407913,1375.658406,18.00092195,-0.344886957,14.9,31.539072000000125,-4.7416741999999985
351.8,1330.544396,13.35088823,1.015401696,1377.462883,17.95407783,-0.580876424,14.9,32.018486999999915,-4.6031895999999985
351.90000000000003,1331.879612,13.46232809,1.212277316,1379.261453,17.88276993,-0.802040375,14.9,32.481841000000124,-4.420441839999999
352.0,1333.226962,13.59356733,1.402443963,1381.051669,17.78773954,-1.000966049,14.9,32.92470699999999,-4.19417221
352.1,1334.588426,13.74460594,1.579192664,1382.831085,17.67269304,-1.176412437,14.9,33.342659000000005,-3.928087099999999
352.20000000000005,1335.965984,13.91477304,1.735814444,1384.597254,17.54207808,-1.302451532,14.9,33.73127000000009,-3.6273050399999995
352.3,1337.361615,14.10071413,1.865600332,1386.347729,17.40034232,-1.391421284,14.9,34.086114000000045,-3.29962819
352.40000000000003,1338.7773,14.29840383,1.961841352,1388.080659,17.24823036,-1.435914484,14.9,34.403359,-2.949826530000001
352.5,1340.215019,14.50381676,2.018946695,1389.79656,17.10129901,-1.437166591,14.9,34.68154100000002,-2.5974822500000023
352.6,1341.676215,14.71292753,2.035798199,1391.496546,16.95288677,-1.401354904,14.9,34.920331000000125,-2.2399592399999992
352.70000000000005,1343.160184,14.92171075,2.013514024,1393.181727,16.81114435,-1.329720431,14.9,35.12154299999984,-1.8894335999999985
352.8,1344.665685,15.12614106,1.957684983,1394.853216,16.67977813,-1.248191183,14.9,35.28753100000004,-1.5536370699999988
352.90000000000003,1346.19148,15.32219305,1.875020049,1396.512124,16.55952938,-1.145664667,14.9,35.42064400000013,-1.2373363300000015
353.0,1347.736326,15.50651224,1.772228195,1398.159563,16.4503981,-1.035725392,14.9,35.52323699999997,-0.9438858600000017
353.1,1349.298984,15.67842775,1.656018394,1399.796645,16.3523843,-0.924550657,14.9,35.59766099999988,-0.6739565499999998
353.20000000000005,1350.878213,15.83793956,1.53309962,1401.424481,16.26548797,-0.813375923,14.9,35.646268000000056,-0.4275484099999982
353.3,1352.472774,15.98504767,1.409062683,1403.044184,16.18970912,-0.702201188,14.9,35.671410000000016,-0.2046614499999997
353.40000000000003,1354.081425,16.11975209,1.285025747,1404.656864,16.12504774,-0.591026454,14.9,35.67543899999996,-0.005295650000000762
353.5,1355.702926,16.24205282,1.16098881,1406.263635,16.07150383,-0.479851719,14.9,35.66070900000009,0.17054899000000034
353.6,1357.336037,16.35194985,1.036951874,1407.865606,16.02907739,-0.368676985,14.9,35.62956900000004,0.32287245999999925
353.70000000000005,1358.979518,16.4494432,0.912914938,1409.463891,15.99776843,-0.25763851,14.9,35.58437300000001,0.45167477000000034
353.8,1360.632127,16.53453284,0.788878001,1411.059601,15.97757694,-0.147417599,14.9,35.52747399999985,0.5569559000000002
353.90000000000003,1362.292626,16.6072188,0.665425848,1412.653848,15.96850293,-0.038831813,14.9,35.461222,0.6387158699999986
354.0,1363.959773,16.66750106,0.545482396,1414.247743,15.97046463,0.067301285,14.9,35.38796999999986,0.6970364299999989
354.1,1365.632328,16.71537962,0.432556347,1415.842399,15.98305327,0.170164133,14.9,35.31007099999997,0.732326350000001
354.20000000000005,1367.309051,16.75120536,0.3301564,1417.438926,16.0057783,0.268939166,14.9,35.229875000000085,0.7454270600000008
354.3,1368.988701,16.77673263,0.239088448,1419.038437,16.0381492,0.362945085,14.9,35.14973599999994,0.738583430000002
354.40000000000003,1370.670038,16.79406665,0.170969621,1420.641978,16.07967542,0.452045627,14.9,35.07194000000013,0.7143912300000004
354.5,1372.351821,16.80531264,0.120615406,1422.250334,16.12986643,0.536377053,14.9,34.998513000000095,0.6754462100000005
354.6,1374.033092,16.81095412,0.091313398,1423.864224,16.18823168,0.616620666,14.9,34.93113200000003,0.6227224400000004
354.70000000000005,1375.714012,16.81796139,0.082478813,1425.484367,16.25428064,0.693594029,14.9,34.87035500000011,0.5636807499999996
354.8,1377.395026,16.82357461,0.091187733,1427.111484,16.32760454,0.768114703,14.9,34.816458000000104,0.49597007000000204
354.90000000000003,1379.076578,16.83152067,0.116634267,1428.746292,16.4081216,0.841000252,14.9,34.769714000000114,0.42339906999999855
355.0,1380.759112,16.84355394,0.147201285,1430.389511,16.49583184,0.913068238,14.9,34.730399000000126,0.3477220999999986
355.1,1382.44307,16.86002528,0.187488515,1432.041861,16.59073525,0.984999964,14.9,34.69879099999989,0.26929002999999696
355.20000000000005,1384.128898,16.88093468,0.231284446,1433.704062,16.69283183,1.056931689,14.9,34.67516400000009,0.18810284999999993
355.3,1385.817038,16.90628216,0.27566516,1435.376831,16.80212159,1.128863415,14.9,34.65979300000013,0.10416057000000123
355.40000000000003,1387.507935,16.93606772,0.320045874,1437.060889,16.91860451,1.200795141,14.9,34.652954,0.017463209999998952
355.5,1389.202032,16.97029134,0.364426588,1438.756956,17.04228061,1.272726867,14.9,34.65492400000003,-0.07198926999999955
355.6,1390.899774,17.00895303,0.408807302,1440.465749,17.17314989,1.344658592,14.9,34.66597499999998,-0.16419686000000056
355.70000000000005,1392.601604,17.0520528,0.453188017,1442.187989,17.31121233,1.416590318,14.9,34.686385000000065,-0.2591595300000016
355.8,1394.307966,17.09959064,0.497568731,1443.924395,17.45646795,1.488208531,14.9,34.71642899999993,-0.35687731000000156
355.90000000000003,1396.019303,17.15156655,0.541949445,1445.675686,17.60891674,1.557945668,14.9,34.75638300000001,-0.4573501900000032
356.0,1397.73606,17.20798053,0.586417606,1447.442582,17.76855871,1.623920654,14.9,34.80652199999995,-0.5605781800000003
356.1,1399.45868,17.26883258,0.63141045,1449.225801,17.93520573,1.684252412,14.9,34.86712100000009,-0.6663731499999983
356.20000000000005,1401.187607,17.3341227,0.67745266,1451.026064,18.10791729,1.737059867,14.9,34.938456999999836,-0.7737945899999978
356.3,1402.923286,17.40390336,0.725068917,1452.844089,18.28556473,1.781941841,14.9,35.02080299999998,-0.8816613699999998
356.40000000000003,1404.666159,17.47843691,0.774783905,1454.680596,18.4670194,1.812891075,14.9,35.11443699999982,-0.9885824900000024
356.5,1406.41667,17.55803814,0.827122307,1456.536154,18.65115266,1.834033753,14.9,35.21948399999983,-1.0931145200000003
356.6,1408.175264,17.64302188,0.882521357,1458.410729,18.83772381,1.844203488,14.9,35.33546499999998,-1.1947019300000008
356.70000000000005,1409.942426,17.73370292,0.941068504,1460.304138,19.02294038,1.844967844,14.9,35.4617119999999,-1.2892374600000025
356.8,1411.718809,17.83039609,1.002676299,1462.216197,19.20833754,1.838207897,14.9,35.597388,-1.377941449999998
356.90000000000003,1413.505111,17.93341618,1.066907508,1464.146723,19.39208682,1.824324823,14.9,35.741612000000124,-1.4586706400000011
357.0,1415.302025,18.04307801,1.133237447,1466.095533,19.5740001,1.809639395,14.9,35.893507999999976,-1.5309220900000007
357.1,1417.110248,18.15964392,1.201141435,1468.062441,19.7540774,1.791592993,14.9,36.05219300000008,-1.5944334799999993
357.20000000000005,1418.930475,18.28316638,1.270094788,1470.047266,19.9323187,1.773233078,14.9,36.21679100000015,-1.649152319999999
357.3,1420.763403,18.41364539,1.339572824,1472.049823,20.10872402,1.754873163,14.9,36.386420000000136,-1.6950786300000011
357.40000000000003,1422.609726,18.55108095,1.409138306,1474.069929,20.28329334,1.736513248,14.9,36.560203000000094,-1.7322123900000008
357.5,1424.470141,18.69547305,1.478703789,1476.1074,20.45602666,1.718153333,14.9,36.73725900000009,-1.7605536099999988
357.6,1426.345343,18.8468217,1.548269272,1478.162052,20.626924,1.699793418,14.9,36.91670899999995,-1.7801022999999994
357.70000000000005,1428.236027,19.00512691,1.617834755,1480.233702,20.79598535,1.681433503,14.9,37.09767500000007,-1.7908584399999974
357.8,1430.14289,19.17038865,1.687400237,1482.322167,20.9632107,1.663195987,14.9,37.27927699999996,-1.7928220500000016
357.90000000000003,1432.066626,19.34260695,1.75696572,1484.427263,21.12860007,1.64569287,14.9,37.460637,-1.7859931200000005
358.0,1434.007933,19.5217818,1.826351846,1486.548805,21.29215344,1.629658548,14.9,37.64087199999981,-1.7703716400000005
358.1,1435.967505,19.70791319,1.894661828,1488.686611,21.45394426,1.615827419,14.9,37.81910600000001,-1.7460310700000008
358.20000000000005,1437.946037,19.90100114,1.960819523,1490.840497,21.61433972,1.604933881,14.9,37.99445999999998,-1.7133385799999985
358.3,1439.944226,20.10093801,2.023748788,1493.01028,21.77378048,1.597712332,14.9,38.166053999999896,-1.672842469999999
358.40000000000003,1441.962768,20.30718575,2.082373478,1495.195775,21.93270715,1.594774769,14.9,38.33300699999982,-1.6255214000000002
358.5,1444.002358,20.51909867,2.135617452,1497.396858,22.09156039,1.596243593,14.9,38.49450000000011,-1.5724617199999997
358.6,1446.063691,20.73603107,2.182583922,1499.613639,22.25078084,1.601996404,14.9,38.64994799999986,-1.5147497700000017
358.70000000000005,1448.147377,20.95733728,2.223093531,1501.846287,22.41080912,1.611421204,14.9,38.79891000000007,-1.4534718399999988
358.8,1450.253681,21.18237161,2.257325637,1504.094971,22.57208588,1.623783595,14.9,38.94129000000007,-1.389714269999999
358.90000000000003,1452.382783,21.41048837,2.286177025,1506.35986,22.73497832,1.638349179,14.9,39.07707700000001,-1.3244899500000002
359.0,1454.534862,21.64104187,2.310723839,1508.641122,22.89955988,1.654383558,14.9,39.20626000000002,-1.258518010000003
359.1,1456.710096,21.87349405,2.332042223,1510.938927,23.06583055,1.671152335,14.9,39.3288309999999,-1.1923364999999997
359.20000000000005,1458.908665,22.10773729,2.35120832,1513.253444,23.23379034,1.688043512,14.9,39.44477900000002,-1.1260530499999994
359.3,1461.130748,22.34377158,2.369298274,1515.584841,23.40343925,1.704934689,14.9,39.55409300000006,-1.0596676700000032
359.40000000000003,1463.376524,22.58159694,2.38720887,1517.933287,23.57477728,1.721825865,14.9,39.65676300000005,-0.9931803399999986
359.5,1465.646172,22.82121336,2.405119467,1520.298951,23.74780443,1.738717042,14.9,39.75277900000001,-0.9265910699999971
359.6,1467.939871,23.06262083,2.423030063,1522.682003,23.92252069,1.755608219,14.9,39.84213199999986,-0.8598998599999987
359.70000000000005,1470.257801,23.30581937,2.440940659,1525.082611,24.09892607,1.772499396,14.9,39.92481000000007,-0.7931067000000027
359.8,1472.60014,23.55080897,2.458851256,1527.500944,24.27702057,1.786032652,14.9,40.00080399999988,-0.7262116000000027
359.90000000000003,1474.967067,23.79758962,2.476761852,1529.937171,24.45680419,1.799243759,14.9,40.07010399999999,-0.6592145699999996
360.0,1477.358762,24.04616134,2.494672449,1532.39146,24.63827692,1.804060065,14.9,40.13269799999998,-0.592115579999998
360.1,1479.775404,24.29652411,2.506846762,1534.863981,24.81942402,1.794759543,14.9,40.18857699999999,-0.5228999099999996
360.20000000000005,1482.217171,24.54867795,2.521538343,1537.354903,25.00206695,1.768469811,14.9,40.237731999999916,-0.4533890000000014
360.3,1484.684244,24.80262284,2.522590965,1539.864395,25.18136211,1.720943566,14.9,40.280151000000025,-0.37873926999999696
360.40000000000003,1487.1768,25.05477667,2.505127817,1542.392625,25.35387629,1.651291427,14.9,40.315825,-0.2990996199999998
360.5,1489.69502,25.31129678,2.464719538,1544.939422,25.51788607,1.55223032,14.9,40.34440199999981,-0.20658929000000015
360.6,1492.239082,25.55971592,2.395629844,1547.503257,25.67084306,1.428293477,14.9,40.364175000000024,-0.11112714000000068
360.70000000000005,1494.809165,25.7996008,2.298092652,1550.08226,25.81019887,1.284495043,14.9,40.37309500000001,-0.010598070000000348
360.8,1497.40499,26.02750967,2.15610946,1552.674561,25.93340514,1.123707398,14.9,40.36957100000004,0.09410452999999919
360.90000000000003,1500.024441,26.24000075,1.98567877,1555.27829,26.0383382,0.950177846,14.9,40.35384899999995,0.20166255000000177
361.0,1502.664944,26.43363227,1.786566665,1557.891578,26.12457332,0.768153689,14.9,40.32663399999988,0.3090589500000007
361.1,1505.323924,26.60496246,1.564509429,1560.512554,26.19211051,0.581882229,14.9,40.28862999999988,0.4128519500000003
361.20000000000005,1507.998808,26.75112318,1.325243344,1563.139349,26.24094977,0.394902886,14.9,40.240540999999986,0.5101734100000002
361.3,1510.687021,26.8715408,1.074504694,1565.770093,26.27109109,0.207923542,14.9,40.18307200000013,0.6004497099999995
361.40000000000003,1513.385988,26.96621533,0.81802976,1568.402916,26.28253447,0.020944199,14.9,40.11692800000001,0.6836808599999991
361.5,1516.093135,27.03514675,0.56059878,1571.035949,26.27527993,-0.166035145,14.9,40.042814,0.7598668199999992
361.6,1518.805889,27.07833508,0.303167799,1573.667321,26.24932745,-0.353014488,14.9,39.961431999999924,0.8290076299999996
361.70000000000005,1521.521674,27.09578031,0.045736819,1576.295163,26.20467703,-0.539993832,14.9,39.87348899999993,0.8911032799999994
361.8,1524.237916,27.08748245,-0.211694161,1578.917605,26.14132868,-0.726973175,14.9,39.779689000000054,0.9461537699999987
361.90000000000003,1526.952042,27.05344148,-0.469125142,1581.532778,26.05928239,-0.913952518,14.9,39.68073600000012,0.9941590900000001
362.0,1529.661476,26.99365742,-0.726556122,1584.138811,25.95853818,-1.100931862,14.9,39.57733500000004,1.0351192400000002
362.1,1532.363645,26.90813026,-0.982894616,1586.733834,25.83909602,-1.287911205,14.9,39.47018899999998,1.0690342400000006
362.20000000000005,1535.055974,26.79686,-1.232678188,1589.315979,25.70095593,-1.474890549,14.9,39.360004999999866,1.0959040699999996
362.3,1537.735888,26.65984664,-1.469351916,1591.883375,25.54411791,-1.661869892,14.9,39.24748699999996,1.1157287300000007
362.40000000000003,1540.400815,26.49774568,-1.686360881,1594.434152,25.36858196,-1.848849236,14.9,39.133337000000076,1.129163720000001
362.5,1543.048178,26.31383457,-1.877150159,1596.96644,25.17434807,-2.035828579,14.9,39.018261999999915,1.1394865000000003
362.6,1545.675404,26.11204627,-2.041257012,1599.47837,24.96141624,-2.222807923,14.9,38.90296599999997,1.150630030000002
362.70000000000005,1548.279919,25.89631373,-2.154942457,1601.968072,24.72978648,-2.409787266,14.9,38.78815299999983,1.166527249999998
362.8,1550.859673,25.6705699,-2.235390555,1604.433676,24.47945879,-2.596766609,14.9,38.67400300000018,1.1911111100000014
362.90000000000003,1553.414712,25.43509243,-2.277601612,1606.873313,24.21043316,-2.783745953,14.9,38.558601000000046,1.22465927
363.0,1555.945611,25.2047802,-2.28703806,1609.285112,23.9227096,-2.970725296,14.9,38.43950099999993,1.2820705999999973
363.1,1558.452939,24.97260023,-2.270254822,1611.667204,23.6162881,-3.15770464,14.9,38.31426500000007,1.3563121300000027
363.20000000000005,1560.937271,24.7454853,-2.227714637,1614.017719,23.29116867,-3.344683983,14.9,38.180447999999934,1.4543166299999974
363.3,1563.399176,24.52409089,-2.184248975,1616.334786,22.9473513,-3.531663327,14.9,38.03561,1.576739589999999
363.40000000000003,1565.839228,24.30841701,-2.128136208,1618.616538,22.584836,-3.71864267,14.9,37.877309999999945,1.7235810100000002
363.5,1568.257999,24.09846365,-2.070930954,1620.861103,22.20362277,-3.905622013,14.9,37.70310400000003,1.8948408800000003
363.6,1570.656061,23.89423082,-2.0137257,1623.066611,21.8037116,-4.056244262,14.9,37.51055000000006,2.090519220000001
363.70000000000005,1573.033985,23.69571851,-1.956520446,1625.231194,21.3851025,-4.221149656,14.9,37.29720899999993,2.3106160100000004
363.8,1575.392344,23.50292673,-1.899315192,1627.352981,20.94779546,-4.35748876,14.9,37.06063699999991,2.5551312700000004
363.90000000000003,1577.73171,23.31585547,-1.842109938,1629.430102,20.51360475,-4.203417991,14.9,36.798392000000014,2.80225072
364.0,1580.052655,23.13450474,-1.784904684,1631.460688,20.05448345,-3.919500455,14.9,36.508032999999934,3.0800212900000012
364.1,1582.355751,22.95887453,-1.72769943,1633.442868,19.57043158,-3.650582747,14.9,36.187117000000036,3.388442949999998
364.20000000000005,1584.64157,22.78896485,-1.670494177,1635.374774,19.28166081,-3.32569603,14.9,35.83320399999989,3.5073040399999975
364.3,1586.910684,22.6247757,-1.613288923,1637.254535,19.03340222,-3.072592648,14.9,35.44385100000009,3.5913734800000015
364.40000000000003,1589.163665,22.46630707,-1.556083669,1639.080281,18.778911,-2.630611127,14.9,35.01661599999998,3.6873960699999984
364.5,1591.401085,22.31355897,-1.498878415,1640.850143,18.51818713,-2.607238709,14.9,34.549057999999924,3.795371839999998
