t,x_follower,v_follower,a_follower,x_leader,v_leader,a_leader,leader_length,spacing,dv
595.6,58.59446132,14.43012646,-1.715615977,94.5521906,11.996927,-1.787748958,14.8,21.15772928,2.433199460000001
595.7,60.09055685,14.25856487,-1.725706014,95.74261818,11.81880484,-1.774694106,14.8,20.852061329999994,2.4397600300000004
595.8000000000001,61.55072566,14.08969395,-2.034523085,96.91529882,11.64198817,-1.761639253,14.8,20.564573160000005,2.4477057799999997
595.9,62.97577494,13.9235137,-2.22246329,98.07036307,11.46647699,-1.748584401,14.8,20.294588129999998,2.4570367100000006
596.0,64.36651191,13.73984406,-2.482613638,99.20794148,11.29227129,-1.735529548,14.8,20.041429570000002,2.447572769999999
596.1,65.72374375,13.41286492,-2.675497075,100.3281646,11.11937108,-1.722474696,14.8,19.804420849999996,2.29349384
596.2,67.04827769,13.09664849,-2.896408392,101.431163,10.94777636,-1.709419844,14.8,19.58288530999999,2.148872129999999
596.3000000000001,68.34092091,12.79119476,-3.06126395,102.5170671,10.77748711,-1.696364991,14.8,19.37614619000001,2.0137076500000006
596.4,69.60248063,12.4843957,-3.002405404,103.5860076,10.60850336,-1.683310139,14.8,19.18352697,1.87589234
596.5,70.83376404,12.18566866,-2.931214591,104.638115,10.44082509,-1.670255286,14.8,19.004350959999993,1.7448435699999987
596.6,72.03557834,11.89501366,-2.866189912,105.6735199,10.2744523,-1.657200434,14.8,18.83794156,1.62056136
596.7,73.20873075,11.61243068,-2.78546962,106.6923528,10.109385,-1.644145581,14.8,18.683622049999993,1.5030456799999996
596.8000000000001,74.35402847,11.33791974,-2.704749328,107.6947442,9.945623183,-1.631090729,14.8,18.54071573,1.3922965569999999
596.9,75.47227869,11.07148082,-2.624029037,108.6808247,9.783166853,-1.618035876,14.8,18.408546010000006,1.2883139669999988
597.0,76.56428862,10.81311393,-2.543308745,109.6507248,9.622016008,-1.604981024,14.8,18.286436180000006,1.1910979220000009
597.1,77.63086546,10.56281907,-2.462588453,110.6045751,9.462170648,-1.591926171,14.8,18.17370964000001,1.100648421999999
597.2,78.67281641,10.32059624,-2.381868161,111.5425062,9.303630774,-1.578132392,14.8,18.06968979000001,1.0169654660000003
597.3000000000001,79.69094869,10.08644544,-2.30114787,112.4646485,9.146396385,-1.55990505,14.8,17.973699809999996,0.9400490550000011
597.4,80.68606949,9.860366663,-2.220427578,113.3711327,8.990467481,-1.532810583,14.8,17.88506321000001,0.869899182000001
597.5,81.65898601,9.64235992,-2.139707286,114.2620893,8.836287418,-1.49241543,14.8,17.803103289999992,0.806072502000001
597.6,82.61050546,9.432425206,-2.058986994,115.1376488,8.686072978,-1.434286026,14.8,17.727143339999994,0.7463522279999992
597.7,83.54143503,9.230562521,-1.978266703,115.9979418,8.542484298,-1.353988811,14.8,17.656506770000004,0.6880782229999998
597.8000000000001,84.45258195,9.036771866,-1.897546411,116.8430988,8.408181516,-1.247829149,14.8,17.59051685000001,0.6285903499999996
597.9,85.34475339,8.851053239,-1.816826119,117.6736051,8.285824769,-1.115068113,14.8,17.52885171000001,0.565228470000001
598.0,86.21875658,8.673406642,-1.736105827,118.4913646,8.178074194,-0.95644463,14.8,17.472608019999992,0.4953324479999992
598.1,87.07539871,8.503832074,-1.655385535,119.298636,8.087589928,-0.775653334,14.8,17.42323729,0.4162421460000001
598.2,87.91548698,8.342329535,-1.574665244,120.0976779,8.01703211,-0.57712779,14.8,17.382190919999996,0.3252974249999987
598.3000000000001,88.7398286,8.188899025,-1.493944952,120.8907491,7.968617521,-0.365301558,14.8,17.350920499999997,0.2202815039999999
598.4,89.54923077,8.043540544,-1.41322466,121.6801081,7.942789515,-0.144608202,14.8,17.330877330000003,0.10075102900000044
598.5,90.34450069,7.906254093,-1.332504368,122.4680137,7.939548095,0.080518717,14.8,17.323513009999996,-0.03329400199999988
598.6,91.12644557,7.777039671,-1.251784077,123.2567245,7.958893259,0.306384563,14.8,17.330278930000002,-0.18185358800000007
598.7,91.89587261,7.655897278,-1.171063785,124.0484991,8.000825008,0.532250409,14.8,17.352626490000002,-0.3449277299999993
598.8000000000001,92.65358901,7.542826914,-1.090343493,124.8455962,8.065343341,0.758116255,14.8,17.392007189999998,-0.5225164270000002
598.9,93.40040198,7.437828579,-1.009623201,125.6502744,8.152448259,0.983982101,14.8,17.449872420000002,-0.7146196800000002
599.0,94.13711872,7.340902273,-0.928613085,126.4647925,8.262139761,1.209847947,14.8,17.527673779999997,-0.921237488
599.1,94.86454642,7.252047997,-0.84586402,127.2914091,8.394417848,1.435713793,14.8,17.62686268,-1.1423698509999998
599.2,95.5834923,7.17126575,-0.759637058,128.1323828,8.549282519,1.660239218,14.8,17.748890499999984,-1.3780167690000003
599.3000000000001,96.29476356,7.098729427,-0.668193251,128.9899723,8.726733776,1.876722124,14.8,17.895208739999998,-1.6280043489999994
599.4,96.99916739,7.035308502,-0.56979365,129.8664363,8.926771616,2.077119989,14.8,18.067268910000006,-1.8914631139999996
599.5,97.69751101,6.982046344,-0.462699306,130.7640333,9.14859179,2.253390292,14.8,18.266522289999994,-2.1665454459999998
599.6,98.39060161,6.939986323,-0.345461097,131.6850222,9.388173035,2.397490514,14.8,18.494420589999987,-2.448186711999999
599.7,99.07938552,6.910171807,-0.217789197,132.6316615,9.640689841,2.501378134,14.8,18.752275980000004,-2.730518034
599.8000000000001,99.76536552,6.893646166,-0.079973431,133.6062098,9.901316695,2.558351052,14.8,19.040844279999984,-3.0076705290000003
599.9,100.4501835,6.891452768,0.066537077,134.6102825,10.16522808,2.567068847,14.8,19.360099000000016,-3.2737753120000006
600.0,101.1354814,6.904634983,0.220003379,135.6429212,10.4275985,2.528871941,14.8,19.707439799999985,-3.522963517
600.1,101.822901,6.934062285,0.378686526,136.7025242,10.68360242,2.450462432,14.8,20.079623199999997,-3.7495401349999993
600.2,102.5140843,6.979908569,0.540847571,137.7874896,10.92841434,2.339882842,14.8,20.473405299999992,-3.9485057709999998
600.3000000000001,103.2106732,7.042173835,0.704747563,138.8962158,11.15801301,2.20517569,14.8,20.88554259999999,-4.115839175
600.4,103.9143096,7.120858082,0.868937381,140.027101,11.37159415,2.054383498,14.8,21.31279139999999,-4.250736068
600.5,104.6266354,7.215961311,1.033127198,141.1785434,11.56915779,1.895548785,14.8,21.751907999999997,-4.353196479
600.6,105.3492924,7.327483521,1.197317016,142.3489413,11.75070391,1.735373653,14.8,22.19964890000001,-4.423220389
600.7,106.0839226,7.455424714,1.361506833,143.5366929,11.91623252,1.57519852,14.8,22.652770299999997,-4.460807805999999
600.8000000000001,106.8321678,7.599784888,1.525696651,144.7401966,12.06574361,1.415023388,14.8,23.108028799999996,-4.465958722
600.9,107.5956701,7.760564044,1.689886468,145.9578504,12.1992372,1.254848255,14.8,23.562180300000005,-4.438673156000001
601.0,108.3760711,7.937762182,1.854076286,147.1880528,12.31671327,1.094673122,14.8,24.011981700000003,-4.378951087999999
601.1,109.175013,8.131379301,2.017538508,148.4292018,12.41817182,0.93449799,14.8,24.45418879999998,-4.286792518999999
601.2,109.9941375,8.341415402,2.176635164,149.6796959,12.50361286,0.775687466,14.8,24.88555840000002,-4.162197458
601.3000000000001,110.8350866,8.567870485,2.327000684,150.9379332,12.57303639,0.625064592,14.8,25.302846600000006,-4.005165905
601.4,111.6995021,8.810307993,2.464269503,152.2023119,12.62644241,0.490817018,14.8,25.702809800000008,-3.816134416999999
601.5,112.589026,9.066545142,2.584076051,153.4712304,12.66464968,0.381132395,14.8,26.08220439999999,-3.5981045379999994
601.6,113.5053001,9.333962592,2.68602363,154.7430869,12.69175202,0.304198373,14.8,26.43778680000001,-3.3577894279999985
601.7,114.4499664,9.609941003,2.754567663,156.0162795,12.71266203,0.268202602,14.8,26.7663131,-3.102721027000001
601.8000000000001,115.4243175,9.891861033,2.800887159,157.2892067,12.7322923,0.279968123,14.8,27.064889199999993,-2.8404312669999996
601.9,116.4282491,10.17948466,2.821740846,158.5609216,12.75555542,0.340859546,14.8,27.332672499999997,-2.5760707600000003
602.0,117.4613076,10.46304859,2.820766694,159.8330975,12.78736397,0.449512262,14.8,27.57178990000001,-2.32431538
602.1,118.5230394,10.74707744,2.802330274,161.1080628,12.83263055,0.599103229,14.8,27.785023399999996,-2.0855531099999993
602.2,119.6129909,11.0270071,2.766828282,162.3881458,12.89626775,0.781444797,14.8,27.97515489999999,-1.8692606499999993
602.3000000000001,120.7307087,11.30240102,2.730532892,163.6756747,12.98236939,0.988349316,14.8,28.144966000000007,-1.679968370000001
602.4,121.875739,11.5732592,2.685903066,164.972978,13.09175424,1.211629134,14.8,28.297239000000015,-1.5184950399999995
602.5,123.0476284,11.83958163,2.640545646,166.282384,13.22442229,1.443096603,14.8,28.434755600000013,-1.38484066
602.6,124.2459232,12.10136833,2.595188226,167.6062209,13.38037356,1.675928681,14.8,28.560297700000017,-1.279005230000001
602.7,125.4701699,12.35861928,2.549830806,168.9468171,13.55960803,1.908760758,14.8,28.6766472,-1.2009887500000005
602.8000000000001,126.7199149,12.61133449,2.504473386,170.3065009,13.76212571,2.141592836,14.8,28.786585999999996,-1.1507912199999986
602.9,127.9947047,12.85951396,2.459115966,171.6876006,13.9879266,2.374424913,14.8,28.892895899999996,-1.1284126400000005
603.0,129.2940856,13.10315768,2.413758545,173.0924446,14.23701069,2.607256991,14.8,28.998359000000004,-1.1338530099999993
603.1,130.6176041,13.34226566,2.368915949,174.5233612,14.509378,2.840089068,14.8,29.105757100000016,-1.1671123399999992
603.2,131.9648066,13.57683791,2.327162295,175.9826786,14.80502851,3.071631672,14.8,29.21787200000001,-1.2281905999999996
603.3000000000001,133.3352396,13.80687441,2.293835072,177.4727253,15.12396223,3.295437434,14.8,29.337485700000013,-1.3170878199999994
603.4,134.7284494,14.03268406,2.265277581,178.9958294,15.46617915,3.503769512,14.8,29.467380000000002,-1.433495090000001
603.5,136.1439825,14.25581133,2.251324406,180.5543195,15.8309056,3.688891064,14.8,29.610336999999998,-1.5750942699999992
603.6,137.5813853,14.47945872,2.252815942,182.1505237,16.21427315,3.843065248,14.8,29.769138400000013,-1.7348144300000001
603.7,139.0402042,14.70143221,2.272326308,183.7867704,16.6116397,3.958555222,14.8,29.94656619999999,-1.9102074900000012
603.8000000000001,140.5202329,14.92763255,2.310370326,185.4653879,17.01836315,4.028913619,14.8,30.145155,-2.0907305999999988
603.9,142.0222532,15.15856397,2.364184626,187.1880856,17.42980137,4.052850964,14.8,30.3658324,-2.2712374000000004
604.0,143.5472943,15.39607984,2.437940732,188.9540971,17.84131229,4.03165673,14.8,30.606802800000008,-2.4452324500000007
604.1,145.0963853,15.64203353,2.521804059,190.762037,18.24825377,3.971778287,14.8,30.865651699999983,-2.6062202400000007
604.2,146.6705554,15.8979695,2.614934213,192.61052,18.64598373,3.880952476,14.8,31.139964599999995,-2.748014230000001
604.3000000000001,148.2708336,16.16419665,2.71424225,194.4981606,19.03063374,3.766916139,14.8,31.427327000000002,-2.866437089999998
604.4,149.8982491,16.44071498,2.816639231,196.4235735,19.40143012,3.637406119,14.8,31.725324400000016,-2.9607151400000014
604.5,151.553831,16.7275245,2.919551034,198.3853734,19.75837286,3.500159256,14.8,32.03154239999999,-3.0308483600000002
604.6,153.2386084,17.02462519,3.022462838,200.3821749,20.10146197,3.36162292,14.8,32.343566499999994,-3.0768367800000007
604.7,154.9536105,17.33201707,3.125374642,202.4125926,20.43069744,3.223086584,14.8,32.65898210000002,-3.0986803700000003
604.8000000000001,156.6998663,17.64970012,3.228286446,204.4752412,20.74607929,3.084550247,14.8,32.975374900000006,-3.0963791700000023
604.9,158.4784049,17.97767435,3.331198249,206.5687353,21.04760749,2.946013911,14.8,33.2903304,-3.06993314
605.0,160.2902556,18.31593977,3.434110053,208.6916895,21.33528207,2.807477575,14.8,33.6014339,-3.0193423000000017
605.1,162.1364473,18.66449637,3.535456511,210.8427185,21.60910301,2.668941239,14.8,33.906271200000006,-2.94460664
605.2,164.0180092,19.02334414,3.62245904,213.0204369,21.86907032,2.530404902,14.8,34.2024277,-2.8457261799999998
605.3000000000001,165.9359705,19.3924831,3.699965546,215.2234594,22.11518399,2.393263112,14.8,34.4874889,-2.7227008899999987
605.4,167.8913603,19.77097403,3.745575113,217.4504006,22.34744403,2.264488599,14.8,34.759040299999995,-2.576469999999997
605.5,169.8852076,20.15114978,3.7530008,219.699875,22.56585043,2.156608673,14.8,35.01466739999999,-2.4147006500000003
605.6,171.9185416,20.5359191,3.713466102,221.9704975,22.77123994,2.065510508,14.8,35.2519559,-2.23532084
605.7,173.9923914,20.91184143,3.619144288,224.2608825,22.96779617,2.012041483,14.8,35.46849110000001,-2.0559547400000007
605.8000000000001,176.1070348,21.27514462,3.473421863,226.5696448,23.16303552,2.000408842,14.8,35.66260999999999,-1.8878909000000021
605.9,178.259744,21.62056276,3.263624191,228.8953989,23.35449029,2.037585314,14.8,35.835654899999994,-1.7339275300000025
606.0,180.44704,21.9424606,3.010586842,231.2374289,23.55466892,2.124965446,14.8,35.99038890000001,-1.6122083200000006
606.1,182.6654437,22.2352029,2.720596756,233.5976963,23.76609574,2.256994656,14.8,36.1322526,-1.53089284
606.2,184.911476,22.49409361,2.402430439,235.9788322,23.99379112,2.439180319,14.8,36.26735620000001,-1.4996975100000007
606.3000000000001,187.1816578,22.71819354,2.065479968,238.3834673,24.24277544,2.650675054,14.8,36.4018095,-1.5245818999999976
606.4,189.4725101,22.90750268,1.71913742,240.8142326,24.51723231,2.887271618,14.8,36.541722500000006,-1.6097296300000004
606.5,191.7805537,23.06202102,1.371229526,243.2737591,24.81799848,3.140602735,14.8,36.6932054,-1.7559774600000004
606.6,194.1023097,23.18174858,1.023321632,245.7646777,25.14507395,3.402301129,14.8,36.86236799999999,-1.9633253699999997
606.7,196.4342988,23.26668535,0.675413738,248.2896192,25.49845871,3.665394069,14.8,37.055320400000014,-2.231773360000002
606.8000000000001,198.7730421,23.31683133,0.327505843,250.8512147,25.87815276,3.928487009,14.8,37.27817260000002,-2.5613214299999996
606.9,201.1150605,23.33218652,-0.020402051,253.4520951,26.28415611,4.191579949,14.8,37.53703460000001,-2.951969590000001
607.0,203.4568748,23.31275092,-0.368309945,256.0948913,26.71646875,4.454672889,14.8,37.838016499999966,-3.4037178300000015
607.1,205.7950061,23.25852453,-0.713171707,258.7822342,27.17509069,4.717765829,14.8,38.18722810000001,-3.916566160000002
607.2,208.1259751,23.16950735,-1.039756674,261.5167548,27.66002192,4.98085877,14.8,38.5907797,-4.490514569999998
607.3000000000001,210.4463029,23.04569938,-1.329788052,264.301084,28.17126244,5.239878942,14.8,39.0547811,-5.125563060000001
607.4,212.7525104,22.8889283,-1.564989046,267.1378527,28.70881226,5.457301242,14.8,39.58534229999999,-5.8198839599999985
607.5,215.0411185,22.70833251,-1.727082863,270.0296918,29.27267137,5.660172878,14.8,40.188573300000016,-6.564338859999999
607.6,217.308648,22.51487809,-1.797792706,272.9792323,29.86039612,5.772573435,14.8,40.870584299999976,-7.345518030000001
607.7,219.55162,22.3195311,-1.761887915,275.9891051,30.44947144,5.787227581,14.8,41.637485100000006,-8.129940340000001
607.8000000000001,221.7680175,22.13325763,-1.616322356,279.0619411,31.05612565,5.679698715,14.8,42.4939236,-8.92286802
607.9,223.9616721,21.96702376,-1.364142162,282.2003713,31.63480651,5.429622999,14.8,43.43869919999999,-9.66778275
608.0,226.1378776,21.83179556,-1.020577995,285.4050717,32.18114881,5.050088939,14.8,44.467194100000015,-10.349353250000004
608.1,228.3019278,21.7385391,-0.603906651,288.6688985,32.6804906,4.493685488,14.8,45.56697070000003,-10.941951499999998
608.2,230.4591165,21.69639279,-0.132404922,291.9827532,33.11816992,3.832260294,14.8,46.7236367,-11.421777129999999
608.3000000000001,232.6147375,21.7071843,0.375650395,295.337537,33.4795248,3.07308869,14.8,47.92279950000001,-11.772340499999999
608.4,234.7740845,21.77091364,0.901982507,298.7241513,33.75233694,2.240607278,14.8,49.15006680000003,-11.9814233
608.5,236.9424513,21.8875808,1.431360752,302.1334976,33.93416268,1.359252661,14.8,50.39104630000001,-12.046581880000002
608.6,239.1251317,22.05718579,1.960738997,305.5564771,34.02500203,0.453461441,14.8,51.6313454,-11.967816240000005
608.7,241.3274195,22.2797286,2.490117241,308.9839912,34.02485497,-0.456402546,14.8,52.8565717,-11.745126370000001
608.8000000000001,243.5546085,22.55520924,3.019495486,312.4069413,33.93372152,-1.366266533,14.8,54.05233280000003,-11.378512279999999
608.9,245.8119925,22.8836277,3.54887373,315.8162287,33.75160166,-2.27613052,14.8,55.20423620000001,-10.867973959999997
609.0,248.1048651,23.26498399,4.078251975,319.2027548,33.47849541,-3.185994507,14.8,56.29788969999997,-10.21351142
609.1,250.4385203,23.6992781,4.607630219,322.557421,33.11440276,-4.095858494,14.8,57.318900699999986,-9.415124659999996
609.2,252.8182518,24.18651003,5.132369915,325.8711285,32.65932371,-5.005722481,14.8,58.25287669999999,-8.472813680000002
609.3000000000001,255.2493534,24.72667979,5.629278319,329.1347789,32.11325827,-5.910683667,14.8,59.08542550000003,-7.386578480000004
609.4,257.7371189,25.31978737,6.07052414,332.3392734,31.47620642,-6.786228053,14.8,59.80215450000004,-6.15641905
609.5,260.286842,25.96304965,6.428276085,335.4755134,30.74816818,-7.602938836,14.8,60.388671400000035,-4.785118530000002
609.6,262.9038165,26.64255098,6.674702864,338.5344002,29.93208521,-8.331399216,14.8,60.83058369999999,-3.289534230000001
609.7,265.5933363,27.34159258,6.781973183,341.5068353,29.04266593,-8.954665147,14.8,61.113499000000004,-1.701073349999998
609.8000000000001,268.360695,28.04347568,6.726894301,344.3837199,28.09756041,-9.405901561,14.8,61.2230249,-0.05408472999999958
609.9,271.2089601,28.73150151,6.504827669,347.1559555,27.11441874,-9.698012723,14.8,61.146995399999994,1.6170827699999997
610.0,274.1322926,29.38897128,6.120411834,349.8167967,26.10340733,-9.813623079,14.8,60.88450409999997,3.2855639500000002
610.1,277.1226275,29.99918623,5.596839541,352.3689116,25.10462724,-9.757635428,14.8,60.44628409999997,4.89455899
610.2,280.1718994,30.54544758,4.96194208,354.8173217,24.11327758,-9.554563772,14.8,59.84542230000001,6.432170000000003
610.3000000000001,283.2720432,31.01383968,4.243550745,357.1670484,23.15449208,-9.221352155,14.8,59.09500520000002,7.8593475999999995
610.4,286.4149936,31.40157941,3.469496826,359.423113,22.24297915,-8.824835646,14.8,58.2081194,9.15860026
610.5,289.5926853,31.70866676,2.667611615,361.5905371,21.38168047,-8.357012779,14.8,57.19785179999998,10.32698629
610.6,292.7970531,31.93510173,1.861087855,363.674342,20.57059604,-7.85977311,14.8,56.0772889,11.364505689999998
610.7,296.0200318,32.08088433,1.054564096,365.6795492,19.80972585,-7.357630642,14.8,54.85951739999997,12.271158480000004
610.8000000000001,299.2535562,32.14601455,0.248040337,367.61118,19.09906991,-6.855488173,14.8,53.5576238,13.046944639999996
610.9,302.4895609,32.13049239,-0.558483423,369.474256,18.43862822,-6.353345705,14.8,52.18469510000001,13.691864170000002
611.0,305.7199808,32.03431786,-1.365007182,371.2737986,17.82840077,-5.851203237,14.8,50.75381780000005,14.205917090000003
611.1,308.9367507,31.85749096,-2.171530942,373.0148291,17.26838757,-5.349060768,14.8,49.278078399999984,14.589103389999998
611.2,312.1318052,31.60001168,-2.974340647,374.7023689,16.75858862,-4.8469183,14.8,47.77056370000004,14.84142306
611.3000000000001,315.2970792,31.26188002,-3.754866028,376.3414397,16.29900391,-4.3465361,14.8,46.24436050000004,14.96287611
611.4,318.4245074,30.84309598,-4.490822761,377.9370626,15.88963345,-3.856715513,14.8,44.71255520000001,14.953462530000001
611.5,321.5060246,30.34588801,-5.159926521,379.4942592,15.53047724,-3.38801815,14.8,43.1882346,14.81541077
611.6,324.5335655,29.78139825,-5.749248443,381.0180509,15.22047911,-2.951005624,14.8,41.684485399999986,14.56091914
611.7,327.4990649,29.1629973,-6.208437827,382.5134592,14.95435826,-2.556239547,14.8,40.214394299999995,14.208639040000001
611.8000000000001,330.3944576,28.50405576,-6.546990778,383.9855053,14.72577773,-2.214281531,14.8,38.79104769999999,13.77827803
611.9,333.2134611,27.81233095,-6.751837783,385.4392108,14.52840054,-1.933686972,14.8,37.4257497,13.28393041
612.0,335.9569238,27.11803329,-6.826692898,386.8787522,14.35588972,-1.71534901,14.8,36.121828399999984,12.76214357
612.1,338.627477,26.41769354,-6.790126391,388.3049263,14.20190832,-1.560648217,14.8,34.87744929999998,12.215785219999999
612.2,341.227752,25.73029558,-6.655067129,389.7176848,14.06026693,-1.459022981,14.8,33.689932799999966,11.67002865
612.3000000000001,343.76038,25.06698156,-6.471865811,391.1169797,13.92514886,-1.398707959,14.8,32.55659970000001,11.141832699999998
612.4,346.2279921,24.42997993,-6.234740387,392.5027627,13.7893888,-1.370077775,14.8,31.47477060000001,10.640591129999999
612.5,348.6332197,23.81929067,-5.975330638,393.8749858,13.65298675,-1.36361925,14.8,30.441766100000006,10.16630392
612.6,350.9786941,23.2349138,-5.712206835,395.2336008,13.51666495,-1.36713013,14.8,29.45490669999999,9.718248850000002
612.7,353.2670463,22.67684931,-5.449083032,396.5785595,13.37986165,-1.371376622,14.8,28.51151319999998,9.296987660000001
612.8000000000001,355.5009077,22.14509719,-5.18595923,397.9098139,13.24257687,-1.375255308,14.8,27.60890619999999,8.90252032
612.9,357.6829096,21.63965746,-4.922835427,399.2273157,13.10481059,-1.380070229,14.8,26.744406100000003,8.534846869999999
613.0,359.815683,21.16053011,-4.659711624,400.5310167,12.96656282,-1.38488515,14.8,25.91533370000003,8.19396729
613.1,361.9018594,20.70771514,-4.396587821,401.820869,12.82783356,-1.389700071,14.8,25.119009600000037,7.879881580000001
613.2,363.9440699,20.28121254,-4.134739998,403.0968242,12.68862281,-1.394514992,14.8,24.352754300000026,7.5925897299999985
613.3000000000001,365.9449457,19.88102233,-3.880548049,404.3588343,12.54893056,-1.399329913,14.8,23.613888600000006,7.33209177
613.4,367.9071182,19.5071445,-3.641667851,405.6068511,12.40875683,-1.404297746,14.8,22.899732899999957,7.098387669999999
613.5,369.8332184,19.15881346,-3.425755278,406.8408264,12.2681016,-1.410183052,14.8,22.207608000000004,6.8907118600000015
613.6,371.7258778,18.83220128,-3.23567706,408.0607121,12.12696487,-1.417903305,14.8,21.53483430000001,6.7052364099999995
613.7,373.5877274,18.52271443,-3.093456509,409.2664601,11.98525491,-1.428375979,14.8,20.87873270000001,6.5374595200000005
613.8000000000001,375.4213986,18.22575938,-2.991106084,410.4580222,11.84251298,-1.442518546,14.8,20.23662360000004,6.383246399999999
613.9,377.2289102,17.9396161,-2.93469091,411.6353503,11.69818858,-1.461248479,14.8,19.606440100000054,6.2414275199999985
614.0,379.0098309,17.6510706,-2.922935007,412.7983961,11.55173124,-1.485330341,14.8,18.988565199999993,6.09933936
614.1,380.7631173,17.36414981,-2.94945848,413.9470382,11.40259047,-1.514917043,14.8,18.38392090000003,5.961559340000001
614.2,382.4877257,17.07138673,-3.011394599,415.0808614,11.25021579,-1.549855674,14.8,17.793135700000004,5.82117094
614.3000000000001,384.1826125,16.76895342,-3.086720052,416.1993773,11.09405671,-1.589381671,14.8,17.216764799999975,5.674896709999999
614.4000000000001,385.8467343,16.45608429,-3.182146402,417.3020971,10.93356275,-1.632577561,14.8,16.655362800000045,5.52252154
614.5,387.4790473,16.13277934,-3.285228626,418.3885325,10.76827518,-1.678525872,14.8,16.109485200000005,5.364504159999999
614.6,389.078508,15.79903856,-3.389586829,419.4581948,10.59810224,-1.72630913,14.8,15.579686800000001,5.20093632
614.7,390.6440729,15.45486197,-3.493945033,420.5105956,10.42304393,-1.77500986,14.8,15.066522699999961,5.031818039999999
614.8000000000001,392.1746983,15.10024956,-3.598303236,421.5452463,10.24310026,-1.823863504,14.8,14.570547999999985,4.8571493
614.9000000000001,393.6693407,14.73520132,-3.70266144,422.5616584,10.05827123,-1.872717147,14.8,14.092317699999978,4.676930089999999
615.0,395.1269565,14.35971727,-3.807019643,423.5593432,9.868556835,-1.92157079,14.8,13.632386699999994,4.491160435000001
615.1,396.5465021,13.9737974,-3.911377847,424.5378124,9.673957074,-1.970424433,14.8,13.191310300000008,4.299840326
615.2,397.9269339,13.5774417,-4.015037229,425.4965773,9.474471948,-2.019278076,14.8,12.769643400000017,4.102969752
615.3000000000001,399.2672083,13.17065019,-4.114503686,426.4351495,9.270101458,-2.068131719,14.8,12.367941200000029,3.9005487320000007
615.4000000000001,400.5662818,12.75342285,-4.20558429,427.3530403,9.060845604,-2.116769891,14.8,11.986758499999961,3.692577245999999
615.5,401.8231108,12.32617899,-4.284086115,428.2497613,8.846704386,-2.164115238,14.8,11.626650499999993,3.479474604
615.6,403.0366517,11.89101506,-4.345816237,429.1248239,8.627677803,-2.208874935,14.8,11.28817220000003,3.2633372570000017
615.7,404.2058609,11.45044682,-4.386581727,429.9777395,8.403895139,-2.249756155,14.8,10.971878599999979,3.0465516810000004
615.8000000000001,405.3296948,11.00699003,-4.402888482,430.8080197,8.176002805,-2.285466074,14.8,10.67832489999996,2.830987225000001
615.9000000000001,406.4074453,10.56316044,-4.39403768,431.6151759,7.944776498,-2.315842444,14.8,10.40773059999999,2.6183839420000004
616.0,407.4397459,10.12147381,-4.360728142,432.3987196,7.710991911,-2.336416178,14.8,10.1589737,2.4104818989999997
616.1,408.4275658,9.684445897,-4.306453974,433.1582656,7.475424741,-2.350363538,14.8,9.930699799999967,2.2090211559999995
616.2,409.3718739,9.25459245,-4.235408101,433.8938425,7.238172337,-2.356769417,14.8,9.721968599999979,2.0164201130000006
616.3000000000001,410.2736392,8.834009936,-4.15178345,434.6055825,7.002045432,-2.356711169,14.8,9.531943300000034,1.8319645039999992
616.4000000000001,411.1338307,8.423117647,-4.059772947,435.2936174,6.765784682,-2.35148162,14.8,9.35978670000004,1.6573329650000002
616.5,411.9534176,8.021915583,-3.963569517,435.9580793,6.530714847,-2.341243018,14.8,9.204661699999985,1.4912007360000006
616.6,412.7333687,7.630403743,-3.866667267,436.5991003,6.29696521,-2.330679919,14.8,9.065731599999946,1.3334385329999998
616.7,413.4746532,7.248582129,-3.769765016,437.2168123,6.064535769,-2.317693419,14.8,8.942159100000037,1.18404636
616.8000000000001,414.1782401,6.87645074,-3.672862766,437.8113473,5.833426526,-2.304491447,14.8,8.83310720000004,1.043024214
616.9000000000001,414.8450983,6.514009576,-3.575960515,438.3828375,5.60363748,-2.291289475,14.8,8.737739199999975,0.9103720960000006
617.0,415.4761969,6.161258637,-3.479058265,438.9314147,5.375168631,-2.278087503,14.8,8.655217800000013,0.7860900060000002
617.1,416.0725049,5.818197923,-3.382156014,439.4572111,5.148019979,-2.264885531,14.8,8.584706199999982,0.6701779439999997
617.2,416.6349913,5.484827434,-3.285213313,439.9603586,4.922191525,-2.25168356,14.8,8.525367299999981,0.5626359089999999
617.3000000000001,417.1646253,5.16114717,-3.18802791,440.4409893,4.697683267,-2.238481588,14.8,8.476364,0.4634639029999992
617.4000000000001,417.6623757,4.847157132,-3.090357103,440.8992352,4.474495207,-2.22498376,14.8,8.436859500000036,0.37266192500000006
617.5,418.1292116,4.542881588,-2.991958189,441.3352282,4.252627344,-2.209710793,14.8,8.406016599999997,0.2902542439999998
617.6,418.566102,4.248441891,-2.892588467,441.7491005,4.032079678,-2.190887548,14.8,8.382998499999996,0.21636221300000003
617.7,418.974016,3.963983662,-2.792005233,442.1409841,3.813029724,-2.166738887,14.8,8.366968100000019,0.1509539379999998
617.8000000000001,419.3539226,3.689652521,-2.690006238,442.5110109,3.596365049,-2.135489671,14.8,8.357088299999997,0.0932874720000001
617.9000000000001,419.7068102,3.425594091,-2.586551029,442.859313,3.383150739,-2.09536476,14.8,8.352502799999979,0.04244335199999982
618.0,420.0337448,3.171953992,-2.481680058,443.1860224,3.174451875,-2.044884874,14.8,8.35227759999999,-0.0024978829999997565
618.1,420.3358122,2.928877846,-2.375595576,443.4914131,2.971333542,-1.983754154,14.8,8.355600899999967,-0.04245569600000021
618.2,420.6140977,2.696511274,-2.268540286,443.7763272,2.774860822,-1.912268458,14.8,8.362229500000023,-0.07834954799999982
618.3000000000001,420.8696868,2.474975627,-2.160756889,444.0417488,2.586098799,-1.831907069,14.8,8.372061999999982,-0.1111231720000001
618.4000000000001,421.1036652,2.264295175,-2.052488087,444.288662,2.406112557,-1.744445124,14.8,8.384996799999964,-0.14181738200000016
618.5,421.3171183,2.064469919,-1.943976584,444.5180509,2.235789664,-1.651657762,14.8,8.400932599999987,-0.1713197449999999
618.6,421.5111316,1.875499858,-1.83542463,444.7308995,2.075307634,-1.555320123,14.8,8.419767900000021,-0.1998077760000001
618.7,421.6867907,1.697384993,-1.726872677,444.928192,1.924666468,-1.457207345,14.8,8.441401300000006,-0.22728147500000007
618.8000000000001,421.845181,1.530125323,-1.618320723,445.1109124,1.783866165,-1.358798711,14.8,8.465731399999992,-0.253740842
618.9000000000001,421.9873881,1.373720849,-1.509768769,445.2800448,1.652906725,-1.260390077,14.8,8.492656700000008,-0.2791858760000001
619.0,422.1144976,1.228171569,-1.401216815,445.4365733,1.53178815,-1.161981442,14.8,8.522075700000027,-0.303616581
619.1,422.2275948,1.093477486,-1.292664862,445.581482,1.420510437,-1.063572808,14.8,8.553887199999973,-0.32703295099999985
619.2,422.3277655,0.969638597,-1.184112908,445.715755,1.319073588,-0.965164174,14.8,8.587989500000003,-0.349434991
619.3000000000001,422.416095,0.856654904,-1.075870272,445.8403763,1.227477602,-0.866755539,14.8,8.624281300000018,-0.370822698
619.4000000000001,422.4936688,0.754526406,-0.96948354,445.9563301,1.14572248,-0.768592283,14.8,8.662661299999979,-0.3911960740000001
619.5,422.5615726,0.663253104,-0.866808617,446.0646004,1.073808221,-0.671901291,14.8,8.70302780000004,-0.4105551169999999
619.6,422.6208919,0.582649406,-0.769701408,446.1661713,1.011734826,-0.57815483,14.8,8.74527939999997,-0.42908542000000005
619.7,422.672712,0.511787362,-0.680017817,446.2620269,0.959355067,-0.488825164,14.8,8.789314900000033,-0.447567705
619.8000000000001,422.7181187,0.449553427,-0.599613748,446.3531513,0.915932813,-0.40538456,14.8,8.835032599999987,-0.46637938599999995
619.9000000000001,422.7581973,0.394834059,-0.53003579,446.4405286,0.880584704,-0.329305281,14.8,8.882331299999986,-0.485750645
620.0,422.793885,0.346515716,-0.471593258,446.5251428,0.852427381,-0.261814215,14.8,8.931257800000036,-0.5059116650000001
620.1,422.8255248,0.303484855,-0.423976837,446.6078603,0.830577485,-0.203156741,14.8,8.982335500000044,-0.52709263
620.2,422.8533116,0.264627933,-0.385639937,446.6890763,0.814151657,-0.153087481,14.8,9.035764700000026,-0.549523724
620.3000000000001,422.8774399,0.228831407,-0.354726656,446.7690681,0.802266538,-0.110379547,14.8,9.091628200000013,-0.5734351310000001
620.4000000000001,422.8981044,0.195167325,-0.329381089,446.8481132,0.794038768,-0.073560673,14.8,9.150008799999977,-0.598871443
620.5,422.9154999,0.163450097,-0.307438013,446.9264889,0.788732216,-0.041158595,14.8,9.210988999999994,-0.625282119
620.6,422.929821,0.133679722,-0.283951208,447.0044726,0.786199653,-0.011701047,14.8,9.27465159999998,-0.652519931
620.7,422.9412624,0.105856201,-0.257530437,447.0823418,0.786441082,0.016284235,14.8,9.341079399999966,-0.6805848809999999
620.8000000000001,422.9500188,0.080115276,-0.228355057,447.1603738,0.7894565,0.04402414,14.8,9.410354999999992,-0.709341224
620.9000000000001,422.9562849,0.058460682,-0.196830664,447.2388461,0.79524591,0.071764045,14.8,9.482561199999974,-0.736785228
621.0,422.9602554,0.040649063,-0.162731985,447.318036,0.803809309,0.09950395,14.8,9.557780600000012,-0.763160246
621.1,422.9621248,0.026437063,-0.128583451,447.398221,0.8151467,0.127243855,14.8,9.636096199999951,-0.788709637
621.2,422.9621967,0.015581324,-0.096237617,447.4796784,0.82925808,0.15498376,14.8,9.717481700000018,-0.813676756
621.3000000000001,422.9622685,0.00783849,-0.066551585,447.5626856,0.846143452,0.182723665,14.8,9.800417100000015,-0.8383049619999999
621.4000000000001,422.9623403,0.002965205,-0.042864918,447.6475201,0.865802813,0.21046357,14.8,9.885179800000014,-0.862837608
621.5,422.9624121,0.000718112,-0.02477202,447.7344592,0.888236166,0.238391182,14.8,9.972047100000008,-0.887518054
621.6,422.9624839,0.000718112,-0.011867298,447.8237803,0.913443508,0.267445041,14.8,10.061296400000014,-0.9127253959999999
621.7,422.9625557,0.000718112,-0.003745156,447.9157609,0.941424841,0.29875139,14.8,10.153205200000013,-0.940706729
621.8000000000001,422.9626275,0.000718112,-2.42e-12,448.0106783,0.97229279,0.333436478,14.8,10.248050799999998,-0.971574678
621.9000000000001,422.9626993,0.000718112,-1.14e-12,448.1088099,1.006610476,0.372626548,14.8,10.346110599999985,-1.0058923640000001
622.0,422.9627712,0.000718112,-5.21e-13,448.2104332,1.045053648,0.417447847,14.8,10.44766199999999,-1.044335536
622.1,422.962843,0.000718112,-2.68e-13,448.3158255,1.088298052,0.468838914,14.8,10.552982499999995,-1.0875799400000001
622.2,422.9629148,0.000718112,-4.03e-13,448.4253543,1.137019437,0.526987455,14.8,10.662439499999959,-1.136301325
622.3000000000001,422.9629866,0.000718112,-4.03e-13,448.5397476,1.19189355,0.591705763,14.8,10.776760999999976,-1.1911754380000001
622.4000000000001,422.9630584,0.000718112,-4.97e-13,448.6598232,1.253596138,0.6620553,14.8,10.896764799999982,-1.252878026
622.5,422.9631302,0.000718112,-3.73e-13,448.7863993,1.322802949,0.73690982,14.8,11.023269100000004,-1.322084837
622.6,422.963202,0.000718112,-3.02e-13,448.9202938,1.400077105,0.815143078,14.8,11.1570918,-1.399358993
622.7,422.9632738,0.000718112,0.0,449.0623248,1.485531232,0.895628827,14.8,11.299050999999974,-1.48481312
622.8000000000001,422.9633456,0.000718112,2.01e-13,449.2133101,1.579165329,0.977240822,14.8,11.449964499999975,-1.5784472170000001
622.9000000000001,422.9634175,0.000718112,6.71e-13,449.3740678,1.680979397,1.059040524,14.8,11.610650299999985,-1.680261285
623.0,422.9634893,0.000718112,1.6e-12,449.545416,1.790973434,1.140840227,14.8,11.781926699999996,-1.7902553220000001
623.1,422.9635611,0.000718112,3.02e-12,449.7281725,1.909147442,1.22263993,14.8,11.964611400000035,-1.9084293300000001
623.2,422.9636329,0.000718112,0.057728246,449.9231555,2.03550142,1.304439632,14.8,12.159522600000013,-2.034783308
623.3000000000001,422.9637047,0.000718112,0.124469615,450.1311828,2.170035368,1.386239335,14.8,12.367478099999982,-2.1693172560000002
623.4000000000001,422.9637765,0.000718112,0.202590951,450.3530726,2.312749287,1.468039037,14.8,12.589296100000023,-2.312031175
623.5,422.9638483,0.03535506,0.319620554,450.5896427,2.463643176,1.549931013,14.8,12.825794400000017,-2.428288116
623.6,422.9639201,0.07539988,0.430014348,450.8417112,2.622717035,1.632376627,14.8,13.077791100000024,-2.547317155
623.7,422.9639919,0.122272682,0.519347615,451.1100961,2.789970864,1.715929518,14.8,13.346104200000024,-2.6676981819999996
623.8000000000001,422.9640638,0.177621434,0.63846526,451.3956154,2.965460028,1.801143323,14.8,13.631551599999977,-2.7878385939999997
623.9000000000001,422.9918451,0.256414555,0.726817399,451.6990871,3.149461345,1.888571683,14.8,13.907242000000007,-2.89304679
624.0,423.0239528,0.34472959,0.798908243,452.0213291,3.342306998,1.978768234,14.8,14.197376299999984,-2.997577408
624.1,423.0615228,0.416196203,0.870998771,452.3631595,3.54432917,2.072194343,14.8,14.501636700000017,-3.128132967
624.2,423.1058737,0.51149032,0.941751104,452.7254406,3.755860045,2.168942281,14.8,14.819566899999995,-3.244369725
624.3000000000001,423.1583236,0.604546424,1.007669877,453.1092118,3.977231805,2.268919777,14.8,15.150888200000008,-3.372685381
624.4000000000001,423.2201911,0.705313412,1.117534499,453.5155568,4.208776633,2.371665465,14.8,15.49536569999999,-3.5034632210000005
624.5,423.2927944,0.819264154,1.214547648,453.9455595,4.450826713,2.476625706,14.8,15.85276510000001,-3.631562559
624.6,423.377452,0.946398651,1.337263743,454.4003035,4.703658864,2.583246863,14.8,16.2228515,-3.7572602130000003
624.7,423.4754823,1.086716903,1.469101289,454.8808725,4.967328449,2.690975296,14.8,16.6053902,-3.880611546
624.8000000000001,423.5882035,1.240218909,1.600938835,455.3883504,5.241835469,2.799257368,14.8,17.000146899999958,-4.0016165599999995
624.9000000000001,423.7169342,1.40690467,1.732776382,455.9238209,5.527179923,2.907631712,14.8,17.406886699999983,-4.120275253
625.0,423.8629926,1.586774185,1.864613928,456.4883677,5.823361811,3.016006057,14.8,17.82537510000004,-4.236587626
625.1,424.0276971,1.779827455,1.996451474,457.0830745,6.130381134,3.124380402,14.8,18.255377399999997,-4.350553679000001
625.2,424.2123662,1.98606448,2.12828902,457.7090252,6.448237891,3.232754746,14.8,18.696658999999965,-4.462173411
625.3000000000001,424.4183181,2.205485259,2.259951051,458.3673034,6.776932083,3.341129091,14.8,19.148985300000003,-4.571446824000001
625.4000000000001,424.6468714,2.438089793,2.390559991,459.0589929,7.11646371,3.449503436,14.8,19.61212150000001,-4.678373917
625.5,424.8993442,2.683878082,2.519062749,459.7851774,7.46683277,3.557341741,14.8,20.085833200000035,-4.782954688
625.6,425.1770551,2.942744816,2.644406232,460.5469407,7.828039266,3.661963811,14.8,20.569885599999974,-4.88529445
625.7,425.4813224,3.21416345,2.765537351,461.3453666,8.200083195,3.760153409,14.8,21.064044199999966,-4.9859197449999995
625.8000000000001,425.8134644,3.497502129,2.881403014,462.1815387,8.582642936,3.848694301,14.8,21.56807429999999,-5.085140806999999
625.9000000000001,426.1747996,3.792128999,2.991125645,463.0565408,8.97411037,3.926304257,14.8,22.08174120000002,-5.181981371
626.0,426.566562,4.097412204,3.094529728,463.9714566,9.372555755,3.983965021,14.8,22.604894600000033,-5.275143551
626.1,426.9896489,4.41271989,3.191790779,464.92737,9.776049351,4.024798418,14.8,23.137721099999975,-5.363329460999999
626.2,427.4448731,4.737420203,3.283786374,465.9251073,10.18382182,4.046334401,14.8,23.680234199999983,-5.446401617
626.3000000000001,427.9330474,5.070881287,3.371569604,466.9644657,10.59046221,4.049109009,14.8,24.231418299999984,-5.519580923
626.4000000000001,428.4549849,5.412576597,3.456193561,468.0449853,10.99752199,4.035802439,14.8,24.790000400000007,-5.584945392999999
626.5,429.0114983,5.762400823,3.538711335,469.166206,11.40191101,4.00769692,14.8,25.35470769999996,-5.639510186999999
626.6,429.6034006,6.120353967,3.620176017,470.3276678,11.80202116,3.973810708,14.8,25.924267199999985,-5.681667193000001
626.7,430.2315046,6.486436027,3.701465185,471.5289105,12.19753081,3.931558017,14.8,26.4974059,-5.711094783
626.8000000000001,430.8966233,6.860647004,3.782754353,472.7694742,12.58843997,3.886089091,14.8,27.072850900000002,-5.727792966
626.9000000000001,431.5995696,7.242986897,3.86404352,474.0488988,12.97474863,3.840084126,14.8,27.64932920000002,-5.731761733000001
627.0,432.3411562,7.633455708,3.945332688,475.3667242,13.3564568,3.794079161,14.8,28.22556800000002,-5.7230010920000005
627.1,433.1221962,8.032053435,4.026621855,476.7224904,13.73356446,3.748074195,14.8,28.800294200000007,-5.701511025
627.2,433.9435025,8.438780079,4.107911023,478.1157373,14.10607164,3.70206923,14.8,29.372234799999955,-5.667291560999999
627.3000000000001,434.8058878,8.85363564,4.188607566,479.546005,14.47397831,3.656064265,14.8,29.940117199999985,-5.620342669999999
627.4000000000001,435.7101651,9.276620117,4.26574836,481.0128332,14.83728449,3.6100593,14.8,30.502668100000005,-5.560664373
627.5,436.6571474,9.707733511,4.335777656,482.5157621,15.19599017,3.564054334,14.8,31.05861470000003,-5.488256658999999
627.6,437.6476474,10.14662025,4.395139706,484.0543315,15.55009536,3.51776509,14.8,31.606684100000006,-5.4034751100000005
627.7,438.6824781,10.59150245,4.44027876,485.6280814,15.89960004,3.469770168,14.8,32.14560329999996,-5.308097589999999
627.8000000000001,439.7624523,11.04024667,4.46763907,487.2365518,16.24450424,3.418363892,14.8,32.67409949999997,-5.204257570000001
627.9000000000001,440.8883831,11.49071946,4.474257511,488.8792825,16.58463736,3.361840586,14.8,33.19089939999999,-5.093917899999999
628.0,442.0607987,11.94078737,4.45954146,490.5558136,16.91914659,3.298494573,14.8,33.695014900000004,-4.97835922
628.1,443.2790898,12.38831695,4.42408354,492.265685,17.24700851,3.226620175,14.8,34.18659520000001,-4.8586915600000005
628.2,444.5423625,12.83117475,4.370846875,494.0084366,17.56719971,3.144795995,14.8,34.66607409999996,-4.73602496
628.3000000000001,445.8497229,13.26722733,4.303387216,495.783472,17.87869679,3.052737754,14.8,35.1337491,-4.611469459999999
628.4000000000001,447.2002773,13.6946968,4.22526031,497.5896488,18.18047634,2.950729731,14.8,35.58937150000004,-4.485779539999999
628.5,448.5931316,14.11322759,4.140021906,499.4256882,18.47151496,2.840193324,14.8,36.032556600000035,-4.358287370000001
628.6,450.0273921,14.5228197,4.051227753,501.2903115,18.75078924,2.722834209,14.8,36.46291939999999,-4.22796954
628.7,451.5021649,14.92347314,3.961840975,503.1822399,19.01744634,2.600358064,14.8,36.88007499999999,-4.093973199999999
628.8000000000001,453.0165561,15.3151879,3.872454197,505.1001947,19.2713157,2.474470564,14.8,37.283638599999975,-3.956127799999999
628.9000000000001,454.5696718,15.69796398,3.78306742,507.042897,19.51239731,2.346877388,14.8,37.673225200000005,-3.81443333
629.0,456.1606182,16.07180138,3.693680642,509.009068,19.74069118,2.218999933,14.8,38.04844980000003,-3.6688897999999988
629.1,457.7885014,16.43670011,3.604293865,510.9974291,19.9561973,2.091122477,14.8,38.40892770000001,-3.519497189999999
629.2,459.4524276,16.79266015,3.514907087,513.0067013,20.15891568,1.963245022,14.8,38.75427370000001,-3.36625553
629.3000000000001,461.1515028,17.13968152,3.425520309,515.0356061,20.3488463,1.835367566,14.8,39.084103299999995,-3.209164780000002
629.4000000000001,462.8848332,17.47776422,3.335922401,517.0828645,20.52598919,1.707490111,14.8,39.39803130000003,-3.0482249699999997
629.5,464.651525,17.80690823,3.245057708,519.1471978,20.69034433,1.579612655,14.8,39.69567279999997,-2.8834360999999973
629.6,466.4506842,18.12711357,3.151659447,521.2273272,20.84191172,1.451933654,14.8,39.97664299999998,-2.71479815
629.7,468.2814171,18.43825355,3.054460834,523.321974,20.98069137,1.325445376,14.8,40.24055689999996,-2.54243782
629.8000000000001,470.1428296,18.73969478,2.952195084,525.4298594,21.10668327,1.201338548,14.8,40.48702980000003,-2.3669884900000007
629.9000000000001,472.034028,19.03067719,2.843595412,527.5497045,21.2200065,1.080803892,14.8,40.71567649999999,-2.1893293100000015
630.0,473.9541185,19.31044072,2.727606166,529.6802307,21.32125641,0.965032133,14.8,40.92611220000005,-2.010815690000001
630.1,475.9021057,19.57822528,2.604016215,531.8201592,21.41114746,0.855213996,14.8,41.118053500000045,-1.832922179999997
630.2,477.8765891,19.83327081,2.47303669,533.9682111,21.49039405,0.75234175,14.8,41.291621999999975,-1.6571232400000007
630.3000000000001,479.8760668,20.07481725,2.335723243,536.123203,21.55971065,0.65661385,14.8,41.4471362,-1.4848934000000007
630.4000000000001,481.8990368,20.30210451,2.19334266,538.2843324,21.61981167,0.567831841,14.8,41.585295600000066,-1.3177071600000012
630.5,483.9439973,20.51449921,2.047161724,540.450892,21.67141155,0.485003454,14.8,41.70689469999998,-1.156912339999998
630.6,486.0094463,20.71187466,1.898447219,542.6221746,21.71522472,0.406937964,14.8,41.81272830000002,-1.003350059999999
630.7,488.0938818,20.89423088,1.74846593,544.797473,21.75184656,0.332444646,14.8,41.90359119999995,-0.8576156800000021
630.8000000000001,490.1958021,21.06156785,1.598273511,546.9760801,21.78139613,0.260332777,14.8,41.98027800000001,-0.7198282800000015
630.9000000000001,492.313705,21.21388558,1.448081092,549.1572884,21.80387342,0.189411633,14.8,42.043583399999946,-0.5899878399999992
631.0,494.4460888,21.35118407,1.297888672,551.3403909,21.81927845,0.118688942,14.8,42.09430210000001,-0.46809438000000014
631.1,496.5914515,21.47346331,1.147696253,553.5246802,21.82761121,0.047966252,14.8,42.13322870000003,-0.35414790000000096
631.2,498.7482911,21.58072332,0.997503834,555.7094493,21.8288717,-0.022756439,14.8,42.161158199999946,-0.24814837999999995
631.3000000000001,500.9151057,21.67296408,0.847311414,557.8939907,21.82305993,-0.093479129,14.8,42.178884999999994,-0.1500958499999996
631.4000000000001,503.0903935,21.7501856,0.697423053,560.0775974,21.81017588,-0.164201819,14.8,42.18720389999994,-0.05999028000000095
631.5,505.2726525,21.81238788,0.549359036,562.259562,21.79021956,-0.23492451,14.8,42.18690949999997,0.022168319999998687
631.6,507.4603807,21.85957092,0.404943709,564.4391774,21.76319098,-0.305534391,14.8,42.17879669999998,0.0963799399999985
631.7,509.6520763,21.89191714,0.266001417,566.6157363,21.72909012,-0.375467418,14.8,42.16366000000001,0.1628270200000017
631.8000000000001,511.8462373,21.91033874,0.134356505,568.7885316,21.687917,-0.444046734,14.8,42.142294300000074,0.22242174000000148
631.9000000000001,514.0413618,21.91593031,0.011833319,570.9568559,21.63973929,-0.510595485,14.8,42.11549410000005,0.27619101999999884
632.0,516.2359478,21.90978645,-0.100047856,573.120002,21.58489543,-0.574436816,14.8,42.08405420000004,0.32489101999999903
632.1,518.4286395,21.89300178,-0.20098296,575.2772628,21.52379152,-0.634893871,14.8,42.04862329999999,0.3692102599999991
632.2,520.6186645,21.86667091,-0.291276051,577.427931,21.45683369,-0.691402606,14.8,42.009266499999924,0.40983722
632.3000000000001,522.8053967,21.83188843,-0.372447418,579.5713535,21.38442803,-0.74385021,14.8,41.96595680000003,0.44746040000000065
632.4000000000001,524.9882099,21.78974896,-0.446321405,581.7070938,21.30698068,-0.792349493,14.8,41.91888390000004,0.48276828000000194
632.5,527.1664777,21.74116467,-0.514722356,583.8347696,21.22489773,-0.837464501,14.8,41.86829189999999,0.5162669400000013
632.6,529.339574,21.686318,-0.579474618,585.9539985,21.1385853,-0.879872089,14.8,41.814424500000044,0.547732700000001
632.7,531.5068725,21.62520894,-0.642402535,588.0643983,21.04838183,-0.920249111,14.8,41.75752580000001,0.57682711
632.8000000000001,533.667747,21.55783749,-0.705026394,590.1655866,20.95435498,-0.959272424,14.8,41.69783960000002,0.6034825099999992
632.9000000000001,535.8215712,21.48420366,-0.767650253,592.257181,20.85650478,-0.997618881,14.8,41.635609799999955,0.627698879999997
633.0,537.9677189,21.40430744,-0.830274112,594.3387992,20.75483121,-1.03585253,14.8,41.57108030000002,0.6494762300000012
633.1,540.1055639,21.31814884,-0.892897971,596.4100589,20.64933427,-1.074086178,14.8,41.50449499999998,0.6688145699999986
633.2,542.2344799,21.22572785,-0.95552183,598.4705777,20.54001397,-1.112319826,14.8,41.43609780000004,0.685713879999998
633.3000000000001,544.3538406,21.12704447,-1.018145689,600.5199734,20.42687031,-1.150553475,14.8,41.36613280000002,0.7001741599999995
633.4000000000001,546.46302,21.02209871,-1.080256215,602.5578635,20.30990328,-1.188787123,14.8,41.29484350000003,0.7121954300000013
633.5,548.5613916,20.91089056,-1.139286741,604.5838657,20.18911288,-1.227020771,14.8,41.22247410000007,0.7217776799999989
633.6,550.6483293,20.79342003,-1.192157265,606.5975978,20.06449912,-1.263228498,14.8,41.14926850000002,0.7289209099999994
633.7,552.7232068,20.66999511,-1.235787789,608.5986772,19.936062,-1.290743518,14.8,41.07547040000004,0.7339331099999988
633.8000000000001,554.7853979,20.5421558,-1.267098311,610.5867218,19.80380151,-1.314351096,14.8,41.001323899999946,0.7383542900000002
633.9000000000001,556.8342763,20.41175011,-1.283008832,612.5613492,19.66893321,-1.315076858,14.8,40.92707289999994,0.7428169000000011
634.0,558.8692159,20.28062604,-1.280952684,614.522177,19.53545717,-1.29147318,14.8,40.85296110000009,0.7451688700000005
634.1,560.8898367,20.15063158,-1.260416535,616.468823,19.40050223,-1.237457703,14.8,40.7789863,0.7501293499999981
634.2,562.8967446,20.02361473,-1.221913716,618.4009047,19.27545301,-1.148973987,14.8,40.704160099999925,0.7481617199999988
634.3000000000001,564.8907917,19.9014235,-1.168010896,620.3185264,19.16117809,-1.026606459,14.8,40.627734699999976,0.74024541
634.4000000000001,566.8728301,19.78590588,-1.101788075,622.2237388,19.06132689,-0.860501219,14.8,40.550908699999994,0.7245789900000013
634.5,568.843712,19.67860188,-1.026325252,624.119079,18.97954882,-0.668618916,14.8,40.47536700000008,0.6990530599999971
634.6,570.8042897,19.5798195,-0.944702429,626.0070842,18.91949329,-0.452407174,14.8,40.402794499999985,0.6603262100000009
634.7,572.7554151,19.48955873,-0.859999606,627.8902917,18.88420149,-0.217948351,14.8,40.33487659999999,0.60535724
634.8000000000001,574.6979406,19.40781958,-0.774783449,629.7712386,18.87428166,0.028675191,14.8,40.27329799999991,0.5335379200000006
634.9000000000001,576.6327182,19.33460204,-0.689567293,631.652462,18.88973379,0.281381093,14.8,40.21974380000002,0.44486824999999897
635.0,578.5606002,19.26990612,-0.604351136,633.5364993,18.93055788,0.535100722,14.8,40.175899099999995,0.3393482400000032
635.1,580.4824386,19.21373181,-0.519134979,635.4258876,18.99675393,0.788820351,14.8,40.14344899999999,0.21697787999999818
635.2,582.3990857,19.16607912,-0.433918822,637.3231641,19.08832195,1.04253998,14.8,40.12407839999999,0.07775716999999815
635.3000000000001,584.3113937,19.12694805,-0.348702666,639.230866,19.20526193,1.296259609,14.8,40.11947229999994,-0.07831387999999961
635.4000000000001,586.2202146,19.09633859,-0.264128636,641.1515305,19.34757387,1.549979238,14.8,40.131315900000075,-0.25123528000000306
635.5,588.1264006,19.07425075,-0.183407373,643.0876948,19.51525777,1.803698867,14.8,40.1612942,-0.4410070200000007
635.6,590.0308039,19.06068452,-0.11039164,645.0418961,19.70831364,2.057418496,14.8,40.21109220000001,-0.6476291200000013
635.7,591.9342767,19.05525463,-0.048934203,647.0166716,19.92674147,2.308678963,14.8,40.28239489999994,-0.8714868399999993
635.8000000000001,593.8376711,19.0560347,-0.002887828,649.0145584,20.17054127,2.54518446,14.8,40.37688730000009,-1.1145065699999996
635.9000000000001,595.7418392,19.06071306,0.023894719,651.0380939,20.43971302,2.747622898,14.8,40.49625470000008,-1.378999959999998
636.0,597.6476334,19.06697807,0.028202802,653.0898151,20.73278125,2.914910665,14.8,40.642181699999995,-1.6658031799999975
636.1,599.5555974,19.07251805,0.009394292,655.1722592,21.04236845,3.018621432,14.8,40.81666179999998,-1.969850400000002
636.2,601.4650423,19.07502135,-0.031888683,657.2879636,21.35688738,3.048557349,14.8,41.022921299999965,-2.2818660299999998
636.3000000000001,603.374971,19.07217631,-0.092435485,659.4394653,21.67568787,2.992422608,14.8,41.264494300000095,-2.603511560000001
636.4000000000001,605.2843863,19.06167127,-0.168393349,661.6281211,21.98171413,2.847758048,14.8,41.543734799999996,-2.920042859999999
636.5,607.1922911,19.04157986,-0.255909509,663.8505663,22.26884743,2.621579948,14.8,41.85827519999994,-3.227267570000002
636.6,609.0976881,19.01151678,-0.351131201,666.1022558,22.52823481,2.31251276,14.8,42.20456769999994,-3.51671803
636.7,610.9995803,18.97148204,-0.450205657,668.3786442,22.75102328,1.948982811,14.8,42.57906390000001,-3.779541239999997
636.8000000000001,612.8969704,18.92147565,-0.549922241,670.6751864,22.92983535,1.541187952,14.8,42.978216000000046,-4.0083597
636.9000000000001,614.7888613,18.86149759,-0.649638825,672.9873372,23.06319553,1.103883153,14.8,43.39847589999995,-4.2016979400000025
637.0,616.6742557,18.79154788,-0.749355409,675.3105514,23.15110381,0.651823384,14.8,43.83629570000001,-4.359555929999999
637.1,618.5521567,18.71162651,-0.849071993,677.6402839,23.1935602,0.197304453,14.8,44.288127200000034,-4.481933690000002
637.2,620.4215669,18.62173348,-0.948788578,679.9719894,23.1905647,-0.257214477,14.8,44.75042249999997,-4.56883122
637.3000000000001,622.2814892,18.52186879,-1.048505162,682.3011228,23.14211731,-0.711733408,14.8,45.21963360000002,-4.6202485200000005
637.4000000000001,624.1309265,18.41203245,-1.148221746,684.6231388,23.04821802,-1.166252338,14.8,45.69221230000001,-4.6361855699999985
637.5,625.9688815,18.29222445,-1.24614823,686.9334923,22.90886684,-1.620771269,14.8,46.16461080000006,-4.616642390000003
637.6,627.7943572,18.16244478,-1.325878779,689.2276381,22.72406377,-2.0752902,14.8,46.6332809,-4.5616189899999995
637.7,629.6063563,18.02269346,-1.399038808,691.501031,22.4938088,-2.527018401,14.8,47.0946747,-4.471115340000001
637.8000000000001,631.4038817,17.87404454,-1.432521705,693.7491258,22.21810194,-2.962002225,14.8,47.54524409999995,-4.3440574000000005
637.9000000000001,633.1859362,17.72634153,-1.423042211,695.9673774,21.89694319,-3.363497294,14.8,47.98144120000002,-4.170601659999999
638.0,634.9515227,17.57260916,-1.359859728,698.1512404,21.53200698,-3.714759232,14.8,48.399717699999954,-3.9593978199999995
638.1,636.699644,17.43271142,-1.234023757,700.2961698,21.13166551,-3.999043662,14.8,48.7965258,-3.698954090000001
638.2,638.4301621,17.30861946,-1.051199538,702.3976204,20.70596539,-4.199606206,14.8,49.16745830000009,-3.39734593
638.3000000000001,640.1463762,17.20677763,-0.790811155,704.4510469,20.26495326,-4.302493217,14.8,49.50467070000009,-3.0581756299999974
638.4000000000001,641.8524445,17.13363029,-0.484175121,706.4532437,19.81867574,-4.304913966,14.8,49.800799199999986,-2.6850454500000005
638.5,643.5525254,17.0956218,-0.134576695,708.4063634,19.37717947,-4.20965918,14.8,50.053838,-2.2815576700000015
638.6,645.2507773,17.09812247,0.247243524,710.3138981,18.95051105,-4.03068251,14.8,50.26312079999998,-1.8523885799999995
638.7,646.9513583,17.14220635,0.650544939,712.17934,18.54871713,-3.784728331,14.8,50.42798169999999,-1.4065107800000014
638.8000000000001,648.6584269,17.22787344,1.064586952,714.006181,18.18016988,-3.48854102,14.8,50.54775409999998,-0.9522964400000014
638.9000000000001,650.3761414,17.35512374,1.480419064,715.7979134,17.84654376,-3.158864955,14.8,50.62177199999992,-0.4914200199999996
639.0,652.1086601,17.52395725,1.896251177,717.5580292,17.54783875,-2.812444513,14.8,50.649369100000015,-0.023881500000001665
639.1,653.8601412,17.73437398,2.312083289,719.2900206,17.28405485,-2.463233342,14.8,50.62987940000001,0.45031913000000046
639.2,655.6347433,17.98637391,2.727915401,720.9973796,17.05519208,-2.11402217,14.8,50.56263630000008,0.9311818299999999
639.3000000000001,657.4366244,18.27995706,3.143747514,722.6835984,16.86125042,-1.764810999,14.8,50.446974000000026,1.41870664
639.4000000000001,659.2699431,18.61512341,3.559579626,724.3521691,16.70222988,-1.415599827,14.8,50.282225999999994,1.912893529999998
639.5,661.1388575,18.99187298,3.97144556,726.0065838,16.57813045,-1.066388656,14.8,50.067726300000075,2.4137425300000004
639.6,663.0475261,19.41020576,4.359514428,727.6503347,16.48895215,-0.717177484,14.8,49.802808600000006,2.921253610000001
639.7,665.000107,19.87012175,4.698715744,729.2869137,16.43469496,-0.37059162,14.8,49.48680670000006,3.4354267899999975
639.8000000000001,667.0007588,20.36924125,4.969072699,730.9198131,16.41535888,-0.039757599,14.8,49.11905430000009,3.9538823700000023
639.9000000000001,669.0536396,20.89566571,5.142967968,732.5525249,16.43094393,0.259572737,14.8,48.698885299999986,4.464721779999998
640.0,671.1629079,21.43435286,5.197877904,734.1885413,16.47987491,0.511647543,14.8,48.22563339999995,4.954477950000001
640.1,673.3327218,21.9733166,5.113971619,735.8313544,16.5542759,0.700714978,14.8,47.69863260000007,5.4190407
640.2,675.5653361,22.49598654,4.887282934,737.4844562,16.64469579,0.811023199,14.8,47.11912009999999,5.85129075
640.3000000000001,677.8553901,22.98884849,4.523051447,739.151339,16.74168348,0.829445668,14.8,46.49594889999999,6.24716501
640.4000000000001,680.1956196,23.43762422,4.037287789,740.8342346,16.83578787,0.75335708,14.8,45.83861499999996,6.601836349999999
640.5,682.5787603,23.82803547,3.457609284,742.5303344,16.91755785,0.585382742,14.8,45.15157410000002,6.910477619999998
640.6,684.997548,24.14818373,2.806539579,744.2355697,16.97754231,0.338649189,14.8,44.43802169999999,7.170641419999999
640.7,687.4447184,24.39568927,2.107875741,745.9458717,17.00629014,0.028908264,14.8,43.701153299999945,7.3893991299999975
640.8000000000001,689.9130072,24.57055211,1.385414837,747.6571716,16.99592543,-0.32808819,14.8,42.944164399999934,7.5746266800000015
640.9000000000001,692.3951502,24.67277224,0.658987755,749.3654007,16.944873,-0.716588329,14.8,42.17025050000002,7.727899239999999
641.0,694.883883,24.70234966,-0.067439328,751.0664901,16.85313283,-1.120840312,14.8,41.382607100000044,7.84921683
641.1,697.3719415,24.65928438,-0.79386641,752.7563711,16.72070493,-1.527717602,14.8,40.58442959999998,7.938579449999999
641.2,699.8520613,24.54357638,-1.520293492,754.4309749,16.54758931,-1.934594891,14.8,39.77891360000008,7.995987070000002
641.3000000000001,702.3169781,24.35522568,-2.246720574,756.0862328,16.33378596,-2.341472181,14.8,38.96925469999992,8.02143972
641.4000000000001,704.7594278,24.09423227,-2.973147656,757.718076,16.07929487,-2.748349471,14.8,38.15864819999997,8.0149374
641.5,707.1721459,23.76059615,-3.696174103,759.3224357,15.78411606,-3.15522676,14.8,37.3502898,7.976480090000001
641.6,709.5478683,23.35431732,-4.398796738,760.8952431,15.44824952,-3.56210405,14.8,36.547374800000014,7.906067800000001
641.7,711.8793307,22.87539578,-5.060611749,762.4324294,15.07169525,-3.966471687,14.8,35.75309870000008,7.803700530000002
641.8000000000001,714.1592689,22.32587192,-5.661215323,763.929926,14.65445325,-4.355781408,14.8,34.9706571,7.671418670000001
641.9000000000001,716.3804184,21.71594763,-6.193784786,765.383664,14.19652353,-4.714975297,14.8,34.2032455999999,7.519424099999998
642.0,718.5355151,21.05786522,-6.597172916,766.7895746,13.69941186,-5.028995439,14.8,33.45405950000004,7.35845336
642.1,720.6172947,20.36386695,-6.895119946,768.143589,13.17064722,-5.282783917,14.8,32.72629430000002,7.193219729999999
642.2,722.6201253,19.63804645,-7.070644103,769.4416386,12.61926434,-5.461282815,14.8,32.021513299999995,7.01878211
642.3000000000001,724.544904,18.91709203,-7.127146024,770.6796545,12.05429799,-5.55194387,14.8,31.334750499999995,6.862794039999999
642.4000000000001,726.3941605,18.18879995,-7.081628884,771.8547726,11.4847829,-5.55225743,14.8,30.660612100000048,6.704017049999999
642.5,728.1704243,17.47356117,-6.940915361,772.9689472,10.91975384,-5.464733147,14.8,29.998522899999966,6.55380733
642.6,729.876225,16.7815776,-6.766152672,774.0253375,10.36824554,-5.301919285,14.8,29.3491125,6.413332059999998
642.7,731.514092,16.11488962,-6.537001225,775.0271023,9.839292759,-5.078873759,14.8,28.71301030000002,6.275596861
642.8000000000001,733.0865551,15.47349723,-6.287445965,775.9774009,9.340424455,-4.810654485,14.8,28.090845799999965,6.133072774999999
642.9000000000001,734.5961437,14.85740043,-6.034490069,776.8793921,8.873146418,-4.512319379,14.8,27.483248400000047,5.984254012000001
643.0,736.0453874,14.26659922,-5.781534174,777.736235,8.437458648,-4.198926357,14.8,26.890847599999983,5.829140572
643.1,737.4368157,13.70109359,-5.528578279,778.5510887,8.033361146,-3.883023683,14.8,26.314273000000025,5.6677324439999985
643.2,738.7729583,13.16088356,-5.275622383,779.3271121,7.660853912,-3.567121008,14.8,25.754153799999994,5.500029648
643.3000000000001,740.0563446,12.64596912,-5.022666488,780.0674643,7.319936945,-3.251218334,14.8,25.211119699999994,5.326032175
643.4000000000001,741.2895043,12.15635026,-4.769710593,780.7753044,7.010610245,-2.93531566,14.8,24.685800100000005,5.145740015
643.5,742.4749669,11.692027,-4.516862013,781.4537913,6.732873813,-2.619412985,14.8,24.178824400000007,4.959153186999999
643.6,743.6152619,11.25299932,-4.264657328,782.106084,6.486727648,-2.303510311,14.8,23.69082210000006,4.766271672000001
643.7,744.712919,10.83926724,-4.013740433,782.7353417,6.27217175,-1.987607636,14.8,23.222422699999992,4.56709549
643.8000000000001,745.7704676,10.45076635,-3.764755221,783.3447232,6.089206121,-1.672189942,14.8,22.774255600000014,4.361560229
643.9000000000001,746.7904373,10.08717472,-3.518345587,783.9373877,5.937830758,-1.359682124,14.8,22.346950400000036,4.1493439620000006
644.0,747.7753578,9.748106004,-3.275155426,784.5164942,5.818045663,-1.052994062,14.8,21.94113639999996,3.930060341
644.1,748.7277584,9.433173866,-3.035721317,785.0852017,5.729559848,-0.755035631,14.8,21.5574433,3.7036140180000006
644.2,749.6501174,9.141991972,-2.800150576,785.6466693,5.670918373,-0.468716711,14.8,21.196551899999985,3.4710735989999995
644.3000000000001,750.5447067,8.874173983,-2.568335886,786.2040559,5.640375313,-0.196947177,14.8,20.85934919999995,3.2337986700000005
644.4000000000001,751.4137467,8.629333563,-2.33974067,786.7605205,5.636184742,0.057848071,14.8,20.546773799999936,2.9931488209999992
644.5,752.2594581,8.407084375,-2.113721031,787.3189895,5.656600732,0.295184056,14.8,20.259531400000082,2.750483643
644.6,753.0840612,8.207104472,-1.889633077,787.8814579,5.699877357,0.515545755,14.8,19.997396700000035,2.507227114999999
644.7,753.8897765,8.029329465,-1.666832911,788.449688,5.76426869,0.721358067,14.8,19.759911499999998,2.2650607750000002
644.8000000000001,754.6788246,7.873759353,-1.44467664,789.025442,5.848028807,0.915530869,14.8,19.546617400000013,2.0257305459999992
644.9000000000001,755.4534259,7.740394137,-1.222627685,789.6104823,5.949702766,1.100974039,14.8,19.357056399999987,1.7906913710000003
645.0,756.215801,7.629233816,-1.00057873,790.2065712,6.068999582,1.280597455,14.8,19.19077019999993,1.5602342340000002
645.1,756.9681703,7.54027839,-0.778529775,790.8154708,6.205919253,1.457310993,14.8,19.04730049999996,1.3343591369999999
645.2,757.7127542,7.473527861,-0.55648082,791.4389436,6.36046178,1.633539551,14.8,18.926189400000066,1.1130660810000004
645.3000000000001,758.4517734,7.428982226,-0.334431865,792.0787517,6.532627163,1.809768109,14.8,18.826978300000018,0.8963550629999997
645.4000000000001,759.1874482,7.406641488,-0.11238291,792.7366576,6.722415402,1.985996668,14.8,18.749209399999994,0.6842260859999998
645.5,759.9219992,7.406505644,0.109193003,793.4144234,6.929826497,2.162225226,14.8,18.692424200000072,0.47667914700000047
645.6,760.6576469,7.428574697,0.327930664,794.1138115,7.154860447,2.338453784,14.8,18.656164599999965,0.27371425000000027
645.7,761.3966117,7.472848644,0.540991823,794.8365841,7.397517254,2.514682343,14.8,18.639972399999987,0.07533138999999967
645.8000000000001,762.1411142,7.539043662,0.745538228,795.5845035,7.657796916,2.68989009,14.8,18.643389300000035,-0.11875325399999959
645.9000000000001,762.8933748,7.625740625,0.938731626,796.359332,7.935699434,2.858972971,14.8,18.665957200000047,-0.3099588090000003
646.0,763.655614,7.731236582,1.117733767,797.1628319,8.231224808,3.015806119,14.8,18.7072179,-0.49998822600000015
646.1,764.4300523,7.853828581,1.280179442,797.9967655,8.543760551,3.154264669,14.8,18.76671319999998,-0.68993197
646.2,765.2186831,7.991813672,1.425595607,798.8628951,8.87024423,3.268223753,14.8,18.844211999999924,-0.8784305580000007
646.3000000000001,766.0225917,8.143488905,1.554455306,799.7629829,9.207000925,3.351558505,14.8,18.940391199999976,-1.0635120199999992
646.4000000000001,766.8426362,8.307151327,1.669123747,800.6987913,9.550355717,3.399164871,14.8,19.056155100000023,-1.2432043900000007
646.5,767.6796746,8.481097989,1.772439183,801.6715925,9.896633686,3.410022038,14.8,19.191917899999975,-1.4155356969999993
646.6,768.5345651,8.663909765,1.867239864,802.6806989,10.24215991,3.385150819,14.8,19.34613380000003,-1.5782501450000002
646.7,769.4081659,8.855302829,1.956364043,803.7249328,10.58325947,3.329655268,14.8,19.51676690000006,-1.7279566410000005
646.8000000000001,770.301335,9.055277182,2.042649969,804.8031165,10.91625745,3.249660252,14.8,19.701781499999992,-1.8609802680000005
646.9000000000001,771.2149307,9.263832823,2.128462854,805.9140725,11.23809142,3.151290637,14.8,19.899141800000006,-1.9742585970000004
647.0,772.149811,9.480969753,2.214275739,807.0566231,11.54814888,3.040671289,14.8,20.106812100000024,-2.0671791269999993
647.1,773.106834,9.706687971,2.300088624,808.2295905,11.84642984,2.923927075,14.8,20.322756499999922,-2.1397418690000016
647.2,774.0868579,9.940987478,2.385901509,809.4317973,12.13293429,2.80616205,14.8,20.54493939999993,-2.1919468119999994
647.3000000000001,775.0907408,10.18386827,2.471714394,810.6620656,12.40766225,2.688397025,14.8,20.771324799999956,-2.22379398
647.4000000000001,776.1193409,10.43533036,2.557527279,811.919218,12.6706137,2.570632,14.8,20.999877100000003,-2.2352833400000005
647.5,777.1735163,10.69537373,2.643340164,813.2020766,12.92178865,2.452866975,14.8,21.228560300000094,-2.22641492
647.6,778.254125,10.96399839,2.728314823,814.509464,13.16118709,2.335101949,14.8,21.455338999999935,-2.1971887
647.7,779.3620253,11.24120434,2.808260127,815.8402023,13.38880904,2.217336924,14.8,21.67817699999996,-2.1476047000000005
647.8000000000001,780.4980752,11.52699158,2.875979616,817.193114,13.60465448,2.099489463,14.8,21.89503880000002,-2.0776629
647.9000000000001,781.663133,11.82085717,2.932945252,818.5670214,13.80872342,1.981147384,14.8,22.103888400000027,-1.9878662499999997
648.0,782.8580566,12.12028643,2.967626362,819.9607469,14.00101585,1.861816072,14.8,22.30269029999995,-1.8807294199999998
648.1,784.0837043,12.4209615,2.977160699,821.3731129,14.18148232,1.741000907,14.8,22.4894086,-1.76052082
648.2,785.3409342,12.72376554,2.957357132,822.8029416,14.34987552,1.618207274,14.8,22.66200740000006,-1.626109979999999
648.3000000000001,786.630202,13.02178016,2.907377436,824.2490554,14.50589868,1.492940555,14.8,22.81885339999992,-1.484118519999999
648.4000000000001,787.9503542,13.313288,2.830226942,825.7102766,14.64925502,1.364788569,14.8,22.95992240000005,-1.33596702
648.5,789.2998347,13.59527145,2.723595462,827.1853882,14.77964778,1.23366888,14.8,23.085553500000014,-1.1843763299999992
648.6,790.6770877,13.86471289,2.599013669,828.6730144,14.89678019,1.099663924,14.8,23.19592670000004,-1.0320672999999996
648.7,792.0805571,14.11909766,2.459343812,830.1717404,15.00035547,0.963185882,14.8,23.29118330000001,-0.881257810000001
648.8000000000001,793.508687,14.35792282,2.309615244,831.680151,15.09007685,0.824729372,14.8,23.371464000000014,-0.7321540300000002
648.9000000000001,794.9599215,14.58118836,2.154857322,833.1968311,15.16569703,0.68478901,14.8,23.436909600000103,-0.58450867
649.0,796.4327045,14.78889428,1.999261174,834.7203657,15.22716655,0.543859413,14.8,23.4876612,-0.4382722700000006
649.1,797.9254801,14.98104059,1.843665026,836.2493397,15.2744854,0.4024352,14.8,23.52385959999999,-0.29344481000000044
649.2,799.4366924,15.15762729,1.688068878,837.7823381,15.30765359,0.26092855,14.8,23.545645699999977,-0.1500262999999986
649.3000000000001,800.9647854,15.31865437,1.53247273,839.3179458,15.32667111,0.1194219,14.8,23.553160399999978,-0.008016739999998634
649.4000000000001,802.5082031,15.46412183,1.376876582,840.8547477,15.33153797,-0.02208475,14.8,23.546544600000015,0.13258386000000044
649.5,804.0653896,15.59402968,1.221280434,842.3913287,15.32225416,-0.1635914,14.8,23.525939100000027,0.27177552000000027
649.6,805.6347888,15.70837792,1.06648674,843.9262738,15.29881969,-0.305098049,14.8,23.491484999999965,0.40955823
649.7,807.214845,15.80716654,0.916507775,845.458168,15.26123455,-0.446604699,14.8,23.44332300000003,0.5459319900000015
649.8000000000001,808.804002,15.89039555,0.776158266,846.9855961,15.20949875,-0.586603472,14.8,23.381594099999983,0.6808967999999993
649.9000000000001,810.4007039,15.95854641,0.650252942,848.5071431,15.14361228,-0.717554985,14.8,23.306439199999954,0.814934130000001
650.0,812.0033948,16.0140265,0.540352031,850.0213939,15.06357515,-0.824083063,14.8,23.217999099999997,0.9504513499999998
650.1,813.6105186,16.05972464,0.461033761,851.5269334,14.97029208,-0.91612719,14.8,23.116414799999983,1.0894325599999988
650.2,815.2205195,16.09852969,0.406546906,853.0223467,14.8682867,-0.965653362,14.8,23.001827199999934,1.230242989999999
650.3000000000001,816.8322267,16.13137776,0.38094842,854.5062185,14.76678472,-0.969943233,14.8,22.873991800000066,1.364593039999999
650.4000000000001,818.44601,16.1670158,0.383435849,855.977134,14.65982244,-0.92145742,14.8,22.731123999999976,1.5071933600000023
650.5,820.0626247,16.20247456,0.409996918,857.4344016,14.56422027,-0.818688045,14.8,22.571776899999985,1.638254289999999
650.6,821.6828257,16.24259555,0.459071401,858.8802254,14.48160921,-0.669471902,14.8,22.397399700000005,1.7609863400000005
650.7,823.3073682,16.28978615,0.516081068,860.317533,14.41741763,-0.462361628,14.8,22.210164799999983,1.872368520000002
650.8000000000001,824.9370074,16.34452784,0.585974692,861.7492518,14.37707387,-0.225391228,14.8,22.012244400000053,1.967453970000001
650.9000000000001,826.5724983,16.4068206,0.660683044,863.1783096,14.36510158,0.038720952,14.8,21.805811300000027,2.0417190200000004
651.0,828.214596,16.47666445,0.736193851,864.607634,14.38240546,0.320927653,14.8,21.593037999999932,2.094258990000002
651.1,829.8640556,16.55405937,0.811704658,866.0401526,14.42898553,0.612181613,14.8,21.376097000000026,2.1250738400000007
651.2,831.5216323,16.63900538,0.887215465,867.4787931,14.50484178,0.90494345,14.8,21.157160799999996,2.134163600000001
651.3000000000001,833.1880812,16.73150246,0.962726271,868.9264829,14.60997422,1.197705288,14.8,20.93840169999994,2.1215282400000017
651.4000000000001,834.8641573,16.83155063,1.038237078,870.3861498,14.74438284,1.490467125,14.8,20.72199250000001,2.0871677899999987
651.5,836.5506157,16.93914988,1.113747885,871.8607214,14.90806765,1.783228962,14.8,20.510105700000008,2.031082229999999
651.6,838.2482117,17.05430021,1.18869105,873.3531252,15.10102863,2.0759908,14.8,20.304913500000065,1.953271580000001
651.7,839.9577002,17.17700162,1.260228364,874.866289,15.32326581,2.368752637,14.8,20.108588800000074,1.853735809999998
651.8000000000001,841.6798365,17.30725411,1.324953977,876.4031403,15.57477916,2.661514474,14.8,19.923303800000053,1.7324749499999985
651.9000000000001,843.4153755,17.44471709,1.379462037,877.9666068,15.8555687,2.952717703,14.8,19.75123130000004,1.5891483900000019
652.0,845.1650725,17.58768765,1.420346694,879.559616,16.16563442,3.234569281,14.8,19.594543500000054,1.4220532299999995
652.1,846.9296825,17.73412227,1.444202098,881.1850955,16.50497633,3.497717558,14.8,19.455412999999975,1.2291459399999987
652.2,848.7099606,17.88197743,1.448190039,882.8459731,16.87265926,3.732810883,14.8,19.336012499999992,1.0093181700000002
652.3000000000001,850.5063894,18.02920963,1.431742875,884.5451763,17.26400737,3.935396494,14.8,19.23878689999999,0.7652022599999988
652.4000000000001,852.3183618,18.17377537,1.395428249,886.2856328,17.6734097,4.081426075,14.8,19.16727099999998,0.5003656700000008
652.5,854.1449981,18.31363112,1.342084369,888.0702701,18.09525523,4.177803249,14.8,19.125272000000063,0.2183758900000008
652.6,855.9854184,18.44673337,1.275117086,889.9012677,18.52687232,4.218070519,14.8,19.11584929999999,-0.08013894999999849
652.7,857.8387432,18.57137921,1.19793225,891.7778127,18.95383197,4.203786493,14.8,19.139069500000073,-0.3824527599999996
652.8000000000001,859.7040928,18.68722805,1.113935713,893.6983437,19.3793412,4.142744215,14.8,19.194250899999997,-0.6921131499999973
652.9000000000001,861.5805873,18.79427989,1.026533326,895.6612997,19.79484969,4.039396445,14.8,19.280712399999924,-1.000569800000001
653.0,863.4673473,18.89253472,0.938563296,897.6651195,20.19568159,3.9177915,14.8,19.397772199999917,-1.303146869999999
653.1,865.3634928,18.98199255,0.850593267,899.7082419,20.58090176,3.772584366,14.8,19.544749099999944,-1.5989092099999986
653.2,867.2681443,19.06265337,0.762623237,901.7891057,20.95051019,3.618025581,14.8,19.720961400000032,-1.8878568199999997
653.3000000000001,869.180422,19.13451719,0.674653208,903.9061498,21.30450687,3.461908187,14.8,19.925727799999958,-2.1699896800000005
653.4000000000001,871.0994462,19.19758401,0.586683179,906.057813,21.64289182,3.305790793,14.8,20.15836680000002,-2.445307809999999
653.5,873.0243373,19.25185383,0.498713149,908.2425341,21.96566503,3.1496734,14.8,20.418196799999986,-2.7138111999999985
653.6,874.9542155,19.29732664,0.411516091,910.4587519,22.2728265,2.993556006,14.8,20.704536400000006,-2.9754998599999993
653.7,876.8882011,19.33400245,0.328956862,912.7049052,22.56437623,2.837438613,14.8,21.016704100000037,-3.2303737800000007
653.8000000000001,878.8254145,19.36188126,0.255673292,914.979433,22.84031423,2.681321219,14.8,21.354018500000006,-3.47843297
653.9000000000001,880.7649759,19.38142685,0.196303208,917.2807739,23.10064048,2.525391194,14.8,21.715798000000017,-3.7192136299999987
654.0,882.7060056,19.39495813,0.155484441,919.6073669,23.34535499,2.370585379,14.8,22.10136129999996,-3.9503968600000015
654.1,884.6476239,19.4052578,0.137854819,921.9576508,23.57445777,2.218027986,14.8,22.510026900000025,-4.1691999699999975
654.2,886.5889512,19.41510857,0.147279201,924.3300644,23.78806122,2.068843223,14.8,22.941113199999972,-4.372952649999998
654.3000000000001,888.5294787,19.42729312,0.184530557,926.7230464,23.98672746,1.924155303,14.8,23.393567700000016,-4.559434339999999
654.4000000000001,890.470182,19.44459415,0.248835915,929.1350359,24.17113102,1.785088435,14.8,23.864853900000025,-4.72653687
654.5,892.4124073,19.46979437,0.33633042,931.5644714,24.34194641,1.652579462,14.8,24.35206409999996,-4.87215204
654.6,894.3575013,19.50567646,0.44237624,934.009882,24.49984817,1.526815751,14.8,24.85238069999998,-4.99417171
654.7,896.3068103,19.55455935,0.562335548,936.4701559,24.64551083,1.407609935,14.8,25.363345599999956,-5.0909514799999975
654.8000000000001,898.2616809,19.61690682,0.691570514,938.9442718,24.7796089,1.294025171,14.8,25.882590900000036,-5.162702079999999
654.9000000000001,900.2234594,19.69271886,0.825443309,941.4312079,24.90281691,1.184937249,14.8,26.40774849999998,-5.210098049999999
655.0,902.1934924,19.78199548,0.960089076,943.9299429,25.01569698,1.079221959,14.8,26.936450500000046,-5.233701500000002
655.1,904.1731262,19.88473668,1.094734843,946.4394551,25.11836152,0.975755089,14.8,27.466328900000075,-5.233624840000001
655.2,906.1637074,20.00094245,1.229380609,948.958723,25.21081052,0.87341243,14.8,27.99501559999994,-5.209868069999999
655.3000000000001,908.1665824,20.1306128,1.364026376,951.486725,25.293044,0.77125714,14.8,28.52014259999994,-5.162431199999997
655.4000000000001,910.1830977,20.27374772,1.498672143,954.0224395,25.36506195,0.669101849,14.8,29.039341800000056,-5.091314230000002
655.5,912.2145997,20.43034723,1.633317909,956.5648451,25.42686437,0.566946558,14.8,29.550245399999948,-4.996517140000002
655.6,914.2624349,20.60041131,1.767963676,959.1129202,25.47845126,0.464791268,14.8,30.050485299999945,-4.878039950000002
655.7,916.3279497,20.78393996,1.901614791,961.6656431,25.51982262,0.362635977,14.8,30.537693400000034,-4.735882659999998
655.8000000000001,918.4124906,20.98093319,2.029297993,964.2219925,25.55097846,0.260480687,14.8,31.0095019000001,-4.570045270000001
655.9000000000001,920.517404,21.191391,2.145045371,966.7809466,25.57191876,0.159507747,14.8,31.463542599999936,-4.38052776
656.0,922.6440365,21.4147166,2.242889012,969.341484,25.58264354,0.065628917,14.8,31.897447500000066,-4.167926940000001
656.1,924.7937344,21.64792602,2.316861003,971.9025831,25.58315278,-0.009568719,14.8,32.30884870000007,-3.935226759999999
656.2,926.9678443,21.88743853,2.360993434,974.4632223,25.57415591,-0.072469984,14.8,32.69537799999996,-3.686717380000001
656.3000000000001,929.1677125,22.12967337,2.370313042,977.0223801,25.55919998,-0.102501837,14.8,33.05466759999997,-3.42952661
656.4000000000001,931.3942081,22.3710498,2.343825177,979.579035,25.54523723,-0.097063147,14.8,33.384826899999965,-3.17418743
656.5,933.6462905,22.60798706,2.28252449,982.1321654,25.52843677,-0.050242157,14.8,33.6858749,-2.9204497099999998
656.6,935.9224414,22.83690442,2.191384242,984.6813172,25.52114244,0.039143485,14.8,33.958875799999944,-2.6842380199999987
656.7,938.2211427,23.05422113,2.076372344,987.2283066,25.5249149,0.165418449,14.8,34.207163900000026,-2.4706937700000005
656.8000000000001,940.5408763,23.25695322,1.94345671,989.7755171,25.54401062,0.336149912,14.8,34.43464079999997,-2.287057400000002
656.9000000000001,942.8801241,23.44450391,1.798605251,992.3253325,25.58268607,0.530764832,14.8,34.64520839999996,-2.1381821599999995
657.0,945.2373678,23.6168732,1.64778588,994.8801363,25.6444883,0.746662077,14.8,34.84276849999999,-2.0276150999999984
657.1,947.6110894,23.77406109,1.495971857,997.4423121,25.73012672,0.97674754,14.8,35.031222700000015,-1.9560656300000012
657.2,949.9997707,23.91606757,1.344157834,1000.014244,25.83960133,1.213927111,14.8,35.214473299999966,-1.9235337600000015
657.3000000000001,952.4018936,24.04289266,1.19234381,1002.598314,25.97291214,1.452289034,14.8,35.39642039999997,-1.9300194799999986
657.4000000000001,954.8159399,24.15453634,1.040529787,1005.196908,26.13005914,1.690650956,14.8,35.58096810000002,-1.9755228000000002
657.5,957.2403916,24.25099861,0.888715764,1007.812408,26.31104233,1.929012879,14.8,35.772016400000055,-2.0600437199999995
657.6,959.6737304,24.33227949,0.736901741,1010.447198,26.51586172,2.167374802,14.8,35.973467600000006,-2.183582229999999
657.7,962.1144382,24.39837896,0.586088607,1013.103662,26.74451729,2.405736724,14.8,36.18922379999999,-2.3461383300000023
657.8000000000001,964.5609969,24.44929703,0.441280807,1015.784184,26.99700906,2.644098647,14.8,36.42318710000002,-2.5477120299999996
657.9000000000001,967.0118883,24.4850337,0.308483677,1018.491146,27.27333702,2.879871708,14.8,36.67925769999995,-2.7883033200000007
658.0,969.4655943,24.5061895,0.19370255,1021.226933,27.57350118,3.100111597,14.8,36.96133870000001,-3.0673116799999995
658.1,971.9205968,24.5157671,0.102942762,1023.993928,27.89750152,3.275869209,14.8,37.27333119999999,-3.3817344199999972
658.2,974.3753776,24.5173697,0.042209646,1026.794515,28.24378474,3.431859172,14.8,37.61913740000007,-3.726415039999999
658.3000000000001,976.8284185,24.51460049,0.016507649,1029.631078,28.60458425,3.512300515,14.8,38.00265949999989,-4.089983759999999
658.4000000000001,979.278682,24.51106269,0.026837659,1032.505999,28.96253059,3.515076,14.8,38.427316999999974,-4.451467900000001
658.5,981.7270519,24.51035949,0.072198788,1035.421663,29.33245253,3.427241315,14.8,38.89461110000009,-4.822093040000002
658.6,984.1748926,24.51609409,0.14758659,1038.379211,29.68088148,3.2462076,14.8,39.40431839999992,-5.164787390000001
658.7,986.6235687,24.53186969,0.24699573,1041.374813,30.00654712,2.98797965,14.8,39.95124429999994,-5.47467743
658.8000000000001,989.0744445,24.56068897,0.364420874,1044.403397,30.30012953,2.625253975,14.8,40.52895250000002,-5.7394405599999985
658.9000000000001,991.5288844,24.60315245,0.493856686,1047.45989,30.55230881,2.213811546,14.8,41.13100560000005,-5.94915636
659.0,993.9882528,24.65926013,0.629297834,1050.53922,30.75531838,1.755769601,14.8,41.750967199999835,-6.096058249999999
659.1,996.4539143,24.72901201,0.76573987,1053.636315,30.90760491,1.266661313,14.8,42.38240070000002,-6.178592899999998
659.2,998.9272331,24.8124081,0.902181907,1056.746103,31.00916841,0.762019853,14.8,43.018869899999984,-6.196760310000002
659.3000000000001,1001.409574,24.90944839,1.038623943,1059.86351,31.06000888,0.254789531,14.8,43.65393599999989,-6.15056049
659.4000000000001,1003.902301,25.02013289,1.17506598,1062.983466,31.06012632,-0.25244079,14.8,44.281164999999945,-6.039993429999999
659.5,1006.406778,25.14446159,1.311508016,1066.100897,31.00952072,-0.759671112,14.8,44.894119,-5.865059130000002
659.6,1008.924371,25.28243449,1.447950053,1069.210732,30.9081921,-1.266901434,14.8,45.48636100000006,-5.625757610000001
659.7,1011.456443,25.4340516,1.58306292,1072.307897,30.75614044,-1.774131756,14.8,46.05145399999988,-5.322088839999999
659.8000000000001,1014.004359,25.59931291,1.710200768,1075.387321,30.55336574,-2.281362077,14.8,46.58296199999991,-4.954052830000002
659.9000000000001,1016.569484,25.77821843,1.818290502,1078.443932,30.29986802,-2.788592399,14.8,47.07444799999992,-4.521649590000003
660.0,1019.153181,25.96997064,1.908651333,1081.472656,29.99564726,-3.293175396,14.8,47.5194749999999,-4.025676619999999
660.1,1021.756815,26.17058205,1.964014013,1084.468423,29.64070348,-3.781874444,14.8,47.91160800000007,-3.470121429999999
660.2,1024.381751,26.3734088,1.9795016,1087.426159,29.23503666,-4.238805595,14.8,48.244408000000206,-2.8616278599999987
660.3000000000001,1027.029353,26.5792424,1.948468244,1090.340792,28.7802352,-4.648084898,14.8,48.51143900000007,-2.2009928000000016
660.4000000000001,1029.700347,26.77772132,1.869584777,1093.20725,28.28424108,-5.001183691,14.8,48.70690299999997,-1.5065197599999998
660.5,1032.392909,26.96591939,1.747278443,1096.02046,27.75658466,-5.26015217,14.8,48.82755100000004,-0.7906652700000016
660.6,1035.104573,27.13905159,1.578900863,1098.775351,27.20679633,-5.433819565,14.8,48.87077799999993,-0.06774473999999842
660.7,1037.832877,27.29233292,1.381721285,1101.46812,26.63999326,-5.512183267,14.8,48.83524299999995,0.6523396599999991
660.8000000000001,1040.575358,27.42177586,1.160616651,1104.100049,26.07894535,-5.497890601,14.8,48.72469099999985,1.3428305099999989
660.9000000000001,1043.329551,27.52658292,0.92356198,1106.673691,25.51994346,-5.40417819,14.8,48.54413999999993,2.006639459999999
661.0,1046.092992,27.60675409,0.67853229,1109.191596,24.97693112,-5.239574699,14.8,48.2986039999998,2.6298229699999993
661.1,1048.863219,27.66228938,0.43217343,1111.656317,24.4578503,-5.04202993,14.8,47.993097999999875,3.20443908
661.2,1051.637768,27.69318878,0.18581457,1114.070406,23.96428941,-4.805361979,14.8,47.632638,3.7288993700000006
661.3000000000001,1054.414175,27.69945229,-0.06054429,1116.436415,23.49624844,-4.55281008,14.8,47.22224000000001,4.203203850000001
661.4000000000001,1057.189977,27.68107992,-0.306903149,1118.756896,23.0537274,-4.297610855,14.8,46.7669190000001,4.627352519999999
661.5,1059.962709,27.63807166,-0.553262009,1121.0344,22.63672627,-4.042411631,14.8,46.271691000000104,5.001345390000001
661.6,1062.729909,27.57042752,-0.799620869,1123.271481,22.24524507,-3.787212406,14.8,45.74157200000009,5.32518245
661.7,1065.489112,27.47814749,-1.04514733,1125.470689,21.87928379,-3.532013181,14.8,45.18157700000002,5.5988637000000026
661.8000000000001,1068.237856,27.36123157,-1.285679395,1127.634578,21.53884243,-3.276813957,14.8,44.59672199999996,5.822389140000002
661.9000000000001,1070.973677,27.21967977,-1.516222671,1129.765698,21.223921,-3.021614732,14.8,43.99202099999998,5.995758769999998
662.0,1073.69411,27.05399152,-1.731782762,1131.866602,20.93451949,-2.767439139,14.8,43.37249200000015,6.119472030000001
662.1,1076.396693,26.86666402,-1.927365274,1133.939842,20.6706379,-2.519405331,14.8,42.74314900000009,6.196026120000003
662.2,1079.078962,26.66069391,-2.09797581,1135.987969,20.43227623,-2.283655094,14.8,42.10900699999998,6.22841768
662.3000000000001,1081.738453,26.43907783,-2.239452377,1138.013537,20.21882031,-2.066330213,14.8,41.47508400000011,6.220257519999997
662.4000000000001,1084.373102,26.20481241,-2.350962573,1140.019096,20.02719924,-1.873572475,14.8,40.845993999999976,6.177613169999997
662.5,1086.982444,25.96089428,-2.4333388,1142.0072,19.85372794,-1.706510552,14.8,40.22475600000003,6.107166340000003
662.6,1089.566411,25.7103201,-2.490743051,1143.980399,19.69472136,-1.585195864,14.8,39.61398800000002,6.0155987400000015
662.7,1092.124939,25.45608648,-2.528169723,1145.940754,19.54649441,-1.495930922,14.8,39.01581499999993,5.909592069999999
662.8000000000001,1094.65796,25.20069063,-2.55061321,1147.888361,19.4083699,-1.44238699,14.8,38.43040100000003,5.79232073
662.9000000000001,1097.165408,24.944632,-2.563067907,1149.822824,19.26770279,-1.419551986,14.8,37.857416000000015,5.676929209999997
663.0,1099.647218,24.68791057,-2.57052821,1151.743747,19.12964068,-1.421284123,14.8,37.29652899999992,5.558269889999998
663.1,1102.103322,24.43052636,-2.577156113,1153.650733,18.98829575,-1.446454731,14.8,36.747411000000014,5.442230610000003
663.2,1104.533655,24.17247935,-2.583784016,1155.543386,18.84299017,-1.473988756,14.8,36.209731000000104,5.3294891799999995
663.3000000000001,1106.938149,23.91376955,-2.590411919,1157.421311,18.69372394,-1.512465534,14.8,35.683161999999996,5.22004561
663.4000000000001,1109.31674,23.65439697,-2.597039822,1159.284111,18.54049706,-1.552072016,14.8,35.16737099999996,5.113899910000001
663.5,1111.66936,23.39436159,-2.603667725,1161.131391,18.38330954,-1.591678498,14.8,34.6620309999998,5.01105205
663.6,1113.995944,23.13366342,-2.610295629,1162.962753,18.22216136,-1.63128498,14.8,34.166809000000015,4.91150206
663.7,1116.296424,22.87230246,-2.617051405,1164.777803,18.05705254,-1.670891462,14.8,33.681379000000064,4.815249919999999
663.8000000000001,1118.570735,22.61027872,-2.62457442,1166.576144,17.88798307,-1.710497944,14.8,33.2054090000001,4.7222956499999995
663.9000000000001,1120.818811,22.34759218,-2.633631914,1168.35738,17.71495295,-1.750104426,14.8,32.73856899999983,4.632639229999999
664.0,1123.040585,22.08416612,-2.644991126,1170.121115,17.53796218,-1.790212932,14.8,32.280529999999956,4.546203939999998
664.1,1125.235991,21.81961694,-2.659419294,1171.866953,17.35701077,-1.83333358,14.8,31.830961999999953,4.462606170000001
664.2,1127.404963,21.55348427,-2.677683658,1173.594498,17.17209871,-1.882478511,14.8,31.389534999999977,4.381385559999998
664.3000000000001,1129.547434,21.28530779,-2.700423584,1175.303353,16.98292478,-1.940659869,14.8,30.95591899999995,4.30238301
664.4000000000001,1131.663276,21.01462714,-2.727766945,1176.993123,16.78798292,-2.010889794,14.8,30.52984699999997,4.226644220000001
664.5,1133.752118,20.74098198,-2.759585869,1178.663412,16.58546584,-2.09618043,14.8,30.111293999999997,4.15551614
664.6,1135.813523,20.46391197,-2.795240988,1180.313823,16.37356626,-2.199041893,14.8,29.700299999999924,4.090345710000001
664.7,1137.847057,20.18295677,-2.833965064,1181.94372,16.15047689,-2.319976209,14.8,29.296663000000034,4.03247988
664.8000000000001,1139.852287,19.89773275,-2.874990857,1183.551501,15.91439045,-2.458481353,14.8,28.899213999999983,3.9833422999999986
664.9000000000001,1141.828777,19.6081632,-2.917551129,1185.135326,15.66349964,-2.612047207,14.8,28.50654900000013,3.9446635600000004
665.0,1143.776092,19.3142481,-2.96087864,1186.693351,15.3959972,-2.777661628,14.8,28.11725899999983,3.9182509000000003
665.1,1145.693799,19.01598747,-3.004334024,1188.223735,15.11037703,-2.952312476,14.8,27.729936000000134,3.9056104399999985
665.2,1147.581463,18.7133813,-3.047789408,1189.724636,14.80633794,-3.132987608,14.8,27.343172999999933,3.907043360000001
665.3000000000001,1149.438648,18.40642959,-3.091244793,1191.194212,14.48387992,-3.316674881,14.8,26.95556400000005,3.9225496699999987
665.4000000000001,1151.264921,18.09513234,-3.134700177,1192.630621,14.14300296,-3.500864179,14.8,26.56570000000006,3.952129379999999
665.5,1153.059847,17.77948955,-3.178155561,1194.032022,13.78370708,-3.685053476,14.8,26.172175000000106,3.9957824700000018
665.6,1154.822992,17.45950123,-3.221610945,1195.396572,13.40599227,-3.869242773,14.8,25.773579999999992,4.05350896
665.7,1156.55392,17.13516736,-3.265066329,1196.72243,13.00985852,-4.053432071,14.8,25.36850999999997,4.125308840000001
665.8000000000001,1158.252198,16.80648796,-3.308562045,1198.007753,12.59530585,-4.237621368,14.8,24.955555000000185,4.2111821099999975
665.9000000000001,1159.917391,16.47346302,-3.35229975,1199.2507,12.16233425,-4.421810665,14.8,24.5333090000001,4.31112877
666.0,1161.549064,16.13609254,-3.396521434,1200.449429,11.71094372,-4.605999963,14.8,24.100364999999965,4.42514882
666.1,1163.146782,15.79435232,-3.441469085,1201.602098,11.24113426,-4.788751746,14.8,23.655316000000038,4.553218059999999
666.2,1164.710112,15.44812138,-3.487384694,1202.706866,10.75290587,-4.962878442,14.8,23.19675400000001,4.695215510000001
666.3000000000001,1166.238618,15.0972545,-3.534510249,1203.761889,10.24625855,-5.119754964,14.8,22.72327100000002,4.85099595
666.4000000000001,1167.731866,14.74160651,-3.583047409,1204.765327,9.722054805,-5.250756227,14.8,22.233460999999988,5.019551705
666.5,1169.189402,14.3810322,-3.633036504,1205.715337,9.184607186,-5.347257142,14.8,21.725935000000117,5.196425014000001
666.6,1170.610695,14.01538639,-3.684437204,1206.610078,8.639090741,-5.400632623,14.8,21.19938299999985,5.376295648999999
666.7,1171.995194,13.64452388,-3.73704785,1207.447707,8.090680523,-5.403695099,14.8,20.652512999999953,5.553843357
666.8000000000001,1173.342349,13.26829947,-3.790626453,1208.227073,7.544551583,-5.355007053,14.8,20.084724000000005,5.723747887000001
666.9000000000001,1174.651608,12.88659218,-3.844931024,1208.949784,7.005878973,-5.256006002,14.8,19.49817600000001,5.880713206999999
667.0,1175.922421,12.4993778,-3.899719574,1209.618138,6.479837746,-5.113879517,14.8,18.895717000000058,6.019540053999999
667.1,1177.154237,12.10665633,-3.954750113,1210.234433,5.971602954,-4.937252685,14.8,18.280196000000114,6.135053376
667.2,1178.346506,11.70842778,-4.009820984,1210.800968,5.48548714,-4.734750592,14.8,17.65446199999992,6.222940639999999
667.3000000000001,1179.498676,11.30469213,-4.064891854,1211.32004,5.022352812,-4.514998326,14.8,17.02136400000013,6.282339317999999
667.4000000000001,1180.610198,10.8954494,-4.119962725,1211.793948,4.582199972,-4.286620973,14.8,16.383749999999917,6.313249428000001
667.5,1181.68052,10.48069959,-4.175033596,1212.224989,4.165028618,-4.056806106,14.8,15.744469000000162,6.315670972
667.6,1182.709091,10.06044269,-4.230104466,1212.615463,3.770838751,-3.826991239,14.8,15.106372000000146,6.289603939000001
667.7,1183.695362,9.634678695,-4.285175337,1212.967666,3.39963037,-3.597176371,14.8,14.472304000000076,6.235048324999999
667.8000000000001,1184.63878,9.203407618,-4.339409001,1213.283898,3.051403476,-3.367361504,14.8,13.84511799999991,6.152004142
667.9000000000001,1185.538797,8.766629454,-4.385998268,1213.566456,2.726158069,-3.137546637,14.8,13.227659000000084,6.040471385
668.0,1186.39486,8.324344203,-4.427441753,1213.817639,2.423894149,-2.907731769,14.8,12.62277899999999,5.900450054
668.1,1187.206419,7.877054188,-4.451877623,1214.039744,2.144611715,-2.678414512,14.8,12.03332499999983,5.732442473
668.2,1187.972924,7.428843725,-4.455878916,1214.235071,1.888310769,-2.452082914,14.8,11.46214700000014,5.540532956
668.3000000000001,1188.693823,6.978213644,-4.434764024,1214.405916,1.654991309,-2.231722634,14.8,10.912092999999867,5.3232223350000005
668.4000000000001,1189.368566,6.532281044,-4.384346915,1214.554578,1.444354769,-2.020319332,14.8,10.38601199999989,5.087926275
668.5,1189.997005,6.093102104,-4.306411544,1214.683356,1.254908321,-1.820858666,14.8,9.886351000000058,4.8381937829999995
668.6,1190.580597,5.663485788,-4.194273263,1214.794547,1.084860569,-1.636326297,14.8,9.413950000000067,4.578625219
668.7,1191.121204,5.246446039,-4.0589567,1214.890449,0.932420116,-1.469210273,14.8,8.969244999999955,4.314025923
668.8000000000001,1191.620685,4.844996799,-3.903888817,1214.973123,0.795795569,-1.320008205,14.8,8.552437999999892,4.0492012299999995
668.9000000000001,1192.080901,4.461649686,-3.733751223,1215.043671,0.67319553,-1.188222481,14.8,8.162769999999863,3.7884541560000002
669.0,1192.503712,4.096907024,-3.553567154,1215.102959,0.562828605,-1.071365054,14.8,7.799247000000104,3.534078419
669.1,1192.89098,3.750768814,-3.368359848,1215.151852,0.462903398,-0.966450264,14.8,7.460872000000062,3.2878654160000003
669.2,1193.244564,3.423235055,-3.182315337,1215.191215,0.37192708,-0.862375251,14.8,7.146650999999974,3.0513079750000003
669.3000000000001,1193.566325,3.114305747,-2.996270825,1215.221912,0.289601084,-0.758834286,14.8,6.855586999999968,2.824704663
669.4000000000001,1193.858123,2.82398089,-2.810226313,1215.24481,0.21592541,-0.654643859,14.8,6.586686999999937,2.60805548
669.5,1194.121819,2.552260484,-2.624181801,1215.260772,0.15577038,-0.549118073,14.8,6.338953000000128,2.396490104
669.6,1194.359273,2.29914453,-2.438137289,1215.270665,0.107528034,-0.443561468,14.8,6.111391999999977,2.191616496
669.7,1194.572345,2.064633026,-2.252092777,1215.275352,0.070117083,-0.339776194,14.8,5.90300700000007,1.9945159430000001
669.8000000000001,1194.762897,1.848725974,-2.066505547,1215.275699,0.042456236,-0.246803823,14.8,5.712801999999964,1.806269738
669.9000000000001,1194.932788,1.651423373,-1.883662008,1215.276468,0.023464203,-0.166399913,14.8,5.543679999999949,1.62795917
670.0,1195.083879,1.472725223,-1.706305852,1215.277237,0.012059694,-0.104048328,14.8,5.3933579999999886,1.4606655290000001
670.1,1195.218031,1.312357156,-1.537180768,1215.278006,0.007688086,-0.057946917,14.8,5.259974999999894,1.30466907
670.2,1195.337104,1.168947325,-1.379030449,1215.278775,0.007688086,-0.026293529,14.8,5.141671000000041,1.161259239
670.3000000000001,1195.442957,1.040849515,-1.234598585,1215.279544,0.007688086,-0.007286014,14.8,5.036587000000008,1.033161429
670.4000000000001,1195.537453,0.926417513,-1.106171586,1215.280312,0.007688086,9.47e-12,14.8,4.94285900000018,0.9187294269999999
670.5,1195.622231,0.824005104,-0.994206734,1215.281081,0.007688086,6.25e-11,14.8,4.858850000000029,0.816317018
670.6,1195.698055,0.731966072,-0.898246746,1215.28185,0.007688086,0.045140054,14.8,4.7837950000000085,0.7242779859999999
670.7,1195.765468,0.648654204,-0.816005213,1215.282619,0.007688086,0.096378444,14.8,4.717151000000012,0.6409661179999999
670.8000000000001,1195.825014,0.572423284,-0.744738445,1215.283388,0.007688086,0.153234904,14.8,4.658374000000048,0.5647351979999999
670.9000000000001,1195.877235,0.501901468,-0.68170275,1215.284156,0.034772118,0.215229168,14.8,4.6069210000000105,0.46712935
671.0,1195.922676,0.436814385,-0.624154438,1215.284925,0.065515152,0.286972224,14.8,4.562249000000019,0.371299233
671.1,1195.961881,0.377162037,-0.569349816,1215.285694,0.099629028,0.352710044,14.8,4.523812999999972,0.277533009
671.2,1195.995391,0.322944422,-0.515002477,1215.286463,0.136825587,0.38209607,14.8,4.491071999999985,0.186118835
671.3000000000001,1196.023752,0.274161541,-0.460655137,1215.308899,0.17987142,0.408600498,14.8,4.485147000000051,0.094290121
671.4000000000001,1196.047506,0.230813395,-0.406307797,1215.334262,0.219314112,0.387083276,14.8,4.486755999999968,0.011499282999999999
671.5,1196.067198,0.192899982,-0.351960457,1215.362322,0.26402976,0.356586121,14.8,4.495123999999986,-0.071129778
671.6,1196.083369,0.160421303,-0.297613118,1215.392848,0.310675451,0.312498044,14.8,4.50947900000001,-0.150254148
671.7,1196.096564,0.133377358,-0.243265778,1215.42561,0.331878994,0.266491957,14.8,4.529046000000061,-0.19850163599999998
671.8000000000001,1196.107327,0.111768148,-0.189135531,1215.460376,0.350777259,0.216017715,14.8,4.553049000000055,-0.239009111
671.9000000000001,1196.116201,0.095593671,-0.13630784,1215.496918,0.367370247,0.154403487,14.8,4.5807170000000035,-0.271776576
672.0,1196.123729,0.084853928,-0.086085262,1215.535003,0.381657957,0.131350711,14.8,4.611274000000048,-0.296804029
672.1,1196.130454,0.079418663,-0.039770352,1215.574402,0.393640389,0.108384317,14.8,4.643947999999863,-0.314221726
672.2,1196.136921,0.078636599,0.001334334,1215.614884,0.403317544,0.085936218,14.8,4.6779630000000445,-0.324680945
672.3000000000001,1196.143672,0.081726201,0.036914615,1215.656218,0.410689421,0.064524709,14.8,4.712546000000156,-0.32896322
672.4000000000001,1196.151252,0.087905937,0.063148119,1215.698174,0.415807849,0.044668086,14.8,4.746921999999994,-0.327901912
672.5,1196.160099,0.096394271,0.082098222,1215.740522,0.418931978,0.026884643,14.8,4.780423000000109,-0.32253770699999995
672.6,1196.170236,0.107002697,0.093678301,1215.78303,0.420372782,0.011623157,14.8,4.812794000000121,-0.313370085
672.7,1196.181582,0.117307535,0.098745599,1215.825469,0.42044124,-0.000930304,14.8,4.843887000000176,-0.303133705
672.8000000000001,1196.194053,0.127895532,0.098602673,1215.867649,0.419448329,-0.009534715,14.8,4.873596000000088,-0.29155279700000003
672.9000000000001,1196.20757,0.137933182,0.0935637,1215.909548,0.417663315,-0.015570136,14.8,4.901978000000053,-0.279730133
673.0,1196.222049,0.147153296,0.08766815,1215.951182,0.415249667,-0.019014082,14.8,4.929133000000046,-0.268096371
673.1,1196.237409,0.155555874,0.079938107,1215.992571,0.413211149,-0.020384848,14.8,4.955161999999927,-0.25765527499999996
673.2,1196.253569,0.163140917,0.071762751,1216.033733,0.411030701,-0.020080617,14.8,4.980164000000013,-0.247889784
673.3000000000001,1196.270446,0.169908425,0.063587395,1216.074686,0.409032791,-0.01852562,14.8,5.004239999999935,-0.239124366
673.4000000000001,1196.287959,0.175858396,0.055412039,1216.115448,0.40721742,-0.017241014,14.8,5.027489000000013,-0.231359024
673.5,1196.306026,0.180990832,0.047236682,1216.156038,0.405584588,-0.015415627,14.8,5.050012000000105,-0.22459375600000003
673.6,1196.324566,0.185305733,0.039061326,1216.196474,0.404134295,-0.01359024,14.8,5.071908000000075,-0.21882856199999998
673.7,1196.343496,0.188803098,0.03088597,1216.236774,0.40286654,-0.011764853,14.8,5.093278000000009,-0.214063442
673.8000000000001,1196.362735,0.191482927,0.02273668,1216.276956,0.401781324,-0.009939465,14.8,5.114220999999997,-0.210298397
673.9000000000001,1196.382202,0.19334522,0.014743782,1216.317039,0.400878647,-0.008114078,14.8,5.134837000000015,-0.20753342699999996
674.0,1196.401813,0.194389978,0.007063671,1216.35704,0.400158509,-0.006288691,14.8,5.155227000000149,-0.205768531
674.1,1196.421488,0.19463284,-0.00014726,1216.396979,0.399620909,-0.004463304,14.8,5.175491000000147,-0.20498806900000002
674.2,1196.441145,0.194152002,-0.006732618,1216.436873,0.399265848,-0.002660087,14.8,5.1957280000000985,-0.205113846
674.3000000000001,1196.460703,0.193041301,-0.01253601,1216.476741,0.399093326,-0.000989893,14.8,5.21603799999998,-0.20605202500000003
674.4000000000001,1196.480078,0.191394571,-0.017427107,1216.516601,0.399103342,0.000334081,14.8,5.236522999999988,-0.20770877100000001
674.5,1196.499203,0.18930565,-0.021379846,1216.556471,0.399282595,0.00141934,14.8,5.257268000000021,-0.20997694500000003
674.6,1196.518057,0.186868373,-0.02442029,1216.596369,0.399564573,0.001892334,14.8,5.278312000000096,-0.21269619999999997
674.7,1196.536635,0.184176576,-0.026678769,1216.636313,0.399821357,0.001700216,14.8,5.299678000000039,-0.21564478099999998
674.8000000000001,1196.554929,0.181324095,-0.028311674,1216.676323,0.400117452,0.000732134,14.8,5.321394000000009,-0.218793357
674.9000000000001,1196.572933,0.178389126,-0.029475399,1216.716405,0.400228726,-0.001034082,14.8,5.343471999999974,-0.22183959999999997
675.0,1196.59064,0.17538731,-0.030326338,1216.756525,0.400123471,-0.003496084,14.8,5.365885000000116,-0.22473616100000002
675.1,1196.608044,0.172318646,-0.031020884,1216.796637,0.399721875,-0.006783552,14.8,5.3885929999998545,-0.227403229
675.2,1196.625137,0.169183133,-0.031689364,1216.836695,0.398944124,-0.010522932,14.8,5.4115579999999674,-0.229760991
675.3000000000001,1196.641914,0.165980773,-0.032357844,1216.876654,0.397723707,-0.014661379,14.8,5.434739999999874,-0.23174293399999998
675.4000000000001,1196.658367,0.162711564,-0.033026325,1216.916467,0.396047321,-0.019065871,14.8,5.458100000000012,-0.233335757
675.5,1196.67449,0.159375508,-0.033694805,1216.956091,0.393914967,-0.023603385,14.8,5.481600999999909,-0.234539459
675.6,1196.690275,0.155972603,-0.034363285,1216.995478,0.391326644,-0.028163069,14.8,5.505203000000119,-0.235354041
675.7,1196.705718,0.152502851,-0.035031765,1217.034584,0.388282353,-0.032722754,14.8,5.528866000000061,-0.23577950200000003
675.8000000000001,1196.720809,0.14896625,-0.035700245,1217.073363,0.384782093,-0.037282438,14.8,5.552554000000054,-0.235815843
675.9000000000001,1196.735544,0.145362802,-0.0361507,1217.111769,0.380825865,-0.041842123,14.8,5.576225000000203,-0.23546306299999997
676.0,1196.749915,0.141692505,-0.036702966,1217.149756,0.376413669,-0.046401807,14.8,5.599840999999923,-0.234721164
676.1,1196.763916,0.13795536,-0.036724572,1217.187279,0.371545504,-0.050961492,14.8,5.62336299999988,-0.23359014400000003
676.2,1196.77754,0.134285064,-0.036048562,1217.224293,0.36622137,-0.054634571,14.8,5.6467529999999435,-0.23193630599999998
676.3000000000001,1196.79078,0.130454948,-0.03450045,1217.260752,0.360441268,-0.058180992,14.8,5.66997199999987,-0.22998632
676.4000000000001,1196.803629,0.126931507,-0.031862211,1217.296609,0.354205198,-0.060318844,14.8,5.692979999999988,-0.227273691
676.5,1196.816082,0.123733665,-0.028138645,1217.331821,0.348045123,-0.058956198,14.8,5.715738999999939,-0.22431145800000002
676.6,1196.828148,0.120992235,-0.022733949,1217.36634,0.341505073,-0.05375204,14.8,5.73819199999998,-0.220512838
676.7,1196.839908,0.118838034,-0.016243927,1217.400122,0.335354197,-0.043745992,14.8,5.7602140000000865,-0.21651616300000004
676.8000000000001,1196.851461,0.117401877,-0.008663778,1217.43312,0.330847651,-0.028864282,14.8,5.781658999999944,-0.21344577400000003
676.9000000000001,1196.862903,0.116814578,-0.000211527,1217.465367,0.328190044,-0.007386584,14.8,5.802464000000054,-0.211375466
677.0,1196.874334,0.117185151,0.008894801,1217.4972,0.327957603,0.020205506,14.8,5.82286599999993,-0.210772452
677.1,1196.88585,0.118535398,0.018437179,1217.529035,0.330726553,0.05198012,14.8,5.84318500000013,-0.21219115499999996
677.2,1196.897551,0.120865319,0.028197583,1217.561288,0.337073123,0.087596247,14.8,5.863737000000082,-0.21620780399999998
677.3000000000001,1196.909533,0.124174915,0.037994324,1217.594373,0.3474775,0.126093507,14.8,5.884839999999894,-0.223302585
677.4000000000001,1196.921896,0.128464184,0.047791066,1217.628706,0.362035724,0.166511524,14.8,5.906809999999904,-0.23357154
677.5,1196.934736,0.133733128,0.057587807,1217.664703,0.380747793,0.207889918,14.8,5.929966999999987,-0.247014665
677.6,1196.948153,0.139981746,0.067384549,1217.702779,0.403613707,0.249428375,14.8,5.954625999999916,-0.26363196099999997
677.7,1196.962243,0.147210038,0.07718129,1217.743349,0.430633468,0.290966832,14.8,5.9811060000001355,-0.28342343000000003
677.8000000000001,1196.977105,0.155418004,0.086978032,1217.786828,0.461807074,0.33250529,14.8,6.009723000000076,-0.30638907
677.9000000000001,1196.992837,0.164605644,0.096734145,1217.833633,0.497134526,0.374043747,14.8,6.040795999999954,-0.332528882
678.0,1197.009536,0.174772958,0.10624649,1217.884178,0.536615823,0.415582204,14.8,6.074641999999994,-0.36184286499999996
678.1,1197.027301,0.185919947,0.1152713,1217.93888,0.580250966,0.457120661,14.8,6.111578999999846,-0.394331019
678.2,1197.04623,0.198022233,0.123564805,1217.998152,0.628039955,0.498215716,14.8,6.151921999999967,-0.430017722
678.3000000000001,1197.066421,0.210957932,0.130883238,1218.062411,0.67998279,0.536650356,14.8,6.195990000000119,-0.46902485799999993
678.4000000000001,1197.087971,0.224580784,0.137292515,1218.132071,0.736079471,0.567862743,14.8,6.244100000000071,-0.511498687
678.5,1197.110979,0.238744527,0.141660444,1218.20755,0.796063955,0.594896729,14.8,6.296571000000039,-0.557319428
678.6,1197.135523,0.253302901,0.144875449,1218.28926,0.858606036,0.609387632,14.8,6.353737000000091,-0.605303135
678.7,1197.161603,0.268295456,0.146668474,1218.377619,0.920968612,0.61057646,14.8,6.416016000000081,-0.6526731560000001
678.8000000000001,1197.189201,0.283018499,0.147242658,1218.473042,0.984977993,0.596246199,14.8,6.483841000000165,-0.701959494
678.9000000000001,1197.218297,0.297883201,0.146841771,1218.575731,1.045615369,0.565953447,14.8,6.557434000000011,-0.7477321680000001
679.0,1197.248873,0.312581868,0.145399895,1218.685037,1.102425346,0.522043028,14.8,6.636163999999962,-0.789843478
679.1,1197.280909,0.327090122,0.144089852,1218.800098,1.153811674,0.461027691,14.8,6.719188999999869,-0.826721552
679.2,1197.314386,0.341407964,0.142226356,1218.920054,1.198178105,0.391272114,14.8,6.805667999999923,-0.8567701409999999
679.3000000000001,1197.349285,0.355535393,0.140322232,1219.044042,1.234194429,0.313535293,14.8,6.894756999999981,-0.878659036
679.4000000000001,1197.385588,0.36947241,0.138418109,1219.171201,1.261594607,0.23047764,14.8,6.985613000000011,-0.892122197
679.5,1197.423275,0.383219015,0.136513985,1219.300669,1.280378638,0.144759573,14.8,7.077393999999867,-0.897159623
679.6,1197.462327,0.396775207,0.134609861,1219.431585,1.290546522,0.058598103,14.8,7.169258000000081,-0.8937713150000001
679.7,1197.502725,0.410140987,0.132705738,1219.563086,1.292098259,-0.027563367,14.8,7.2603610000000565,-0.8819572720000001
679.8000000000001,1197.544451,0.423316355,0.130801614,1219.694312,1.285033848,-0.113724837,14.8,7.3498610000001,-0.8617174930000001
679.9000000000001,1197.587484,0.43630131,0.128885281,1219.824401,1.269353291,-0.199886307,14.8,7.436917000000175,-0.8330519810000001
680.0,1197.631806,0.449095853,0.126895692,1219.952491,1.245056587,-0.286047776,14.8,7.5206849999999115,-0.7959607340000001
680.1,1197.677398,0.461699983,0.124759592,1220.07772,1.212143736,-0.372209246,14.8,7.600321999999959,-0.7504437530000001
680.2,1197.724241,0.474106376,0.122403725,1220.199228,1.170614738,-0.457777734,14.8,7.674987000000055,-0.6965083620000001
680.3000000000001,1197.772316,0.486278403,0.119754834,1220.316151,1.120469593,-0.539788331,14.8,7.743834999999944,-0.6341911899999999
680.4000000000001,1197.821604,0.49817211,0.116739665,1220.42763,1.061708301,-0.614683145,14.8,7.806025999999928,-0.5635361909999999
680.5,1197.872085,0.509743545,0.11329717,1220.532801,0.994686651,-0.678904285,14.8,7.860716000000092,-0.484943106
680.6,1197.923736,0.520948753,0.109415141,1220.630804,0.921183589,-0.728893859,14.8,7.907067999999935,-0.400234836
680.7,1197.976507,0.531743782,0.105105787,1220.720777,0.843333849,-0.761093977,14.8,7.944269999999914,-0.3115900669999999
680.8000000000001,1198.030344,0.542084678,0.100430154,1220.801858,0.763272167,-0.772539728,14.8,7.971514000000024,-0.22118748899999996
680.9000000000001,1198.085193,0.551927487,0.095461498,1220.87347,0.683133277,-0.762638131,14.8,7.988277000000107,-0.13120579
681.0,1198.141,0.561235582,0.090273074,1220.936175,0.605051915,-0.731982168,14.8,7.995174999999971,-0.043816332999999985
681.1,1198.197711,0.570001637,0.084938139,1220.990819,0.531162814,-0.683536749,14.8,7.993108000000074,0.03883882299999997
681.2,1198.255272,0.578225652,0.079529949,1221.038248,0.46360071,-0.620859763,14.8,7.982975999999962,0.11462494199999995
681.3000000000001,1198.313627,0.585907627,0.074109549,1221.079308,0.404144548,-0.547509104,14.8,7.965681000000085,0.181763079
681.4000000000001,1198.372724,0.593047562,0.068689149,1221.114846,0.353150118,-0.467042662,14.8,7.94212199999988,0.23989744399999996
681.5,1198.432508,0.599645457,0.063268749,1221.145707,0.310617419,-0.383018328,14.8,7.913198999999803,0.28902803800000004
681.6,1198.492924,0.605701312,0.057848349,1221.172738,0.276546452,-0.298401013,14.8,7.879814000000078,0.32915486
681.7,1198.553919,0.611215126,0.052427949,1221.196785,0.250937217,-0.213783698,14.8,7.842866000000139,0.36027790900000006
681.8000000000001,1198.615438,0.616186901,0.047007549,1221.218695,0.233789713,-0.129166382,14.8,7.803256999999984,0.38239718799999994
681.9000000000001,1198.677428,0.620616636,0.042641116,1221.239312,0.22510394,-0.044549067,14.8,7.761883999999963,0.39551269600000005
682.0,1198.739833,0.624504331,0.038425249,1221.259485,0.224879899,0.040068248,14.8,7.71965199999995,0.39962443200000003
682.1,1198.8026,0.627849986,0.036107988,1221.280058,0.23311759,0.124685564,14.8,7.677458000000069,0.394732396
682.2,1198.865674,0.631285981,0.038035018,1221.301877,0.249817012,0.209302879,14.8,7.636203000000204,0.381468969
682.3000000000001,1198.929001,0.634270276,0.04472795,1221.32579,0.274978166,0.293624463,14.8,7.5967890000001255,0.35929210999999994
682.4000000000001,1198.992528,0.637851694,0.057378257,1221.352642,0.308601051,0.376171661,14.8,7.560114000000066,0.32925064299999995
682.5,1199.056199,0.643437647,0.07612345,1221.383279,0.350685668,0.455170085,14.8,7.5270799999997955,0.29275197899999994
682.6,1199.120057,0.651341101,0.103058402,1221.418548,0.401054577,0.528845349,14.8,7.498491000000012,0.25028652399999995
682.7,1199.184522,0.66227694,0.137427972,1221.459295,0.458820586,0.595423067,14.8,7.474773000000095,0.20345635400000006
682.8000000000001,1199.250114,0.676960051,0.177085051,1221.506366,0.522919063,0.653128852,14.8,7.456252000000131,0.154040988
682.9000000000001,1199.31735,0.696105317,0.221508032,1221.560606,0.592285375,0.700484048,14.8,7.443255999999973,0.103819942
683.0,1199.386747,0.720308477,0.269505438,1221.622721,0.665854891,0.737377339,14.8,7.435973999999941,0.054453586000000054
683.1,1199.458823,0.749688678,0.319885795,1221.692847,0.742562979,0.763658787,14.8,7.43402400000009,0.007125699000000041
683.2,1199.534096,0.78424592,0.371457627,1221.770977,0.821345006,0.781037566,14.8,7.436880999999811,-0.037099086
683.3000000000001,1199.613083,0.823980203,0.423228038,1221.857108,0.901246989,0.791426374,14.8,7.444024999999964,-0.07726678600000003
683.4000000000001,1199.696303,0.868891528,0.474998449,1221.951232,0.981114335,0.796492022,14.8,7.454928999999947,-0.11222280699999998
683.5,1199.784273,0.918979893,0.52676886,1222.053345,1.060907915,0.797981902,14.8,7.46907200000005,-0.141928022
683.6,1199.877511,0.9742453,0.578539271,1222.163442,1.140710715,0.79756697,14.8,7.485931000000118,-0.166465415
683.7,1199.976534,1.034687747,0.630309682,1222.281515,1.220458192,0.797090566,14.8,7.504980999999997,-0.18577044499999995
683.8000000000001,1200.08186,1.100307236,0.682080093,1222.407561,1.300150344,0.796644898,14.8,7.52570099999998,-0.19984310800000005
683.9000000000001,1200.194007,1.171103766,0.733850504,1222.541573,1.379787171,0.796091655,14.8,7.5475659999999145,-0.20868340499999993
684.0,1200.313492,1.247077337,0.785364837,1222.683546,1.459368675,0.795538412,14.8,7.570053999999981,-0.212291338
684.1,1200.440834,1.328227949,0.8353427,1222.833474,1.538894854,0.795092744,14.8,7.592640000000028,-0.21066690500000007
684.2,1200.576549,1.414555602,0.882247625,1222.991353,1.618365709,0.79461634,14.8,7.614803999999776,-0.20381010700000002
684.3000000000001,1200.721156,1.505906649,0.924543142,1223.157175,1.697781239,0.794258803,14.8,7.636018999999987,-0.19187459000000007
684.4000000000001,1200.875173,1.601512856,0.961617531,1223.330936,1.77720599,0.7963664,14.8,7.65576300000016,-0.17569313399999986
684.5,1201.039116,1.700452341,0.989160074,1223.512631,1.856556975,0.803035438,14.8,7.673515000000133,-0.15610463399999985
684.6,1201.213504,1.801803222,1.008664629,1223.702253,1.935923956,0.816546638,14.8,7.68874899999987,-0.1341207339999999
684.7,1201.398732,1.905198468,1.018950367,1223.899798,2.016714694,0.839073144,14.8,7.701065999999809,-0.111516226
684.8000000000001,1201.594702,2.008051646,1.020273368,1224.105259,2.100186972,0.873033989,14.8,7.7105569999998345,-0.09213532599999974
684.9000000000001,1201.801196,2.111105426,1.013914022,1224.318631,2.187709222,0.920560289,14.8,7.717435000000204,-0.07660379600000011
685.0,1202.017992,2.212883076,1.000484049,1224.540092,2.280649877,0.981586498,14.8,7.722099999999909,-0.06776680100000032
685.1,1202.244871,2.312616362,0.984294168,1224.770547,2.380377369,1.05591691,14.8,7.725675999999975,-0.0677610070000001
685.2,1202.481614,2.410151635,0.964106598,1225.011086,2.48826013,1.141650923,14.8,7.729471999999941,-0.07810849499999994
685.3000000000001,1202.728,2.505488897,0.942382558,1225.262798,2.605666593,1.236507819,14.8,7.734797999999909,-0.10017769599999982
685.4000000000001,1202.983811,2.598628147,0.920402441,1225.526773,2.733737117,1.338206875,14.8,7.742961999999988,-0.1351089700000001
685.5,1203.248825,2.689569385,0.898422323,1225.8041,2.872699776,1.444467373,14.8,7.7552750000001645,-0.18313039100000017
685.6,1203.522824,2.778312611,0.876442205,1226.095867,3.022554568,1.553008591,14.8,7.773043000000097,-0.24424195699999984
685.7,1203.805587,2.864857826,0.854462088,1226.403165,3.183301494,1.661929929,14.8,7.797577999999884,-0.318443668
685.8000000000001,1204.096894,2.949205029,0.83248197,1226.727081,3.354940554,1.770851267,14.8,7.830186999999977,-0.4057355250000003
685.9000000000001,1204.396527,3.03135422,0.810501853,1227.068707,3.537471747,1.879772606,14.8,7.872179999999798,-0.5061175270000002
686.0,1204.704264,3.111305399,0.788534316,1227.42913,3.730895075,1.988693944,14.8,7.924866000000019,-0.6195896759999999
686.1,1205.019887,3.189058567,0.766642263,1227.80944,3.935210536,2.097615282,14.8,7.989553000000068,-0.746151969
686.2,1205.343175,3.264613723,0.744901179,1228.210726,4.150418131,2.20653662,14.8,8.067551000000048,-0.8858044080000003
686.3000000000001,1205.673909,3.337978415,0.723386549,1228.634077,4.37651786,2.314436373,14.8,8.160167999999839,-1.038539445
686.4000000000001,1206.011868,3.409190387,0.702173855,1229.080583,4.613509723,2.416206617,14.8,8.268714999999883,-1.2043193359999997
686.5,1206.356834,3.478294928,0.681338583,1229.551333,4.861393719,2.505717843,14.8,8.394499000000177,-1.3830987909999997
686.6,1206.708585,3.545337329,0.660943637,1230.047416,5.119556899,2.576840541,14.8,8.538831000000027,-1.57421957
686.7,1207.066909,3.61036288,0.641001597,1230.569921,5.384934507,2.623445203,14.8,8.703012000000125,-1.7745716269999998
686.8000000000001,1207.431616,3.673416873,0.621499882,1231.119937,5.653848837,2.639402318,14.8,8.88832099999986,-1.980431964
686.9000000000001,1207.802523,3.734544598,0.602375589,1231.698555,5.922622185,2.619603963,14.8,9.096031999999877,-2.188077587
687.0,1208.179445,3.793791345,0.583553233,1232.306371,6.187576845,2.563028553,14.8,9.326925999999911,-2.3937855
687.1,1208.562199,3.851194857,0.56495733,1232.942025,6.44503511,2.470697673,14.8,9.579826000000093,-2.593840253
687.2,1208.950601,3.906762682,0.546512396,1233.603662,6.691319277,2.347719247,14.8,9.853060999999979,-2.7845565949999997
687.3000000000001,1209.344469,3.96049482,0.528142946,1234.289431,6.922751639,2.200222784,14.8,10.144962000000032,-2.9622568190000003
687.4000000000001,1209.743618,4.012391271,0.509786077,1234.997477,7.136267441,2.034337793,14.8,10.45385899999992,-3.12387617
687.5,1210.147865,4.062452035,0.491429208,1235.725949,7.331253733,1.856193785,14.8,10.77808399999999,-3.268801698
687.6,1210.557027,4.110677112,0.473072339,1236.472993,7.507710515,1.671920266,14.8,11.115966000000025,-3.397033403
687.7,1210.970919,4.157066503,0.45471547,1237.236756,7.665637786,1.486625163,14.8,11.465836999999919,-3.5085712829999993
687.8000000000001,1211.389358,4.201620206,0.436358601,1238.015385,7.805035548,1.301330061,14.8,11.826027000000021,-3.603415342
687.9000000000001,1211.81216,4.244338223,0.418001732,1238.807028,7.925903799,1.116034958,14.8,12.194867999999996,-3.6815655760000006
688.0,1212.239143,4.285220553,0.400019474,1239.609831,8.028242539,0.930739855,14.8,12.570687999999972,-3.7430219860000005
688.1,1212.670122,4.324267195,0.387073151,1240.421941,8.112051769,0.745444752,14.8,12.951819000000068,-3.7877845740000007
688.2,1213.104914,4.361478151,0.373045631,1241.241506,8.177331489,0.560149649,14.8,13.336592000000064,-3.815853338
688.3000000000001,1213.543336,4.397078187,0.368549383,1242.066672,8.224081699,0.375974622,14.8,13.723335999999971,-3.827003511999999
688.4000000000001,1213.985203,4.433864097,0.373043807,1242.895587,8.252302399,0.198520056,14.8,14.110384000000021,-3.8184383019999997
688.5,1214.430332,4.468165602,0.388776572,1243.726397,8.261993588,0.034506411,14.8,14.496064999999998,-3.7938279859999993
688.6,1214.87854,4.506350182,0.417620735,1244.55725,8.253827313,-0.109345854,14.8,14.878710000000137,-3.747477131
688.7,1215.329823,4.54809348,0.457162641,1245.386293,8.231163803,-0.226316277,14.8,15.25646999999999,-3.683070322999999
688.8000000000001,1215.784896,4.594744095,0.515392478,1246.211673,8.198035336,-0.3096844,14.8,15.626777000000128,-3.603291241
688.9000000000001,1216.244655,4.647650628,0.582072389,1247.031536,8.158474187,-0.353849837,14.8,15.986880999999993,-3.5108235589999994
689.0,1216.709995,4.708161682,0.657742973,1247.844568,8.116512632,-0.357692513,14.8,16.334573000000045,-3.408350949999999
689.1,1217.181811,4.777401088,0.740156561,1248.651603,8.076182948,-0.322332504,14.8,16.669792000000097,-3.298781859999999
689.2,1217.660998,4.855593616,0.827065486,1249.454015,8.04151741,-0.253370194,14.8,16.993016999999963,-3.1859237940000007
689.3000000000001,1218.148453,4.942739263,0.916222079,1250.253177,8.016548295,-0.157526043,14.8,17.304724000000032,-3.0738090319999998
689.4000000000001,1218.64507,5.038838032,1.005753284,1251.050461,8.004635833,-0.041520511,14.8,17.605391000000008,-2.965797801
689.5,1219.151744,5.14388992,1.095284488,1251.84724,8.00645207,0.087925941,14.8,17.895496000000048,-2.8625621499999996
689.6,1219.669371,5.257894929,1.184815693,1252.644887,8.021997006,0.224092854,14.8,18.17551599999997,-2.7641020769999995
689.7,1220.198846,5.380853059,1.274346897,1253.444775,8.051270641,0.361379844,14.8,18.445928999999932,-2.6704175820000007
689.8000000000001,1220.741065,5.512764309,1.363878102,1254.248276,8.094272975,0.498666833,14.8,18.707211000000097,-2.5815086660000013
689.9000000000001,1221.296923,5.653628679,1.453409306,1255.056765,8.151004008,0.635953823,14.8,18.959841999999934,-2.4973753289999996
690.0,1221.867314,5.80344617,1.542404503,1255.871613,8.22146374,0.773240812,14.8,19.204298999999946,-2.418017570000001
690.1,1222.453135,5.962216781,1.62818365,1256.694193,8.30565217,0.910527801,14.8,19.441058000000066,-2.3434353889999997
690.2,1223.055281,6.129940513,1.707530699,1257.525879,8.4035693,1.047814791,14.8,19.67059800000011,-2.273628786999999
690.3000000000001,1223.674647,6.30629576,1.777229601,1258.368043,8.515215128,1.18510178,14.8,19.893395999999893,-2.208919367999999
690.4000000000001,1224.312128,6.489674498,1.834064306,1259.222058,8.640589656,1.321530893,14.8,20.10993000000003,-2.150915157999999
690.5,1224.96862,6.678147098,1.874818766,1260.089296,8.779692882,1.452812748,14.8,20.320676000000002,-2.1015457840000007
690.6,1225.645017,6.86978393,1.89681294,1260.971132,8.932524808,1.573800084,14.8,20.526114999999844,-2.0627408780000005
690.7,1226.341959,7.062655365,1.899510819,1261.868937,9.098570706,1.679345644,14.8,20.72697799999987,-2.035915341
690.8000000000001,1227.059054,7.254831773,1.883448412,1262.784085,9.275256948,1.764302168,14.8,20.925030999999944,-2.020425174999999
690.9000000000001,1227.795653,7.444383524,1.851305759,1263.717948,9.459495179,1.823522399,14.8,21.122295000000076,-2.0151116549999992
691.0,1228.551108,7.62938099,1.80629891,1264.671899,9.648197042,1.852716952,14.8,21.320790999999826,-2.018816052
691.1,1229.324771,7.808216145,1.751643914,1265.646899,9.838274183,1.851027953,14.8,21.52212800000002,-2.030058037999999
691.2,1230.115993,7.980567386,1.69055682,1266.642263,10.02663825,1.819313276,14.8,21.726270000000067,-2.046070864
691.3000000000001,1230.924127,8.146434711,1.626253677,1267.656892,10.21020088,1.761862306,14.8,21.93276499999997,-2.063766169000001
691.4000000000001,1231.748522,8.305818121,1.561414525,1268.689689,10.38587372,1.6838223,14.8,22.14116699999995,-2.0800555989999996
691.5,1232.588532,8.458717616,1.496575374,1269.739556,10.55108314,1.590340518,14.8,22.351024000000006,-2.092365524
691.6,1233.443508,8.605133196,1.431736222,1270.805395,10.70531443,1.486564218,14.8,22.561887000000024,-2.100181233999999
691.7,1234.312801,8.74506486,1.36689707,1271.886108,10.84856756,1.377640659,14.8,22.773306999999885,-2.1035027
691.8000000000001,1235.195763,8.87851261,1.302057919,1272.980598,10.98084256,1.267859223,14.8,22.984835000000157,-2.1023299499999997
691.9000000000001,1236.091745,9.005476444,1.237218767,1274.087766,11.10213941,1.158077788,14.8,23.196021000000155,-2.0966629660000002
692.0,1237.0001,9.125956363,1.172614105,1275.206515,11.21245812,1.048296352,14.8,23.406415000000106,-2.0865017570000006
692.1,1237.920178,9.239952367,1.109416374,1276.335747,11.31179868,0.938514917,14.8,23.615569000000004,-2.071846313
692.2,1238.851332,9.347464456,1.04903251,1277.474363,11.4001611,0.828733482,14.8,23.823031000000082,-2.052696643999999
692.3000000000001,1239.792913,9.448633323,0.992869443,1278.621268,11.47754537,0.718952046,14.8,24.0283550000001,-2.0289120470000004
692.4000000000001,1240.744273,9.544162435,0.942334107,1279.775362,11.54395151,0.609287706,14.8,24.231089000000065,-1.999789074999999
692.5,1241.704763,9.63489595,0.898833434,1280.935547,11.5993795,0.500325935,14.8,24.430784000000084,-1.9644835499999989
692.6,1242.673734,9.721678029,0.862876485,1282.100727,11.64382934,0.392769303,14.8,24.626993000000038,-1.9221513110000004
692.7,1243.650652,9.805352831,0.83616414,1283.269802,11.6773713,0.28732038,14.8,24.81914999999999,-1.8720184690000004
692.8000000000001,1244.63543,9.886764517,0.818043036,1284.441676,11.70035666,0.184681735,14.8,25.006245999999873,-1.813592143000001
692.9000000000001,1245.628095,9.966359214,0.806432837,1285.61525,11.71320696,0.085555937,14.8,25.18715500000003,-1.7468477460000003
693.0,1246.628675,10.04586092,0.800450369,1286.789427,11.71634374,-0.009471538,14.8,25.360752,-1.6704828199999984
693.1,1247.637196,10.12572177,0.798688698,1287.963165,11.71018854,-0.100283595,14.8,25.525968999999986,-1.5844667700000006
693.2,1248.653684,10.20553773,0.800404277,1289.135647,11.69516291,-0.18699733,14.8,25.68196299999995,-1.4896251800000009
693.3000000000001,1249.678168,10.28562305,0.802723779,1290.306113,11.67168838,-0.270198218,14.8,25.82794500000018,-1.386065330000001
693.4000000000001,1250.710674,10.36597774,0.804893637,1291.473802,11.6401865,-0.350588827,14.8,25.96312800000005,-1.2742087600000005
693.5,1251.751229,10.44660178,0.807587253,1292.637953,11.60100856,-0.428871728,14.8,26.086723999999958,-1.1544067800000004
693.6,1252.79986,10.52749519,0.81028087,1293.797806,11.5542248,-0.505749489,14.8,26.197945999999956,-1.0267296100000003
693.7,1253.856594,10.60865795,0.812974486,1294.952601,11.49983524,-0.581924681,14.8,26.29600699999987,-0.8911772899999999
693.8000000000001,1254.921457,10.69009008,0.815668102,1296.101576,11.43783987,-0.657982778,14.8,26.380119000000104,-0.7477497900000003
693.9000000000001,1255.994477,10.77179157,0.818361719,1297.243972,11.36823869,-0.734040875,14.8,26.449495000000024,-0.5964471200000006
694.0,1257.075681,10.85376243,0.820531576,1298.379027,11.29103169,-0.810098972,14.8,26.50334599999992,-0.43726926000000077
694.1,1258.165095,10.93600264,0.822626611,1299.505981,11.20621889,-0.886157069,14.8,26.540885999999954,-0.2702162500000007
694.2,1259.262746,11.01851222,0.824093715,1300.624073,11.11380028,-0.962215166,14.8,26.561326999999846,-0.09528805999999967
694.3000000000001,1260.368663,11.1009769,0.821208807,1301.732544,11.01377586,-1.038273263,14.8,26.56388099999999,0.08720103999999829
694.4000000000001,1261.48287,11.18366605,0.81303898,1302.830632,10.90614563,-1.113834925,14.8,26.547761999999874,0.2775204200000001
694.5,1262.605396,11.2662478,0.797822595,1303.917576,10.79090959,-1.186417977,14.8,26.512180000000125,0.4753382100000003
694.6,1263.736267,11.34648771,0.774321772,1304.992616,10.66806774,-1.253043807,14.8,26.456349,0.6784199700000002
694.7,1264.87551,11.42382603,0.740325936,1306.054992,10.53791794,-1.310733807,14.8,26.379482000000007,0.8859080900000009
694.8000000000001,1266.023011,11.49720577,0.694626554,1307.103943,10.40194949,-1.356509365,14.8,26.280932000000075,1.095256280000001
694.9000000000001,1267.178093,11.56556996,0.639479676,1308.138709,10.26194957,-1.387391872,14.8,26.160616000000072,1.303620389999999
695.0,1268.339937,11.62786161,0.5755246,1309.158528,10.11970534,-1.400899151,14.8,26.01859099999997,1.5081562700000006
695.1,1269.507723,11.68302374,0.504522967,1310.162878,9.977003967,-1.396534768,14.8,25.85515500000015,1.7060197729999995
695.2,1270.680635,11.73017552,0.428236416,1311.152191,9.835632613,-1.374795158,14.8,25.671555999999963,1.894542907
695.3000000000001,1271.857852,11.76914079,0.348426586,1312.127136,9.697378446,-1.338162496,14.8,25.46928399999997,2.0717623439999997
695.4000000000001,1273.038556,11.79991956,0.266855116,1313.088381,9.564028633,-1.289615393,14.8,25.249825000000055,2.235890927
695.5,1274.221929,11.82251181,0.18499004,1314.036596,9.437072479,-1.232132458,14.8,25.01466699999987,2.3854393310000006
695.6,1275.407152,11.83691756,0.103124964,1314.972449,9.316807845,-1.168692303,14.8,24.7652970000001,2.5201097150000003
695.7,1276.593406,11.84313681,0.021259887,1315.896611,9.203234731,-1.102273538,14.8,24.503204999999934,2.6399020790000005
695.8000000000001,1277.779872,11.84116954,-0.060605189,1316.809751,9.096353138,-1.035358337,14.8,24.229878999999936,2.7448164019999997
695.9000000000001,1278.965733,11.83101577,-0.142470265,1317.712536,8.996163064,-0.968443136,14.8,23.946803,2.8348527060000013
696.0,1280.150169,11.81267549,-0.224335341,1318.605637,8.90266451,-0.901527936,14.8,23.655467999999882,2.910010980000001
696.1,1281.332361,11.7861487,-0.306085818,1319.489723,8.815857477,-0.834612735,14.8,23.35736199999992,2.9702912230000003
696.2,1282.511492,11.7514354,-0.387148699,1320.365463,8.735741963,-0.767697535,14.8,23.053971,3.0156934369999995
696.3000000000001,1283.686741,11.7085356,-0.466836388,1321.233526,8.66231797,-0.700782334,14.8,22.746785,3.0462176299999992
696.4000000000001,1284.857292,11.65751805,-0.54446129,1322.094581,8.595585497,-0.633867133,14.8,22.437289000000145,3.061932553
696.5,1286.022325,11.59872655,-0.619335808,1322.949297,8.535544543,-0.566839352,14.8,22.126971999999977,3.063182007
696.6,1287.181021,11.53257365,-0.690772346,1323.798344,8.48219511,-0.499136086,14.8,21.81732299999994,3.0503785400000005
696.7,1288.332561,11.45947193,-0.758197908,1324.642391,8.435537197,-0.430081851,14.8,21.509830000000147,3.023934732999999
696.8000000000001,1289.476183,11.37983392,-0.821497895,1325.482106,8.395638352,-0.359001163,14.8,21.205922999999938,2.9841955679999987
696.9000000000001,1290.611342,11.29407219,-0.880786906,1326.318159,8.362836318,-0.285218537,14.8,20.906817,2.9312358720000002
697.0,1291.737551,11.2025993,-0.936637938,1327.151219,8.337536386,-0.208058489,14.8,20.613668000000143,2.8650629139999992
697.1,1292.854319,11.10582781,-0.989738585,1327.981956,8.320143845,-0.126958114,14.8,20.32763700000005,2.7856839649999987
697.2,1293.961159,11.00410151,-1.040776445,1328.811092,8.311063988,-0.041804833,14.8,20.049932999999964,2.693037521999999
697.3000000000001,1295.057582,10.89748916,-1.090439114,1329.639566,8.310702104,0.047288775,14.8,19.781984000000147,2.5867870559999986
697.4000000000001,1296.1431,10.78599077,-1.139414186,1330.468373,8.319463484,0.139759805,14.8,19.525272999999924,2.466527286
697.5,1297.217224,10.66960633,-1.188274659,1331.298506,8.337753419,0.234932773,14.8,19.2812820000001,2.3318529110000004
697.6,1298.279464,10.54833584,-1.237135132,1332.130957,8.365909651,0.332132194,14.8,19.051493000000118,2.182426188999999
697.7,1299.329334,10.4221793,-1.285995605,1332.966721,8.403999728,0.430682584,14.8,18.83738699999999,2.0181795719999993
697.8000000000001,1300.366343,10.29113672,-1.334856078,1333.80679,8.452023651,0.529908459,14.8,18.640447000000176,1.8391130690000015
697.9000000000001,1301.390004,10.15520808,-1.383716551,1334.652158,8.50998142,0.629246914,14.8,18.46215400000001,1.6452266599999987
698.0,1302.399828,10.01439341,-1.432577024,1335.503819,8.577873034,0.72858537,14.8,18.30399099999995,1.4365203760000007
698.1,1303.395326,9.868692679,-1.480636472,1336.362766,8.655698494,0.827923825,14.8,18.167439999999896,1.2129941850000012
698.2,1304.376009,9.718105906,-1.519729289,1337.229992,8.743457799,0.927262281,14.8,18.05398299999997,0.9746481070000002
698.3000000000001,1305.34139,9.562633085,-1.55753077,1338.106491,8.84115095,1.026600736,14.8,17.965100999999958,0.7214821350000005
698.4000000000001,1306.290979,9.402754832,-1.57675332,1338.993255,8.948777947,1.125939192,14.8,17.902275999999983,0.45397688499999944
698.5,1307.224288,9.24337051,-1.576751271,1339.891279,9.066338789,1.224479103,14.8,17.866991000000052,0.17703172100000053
698.6,1308.140828,9.079874943,-1.552718474,1340.801556,9.193833476,1.318227747,14.8,17.860727999999835,-0.11395853299999992
698.7,1309.040111,8.922640687,-1.500649804,1341.725079,9.331262009,1.402393857,14.8,17.884968000000026,-0.4086213220000001
698.8000000000001,1309.922032,8.772055143,-1.423904717,1342.662842,9.478145261,1.472186167,14.8,17.94081000000001,-0.7060901180000005
698.9000000000001,1310.788025,8.631002001,-1.310802794,1343.615837,9.632087598,1.52281341,14.8,18.027811999999994,-1.0010855969999994
699.0,1311.639909,8.50236495,-1.177830605,1344.585059,9.790214261,1.549484318,14.8,18.14515000000001,-1.2878493109999987
699.1,1312.479503,8.38902768,-1.025633816,1345.5715,9.949650489,1.54820617,14.8,18.29199699999999,-1.5606228089999998
699.2,1313.308623,8.293393267,-0.859018579,1346.575772,10.10752152,1.518180421,14.8,18.467149000000017,-1.8141282529999998
699.3000000000001,1314.129089,8.215942325,-0.682791042,1347.59695,10.2609526,1.460205615,14.8,18.667861000000084,-2.045010274999999
699.4000000000001,1314.94272,8.156674853,-0.501757356,1348.633728,10.40706896,1.378274475,14.8,18.89100800000001,-2.250394107
699.5,1315.751333,8.115590853,-0.319922645,1349.6848,10.54299585,1.277178267,14.8,19.133467000000064,-2.427404997
699.6,1316.556746,8.092690324,-0.138087933,1350.748859,10.66633763,1.161708259,14.8,19.392113000000062,-2.573647306
699.7,1317.360779,8.087973267,0.043746778,1351.824599,10.77661517,1.036655718,14.8,19.66381999999994,-2.688641902999999
699.8000000000001,1318.165249,8.10143968,0.225581489,1352.910714,10.87382848,0.906811909,14.8,19.945465000000194,-2.7723888
699.9000000000001,1318.971975,8.133089565,0.407416201,1354.005897,10.95797756,0.776169556,14.8,20.233922000000074,-2.824887994999999
700.0,1319.782775,8.18292292,0.589250912,1355.108842,11.02906239,0.645527203,14.8,20.526067000000193,-2.8461394700000007
700.1,1320.599468,8.250939747,0.770106815,1356.218242,11.087083,0.51488485,14.8,20.81877400000003,-2.8361432529999995
700.2,1321.423872,8.337140045,0.945089871,1357.33279,11.13203936,0.384242497,14.8,21.108917999999857,-2.7948993150000003
700.3000000000001,1322.257804,8.441523814,1.108327232,1358.451182,11.1639315,0.253600145,14.8,21.393377999999938,-2.7224076860000004
700.4000000000001,1323.103085,8.563503769,1.25394605,1359.572109,11.18275939,0.122957792,14.8,21.66902399999999,-2.619255620999999
700.5,1323.961531,8.700143487,1.378735054,1360.694266,11.18852305,-0.007521779,14.8,21.932735000000047,-2.4883795630000005
700.6,1324.834961,8.847919259,1.468836668,1361.816346,11.18122248,-0.137024653,14.8,22.181385000000045,-2.3333032210000013
700.7,1325.725194,9.003307377,1.52734158,1362.937042,11.16085767,-0.264574135,14.8,22.411847999999917,-2.157550293
700.8000000000001,1326.633578,9.164381077,1.550609407,1364.055049,11.1275263,-0.389193528,14.8,22.62147100000011,-1.9631452229999997
700.9000000000001,1327.559583,9.322825814,1.539618957,1365.16906,11.0817167,-0.509906137,14.8,22.80947699999997,-1.7588908859999997
701.0,1328.502207,9.479908717,1.499264268,1366.277768,11.02401491,-0.625735265,14.8,22.975560999999924,-1.5441061929999993
701.1,1329.46045,9.630509132,1.432756614,1367.379868,10.95500694,-0.735866998,14.8,23.11941799999995,-1.3244978080000003
701.2,1330.433312,9.771690633,1.353953568,1368.47413,10.8752788,-0.840138555,14.8,23.24081800000017,-1.1035881669999998
701.3000000000001,1331.419791,9.902865938,1.260743252,1369.559639,10.78541651,-0.938712718,14.8,23.33984800000003,-0.8825505719999995
701.4000000000001,1332.418888,10.02403505,1.161660088,1370.635558,10.6860061,-1.0324034,14.8,23.41667000000002,-0.66197105
701.5,1333.429602,10.13519796,1.061598116,1371.701048,10.57763357,-1.122187297,14.8,23.47144599999997,-0.4424356100000004
701.6,1334.450931,10.23635467,0.961536144,1372.755272,10.46078728,-1.209041106,14.8,23.50434100000002,-0.22443260999999914
701.7,1335.481876,10.32750518,0.861474172,1373.797393,10.3355649,-1.293941522,14.8,23.515517,-0.008059720000000326
701.8000000000001,1336.521435,10.4086495,0.7614122,1374.826573,10.20196642,-1.377865243,14.8,23.505137999999942,0.20668307999999946
701.9000000000001,1337.568609,10.47978762,0.661350228,1375.841975,10.05999185,-1.46162618,14.8,23.473366000000123,0.41979577000000035
702.0,1338.622396,10.54091955,0.561288256,1376.84276,9.909641184,-1.545387118,14.8,23.420364000000017,0.6312783660000001
702.1,1339.681796,10.59204528,0.461226284,1377.828091,9.750914425,-1.629148056,14.8,23.34629500000001,0.8411308550000012
702.2,1340.745808,10.63316481,0.36111056,1378.797131,9.583811573,-1.712908993,14.8,23.251323000000138,1.049353237
702.3000000000001,1341.813432,10.66427814,0.260672323,1379.749041,9.408332627,-1.796669931,14.8,23.135609000000112,1.2559455130000003
702.4000000000001,1342.883667,10.68538527,0.159589058,1380.682985,9.224477587,-1.880430869,14.8,22.999317999999857,1.4609076829999985
702.5,1343.955512,10.69645396,0.057538253,1381.598125,9.032246453,-1.963757855,14.8,22.842612999999982,1.6642075069999986
702.6,1345.027967,10.69732294,-0.045802605,1382.493623,8.831639225,-2.044481135,14.8,22.66565600000008,1.8656837149999994
702.7,1346.100031,10.68779871,-0.150756031,1383.368641,8.622655904,-2.119997001,14.8,22.46861000000008,2.065142805999999
702.8000000000001,1347.170704,10.66768776,-0.257590786,1384.222342,8.40555686,-2.187701747,14.8,22.25163800000014,2.262130899999999
702.9000000000001,1348.238959,10.63679657,-0.366360621,1385.053888,8.181643945,-2.246539253,14.8,22.014928999999892,2.455152625
703.0,1349.303666,10.59493165,-0.477011785,1385.862442,7.952479386,-2.289263051,14.8,21.75877600000008,2.642452263999999
703.1,1350.363671,10.54189949,-0.589275516,1386.647166,7.719625404,-2.318346146,14.8,21.483494999999902,2.822274086
703.2,1351.417817,10.47750657,-0.702829301,1387.407431,7.483715673,-2.331807001,14.8,21.189614000000073,2.9937908969999993
703.3000000000001,1352.464949,10.40159164,-0.817350626,1388.14344,7.249098073,-2.330079566,14.8,20.87849100000012,3.1524935669999996
703.4000000000001,1353.503912,10.31412245,-0.932516978,1388.855606,7.014549172,-2.315333598,14.8,20.55169400000018,3.2995732779999996
703.5,1354.533551,10.21509899,-1.048005844,1389.544341,6.782559745,-2.288625215,14.8,20.210790000000042,3.432539244999999
703.6,1355.552709,10.10452128,-1.163548461,1390.210057,6.554431646,-2.257200886,14.8,19.857347999999956,3.550089634
703.7,1356.560232,9.982389302,-1.279091079,1390.853167,6.330425246,-2.219021556,14.8,19.492934999999942,3.6519640559999997
703.8000000000001,1357.554964,9.848703063,-1.394633697,1391.474081,6.110540544,-2.17823852,14.8,19.11911700000014,3.7381625190000003
703.9000000000001,1358.53575,9.703462563,-1.510176315,1392.073214,5.894777542,-2.137021532,14.8,18.737464,3.8086850210000005
704.0,1359.501434,9.5466678,-1.625718932,1392.650976,5.683136238,-2.095804545,14.8,18.349541999999882,3.8635315619999995
704.1,1360.450861,9.378318776,-1.74126155,1393.20778,5.475616633,-2.054587557,14.8,17.956918999999925,3.902702143000001
704.2,1361.382875,9.19841549,-1.856388574,1393.744039,5.272218727,-2.01337057,14.8,17.561163999999916,3.926196763
704.3000000000001,1362.296321,9.006957943,-1.969022037,1394.260163,5.072942519,-1.972153582,14.8,17.163841999999885,3.934015424
704.4000000000001,1363.190043,8.803946133,-2.076668377,1394.756566,4.87778801,-1.930936595,14.8,16.76652299999996,3.9261581230000004
704.5,1364.062887,8.589629418,-2.176834033,1395.23366,4.6867552,-1.889719607,14.8,16.370773000000053,3.902874217999999
704.6,1364.913697,8.365254578,-2.267025444,1395.691856,4.499844089,-1.848522136,14.8,15.978158999999959,3.8654104890000003
704.7,1365.741316,8.13231775,-2.344749047,1396.131568,4.317054676,-1.807441764,14.8,15.590251999999918,3.8152630740000006
704.8000000000001,1366.544591,7.89231507,-2.409133999,1396.553206,4.138386962,-1.766595591,14.8,15.208614999999963,3.753928108
704.9000000000001,1367.322564,7.646742676,-2.456949956,1396.957184,3.963829237,-1.726100716,14.8,14.83462000000004,3.6829134389999996
705.0,1368.075078,7.397096705,-2.489814022,1397.343914,3.793322952,-1.686074238,14.8,14.468835999999964,3.603773753
705.1,1368.802175,7.144149019,-2.511016901,1397.713807,3.626797845,-1.646633256,14.8,14.111632000000053,3.5173511740000003
705.2,1369.503895,6.891084604,-2.522245534,1398.067276,3.464183659,-1.607875353,14.8,13.763380999999935,3.4269009449999994
705.3000000000001,1370.180281,6.638429337,-2.525993483,1398.404723,3.305410134,-1.569820047,14.8,13.42444200000018,3.3330192029999997
705.4000000000001,1370.831374,6.38570493,-2.523547187,1398.726515,3.150407009,-1.532447819,14.8,13.095140999999966,3.2352979210000004
705.5,1371.457215,6.133395356,-2.520214955,1399.033006,2.999104025,-1.495661088,14.8,12.77579099999998,3.1342913310000005
705.6,1372.057846,5.881500615,-2.516873246,1399.324553,2.851430924,-1.459342754,14.8,12.466706999999996,3.030069691
705.7,1372.633308,5.630020707,-2.512724918,1399.601513,2.707329154,-1.423375718,14.8,12.168205000000125,2.922691553
705.8000000000001,1373.183642,5.378955631,-2.508576589,1399.864239,2.566787007,-1.38764288,14.8,11.880597000000034,2.8121686240000003
705.9000000000001,1373.708891,5.128305389,-2.50442826,1400.11309,2.429804481,-1.352027142,14.8,11.604199000000062,2.698500908
706.0,1374.209096,4.878069979,-2.500279932,1400.348421,2.296381578,-1.31643092,14.8,11.33932499999987,2.581688401
706.1,1374.684298,4.628249402,-2.496131603,1400.570587,2.166518297,-1.280834698,14.8,11.086289000000033,2.4617311049999997
706.2,1375.134538,4.378843659,-2.491571767,1400.779944,2.040214639,-1.245238476,14.8,10.845405999999866,2.33862902
706.3000000000001,1375.559859,4.129852748,-2.484542882,1400.97685,1.917470602,-1.209642254,14.8,10.616991000000052,2.2123821460000004
706.4000000000001,1375.960302,3.881276669,-2.472575901,1401.161659,1.798286188,-1.174046033,14.8,10.401357000000143,2.082990481
706.5,1376.335907,3.633362329,-2.453201776,1401.334727,1.682661396,-1.138449811,14.8,10.198820000000023,1.950700933
706.6,1376.686717,3.38734425,-2.423951458,1401.496411,1.570596226,-1.102828491,14.8,10.009694000000035,1.816748024
706.7,1377.012773,3.144703862,-2.3823559,1401.647067,1.462090678,-1.067056579,14.8,9.834294000000181,1.682613184
706.8000000000001,1377.314117,2.906922593,-2.326357561,1401.787049,1.357144752,-1.030983486,14.8,9.672932000000127,1.549777841
706.9000000000001,1377.590988,2.675481873,-2.255544933,1401.916716,1.255773508,-0.99445862,14.8,9.525728000000026,1.4197083649999998
707.0,1377.844414,2.451863129,-2.170329525,1402.036421,1.15805224,-0.957331389,14.8,9.392007000000103,1.293810889
707.1,1378.075622,2.237547792,-2.072768876,1402.146522,1.064071304,-0.919451204,14.8,9.270899999999937,1.173476488
707.2,1378.28584,2.03401729,-1.965332035,1402.247374,0.973921054,-0.880692572,14.8,9.161534000000028,1.0600962360000001
707.3000000000001,1378.476293,1.842506147,-1.85048805,1402.339346,0.887691844,-0.841030393,14.8,9.063053000000036,0.9548143029999999
707.4000000000001,1378.648208,1.663261267,-1.730705968,1402.422853,0.80547403,-0.800489767,14.8,8.974644999999963,0.857787237
707.5,1378.802812,1.496282652,-1.608454838,1402.498324,0.727357965,-0.759196186,14.8,8.895512000000007,0.768924687
707.6,1378.941331,1.3415703,-1.4857922,1402.566186,0.653434004,-0.717300241,14.8,8.824855000000024,0.6881362960000001
707.7,1379.064993,1.199124212,-1.363129562,1402.626869,0.583777444,-0.674952523,14.8,8.761875999999983,0.6153467680000001
707.8000000000001,1379.175023,1.068944387,-1.240466924,1402.680801,0.518403342,-0.632303623,14.8,8.705777999999963,0.5505410449999999
707.9000000000001,1379.272648,0.951030827,-1.117804286,1402.728409,0.4573117,-0.589504132,14.8,8.655761000000165,0.493719127
708.0,1379.359096,0.84538353,-0.995141649,1402.770122,0.400502516,-0.546679543,14.8,8.611025999999992,0.444881014
708.1,1379.435592,0.752002497,-0.872479011,1402.806368,0.347975791,-0.503854953,14.8,8.570775999999977,0.404026706
708.2,1379.503363,0.670887728,-0.750275556,1402.837576,0.299731525,-0.461030364,14.8,8.534212999999863,0.37115620299999996
708.3000000000001,1379.563636,0.602039222,-0.630827202,1402.864173,0.255769718,-0.418205774,14.8,8.500536999999849,0.34626950400000006
708.4000000000001,1379.617638,0.545456981,-0.51688905,1402.886588,0.21609037,-0.375381185,14.8,8.468950000000131,0.329366611
708.5,1379.666595,0.500865493,-0.4112162,1402.90525,0.180693481,-0.332556595,14.8,8.438655000000107,0.32017201200000006
708.6,1379.711733,0.466887208,-0.316563753,1402.920586,0.149579051,-0.289878494,14.8,8.408852999999862,0.31730815700000004
708.7,1379.75428,0.441869067,-0.235367695,1402.933024,0.12274708,-0.24807932,14.8,8.378743999999823,0.319121987
708.8000000000001,1379.795461,0.424158008,-0.168398612,1402.942994,0.100197568,-0.208038002,14.8,8.347533000000066,0.32396043999999996
708.9000000000001,1379.836284,0.41210097,-0.12260637,1402.950923,0.081842622,-0.170633468,14.8,8.314639000000124,0.330258348
709.0,1379.876873,0.404236364,-0.090402873,1402.957239,0.067242778,-0.136744645,14.8,8.28036600000014,0.336993586
709.1,1379.917132,0.399826326,-0.07197488,1402.962371,0.05587068,-0.107250461,14.8,8.245239000000037,0.343955646
709.2,1379.956964,0.393323386,-0.06456729,1402.966746,0.047198971,-0.082883357,14.8,8.209782000000086,0.346124415
709.3000000000001,1379.996275,0.387627343,-0.066164323,1402.970724,0.040700293,-0.06378982,14.8,8.174449000000049,0.34692705
709.4000000000001,1380.034969,0.380973079,-0.074275592,1402.97438,0.035847291,-0.049823362,14.8,8.139411000000063,0.345125788
709.5,1380.072949,0.373360596,-0.08091593,1402.977721,0.032112608,-0.040251543,14.8,8.104771999999866,0.341247988
709.6,1380.11012,0.364789893,-0.090498128,1402.980753,0.028968886,-0.034195436,14.8,8.070632999999997,0.33582100699999995
709.7,1380.146386,0.355260971,-0.100080326,1402.983483,0.025976663,-0.030776112,14.8,8.037097000000085,0.32928430799999997
709.8000000000001,1380.181651,0.344773828,-0.109662524,1402.985917,0.023048045,-0.029114644,14.8,8.00426599999987,0.321725783
709.9000000000001,1380.21582,0.333328466,-0.119244722,1402.988061,0.020183032,-0.028332104,14.8,7.972241000000121,0.313145434
710.0,1380.248796,0.320924884,-0.12882692,1402.989921,0.017381624,-0.027696051,14.8,7.94112500000001,0.30354326000000004
710.1,1380.280484,0.307563082,-0.138409118,1402.991505,0.014643822,-0.026510583,14.8,7.911021000000073,0.29291926
710.2,1380.310788,0.29324306,-0.147922265,1402.992818,0.011969624,-0.024854121,14.8,7.88202999999994,0.281273436
710.3000000000001,1380.339612,0.277964819,-0.157021108,1402.993867,0.009359032,-0.022739919,14.8,7.85425499999992,0.268605787
710.4000000000001,1380.36686,0.261728357,-0.165291342,1402.994658,0.007141695,-0.020181226,14.8,7.827797999999984,0.254586662
710.5,1380.392437,0.244575107,-0.172318663,1402.995198,0.005270559,-0.017020112,14.8,7.8027610000001,0.239304548
710.6,1380.416246,0.226712219,-0.177688766,1402.995492,0.003737673,-0.013775103,14.8,7.779246000000011,0.222974546
710.7,1380.438192,0.208388277,-0.180987348,1402.995548,0.002535086,-0.010454961,14.8,7.757356000000026,0.20585319100000002
710.8000000000001,1380.458179,0.189851863,-0.181869154,1402.995635,0.001654848,-0.0073364,14.8,7.737456000000019,0.18819701500000002
710.9000000000001,1380.476144,0.171351559,-0.180265133,1402.995722,0.001089008,-0.00478159,14.8,7.71957799999991,0.17026255099999998
711.0,1380.492158,0.153135949,-0.176244338,1402.995809,0.000868719,-0.002777279,14.8,7.70365099999999,0.15226723
711.1,1380.506322,0.135453615,-0.17015202,1402.995895,0.000868719,-0.001310215,14.8,7.689573000000063,0.134584896
711.2,1380.518742,0.118553139,-0.162402485,1402.995982,0.000868719,-0.000367148,14.8,7.677239999999937,0.11768442
711.3000000000001,1380.529518,0.102641674,-0.153410037,1402.996069,0.000868719,-6.85e-11,14.8,7.666550999999981,0.101772955
711.4000000000001,1380.538755,0.087760651,-0.14358898,1402.996156,0.000868719,-8.8e-12,14.8,7.65740099999989,0.08689193199999999
711.5,1380.546555,0.073910068,-0.133353619,1402.996243,0.000868719,-4.71e-12,14.8,7.64968800000015,0.07304134899999999
711.6,1380.553021,0.061089927,-0.123049207,1402.99633,0.000868719,-3.33e-12,14.8,7.643308999999999,0.060221208000000005
711.7,1380.558258,0.049300227,-0.111593828,1402.996417,0.000868719,-1.85e-12,14.8,7.638159000000041,0.048431508000000005
711.8000000000001,1380.562366,0.038540968,-0.099292326,1402.996504,0.000868719,0.0,14.8,7.634137999999847,0.037672249000000005
711.9000000000001,1380.565451,0.02881215,-0.086359377,1402.99659,0.000868719,2.46e-12,14.8,7.631139000000029,0.027943431
712.0,1380.567613,0.020804354,-0.072779575,1402.996677,0.000868719,5.21e-12,14.8,7.629064000000152,0.019935635
712.1,1380.568958,0.014334672,-0.059457835,1402.996764,0.000868719,9.07e-12,14.8,7.627805999999918,0.013465953
712.2,1380.569587,0.009274301,-0.045918593,1402.996851,0.000868719,1.63e-11,14.8,7.6272640000001495,0.008405582
712.3000000000001,1380.569605,0.005494434,-0.033667403,1402.996938,0.000868719,0.010944964,14.8,7.627333000000089,0.004625715000000001
712.4000000000001,1380.569665,0.002866267,-0.0228846,1402.997025,0.000868719,0.023919254,14.8,7.627359999999907,0.001997548
712.5,1380.569725,0.001260994,-0.014450648,1402.997112,0.000868719,0.039058833,14.8,7.627386999999953,0.0003922750000000001
712.6,1380.569786,0.000603912,-0.00815087,1402.997199,0.007435697,0.0587022,14.8,7.627412999999887,-0.006831785
712.7,1380.569846,0.000603912,-0.003770592,1402.997285,0.015220271,0.0782696,14.8,7.627438999999821,-0.014616359
712.8000000000001,1380.569906,0.000603912,-0.001095137,1402.997372,0.024304019,0.097741226,14.8,7.627466000000094,-0.023700106999999998
712.9000000000001,1380.569967,0.000603912,-5.37e-11,1402.997459,0.034768516,0.109696576,14.8,7.627492000000029,-0.034164604
713.0,1380.570027,0.000603912,0.0,1403.0028,0.047830479,0.1201401,14.8,7.632772999999997,-0.047226567000000004
713.1,1380.570088,0.000603912,0.0,1403.009114,0.059570919,0.117478666,14.8,7.639026000000012,-0.058967007
713.2,1380.570148,0.000603912,2.37e-13,1403.016468,0.073253643,0.109883971,14.8,7.6463200000000136,-0.072649731
713.3000000000001,1380.570208,0.000603912,2.37e-13,1403.024926,0.087304331,0.094584217,14.8,7.654717999999956,-0.086700419
713.4000000000001,1380.570269,0.000603912,0.0,1403.034495,0.094791218,0.070908714,14.8,7.664226000000053,-0.094187306
713.5,1380.570329,0.000603912,-1.89e-13,1403.044942,0.100698899,0.048948954,14.8,7.67461300000009,-0.100094987
713.6,1380.57039,0.000603912,0.0,1403.055975,0.104581009,0.024415579,14.8,7.6855849999999,-0.103977097
713.7,1380.57045,0.000603912,-1.89e-13,1403.067303,0.105991183,-0.00309356,14.8,7.6968530000001,-0.105387271
713.8000000000001,1380.57051,0.000603912,-2.37e-13,1403.078633,0.10455745,-0.029114817,14.8,7.708123000000068,-0.103953538
713.9000000000001,1380.570571,0.000603912,0.0,1403.089673,0.100205417,-0.057913515,14.8,7.719101999999975,-0.099601505
714.0,1380.570631,0.000603912,0.0,1403.100133,0.092935083,-0.075135259,14.8,7.729501999999865,-0.092331171
714.1,1380.570692,0.000603912,0.0,1403.109719,0.082746448,-0.09167521,14.8,7.739027000000032,-0.082142536
714.2,1380.570752,0.000603912,4.74e-13,1403.118141,0.0698329,-0.09873717,14.8,7.747388999999838,-0.069228988
714.3000000000001,1380.570812,0.000603912,9.47e-13,1403.125106,0.060910027,-0.098508673,14.8,7.754294000000026,-0.060306115
714.4000000000001,1380.570873,0.000603912,1.07e-11,1403.130323,0.049552324,-0.090007554,14.8,7.7594500000001965,-0.048948412000000004
714.5,1380.570933,0.000603912,2.18e-11,1403.1335,0.040963115,-0.071134138,14.8,7.762566999999944,-0.040359203
714.6,1380.570994,0.000603912,0.005224717,1403.134344,0.033829878,-0.055999768,14.8,7.763350000000127,-0.033225966
714.7,1380.571054,0.000603912,0.010475911,1403.137059,0.028517403,-0.037333179,14.8,7.766004999999904,-0.027913491
714.8000000000001,1380.571114,0.000603912,0.015633335,1403.139775,0.027152417,-0.02301783,14.8,7.768661000000019,-0.026548505
714.9000000000001,1380.571175,0.003738742,0.020576743,1403.14249,0.027152417,-0.011129103,14.8,7.7713149999999125,-0.023413675000000002
715.0,1380.571235,0.006889459,0.025185891,1403.145205,0.027152417,-0.002274977,14.8,7.773970000000144,-0.020262958
715.1,1380.571295,0.009983913,0.029340533,1403.14792,0.027152417,-4.17e-11,14.8,7.7766250000001484,-0.017168504
715.2,1380.571356,0.012949958,0.027695705,1403.150636,0.027152417,0.0,14.8,7.779280000000153,-0.014202459000000002
715.3000000000001,1380.573924,0.015715447,0.025329404,1403.153351,0.027152417,1.39e-11,14.8,7.779426999999895,-0.011436970000000001
715.4000000000001,1380.576505,0.018208232,0.017016913,1403.156066,0.027152417,1.04e-11,14.8,7.779561000000012,-0.008944185
715.5,1380.579041,0.020356165,0.007956472,1403.158781,0.027152417,8.34e-12,14.8,7.779740000000128,-0.006796252000000003
715.6,1380.581474,0.022087101,-0.000810526,1403.161497,0.027152417,8.67e-18,14.8,7.780022999999982,-0.005065316
715.7,1380.583747,0.02019406,-0.009522364,1403.164212,0.027152417,0.0,14.8,7.780465000000003,-0.006958357000000002
715.8000000000001,1380.585802,0.017723841,-0.017505678,1403.166927,0.027152417,-3.57e-12,14.8,7.781124999999928,-0.009428576000000001
715.9000000000001,1380.58758,0.014783515,-0.023788671,1403.169642,0.027152417,-4.47e-12,14.8,7.7820620000001774,-0.012368902000000001
716.0,1380.589026,0.012494813,-0.023456952,1403.172358,0.027152417,-5.96e-12,14.8,7.783331999999927,-0.014657604000000001
716.1,1380.590079,0.009852759,-0.021468272,1403.175073,0.027152417,-5.78e-18,14.8,7.784994000000051,-0.017299658000000002
716.2,1380.590684,0.007813898,-0.017580345,1403.177788,0.027152417,0.0,14.8,7.787103999999953,-0.019338519000000002
716.3000000000001,1380.590782,0.006119889,-0.013765841,1403.180503,0.027152417,5.78e-18,14.8,7.789721000000053,-0.021032528
716.4000000000001,1380.591206,0.004842878,-0.009422902,1403.183219,0.027152417,8.93e-12,14.8,7.792012999999951,-0.022309539000000003
716.5,1380.591629,0.004235308,-0.005964316,1403.185934,0.027152417,8.93e-12,14.8,7.794305000000076,-0.022917109
716.6,1380.592053,0.004235308,-0.003140967,1403.188649,0.027152417,4.76e-11,14.8,7.796595999999862,-0.022917109
716.7,1380.592476,0.004235308,-0.001012616,1403.191364,0.027152417,0.269102514,14.8,7.798887999999987,-0.022917109
716.8000000000001,1380.5929,0.004235308,-3.26e-11,1403.19408,0.027152417,0.57910178,14.8,7.801179999999885,-0.022917109
716.9000000000001,1380.593323,0.004235308,1.45e-11,1403.196795,0.027152417,0.93032674,14.8,7.80347200000001,-0.022917109
717.0,1380.593747,0.004235308,4.26e-11,1403.19951,0.188613925,1.377031155,14.8,7.805763000000024,-0.184378617
717.1,1380.59417,0.004235308,0.048601809,1403.202225,0.374613485,1.83604154,14.8,7.808054999999921,-0.37037817700000003
717.2,1380.594594,0.004235308,0.114018663,1403.20494,0.585348461,2.232013657,14.8,7.8103460000001625,-0.581113153
717.3000000000001,1380.595018,0.004235309,0.198329726,1403.207656,0.821016217,2.484959797,14.8,7.81263800000006,-0.816780908
717.4000000000001,1380.595441,0.033396394,0.342055988,1403.33954,1.128777341,2.730669254,14.8,7.944099000000005,-1.095380947
717.5,1380.595865,0.072646506,0.45542125,1403.491055,1.371782141,2.717144401,14.8,8.095189999999956,-1.2991356349999998
717.6,1380.596288,0.123233144,0.585419843,1403.662358,1.679589803,2.66557361,14.8,8.26607000000008,-1.556356659
717.7,1380.596712,0.186403809,0.731957982,1403.853608,2.013015037,2.515927511,14.8,8.456895999999869,-1.8266112280000002
717.8000000000001,1380.620464,0.277880099,0.85990761,1404.064961,2.215635101,2.391408928,14.8,8.644496999999955,-1.9377550020000003
717.9000000000001,1380.652288,0.368572309,0.970476305,1404.296577,2.420360382,2.270524467,14.8,8.844289000000071,-2.051788073
718.0,1380.693181,0.472571183,1.069097071,1404.548612,2.62719088,2.066989216,14.8,9.055430999999952,-2.1546196970000002
718.1,1380.744141,0.588591072,1.156422056,1404.821226,2.833758225,2.07850212,14.8,9.277085000000124,-2.2451671529999997
718.2,1380.806166,0.705518927,1.237327794,1405.114575,3.041904484,2.092427252,14.8,9.508408999999983,-2.336385557
718.3000000000001,1380.880254,0.831141131,1.325285252,1405.428817,3.251629654,2.105146271,14.8,9.748563000000058,-2.420488523
718.4000000000001,1380.967404,0.966743333,1.406126122,1405.764111,3.462933738,2.120935397,14.8,9.996706999999969,-2.4961904049999997
718.5,1381.068613,1.112325533,1.499190584,1406.120614,3.675816734,2.136724523,14.8,10.252001000000018,-2.563491201
718.6,1381.184879,1.267742334,1.590012864,1406.498485,3.890278642,2.152513649,14.8,10.513606000000163,-2.622536308
718.7,1381.317201,1.432266745,1.675030724,1406.897881,4.106319464,2.168460016,14.8,10.780680000000029,-2.6740527190000005
718.8000000000001,1381.466575,1.60502638,1.752778688,1407.318959,4.323939197,2.185349826,14.8,11.052384000000028,-2.7189128169999996
718.9000000000001,1381.634001,1.78514885,1.822045105,1407.761879,4.543137844,2.204126523,14.8,11.327878000000009,-2.7579889940000006
719.0,1381.82036,1.971761768,1.882587647,1408.226797,4.764009747,2.22573355,14.8,11.606437000000096,-2.7922479790000003
719.1,1382.026068,2.163992746,1.934648644,1408.713873,4.987026629,2.251114351,14.8,11.887805000000025,-2.823033883
719.2,1382.251425,2.360969397,1.979439744,1409.223262,5.212754556,2.281212369,14.8,12.17183700000005,-2.8517851590000003
719.3000000000001,1382.496732,2.561819334,2.018414927,1409.755125,5.441759594,2.316813808,14.8,12.458392999999841,-2.8799402599999997
719.4000000000001,1382.762289,2.765815566,2.053028172,1410.309693,5.674607808,2.358075906,14.8,12.747403999999914,-2.908792242
719.5,1383.048395,2.972812696,2.084733459,1410.887502,5.911865265,2.404841425,14.8,13.039107000000012,-2.9390525690000002
719.6,1383.355351,3.182810724,2.114984766,1411.489163,6.154098032,2.456324161,14.8,13.333812000000034,-2.9712873080000004
719.7,1383.683456,3.395809649,2.144993743,1412.115287,6.401872173,2.511580671,14.8,13.631831000000101,-3.0060625240000003
719.8000000000001,1384.033012,3.611809472,2.175002721,1412.766484,6.655659411,2.569667511,14.8,13.933471999999892,-3.0438499390000002
719.9000000000001,1384.404318,3.830810193,2.205011698,1413.443365,6.91555409,2.629641238,14.8,14.239046999999982,-3.0847438969999996
720.0,1384.797674,4.052811812,2.235020676,1414.146541,7.181556211,2.690558408,14.8,14.548867000000154,-3.1287443990000003
720.1,1385.21338,4.277814328,2.265029653,1414.876622,7.453665772,2.751632819,14.8,14.863242000000081,-3.175851444
720.2,1385.651736,4.505817743,2.295038631,1415.63422,7.731882775,2.81270723,14.8,15.182483999999885,-3.226065032
720.3000000000001,1386.113043,4.736822055,2.32507536,1416.419945,8.016207218,2.873781641,14.8,15.506902000000036,-3.2793851629999997
720.4000000000001,1386.5976,4.970827264,2.355278603,1417.234408,8.306639103,2.934856052,14.8,15.836807999999973,-3.335811839
720.5,1387.105708,5.207833372,2.385814871,1418.078219,8.603178429,2.995930463,14.8,16.17251099999994,-3.395345057
720.6,1387.637666,5.447857028,2.416850678,1418.95199,8.905825195,3.057004874,14.8,16.51432399999994,-3.4579681670000006
720.7,1388.193776,5.69098149,2.448552536,1419.856331,9.214579403,3.118079285,14.8,16.862554999999883,-3.5235979129999997
720.8000000000001,1388.774336,5.937306665,2.481086959,1420.791852,9.529441052,3.178614691,14.8,17.217516000000114,-3.592134386999999
720.9000000000001,1389.379647,6.186932461,2.514592706,1421.759165,9.850410142,3.235916071,14.8,17.57951799999996,-3.663477681
721.0,1390.010022,6.439958786,2.549097531,1422.75888,10.17748667,3.286749398,14.8,17.948858000000154,-3.7375278840000004
721.1,1390.665828,6.696485547,2.584573681,1423.791609,10.51034724,3.327880646,14.8,18.325781000000188,-3.8138616929999998
721.2,1391.347445,6.956612652,2.620882395,1424.857961,10.84737484,3.356075788,14.8,18.710515999999824,-3.890762188000001
721.3000000000001,1392.055254,7.220440009,2.657857161,1425.958547,11.18662904,3.368100798,14.8,19.103292999999848,-3.966189031
721.4000000000001,1392.789633,7.488050874,2.695331465,1427.093979,11.52616944,3.361260653,14.8,19.504345999999895,-4.0381185660000005
721.5,1393.550964,7.759461898,2.733138795,1428.264608,11.86405562,3.335016349,14.8,19.91364399999993,-4.104593722000001
721.6,1394.339626,8.034673082,2.771112637,1429.469752,12.19834715,3.289906892,14.8,20.330126000000018,-4.163674068000001
721.7,1395.155999,8.313684426,2.809114232,1430.708468,12.52710364,3.228627301,14.8,20.752468999999973,-4.213419214
721.8000000000001,1396.000462,8.596495929,2.847115827,1431.979816,12.84838465,3.154411606,14.8,21.179354000000057,-4.251888721
721.9000000000001,1396.873398,8.883107591,2.885117422,1433.282853,13.16057318,3.07049383,14.8,21.60945499999998,-4.277465589
722.0,1397.775184,9.173519413,2.923119017,1434.616638,13.46334582,2.980108002,14.8,22.041453999999884,-4.289826407000001
722.1,1398.706201,9.467731394,2.961120612,1435.98023,13.75670258,2.886488147,14.8,22.474028999999927,-4.288971186000001
722.2,1399.66683,9.765743535,2.999122207,1437.372687,14.04064345,2.792329288,14.8,22.90585700000015,-4.274899914999999
722.3000000000001,1400.65745,10.06755584,3.037123802,1438.793067,14.31516844,2.698170429,14.8,23.335617000000138,-4.2476126
722.4000000000001,1401.678441,10.3731683,3.074701747,1440.240429,14.58027754,2.60401157,14.8,23.761987999999928,-4.207109240000001
722.5,1402.730184,10.68258092,3.109737798,1441.71383,14.83597075,2.509852711,14.8,24.183645999999907,-4.15338983
722.6,1403.813057,10.99579369,3.13761409,1443.212331,15.08224808,2.415693852,14.8,24.599273999999877,-4.08645439
722.7,1404.927442,11.31255244,3.162016635,1444.734988,15.31910952,2.321534992,14.8,25.007546,-4.00655708
722.8000000000001,1406.073719,11.63158621,3.174175631,1446.280861,15.54655508,2.228677163,14.8,25.407141999999975,-3.914968869999999
722.9000000000001,1407.252266,11.95012429,3.173625152,1447.849007,15.76458475,2.143625509,14.8,25.796741000000065,-3.8144604599999994
723.0,1408.463465,12.27037828,3.158246953,1449.438485,15.97319853,2.078291273,14.8,26.175019999999858,-3.7028202500000003
723.1,1409.707492,12.58708629,3.127617384,1451.048355,16.17317705,2.028165433,14.8,26.5408629999999,-3.5860907599999994
723.2,1410.98371,12.89996879,3.084236063,1452.677673,16.36842338,2.013369363,14.8,26.89396299999994,-3.4684545899999986
723.3000000000001,1412.29128,13.20750061,3.023993329,1454.325498,16.56608428,2.037604172,14.8,27.23421800000001,-3.358583669999998
723.4000000000001,1413.62936,13.50815664,2.955658985,1455.990889,16.76345434,2.107375008,14.8,27.561529000000018,-3.2552977
723.5,1414.997111,13.80066593,2.879698956,1457.67353,16.97260636,2.2239829,14.8,27.876419000000123,-3.171940430000001
723.6,1416.393694,14.08477427,2.798655136,1459.375599,17.19576103,2.382021752,14.8,28.18190499999987,-3.1109867599999994
723.7,1417.818267,14.36048168,2.715069422,1461.099904,17.43760205,2.587301617,14.8,28.481636999999818,-3.0771203699999994
723.8000000000001,1419.26999,14.62778816,2.631060059,1462.849249,17.70281312,2.819701119,14.8,28.779259000000092,-3.0750249599999986
723.9000000000001,1420.748025,14.8866937,2.547050695,1464.62644,17.99529734,3.075519149,14.8,29.078414999999904,-3.10860364
724.0,1422.25153,15.1371983,2.463041332,1466.434281,18.31583531,3.346949531,14.8,29.382751000000052,-3.178637010000001
724.1,1423.779665,15.37930196,2.379031968,1468.27558,18.66442704,3.626186088,14.8,29.695914999999967,-3.2851250800000003
724.2,1425.33159,15.61300469,2.295022605,1470.15314,19.04107252,3.906723675,14.8,30.021549999999888,-3.42806783
724.3000000000001,1426.906466,15.83830648,2.211013242,1472.069767,19.44577177,4.187261263,14.8,30.363301000000046,-3.6074652900000004
724.4000000000001,1428.503452,16.05520734,2.127925725,1474.028267,19.87852478,4.46779885,14.8,30.72481499999999,-3.8233174400000003
724.5,1430.121708,16.26370726,2.05036929,1476.031445,20.33933154,4.748336437,14.8,31.109737000000177,-4.0756242799999995
724.6,1431.760394,16.46380624,1.988831966,1478.082107,20.82819206,5.028874024,14.8,31.521713000000045,-4.364385819999999
724.7,1433.41867,16.6560574,1.93397399,1480.183057,21.34510635,5.309411611,14.8,31.96438699999994,-4.6890489499999966
724.8000000000001,1435.095695,16.84322627,1.906197288,1482.337101,21.89007439,5.586888796,14.8,32.4414060000001,-5.04684812
724.9000000000001,1436.790631,17.03160566,1.906075994,1484.547045,22.46309619,5.846003571,14.8,32.95641399999995,-5.431490530000001
725.0,1438.502635,17.21559173,1.938219341,1486.815694,23.06417174,6.051845108,14.8,33.51305899999984,-5.848580009999999
725.1,1440.231312,17.40742563,2.003549177,1489.145852,23.69146482,6.235696247,14.8,34.11454000000022,-6.284039190000001
725.2,1441.978033,17.60745184,2.096186706,1491.540327,24.33579421,6.329549327,14.8,34.76229399999984,-6.72834237
725.3000000000001,1443.744613,17.818989,2.226393539,1494.001922,24.97621341,6.331590355,14.8,35.45730899999985,-7.157224410000001
725.4000000000001,1445.532868,18.04535577,2.37376775,1496.533444,25.63149213,6.226517321,14.8,36.20057599999991,-7.586136360000001
725.5,1447.34461,18.28931769,2.537735205,1499.136229,26.26082578,6.011269824,14.8,36.99161899999986,-7.97150809
725.6,1449.181657,18.55142786,2.712764824,1501.805737,26.86312596,5.705456683,14.8,37.824079999999825,-8.311698100000001
725.7,1451.045822,18.83168628,2.893325523,1504.535959,27.42737521,5.274734655,14.8,38.69013700000001,-8.595688930000001
725.8000000000001,1452.93892,19.13009296,3.07480807,1507.320887,27.9425561,4.787111402,14.8,39.581967000000034,-8.812463140000002
725.9000000000001,1454.862766,19.4466479,3.256290616,1510.154513,28.39948742,4.244400917,14.8,40.49174699999999,-8.952839520000001
726.0,1456.819176,19.78135109,3.437773162,1513.030828,28.79633293,3.664965611,14.8,41.41165199999996,-9.014981839999997
726.1,1458.809962,20.13420253,3.619255709,1515.943823,29.13309262,3.067167895,14.8,42.33386100000003,-8.99889009
726.2,1460.836942,20.50520223,3.800738255,1518.887489,29.40976651,2.466309777,14.8,43.250547000000054,-8.904564280000002
726.3000000000001,1462.901929,20.89435018,3.982220802,1521.855819,29.62635458,1.865451659,14.8,44.153890000000004,-8.732004400000001
726.4000000000001,1465.006738,21.30164639,4.161600077,1524.842803,29.78285684,1.264593541,14.8,45.036064999999965,-8.481210450000003
726.5,1467.153184,21.72709085,4.328359721,1527.842433,29.87927329,0.663735423,14.8,45.88924900000002,-8.15218244
726.6,1469.343082,22.17068357,4.461967716,1530.848701,29.91560392,0.062877305,14.8,46.7056189999998,-7.7449203499999975
726.7,1471.578246,22.63116257,4.573541596,1533.855597,29.89184875,-0.537980813,14.8,47.477350999999956,-7.26068618
726.8000000000001,1473.860493,23.10221806,4.626724567,1536.857113,29.80800776,-1.136395908,14.8,48.196620000000124,-6.7057897
726.9000000000001,1476.191635,23.57153081,4.616809385,1539.847241,29.66408096,-1.720152868,14.8,48.85560600000004,-6.092550150000001
727.0,1478.573489,24.04577135,4.533279693,1542.819972,29.46006835,-2.274593558,14.8,49.4464829999999,-5.414297000000001
727.1,1481.006859,24.50312559,4.374032218,1545.769298,29.19743574,-2.785059841,14.8,49.96243899999986,-4.69431015
727.2,1483.488512,24.9407692,4.149082622,1548.689209,28.8835122,-3.236893583,14.8,50.400696999999994,-3.942743
727.3000000000001,1486.014207,25.35113039,3.845210095,1551.573698,28.52709261,-3.630136594,14.8,50.75949099999998,-3.175962219999999
727.4000000000001,1488.579699,25.72663739,3.498771436,1554.416755,28.13697186,-3.908473923,14.8,51.03705600000008,-2.4103344699999987
727.5,1491.180747,26.06098038,3.114473885,1557.213545,27.72194481,-4.113562387,14.8,51.23279799999996,-1.66096443
727.6,1493.813108,26.3528974,2.704937074,1559.963923,27.28198639,-4.233145061,14.8,51.35081499999997,-0.9290889900000003
727.7,1496.472539,26.60238845,2.282780632,1562.668915,26.85235139,-4.279437058,14.8,51.396375999999876,-0.24996293999999963
727.8000000000001,1499.154799,26.80945353,1.858520918,1565.32955,26.41537477,-4.267096513,14.8,51.37475100000002,0.3940787599999993
727.9000000000001,1501.855643,26.97409264,1.434261205,1567.946854,25.98720558,-4.196081617,14.8,51.29121099999993,0.9868870599999973
728.0,1504.57083,27.09630577,1.010001491,1570.521854,25.56930962,-4.125150342,14.8,51.15102400000019,1.5269961500000022
728.1,1507.296117,27.17609293,0.585741778,1573.055579,25.1616869,-4.024860985,14.8,50.95946199999999,2.01440603
728.2,1510.027262,27.21345413,0.161482064,1575.549055,24.76433742,-3.922128606,14.8,50.72179299999989,2.4491167099999984
728.3000000000001,1512.760021,27.20838935,-0.262777649,1578.00331,24.37726118,-3.819396227,14.8,50.44328900000001,2.8311281699999995
728.4000000000001,1515.490153,27.1608986,-0.685218748,1580.419371,24.00045818,-3.716663848,14.8,50.129217999999995,3.1604404200000005
728.5,1518.213414,27.07098187,-1.096748159,1582.798265,23.63392841,-3.613931469,14.8,49.78485099999985,3.4370534600000013
728.6,1520.925562,26.93863918,-1.486454193,1585.14102,23.27767189,-3.51119909,14.8,49.41545800000013,3.6609672899999985
728.7,1523.622355,26.76496168,-1.843425163,1587.448663,22.9316886,-3.408466711,14.8,49.02630799999993,3.833273079999998
728.8000000000001,1526.299549,26.55540523,-2.156749379,1589.722221,22.59597854,-3.305734332,14.8,48.62267199999992,3.959426690000001
728.9000000000001,1528.952903,26.31651683,-2.423281953,1591.962722,22.27054173,-3.203001952,14.8,48.20981899999988,4.0459751
729.0,1531.578173,26.0548435,-2.610629416,1594.171193,21.95537815,-3.100269573,14.8,47.7930199999998,4.099465349999999
729.1,1534.17199,25.77693225,-2.740273547,1596.348661,21.65048781,-2.997537194,14.8,47.376670999999945,4.12644444
729.2,1536.734477,25.48467001,-2.806266164,1598.496153,21.35587071,-2.894804815,14.8,46.96167600000008,4.128799299999997
729.3000000000001,1539.266627,25.19858404,-2.81770034,1600.614698,21.07152685,-2.792072436,14.8,46.54807100000012,4.127057189999999
729.4000000000001,1541.769437,24.9112411,-2.785487762,1602.705322,20.79745623,-2.689340057,14.8,46.1358850000001,4.11378487
729.5,1544.2439,24.63275713,-2.712773323,1604.769053,20.53365884,-2.586607678,14.8,45.72515300000005,4.099098290000001
729.6,1546.691013,24.36422329,-2.633769102,1606.806917,20.28013469,-2.483875299,14.8,45.315904,4.084088600000001
729.7,1549.11177,24.10563959,-2.536086396,1608.819943,20.03688378,-2.38114292,14.8,44.90817299999999,4.068755809999999
729.8000000000001,1551.507166,23.85700602,-2.436585074,1610.809158,19.80390611,-2.278410541,14.8,44.50199199999993,4.05309991
729.9000000000001,1553.878196,23.61832257,-2.337083753,1612.775588,19.58120167,-2.175678162,14.8,44.097392000000085,4.0371209000000015
730.0,1556.225855,23.38958926,-2.237582432,1614.720261,19.36877047,-2.072945783,14.8,43.69440600000003,4.02081879
730.1,1558.551139,23.17080609,-2.138081111,1616.644205,19.16661252,-1.970213404,14.8,43.29306600000014,4.004193569999998
730.2,1560.855042,22.96197304,-2.038579789,1618.548447,18.97472779,-1.867481024,14.8,42.89340499999999,3.987245250000001
730.3000000000001,1563.138558,22.76309013,-1.939078468,1620.434014,18.79311631,-1.764748645,14.8,42.495455999999834,3.96997382
730.4000000000001,1565.402685,22.57415735,-1.839577147,1622.301934,18.62177806,-1.662016266,14.8,42.09924900000006,3.9523792899999997
730.5,1567.648415,22.3951747,-1.74075554,1624.153233,18.46071306,-1.559283887,14.8,41.70481799999989,3.9344616399999985
730.6,1569.876744,22.22614218,-1.646012222,1625.98894,18.30992129,-1.456551508,14.8,41.31219600000004,3.9162208900000017
730.7,1572.088668,22.0670598,-1.559425479,1627.810081,18.16940276,-1.353819129,14.8,40.92141299999999,3.8976570399999986
730.8000000000001,1574.285181,21.91751972,-1.485073601,1629.617684,18.03915746,-1.25108675,14.8,40.53250300000009,3.878362260000003
730.9000000000001,1576.467279,21.7754828,-1.427034874,1631.412776,17.91918541,-1.0869023,14.8,40.145496999999935,3.856297389999998
731.0,1578.635955,21.63850206,-1.389387588,1633.196384,17.80948659,-0.939229973,14.8,39.760429000000116,3.8290154700000016
731.1,1580.792206,21.50413054,-1.375530315,1634.969536,17.71006101,-0.792777526,14.8,39.377329999999986,3.794069529999998
731.2,1582.9367,21.36992126,-1.38614277,1636.73326,17.65777991,-0.662837202,14.8,38.99656,3.712141350000003
731.3000000000001,1585.068801,21.23342725,-1.420545239,1638.488582,17.60892322,-0.576007006,14.8,38.61978100000006,3.624504029999997
731.4000000000001,1587.187546,21.09220153,-1.475339147,1640.236529,17.56349095,-0.471444806,14.8,38.24898299999991,3.528710580000002
731.5,1589.291973,20.94379713,-1.546446208,1641.97813,17.52148308,-0.454322743,14.8,37.88615699999987,3.4223140500000007
