t,x_follower,v_follower,a_follower,x_leader,v_leader,a_leader,leader_length,spacing,dv
156.20000000000002,67.41650697,4.536701657,-0.063426962,108.0238002,11.14654287,-4.001338881,15.3,25.307293229999996,-6.609841212999999
156.3,67.87216183,4.530358961,-0.063938788,109.1194819,10.74324228,-4.025709577,15.3,25.94732007,-6.212883319
156.4,68.32646627,4.524152752,-0.074883972,110.1744427,10.3379128,-4.038947862,15.3,26.547976430000002,-5.813760048
156.5,68.77946122,4.518083029,-0.081270849,111.1882125,9.931890334,-4.039198335,15.3,27.108751280000003,-5.413807305000001
156.60000000000002,69.23118763,4.511126142,-0.089792514,112.1604994,9.526510764,-4.026089916,15.3,27.62931177000001,-5.015384621999999
156.70000000000002,69.68168645,4.499259671,-0.096384998,113.0917237,9.12310998,-3.999993684,15.3,28.11003725,-4.623850309000001
156.8,70.13099862,4.487939148,-0.103657725,113.9824844,8.723023872,-3.962765042,15.3,28.551485780000004,-4.235084724000001
156.9,70.57916509,4.477164572,-0.108086974,114.8333798,8.327588329,-3.916630471,15.3,28.95421471,-3.850423756999999
157.0,71.0262268,4.466321753,-0.105101323,115.6450088,7.937916592,-3.863816454,15.3,29.318781999999995,-3.4715948389999998
157.10000000000002,71.47222471,4.455888395,-0.101490107,116.4179699,7.554231309,-3.806549473,15.3,29.645745189999996,-3.0983429140000007
157.20000000000002,71.91719975,4.445864497,-0.098191673,117.1528618,7.176532481,-3.747056009,15.3,29.93566205,-2.730667984
157.3,72.36119288,4.43625006,-0.094097066,117.8502832,6.804820107,-3.687191466,15.3,30.189090320000002,-2.3685700470000004
157.4,72.80424503,4.427045084,-0.090002459,118.5108326,6.439094188,-3.627326922,15.3,30.406587569999996,-2.012049104
157.5,73.24639716,4.418249568,-0.085907851,119.1351088,6.079354723,-3.567462378,15.3,30.588711639999996,-1.6611051549999996
157.60000000000002,73.68769022,4.409863513,-0.081813244,119.7237103,5.725601712,-3.507597835,15.3,30.73602008,-1.3157381989999992
157.70000000000002,74.12816514,4.401886919,-0.077718637,120.2772359,5.377835156,-3.447733291,15.3,30.84907076,-0.9759482369999999
157.8,74.56786287,4.394319786,-0.073624029,120.7962841,5.036055054,-3.387868748,15.3,30.928421229999994,-0.6417352680000006
157.9,75.00682436,4.387162114,-0.069529422,121.2814537,4.700261407,-3.327686022,15.3,30.974629340000003,-0.3130992930000005
158.0,75.44509056,4.380413902,-0.065434815,121.7333432,4.370454213,-3.265594202,15.3,30.988252639999995,0.00995968899999955
158.10000000000002,75.88270241,4.374075151,-0.061340207,122.1525513,4.046633474,-3.199684196,15.3,30.969848890000005,0.3274416770000004
158.20000000000002,76.31970086,4.36814586,-0.0572456,122.5396767,3.728990099,-3.128046908,15.3,30.919975840000003,0.6391557610000005
158.3,76.75612685,4.362626031,-0.053150993,122.8953179,3.418478635,-3.048773247,15.3,30.839191049999993,0.9441473959999995
158.4,77.19202134,4.357515662,-0.049056386,123.2200737,3.116244537,-2.959954118,15.3,30.728052360000003,1.241271125
158.5,77.62742526,4.352814754,-0.044961778,123.5145427,2.823433261,-2.85999861,15.3,30.58711744000001,1.5293814929999998
158.60000000000002,78.06237956,4.348523306,-0.040867171,123.7794762,2.541190265,-2.74858854,15.3,30.417096640000008,1.8073330409999997
158.70000000000002,78.49692519,4.344641319,-0.036772564,124.0162366,2.270661004,-2.626042092,15.3,30.21931141,2.073980315
158.8,78.93110309,4.341168793,-0.032677956,124.2263388,2.012990934,-2.493950175,15.3,29.99523571,2.3281778589999997
158.9,79.36495422,4.338105728,-0.028583349,124.4112979,1.769325511,-2.354221885,15.3,29.746343679999992,2.5687802170000005
159.0,79.79851951,4.335452124,-0.024488742,124.5726289,1.540619282,-2.208766314,15.3,29.47410938999999,2.794832842
159.10000000000002,80.23183991,4.33320798,-0.020394134,124.7118467,1.327063156,-2.059492556,15.3,29.18000678999999,3.006144824
159.20000000000002,80.66495637,4.331373297,-0.016299527,124.8304665,1.128657134,-1.908309704,15.3,28.86551013,3.202716163
159.3,81.09790984,4.329948074,-0.01220492,124.9300031,0.945401215,-1.75680867,15.3,28.532093259999993,3.384546859
159.4,81.53074126,4.328932313,-0.008110312,125.0119717,0.7772954,-1.605307636,15.3,28.181230440000004,3.5516369130000003
159.5,81.96349157,4.328326012,-0.004015705,125.0778871,0.624339688,-1.443249276,15.3,27.814395529999995,3.7039863239999997
159.60000000000002,82.39620173,4.328129172,7.89e-05,125.1292645,0.48653408,-1.27299718,15.3,27.433062770000003,3.8415950919999995
159.70000000000002,82.82891267,4.328341792,0.004084556,125.1676189,0.363878575,-1.097707619,15.3,27.03870623,3.9644632169999996
159.8,83.26166536,4.328963874,0.006903248,125.1944652,0.262707568,-0.920536864,15.3,26.63279984,4.0662563060000005
159.9,83.69450072,4.329995416,0.009960992,125.2113185,0.181602907,-0.744641187,15.3,26.21681778000001,4.148392509
160.0,84.12745971,4.331383047,0.010764336,125.2196937,0.118670829,-0.573176859,15.3,25.792233989999996,4.212712218
160.10000000000002,84.56058327,4.33246796,0.009432807,125.221106,0.07201757,-0.419857477,15.3,25.36052273000001,4.26045039
160.20000000000002,84.99391236,4.334105767,0.005432686,125.2221377,0.039749368,-0.285475725,15.3,24.928225340000008,4.294356399
160.3,85.4274879,4.334800394,-0.001680792,125.2231695,0.019972459,-0.180588928,15.3,24.495681599999994,4.314827935
160.4,85.86130817,4.334623558,-0.011343335,125.2242012,0.010793082,-0.102833497,15.3,24.062893029999994,4.3238304759999995
160.5,86.2952006,4.333255027,-0.025425725,125.2252329,0.010317472,-0.04905316,15.3,23.630032299999993,4.322937555
160.60000000000002,86.72894997,4.330374571,-0.041523462,125.2262647,0.010317472,-0.016091646,15.3,23.19731473,4.3200570990000005
160.70000000000002,87.16234103,4.325661959,-0.059756071,125.2272964,0.010317472,-0.000792683,15.3,22.764955370000006,4.315344487
160.8,87.59515856,4.318850332,-0.079589836,125.2283282,0.010317472,-8.88e-14,15.3,22.333169640000005,4.308532860000001
160.9,88.02718729,4.309886317,-0.100491038,125.2293599,0.010317472,-2.96e-14,15.3,21.902172610000004,4.2995688450000005
161.0,88.45821201,4.298769915,-0.121925958,125.2303917,0.010317472,-1.78e-14,15.3,21.47217969,4.288452443000001
161.10000000000002,88.88801747,4.285501125,-0.143449831,125.2314234,0.010317472,0.0,15.3,21.043405930000002,4.275183653
161.20000000000002,89.31638843,4.270079948,-0.164973704,125.2324552,0.010317472,0.0,15.3,20.61606677,4.259762476000001
161.3,89.74310965,4.252506384,-0.186497577,125.2334869,0.010317472,0.0,15.3,20.190377250000008,4.2421889120000005
161.4,90.1679659,4.232780433,-0.20802145,125.2345187,0.010317472,0.0,15.3,19.766552799999996,4.222462961000001
161.5,90.59074193,4.210902094,-0.229545323,125.2355504,0.010317472,0.0,15.3,19.34480847,4.200584622
161.60000000000002,91.01122251,4.186871368,-0.251069197,125.2365822,0.010317472,0.0,15.3,18.925359690000004,4.176553896000001
161.70000000000002,91.4291924,4.160688255,-0.272828039,125.2376139,0.010317472,2.96e-14,15.3,18.508421499999994,4.1503707830000005
161.8,91.84443636,4.132352754,-0.295996697,125.2386457,0.010317472,0.054903781,15.3,18.094209340000003,4.122035282000001
161.9,92.25673915,4.101864866,-0.321984988,125.2396774,0.010317472,0.116929932,15.3,17.682938250000003,4.091547394
162.0,92.66588553,4.06908361,-0.352202726,125.2407092,0.010317472,0.186867403,15.3,17.27482367,4.058766138
162.10000000000002,93.07166026,4.033304076,-0.388059728,125.2417409,0.043259741,0.284332278,15.3,16.870080639999994,3.9900443350000003
162.20000000000002,93.4738481,3.993680376,-0.43096581,125.2427727,0.080475431,0.381145977,15.3,16.468924600000005,3.913204945
162.3,93.87223383,3.94936662,-0.482095818,125.2438044,0.122437914,0.460755493,15.3,16.071570570000002,3.8269287060000003
162.4,94.2664894,3.899516918,-0.541684723,125.2448361,0.170812371,0.567256526,15.3,15.678346700000002,3.7287045470000004
162.5,94.65583566,3.843285381,-0.609497554,125.2722217,0.237783294,0.639412103,15.3,15.316386040000008,3.6055020869999996
162.60000000000002,95.03938066,3.779826119,-0.684359464,125.303026,0.315234254,0.703656359,15.3,14.963645339999996,3.464591865
162.70000000000002,95.41623244,3.708293242,-0.764860639,125.3376277,0.378921867,0.774142294,15.3,14.621395259999996,3.329371375
162.8,95.78549906,3.627981844,-0.849591262,125.3773591,0.464122693,0.839947425,15.3,14.29186004,3.1638591509999996
162.9,96.14628856,3.538750941,-0.937141516,125.4237905,0.544631729,0.914143578,15.3,13.977501939999993,2.994119212
163.0,96.497709,3.440600534,-1.026101586,125.4784925,0.635488176,1.037453773,15.3,13.6807835,2.805112358
163.10000000000002,96.83886842,3.333530624,-1.115296626,125.5430356,0.741751749,1.151083743,15.3,13.404167179999998,2.591778875
163.20000000000002,97.16887488,3.217541209,-1.204491666,125.6189903,0.863720401,1.298708494,15.3,13.150115419999988,2.353820808
163.3,97.48683642,3.09263229,-1.293686706,125.7079271,1.001394131,1.455262692,15.3,12.921090680000002,2.091238159
163.4,97.79186109,2.958803868,-1.382881746,125.8114165,1.154772939,1.612313477,15.3,12.719555410000009,1.8040309289999998
163.5,98.08305694,2.816055941,-1.472076785,125.9310291,1.323856826,1.769364262,15.3,12.547972159999997,1.492199115
163.60000000000002,98.35953203,2.664388511,-1.561271825,126.0683354,1.508645791,1.926415048,15.3,12.408803369999998,1.15574272
163.70000000000002,98.62039439,2.503801576,-1.649251399,126.2249058,1.709139836,2.083465833,15.3,12.30451141,0.7946617399999998
163.8,98.86475209,2.334295138,-1.729938177,126.4023108,1.925338958,2.240516618,15.3,12.237558709999998,0.4089561799999999
163.9,99.09171317,2.155869195,-1.791692345,126.602121,2.157243159,2.397567404,15.3,12.21040782999999,-0.0013739639999998943
164.0,99.30038569,1.969253028,-1.840262167,126.8259069,2.404852439,2.553858679,15.3,12.225521210000007,-0.4355994109999999
164.10000000000002,99.48987768,1.778093035,-1.855313786,127.075239,2.668166797,2.705592895,15.3,12.28536131999999,-0.8900737620000001
164.20000000000002,99.6592972,1.589373104,-1.833901429,127.3516877,2.947186234,2.848212993,15.3,12.392390500000001,-1.35781313
164.3,99.8077523,1.399644276,-1.769947766,127.6568237,3.241455043,2.977161912,15.3,12.549071399999999,-1.8418107670000001
164.4,99.93493445,1.221106866,-1.66223733,127.9922173,3.548694695,3.090840719,15.3,12.757282849999992,-2.327587829
164.5,100.0428688,1.055528338,-1.516332608,128.3594392,3.866170955,3.175817981,15.3,13.016570400000003,-2.810642617
164.60000000000002,100.134164,0.907284369,-1.325269867,128.7600598,4.191149586,3.237170521,15.3,13.325895799999994,-3.283865217
164.70000000000002,100.2114286,0.780750637,-1.109382966,129.195285,4.522671228,3.271180705,15.3,13.683856400000007,-3.741920591
164.8,100.2772712,0.67957354,-0.871617679,129.6648627,4.852677022,3.278608043,15.3,14.087591499999984,-4.173103482
164.9,100.3343003,0.604482356,-0.6192668,130.1681757,5.183757355,3.263250085,15.3,14.53387540000001,-4.579274999
165.0,100.3851247,0.555477086,-0.359623127,130.7046074,5.511403118,3.226705766,15.3,15.01948269999998,-4.955926032
165.10000000000002,100.4323528,0.532557731,-0.098763987,131.2735408,5.833335781,3.182406517,15.3,15.541188000000002,-5.30077805
165.20000000000002,100.4785933,0.535724289,0.162095152,131.8743589,6.149099637,3.126035025,15.3,16.095765600000004,-5.613375348
165.3,100.5264547,0.564976761,0.422954292,132.5064451,6.458694688,3.065106474,15.3,16.679990400000005,-5.893717926999999
165.4,100.5785457,0.620315147,0.683813431,133.1691823,6.762120932,3.003418413,15.3,17.29063659999998,-6.141805785
165.5,100.6374748,0.701739447,0.944672571,133.8619537,7.05937837,2.941730352,15.3,17.92447889999998,-6.357638923
165.60000000000002,100.7058506,0.809249661,1.20553171,134.5841424,7.350467002,2.880042291,15.3,18.578291799999985,-6.541217341
165.70000000000002,100.7862818,0.942845789,1.46639085,135.3351315,7.635386829,2.81835423,15.3,19.24884969999999,-6.69254104
165.8,100.8813768,1.102527831,1.72612161,136.1143041,7.914137848,2.756666169,15.3,19.9329273,-6.8116100170000005
165.9,100.9937444,1.288295787,1.979082093,136.9210434,8.186720062,2.694978108,15.3,20.627299000000004,-6.898424274999999
166.0,101.125993,1.500149657,2.218502022,137.7547325,8.45313347,2.633386007,15.3,21.328739499999994,-6.9529838129999995
166.10000000000002,101.2807313,1.737412413,2.43761112,138.6147545,8.713378072,2.572369667,15.3,22.034023200000004,-6.975965659
166.20000000000002,101.4605679,1.996698917,2.629639111,139.5004926,8.967453867,2.51250485,15.3,22.7399247,-6.97075495
166.3,101.6681114,2.273947003,2.792759827,140.4113297,9.215418433,2.454367315,15.3,23.44321830000001,-6.94147143
166.4,101.9059703,2.565094504,2.906499039,141.3466491,9.457559649,2.398532825,15.3,24.1406788,-6.892465145
166.5,102.1762117,2.866079254,2.9845607,142.3058339,9.694222972,2.34557714,15.3,24.829622200000014,-6.828143718
166.60000000000002,102.4787359,3.175805554,3.023129079,143.2882672,9.925753859,2.295980061,15.3,25.509531300000003,-6.749948305
166.70000000000002,102.812902,3.481311837,3.027846073,144.2933782,10.15249777,2.249837549,15.3,26.18047620000001,-6.671185933
166.8,103.1780686,3.787435337,3.005481959,145.3207803,10.37480015,2.207053643,15.3,26.84271169999999,-6.587364813000001
166.9,103.5735947,4.08782445,2.957862903,146.3701329,10.59300647,2.167148542,15.3,27.496538199999986,-6.50518202
167.0,103.9988392,4.381802147,2.906591515,147.4410957,10.80746218,2.129546485,15.3,28.1422565,-6.425660033
167.10000000000002,104.4531609,4.669368429,2.843605739,148.5333279,11.01845516,2.093671712,15.3,28.780166999999988,-6.349086731
167.20000000000002,104.9359186,4.950523295,2.779491584,149.6464893,11.22604298,2.058948461,15.3,29.41057070000002,-6.275519685000001
167.3,105.4464712,5.225266746,2.715377429,150.7802391,11.43022566,2.024800971,15.3,30.033767899999983,-6.204958914
167.4,105.9841777,5.493598781,2.651263274,151.934237,11.63100318,1.99074944,15.3,30.65005929999999,-6.137404399
167.5,106.5483967,5.755519401,2.587149118,153.1081423,11.82837555,1.95669791,15.3,31.2597456,-6.072856149000001
167.60000000000002,107.1384872,6.011028605,2.523034963,154.3016147,12.02234276,1.92264638,15.3,31.863127499999987,-6.011314155000001
167.70000000000002,107.7538081,6.260126393,2.458920808,155.5143134,12.21290482,1.88859485,15.3,32.460505299999994,-5.952778427
167.8,108.3937182,6.502812766,2.394890195,156.7458982,12.40006173,1.85454332,15.3,33.05218000000001,-5.897248963999999
167.9,109.0575764,6.739087724,2.331360837,157.9960284,12.58381349,1.82049179,15.3,33.638452,-5.844725766000001
168.0,109.7447415,6.968951266,2.26883399,159.2643635,12.76416009,1.78644026,15.3,34.219622,-5.795208824
168.10000000000002,110.4545724,7.192453517,2.207810908,160.550563,12.94110154,1.751648111,15.3,34.79599060000001,-5.748648023
168.20000000000002,111.1864279,7.409845107,2.148792846,161.8542864,13.11463783,1.71241225,15.3,35.36785850000001,-5.704792723
168.3,111.9396669,7.621426787,2.09228106,163.1751931,13.28476898,1.664288965,15.3,35.9355262,-5.663342193000001
168.4,112.7136483,7.827499311,2.038693262,164.5129427,13.4510506,1.602834542,15.3,36.4992944,-5.623551289
168.5,113.507771,8.028363431,1.988112995,165.8671947,13.61126084,1.52360527,15.3,37.059423699999996,-5.582897408999999
168.60000000000002,114.3215943,8.224319902,1.940456716,167.2376085,13.76273347,1.422157436,15.3,37.616014199999995,-5.538413568000001
168.70000000000002,115.1547178,8.415669475,1.895306713,168.6238436,13.90280226,1.294787947,15.3,38.16912579999999,-5.487132785
168.8,116.0067409,8.602712904,1.85216173,170.0252039,14.028801,1.140756184,15.3,38.718463000000014,-5.426088095999999
168.9,116.8772631,8.785700817,1.810520513,171.4395716,14.13806344,0.960802765,15.3,39.2623085,-5.352362622999999
169.0,117.7658838,8.964683339,1.769881806,172.8644731,14.22792337,0.758630785,15.3,39.7985893,-5.263240030999999
169.10000000000002,118.6722025,9.13966047,1.729744354,174.2974349,14.29571455,0.538683956,15.3,40.32523240000002,-5.156054079999999
169.20000000000002,119.5958186,9.310632209,1.689690444,175.7359835,14.33921513,0.305405989,15.3,40.840164900000005,-5.028582921
169.3,120.5363316,9.477598558,1.649636535,177.1776454,14.35798073,0.063240598,15.3,41.341313799999995,-4.880382171999999
169.4,121.493341,9.640559516,1.609582625,178.6199472,14.35201137,-0.183368505,15.3,41.826606200000015,-4.711451854
169.5,122.4664462,9.799515083,1.569528716,180.0604152,14.32130703,-0.430718227,15.3,42.293969000000004,-4.5217919470000005
169.60000000000002,123.4552467,9.954465259,1.529474806,181.496576,14.26586772,-0.67806795,15.3,42.741329300000004,-4.311402461
169.70000000000002,124.459342,10.10541004,1.489420897,182.9259562,14.18569344,-0.925417672,15.3,43.1666142,-4.080283399999999
169.8,125.4783314,10.25234944,1.449366987,184.3460822,14.08078419,-1.172767394,15.3,43.56775080000001,-3.8284347499999996
169.9,126.5118145,10.39528344,1.409230112,185.7544805,13.95113996,-1.420117116,15.3,43.942666,-3.5558565200000007
170.0,127.5593908,10.53421205,1.36859544,187.1486777,13.79676077,-1.667466838,15.3,44.28928690000001,-3.26254872
170.10000000000002,128.6206596,10.66913528,1.326965177,188.5262002,13.6176466,-1.913584903,15.3,44.6055406,-2.9485113199999997
170.20000000000002,129.6952205,10.80000333,1.283841527,189.8845745,13.41379745,-2.152313027,15.3,44.88935400000001,-2.6137941200000014
170.3,130.782673,10.92656731,1.238726693,191.2213272,13.18521334,-2.376261266,15.3,45.138654200000005,-2.2586460300000013
170.4,131.8826163,11.04852855,1.19112288,192.5339847,12.93263325,-2.578039678,15.3,45.3513684,-1.8841047
170.5,132.9946502,11.16558836,1.140615258,193.8200735,12.65975215,-2.755256063,15.3,45.525423300000014,-1.49416379
170.60000000000002,134.1183341,11.27744807,1.087120861,195.0771202,12.37100401,-2.885527257,15.3,45.6587861,-1.09355594
170.70000000000002,135.2530684,11.383809,1.030722655,196.3026512,12.07082279,-2.977688197,15.3,45.74958280000003,-0.68701379
170.8,136.3982136,11.48437248,0.971835469,197.4947843,11.76064382,-3.025509483,15.3,45.796570700000004,-0.276271340000001
170.9,137.5531303,11.57883983,0.910957101,198.6540019,11.45389699,-3.030222775,15.3,45.80087160000001,0.12494283999999922
171.0,138.717179,11.66696214,0.848585344,199.7813777,11.14602033,-2.997986356,15.3,45.76419870000002,0.5209418100000001
171.10000000000002,139.8897202,11.74868964,0.785217997,200.8779854,10.84444646,-2.931192429,15.3,45.688265200000004,0.9042431799999999
171.20000000000002,141.0701143,11.82402233,0.721352853,201.9448986,10.55287034,-2.852224157,15.3,45.57478429999999,1.27115199
171.3,142.257722,11.89296021,0.657404743,202.9831911,10.27203098,-2.753478259,15.3,45.4254691,1.6209292299999998
171.4,143.4519038,11.95550328,0.593456634,203.9939364,10.00192836,-2.64734242,15.3,45.2420326,1.9535749199999994
171.5,144.6520201,12.01165154,0.529508524,204.9782084,9.742562492,-2.539974924,15.3,45.026188300000015,2.2690890480000014
171.60000000000002,145.8574315,12.06140498,0.465560414,205.9370806,9.493933374,-2.432607428,15.3,44.779649100000015,2.5674716060000016
171.70000000000002,147.0674985,12.10476362,0.401612305,206.8716267,9.256041006,-2.325239932,15.3,44.50412820000001,2.8487226139999997
171.8,148.2815816,12.14172744,0.337664195,207.7829204,9.028885388,-2.217872436,15.3,44.20133879999999,3.1128420519999995
171.9,149.4990414,12.17229646,0.273712364,208.6720354,8.812466519,-2.110504939,15.3,43.87299399999999,3.359829940999999
172.0,150.7192383,12.19647066,0.209738203,209.5400453,8.6067844,-2.003137443,15.3,43.520807000000005,3.589686259999999
172.10000000000002,151.9415329,12.21425005,0.145719383,210.3880239,8.411839031,-1.896137341,15.3,43.14649100000001,3.802411019000001
172.20000000000002,153.1652857,12.2256324,0.081633574,211.2170448,8.227630411,-1.791341602,15.3,42.7517591,3.9980019890000005
172.3,154.3898573,12.23060654,0.017458447,212.0281816,8.05415854,-1.690954588,15.3,42.338324300000025,4.176448000000001
172.4,155.614608,12.22915907,-0.046828328,212.8225081,7.891202983,-1.597180664,15.3,41.90790009999999,4.337956086999999
172.5,156.8388985,12.2212766,-0.111245358,213.6010979,7.737661558,-1.512224192,15.3,41.46219940000002,4.483615041999999
172.60000000000002,158.0620875,12.20694573,-0.175796366,214.3650247,7.592211647,-1.438289535,15.3,41.002937200000005,4.614734082999999
172.70000000000002,159.2835266,12.18615306,-0.24047763,215.1153622,7.453530632,-1.377213663,15.3,40.53183560000001,4.732622428000001
172.8,160.5025656,12.15888519,-0.305270542,215.8530077,7.320295895,-1.329363968,15.3,40.05044210000001,4.838589294999999
172.9,161.7185542,12.12512872,-0.370152772,216.5781531,7.191184819,-1.294373058,15.3,39.55959890000001,4.933943900999999
173.0,162.9308423,12.0848725,-0.435101991,217.2908141,7.064874786,-1.270403964,15.3,39.059971800000014,5.019997714
173.10000000000002,164.1387797,12.03811428,-0.500095869,217.9910061,6.940043177,-1.255252321,15.3,38.55222640000001,5.0980711030000005
173.20000000000002,165.3417162,11.98485407,-0.565112077,218.6787448,6.815587812,-1.246713767,15.3,38.0370286,5.169266258
173.3,166.5390015,11.92509186,-0.630132006,219.3540458,6.691288254,-1.24258394,15.3,37.515044299999985,5.233803606
173.4,167.7299855,11.85882767,-0.695151935,220.0169246,6.567144503,-1.240658475,15.3,36.986939100000015,5.291683167
173.5,168.914018,11.78606148,-0.760171864,220.6673968,6.443156559,-1.239100404,15.3,36.45337880000001,5.342904921000001
173.60000000000002,170.0904488,11.70679329,-0.825191793,221.305478,6.319324422,-1.237542334,15.3,35.915029200000006,5.387468868
173.70000000000002,171.2586277,11.62102312,-0.890211722,221.9311837,6.195648092,-1.235984263,15.3,35.37255599999999,5.425375028
173.8,172.4179045,11.52875095,-0.955231651,222.5445297,6.072127569,-1.234426192,15.3,34.82662520000001,5.456623380999999
173.9,173.5676289,11.42997679,-1.020153933,223.1455314,5.948762854,-1.232868121,15.3,34.277902500000025,5.481213936
174.0,174.7071508,11.32470063,-1.084490328,223.7342043,5.825553945,-1.231310051,15.3,33.7270535,5.499146685
174.10000000000002,175.83582,11.21292248,-1.147654952,224.3105642,5.702500844,-1.230054938,15.3,33.17474419999998,5.510421635999999
174.20000000000002,176.9529863,11.09470093,-1.209061919,224.8746266,5.579603549,-1.228713266,15.3,32.62164030000001,5.515097381
174.3,178.0579995,10.97032892,-1.268125342,225.426407,5.456862062,-1.227600422,15.3,32.06840750000002,5.513466858
174.4,179.1502093,10.84015798,-1.324259336,225.9659211,5.334094607,-1.228333238,15.3,31.515711800000002,5.506063373000001
174.5,180.2289657,10.70453964,-1.376975663,226.4931844,5.211534894,-1.231236367,15.3,30.964218699999986,5.493004746
174.60000000000002,181.2936652,10.56382543,-1.426176675,227.0082125,5.088993692,-1.237033247,15.3,30.41454730000002,5.474831738
174.70000000000002,182.343892,10.41836688,-1.47196002,227.511021,4.965500901,-1.246144358,15.3,29.867128999999988,5.452865979
174.8,183.3792772,10.26851554,-1.514813935,228.0016255,4.840861729,-1.259682655,15.3,29.322348299999998,5.427653810999999
174.9,184.3994517,10.11462291,-1.555324307,228.4799836,4.714642114,-1.278056189,15.3,28.78053190000001,5.3999807959999995
175.0,185.4040466,9.956981965,-1.594077022,228.9458216,4.586407992,-1.300250993,15.3,28.241775,5.370573973000001
175.10000000000002,186.392693,9.795651274,-1.631657965,229.3988078,4.455725301,-1.326062986,15.3,27.706114799999977,5.339925973000001
175.20000000000002,187.3650218,9.630630843,-1.668653022,229.8386105,4.322159979,-1.35476873,15.3,27.173588699999993,5.308470864
175.3,188.320664,9.46192067,-1.705550432,230.2648981,4.185350305,-1.385644787,15.3,26.644234100000016,5.2765703649999995
175.4,189.2592508,9.289520756,-1.742447842,230.6773389,4.045223938,-1.41796772,15.3,26.118088100000005,5.244296818
175.5,190.180413,9.113431101,-1.779345251,231.0756012,3.901780876,-1.451014091,15.3,25.595188200000006,5.211650225
175.60000000000002,191.0837819,8.933651706,-1.816242661,231.4593534,3.75502112,-1.484181034,15.3,25.075571500000006,5.178630585999999
175.70000000000002,191.9689883,8.750182569,-1.85314007,231.8282638,3.604944669,-1.517347978,15.3,24.559275499999995,5.1452379
175.8,192.8356632,8.563023692,-1.89003748,232.1820007,3.451551524,-1.550514922,15.3,24.046337500000003,5.111472168
175.9,193.6834379,8.372175073,-1.92693489,232.5202325,3.294841685,-1.583681865,15.3,23.53679459999999,5.077333388
176.0,194.5119431,8.177636714,-1.963705944,232.8426274,3.134815151,-1.616848809,15.3,23.0306843,5.042821563
176.10000000000002,195.3208101,7.979408613,-1.99971887,233.1488538,2.971471923,-1.650015753,15.3,22.528043700000023,5.00793669
176.20000000000002,196.1096697,7.777490772,-2.034215536,233.4385801,2.804812,-1.6827265,15.3,22.028910399999983,4.972678772
176.3,196.8781531,7.571959003,-2.066437815,233.7114746,2.634835384,-1.712700068,15.3,21.53332150000001,4.937123618999999
176.4,197.6258912,7.36319237,-2.095627577,233.9672056,2.461542072,-1.735697024,15.3,21.041314399999987,4.901650298
176.5,198.3525151,7.151645751,-2.121026692,234.2054414,2.285205785,-1.753486951,15.3,20.552926300000006,4.866439966
176.60000000000002,199.0576559,6.937774025,-2.142003385,234.4258503,2.10719511,-1.758825908,15.3,20.06819440000002,4.830578915
176.70000000000002,199.7410051,6.722032067,-2.158431303,234.6281008,1.930053708,-1.75047897,15.3,19.587095700000003,4.791978359
176.8,200.402497,6.504874757,-2.1704368,234.8118611,1.75271983,-1.726165154,15.3,19.109364099999976,4.752154926999999
176.9,201.0421267,6.286756971,-2.17865165,234.9770185,1.579539839,-1.685428265,15.3,18.634891800000002,4.707217132
177.0,201.6598889,6.068133588,-2.183833983,235.1243362,1.41125469,-1.630226751,15.3,18.16444729999999,4.656878898
177.10000000000002,202.2557788,5.849383671,-2.186741928,235.2547965,1.249506692,-1.558334834,15.3,17.699017699999995,4.599876979
177.20000000000002,202.829791,5.630583035,-2.188133614,235.3693814,1.095938151,-1.476996456,15.3,17.239590400000008,4.534644884
177.3,203.3819207,5.411731678,-2.188767171,235.4690732,0.951917658,-1.38744654,15.3,16.7871525,4.45981402
177.4,203.9121627,5.1928296,-2.189274373,235.5548541,0.817718929,-1.292422266,15.3,16.34269139999999,4.375110671
177.5,204.420512,4.973876803,-2.189781575,235.6277061,0.693341965,-1.194660813,15.3,15.907194100000009,4.2805348379999995
177.60000000000002,204.9069635,4.754873285,-2.190288777,235.6886116,0.578786766,-1.096443163,15.3,15.481648100000012,4.176086519
177.70000000000002,205.371512,4.535819048,-2.190795979,235.7385526,0.474053333,-0.998225514,15.3,15.067040599999995,4.061765715
177.8,205.8141526,4.31671409,-2.191204559,235.7785114,0.379141664,-0.893381945,15.3,14.664358800000013,3.9375724259999996
177.9,206.2348802,4.097558411,-2.191641316,235.80947,0.29405176,-0.784111618,15.3,14.274589800000012,3.8035066509999997
178.0,206.6336897,3.878352013,-2.191959286,235.8324108,0.218783621,-0.672460737,15.3,13.8987211,3.659568392
178.10000000000002,207.010576,3.659154068,-2.189958395,235.8483159,0.157312799,-0.5604755,15.3,13.537739900000002,3.501841269
178.20000000000002,207.365534,3.439888496,-2.183657915,235.8581674,0.108319795,-0.45020211,15.3,13.192633400000016,3.331568701
178.3,207.6985587,3.220643476,-2.170908053,235.8629475,0.070576891,-0.343686768,15.3,12.864388799999983,3.150066585
178.4,208.0096451,3.002739053,-2.149657636,235.8636385,0.042856363,-0.249448632,15.3,12.553993400000007,2.95988269
178.5,208.2987879,2.787363662,-2.117630071,235.8644028,0.023930493,-0.167793626,15.3,12.265614899999985,2.7634331690000002
178.60000000000002,208.5659823,2.575807181,-2.072822527,235.8651672,0.01257156,-0.104888785,15.3,11.9991849,2.563235621
178.70000000000002,208.811395,2.369359486,-2.015285286,235.8659316,0.00764362,-0.058687907,15.3,11.754536600000005,2.361715866
178.8,209.0358809,2.169310453,-1.945207578,235.8666959,0.00764362,-0.02714479,15.3,11.530815,2.161666833
178.9,209.2404669,1.97694996,-1.864380899,235.8674603,0.00764362,-0.008213234,15.3,11.326993400000003,1.96930634
179.0,209.4261798,1.793567881,-1.774955043,235.8682246,0.00764362,6.91e-13,15.3,11.14204479999999,1.785924261
179.10000000000002,209.5940463,1.620239116,-1.679079804,235.868989,0.00764362,0.038259885,15.3,10.974942699999996,1.612595496
179.20000000000002,209.7450934,1.457178642,-1.578904977,235.8697534,0.00764362,0.086036053,15.3,10.824660000000005,1.4495350219999998
179.3,209.8803479,1.30438646,-1.476580356,235.8705177,0.00764362,0.144108948,15.3,10.690169799999989,1.2967428399999998
179.4,210.0008366,1.161862571,-1.373897436,235.8712821,0.03059955,0.232747461,15.3,10.570445499999988,1.1312630209999999
179.5,210.1075863,1.029606973,-1.271214516,235.8720465,0.059265251,0.310329947,15.3,10.464460200000001,0.9703417219999999
179.60000000000002,210.2016238,0.907619668,-1.168531596,235.8728108,0.094108988,0.381668885,15.3,10.371187000000003,0.81351068
179.70000000000002,210.2839761,0.795900654,-1.065848676,235.8735752,0.135599028,0.470631961,15.3,10.289599100000014,0.660301626
179.8,210.3556698,0.694449932,-0.963165756,235.8927043,0.193841588,0.51771671,15.3,10.237034500000004,0.500608344
179.9,210.4177319,0.603267503,-0.860482835,235.9164012,0.254139564,0.570113606,15.3,10.198669299999988,0.349127939
180.0,210.4711892,0.522353365,-0.758181127,235.9450406,0.312978727,0.588607228,15.3,10.1738514,0.20937463799999995
180.10000000000002,210.5170684,0.45170752,-0.658166686,235.978997,0.369895277,0.615992123,15.3,10.161928599999992,0.08181224299999995
180.20000000000002,210.5563965,0.391329966,-0.562726781,236.018645,0.436177152,0.643709366,15.3,10.162248499999986,-0.04484718600000004
180.3,210.5902003,0.340991978,-0.474148679,236.0643593,0.498712897,0.662818745,15.3,10.174159000000014,-0.15772091900000001
180.4,210.6195065,0.299549921,-0.39471965,236.1165145,0.564994771,0.693666823,15.3,10.197007999999993,-0.26544484999999995
180.5,210.6453421,0.265631435,-0.32672696,236.1754852,0.635022775,0.71955839,15.3,10.230143100000003,-0.36939134
180.60000000000002,210.6687338,0.237864158,-0.270089231,236.241646,0.70880908,0.757770236,15.3,10.27291219999999,-0.470944922
180.70000000000002,210.6905255,0.21487573,-0.231149981,236.3153715,0.786414542,0.796468926,15.3,10.32484599999999,-0.571538812
180.8,210.7108291,0.19529379,-0.203565692,236.3970364,0.867912186,0.835776169,15.3,10.386207299999977,-0.672618396
180.9,210.7295736,0.178938439,-0.187417742,236.4870152,0.953375038,0.87579339,15.3,10.457441599999992,-0.774436599
181.0,210.7466878,0.160859932,-0.180418864,236.5856923,1.042876127,0.916540876,15.3,10.539004500000015,-0.882016195
181.10000000000002,210.7621009,0.143492019,-0.18078507,236.693491,1.136488476,0.95799834,15.3,10.631390099999987,-0.992996457
181.20000000000002,210.7757415,0.125413513,-0.18078507,236.8108443,1.234285115,1.000064358,15.3,10.735102800000003,-1.108871602
181.3,210.7875389,0.106624411,-0.180379824,236.9381852,1.336339067,1.042617218,15.3,10.850646300000005,-1.2297146559999999
181.4,210.7974217,0.088545904,-0.174490657,237.0759469,1.44271119,1.08553521,15.3,10.97852519999999,-1.354165286
181.5,210.8053191,0.068770677,-0.163428751,237.2245623,1.553413653,1.128696624,15.3,11.11924320000001,-1.484642976
181.60000000000002,210.8111599,0.052632038,-0.147046064,237.3844645,1.668446457,1.171979748,15.3,11.2733046,-1.615814419
181.70000000000002,210.8148731,0.038797625,-0.125934759,237.5560864,1.787809603,1.215283158,15.3,11.441213299999998,-1.749011978
181.8,210.8163876,0.027356262,-0.10156014,237.7398612,1.911503089,1.258586567,15.3,11.623473599999993,-1.884146827
181.9,210.8171174,0.018396773,-0.0767414,237.9362219,2.039526916,1.301889976,15.3,11.819104499999991,-2.0211301429999997
182.0,210.8178472,0.012007982,-0.052499722,238.1456014,2.171881084,1.345193386,15.3,12.027754200000015,-2.1598731019999997
182.10000000000002,210.818577,0.008278714,-0.033430783,238.3684329,2.308565593,1.388496795,15.3,12.249855899999982,-2.300286879
182.20000000000002,210.8193067,0.007297792,-0.018498301,238.6051494,2.449580443,1.431800204,15.3,12.485842699999989,-2.4422826509999997
182.3,210.8200365,0.007297792,-0.007850316,238.8561838,2.594925634,1.474899912,15.3,12.73614730000001,-2.587627842
182.4,210.8207663,0.007297792,-0.001634869,239.1219693,2.744601166,1.516777408,15.3,13.001202999999986,-2.7373033739999997
182.5,210.8214961,0.007297792,-5.92e-14,239.4029389,2.898607039,1.556210481,15.3,13.281442800000018,-2.8913092469999997
182.60000000000002,210.8222259,0.007297792,-3.95e-14,239.6995256,3.056821031,1.59197692,15.3,13.57729969999998,-3.049523239
182.70000000000002,210.8229556,0.007297792,-2.37e-14,240.0121624,3.218632038,1.623755703,15.3,13.889206799999993,-3.211334246
182.8,210.8236854,0.007297792,-1.58e-14,240.3412824,3.383306732,1.647621049,15.3,14.217597000000023,-3.3760089399999997
182.9,210.8244152,0.007297792,-9.48e-15,240.6873186,3.550111786,1.665258019,15.3,14.562903399999993,-3.542813994
183.0,210.825145,0.007297792,0.0,241.0506062,3.718854588,1.67556172,15.3,14.925461200000012,-3.711556796
183.10000000000002,210.8258747,0.007297792,0.0,241.4310895,3.887179668,1.678735854,15.3,15.305214799999998,-3.879881876
183.20000000000002,210.8266045,0.007297792,0.0,241.8286147,4.055975842,1.675798931,15.3,15.7020102,-4.0486780499999995
183.3,210.8273343,0.007297792,0.0,242.2430283,4.22396907,1.667071973,15.3,16.115694,-4.216671278
183.4,210.8280641,0.007297792,0.0,242.6741767,4.390548244,1.65648076,15.3,16.546112599999997,-4.3832504519999995
183.5,210.8287939,0.007297792,9.48e-15,243.1219061,4.555591145,1.642543934,15.3,16.993112199999995,-4.548293353
183.60000000000002,210.8295236,0.007297792,2.37e-14,243.586063,4.719097771,1.627384897,15.3,17.456539400000008,-4.711799979
183.70000000000002,210.8302534,0.007297792,2.96e-14,244.0664938,4.881068124,1.612022158,15.3,17.936240399999985,-4.873770331999999
183.8,210.8309832,0.007297792,3.95e-14,244.5630448,5.041502203,1.596659419,15.3,18.432061600000008,-5.034204411
183.9,210.831713,0.007297792,1.58e-13,245.0755624,5.200400008,1.58129668,15.3,18.943849399999987,-5.193102216
184.0,210.8324428,0.007297792,0.206134742,245.6038929,5.357761539,1.565933941,15.3,19.47145010000001,-5.350463747
184.10000000000002,210.8331725,0.007297792,0.445324452,246.1478828,5.513586796,1.550571202,15.3,20.0147103,-5.506289004
184.20000000000002,210.8339023,0.007297792,0.718663672,246.7073784,5.667875779,1.535208463,15.3,20.573476100000004,-5.660577987
184.3,210.8346321,0.130978637,1.077995508,247.2822261,5.820628489,1.519836674,15.3,21.14759400000001,-5.689649852
184.4,210.8353619,0.274492464,1.437327345,247.8722723,5.971844924,1.504410583,15.3,21.73691039999998,-5.69735246
184.5,210.8360917,0.438495996,1.745245499,248.4773632,6.121525086,1.488875889,15.3,22.341271500000015,-5.68302909
184.60000000000002,210.8368214,0.623541563,1.965791901,249.0973454,6.269663543,1.473178289,15.3,22.960524000000003,-5.64612198
184.70000000000002,210.9364959,0.869694199,2.165912219,249.7320652,6.416233146,1.457263483,15.3,23.495569299999982,-5.546538947
184.8,211.0520367,1.079545613,2.187862268,250.3813689,6.561201312,1.441077168,15.3,24.02933220000001,-5.481655698999999
184.9,211.1839693,1.310453778,2.184561454,251.0451029,6.704535462,1.424574093,15.3,24.561133599999987,-5.394081684
185.0,211.3327356,1.574039795,2.109892033,251.7231093,6.846203014,1.407745208,15.3,25.090373699999997,-5.272163219
185.10000000000002,211.4987773,1.751213356,2.042999733,252.4152126,6.986171386,1.390599564,15.3,25.61643529999999,-5.23495803
185.20000000000002,211.6825364,1.934278436,1.989400346,253.1212333,7.124407999,1.37318241,15.3,26.138696899999996,-5.190129562999999
185.3,211.8844547,2.123235033,1.885883771,253.8409916,7.260880271,1.35554805,15.3,26.656536900000003,-5.137645238000001
185.4,212.1049741,2.31145519,1.918103009,254.5743078,7.395561051,1.337750785,15.3,27.16933370000002,-5.084105860999999
185.5,212.3445364,2.504093986,1.957072945,255.3210023,7.528444908,1.319844916,15.3,27.676465899999993,-5.024350922
185.60000000000002,212.6035835,2.70115142,1.992667531,256.0808953,7.659531844,1.301884746,15.3,28.177311799999995,-4.958380424
185.70000000000002,212.8825574,2.902627492,2.036853915,256.8538071,7.788821857,1.283915526,15.3,28.671249699999986,-4.886194365
185.8,213.1818997,3.108522203,2.081040298,257.6395581,7.916314949,1.265946305,15.3,29.157658399999985,-4.8077927460000005
185.9,213.5020525,3.318835552,2.125226682,258.4379686,8.042011118,1.247977084,15.3,29.635916099999985,-4.723175566
186.0,213.8434575,3.533567539,2.169413065,259.2488588,8.165910366,1.230007864,15.3,30.105401299999993,-4.632342827
186.10000000000002,214.2065567,3.752718165,2.213599449,260.0720491,8.288012691,1.212038643,15.3,30.56549240000002,-4.535294526
186.20000000000002,214.5917918,3.976287429,2.25741051,260.9073598,8.408318095,1.194069423,15.3,31.015567999999984,-4.432030666
186.3,214.9996048,4.204275331,2.29896964,261.7546112,8.526826576,1.176100202,15.3,31.455006400000013,-4.322551245
186.4,215.4304376,4.436681872,2.336024905,262.6136236,8.643538135,1.158264284,15.3,31.883185999999977,-4.206856263
186.5,215.8847319,4.673281858,2.366324376,263.4842173,8.758452772,1.141228181,15.3,32.29948540000002,-4.085170914
186.60000000000002,216.3629297,4.912949323,2.387616118,264.3662126,8.871570487,1.125791707,15.3,32.70328289999999,-3.9586211639999993
186.70000000000002,216.8654727,5.154333108,2.397648201,265.2594298,8.982971262,1.112754677,15.3,33.093957100000026,-3.828638153999999
186.8,217.392803,5.396082054,2.394544015,266.1636893,9.093055003,1.102916907,15.3,33.470886300000004,-3.696972949
186.9,217.9451822,5.636845002,2.377928238,267.0788113,9.2023016,1.09707821,15.3,33.83362909999998,-3.565456598
187.0,218.5221513,5.875270792,2.348176191,268.0046162,9.311190941,1.0959051,15.3,34.1824649,-3.4359201489999993
187.10000000000002,219.1230713,6.110008267,2.307164485,268.9409882,9.420202916,1.099530878,15.3,34.5179169,-3.3101946489999987
187.20000000000002,219.7473032,6.339706265,2.257145051,269.8880676,9.529817413,1.107822242,15.3,34.8407644,-3.1901111479999997
187.3,220.3942079,6.563238822,2.200369821,270.8460585,9.640514321,1.12011268,15.3,35.15185060000003,-3.0772754989999997
187.4,221.0631463,6.780380745,2.139090728,271.8151653,9.75277353,1.135602377,15.3,35.45201899999999,-2.9723927850000003
187.5,221.7534794,6.991132032,2.075559703,272.7955922,9.866994945,1.153491519,15.3,35.74211279999999,-2.8758629129999997
187.60000000000002,222.464568,7.195492685,2.011653356,273.7875432,9.983258549,1.17298029,15.3,36.022975200000005,-2.7877658640000007
187.70000000000002,223.1957732,7.393462703,1.947747008,274.7912228,10.10156434,1.193268875,15.3,36.295449600000026,-2.7081016369999995
187.8,223.9464559,7.585042087,1.883840661,275.806835,10.22191232,1.213690764,15.3,36.56037909999999,-2.636870233
187.9,224.715977,7.770230836,1.819934314,276.8345841,10.3443025,1.234112652,15.3,36.818607099999966,-2.574071664
188.0,225.5036974,7.94902895,1.756027967,277.8746744,10.46873485,1.25453454,15.3,37.07097700000001,-2.519705900000001
188.10000000000002,226.3089781,8.121436429,1.69212162,278.92731,10.5952094,1.274956428,15.3,37.31833189999999,-2.4737729710000007
188.20000000000002,227.13118,8.287453274,1.628250095,279.9926952,10.72372614,1.295378316,15.3,37.56151520000002,-2.4362728659999995
188.3,227.969664,8.447079484,1.5645875,281.0710342,10.85428507,1.315800205,15.3,37.801370199999994,-2.407205586
188.4,228.8237912,8.600315059,1.501342767,282.1625311,10.98688618,1.336098562,15.3,38.03873990000004,-2.386571121000001
188.5,229.6929224,8.747180892,1.438724826,283.2673903,11.12152949,1.355655734,15.3,38.274467900000005,-2.374348598000001
188.60000000000002,230.5764185,8.88778145,1.376942607,284.3858159,11.25821498,1.373730535,15.3,38.509397400000026,-2.3704335299999997
188.70000000000002,231.4736405,9.022242089,1.316205043,285.5180122,11.39686854,1.389581779,15.3,38.7443717,-2.3746264509999992
188.8,232.3839494,9.150688169,1.256686241,286.6641834,11.53711958,1.402468282,15.3,38.98023400000001,-2.3864314110000002
188.9,233.3067228,9.273245048,1.198421023,287.8245336,11.67852339,1.411648858,15.3,39.21781080000001,-2.405278342000001
189.0,234.2414051,9.390038085,1.141374568,288.9992672,11.82063525,1.416505852,15.3,39.457862100000014,-2.430597165
189.10000000000002,235.1874577,9.501192637,1.085372766,290.188529,11.96301045,1.416915733,15.3,39.70107130000001,-2.4618178129999997
189.20000000000002,236.1443417,9.606834063,1.030206687,291.3922268,12.10520429,1.413002033,15.3,39.94788509999999,-2.4983702269999988
189.3,237.1115184,9.70706683,0.9756674,292.610209,12.24677205,1.405382405,15.3,40.198690600000006,-2.53970522
189.4,238.088449,9.801911829,0.921545975,293.8423241,12.38726902,1.394798036,15.3,40.45387509999999,-2.585357191
189.5,239.0745946,9.89136906,0.86763348,295.0884206,12.52632461,1.38199011,15.3,40.713826,-2.634955549999999
189.60000000000002,240.0694167,9.975438525,0.813755808,296.3483468,12.66386469,1.367699814,15.3,40.9789301,-2.688426165000001
189.70000000000002,241.0723762,10.05412022,0.759878135,297.6219513,12.79988928,1.352668332,15.3,41.24957509999997,-2.7457690600000006
189.8,242.0829346,10.12741415,0.706000462,298.9090824,12.93439836,1.337513319,15.3,41.526147800000004,-2.8069842099999995
189.9,243.100553,10.19532031,0.652122789,300.2095887,13.06739194,1.322358306,15.3,41.809035699999995,-2.8720716300000007
190.0,244.1246925,10.25783871,0.598245116,301.5233185,13.19887002,1.307203293,15.3,42.09862600000001,-2.9410313099999996
190.10000000000002,245.1548146,10.31496934,0.544367443,302.8501204,13.3288326,1.29204828,15.3,42.395305799999974,-3.013863260000001
190.20000000000002,246.1903803,10.3667122,0.491625812,304.1898428,13.45727968,1.276893267,15.3,42.699462500000024,-3.090567479999999
190.3,247.2308509,10.41306729,0.454571322,305.5423341,13.58421125,1.261738254,15.3,43.0114832,-3.1711439599999984
190.4,248.2756876,10.45403462,0.413407541,306.9074428,13.70962733,1.246488188,15.3,43.33175520000002,-3.25559271
190.5,249.3243517,10.4902958,0.401563398,308.2850173,13.8335279,1.230667799,15.3,43.6606656,-3.3432321
190.60000000000002,250.3763044,10.5305815,0.416984246,309.6749061,13.95591297,1.213706766,15.3,43.99860169999998,-3.4253314699999997
190.70000000000002,251.4310068,10.56301386,0.466486335,311.0769577,14.07672551,1.195034766,15.3,44.34595089999998,-3.5137116499999994
190.8,252.4879202,10.60765024,0.55574987,312.4910204,14.19568035,1.174081477,15.3,44.70310020000004,-3.58803011
190.9,253.5470512,10.66325784,0.677039999,313.9169427,14.31243531,1.150276577,15.3,45.0698915,-3.6491774699999997
191.0,254.6105875,10.73392642,0.855833363,315.3545732,14.42664819,1.123144798,15.3,45.4439857,-3.6927217700000003
191.10000000000002,255.681262,10.82374572,1.059837073,316.8037145,14.53797679,1.092591086,15.3,45.82245250000001,-3.7142310700000003
191.20000000000002,256.7618078,10.9368055,1.291105775,318.2639871,14.64607892,1.058710494,15.3,46.202179300000026,-3.7092734200000006
191.3,257.854958,11.07651388,1.54282322,319.7349656,14.75061239,1.021978291,15.3,46.5800076,-3.6740985100000003
191.4,258.9634455,11.24355248,1.808173162,321.2162247,14.85123501,0.9829648,15.3,46.95277920000002,-3.60768253
191.5,260.0900034,11.4379213,2.080339352,322.7073391,14.94766161,0.942240341,15.3,47.317335700000015,-3.5097403100000015
191.60000000000002,261.2373646,11.65962035,2.353641583,324.2078835,15.03983516,0.900375239,15.3,47.670518900000005,-3.38021481
191.70000000000002,262.4082623,11.90864962,2.626943814,325.7174327,15.12775567,0.857939814,15.3,48.00917040000003,-3.2191060500000006
191.8,263.6054294,12.18500911,2.900246046,327.2355612,15.21142312,0.815409335,15.3,48.33013180000002,-3.02641401
191.9,264.831599,12.48869883,3.173548277,328.7618438,15.29083753,0.772878857,15.3,48.63024480000003,-2.8021386999999987
192.0,266.0895041,12.81971877,3.446850508,330.2958552,15.36599889,0.730348378,15.3,48.90635110000001,-2.5462801200000005
192.10000000000002,267.3818777,13.17806893,3.720152739,331.8371701,15.43690721,0.687817899,15.3,49.155292399999965,-2.258838279999999
192.20000000000002,268.7114528,13.56374932,3.99345497,333.3853632,15.50356247,0.645287421,15.3,49.37391039999996,-1.9398131500000009
192.3,270.0809624,13.97675993,4.264196336,334.9400091,15.56596469,0.602756942,15.3,49.559046700000025,-1.5892047599999994
192.4,271.4931396,14.41710076,4.519572506,336.5006826,15.62411386,0.560226464,15.3,49.707543,-1.2070130999999993
192.5,272.9507175,14.88477181,4.744218286,338.0669584,15.67800999,0.517883436,15.3,49.81624089999998,-0.7932381799999995
192.60000000000002,274.4564289,15.37823657,4.922768482,339.6384112,15.72765306,0.476665117,15.3,49.88198230000002,-0.3494164899999994
192.70000000000002,276.013007,15.88981243,5.039857898,341.2146156,15.77304309,0.437696215,15.3,49.90160859999999,0.11676933999999939
192.8,277.6231847,16.41028029,5.080121339,342.7951463,15.81429254,0.402101437,15.3,49.87196159999998,0.595987749999999
192.9,279.2896951,16.93042101,5.030754476,344.3795781,15.85196376,0.371005492,15.3,49.78988299999999,1.0784572499999996
193.0,281.014042,17.4410155,4.889196444,345.9674856,15.88673159,0.344555302,15.3,49.65344359999996,1.5542839099999988
193.10000000000002,282.7928124,17.93284462,4.658008108,347.5584436,15.91927085,0.326621481,15.3,49.465631199999976,2.0135737700000007
193.20000000000002,284.6213639,18.39668926,4.349993797,349.1521167,15.95025636,0.314458124,15.3,49.23075280000002,2.4464328999999996
193.3,286.4950543,18.8233303,3.980518706,350.7485294,15.97977627,0.308855565,15.3,48.953475100000006,2.843554029999998
193.4,288.4092413,19.20508515,3.564948031,352.3477964,16.01026543,0.308876547,15.3,48.63855509999998,3.194819719999998
193.5,290.3592827,19.54041729,3.118646965,353.9500322,16.04063864,0.313396362,15.3,48.29074950000002,3.4997786499999997
193.60000000000002,292.3405361,19.82932672,2.656980705,355.5553514,16.07204493,0.322268087,15.3,47.9148153,3.7572817900000004
193.70000000000002,294.3483594,20.07181343,2.192753579,357.1638685,16.10459678,0.331433657,15.3,47.51550909999999,3.9672166499999975
193.8,296.3781102,20.26787744,1.728526453,358.775698,16.13829417,0.342701721,15.3,47.0975878,4.129583269999998
193.9,298.4251462,20.41751872,1.264299326,360.3909545,16.17313712,0.354157236,15.3,46.66580830000005,4.2443816000000005
194.0,300.4848253,20.5207373,0.8000722,362.0097526,16.20912562,0.365612752,15.3,46.224927300000004,4.311611680000002
194.10000000000002,302.552505,20.57753316,0.335845074,363.6322069,16.24625967,0.377068267,15.3,45.779701900000035,4.331273490000001
194.20000000000002,304.6235432,20.58790632,-0.128382052,365.2584318,16.28453927,0.388523782,15.3,45.33488860000001,4.3033670499999985
194.3,306.6932976,20.55185675,-0.590206877,366.8885419,16.32396443,0.399979298,15.3,44.895244300000016,4.227892319999999
194.4,308.757126,20.46938448,-1.037617891,368.5226519,16.36453513,0.411434813,15.3,44.4655259,4.1048493499999985
194.5,310.8103859,20.34048949,-1.456201284,370.1608762,16.40625139,0.422869671,15.3,44.05049029999999,3.934238099999998
194.60000000000002,312.8484352,20.16661317,-1.831543245,371.8033294,16.4491132,0.434180587,15.3,43.654894200000015,3.717499970000002
194.70000000000002,314.8666316,19.95496243,-2.15809531,373.4501261,16.49312056,0.445243617,15.3,43.283494499999975,3.461841869999997
194.8,316.8603328,19.71418555,-2.394847632,375.1013807,16.53826108,0.45593482,15.3,42.941047900000015,3.1759244699999982
194.9,318.8248966,19.45293081,-2.556384739,376.757208,16.58447278,0.466130253,15.3,42.632311400000006,2.868458030000003
195.0,320.7568338,19.17452729,-2.631438982,378.4177223,16.6316813,0.475705972,15.3,42.3608885,2.54284599
195.10000000000002,322.6572676,18.90358091,-2.622412665,380.0830384,16.67981228,0.484558694,15.3,42.12577080000001,2.2237686299999986
195.20000000000002,324.5284744,18.63278233,-2.541317295,381.7532608,16.72879135,0.49266776,15.3,41.92478640000003,1.9039909799999997
195.3,326.3727305,18.37609904,-2.393701339,383.4284544,16.77854414,0.500053827,15.3,41.755723900000035,1.5975548999999987
195.4,328.1923124,18.14073795,-2.22057464,385.1086744,16.82899629,0.506820182,15.3,41.616361999999995,1.3117416599999991
195.5,329.9894963,17.92814043,-2.009754976,386.7939759,16.88007343,0.513090766,15.3,41.50447960000004,1.0480669999999996
195.60000000000002,331.7665587,17.73830649,-1.784521502,388.4844138,16.9317136,0.518989523,15.3,41.41785510000001,0.806592890000001
195.70000000000002,333.5257759,17.57123613,-1.556885725,390.1800433,16.98390439,0.524640394,15.3,41.35426740000004,0.5873317399999998
195.8,335.2694241,17.42692935,-1.329249949,391.8809194,17.03664581,0.530167323,15.3,41.311495300000004,0.3902835400000022
195.9,336.9997799,17.30538614,-1.101614173,393.5870971,17.08993786,0.535673595,15.3,41.287317199999976,0.21544828000000038
196.0,338.7191196,17.20660651,-0.873978397,395.2986316,17.14378053,0.541179867,15.3,41.279512000000025,0.0628259799999995
196.10000000000002,340.4297194,17.13059046,-0.64634262,397.0155779,17.19817383,0.546686139,15.3,41.285858499999975,-0.06758337000000125
196.20000000000002,342.1338559,17.07733799,-0.418706844,398.7379911,17.25311776,0.55219241,15.3,41.304135199999976,-0.17577976999999834
196.3,343.8338053,17.04684909,-0.192046418,400.4659262,17.30861231,0.557698682,15.3,41.33212090000002,-0.2617632200000024
196.4,345.5318439,17.03912377,0.028761904,402.1994382,17.36465749,0.563204954,15.3,41.367594299999965,-0.32553371999999925
196.5,347.2302482,17.05416203,0.237866021,403.9385823,17.4212533,0.568711226,15.3,41.408334100000005,-0.3670912699999995
196.60000000000002,348.9312945,17.09137866,0.429413829,405.6834136,17.47839974,0.574152879,15.3,41.45211910000002,-0.38702108000000024
196.70000000000002,350.6372592,17.1478476,0.597553226,407.433987,17.5360968,0.579206822,15.3,41.49672779999999,-0.3882492000000006
196.8,352.3504186,17.2200576,0.740652499,409.1903576,17.59434449,0.583265381,15.3,41.53993900000002,-0.3742868900000005
196.9,354.0730491,17.30449739,0.841173721,410.9525806,17.65310404,0.586600737,15.3,41.57953149999999,-0.34860664999999713
197.0,355.8069588,17.39765571,0.910802718,412.7207109,17.71218159,0.588165289,15.3,41.61375209999996,-0.3145258800000015
197.10000000000002,357.5520833,17.49855353,0.946294447,414.4948036,17.77121253,0.587791289,15.3,41.64272030000002,-0.2726590000000009
197.20000000000002,359.30789,17.59608289,0.952525662,416.2749138,17.83036018,0.585155646,15.3,41.667023799999996,-0.23427728999999786
197.3,361.0738461,17.69432923,0.935348465,418.0610656,17.88899597,0.580193742,15.3,41.68721949999998,-0.19466673999999884
197.4,362.8494191,17.78783427,0.896394567,419.8531588,17.94701926,0.573190159,15.3,41.70373970000004,-0.15918498999999997
197.5,364.6340762,17.87601279,0.854177247,421.6510626,18.00419743,0.563808097,15.3,41.71698640000001,-0.12818464000000063
197.60000000000002,366.4272849,17.95886479,0.801887432,423.4546458,18.06029783,0.553095158,15.3,41.727360899999965,-0.10143303999999986
197.70000000000002,368.2285125,18.03639027,0.748622266,425.2637773,18.11512663,0.541219088,15.3,41.735264799999996,-0.07873636000000062
197.8,370.0372262,18.10858924,0.695357101,427.0783263,18.16864504,0.528567598,15.3,41.7411001,-0.06005580000000066
197.9,371.8528936,18.17546169,0.642091936,428.8981615,18.22085307,0.515528398,15.3,41.7452679,-0.045391380000001647
198.0,373.6749818,18.23700763,0.58882677,430.7231521,18.27175072,0.502424579,15.3,41.748170299999984,-0.0347430899999992
198.10000000000002,375.5029583,18.29322705,0.535561605,432.5531669,18.32133798,0.48932076,15.3,41.75020860000002,-0.028110930000000423
198.20000000000002,377.3362905,18.34411995,0.482296439,434.3880749,18.36961487,0.476216941,15.3,41.75178439999998,-0.025494919999999865
198.3,379.1744456,18.38968633,0.429031274,436.227745,18.41658137,0.463113123,15.3,41.75329940000002,-0.026895039999999426
198.4,381.016891,18.4299262,0.376028821,438.0720463,18.46223749,0.450009304,15.3,41.75515530000003,-0.032311289999999104
198.5,382.8630941,18.46483956,0.324602645,439.9208477,18.50658323,0.436905485,15.3,41.757753600000015,-0.0417436699999989
198.60000000000002,384.7125222,18.49442639,0.276329023,441.7740182,18.54961859,0.423775836,15.3,41.76149599999998,-0.05519220000000047
198.70000000000002,386.5646426,18.51884434,0.23278423,443.6314266,18.59134357,0.410491201,15.3,41.76678399999999,-0.07249922999999825
198.8,388.4189228,18.53888154,0.194646992,445.4929421,18.63175816,0.396896597,15.3,41.77401929999998,-0.09287662000000196
198.9,390.27483,18.55548375,0.166186241,447.3584335,18.67084687,0.382837038,15.3,41.783603499999984,-0.11536311999999782
199.0,392.1318316,18.56959674,0.146022885,449.2277697,18.70853221,0.368157538,15.3,41.795938100000015,-0.13893546999999984
199.10000000000002,393.9895211,18.58162775,0.135317189,451.1008199,18.74472119,0.352703114,15.3,41.81129879999999,-0.1630934400000008
199.20000000000002,395.8479962,18.59413814,0.133806441,452.9774529,18.77932081,0.336344611,15.3,41.829456699999994,-0.1851826700000032
199.3,397.7074811,18.60645807,0.140177075,454.8575252,18.81223809,0.319056198,15.3,41.850044100000005,-0.2057800200000024
199.4,399.5681996,18.62007185,0.153750368,456.740844,18.84338003,0.300863706,15.3,41.87264439999997,-0.22330818000000008
199.5,401.4303757,18.63576761,0.170257388,458.6272036,18.87265364,0.281896289,15.3,41.89682789999996,-0.23688603000000086
199.60000000000002,403.2942333,18.65370299,0.190814512,460.5163987,18.89996593,0.262308932,15.3,41.922165400000054,-0.24626294000000115
199.70000000000002,405.1599965,18.67387797,0.212947913,462.4082239,18.92523942,0.24225662,15.3,41.94822740000002,-0.251361450000001
199.8,407.0278891,18.69629257,0.235344027,464.3024738,18.94845859,0.221894338,15.3,41.974584699999994,-0.25216602000000066
199.9,408.8981352,18.72094678,0.257740141,466.1989428,18.96962345,0.201377071,15.3,42.00080759999999,-0.24867667000000182
200.0,410.7709586,18.7478406,0.280136255,468.0974256,18.988734,0.180833974,15.3,42.02646700000004,-0.24089340000000092
200.10000000000002,412.6465835,18.77697403,0.302532369,469.9977168,19.00579024,0.160290876,15.3,42.05113329999996,-0.22881620999999797
200.20000000000002,414.5252336,18.80834707,0.324928482,471.8996108,19.02079218,0.139747778,15.3,42.07437720000003,-0.21244511000000088
200.3,416.4071331,18.84195973,0.347324596,473.8029024,19.0337398,0.119204681,15.3,42.095769299999986,-0.19178007000000008
200.4,418.2925058,18.87781199,0.369526451,475.7073859,19.04463311,0.098661583,15.3,42.11488010000001,-0.16682111999999805
200.5,420.1815757,18.91590387,0.39056275,477.6128561,19.05347212,0.078118486,15.3,42.131280399999994,-0.1375682499999975
200.60000000000002,422.0745667,18.95623536,0.409267938,479.5191075,19.06025681,0.05769205,15.3,42.14454080000003,-0.10402144999999763
200.70000000000002,423.9717029,18.9986899,0.42447646,481.4259346,19.06498719,0.037965587,15.3,42.15423169999998,-0.0662972900000014
200.8,425.8732082,19.04268472,0.435022759,483.3331321,19.06766327,0.019639068,15.3,42.15992389999998,-0.024978550000000155
200.9,427.7793066,19.08752049,0.439741281,485.2404945,19.06835503,0.003412466,15.3,42.16118790000003,0.019165459999999968
201.0,429.6902219,19.13249787,0.437660729,487.1478163,19.06741246,-0.010014246,15.3,42.15759440000001,0.06508541000000179
201.10000000000002,431.606085,19.17691752,0.428586844,489.0548921,19.06525556,-0.019941097,15.3,42.14880710000001,0.11166195999999928
201.20000000000002,433.5266536,19.22008012,0.412713885,490.9615165,19.06230429,-0.025784777,15.3,42.134862900000044,0.1577758299999985
201.3,435.4515921,19.26128634,0.391013149,492.8675402,19.05897865,-0.027428622,15.3,42.11594809999998,0.20230769000000137
201.4,437.380565,19.29983683,0.364650191,494.7730375,19.05569861,-0.024989296,15.3,42.0924725,0.24413821999999996
201.5,439.313237,19.33514882,0.334790566,496.6781391,19.05288416,-0.019050108,15.3,42.0649021,0.28226465999999917
201.60000000000002,441.2492723,19.36710576,0.30259983,498.5829755,19.05095529,-0.010311031,15.3,42.033703200000005,0.3161504700000002
201.70000000000002,443.1883356,19.39570764,0.269243539,500.4876774,19.05026198,0.000527962,15.3,41.99934179999998,0.3454456600000029
201.8,445.1300914,19.42095446,0.235692988,502.3923752,19.05087422,0.012766901,15.3,41.96228379999998,0.37008024000000006
201.9,447.0742041,19.44284623,0.202142437,504.2971994,19.05279203,0.025705811,15.3,41.92299530000004,0.39005420000000157
202.0,449.0203382,19.46138295,0.168591887,506.2022808,19.05601539,0.038761384,15.3,41.88194259999996,0.40536756000000196
202.10000000000002,450.9681582,19.47656461,0.135041336,508.1077497,19.0605443,0.051816957,15.3,41.8395915,0.4160203100000004
202.20000000000002,452.9173286,19.48839122,0.101490785,510.0137369,19.06637878,0.064872529,15.3,41.79640830000001,0.4220124399999996
202.3,454.8675139,19.49686277,0.067940235,511.9203727,19.07351881,0.077928102,15.3,41.75285879999997,0.4233439600000004
202.4,456.8183787,19.50197926,0.034389684,513.8277878,19.0819644,0.090983675,15.3,41.70940910000003,0.42001485999999844
202.5,458.7695873,19.50374071,0.00099786,515.7361128,19.09171554,0.104039247,15.3,41.66652549999999,0.4120251699999997
202.60000000000002,460.7208044,19.50214709,-0.031441602,517.6454782,19.10277225,0.11709482,15.3,41.62467379999994,0.3993748400000001
202.70000000000002,462.6716943,19.49719842,-0.06197634,519.5560145,19.11513451,0.13017084,15.3,41.58432019999994,0.3820639099999994
202.8,464.6219216,19.48898993,-0.089653993,521.4678523,19.12880233,0.143369542,15.3,41.5459307,0.3601875999999997
202.9,466.5711507,19.47799781,-0.114304411,523.3811222,19.1437757,0.156813608,15.3,41.50997150000008,0.33422211000000246
203.0,468.5190463,19.46479346,-0.132628596,525.2959547,19.1600669,0.170625721,15.3,41.47690840000003,0.30472655999999887
203.10000000000002,470.4652727,19.44994831,-0.14617955,527.2124803,19.17773727,0.184928564,15.3,41.44720760000003,0.2722110399999984
203.20000000000002,472.4095706,19.43356445,-0.154016333,529.1308297,19.19686041,0.199844817,15.3,41.42125910000006,0.23670403999999934
203.3,474.3519856,19.41762126,-0.156297672,531.0511334,19.21750994,0.215476716,15.3,41.39914780000005,0.2001113200000013
203.4,476.2926391,19.4012822,-0.153817203,532.9735317,19.23975946,0.231844709,15.3,41.380892599999996,0.16152274000000233
203.5,478.2316529,19.38558801,-0.146745075,534.8982043,19.26368259,0.248928349,15.3,41.366551400000006,0.12190542000000093
203.60000000000002,480.1691486,19.37101486,-0.138380284,536.8253406,19.28935293,0.266625399,15.3,41.35619199999998,0.08166192999999922
203.70000000000002,482.1052477,19.35765799,-0.127328559,538.7551301,19.3168441,0.284813179,15.3,41.34988239999997,0.04081388999999902
203.8,484.040072,19.3455174,-0.115324472,540.6877622,19.34621742,0.303369005,15.3,41.347690199999946,-0.0007000200000000234
203.9,485.9737431,19.33459309,-0.103161658,542.6234264,19.37748518,0.322170195,15.3,41.349683299999995,-0.04289209000000227
204.0,487.9063825,19.32488507,-0.090998843,544.5623121,19.41064737,0.341094068,15.3,41.35592959999998,-0.08576229999999896
204.10000000000002,489.838112,19.31639333,-0.078836029,546.5046087,19.44570399,0.360038388,15.3,41.36649669999993,-0.12931065999999802
204.20000000000002,491.769053,19.30911786,-0.066673215,548.4505056,19.48265505,0.378982708,15.3,41.38145260000006,-0.17353719000000112
204.3,493.6993274,19.30305868,-0.054510401,550.4001924,19.52150054,0.397927028,15.3,41.400865000000024,-0.2184418600000022
204.4,495.6290566,19.29821578,-0.042347587,552.3538585,19.56224046,0.416871348,15.3,41.42480189999999,-0.2640246800000021
204.5,497.5583624,19.29458916,-0.030216506,554.3116933,19.60487481,0.435815668,15.3,41.45333089999998,-0.3102856499999973
204.60000000000002,499.4873663,19.29217883,-0.018275822,556.2738863,19.64940359,0.454759987,15.3,41.48651999999994,-0.3572247599999976
204.70000000000002,501.41619,19.29098477,-0.006715934,558.2406268,19.6958268,0.47331689,15.3,41.524436800000004,-0.4048420299999975
204.8,503.3449551,19.29098796,0.004272761,560.2121044,19.74414445,0.486643442,15.3,41.567149300000054,-0.45315649000000136
204.9,505.2737833,19.29209319,0.014499866,562.1885085,19.79435653,0.501132678,15.3,41.614725200000024,-0.5022633400000025
205.0,507.2027961,19.29418622,0.023774982,564.1700285,19.84623059,0.505742556,15.3,41.667232399999946,-0.5520443700000008
205.10000000000002,509.1321152,19.29715282,0.031939445,566.1568539,19.89686087,0.501054418,15.3,41.7247387,-0.5997080500000003
205.20000000000002,511.061847,19.30087875,0.038961522,568.1491741,19.9500832,0.484743759,15.3,41.787327099999985,-0.6492044500000027
205.3,512.992037,19.30524976,0.044872946,570.1471785,19.99927234,0.454873492,15.3,41.855141500000016,-0.6940225800000022
205.4,514.9227153,19.31015163,0.049832381,572.1508707,20.0447771,0.413962047,15.3,41.928155399999994,-0.734625470000001
205.5,516.8539123,19.3154701,0.054030226,574.1595103,20.08520278,0.353679303,15.3,42.00559799999992,-0.7697326800000006
205.60000000000002,518.7856581,19.32110999,0.057656878,576.172171,20.11915468,0.284679884,15.3,42.08651290000007,-0.7980446900000011
205.70000000000002,520.7179831,19.32705225,0.060902734,578.1879264,20.1452381,0.206382448,15.3,42.16994330000007,-0.818185849999999
205.8,522.6509174,19.33329688,0.063958193,580.2058502,20.16229078,0.121111501,15.3,42.25493279999996,-0.8289939000000004
205.9,524.5844913,19.33984389,0.066981919,582.2250161,20.17008027,0.031191545,15.3,42.34052479999998,-0.8302363799999988
206.0,526.518735,19.34669327,0.070005645,584.2444978,20.16860657,-0.061052915,15.3,42.42576279999999,-0.8219133000000021
206.10000000000002,528.4536788,19.35384502,0.073029371,586.263369,20.15786968,-0.153684793,15.3,42.50969019999998,-0.8040246599999996
206.20000000000002,530.3893528,19.36129914,0.076053096,588.2807034,20.13786961,-0.24631667,15.3,42.59135060000001,-0.7765704699999993
206.3,532.3257874,19.36905564,0.079076822,590.2955745,20.10860635,-0.338948548,15.3,42.66978710000008,-0.7395507099999996
206.4,534.2630128,19.37711451,0.082100548,592.3070562,20.0700799,-0.431580425,15.3,42.74404340000008,-0.6929653900000012
206.5,536.2010591,19.38547575,0.08509415,594.3142221,20.02229027,-0.524212302,15.3,42.8131630000001,-0.6368145199999979
206.60000000000002,538.1399567,19.39413936,0.087907008,596.3161459,19.96523744,-0.61684418,15.3,42.87618920000007,-0.5710980799999987
206.70000000000002,540.0797358,19.40310535,0.090262457,598.3119012,19.89892143,-0.707968039,15.3,42.93216539999999,-0.4958160800000009
206.8,542.0204266,19.41235563,0.09226752,600.3005618,19.82334223,-0.78208549,15.3,42.98013520000002,-0.4109866000000011
206.9,543.9620594,19.42179984,0.093453686,602.2812012,19.73849984,-0.854023329,15.3,43.019141800000014,-0.31670000000000087
207.0,545.9046643,19.43127198,0.093736135,604.2528933,19.64529908,-0.890858545,15.3,43.04822899999995,-0.21402709999999914
207.10000000000002,547.8482717,19.44083626,0.092964245,606.2147117,19.55303897,-0.891501332,15.3,43.0664399999999,-0.11220270999999826
207.20000000000002,549.7928973,19.45021157,0.091107895,608.16573,19.45282344,-0.846903583,15.3,43.072832700000006,-0.0026118699999990724
207.3,551.738499,19.45934703,0.088293129,610.105022,19.3644063,-0.749525207,15.3,43.06652299999992,0.09494073000000114
207.4,553.6850203,19.46813418,0.084382801,612.0323851,19.28844143,-0.60581649,15.3,43.04736480000004,0.17969275000000096
207.5,555.6324048,19.47646458,0.079845421,613.9505124,19.23035769,-0.393410544,15.3,43.018107599999965,0.24610688999999653
207.60000000000002,557.5805959,19.48424786,0.07476581,615.8628205,19.19558395,-0.143722363,15.3,42.98222459999995,0.28866391000000036
207.70000000000002,559.529537,19.49146594,0.069324712,617.7727263,19.18954908,0.142158247,15.3,42.94318930000004,0.3019168600000022
207.8,561.4791716,19.49811882,0.063702871,619.6836465,19.21677712,0.455183179,15.3,42.90447490000004,0.2813416999999987
207.9,563.4294433,19.50420651,0.058050905,621.5989978,19.27817288,0.786304326,15.3,42.86955450000001,0.22603362999999987
208.0,565.3802955,19.50972901,0.05239894,623.5221972,19.37373638,1.126473579,15.3,42.841901700000065,0.1359926300000005
208.10000000000002,567.3316717,19.5146863,0.046746974,625.4566613,19.5034676,1.468150851,15.3,42.82498959999994,0.011218700000000581
208.20000000000002,569.2835154,19.5190784,0.041095009,627.4058068,19.66736655,1.809828123,15.3,42.8222914,-0.14828814999999906
208.3,571.23577,19.5229053,0.035443043,629.3730507,19.86543322,2.151505394,15.3,42.83728070000002,-0.34252791999999843
208.4,573.1883791,19.52616701,0.029791078,631.3618096,20.09766763,2.493182666,15.3,42.8734305,-0.5715006199999983
208.5,575.141286,19.52886352,0.024139112,633.3755004,20.36406976,2.834859938,15.3,42.93421439999993,-0.835206239999998
208.60000000000002,577.0944344,19.53099483,0.018580267,635.4175397,20.66463962,3.176537209,15.3,43.02310530000007,-1.1336447899999982
208.70000000000002,579.0477676,19.53256095,0.014058335,637.4913444,20.9993772,3.518214481,15.3,43.14357679999996,-1.4668162500000008
208.8,581.0012292,19.53356187,0.009697458,639.6003313,21.36828251,3.857572212,15.3,43.299102099999985,-1.8347206400000005
208.9,582.9547626,19.53405346,0.007490935,641.7479171,21.77135555,4.1830127,15.3,43.49315450000002,-2.23730209
209.0,584.9083113,19.53460201,0.007519293,643.9375185,22.20859632,4.480618702,15.3,43.729207199999976,-2.673994310000001
209.10000000000002,586.8618188,19.53468199,0.010341253,646.1725525,22.67861309,4.736472976,15.3,44.01073370000002,-3.1439310999999996
209.20000000000002,588.8152286,19.53548939,0.016422416,648.4564356,23.17444724,4.936658278,15.3,44.34120700000001,-3.6389578500000006
209.3,590.7685288,19.53707252,0.025377708,650.7925848,23.68774842,5.067257365,15.3,44.724055999999976,-4.1506758999999995
209.4,592.7218864,19.53976662,0.038548588,653.1844168,24.2101663,5.116672535,15.3,45.162530399999994,-4.670399679999999
209.5,594.6755132,19.54390691,0.054034877,655.6342349,24.73335052,5.082584248,15.3,45.65872170000007,-5.189443609999998
209.60000000000002,596.6296207,19.54982863,0.071756048,658.1398891,25.24895074,4.967312043,15.3,46.210268399999975,-5.699122110000001
209.70000000000002,598.5844206,19.55781115,0.09115338,660.6981158,25.74861661,4.782453624,15.3,46.81369519999994,-6.19080546
209.8,600.5401246,19.56791032,0.111668152,663.3056516,26.22399778,4.541926234,15.3,47.46552700000002,-6.656087460000002
209.9,602.4969443,19.58012615,0.132741645,665.9592329,26.66813565,4.259647114,15.3,48.16228859999997,-7.088009499999998
210.0,604.4550915,19.59445865,0.153908258,668.6555962,27.07963847,3.949533509,15.3,48.90050470000001,-7.485179819999999
210.10000000000002,606.4147777,19.6109078,0.175074872,671.3914781,27.45850626,3.62550266,15.3,49.67670040000003,-7.84759846
210.20000000000002,608.3762147,19.62947362,0.196241485,674.163615,27.804739,3.299152272,15.3,50.48740030000006,-8.175265380000003
210.3,610.3396141,19.6501561,0.217408098,676.9687434,28.11833671,2.972801883,15.3,51.32912930000005,-8.468180610000001
210.4,612.3051876,19.67295524,0.238574711,679.8035998,28.39929938,2.646451494,15.3,52.19841220000008,-8.726344139999998
210.5,614.2731468,19.69787104,0.259741324,682.6649208,28.64762701,2.320101105,15.3,53.09177400000006,-8.949755970000002
210.60000000000002,616.2437035,19.72490351,0.281267515,685.5494428,28.8633196,1.993750716,15.3,54.00573929999992,-9.13841609
210.70000000000002,618.2170692,19.75405263,0.304951172,688.4539022,29.04637715,1.667400328,15.3,54.93683300000005,-9.292324520000001
210.8,620.1934557,19.78531842,0.332949763,691.3750357,29.19679967,1.342387259,15.3,55.881580000000056,-9.411481250000001
210.9,622.1730745,19.81891661,0.367420755,694.3095797,29.31458714,1.025398112,15.3,56.83650519999999,-9.495670530000002
211.0,624.1561375,19.85592595,0.410521613,697.2542707,29.39973958,0.724456807,15.3,57.79813320000001,-9.543813629999999
211.10000000000002,626.1428562,19.8976409,0.464409805,700.2058451,29.45305937,0.447587265,15.3,58.76298890000005,-9.55541847
211.20000000000002,628.1334423,19.94535596,0.53088322,703.1610396,29.47855847,0.202813409,15.3,59.72759730000003,-9.533202509999999
211.3,630.1282801,20.0003656,0.610301436,706.1165905,29.48105124,-0.010741556,15.3,60.68831040000005,-9.48068564
211.4,632.1284442,20.0639643,0.702304874,709.0692344,29.46535203,-0.159688885,15.3,61.64079020000004,-9.40138773
211.5,634.1351819,20.13744654,0.805095646,712.0163497,29.43627519,-0.2693934,15.3,62.58116779999996,-9.29882865
211.60000000000002,636.1497404,20.22210681,0.916516285,714.9578825,29.39329464,-0.332291709,15.3,63.508142099999944,-9.171187830000001
211.70000000000002,638.173367,20.31902383,1.034409324,717.8944207,29.35724604,-0.355070412,15.3,64.42105369999997,-9.03822221
211.8,640.2073089,20.42841335,1.156617297,720.8265523,29.31692243,-0.34575343,15.3,65.31924339999996,-8.888509080000002
211.9,642.2528134,20.55027537,1.280982736,723.7548653,29.28167621,-0.303463969,15.3,66.20205189999997,-8.73140084
212.0,644.3111278,20.68460989,1.405707754,726.6799476,29.25230978,-0.262928096,15.3,67.06881979999999,-8.56769989
212.10000000000002,646.3834992,20.83141692,1.530432771,729.6023873,29.22882313,-0.205467587,15.3,67.91888810000007,-8.39740621
212.20000000000002,648.4711749,20.99069645,1.655157788,732.5227724,29.21121626,-0.146669757,15.3,68.75159749999996,-8.220519809999999
212.3,650.5754022,21.16244848,1.779882806,735.4416907,29.19948918,-0.087871927,15.3,69.5662885,-8.037040700000002
212.4,652.6974283,21.34667301,1.904607823,738.3597303,29.19364188,-0.029074098,15.3,70.36230200000007,-7.846968870000001
212.5,654.8385006,21.54337004,2.02933284,741.2774792,29.19367436,0.029723732,15.3,71.13897860000004,-7.65030432
212.60000000000002,656.9998661,21.75253958,2.15312745,744.1955253,29.19958662,0.088521561,15.3,71.89565920000003,-7.447047040000001
212.70000000000002,659.1827722,21.97418161,2.271339616,747.1144566,29.21137867,0.147319391,15.3,72.6316844,-7.23719706
212.8,661.3884662,22.20829615,2.378386893,750.0348611,29.2290505,0.205984226,15.3,73.34639489999991,-7.020754350000001
212.9,663.6181952,22.45432495,2.468686837,752.9573268,29.25260211,0.26385109,15.3,74.03913160000009,-6.798277160000001
213.0,665.8732066,22.70947678,2.536657004,755.8824417,29.28203351,0.320122014,15.3,74.70923509999996,-6.572556730000002
213.10000000000002,668.1547475,22.97040218,2.57671495,758.8107936,29.31726489,0.373999028,15.3,75.35604610000003,-6.34686271
213.20000000000002,670.4640653,23.23375168,2.584208637,761.7429707,29.35789728,0.424684162,15.3,75.97890539999999,-6.1241455999999985
213.3,672.8019605,23.49617582,2.558207659,764.6795609,29.40345188,0.471379445,15.3,76.57760040000001,-5.907276059999997
213.4,675.1674475,23.75432512,2.499642422,767.6211521,29.45344992,0.513419902,15.3,77.15370460000004,-5.6991248
213.5,677.559094,24.00485013,2.413164964,770.5682685,29.50741261,0.550672538,15.3,77.70917450000009,-5.502562479999998
213.60000000000002,679.9754675,24.24440137,2.304357729,773.521179,29.56486118,0.583270349,15.3,78.24571149999993,-5.320459810000003
213.70000000000002,682.4151359,24.47018763,2.178803161,776.4800883,29.62531683,0.61187831,15.3,78.76495240000004,-5.1551291999999975
213.8,684.8766667,24.68165066,2.042083705,779.4452016,29.6883008,0.63729439,15.3,79.26853490000003,-5.006650140000001
213.9,687.3586276,24.87879045,1.899781804,782.4167237,29.75341409,0.660316559,15.3,79.75809610000006,-4.874623639999999
214.0,689.8595864,25.06160702,1.756549496,785.3948597,29.8205769,0.681742788,15.3,80.23527329999997,-4.758969879999999
214.10000000000002,692.3781106,25.23010035,1.613317187,788.3798143,29.88978925,0.702371048,15.3,80.70170370000001,-4.659688899999999
214.20000000000002,694.9127681,25.38427046,1.470084879,791.3717927,29.96105111,0.722866312,15.3,81.15902460000002,-4.57678065
214.3,697.4621263,25.52411733,1.326852571,794.3709998,30.03436251,0.743361576,15.3,81.60887350000003,-4.510245180000002
214.4,700.0247531,25.64964097,1.183620263,797.3776405,30.10972343,0.76385684,15.3,82.05288739999999,-4.460082459999999
214.5,702.5992161,25.76084138,1.040387955,800.3919197,30.18713388,0.784352104,15.3,82.49270359999998,-4.426292500000002
214.60000000000002,705.184083,25.85771856,0.897155646,803.4140425,30.26659385,0.804847369,15.3,82.92995950000007,-4.408875290000001
214.70000000000002,707.7779215,25.94027251,0.755223394,806.4442137,30.34810335,0.825342633,15.3,83.36629219999993,-4.407830839999999
214.8,710.3792991,26.00850323,0.621091477,809.4826384,30.43166238,0.845837897,15.3,83.80333930000002,-4.42315915
214.9,712.9867837,26.06241072,0.50256023,812.5295214,30.51727093,0.865944241,15.3,84.24273769999998,-4.45486021
215.0,715.5989429,26.10277501,0.407429988,815.5850678,30.60492901,0.881620773,15.3,84.68612490000005,-4.502154000000001
215.10000000000002,718.2143443,26.13349627,0.343501087,818.6494825,30.69463661,0.896822856,15.3,85.13513819999999,-4.5611403400000015
215.20000000000002,720.8315557,26.1592547,0.318573861,821.7229704,30.78616039,0.902928089,15.3,85.59141470000004,-4.626905689999997
215.3,723.4491447,26.1847305,0.33914859,824.8057365,30.87707581,0.899699248,15.3,86.05659179999994,-4.69234531
215.4,726.066303,26.21460388,0.40652533,827.8979857,30.96975609,0.884802814,15.3,86.5316827000001,-4.755152210000002
215.5,728.6847185,26.25355503,0.519404025,830.999923,31.05902778,0.856294188,15.3,87.01520449999994,-4.80547275
215.60000000000002,731.3067029,26.30626416,0.671284395,834.1115667,31.14474856,0.815880745,15.3,87.50486380000002,-4.838484399999999
215.70000000000002,733.9345681,26.37741147,0.854366106,837.2321883,31.2255183,0.757662522,15.3,87.99762019999999,-4.8481068300000025
215.8,736.570626,26.47089711,1.060848822,840.3608727,31.29993691,0.689873001,15.3,88.49024670000001,-4.8290398
215.9,739.2171884,26.58750114,1.282932208,843.4967047,31.36660426,0.612749405,15.3,88.97951629999996,-4.7791031199999985
216.0,741.876567,26.72722354,1.512815929,846.6387692,31.4243536,0.528625253,15.3,89.46220219999994,-4.697130059999999
216.10000000000002,744.5510739,26.89006433,1.743999706,849.7861511,31.47295158,0.439834065,15.3,89.93507719999998,-4.582887249999999
216.20000000000002,747.2430207,27.07602349,1.975183483,852.9379352,31.5123982,0.348709357,15.3,90.39491449999998,-4.436374709999999
216.3,749.9547194,27.28510102,2.20636726,856.0932064,31.54269345,0.25719573,15.3,90.83848699999994,-4.2575924300000025
216.4,752.6884817,27.51729694,2.437551037,859.2510496,31.56383735,0.165682103,15.3,91.26256789999998,-4.046540409999999
216.5,755.4466196,27.77261123,2.668734815,862.4105496,31.57582987,0.074168476,15.3,91.66393000000001,-3.8032186400000008
216.60000000000002,758.2314448,28.0510439,2.899918592,865.5707913,31.57867104,-0.017345151,15.3,92.03934650000004,-3.52762714
216.70000000000002,761.0452692,28.35259495,3.129448406,868.7308595,31.57236084,-0.108858778,15.3,92.38559029999995,-3.2197658900000015
216.8,763.8904046,28.67726437,3.349054442,871.8898391,31.55689929,-0.200372404,15.3,92.69943450000001,-2.879634920000001
216.9,766.7691629,29.02505218,3.548812922,875.046815,31.53228636,-0.291435146,15.3,92.97765210000007,-2.507234180000001
217.0,769.6838558,29.39496598,3.718800068,878.2008721,31.49852208,-0.379792577,15.3,93.21701630000003,-2.1035561000000023
217.10000000000002,772.6367954,29.7820439,3.849092102,881.3510951,31.45560643,-0.462739384,15.3,93.41429969999997,-1.673562529999998
217.20000000000002,775.6302932,30.18033165,3.929765246,884.496569,31.40380995,-0.537570257,15.3,93.56627580000004,-1.2234783
217.3,778.6666613,30.58387499,3.952549685,887.6363787,31.3444853,-0.603088194,15.3,93.66971740000004,-0.760610309999997
217.4,781.7474176,30.98671964,3.915791455,890.7696089,31.27925565,-0.652062955,15.3,93.72219130000003,-0.2925360099999992
217.5,784.8709043,31.38291133,3.821144521,893.8953446,31.20974421,-0.686765043,15.3,93.72444030000004,0.17316711999999868
217.60000000000002,788.0346699,31.76649579,3.676878696,897.0128871,31.13666916,-0.705235261,15.3,93.6782171999999,0.6298266300000002
217.70000000000002,791.2362629,32.13151877,3.49291776,900.1224033,31.06436866,-0.707924497,15.3,93.58614039999993,1.06715011
217.8,794.4732316,32.47301837,3.279185489,903.2242766,30.99175093,-0.697087175,15.3,93.4510450000001,1.4812674399999999
217.9,797.7431244,32.79000221,3.045605662,906.3188905,30.92134414,-0.673920299,15.3,93.2757660999999,1.8686580699999986
218.0,801.0434899,33.08247029,2.802102058,909.4066283,30.85450096,-0.645654107,15.3,93.06313839999991,2.227969330000004
218.10000000000002,804.3718763,33.35042262,2.55694449,912.4878736,30.7914919,-0.610468983,15.3,92.81599729999989,2.558930720000003
218.20000000000002,807.7258323,33.59385919,2.311786922,915.5630097,30.73231698,-0.572578547,15.3,92.53717739999998,2.861542210000003
218.3,811.1029061,33.81278,2.066629355,918.6324199,30.67697619,-0.534237226,15.3,92.2295137999999,3.135803809999995
218.4,814.5006462,34.00718506,1.821471787,921.6964878,30.62546954,-0.495895905,15.3,91.8958416,3.3817155199999966
218.5,817.916601,34.17707436,1.576314219,924.7555968,30.57779701,-0.457554584,15.3,91.53899580000002,3.5992773499999977
218.60000000000002,821.3483189,34.3224479,1.331156652,927.8101302,30.53395862,-0.419213263,15.3,91.16181130000002,3.7884892800000003
218.70000000000002,824.7933484,34.44330569,1.085999084,930.8604714,30.49395436,-0.380871942,15.3,90.76712300000004,3.9493513300000025
218.8,828.2492379,34.53964772,0.841587266,933.907004,30.45778423,-0.342530621,15.3,90.3577661,4.081863489999996
218.9,831.7135358,34.61147399,0.601649944,936.9501112,30.42544824,-0.304340755,15.3,89.9365754,4.186025749999999
219.0,835.1837906,34.65878451,0.370661616,939.9901766,30.39694637,-0.26705962,15.3,89.50638600000009,4.261838139999998
219.10000000000002,838.6575506,34.68202672,0.153096778,943.0275834,30.37227864,-0.231595945,15.3,89.07003279999999,4.309748080000002
219.20000000000002,842.1323643,34.68343787,-0.046570073,946.0627152,30.35135417,-0.19885846,15.3,88.63035090000001,4.332083699999998
219.3,845.6057802,34.66570266,-0.223864441,949.0959554,30.33371859,-0.169755897,15.3,88.19017519999996,4.331984070000001
219.4,849.0753465,34.63150579,-0.375057578,952.1276873,30.31882667,-0.144456629,15.3,87.75234080000003,4.3126791199999985
219.5,852.5389698,34.58353195,-0.499403735,955.1582943,30.30613316,-0.125389448,15.3,87.31932449999995,4.2773987899999995
219.60000000000002,855.9959882,34.52446585,-0.597648661,958.1880873,30.29509283,-0.112133396,15.3,86.89209909999995,4.229373019999997
219.70000000000002,859.446098,34.45699217,-0.673521104,961.2170861,30.28560466,-0.103628719,15.3,86.47098809999996,4.171387509999999
219.8,862.8889952,34.38379563,-0.73149556,964.2452379,30.2761205,-0.099667693,15.3,86.05624270000006,4.1076751300000005
219.9,866.3243762,34.30711346,-0.776046526,967.2724899,30.26643855,-0.099341588,15.3,85.64811370000002,4.040674909999996
220.0,869.751937,34.22739313,-0.811648499,970.2987895,30.25664943,-0.102482029,15.3,85.2468525,3.9707437000000034
220.10000000000002,873.1713739,34.14463461,-0.842775975,973.3240837,30.24633254,-0.106508771,15.3,84.85270979999991,3.898302069999996
220.20000000000002,876.582383,34.05883793,-0.873157701,976.3483199,30.23548788,-0.111085497,15.3,84.46593689999993,3.823350050000002
220.3,879.9846606,33.97000307,-0.903539427,979.3714452,30.22411545,-0.116363228,15.3,84.08678460000006,3.7458876199999978
220.4,883.3779027,33.87813005,-0.933921154,982.3934069,30.21221524,-0.12164096,15.3,83.7155041999999,3.665914810000004
220.5,886.7618057,33.78321884,-0.96430288,985.4141521,30.19978725,-0.126918692,15.3,83.35234640000006,3.5834315900000036
220.60000000000002,890.1360656,33.68526947,-0.994684607,988.4336282,30.1868315,-0.132196423,15.3,82.9975626,3.4984379700000012
220.70000000000002,893.5003786,33.58428192,-1.025066333,991.4517823,30.17334797,-0.137474155,15.3,82.65140370000002,3.410933950000004
220.8,896.854441,33.4802562,-1.055086842,994.4685617,30.15933667,-0.142751887,15.3,82.31412070000006,3.320919530000001
220.9,900.197949,33.37319231,-1.082940048,997.4839135,30.14479759,-0.148029618,15.3,81.98596449999998,3.2283947200000007
221.0,903.5305986,33.26309025,-1.105312623,1000.497785,30.12973074,-0.153569667,15.3,81.66718640000006,3.1333595099999982
221.10000000000002,906.8520861,33.15016674,-1.123475338,1003.510124,30.11413612,-0.160683614,15.3,81.35803790000007,3.036030620000002
221.20000000000002,910.1621077,33.03550544,-1.131822816,1006.520876,30.09801373,-0.17094536,15.3,81.05876830000007,2.9374917099999998
221.3,913.4603595,32.92109435,-1.129333778,1009.52999,30.08120617,-0.185928804,15.3,80.76963050000002,2.8398881799999955
221.4,916.7465378,32.806171,-1.114202138,1012.537413,30.0629265,-0.207207845,15.3,80.49087519999996,2.7432444999999994
221.5,920.020512,32.69409862,-1.086066679,1015.543091,30.04223038,-0.236356383,15.3,80.22257899999995,2.651868239999999
221.60000000000002,923.2828454,32.58548998,-1.046434643,1018.546973,30.01817346,-0.274686,15.3,79.96412759999994,2.5673165199999985
221.70000000000002,926.5342744,32.48164546,-0.993674042,1021.548878,29.98981141,-0.322459012,15.3,79.71460359999999,2.4918340500000014
221.8,929.7755354,32.38386543,-0.933390253,1024.548126,29.9561999,-0.379413104,15.3,79.47259059999995,2.4276655299999987
221.9,933.007365,32.29323356,-0.866604554,1027.543908,29.91639457,-0.444236692,15.3,79.23654300000005,2.376838989999996
222.0,936.2304997,32.20996657,-0.79548425,1030.535415,29.86945109,-0.515355878,15.3,79.00491530000006,2.3405154800000005
222.10000000000002,939.4456759,32.13406447,-0.722196642,1033.521839,29.81458251,-0.591196761,15.3,78.77616310000003,2.3194819599999974
222.20000000000002,942.6536301,32.06552725,-0.648547816,1036.502373,29.75163145,-0.670185443,15.3,78.54874290000005,2.313895800000001
222.3,945.8550989,32.00435491,-0.574898991,1039.476207,29.68059789,-0.750748024,15.3,78.3211080999999,2.323757020000002
222.4,949.0508187,31.95054745,-0.501250166,1042.442534,29.60148184,-0.831572922,15.3,78.09171529999999,2.3490656099999967
222.5,952.2415259,31.90410487,-0.427601341,1045.400544,29.5142833,-0.91239782,15.3,77.85901810000003,2.3898215700000023
222.60000000000002,955.4279572,31.86502718,-0.353952516,1048.349431,29.41900228,-0.993222717,15.3,77.62147380000006,2.4460248999999976
222.70000000000002,958.6108489,31.83331437,-0.28030369,1051.288386,29.31563876,-1.074047615,15.3,77.3775371,2.5176756100000013
222.8,961.7909376,31.80896644,-0.20678048,1054.2166,29.20419275,-1.154872513,15.3,77.12566239999997,2.6047736899999983
222.9,964.9689598,31.7919834,-0.134010958,1057.133266,29.08466426,-1.235697411,15.3,76.86430620000006,2.707319139999999
223.0,968.1456519,31.78236523,-0.062748814,1060.037575,28.95705327,-1.316077883,15.3,76.5919231000001,2.8253119600000005
223.10000000000002,971.3217504,31.78003658,0.006252264,1062.928718,28.8213598,-1.393791806,15.3,76.30696759999985,2.958676780000001
223.20000000000002,974.4979918,31.7846206,0.072238586,1065.805888,28.67758383,-1.466172629,15.3,76.00789620000008,3.1070367700000006
223.3,977.6751126,31.79566508,0.134456466,1068.668276,28.52599203,-1.530553802,15.3,75.69316340000007,3.269673049999998
223.4,980.8538494,31.8127178,0.192277827,1071.515074,28.36791767,-1.584268775,15.3,75.36122459999997,3.444800130000001
223.5,984.0348782,31.83532655,0.245577056,1074.345474,28.20496068,-1.624650998,15.3,75.01059579999999,3.630365870000002
223.60000000000002,987.2186341,31.86303911,0.294479767,1077.158667,28.03872099,-1.649478346,15.3,74.6400328999999,3.8243181199999974
223.70000000000002,990.4054918,31.89540328,0.339614034,1079.95406,27.87079853,-1.658306394,15.3,74.24856819999998,4.024604750000002
223.8,993.5958261,31.93196684,0.381733547,1082.731909,27.70279323,-1.651579567,15.3,73.83608290000014,4.22917361
223.9,996.7900116,31.97235294,0.421591993,1085.492686,27.53630502,-1.631519991,15.3,73.4026744000001,4.43604792
224.0,999.9884231,32.01648622,0.459943061,1088.236865,27.37293383,-1.600794214,15.3,72.9484419000001,4.643552389999996
224.10000000000002,1003.191435,32.06436668,0.497540441,1090.964915,27.21401294,-1.562068788,15.3,72.47348000000007,4.850353739999999
224.20000000000002,1006.399423,32.11599431,0.535012206,1093.677309,27.059809,-1.518010261,15.3,71.97788599999997,5.0561853099999965
224.3,1009.612761,32.17136912,0.572483971,1096.374518,26.910322,-1.471285185,15.3,71.4617570000001,5.261047120000001
224.4,1012.831823,32.2304911,0.609955736,1099.057015,26.76555196,-1.424115683,15.3,70.92519200000011,5.464939140000002
224.5,1016.056985,32.29336026,0.647427501,1101.72527,26.62549887,-1.376946182,15.3,70.36828499999986,5.667861389999999
224.60000000000002,1019.288622,32.3599766,0.684899266,1104.379756,26.49016272,-1.329776681,15.3,69.79113400000001,5.869813880000002
224.70000000000002,1022.527107,32.43034012,0.722371031,1107.020944,26.35954353,-1.282607179,15.3,69.1938370000001,6.070796589999997
224.8,1025.772816,32.50445081,0.759842796,1109.649306,26.23364129,-1.235437678,15.3,68.5764900000001,6.27080952
224.9,1029.026123,32.58230868,0.79653882,1112.265314,26.11245599,-1.188268176,15.3,67.9391909999999,6.469852689999996
225.0,1032.287404,32.66391372,0.822505689,1114.869439,25.99598765,-1.14089433,15.3,67.28203500000014,6.6679260699999965
225.10000000000002,1035.557033,32.74926594,0.851313083,1117.462153,25.88423626,-1.092294414,15.3,66.6051199999999,6.865029679999999
225.20000000000002,1038.835384,32.8378999,0.860082429,1120.043928,25.77720182,-1.041242357,15.3,65.90854400000008,7.060698079999998
225.3,1042.122832,32.92384353,0.850233989,1122.615235,25.67500693,-0.986512091,15.3,65.19240299999997,7.248836600000001
225.4,1045.419753,33.01523866,0.817113318,1125.176546,25.57826464,-0.926877546,15.3,64.45679300000002,7.436974020000001
225.5,1048.72652,33.09835813,0.756841709,1127.728333,25.48771058,-0.86111265,15.3,63.70181300000009,7.6106475499999995
225.60000000000002,1052.043136,33.17405412,0.674718132,1130.271068,25.4040804,-0.78819568,15.3,62.92793200000001,7.769973719999999
225.70000000000002,1055.368114,33.23953393,0.553294199,1132.805319,25.32810973,-0.70792229,15.3,62.13720499999995,7.911424199999999
225.8,1058.699595,33.29200492,0.414672743,1135.332051,25.26053423,-0.620496826,15.3,61.33245600000005,8.031470689999995
225.9,1062.035719,33.32867441,0.257433502,1137.852321,25.20208952,-0.526941012,15.3,60.516602000000105,8.126584889999997
226.0,1065.374627,33.34721518,0.086230922,1140.367192,25.15351126,-0.428480918,15.3,59.692565000000016,8.19370392
226.10000000000002,1068.714459,33.34716178,-0.094280551,1142.877723,25.11541248,-0.326342614,15.3,58.86326400000003,8.2317493
226.20000000000002,1072.053356,33.32851422,-0.27944647,1145.384973,25.08791579,-0.221752171,15.3,58.031617000000054,8.240598430000002
226.3,1075.389459,33.29127249,-0.46538813,1147.890005,25.07102118,-0.115935657,15.3,57.20054599999999,8.220251309999998
226.4,1078.720908,33.23543659,-0.65132979,1150.393877,25.06472866,-0.009914799,15.3,56.37296899999997,8.170707929999999
226.5,1082.045844,33.16100653,-0.83727145,1152.897649,25.06903822,0.09610606,15.3,55.551805000000016,8.091968310000002
226.60000000000002,1085.362406,33.0679823,-1.023213111,1155.402383,25.08394987,0.202126918,15.3,54.73997700000014,7.984032429999996
226.70000000000002,1088.668737,32.95636391,-1.209154771,1157.909138,25.1094636,0.308147777,15.3,53.94040100000002,7.846900309999999
226.8,1091.962976,32.82615135,-1.395096431,1160.418975,25.14557943,0.414168635,15.3,53.15599900000002,7.680571920000002
226.9,1095.243264,32.67734462,-1.57987935,1162.932953,25.19229733,0.520189494,15.3,52.38968900000005,7.485047290000001
227.0,1098.507742,32.50994373,-1.757709824,1165.452133,25.24961732,0.626210352,15.3,51.644391,7.260326410000005
227.10000000000002,1101.75455,32.32394867,-1.921635406,1167.977576,25.3175394,0.732212463,15.3,50.92302599999989,7.006409269999999
227.20000000000002,1104.981829,32.12005469,-2.06470365,1170.51034,25.39606357,0.838102087,15.3,50.22851099999998,6.723991120000004
227.3,1108.187719,31.90173801,-2.179962111,1173.051487,25.48518982,0.943766736,15.3,49.56376799999994,6.41654819
227.4,1111.370361,31.6731701,-2.260458344,1175.602077,25.5849069,1.049093925,15.3,48.93171600000001,6.0882632
227.5,1114.527896,31.43852243,-2.300398642,1178.16317,25.69515858,1.153971165,15.3,48.335273999999984,5.743363849999998
227.60000000000002,1117.65902,31.20196646,-2.298624266,1180.735826,25.81587737,1.258285971,15.3,47.776806000000036,5.386089090000002
227.70000000000002,1120.764655,30.96767366,-2.256293956,1183.321105,25.94699576,1.361944602,15.3,47.256450000000044,5.020677899999999
227.8,1123.846278,30.7398155,-2.179201417,1185.920059,26.08844627,1.46492831,15.3,46.77378100000006,4.65136923
227.9,1126.905368,30.52256345,-2.074299095,1188.533702,26.2401614,1.567255845,15.3,46.328334,4.282402049999998
228.0,1129.943402,30.31939373,-1.948539435,1191.163042,26.40207366,1.669020944,15.3,45.9196399999998,3.9173200700000024
228.10000000000002,1132.961858,30.13100158,-1.808874884,1193.809084,26.57411557,1.770336095,15.3,45.547226000000094,3.5568860099999995
228.20000000000002,1135.962214,29.957387,-1.662257887,1196.472834,26.75623087,1.871313786,15.3,45.21062000000002,3.201156130000001
228.3,1138.945947,29.79855,-1.51448215,1199.155299,26.94840832,1.972066502,15.3,44.909352000000084,2.85014168
228.4,1141.914535,29.65449057,-1.366706412,1201.857485,27.15064792,2.072706731,15.3,44.64295000000011,2.5038426499999993
228.5,1144.869456,29.52520872,-1.218930674,1204.580397,27.36294967,2.173328212,15.3,44.41094100000005,2.1622590499999994
228.60000000000002,1147.812188,29.41070444,-1.071154936,1207.325043,27.58531357,2.273949693,15.3,44.21285499999995,1.8253908699999997
228.70000000000002,1150.744208,29.31097773,-0.923379198,1210.092429,27.81773961,2.374571175,15.3,44.04822099999997,1.493238120000001
228.8,1153.666995,29.2260286,-0.77560346,1212.88356,28.0602278,2.475192656,15.3,43.91656499999995,1.1658007999999995
228.9,1156.582025,29.15585704,-0.628021316,1215.699444,28.31277814,2.575814137,15.3,43.81741900000016,0.8430789000000019
229.0,1159.490777,29.10046306,-0.481600731,1218.541085,28.57539063,2.676435619,15.3,43.75030800000009,0.525072429999998
229.10000000000002,1162.394729,29.05984664,-0.337503266,1221.409491,28.84806526,2.775695185,15.3,43.714761999999794,0.21178138000000146
229.20000000000002,1165.295358,29.03389165,-0.19689048,1224.305667,29.13080205,2.866783263,15.3,43.71030900000001,-0.09691039999999873
229.3,1168.194142,29.02201729,-0.060923934,1227.23062,29.42360098,2.936374445,15.3,43.73647799999999,-0.40158368999999894
229.4,1171.092558,29.02352664,0.069234813,1230.185356,29.72564491,2.991758996,15.3,43.792797999999905,-0.7021182699999997
229.5,1173.992086,29.03772275,0.192617795,1233.170881,30.0328481,3.009303674,15.3,43.87879500000004,-0.9951253499999986
229.60000000000002,1176.894108,29.0639087,0.309031417,1236.188202,30.33721529,2.985990907,15.3,43.99409400000009,-1.2733065900000007
229.70000000000002,1179.799639,29.10138753,0.418669274,1239.238324,30.64312066,2.915011122,15.3,44.13868499999985,-1.5417331300000008
229.8,1182.709599,29.14946233,0.522499332,1242.321601,30.93638425,2.795002404,15.3,44.31200200000008,-1.786921920000001
229.9,1185.624907,29.20743614,0.621683151,1245.435769,31.21519552,2.632480585,15.3,44.510862000000046,-2.007759380000003
230.0,1188.546485,29.27472821,0.71738229,1248.577913,31.47465158,2.418793487,15.3,44.73142800000001,-2.1999233700000005
230.10000000000002,1191.475252,29.35122235,0.810758309,1251.745116,31.70984954,2.177574351,15.3,44.9698640000001,-2.35862719
230.20000000000002,1194.412128,29.43691859,0.902972769,1254.934463,31.91670365,1.911840748,15.3,45.222335000000115,-2.4797850599999975
230.3,1197.358034,29.53181691,0.994993635,1258.143038,32.09439675,1.629764167,15.3,45.48500399999985,-2.5625798400000015
230.4,1200.313891,29.63591731,1.087014501,1261.367923,32.24292886,1.339516097,15.3,45.75403200000001,-2.6070115499999993
230.5,1203.280617,29.74921981,1.179035367,1264.606204,32.36229997,1.047906113,15.3,46.025587000000044,-2.6130801600000026
230.60000000000002,1206.259134,29.87172439,1.271056234,1267.854964,32.45251008,0.756296129,15.3,46.29583000000021,-2.5807856900000026
230.70000000000002,1209.250361,30.00343105,1.3630771,1271.111286,32.5135592,0.464686145,15.3,46.560924999999955,-2.5101281500000034
230.8,1212.255219,30.14433981,1.455097966,1274.372256,32.54544731,0.17307616,15.3,46.81703700000021,-2.4011074999999984
230.9,1215.274628,30.29445065,1.547118832,1277.634956,32.54817443,-0.118533824,15.3,47.06032800000021,-2.2537237800000014
231.0,1218.309508,30.45376357,1.638195038,1280.896471,32.52174055,-0.410143808,15.3,47.28696299999997,-2.0679769799999974
231.10000000000002,1221.360779,30.62227859,1.723603278,1284.153885,32.46614567,-0.699808174,15.3,47.493105999999855,-1.8438670800000025
231.20000000000002,1224.429362,30.79999569,1.795212103,1287.404281,32.38138979,-0.977798828,15.3,47.674919,-1.5813941000000007
231.3,1227.516177,30.98634808,1.854744007,1290.644743,32.26747291,-1.232442058,15.3,47.828566000000095,-1.281124830000003
231.4,1230.622144,31.17850177,1.889140565,1293.872356,32.12556241,-1.452064154,15.3,47.95021200000015,-0.9470606400000001
231.5,1233.748184,31.37157791,1.8951973,1297.084203,31.96149513,-1.624991402,15.3,48.036018999999854,-0.5899172200000002
231.60000000000002,1236.895215,31.56660998,1.868190907,1300.277368,31.78227531,-1.739550092,15.3,48.08215300000002,-0.2156653300000002
231.70000000000002,1240.063706,31.75576293,1.807176726,1303.448935,31.59490718,-1.786012131,15.3,48.085228999999984,0.16085574999999963
231.8,1243.252309,31.93711407,1.715562904,1306.596921,31.40639495,-1.762431898,15.3,48.0446120000001,0.5307191200000005
231.9,1246.459224,32.10726262,1.590682286,1309.723081,31.22374286,-1.670755015,15.3,47.96385700000015,0.8835197599999987
232.0,1249.68265,32.26280781,1.445593295,1312.830101,31.05395513,-1.520709572,15.3,47.84745100000005,1.2088526799999997
232.10000000000002,1252.920788,32.40091565,1.28350041,1315.920669,30.90403599,-1.323969283,15.3,47.69988100000019,1.4968796600000012
232.20000000000002,1256.171836,32.52101935,1.110071595,1318.997472,30.77982231,-1.092207859,15.3,47.525636000000034,1.741197040000003
232.3,1259.433994,32.6231189,0.930974816,1322.063197,30.68248143,-0.837099011,15.3,47.329202999999964,1.9406374700000022
232.4,1262.705462,32.70721431,0.750933376,1325.120532,30.61201338,-0.570316451,15.3,47.11507000000002,2.095200929999997
232.5,1265.984439,32.77330558,0.570891936,1328.172164,30.56841814,-0.301588273,15.3,46.887725,2.2048874400000003
232.60000000000002,1269.269125,32.8213927,0.390850496,1331.220779,30.55169572,-0.032860095,15.3,46.651653999999965,2.2696969799999955
232.70000000000002,1272.557719,32.85147568,0.210809056,1334.269066,30.56184612,0.235868083,15.3,46.41134700000016,2.2896295600000016
232.8,1275.848422,32.86355451,0.030767616,1337.319712,30.59886934,0.504596261,15.3,46.171289999999956,2.26468517
232.9,1279.139432,32.8576292,-0.149273824,1340.375404,30.66276538,0.773324439,15.3,45.93597199999995,2.1948638199999984
233.0,1282.42895,32.83369974,-0.328116347,1343.438829,30.75353423,1.042052617,15.3,45.70987899999996,2.0801655100000005
233.10000000000002,1285.715174,32.79176615,-0.499765367,1346.512674,30.8711759,1.310780795,15.3,45.49750000000013,1.92059025
233.20000000000002,1288.996305,32.7318284,-0.65702738,1349.599627,31.01569039,1.577787867,15.3,45.303322000000165,1.716138009999998
233.3,1292.270542,32.65460587,-0.792708883,1352.702376,31.18707769,1.834468296,15.3,45.131833999999984,1.4675281799999986
233.4,1295.536084,32.56369529,-0.899616373,1355.823607,31.38533782,2.070495441,15.3,44.98752299999997,1.1783574699999981
233.5,1298.791132,32.46341277,-0.970556347,1358.966007,31.6094381,2.275542661,15.3,44.87487499999993,0.8539746699999995
233.60000000000002,1302.033885,32.35807441,-0.999534219,1362.132264,31.85421521,2.439283312,15.3,44.798379000000025,0.5038592000000008
233.70000000000002,1305.263117,32.25199632,-0.985351071,1365.325066,32.11347316,2.551390754,15.3,44.76194900000014,0.13852316000000542
233.8,1308.479906,32.1494946,-0.929205821,1368.547099,32.38101598,2.603259451,15.3,44.767192999999864,-0.23152138000000377
233.9,1311.685904,32.05488534,-0.837093054,1371.800225,32.65064768,2.593168296,15.3,44.81432100000002,-0.5957623400000003
234.0,1314.882765,31.97248465,-0.716206274,1375.083,32.91617227,2.522838397,15.3,44.90023500000002,-0.9436876199999986
234.10000000000002,1318.072139,31.90588928,-0.573738985,1378.393154,33.17139377,2.400875288,15.3,45.02101499999999,-1.2655044900000014
234.20000000000002,1321.25568,31.85581858,-0.416884689,1381.728419,33.41011618,2.237605611,15.3,45.17273900000005,-1.5542976000000017
234.3,1324.43504,31.82227256,-0.25283689,1385.086525,33.6271762,2.043356008,15.3,45.35148499999987,-1.8049036400000027
234.4,1327.611872,31.8052512,-0.087590173,1388.465202,33.82154116,1.828453121,15.3,45.553330000000145,-2.0162899600000017
234.5,1330.787828,31.80475452,0.077656543,1391.862181,33.99321105,1.603223592,15.3,45.77435299999998,-2.18845653
234.60000000000002,1333.964561,31.82078251,0.24290326,1395.275192,34.14218588,1.376272956,15.3,46.01063100000006,-2.3214033699999987
234.70000000000002,1337.143723,31.85333517,0.408149976,1398.701966,34.26846564,1.149322321,15.3,46.25824300000018,-2.415130470000001
234.8,1340.326966,31.90241251,0.573396692,1402.140233,34.37205034,0.922371685,15.3,46.513267,-2.46963783
234.9,1343.515943,31.96801451,0.738643409,1405.587723,34.45293998,0.695421049,15.3,46.77177999999999,-2.4849254699999967
235.0,1346.712306,32.05014119,0.903890125,1409.042168,34.51113455,0.468470413,15.3,47.02986200000005,-2.4609933600000033
235.10000000000002,1349.917709,32.14879254,1.067736849,1412.501298,34.54663406,0.241519778,15.3,47.28358899999985,-2.39784152
235.20000000000002,1353.133802,32.26396856,1.223183619,1415.962842,34.5594385,0.015914168,15.3,47.52903999999985,-2.2954699399999967
235.3,1356.36224,32.39566925,1.36183048,1419.424533,34.54954789,-0.201621288,15.3,47.762293000000184,-2.153878640000002
235.4,1359.604674,32.54305462,1.475277478,1422.8841,34.51696221,-0.403016434,15.3,47.97942600000006,-1.9739075900000032
235.5,1362.862757,32.70192468,1.555124658,1426.339273,34.46248848,-0.580201117,15.3,48.17651599999995,-1.7605638
235.60000000000002,1366.13814,32.86723948,1.592972067,1429.787783,34.39016178,-0.725105182,15.3,48.34964299999997,-1.5229222999999976
235.70000000000002,1369.432478,33.03395903,1.581819742,1433.227362,34.3048242,-0.829658475,15.3,48.49488400000014,-1.2708651700000004
235.8,1372.74675,33.19704335,1.520267691,1436.655738,34.21131783,-0.887135866,15.3,48.60898799999991,-1.0142744799999974
235.9,1376.079248,33.35145249,1.409715906,1440.071288,34.11448478,-0.896192331,15.3,48.69204000000009,-0.7630322899999982
236.0,1379.427594,33.49214646,1.257164349,1443.474972,34.01916712,-0.858172894,15.3,48.74737799999998,-0.527020659999998
236.10000000000002,1382.789407,33.6140853,1.071012975,1446.868392,33.93020696,-0.779802685,15.3,48.778985000000105,-0.3161216600000003
236.20000000000002,1386.162309,33.71306902,0.859661738,1450.253154,33.85244638,-0.669151858,15.3,48.79084499999995,-0.13937736000000456
236.3,1389.543919,33.78825763,0.631510592,1453.630861,33.78992046,-0.534290567,15.3,48.78694200000014,-0.0016628300000007812
236.4,1392.931858,33.83965114,0.394959491,1457.003117,33.74343622,-0.383288967,15.3,48.77125900000006,0.09621492000000131
236.5,1396.323746,33.86724953,0.157008399,1460.371527,33.71299366,-0.224217213,15.3,48.74778099999999,0.15425587000000007
236.60000000000002,1399.717205,33.87105282,-0.080942694,1463.737695,33.69859278,-0.063800433,15.3,48.72049000000011,0.17246004000000426
236.70000000000002,1403.109854,33.85106099,-0.318893787,1467.103225,33.70023358,0.096616347,15.3,48.69337100000003,0.150827409999998
236.8,1406.499315,33.80727406,-0.556844879,1470.469721,33.71791605,0.257033127,15.3,48.670405999999915,0.08935800999999799
236.9,1409.883207,33.73969202,-0.794795972,1473.838787,33.7516402,0.417449907,15.3,48.65557999999983,-0.011948179999997421
237.0,1413.259151,33.64831487,-1.032747065,1477.212028,33.80140603,0.577866687,15.3,48.65287699999995,-0.15309116000000245
237.10000000000002,1416.624767,33.53314261,-1.26879167,1480.591048,33.86721354,0.738283467,15.3,48.666280999999984,-0.3340709300000029
237.20000000000002,1419.977677,33.39417523,-1.493397351,1483.97745,33.94906273,0.897485453,15.3,48.69977300000001,-0.5548874999999995
237.3,1423.3155,33.23141276,-1.695125181,1487.372839,34.04695359,1.049398674,15.3,48.75733900000019,-0.8155408300000033
237.4,1426.635857,33.04599906,-1.862536238,1490.77882,34.16088613,1.186734367,15.3,48.84296300000001,-1.1148870700000018
237.5,1429.936369,32.84365361,-1.984191595,1494.196996,34.29013147,1.302203767,15.3,48.96062699999989,-1.4464778600000017
237.60000000000002,1433.214655,32.63123976,-2.048652329,1497.628971,34.43104524,1.38851811,15.3,49.1143160000001,-1.7998054800000034
237.70000000000002,1436.468337,32.41562086,-2.046386001,1501.07635,34.57925416,1.438388632,15.3,49.30801300000003,-2.1636333000000008
237.8,1439.69595,32.20366028,-1.975486124,1504.540737,34.73038499,1.445741361,15.3,49.544787,-2.5267247099999963
237.9,1442.89969,32.00222136,-1.837859186,1508.023153,34.88006445,1.409361505,15.3,49.82346300000013,-2.877843089999999
238.0,1446.082669,31.81816746,-1.643037625,1511.522286,35.02391931,1.330463857,15.3,50.139617,-3.205751849999995
238.10000000000002,1449.247997,31.65836193,-1.402460364,1515.036243,35.15757629,1.215122388,15.3,50.488246000000075,-3.49921436
238.20000000000002,1452.398785,31.52852425,-1.127566329,1518.563128,35.27666214,1.070625861,15.3,50.86434299999992,-3.748137889999999
238.3,1455.538146,31.42979829,-0.829794444,1522.101047,35.37753247,0.904263042,15.3,51.262901000000014,-3.9477341799999977
238.4,1458.669189,31.36218406,-0.520583634,1525.648106,35.45945842,0.723322694,15.3,51.67891700000014,-4.097274359999997
238.5,1461.795027,31.32568156,-0.209466337,1529.202411,35.52243997,0.535093581,15.3,52.107384000000096,-4.196758410000001
238.60000000000002,1464.918769,31.32029079,0.10165096,1532.762067,35.56647713,0.345649675,15.3,52.54329799999978,-4.246186340000001
238.70000000000002,1468.043529,31.34601175,0.412768257,1536.325179,35.59156991,0.156205768,15.3,52.9816499999999,-4.245558159999998
238.8,1471.172416,31.40284444,0.723885554,1539.889853,35.59771829,-0.033238138,15.3,53.417436999999794,-4.194873850000004
238.9,1474.308542,31.49078886,1.035002852,1543.454195,35.58492228,-0.222682045,15.3,53.84565300000004,-4.094133420000002
239.0,1477.455018,31.60984501,1.346120149,1547.016309,35.55318188,-0.412125951,15.3,54.261290999999986,-3.943336869999996
239.10000000000002,1480.614955,31.76001289,1.655414478,1550.574303,35.50249709,-0.601569858,15.3,54.659348000000094,-3.7424842
239.20000000000002,1483.791465,31.9412925,1.953771003,1554.126281,35.43286791,-0.791013764,15.3,55.03481600000005,-3.4915754099999994
239.3,1486.987658,32.15368384,2.230251918,1557.670349,35.34429434,-0.980457671,15.3,55.38269099999998,-3.1906104999999982
239.4,1490.206645,32.39609313,2.473919418,1561.204612,35.23677637,-1.169901577,15.3,55.69796700000002,-2.840683240000004
239.5,1493.451539,32.66305147,2.673835698,1564.727176,35.11031402,-1.359345484,15.3,55.97563700000019,-2.447262549999998
239.60000000000002,1496.72545,32.94799616,2.819062954,1568.236147,34.96490728,-1.54878939,15.3,56.21069700000017,-2.016911119999996
239.70000000000002,1500.031489,33.24436454,2.900486348,1571.72963,34.80055614,-1.738233297,15.3,56.39814100000008,-1.5561915999999982
239.8,1503.371892,33.54559392,2.916282912,1575.205731,34.61726062,-1.927677203,15.3,56.53383900000013,-1.0716667000000015
239.9,1506.745396,33.84512161,2.868275614,1578.662554,34.4150207,-2.11712111,15.3,56.617157999999975,-0.5698990899999998
240.0,1510.149861,34.13638494,2.765579292,1582.098207,34.1938364,-2.306565016,15.3,56.648345999999904,-0.057451460000002896
240.10000000000002,1513.583149,34.41282121,2.61913175,1585.510794,33.9537077,-2.496008922,15.3,56.62764499999999,0.45911350999999456
240.20000000000002,1517.043121,34.66896153,2.439870793,1588.898421,33.69463461,-2.685452829,15.3,56.55530000000017,0.9743269199999958
240.3,1520.527636,34.90371212,2.238734227,1592.259193,33.41661713,-2.874896735,15.3,56.43155700000007,1.4870949900000028
240.4,1524.034558,35.11707297,2.026659855,1595.591216,33.11965526,-3.064340642,15.3,56.25665799999997,1.9974177100000006
240.5,1527.561746,35.30904409,1.812762516,1598.892596,32.803749,-3.253784548,15.3,56.03084999999983,2.505295089999997
240.60000000000002,1531.107062,35.47962548,1.598865177,1602.161438,32.46889835,-3.443228455,15.3,55.75437600000005,3.0107271299999994
240.70000000000002,1534.668366,35.62881713,1.384967838,1605.395848,32.11510331,-3.632672361,15.3,55.427481999999785,3.5137138199999995
240.8,1538.24352,35.75661904,1.171070499,1608.593931,31.74236388,-3.822116268,15.3,55.050411000000125,4.014255159999998
240.9,1541.830385,35.86303123,0.95717316,1611.753793,31.35068006,-4.011560174,15.3,54.62340800000011,4.512351169999999
241.0,1545.426821,35.94805367,0.743275821,1614.873539,30.94005185,-4.164167766,15.3,54.14671799999992,5.0080018200000005
241.10000000000002,1549.03069,36.01168639,0.529378482,1617.951276,30.51047924,-4.331246766,15.3,53.62058599999996,5.501207150000003
241.20000000000002,1552.639853,36.05392937,0.315481143,1620.985107,30.06196225,-4.469382948,15.3,53.04525400000007,5.991967119999998
241.3,1556.252171,36.07478262,0.101583804,1623.97314,29.61660265,-4.308743181,15.3,52.42096899999997,6.45817997
241.4,1559.865505,36.07424613,-0.112313535,1626.91348,29.14598387,-4.016545146,15.3,51.747974999999954,6.92826226
241.5,1563.477715,36.05231991,-0.326210874,1629.804231,28.6501059,-3.741057385,15.3,51.026516000000086,7.402214010000002
241.60000000000002,1567.086663,36.00900396,-0.540108213,1632.643501,28.35480594,-3.405837422,15.3,50.25683799999997,7.654198020000003
241.70000000000002,1570.690211,35.94429827,-0.754005552,1635.429394,28.10055216,-3.14576734,15.3,49.439182999999915,7.843746109999998
241.8,1574.286218,35.85820285,-0.967902891,1638.160015,27.83998358,-2.692514248,15.3,48.57379699999997,8.01821927
241.9,1577.872546,35.75071769,-1.18180023,1640.833472,27.5731002,-2.66883376,15.3,47.660925999999975,8.177617490000003
