t,x_follower,v_follower,a_follower,x_leader,v_leader,a_leader,leader_length,spacing,dv
153.20000000000002,0.0,1.336787136,4.498690184,68.48174017,16.34062492,1.471505437,14.8,53.68174017,-15.003837784
153.3,0.041120815,1.786656155,4.530991367,70.12389739,16.48725509,1.44702859,14.8,55.282776575,-14.700598935000002
153.4,0.082241631,2.227911524,5.320905382,71.78057885,16.63110993,1.424671785,14.8,56.898337219,-14.403198406000001
153.5,0.263491341,2.660553245,5.790090401,73.45150704,16.77218945,1.39691851,14.8,58.38801569899999,-14.111636205
153.60000000000002,0.534714855,3.149183683,6.43807534,75.13640441,16.91049364,1.369165235,14.8,59.801689554999996,-13.761309956999998
153.70000000000002,0.893328077,3.997239827,6.909217643,76.83499343,17.0460225,1.34141196,14.8,61.14166535299999,-13.048782673
153.8,1.336746915,4.810841377,7.450836162,78.54699657,17.17877603,1.313658685,14.8,62.410249655,-12.367934653000002
153.9,1.862387272,5.589988331,7.813003666,80.2721363,17.30875423,1.28590541,14.8,63.609749027999996,-11.718765899000001
154.0,2.467665054,6.37344211,7.6245801,82.01013508,17.43595711,1.258152135,14.8,64.742470026,-11.062515000000001
154.10000000000002,3.149996167,7.131054943,7.39667731,83.76071538,17.56038466,1.23039886,14.8,65.810719213,-10.429329717000002
154.20000000000002,3.906796516,7.862826829,7.188514132,85.52359968,17.68203688,1.202645585,14.8,66.816803164,-9.819210050999999
154.3,4.735482006,8.568757769,6.93010467,87.29851042,17.80091378,1.17489231,14.8,67.763028414,-9.232156010999999
154.4,5.633468543,9.248847763,6.671695208,89.08517009,17.91701534,1.147139035,14.8,68.651701547,-8.668167576999998
154.5,6.598172031,9.90309681,6.413285745,90.88330116,18.03034158,1.11938576,14.8,69.485129129,-8.127244770000003
154.60000000000002,7.627008378,10.53150491,6.154876283,92.69262608,18.1408925,1.091632485,14.8,70.265617702,-7.609387589999999
154.70000000000002,8.717393487,11.13407207,5.896466821,94.51286732,18.24866808,1.06387921,14.8,70.995473833,-7.114596010000001
154.8,9.866743264,11.71079828,5.638057358,96.34374736,18.35366834,1.036125934,14.8,71.677004096,-6.642870059999998
154.9,11.07247362,12.26168354,5.379647896,98.18498865,18.45589327,1.008372659,14.8,72.31251503,-6.194209730000001
155.0,12.33200045,12.78672786,5.121238434,100.0363137,18.55534287,0.980619384,14.8,72.90431325,-5.768615010000001
155.10000000000002,13.64273966,13.28593123,4.862828972,101.8974449,18.65201715,0.952866109,14.8,73.45470524,-5.36608592
155.20000000000002,15.00210716,13.75929365,4.604419509,103.7681048,18.74591609,0.925112834,14.8,73.96599764000001,-4.986622440000001
155.3,16.40751886,14.20681513,4.346010047,105.6480158,18.83703971,0.897359559,14.8,74.44049694,-4.630224579999998
155.4,17.85639066,14.62849566,4.087600585,107.5369004,18.925388,0.869606284,14.8,74.88050974,-4.296892340000001
155.5,19.34613847,15.02433524,3.829191123,109.434481,19.01096097,0.841853009,14.8,75.28834253000001,-3.98662573
155.60000000000002,20.87417818,15.39433388,3.57078166,111.3404802,19.09375861,0.814099734,14.8,75.66630202,-3.6994247299999987
155.70000000000002,22.43792572,15.73849158,3.312372198,113.2546204,19.17378092,0.786346459,14.8,76.01669468,-3.435289339999999
155.8,24.03479697,16.05680832,3.053962736,115.1766241,19.2510279,0.758593184,14.8,76.34182713,-3.194219580000002
155.9,25.66220785,16.34928412,2.795553273,117.1062137,19.32549955,0.730629069,14.8,76.64400585,-2.97621543
156.0,27.31757427,16.61591898,2.537143811,119.0431117,19.39719588,0.701399916,14.8,76.92553743,-2.7812769000000017
156.10000000000002,28.99831212,16.85671289,2.278734349,120.9870405,19.46611688,0.669640688,14.8,77.18872838,-2.6094039900000006
156.20000000000002,30.70183732,17.07166585,2.020324887,122.9377227,19.53213605,0.634086347,14.8,77.43588538,-2.4604701999999996
156.3,32.42556577,17.26077786,1.761915424,124.8948807,19.59462087,0.593471854,14.8,77.66931493,-2.333843009999999
156.4,34.16691337,17.42404893,1.503505962,126.8582369,19.65281231,0.546532172,14.8,77.89132353,-2.22876338
156.5,35.92329603,17.56147906,1.2450965,128.8275139,19.70595136,0.492213103,14.8,78.10421787000001,-2.1444723000000003
156.60000000000002,37.69212965,17.67306823,0.986687038,130.8023329,19.75327899,0.430303807,14.8,78.31020325000001,-2.08021076
156.70000000000002,39.47083015,17.75881646,0.729505215,132.7819104,19.79403618,0.361015124,14.8,78.51108024999999,-2.0352197200000006
156.8,41.25681342,17.81872375,0.479689233,134.7653615,19.82746391,0.285401252,14.8,78.70854808000001,-2.0087401599999986
156.9,43.04749537,17.85279009,0.244604929,136.7518016,19.85280315,0.204727228,14.8,78.90430622999999,-2.0000130600000006
157.0,44.84029191,17.86175206,0.031618145,138.7403459,19.86942138,0.120258091,14.8,79.10005399,-2.007669319999998
157.10000000000002,46.63261894,17.8492926,-0.157826457,140.7301096,19.87719211,0.033258879,14.8,79.29749066,-2.027899510000001
157.20000000000002,48.42189236,17.81983119,-0.298599508,142.7202081,19.87611533,-0.055005372,14.8,79.49831574000001,-2.0562841400000025
157.3,50.20552809,17.77778735,-0.402326337,144.7097564,19.86619104,-0.143480462,14.8,79.70422831,-2.08840369
157.4,51.9815313,17.72402787,-0.461858129,146.69787,19.84741924,-0.231955552,14.8,79.9163387,-2.1233913700000002
157.5,53.75026422,17.67363038,-0.478422522,148.683664,19.81979993,-0.320430642,14.8,80.13339978,-2.1461695499999998
157.60000000000002,55.51267837,17.62035626,-0.458157717,150.6662538,19.78333311,-0.408905732,14.8,80.35357542999999,-2.1629768499999997
157.70000000000002,57.26972525,17.57217772,-0.402508377,152.6447544,19.73801878,-0.497380822,14.8,80.57502915000002,-2.1658410600000018
157.8,59.02235637,17.53277768,-0.336603871,154.6182813,19.68385694,-0.585855912,14.8,80.79592493000001,-2.1510792599999995
157.9,60.77152324,17.50289272,-0.250046508,156.5859496,19.6208476,-0.67381776,14.8,81.01442636,-2.1179548800000028
158.0,62.51817737,17.48252285,-0.156123307,158.5468745,19.54899074,-0.758700157,14.8,81.22869713000001,-2.066467890000002
158.10000000000002,64.26327027,17.47166806,-0.060972465,160.5001715,19.46828638,-0.837423651,14.8,81.43690122999999,-1.9966183199999996
158.20000000000002,66.00775344,17.47032835,0.034178377,162.4449556,19.37904245,-0.906908791,14.8,81.63720215999999,-1.908714100000001
158.3,67.7525784,17.47850373,0.129329218,164.3803421,19.28279869,-0.964076126,14.8,81.8277637,-1.80429496
158.4,69.49869665,17.4961942,0.22448006,166.3054464,19.18140275,-1.005846205,14.8,82.00674975,-1.6852085499999987
158.5,71.24705969,17.52339975,0.319630902,168.2193835,19.07670232,-1.029652817,14.8,82.17232381,-1.5533025699999996
158.60000000000002,72.99861905,17.56012038,0.414781743,170.1215152,18.97054507,-1.034982722,14.8,82.32289615,-1.4104246899999993
158.70000000000002,74.75432623,17.60635609,0.509390632,172.0121885,18.86477866,-1.022349161,14.8,82.45786227,-1.2584225700000005
158.8,76.51513273,17.66210689,0.600747801,173.8919967,18.76125076,-0.994318343,14.8,82.57686396999999,-1.099143869999999
158.9,78.28199007,17.72737278,0.685601532,175.7615333,18.66180905,-0.95396972,14.8,82.67954323,-0.9344362699999991
159.0,80.05584974,17.80182858,0.760700106,177.6213916,18.56799326,-0.904382743,14.8,82.76554186000001,-0.7661646800000028
159.10000000000002,81.83766327,17.88384843,0.822791804,179.472165,18.48011132,-0.848636863,14.8,82.83450173,-0.5962628899999984
159.20000000000002,83.62838216,17.9714813,0.868624906,181.314447,18.39816324,-0.789811532,14.8,82.88606484,-0.42668193999999815
159.3,85.42895792,18.06277616,0.895489648,183.1488308,18.32214901,-0.730472959,14.8,82.91987288000001,-0.2593728500000019
159.4,87.24008191,18.15578198,0.902844074,184.9759098,18.25206864,-0.671134386,14.8,82.93582789000001,-0.09628666000000052
159.5,89.06140497,18.24854772,0.891230139,186.7962776,18.18792213,-0.611795813,14.8,82.93487263,0.060625590000000784
159.60000000000002,90.89231777,18.33912237,0.863357609,188.6105273,18.12970948,-0.55245724,14.8,82.91820953,0.2094128899999994
159.70000000000002,92.73221099,18.42555487,0.822478203,190.4192525,18.07743069,-0.493118667,14.8,82.88704151,0.34812417999999923
159.8,94.58047533,18.50621938,0.771843639,192.2230465,18.03108575,-0.433780095,14.8,82.84257117000001,0.47513363000000197
159.9,96.43650145,18.58079072,0.714705638,194.0225028,17.99067467,-0.374653514,14.8,82.78600135000002,0.5901160499999989
160.0,98.29968005,18.6492689,0.654315917,195.8182145,17.95619744,-0.316798885,14.8,82.71853445,0.6930714599999988
160.10000000000002,100.1694018,18.71165391,0.593384243,197.6107753,17.92765408,-0.261488159,14.8,82.6413735,0.7839998299999991
160.20000000000002,102.0450574,18.76794575,0.532452569,199.4007784,17.90491737,-0.20999329,14.8,82.555721,0.8630283799999994
160.3,103.9260375,18.81814442,0.471520895,201.1888173,17.88735135,-0.163586227,14.8,82.4627798,0.93079307
160.4,105.8117329,18.86224993,0.41058922,202.9754853,17.87419285,-0.123538924,14.8,82.36375240000001,0.9880570800000008
160.5,107.7015341,18.90026226,0.349657546,204.7613758,17.86467869,-0.090408701,14.8,82.2598417,1.03558357
160.60000000000002,109.5948319,18.93218144,0.288725872,206.5469804,17.85804571,-0.065581973,14.8,82.1521485,1.0741357300000018
160.70000000000002,111.491017,18.95800744,0.227741961,208.3323838,17.85353072,-0.048339314,14.8,82.0413668,1.104476720000001
160.8,113.38948,18.97774028,0.166444622,210.1175688,17.85067215,-0.03712292,14.8,81.92808879999998,1.1270681299999978
160.9,115.2896116,18.99137994,0.10452043,211.9025183,17.84800217,-0.030994333,14.8,81.8129067,1.1433777700000007
161.0,117.1908026,18.9988951,0.041655957,213.687215,17.84518926,-0.028681602,14.8,81.69641240000001,1.153705839999997
161.10000000000002,119.0924435,19.00012904,-0.022462223,215.4716419,17.84240494,-0.029415414,14.8,81.57919840000001,1.1577240999999994
161.20000000000002,120.9939251,18.99489369,-0.088147537,217.2557817,17.83944911,-0.030749394,14.8,81.4618566,1.155444580000001
161.3,122.8946381,18.98300101,-0.155661174,219.0396175,17.83632176,-0.032131015,14.8,81.3449794,1.1466792499999983
161.4,124.793948,18.96426294,-0.225055371,220.8231319,17.8330229,-0.033846132,14.8,81.2291839,1.1312400400000016
161.5,126.6911202,18.93849142,-0.296277892,222.6063078,17.82955253,-0.035561248,14.8,81.1151876,1.1089388899999975
161.60000000000002,128.585395,18.9054984,-0.369067547,224.3891281,17.82591065,-0.037276364,14.8,81.00373309999999,1.0795877499999982
161.70000000000002,130.4760124,18.86509582,-0.443110909,226.1715757,17.82209726,-0.038991481,14.8,80.8955633,1.042998560000001
161.8,132.3622129,18.81712696,-0.518094551,227.9536333,17.81811236,-0.040706597,14.8,80.7914204,0.9990145999999989
161.9,134.2432366,18.76156049,-0.593705047,229.7352839,17.81395594,-0.042421713,14.8,80.69204730000003,0.9476045500000012
162.0,136.1183238,18.6983964,-0.66962897,231.5165103,17.80962802,-0.044127696,14.8,80.59818649999998,0.8887683799999984
162.10000000000002,137.9867147,18.62763469,-0.745605131,233.2972953,17.80512858,-0.045778875,14.8,80.51058060000001,0.8225061099999991
162.20000000000002,139.8476496,18.54927537,-0.821581291,235.0776217,17.80045763,-0.047320449,14.8,80.4299721,0.7488177399999998
162.3,141.7003686,18.46331843,-0.897557452,236.8574725,17.79562064,-0.048697613,14.8,80.35710390000001,0.6676977900000018
162.4,143.5441121,18.36976388,-0.973533612,238.6368305,17.79064503,-0.049884379,14.8,80.2927184,0.5791188500000004
162.5,145.3781202,18.26861171,-1.049509773,240.4156785,17.78556367,-0.050739502,14.8,80.2375583,0.4830480399999999
162.60000000000002,147.2016332,18.15986193,-1.125485933,242.1939994,17.78040945,-0.051303755,14.8,80.1923662,0.3794524800000012
162.70000000000002,149.0138914,18.04351452,-1.201129917,243.9717804,17.77519795,-0.051539189,14.8,80.157889,0.26831656999999964
162.8,150.8141349,17.91956951,-1.274780837,245.7490263,17.77001392,-0.051454939,14.8,80.1348914,0.14955558999999852
162.9,152.6016041,17.78802687,-1.344445629,247.5257462,17.76483839,-0.051096673,14.8,80.12414209999999,0.02318847999999818
163.0,154.3755391,17.64908593,-1.408131231,249.3019493,17.75972152,-0.050490381,14.8,80.1264102,-0.11063559000000112
163.10000000000002,156.1351802,17.50374321,-1.463844579,251.0776447,17.75469071,-0.049777309,14.8,80.1424645,-0.25094749999999877
163.20000000000002,157.8797677,17.35319455,-1.511206877,252.8528417,17.74975144,-0.048925816,14.8,80.173074,-0.3965568899999994
163.3,159.6085417,17.19863579,-1.543714434,254.6275493,17.74490372,-0.04801952,14.8,80.21900760000001,-0.5462679299999991
163.4,161.320902,17.04126276,-1.565877878,256.4017766,17.74014754,-0.047104091,14.8,80.28087460000002,-0.6988847800000002
163.5,163.016886,16.88130275,-1.576415117,258.175533,17.7354829,-0.046188661,14.8,80.35864699999998,-0.8541801500000012
163.60000000000002,164.6966906,16.72285727,-1.576987039,259.9488275,17.73090981,-0.045273231,14.8,80.45213689999999,-1.0080525400000013
163.70000000000002,166.3605127,16.56421648,-1.569586707,261.7216692,17.72642826,-0.044357802,14.8,80.56115650000002,-1.1622117799999998
163.8,168.0085493,16.40734548,-1.554592914,263.4940673,17.72203825,-0.043616431,14.8,80.68551799999999,-1.3146927700000006
163.9,169.6409973,16.25244356,-1.538841533,265.2660311,17.71773978,-0.042813014,14.8,80.82503380000001,-1.465296219999999
164.0,171.2580535,16.09951074,-1.519482819,267.0375695,17.71353286,-0.042133689,14.8,80.97951600000003,-1.6140221200000013
164.10000000000002,172.8599149,15.948547,-1.499791928,268.8086919,17.70931304,-0.042469188,14.8,81.14877699999998,-1.7607660400000018
164.20000000000002,174.4467783,15.79955235,-1.480101037,270.5794072,17.70521056,-0.045764883,14.8,81.33262889999999,-1.9056582100000004
164.3,176.0188408,15.65252679,-1.460410146,272.3497248,17.70123249,-0.053050064,14.8,81.530884,-2.0487056999999993
164.4,177.5762992,15.50747032,-1.440719254,274.1196537,17.69655673,-0.065480501,14.8,81.74335450000002,-2.1890864100000016
164.5,179.1193503,15.36438294,-1.421028363,275.8892032,17.69028085,-0.084603056,14.8,81.96985289999999,-2.32589791
164.60000000000002,180.6481912,15.22326465,-1.401337472,277.6583822,17.68170282,-0.111759383,14.8,82.210191,-2.458438170000001
164.70000000000002,182.1630187,15.08411545,-1.381646581,279.4270937,17.67002474,-0.146909121,14.8,82.464075,-2.5859092899999983
164.8,183.6640297,14.94693533,-1.361527449,281.1948149,17.65444872,-0.189656402,14.8,82.7307852,-2.707513390000001
164.9,185.1514212,14.81172431,-1.338838874,282.9609165,17.63417686,-0.239052827,14.8,83.00949530000001,-2.8224525499999995
165.0,186.6253901,14.67848237,-1.311011412,284.7247695,17.60841126,-0.293768568,14.8,83.29937939999998,-2.929928890000001
165.10000000000002,188.0861332,14.54746647,-1.275475619,286.4857446,17.57648701,-0.352473794,14.8,83.59961139999997,-3.029020540000001
165.20000000000002,189.5338474,14.41996132,-1.229662053,288.2432127,17.53827112,-0.413838678,14.8,83.9093653,-3.1183098000000005
165.3,190.9687298,14.2975086,-1.171001269,289.9965447,17.4937636,-0.476533391,14.8,84.22781490000001,-3.1962550000000007
165.4,192.3909771,14.18164996,-1.097352065,291.7451113,17.44296445,-0.539449742,14.8,84.55413420000004,-3.261314490000002
165.5,193.8009919,14.07392708,-1.008286201,293.4882834,17.38587365,-0.602366093,14.8,84.88729149999999,-3.31194657
165.60000000000002,195.1999988,13.97588161,-0.904231916,295.2254318,17.32249123,-0.665282444,14.8,85.22543300000002,-3.3466096200000006
165.70000000000002,196.5894281,13.88905523,-0.787330414,296.9559274,17.25281717,-0.728198795,14.8,85.56649930000002,-3.36376194
165.8,197.97071,13.8149896,-0.660151138,298.6791411,17.17685147,-0.791115146,14.8,85.90843109999999,-3.3618618699999985
165.9,199.3452748,13.75496945,-0.525263532,300.3944435,17.09459414,-0.854031497,14.8,86.24916870000003,-3.339624690000001
166.0,200.7145527,13.70925171,-0.385237039,302.1012057,17.00604517,-0.917122427,14.8,86.58665299999997,-3.29679346
166.10000000000002,202.079974,13.67783639,-0.242641102,303.7987984,16.91120457,-0.981260831,14.8,86.91882440000002,-3.2333681799999994
166.20000000000002,203.4429688,13.66072349,-0.099616925,305.4865924,16.81007233,-1.047494182,14.8,87.24362360000002,-3.14934884
166.3,204.8049674,13.65791301,0.043407253,307.1639587,16.70254371,-1.116869953,14.8,87.55899130000002,-3.044630700000001
166.4,206.1674002,13.66940494,0.18643143,308.8302679,16.58809497,-1.19043562,14.8,87.86286770000002,-2.9186900300000005
166.5,207.5316972,13.69519929,0.329455607,310.4848911,16.46609763,-1.269238655,14.8,88.15319390000003,-2.7708983400000005
166.60000000000002,208.8992888,13.73529606,0.472479784,312.1271989,16.3359232,-1.354151953,14.8,88.4279101,-2.6006271400000003
166.70000000000002,210.2716052,13.78969525,0.615503961,313.7564785,16.19694319,-1.445350092,14.8,88.6848733,-2.4072479399999995
166.8,211.6500767,13.85839686,0.757674302,315.3716817,16.04852914,-1.542658495,14.8,88.92160500000001,-2.1901322800000003
166.9,213.0361334,13.94140088,0.894721625,316.9716765,15.89005254,-1.645204266,14.8,89.13554309999999,-1.9486516599999995
167.0,214.4312056,14.03870732,1.02152291,318.555331,15.72088491,-1.751939932,14.8,89.32412540000003,-1.6821775900000002
167.10000000000002,215.8367236,14.14980388,1.13295514,320.1215132,15.54050253,-1.861818018,14.8,89.48478959999998,-1.3906986499999991
167.20000000000002,217.2541177,14.27212904,1.223895296,321.6690912,15.34880064,-1.973791052,14.8,89.61497350000003,-1.076671600000001
167.3,218.6848179,14.402609,1.28922036,323.1969331,15.14577924,-2.08681156,14.8,89.71211520000001,-0.7431702399999995
167.4,220.1302547,14.53816994,1.324661149,324.7039068,14.93143832,-2.200006647,14.8,89.77365210000004,-0.3932683800000003
167.5,221.5914483,14.67573806,1.329363828,326.1888805,14.70577791,-2.313201733,14.8,89.79743219999999,-0.030039849999999646
167.60000000000002,223.0677799,14.81223954,1.304182232,327.6507222,14.46879798,-2.42639682,14.8,89.78294230000002,0.3434415600000005
167.70000000000002,224.5582206,14.94460057,1.253385544,329.0882999,14.22049854,-2.539591906,14.8,89.73007929999999,0.724102030000001
167.8,226.0617416,15.06974734,1.182096783,330.5004816,13.9608796,-2.652786993,14.8,89.63874,1.108867739999999
167.9,227.5773141,15.18511834,1.095438965,331.8861355,13.68994114,-2.765982079,14.8,89.50882140000003,1.4951772000000005
168.0,229.1039093,15.29020127,0.998535111,333.2441296,13.40768318,-2.879177166,14.8,89.34022030000001,1.8825180900000014
168.10000000000002,230.6404984,15.38499613,0.896508239,334.5733319,13.11410571,-2.991184151,14.8,89.13283350000002,2.270890419999999
168.20000000000002,232.1860525,15.46950291,0.793627529,335.8726105,12.80920873,-3.096062525,14.8,88.88655800000002,2.6602941799999993
168.3,233.739543,15.54372163,0.69074682,337.1408334,12.49299224,-3.18264011,14.8,88.60129040000002,3.0507293900000008
168.4,235.2999409,15.60765228,0.587866111,338.3768687,12.16616911,-3.255919004,14.8,88.2769278,3.4414831699999997
168.5,236.8662175,15.66129485,0.484985402,339.5795844,11.83230363,-3.296639887,14.8,87.91336689999999,3.8289912200000007
168.60000000000002,238.4373439,15.70464936,0.382104693,340.7478486,11.49809912,-3.30171772,14.8,87.5105047,4.20655024
168.70000000000002,240.0122914,15.73771579,0.279223984,341.8805293,11.16055431,-3.265211993,14.8,87.06823789999997,4.577161479999999
168.8,241.5900311,15.76049416,0.176470457,342.9770649,10.8312248,-3.185934605,14.8,86.58703380000001,4.929269360000001
168.9,243.1695343,15.77298445,0.074480023,344.0391748,10.51196161,-3.069117228,14.8,86.0696405,5.261022839999999
169.0,244.749772,15.77518667,-0.025984225,345.0691489,10.20704191,-2.90856966,14.8,85.51937690000001,5.568144760000001
169.10000000000002,246.3297156,15.76717713,-0.124159195,346.0692769,9.920742865,-2.723551222,14.8,84.9395613,5.846434265000001
169.20000000000002,247.9083362,15.74933737,-0.219281793,347.0418486,9.656628778,-2.517146953,14.8,84.33351239999998,6.092708591999999
169.3,249.484605,15.72212526,-0.310588927,347.9891537,9.415412512,-2.296485464,14.8,83.70454869999999,6.306712748000001
169.4,251.0574933,15.68599864,-0.397444687,348.9134822,9.197094065,-2.068695365,14.8,83.05598889999997,6.488904574999999
169.5,252.6260331,15.64141537,-0.479721889,349.8171236,9.001673439,-1.839717164,14.8,82.3910905,6.639741931000001
169.60000000000002,254.189501,15.58883331,-0.557547716,350.7023679,8.829150632,-1.610738963,14.8,81.71286690000001,6.759682678000001
169.70000000000002,255.7472345,15.52871032,-0.631558079,351.5715048,8.679525646,-1.381760762,14.8,81.02427030000003,6.849184674
169.8,257.2985709,15.46150424,-0.70251607,352.4268242,8.55279848,-1.152782561,14.8,80.32825329999999,6.90870576
169.9,258.8428479,15.38759663,-0.771184783,353.2706156,8.448969134,-0.92380436,14.8,79.6277677,6.9386274960000005
170.0,260.3794029,15.30706379,-0.83832731,354.1051691,8.368037608,-0.694826159,14.8,78.92576620000001,6.939026182000001
170.10000000000002,261.9075733,15.21990573,-0.904706744,354.9327742,8.310003902,-0.466519394,14.8,78.22520089999996,6.909901828000001
170.20000000000002,263.4266966,15.12612244,-0.970958997,355.7557209,8.274868016,-0.242241244,14.8,77.52902429999996,6.851254424
170.3,264.9361104,15.02571393,-1.037211249,356.5762989,8.262629951,-0.026020326,14.8,76.84018849999997,6.763083979000001
170.4,266.435152,14.91868019,-1.103463501,357.396798,8.272886844,0.178114746,14.8,76.16164599999998,6.645793346
170.5,267.9231591,14.80502123,-1.169715753,358.219508,8.303624387,0.366135356,14.8,75.4963489,6.501396843
170.60000000000002,269.3994689,14.68473704,-1.235968005,359.0467186,8.352425413,0.534012889,14.8,74.84724970000003,6.332311626999999
170.70000000000002,270.8634191,14.55782763,-1.302220257,359.8807196,8.41687275,0.678390164,14.8,74.21730050000004,6.140954880000001
170.8,272.314347,14.42429299,-1.36847251,360.7234785,8.49454923,0.798595746,14.8,73.6091315,5.929743759999999
170.9,273.7515903,14.28413313,-1.434677153,361.5756738,8.583037684,0.895301071,14.8,73.02408350000003,5.701095446
171.0,275.1744863,14.13734804,-1.500596146,362.4376613,8.679920942,0.971863319,14.8,72.46317499999999,5.457427097999998
171.10000000000002,276.5823725,13.98393772,-1.565943837,363.3097971,8.782781835,1.032311104,14.8,71.92742460000001,5.201155885
171.20000000000002,277.9745864,13.82393075,-1.630434574,364.1924374,8.889606055,1.080673044,14.8,71.417851,4.934324695000001
171.3,279.3504656,13.65746994,-1.693782708,365.0859381,8.999990741,1.120977752,14.8,70.93547250000002,4.657479199000001
171.4,280.7093473,13.48472669,-1.755702586,365.9906553,9.113935893,1.157253844,14.8,70.48130800000003,4.370790797
171.5,282.0505693,13.30587238,-1.815956167,366.9069451,9.23144151,1.192858501,14.8,70.05637579999997,4.0744308700000005
171.60000000000002,283.3734916,13.12107841,-1.874495841,367.8351634,9.352507593,1.228463157,14.8,69.66167179999998,3.7685708170000005
171.70000000000002,284.6775662,12.93051617,-1.931369219,368.7756664,9.477134141,1.264067814,14.8,69.29810019999998,3.453382029
171.8,285.9622676,12.73435705,-1.986814341,369.72881,9.605321156,1.299672471,14.8,68.9665424,3.1290358939999994
171.9,287.2270704,12.53277244,-2.041116858,370.6949503,9.737068636,1.335277127,14.8,68.66787990000002,2.7957038040000004
172.0,288.4714492,12.32590516,-2.094562423,371.6744435,9.872376581,1.370881784,14.8,68.4029943,2.4535285790000003
172.10000000000002,289.6948785,12.11378378,-2.147436686,372.6676454,10.01124499,1.406396451,14.8,68.17276690000001,2.1025387900000005
172.20000000000002,290.896833,11.8964083,-2.200025298,373.6749122,10.15367387,1.44137118,14.8,67.97807919999998,1.7427344299999987
172.3,292.0767872,11.67377872,-2.252566301,374.6966,10.29966321,1.475266035,14.8,67.81981279999998,1.3741155099999993
172.4,293.2342158,11.44589504,-2.305107305,375.7330647,10.44915903,1.507541078,14.8,67.69884889999999,0.9967360099999993
172.5,294.3685933,11.21275726,-2.357648308,376.7846623,10.60189134,1.53765637,14.8,67.616069,0.6108659200000002
172.60000000000002,295.4793943,10.97436538,-2.410189311,377.8517491,10.7575362,1.565071975,14.8,67.57235479999999,0.2168291799999995
172.70000000000002,296.5660934,10.7307194,-2.462730314,378.9346809,10.91576964,1.589337946,14.8,67.56858749999999,-0.1850502400000007
172.8,297.6281652,10.48181931,-2.515271318,380.0337707,11.07626769,1.610364291,14.8,67.60560549999998,-0.5944483799999993
172.9,298.6650843,10.22766513,-2.559040974,381.1491585,11.2387064,1.628241002,14.8,67.68407420000001,-1.0110412699999998
173.0,299.6763253,9.96825685,-2.599861971,382.2809412,11.40276179,1.643418025,14.8,67.8046159,-1.43450494
173.10000000000002,300.6613627,9.703594467,-2.630861072,383.4292157,11.56810992,1.656435298,14.8,67.967853,-1.8645154529999992
173.20000000000002,301.6196712,9.438940793,-2.625800948,384.5940788,11.7344808,1.66783276,14.8,68.17440759999995,-2.2955400069999996
173.3,302.5507254,9.170802213,-2.58337793,385.7756275,11.90182045,1.678150346,14.8,68.42490210000001,-2.7310182370000007
173.4,303.4539997,8.903302671,-2.494251295,386.9739585,12.07012887,1.687927995,14.8,68.71995879999999,-3.166826198999999
173.5,304.328969,8.652184564,-2.357851666,388.1891689,12.23940605,1.697615654,14.8,69.06019990000006,-3.587221485999999
173.60000000000002,305.1758548,8.418230092,-2.159015634,389.4213553,12.409652,1.707303313,14.8,69.4455005,-3.9914219079999995
173.70000000000002,305.9978683,8.20704369,-1.896832497,390.6706149,12.58086672,1.716990972,14.8,69.87274659999999,-4.373823029999999
173.8,306.7989674,8.024229793,-1.595982798,391.9370443,12.7530502,1.726678632,14.8,70.33807690000005,-4.728820407000001
173.9,307.5831104,7.875392833,-1.257770205,393.2207405,12.92620244,1.736366291,14.8,70.83763009999997,-5.050809607000001
174.0,308.3542553,7.765203173,-0.891535443,394.5218004,13.10032345,1.74605395,14.8,71.36754510000004,-5.335120277
174.10000000000002,309.1163603,7.694594885,-0.506619233,395.8403208,13.27541323,1.755741609,14.8,71.92396049999998,-5.580818345
174.20000000000002,309.8733836,7.663567969,-0.1123623,397.1763987,13.45147178,1.765186952,14.8,72.50301509999998,-5.7879038110000005
174.3,310.6292832,7.672122425,0.28345142,398.5301308,13.62849909,1.771887708,14.8,73.10084760000002,-5.956376665
174.4,311.3880174,7.720258253,0.67926514,399.9016141,13.80649516,1.778262055,14.8,73.7135967,-6.086236907000001
174.5,312.1535442,7.807975453,1.07507886,401.2909455,13.98531461,1.778984021,14.8,74.33740130000002,-6.177339157
174.60000000000002,312.9298218,7.935274025,1.47089258,402.6982217,14.16345608,1.773890404,14.8,74.96839989999997,-6.2281820549999996
174.70000000000002,313.7208083,8.102153969,1.8667063,404.1235398,14.34237046,1.761527306,14.8,75.60273150000002,-6.240216491
174.8,314.5304619,8.308615285,2.26252002,405.5669965,14.51886219,1.740683148,14.8,76.23653460000004,-6.210246905
174.9,315.3627407,8.554657973,2.655867643,407.0285725,14.69283333,1.712406305,14.8,76.86583179999998,-6.138175357
175.0,316.2216028,8.840282033,3.034418683,408.5077831,14.86341154,1.673067018,14.8,77.48618029999996,-6.023129507
175.10000000000002,317.1110064,9.165487465,3.383376556,410.0040272,15.0297245,1.627748943,14.8,78.09302079999999,-5.864237035
175.20000000000002,318.0349096,9.52879461,3.687944681,411.5167039,15.19089986,1.576615283,14.8,78.68179429999999,-5.66210525
175.3,318.9972706,9.922805178,3.933326474,413.0452121,15.34621068,1.521119935,14.8,79.24794150000004,-5.423405502
175.4,320.0020474,10.33864122,4.104725351,414.588951,15.49551155,1.462716795,14.8,79.78690360000003,-5.15687033
175.5,321.0531983,10.76742478,4.189810828,416.1473194,15.6388025,1.402859759,14.8,80.2941211,-4.87137772
175.60000000000002,322.1534976,11.20027792,4.186116806,417.7197164,15.77608351,1.342760407,14.8,80.7662188,-4.57580559
175.70000000000002,323.3009848,11.62832268,4.096109383,419.3055411,15.90735458,1.282661054,14.8,81.20455630000005,-4.2790319
175.8,324.4925158,12.04268111,3.932119046,420.9041923,16.03261572,1.222561702,14.8,81.6116765,-3.989934609999999
175.9,325.7249462,12.43447526,3.708942376,422.5150692,16.15186692,1.16246235,14.8,81.99012300000005,-3.7173916600000005
176.0,326.9951319,12.79630685,3.441375957,424.1375707,16.26510819,1.102362998,14.8,82.34243880000004,-3.468801339999999
176.10000000000002,328.2999287,13.12669621,3.144216372,425.7710958,16.37233952,1.042263646,14.8,82.6711671,-3.24564331
176.20000000000002,329.6361923,13.42564334,2.832260203,427.4150435,16.47356092,0.982231907,14.8,82.97885120000002,-3.04791758
176.3,331.0007785,13.69314825,2.517837938,429.0688129,16.56877238,0.92260585,14.8,83.26803439999999,-2.8756241299999985
176.4,332.3905431,13.92921093,2.203415673,430.731803,16.6579739,0.863791156,14.8,83.54125990000001,-2.7287629699999982
176.5,333.8023418,14.13383138,1.888993408,432.4034127,16.74120606,0.806193507,14.8,83.80107089999997,-2.6073746799999995
176.60000000000002,335.2330305,14.30700961,1.574571143,434.083041,16.8186717,0.750218584,14.8,84.0500105,-2.5116620899999997
176.70000000000002,336.6794648,14.44874561,1.260148877,435.7700871,16.89061421,0.696272068,14.8,84.29062230000001,-2.4418685999999994
176.8,338.1385007,14.55903939,0.945726612,437.4639498,16.95727702,0.644692028,14.8,84.52544910000002,-2.398237629999999
176.9,339.6069938,14.63789093,0.631304347,439.1640606,17.01890353,0.595546077,14.8,84.75706680000003,-2.3810126
177.0,341.0818,14.68530026,0.318668369,440.8699809,17.07573714,0.548766602,14.8,84.98818089999999,-2.390436880000001
177.10000000000002,342.559775,14.70126735,0.016750116,442.5813043,17.12802128,0.504015534,14.8,85.2215293,-2.4267539299999985
177.20000000000002,344.0377746,14.68579222,-0.263732687,444.2976246,17.17599934,0.460887192,14.8,85.45985000000003,-2.490207120000001
177.3,345.5126545,14.63994663,-0.512062315,446.0185355,17.21987417,0.418975895,14.8,85.70588099999999,-2.57992754
177.4,346.9812707,14.56908946,-0.717521043,447.7436308,17.25968634,0.377875961,14.8,85.96236010000003,-2.6905968799999975
177.5,348.4404787,14.47965132,-0.869391147,449.4725041,17.29543584,0.337181709,14.8,86.23202539999996,-2.8157845199999993
177.60000000000002,349.8871345,14.37806287,-0.958741188,451.2047493,17.32712268,0.29655507,14.8,86.5176148,-2.949059809999998
177.70000000000002,351.3189511,14.27075473,-0.983784879,452.93996,17.35474686,0.255928431,14.8,86.8210089,-3.0839921299999986
177.8,352.7370716,14.16415753,-0.946308509,454.67773,17.37830837,0.215301792,14.8,87.14065840000002,-3.2141508399999985
177.9,354.143496,14.06470192,-0.855243514,456.417653,17.39780722,0.174675153,14.8,87.47415699999995,-3.3331053000000015
178.0,355.5402249,13.97881853,-0.721307618,458.1593227,17.4132434,0.134048514,14.8,87.81909780000002,-3.434424869999999
178.10000000000002,356.9292583,13.91186622,-0.555218549,459.902333,17.42461692,0.093421875,14.8,88.17307469999999,-3.512750699999998
178.20000000000002,358.3125967,13.86491676,-0.367694029,461.6462775,17.43192777,0.052945225,14.8,88.53368080000003,-3.5670110100000016
178.3,359.6922402,13.83797015,-0.169451784,463.3907499,17.43517597,0.013368507,14.8,88.89850969999999,-3.597205819999999
178.4,361.0701893,13.8310264,0.030576748,465.135344,17.43436149,-0.024408347,14.8,89.2651547,-3.60333509
178.5,362.4484441,13.8440855,0.230605281,466.8796535,17.42957435,-0.059485404,14.8,89.6312094,-3.585488849999999
178.60000000000002,363.829005,13.87714746,0.430633813,468.6232722,17.4212645,-0.090962732,14.8,89.99426719999998,-3.5441170399999997
178.70000000000002,365.2138722,13.93021227,0.630662345,470.3657937,17.40997191,-0.117940399,14.8,90.35192149999996,-3.4797596399999993
178.8,366.605046,14.00327993,0.830690878,472.1068119,17.39623653,-0.140375175,14.8,90.70176590000001,-3.3929565999999998
178.9,368.0045267,14.09635044,1.03071941,473.8459925,17.38059833,-0.155996931,14.8,91.04146580000004,-3.2842478900000014
179.0,369.4143146,14.20942381,1.229727409,475.5832891,17.36359725,-0.167075796,14.8,91.3689745,-3.154173440000001
179.10000000000002,370.8364101,14.34250003,1.422612211,477.3187274,17.34534924,-0.173655,14.8,91.68231729999998,-3.002849210000001
179.20000000000002,372.2728132,14.4955791,1.603250618,479.0523332,17.32766634,-0.176634475,14.8,91.97952000000005,-2.83208724
179.3,373.7255244,14.66804871,1.765519433,480.7841322,17.30972643,-0.176829009,14.8,92.25860780000001,-2.6416777200000006
179.4,375.196544,14.85684725,1.908627176,482.51415,17.29204353,-0.174687253,14.8,92.51760599999996,-2.4351962800000013
179.5,376.6878722,15.05830081,2.010455496,484.2424124,17.27461764,-0.172973849,14.8,92.75454019999997,-2.2163168299999985
179.60000000000002,378.2015093,15.26873547,2.081896882,485.968945,17.25744876,-0.170403742,14.8,92.96743570000002,-1.9887132899999997
179.70000000000002,379.7389657,15.48767634,2.116599083,487.6937736,17.24053689,-0.167833635,14.8,93.1548079,-1.7528605500000012
179.8,381.2997925,15.7018524,2.115582632,489.4169239,17.22388203,-0.165263528,14.8,93.31713139999995,-1.5220296299999987
179.9,382.8830507,15.91718684,2.083950195,491.1384215,17.20748419,-0.162693421,14.8,93.45537079999998,-1.2902973499999995
180.0,384.4878016,16.1268067,2.022493249,492.8582922,17.19134335,-0.160123314,14.8,93.57049059999999,-1.0645366500000009
180.10000000000002,386.1131063,16.32765039,1.953330147,494.5765617,17.17545952,-0.157553207,14.8,93.66345539999999,-0.8478091300000017
180.20000000000002,387.7580259,16.51910559,1.866588932,496.2932556,17.15983271,-0.1549831,14.8,93.7352297,-0.6407271200000011
180.3,389.4216217,16.70117229,1.77372452,498.0083997,17.1444629,-0.152369232,14.8,93.78677799999998,-0.4432906100000018
180.4,391.1029546,16.87385049,1.679839575,499.7220197,17.12935011,-0.149492792,14.8,93.8190651,-0.2554996200000019
180.5,392.801086,17.0371402,1.58595463,501.4341412,17.11449433,-0.146091211,14.8,93.8330552,-0.0773541299999998
180.60000000000002,394.5150769,17.19104142,1.492069685,503.14479,17.09992181,-0.141901917,14.8,93.8297131,0.0911196099999998
180.70000000000002,396.2439885,17.33555414,1.39818474,504.8539918,17.08576385,-0.136662341,14.8,93.81000330000002,0.24979028999999997
180.8,397.986882,17.47067836,1.304299795,506.5617723,17.07217798,-0.13010991,14.8,93.7748903,0.39850038000000154
180.9,399.7428185,17.5964141,1.21041485,508.2681571,17.05932175,-0.122025817,14.8,93.7253386,0.5370923500000018
181.0,401.5108591,17.71276133,1.116788633,509.9731931,17.04735271,-0.112366299,14.8,93.662334,0.6654086200000009
181.10000000000002,403.290065,17.81972008,1.024714786,511.6770108,17.03642838,-0.101175118,14.8,93.58694579999998,0.7832916999999995
181.20000000000002,405.0794973,17.91729033,0.935745679,513.3797621,17.02670632,-0.088671083,14.8,93.50026479999998,0.8905840100000013
181.3,406.8782173,18.00562732,0.851433681,515.0815986,17.01834407,-0.075116764,14.8,93.40338129999999,0.9872832499999973
181.4,408.685286,18.08550724,0.773331163,516.7826722,17.01147291,-0.060774734,14.8,93.29738619999996,1.07403433
181.5,410.4997646,18.1578615,0.702990494,518.4831345,17.0061191,-0.045907562,14.8,93.18336990000002,1.1517423999999998
181.60000000000002,412.3207143,18.22362154,0.641705316,520.1831374,17.00228265,-0.030777819,14.8,93.06242309999995,1.2213388899999984
181.70000000000002,414.1473203,18.28371878,0.589734358,521.8828324,16.99996354,-0.015604314,14.8,92.9355121,1.2837552400000014
181.8,415.9792648,18.33908462,0.54681889,523.5823714,16.99916178,-0.00043081,14.8,92.80310660000005,1.3399228399999998
181.9,417.8163542,18.39065051,0.511665271,525.2819061,16.99987738,0.014742695,14.8,92.66555190000004,1.3907731299999995
182.0,419.6583946,18.43934785,0.482721133,526.9815882,17.00211032,0.0299162,14.8,92.52319360000003,1.4372375300000009
182.10000000000002,421.5051923,18.48595284,0.458434103,528.6815695,17.00586062,0.045089704,14.8,92.37637720000005,1.4800922199999995
182.20000000000002,423.3565537,18.53062071,0.437251814,530.3820016,17.01112826,0.060263209,14.8,92.22544789999996,1.5194924500000013
182.3,425.212285,18.57335145,0.417621894,532.0830364,17.01791326,0.075378522,14.8,92.07075139999996,1.5554381900000003
182.4,427.0721925,18.61414508,0.398250702,533.7848256,17.02621561,0.090144685,14.8,91.91263309999995,1.5879294699999988
182.5,428.9360826,18.6530016,0.378879511,535.4875209,17.0360353,0.104212549,14.8,91.75143830000003,1.6169662999999979
182.60000000000002,430.8037614,18.68992099,0.35950832,537.191274,17.04733744,0.117232964,14.8,91.58751260000004,1.6425835500000012
182.70000000000002,432.6750353,18.72490326,0.340137128,538.8962367,17.05994743,0.12885678,14.8,91.42120140000004,1.6649558300000002
182.8,434.5497106,18.75794841,0.320765937,540.6025607,17.07365579,0.138930015,14.8,91.2528501,1.6842926200000008
182.9,436.4275936,18.78905645,0.301394745,542.3103977,17.08825304,0.146826343,14.8,91.08280409999993,1.700803409999999
183.0,438.3084905,18.81822736,0.281975912,544.0198716,17.10352967,0.15232267,14.8,90.91138109999999,1.7146976900000013
183.10000000000002,440.1922076,18.84546116,0.262271226,545.7309944,17.11939331,0.156032426,14.8,90.73878679999997,1.7260678499999997
183.20000000000002,442.0785513,18.87075783,0.241994834,547.4437503,17.13543324,0.157996433,14.8,90.56519900000002,1.7353245899999976
183.3,443.9673277,18.89408881,0.220860884,549.1581233,17.15134103,0.158563842,14.8,90.39079560000006,1.7427477799999984
183.4,445.8583433,18.91531115,0.198583524,550.8740977,17.16727525,0.157888633,14.8,90.2157544,1.7480359000000014
183.5,447.7514043,18.93425335,0.1748769,552.5916577,17.1830509,0.156655325,14.8,90.04025340000005,1.7512024499999974
183.60000000000002,449.6463169,18.95074389,0.149502802,554.3107872,17.19866798,0.155377971,14.8,89.86447030000006,1.7520759099999985
183.70000000000002,451.5428646,18.96461127,0.122413587,556.0314705,17.21412649,0.153792289,14.8,89.68860589999998,1.7504847799999972
183.8,453.4407394,18.97568397,0.093656899,557.7536918,17.22942644,0.152206607,14.8,89.51295239999997,1.7462575299999976
183.9,455.3396103,18.98379049,0.063470947,559.4774351,17.24456781,0.150620926,14.8,89.33782479999998,1.739222680000001
184.0,457.2391464,18.9887593,0.032141585,561.2026846,17.25955062,0.149035244,14.8,89.16353820000002,1.7292086800000028
184.10000000000002,459.1390168,18.99044749,-4.53e-05,562.9294245,17.27437486,0.147449563,14.8,88.9904077,1.7160726299999993
184.20000000000002,461.0388905,18.98882646,-0.032803962,564.6576389,17.28904054,0.145863881,14.8,88.81874840000008,1.69978592
184.3,462.9384366,18.98389622,-0.065848441,566.3873119,17.30354764,0.144072967,14.8,88.6488753,1.6803485799999969
184.4,464.8373243,18.97565677,-0.098940562,568.1184277,17.31789618,0.14105066,14.8,88.48110340000001,1.6577605899999988
184.5,466.7352226,18.96410811,-0.132032683,569.8509704,17.33208614,0.135565567,14.8,88.31574780000007,1.6320219700000003
184.60000000000002,468.6318006,18.94925024,-0.165124804,571.5849242,17.3459944,0.126386295,14.8,88.15312360000003,1.6032558400000028
184.70000000000002,470.5267273,18.93108315,-0.198216925,573.3202732,17.35900526,0.112281451,14.8,87.99354589999997,1.5720778899999992
184.8,472.4196718,18.90960685,-0.231309046,575.0570016,17.37037988,0.092019641,14.8,87.83732980000003,1.5392269699999979
184.9,474.3103032,18.88482134,-0.264401167,576.7950934,17.37937942,0.064574705,14.8,87.68479020000002,1.505441919999999
185.0,476.1982907,18.85672662,-0.297493288,578.5344344,17.38526505,0.02974141,14.8,87.53614370000004,1.4714615699999989
185.10000000000002,478.0833032,18.82532268,-0.330353991,580.2745161,17.38729793,-0.01227501,14.8,87.39121290000004,1.4380247500000003
185.20000000000002,479.9650098,18.79060954,-0.361826184,582.0147316,17.38473923,-0.060448397,14.8,87.24972179999999,1.4058703099999974
185.3,481.8430797,18.75258718,-0.390521358,583.754474,17.37685011,-0.113547355,14.8,87.11139429999999,1.3757370699999996
185.4,483.7171819,18.71139446,-0.415051004,585.4931363,17.36301487,-0.170340493,14.8,86.97595439999994,1.3483795900000004
185.5,485.5869854,18.66772563,-0.434026611,587.2301116,17.34311038,-0.229596416,14.8,86.84312619999999,1.3246152500000008
185.60000000000002,487.4521594,18.6224138,-0.446059671,588.964793,17.31713663,-0.290083733,14.8,86.71263359999996,1.30527717
185.70000000000002,489.312373,18.57629208,-0.449993091,590.6965735,17.28509363,-0.350776282,14.8,86.58420050000002,1.291198450000003
185.8,491.1674062,18.53019357,-0.445595455,592.4248463,17.24698138,-0.411468831,14.8,86.4574401,1.2832121900000004
185.9,493.0174837,18.48495137,-0.43309818,594.1490044,17.20279987,-0.47216138,14.8,86.33152069999996,1.2821515000000012
186.0,494.8629409,18.4413986,-0.413658357,595.8684409,17.1525491,-0.532853929,14.8,86.20549999999999,1.2888494999999978
186.10000000000002,496.7041133,18.40036836,-0.388664495,597.5825489,17.09622908,-0.593546478,14.8,86.07843559999999,1.3041392800000011
186.20000000000002,498.5413367,18.36255489,-0.359505106,599.2907214,17.0338398,-0.654239027,14.8,85.94938470000007,1.3287150899999993
186.3,500.3749465,18.32809707,-0.327568697,600.9923515,16.96538127,-0.714931576,14.8,85.81740500000002,1.3627157999999966
186.4,502.2052783,18.29699487,-0.294243778,602.6868322,16.89085349,-0.774370421,14.8,85.68155390000005,1.4061413799999976
186.5,504.0326677,18.26924831,-0.260687442,604.3735568,16.81025645,-0.816543409,14.8,85.54088909999997,1.4589918599999976
186.60000000000002,505.8574502,18.24485738,-0.227131105,606.0519182,16.72359015,-0.863159229,14.8,85.39446800000003,1.5212672299999994
186.70000000000002,507.6799613,18.22382209,-0.193574769,607.7213094,16.63160683,-0.87746475,14.8,85.2413481,1.5922152599999997
186.8,509.5005368,18.20614243,-0.160018432,609.3811237,16.54391376,-0.861681388,14.8,85.08058689999997,1.662228670000001
186.9,511.319512,18.1918184,-0.126462095,611.030754,16.44748574,-0.808286922,14.8,84.91124200000003,1.7443326599999978
187.0,513.1372226,18.18085001,-0.092905759,612.6695935,16.36437464,-0.711012834,14.8,84.73237090000005,1.8164753699999991
187.10000000000002,514.9540042,18.17323725,-0.059524189,614.2976369,16.29324762,-0.578349059,14.8,84.54363270000006,1.8799896300000007
187.20000000000002,516.7701922,18.16898013,-0.027191218,615.9172863,16.238618,-0.382318388,14.8,84.3470941,1.9303621300000025
187.3,518.5861224,18.16807863,0.003044553,617.5315454,16.20499913,-0.158420251,14.8,84.14542300000001,1.9630794999999992
187.4,520.4021302,18.17042792,0.030134524,619.1434179,16.19690432,0.09556677,14.8,83.94128770000005,1.9735236
187.5,522.2185511,18.17550367,0.053555033,620.7559075,16.2180947,0.372120453,14.8,83.73735640000002,1.9574089699999995
187.60000000000002,524.0357209,18.18267674,0.070682671,622.3720181,16.26932249,0.663718577,14.8,83.53629719999999,1.9133542500000011
187.70000000000002,525.8539749,18.19131797,0.082218414,623.9947533,16.35058768,0.962838922,14.8,83.34077839999993,1.8407302899999998
187.8,527.6735649,18.20111315,0.087462558,625.6271169,16.46189027,1.263212971,14.8,83.15355200000006,1.7392228799999998
187.9,529.4944071,18.21048824,0.08658987,627.2721127,16.60323027,1.56358702,14.8,82.9777056,1.6072579699999991
188.0,531.3163336,18.21975896,0.080474184,628.9327443,16.77460768,1.863961069,14.8,82.81641069999996,1.445151280000001
188.10000000000002,533.1391768,18.22798121,0.069639163,630.6120155,16.97602249,2.164335117,14.8,82.67283870000001,1.251958720000001
188.20000000000002,534.9627687,18.23463066,0.056708215,632.3129301,17.2074747,2.464709166,14.8,82.55016140000005,1.0271559600000018
188.3,536.7869417,18.23960248,0.041155131,634.0384918,17.46896432,2.765083215,14.8,82.45155009999992,0.7706381599999972
188.4,538.611528,18.24289664,0.024553448,635.7917042,17.76049134,3.062733797,14.8,82.38017620000001,0.4824052999999999
188.5,540.4363599,18.24451317,0.007776998,637.5755713,18.08205577,3.344043582,14.8,82.33921140000002,0.16245740000000097
188.60000000000002,542.2612695,18.24445204,-0.008999452,639.3930967,18.43365761,3.592671773,14.8,82.33182719999998,-0.18920557000000215
188.70000000000002,544.0860891,18.24271328,-0.025775902,641.2472841,18.81366276,3.792277572,14.8,82.36119500000002,-0.5709494799999995
188.8,545.910651,18.23929686,-0.042552352,643.1411374,19.21390085,3.926520181,14.8,82.43048640000002,-0.9746039900000021
188.9,547.7347873,18.23420281,-0.059328802,645.0776601,19.62456738,3.979058804,14.8,82.54287280000001,-1.3903645699999991
189.0,549.5583303,18.2274311,-0.076105252,647.0598562,20.03585789,3.93627611,14.8,82.70152590000005,-1.8084267899999986
189.10000000000002,551.3811123,18.21898175,-0.092965653,649.089422,20.43796788,3.795448631,14.8,82.90830969999998,-2.2189861299999976
189.20000000000002,553.2029655,18.20885476,-0.110329757,651.1628249,20.82109289,3.559299835,14.8,83.15985940000003,-2.612238129999998
189.3,555.0237221,18.19705012,-0.128701269,653.2752252,21.17542843,3.241447052,14.8,83.45150310000004,-2.97837831
189.4,556.8432144,18.18351747,-0.148583893,655.421783,21.49117003,2.85823108,14.8,83.77856860000004,-3.3076525599999975
189.5,558.6612745,18.16800495,-0.170481332,657.5976584,21.76014728,2.425992717,14.8,84.13638390000001,-3.5921423300000015
189.60000000000002,560.4777348,18.15021034,-0.19489729,659.7980117,21.98072612,1.961072758,14.8,84.52027689999996,-3.830515779999999
189.70000000000002,562.2924274,18.12983142,-0.222251521,662.0180029,22.15290653,1.479812002,14.8,84.92557550000011,-4.023075110000001
189.8,564.1051443,18.10656596,-0.252627974,664.2527922,22.27668852,0.995827781,14.8,85.34764790000004,-4.170122559999999
189.9,565.9155163,18.08011175,-0.2859427,666.4975398,22.35207209,0.511843559,14.8,85.7820235,-4.27196034
190.0,567.7231338,18.05016656,-0.321775946,668.7474058,22.37905723,0.027859337,14.8,86.224272,-4.32889067
190.10000000000002,569.5275872,18.01642817,-0.359624006,670.9975504,22.35764395,-0.456124885,14.8,86.66996320000005,-4.341215779999999
190.20000000000002,571.3284671,17.97864472,-0.398983179,673.2431338,22.28783225,-0.940109107,14.8,87.1146667,-4.309187530000003
190.3,573.1253639,17.93676585,-0.439349758,675.4793161,22.16962213,-1.424093329,14.8,87.55395219999998,-4.23285628
190.4,574.917868,17.89079156,-0.480220042,677.7012575,22.00301359,-1.905245757,14.8,87.9833895,-4.112222029999998
190.5,576.7055699,17.84072184,-0.521174276,679.904118,21.78800662,-2.369407422,14.8,88.39854810000004,-3.9472847800000004
190.60000000000002,578.4880601,17.7865567,-0.562128511,682.083058,21.52460123,-2.799587562,14.8,88.79499790000007,-3.73804453
190.70000000000002,580.264929,17.72829614,-0.603082745,684.2332375,21.2144965,-3.178795413,14.8,89.16830849999992,-3.486200359999998
190.8,582.035767,17.66594015,-0.644036979,686.3498167,20.8661878,-3.490040213,14.8,89.51404970000006,-3.200247649999998
190.9,583.8001647,17.59948875,-0.684991214,688.4279557,20.48986959,-3.716331198,14.8,89.827791,-2.8903808400000024
191.0,585.5577125,17.52894191,-0.725945448,690.4628148,20.09573634,-3.8435094,14.8,90.10510230000007,-2.566794429999998
191.10000000000002,587.3080008,17.45429966,-0.766899682,692.4509133,19.69398249,-3.868743025,14.8,90.34291250000008,-2.2396828299999996
191.20000000000002,589.0506201,17.37556198,-0.806980016,694.3942077,19.29480251,-3.794863867,14.8,90.5435876000001,-1.9192405299999997
191.3,590.7851609,17.29272887,-0.835156739,696.2960137,18.90839086,-3.636030894,14.8,90.71085279999996,-1.6156619899999995
191.4,592.5112136,17.20580035,-0.866167061,698.1596471,18.54494198,-3.40923487,14.8,90.84843350000001,-1.3391416300000003
191.5,594.2283687,17.11530074,-0.874786961,699.9884235,18.21295127,-3.131466558,14.8,90.96005479999992,-1.0976505300000028
191.60000000000002,595.9362166,17.02784787,-0.86243324,701.7856587,17.9141178,-2.81971672,14.8,91.04944210000004,-0.886269930000001
191.70000000000002,597.6343478,16.93459942,-0.823862492,703.5546684,17.64844157,-2.490976119,14.8,91.12032059999997,-0.7138421499999978
191.8,599.3223528,16.8506898,-0.754705212,705.2987684,17.41592258,-2.159403724,14.8,91.1764156,-0.5652327799999988
191.9,601.0002414,16.77526893,-0.660747703,707.0212743,17.21656083,-1.827831329,14.8,91.22103289999991,-0.4412918999999995
192.0,602.6697015,16.71148285,-0.522883254,708.7255019,17.05035631,-1.496258934,14.8,91.25580040000007,-0.33887346000000207
192.10000000000002,604.3328405,16.66247761,-0.365461982,710.414767,16.91730904,-1.16468654,14.8,91.28192650000001,-0.2548314299999994
192.20000000000002,605.9917655,16.63139925,-0.187067088,712.0923851,16.81741901,-0.833114145,14.8,91.30061959999996,-0.1860197599999971
192.3,607.6485838,16.62086947,0.007058022,713.7616722,16.75068621,-0.50154175,14.8,91.31308840000004,-0.12981674000000254
192.4,609.3054029,16.63141261,0.211669943,715.4259438,16.71711066,-0.169969355,14.8,91.32054090000004,-0.08569804999999775
192.5,610.9643299,16.66302868,0.421525269,717.0885157,16.71669234,0.160142299,14.8,91.32418579999997,-0.053663660000001556
192.60000000000002,612.6274722,16.71571766,0.632254497,718.7527036,16.74943126,0.481489514,14.8,91.32523139999996,-0.03371360000000223
192.70000000000002,614.296937,16.78947957,0.842983724,720.4218233,16.81532743,0.785307849,14.8,91.32488630000007,-0.025847859999998946
192.8,615.9748316,16.88431441,1.053712952,722.0991905,16.91350439,1.062832864,14.8,91.32435889999995,-0.029189979999998172
192.9,617.6632634,17.00022216,1.264442179,723.7881208,17.03957992,1.305300119,14.8,91.3248574,-0.03935776000000146
193.0,619.3643396,17.13720284,1.475171407,725.4919301,17.18829537,1.511535938,14.8,91.3275905,-0.05109252999999825
193.10000000000002,621.0801675,17.29525645,1.685900634,727.2139341,17.35439206,1.65146433,14.8,91.33376659999995,-0.05913560999999845
193.20000000000002,622.8128544,17.47438297,1.894929071,728.9567473,17.53261134,1.746396846,14.8,91.34389289999997,-0.058228369999998364
193.3,624.5645076,17.67458242,2.093752764,730.7201796,17.72224899,1.790203462,14.8,91.3556720000001,-0.04766657000000052
193.4,626.3372344,17.89585479,2.272166971,732.5033399,17.90438298,1.790187878,14.8,91.36610549999996,-0.008528189999999825
193.5,628.1331421,18.13717961,2.419966948,734.3053369,18.08741803,1.755114534,14.8,91.37219480000006,0.04976158000000197
193.60000000000002,629.954338,18.3934545,2.526947951,736.1252795,18.26241744,1.686157107,14.8,91.37094150000003,0.1310370600000006
193.70000000000002,631.8029293,18.65855663,2.582905237,737.9622765,18.42850478,1.614852327,14.8,91.35934720000007,0.23005184999999884
193.8,633.6810234,18.92636314,2.579334854,739.8154365,18.58568006,1.527192343,14.8,91.33441310000008,0.34068307999999803
193.9,635.5899112,19.19075119,2.51453601,741.6838685,18.73394325,1.438071619,14.8,91.29395730000006,0.4568079400000009
194.0,637.527618,19.44559793,2.390209497,743.5666812,18.87329438,1.348950896,14.8,91.23906319999999,0.5723035500000009
194.10000000000002,639.4913529,19.68478052,2.214859267,745.4629834,19.00373343,1.259830172,14.8,91.17163049999995,0.6810470899999999
194.20000000000002,641.478325,19.90217611,1.998690064,747.3718839,19.12526041,1.170709449,14.8,91.0935588999999,0.7769157
194.3,643.4857431,20.09268233,1.75190663,749.2924915,19.23787532,1.081588725,14.8,91.00674839999995,0.8548070099999983
194.4,645.5108163,20.2552787,1.48471371,751.223915,19.34157816,0.992468001,14.8,90.91309870000005,0.9137005400000007
194.5,647.5507537,20.38996523,1.207316046,753.1652632,19.43636892,0.903562689,14.8,90.81450950000006,0.9535963100000018
194.60000000000002,649.6027643,20.49674191,0.928217592,755.1156449,19.52224761,0.815949847,14.8,90.71288060000002,0.9744942999999999
194.70000000000002,651.6640571,20.57560875,0.649119138,757.0741688,19.59921423,0.730921943,14.8,90.61011170000002,0.9763945199999995
194.8,653.731841,20.62656574,0.370020684,759.0399437,19.66739803,0.649771447,14.8,90.50810269999995,0.9591677099999991
194.9,655.8033251,20.64961288,0.09092223,761.0120786,19.72744523,0.573790829,14.8,90.40875349999995,0.9221676499999987
195.0,657.8757185,20.64475018,-0.188176225,762.989682,19.78013132,0.504272557,14.8,90.31396350000007,0.8646188600000002
195.10000000000002,659.9462301,20.61197764,-0.467274679,764.9718629,19.82623179,0.442293691,14.8,90.22563280000004,0.7857458499999979
195.20000000000002,662.0120689,20.55129525,-0.744959182,766.9578335,19.86652211,0.38806964,14.8,90.14576459999996,0.6847731400000008
195.3,664.0704441,20.46270301,-1.014159975,768.9472194,19.90177777,0.341384994,14.8,90.07677529999997,0.5609252399999995
195.4,666.1185645,20.34620093,-1.26639335,770.9397499,19.93277424,0.301162696,14.8,90.0211854,0.4134266899999979
195.5,668.1536392,20.20263737,-1.493175599,772.9351542,19.96028701,0.266110274,14.8,89.98151500000002,0.2423503600000032
195.60000000000002,670.1728772,20.0362542,-1.69338075,774.9331614,19.98496232,0.234935261,14.8,89.9602842,0.05129187999999729
195.70000000000002,672.1734875,19.85214163,-1.836451876,776.9335008,20.00692941,0.206345187,14.8,89.96001330000009,-0.15478778000000304
195.8,674.1526792,19.65538989,-1.937392439,778.9359014,20.02618828,0.179047581,14.8,89.98322220000007,-0.3707983900000009
195.9,676.10834,19.44667456,-1.987430748,780.9400925,20.04273892,0.151965388,14.8,90.0317525,-0.5960643599999997
196.0,678.0410723,19.2443298,-1.987980753,782.9458033,20.05658135,0.124883194,14.8,90.10473099999997,-0.8122515499999992
196.10000000000002,679.9521574,19.04020191,-1.946112213,784.9527629,20.06771556,0.097801001,14.8,90.20060550000001,-1.0275136499999995
196.20000000000002,681.8428764,18.84379575,-1.862951097,786.9607005,20.07614155,0.070718807,14.8,90.31782410000001,-1.2323457999999974
196.3,683.7145105,18.65935318,-1.769054333,788.9693453,20.08185932,0.043636614,14.8,90.45483480000003,-1.4225061399999994
196.4,685.568341,18.48772256,-1.650832411,790.9784265,20.08486888,0.01655442,14.8,90.61008549999993,-1.5971463199999967
196.5,687.4056491,18.3289039,-1.524126779,792.9876732,20.08517021,-0.010461623,14.8,90.78202410000002,-1.7562663100000009
196.60000000000002,689.2277158,18.1828972,-1.396007197,794.9968147,20.08276332,-0.037080761,14.8,90.9690988999999,-1.8998661200000022
196.70000000000002,691.0358225,18.04970246,-1.267887614,797.00558,20.07764822,-0.062906092,14.8,91.16975750000002,-2.0279457600000015
196.8,692.8312503,17.92931968,-1.139768031,799.0136984,20.06986458,-0.087540709,14.8,91.38244809999999,-2.140544900000002
196.9,694.6152805,17.82174886,-1.011648449,801.0208991,20.05961087,-0.110587711,14.8,91.60561859999991,-2.2378620100000006
197.0,696.3891941,17.72698999,-0.883528866,803.0269112,20.04712522,-0.131650191,14.8,91.83771709999992,-2.3201352300000018
197.10000000000002,698.1542725,17.64504308,-0.755409283,805.0314639,20.03264578,-0.150397397,14.8,92.0771913999999,-2.3876026999999986
197.20000000000002,699.9117968,17.57590813,-0.6272897,807.0343182,20.0164107,-0.166763179,14.8,92.32252139999999,-2.440502570000003
197.3,701.6630481,17.51958514,-0.499672428,809.0353619,19.9986581,-0.180813686,14.8,92.57231380000003,-2.47907296
197.4,703.4093078,17.47607411,-0.375069019,811.0345148,19.97962614,-0.192879672,14.8,92.82520700000005,-2.5035520300000016
197.5,705.151857,17.44537504,-0.256493334,813.0316966,19.95955296,-0.203358042,14.8,93.07983960000008,-2.5141779200000016
197.60000000000002,706.8919768,17.42718653,-0.146959238,815.026827,19.93863701,-0.212645699,14.8,93.33485020000008,-2.5114504800000006
197.70000000000002,708.6309486,17.42000167,-0.049480592,817.0198256,19.91691798,-0.221139548,14.8,93.58887699999998,-2.4969163099999996
197.8,710.3700534,17.42201213,0.035623707,819.0106121,19.89439587,-0.229236493,14.8,93.84055870000005,-2.4723837400000015
197.9,712.1105725,17.4314096,0.100458104,820.9991063,19.87107068,-0.237267287,14.8,94.08853380000001,-2.4396610800000005
198.0,713.853546,17.44638576,0.144502501,822.9852278,19.84694241,-0.245298081,14.8,94.33168179999991,-2.400556650000002
198.10000000000002,715.5990495,17.46674926,0.173666927,824.9688963,19.82201107,-0.253328875,14.8,94.56984680000001,-2.3552618099999982
198.20000000000002,717.3469175,17.4874614,0.18776204,826.9500315,19.79627664,-0.261359669,14.8,94.80311400000001,-2.3088152399999977
198.3,719.0969847,17.50670317,0.189801703,828.9285532,19.76973913,-0.269390463,14.8,95.0315685,-2.26303596
198.4,720.8490855,17.52621229,0.180104812,830.9043809,19.74239855,-0.277421258,14.8,95.25529539999998,-2.2161862600000006
198.5,722.6030544,17.54406683,0.167069233,832.8774344,19.71425488,-0.285452052,14.8,95.47437999999995,-2.17018805
198.60000000000002,724.3587261,17.56026678,0.153726615,834.8476334,19.68530813,-0.294410081,14.8,95.68890729999994,-2.12504135
198.70000000000002,726.1159351,17.57481215,0.137180792,836.8148976,19.65555831,-0.308931523,14.8,95.8989625,-2.0807461600000003
198.8,727.8745158,17.58770294,0.120634968,838.7791466,19.62500541,-0.334579789,14.8,96.10463079999995,-2.03730247
198.9,729.6343029,17.59893914,0.104089145,840.7403002,19.59309308,-0.376918291,14.8,96.30599730000002,-1.9941539400000003
199.0,731.3951309,17.60852077,0.087543322,842.698278,19.55703963,-0.441510443,14.8,96.50314709999994,-1.94851886
199.10000000000002,733.1568344,17.61644781,0.070997498,844.6529998,19.51350701,-0.533919655,14.8,96.6961654,-1.897059200000001
199.20000000000002,734.9192478,17.62272027,0.054451675,846.6043852,19.45915716,-0.658782105,14.8,96.88513740000003,-1.8364368900000017
199.3,736.6822057,17.62733814,0.038311032,848.5519089,19.39065204,-0.817025028,14.8,97.06970319999989,-1.7633139
199.4,738.4455427,17.63030144,0.026875303,850.4932651,19.30465361,-1.007721189,14.8,97.2477224,-1.6743521699999988
199.5,740.2090933,17.63161015,0.01575408,852.4257032,19.19782382,-1.226234411,14.8,97.4166099000001,-1.5662136699999998
199.60000000000002,741.972692,17.63150739,0.014199938,854.3464724,19.06682461,-1.467001281,14.8,97.57378039999999,-1.4353172200000017
199.70000000000002,743.7361735,17.63257299,0.022370129,856.2528218,18.90887429,-1.724458389,14.8,97.71664830000005,-1.2763013
199.8,745.4993721,17.63217271,0.042695737,858.1420009,18.72341651,-1.99304232,14.8,97.84262880000001,-1.0912438000000009
199.9,747.2621225,17.6358581,0.077202665,860.0112589,18.51045128,-2.267189664,14.8,97.9491364,-0.8745931800000015
200.0,749.0244537,17.64372351,0.124022264,861.8578449,18.26997858,-2.542264243,14.8,98.03339120000005,-0.6262550699999991
200.10000000000002,750.7871727,17.65722759,0.189570842,863.6790083,18.00199843,-2.817338822,14.8,98.09183559999992,-0.3447708399999989
200.20000000000002,752.5512809,17.67782898,0.265001007,865.4719983,17.70651082,-3.092413401,14.8,98.12071739999995,-0.028681839999997294
200.3,754.3177798,17.70698635,0.350155505,867.2340642,17.38351575,-3.36748798,14.8,98.1162844,0.3234706000000003
200.4,756.0876709,17.74591522,0.442603254,868.9624552,17.03301322,-3.642562559,14.8,98.07478429999999,0.7129019999999997
200.5,757.8619555,17.79485871,0.53991317,870.6544206,16.65500324,-3.917637138,14.8,97.99246509999996,1.1398554700000005
200.60000000000002,759.6416353,17.85381682,0.639654169,872.3072096,16.24948579,-4.189604366,14.8,97.8655743,1.6043310299999973
200.70000000000002,761.4277116,17.92278954,0.739800349,873.9180715,15.81646089,-4.442927485,14.8,97.69035990000005,2.10632865
200.8,763.2211859,18.00177689,0.839946528,875.4842555,15.35592853,-4.644954646,14.8,97.4630696,2.6458483599999987
200.9,765.0230597,18.09077885,0.940092708,877.0030109,14.86975313,-4.819064961,14.8,97.17995120000008,3.22102572
201.0,766.8343343,18.18979543,1.040238887,878.471587,14.36725673,-4.9045911,14.8,96.83725269999998,3.822538700000001
201.10000000000002,768.6560114,18.29882663,1.140385067,879.8872329,13.86803045,-4.896896696,14.8,96.43122149999995,4.4307961800000015
201.20000000000002,770.4890924,18.41787244,1.240531247,881.247198,13.35804682,-4.780444991,14.8,95.95810560000002,5.05982562
201.3,772.3345786,18.54693288,1.339108414,882.5502231,12.87370623,-4.552128632,14.8,95.41564450000006,5.67322665
201.4,774.1934716,18.68600793,1.420551995,883.801015,12.41779052,-4.229062712,14.8,94.80754340000006,6.268217409999998
201.5,776.0667729,18.8350976,1.498606465,885.0057721,12.00148613,-3.784760769,14.8,94.1389991999999,6.833611470000001
201.60000000000002,777.9554838,18.99326048,1.540699206,886.170693,11.63597955,-3.279890131,14.8,93.4152092,7.35728093
201.70000000000002,779.860606,19.15115782,1.545135662,887.3019759,11.33059282,-2.719087165,14.8,92.64136990000004,7.820565000000002
201.8,781.7831407,19.31703632,1.502501763,888.4058194,11.08719035,-2.120995983,14.8,91.82267870000005,8.22984597
201.9,783.7240895,19.4713524,1.404952448,889.4884218,10.90577215,-1.504260691,14.8,90.96433229999998,8.56558025
202.0,785.6837007,19.61308932,1.258638222,890.5559817,10.78633822,-0.884418048,14.8,90.07228099999993,8.826751100000001
202.10000000000002,787.6592102,19.73659865,1.04196955,891.6146973,10.72888854,-0.264575405,14.8,89.15548710000003,9.007710110000001
202.20000000000002,789.6471007,19.83623195,0.785950037,892.6707673,10.73342314,0.355267237,14.8,88.22366659999996,9.102808809999999
202.3,791.6438548,19.90634076,0.49227424,893.7303898,10.79994199,0.97510988,14.8,87.28653500000003,9.106398769999998
202.4,793.6459553,19.94221805,0.170356229,894.7997635,10.92844511,1.594952523,14.8,86.35380820000007,9.01377294
202.5,795.6498849,19.94292242,-0.170389924,895.8850867,11.1189325,2.214795166,14.8,85.43520180000003,8.823989919999999
202.60000000000002,797.6521262,19.90845387,-0.520550148,896.9925579,11.37140414,2.83124693,14.8,84.54043169999996,8.53704973
202.70000000000002,799.6491621,19.83881239,-0.872279384,898.1283754,11.68586006,3.427353422,14.8,83.67921329999997,8.152952330000002
202.8,801.6374752,19.73399799,-1.22400862,899.2987378,12.06230023,3.982769368,14.8,82.86126259999999,7.671697759999999
202.9,803.6135482,19.59401067,-1.575737856,900.5098433,12.49869015,4.477149497,14.8,82.09629510000009,7.09532052
203.0,805.5738638,19.41885042,-1.927467092,901.7678906,12.98485716,4.890148535,14.8,81.39402679999996,6.433993259999998
203.10000000000002,807.5149047,19.20851725,-2.279196327,903.0790779,13.50859412,5.20142121,14.8,80.76417320000003,5.69992313
203.20000000000002,809.4331537,18.96301115,-2.630925563,904.4496037,14.05769384,5.394013129,14.8,80.21644999999997,4.905317309999999
203.3,811.3250934,18.68233214,-2.979825513,905.8840389,14.61994918,5.464533411,14.8,79.75894549999994,4.062382959999999
203.4,813.1872066,18.36648019,-3.311749741,907.3804436,15.18315296,5.416372937,14.8,79.39323700000007,3.1833272300000015
203.5,815.0159759,18.01545533,-3.609722527,908.9352507,15.73509803,5.2664861,14.8,79.11927480000004,2.280357300000002
203.60000000000002,816.8078841,17.63095511,-3.85676815,910.5448928,16.26357721,5.035218173,14.8,78.93700869999994,1.3673778999999975
203.70000000000002,818.5594139,17.2214674,-4.03591089,912.2058027,16.75841788,4.742914427,14.8,78.84638880000007,0.463049520000002
203.8,820.2670479,16.79717764,-4.130175025,913.9144129,17.2175855,4.409920137,14.8,78.84736500000004,-0.4204078599999974
203.9,821.927269,16.36827125,-4.125414121,915.6671563,17.64108008,4.056580574,14.8,78.93988729999997,-1.272808829999999
204.0,823.5379178,15.94493366,-4.018798891,917.4604655,18.02890162,3.699850132,14.8,79.12254770000011,-2.083967959999999
204.10000000000002,825.1022673,15.53735031,-3.813158622,919.2907732,18.38105011,3.34311969,14.8,79.3885059,-2.8436997999999996
204.20000000000002,826.6249487,15.15570664,-3.522639749,921.154512,18.69752556,2.986389248,14.8,79.72956329999995,-3.541818919999999
204.3,828.1105929,14.81018807,-3.164217992,923.0481148,18.97832796,2.629658806,14.8,80.13752189999998,-4.168139890000001
204.4,829.563831,14.50928246,-2.754869072,924.9680141,19.22345732,2.272928364,14.8,80.60418309999996,-4.714174860000002
204.5,830.9892941,14.2546874,-2.31156871,926.9106428,19.43291363,1.916197922,14.8,81.12134869999996,-5.178226230000002
204.60000000000002,832.3916132,14.04640287,-1.851292627,928.8724334,19.6066969,1.559467481,14.8,81.68082019999993,-5.56029403
204.70000000000002,833.7754194,13.88442887,-1.388187257,930.8498187,19.74480713,1.204228482,14.8,82.27439929999998,-5.860378260000001
204.8,835.1453438,13.76876541,-0.925081887,932.8392313,19.84724431,0.857938146,14.8,82.89388750000008,-6.0784789
204.9,836.5060172,13.69941249,-0.461976518,934.8371041,19.91400845,0.529545134,14.8,83.53108690000006,-6.2145959600000005
205.0,837.862071,13.67637011,0.001128852,936.8398695,19.94599441,0.227998108,14.8,84.17779849999995,-6.2696243
205.10000000000002,839.218136,13.69963826,0.464234222,938.8439605,19.94767652,-0.03775427,14.8,84.82582450000002,-6.248038260000001
205.20000000000002,840.5788434,13.76921696,0.927339592,940.8458096,19.92442398,-0.27001931,14.8,85.46696620000007,-6.155207020000001
205.3,841.9488241,13.88510618,1.390444961,942.8418495,19.88160599,-0.427571877,14.8,86.09302539999995,-5.996499810000001
205.4,843.3327093,14.04730595,1.851037773,944.8292289,19.82459175,-0.542688444,14.8,86.69651959999995,-5.7772858
205.5,844.73513,14.25581625,2.296555238,946.8079599,19.75199686,-0.605604483,14.8,87.27282989999999,-5.496180609999998
205.60000000000002,846.1607173,14.51063709,2.711922007,948.7787705,19.68945128,-0.623777212,14.8,87.81805319999997,-5.178814190000001
205.70000000000002,847.6141022,14.81026093,3.082062734,950.7423889,19.62206345,-0.606155292,14.8,88.32828669999999,-4.811802519999999
205.8,849.0999157,15.1471501,3.395382408,952.6995429,19.56106129,-0.550431415,14.8,88.79962719999999,-4.413911190000002
205.9,850.622789,15.51225939,3.626364671,954.6509608,19.50733966,-0.499322157,14.8,89.2281718,-3.995080269999999
206.0,852.187353,15.89654359,3.772887744,956.5973706,19.46089857,-0.428008266,14.8,89.61001759999995,-3.564354980000001
206.10000000000002,853.7970329,16.29304569,3.828958732,958.5395003,19.42173801,-0.35520293,14.8,89.94246740000001,-3.128692319999999
206.20000000000002,855.4504294,16.68645589,3.797090194,960.4780779,19.38985799,-0.282397595,14.8,90.22764850000006,-2.703402099999998
206.3,857.1449376,17.07399357,3.689844918,962.4138316,19.36525849,-0.20959226,14.8,90.46889399999993,-2.2912649199999997
206.4,858.8779522,17.44452534,3.518817915,964.3474894,19.34793953,-0.136786924,14.8,90.6695372,-1.903414190000003
206.5,860.6468682,17.7905135,3.309525544,966.2797793,19.33790111,-0.063981589,14.8,90.8329111,-1.5473876100000012
206.60000000000002,862.4490805,18.11045054,3.066602141,968.2114293,19.33514322,0.008823746,14.8,90.96234879999993,-1.2246926800000004
206.70000000000002,864.2819839,18.40433644,2.80860339,970.1431676,19.33966586,0.081337508,14.8,91.06118369999997,-0.9353294199999986
206.8,866.1429733,18.67217122,2.548092082,972.0757222,19.35146903,0.152101833,14.8,91.13274889999998,-0.6792978100000013
206.9,868.0294437,18.91395486,2.287580773,974.0098212,19.37055274,0.219367281,14.8,91.18037750000003,-0.45659788000000034
207.0,869.9387898,19.12968737,2.027069465,975.9461925,19.39674204,0.281384416,14.8,91.20740270000006,-0.26705467000000027
207.10000000000002,871.8684067,19.31936875,1.766558156,977.8855643,19.42916221,0.3364038,14.8,91.21715760000002,-0.10979346000000234
207.20000000000002,873.8156892,19.482999,1.506046848,979.8286646,19.46676358,0.384065971,14.8,91.21297540000008,0.016235420000001
207.3,875.7780321,19.62057812,1.245535539,981.7762215,19.50849651,0.418877757,14.8,91.1981894,0.11208161000000061
207.4,877.7528303,19.73210611,0.986598191,983.728823,19.55331131,0.444313645,14.8,91.17599270000001,0.1787947999999986
207.5,879.7374789,19.81758297,0.737104609,985.6864974,19.60099232,0.459679103,14.8,91.14901849999997,0.21659065000000055
207.60000000000002,881.7293725,19.87700869,0.506498559,987.6491331,19.64806869,0.466297372,14.8,91.11976060000002,0.22894000000000148
207.70000000000002,883.7259062,19.91132767,0.304223805,989.6166184,19.69575039,0.465917888,14.8,91.09071219999994,0.21557727999999798
207.8,885.7244747,19.92526177,0.139724113,991.5888416,19.74257105,0.458900114,14.8,91.06436690000005,0.18269072000000008
207.9,887.7224731,19.92447726,0.02244325,993.565691,19.78827493,0.451028795,14.8,91.04321790000002,0.1362023299999997
208.0,889.7172961,19.91464039,-0.03974898,995.5470549,19.83286204,0.440287308,14.8,91.02975880000004,0.08177835000000044
208.10000000000002,891.7070942,19.90141744,-0.045278617,997.5328218,19.87633239,0.429119625,14.8,91.02572759999994,0.02508504999999772
208.20000000000002,893.6930398,19.89047464,0.004280379,999.5228798,19.91868597,0.417951941,14.8,91.0298400000001,-0.02821132999999776
208.3,895.6770607,19.88747828,0.101058203,1001.517117,19.95992278,0.406784258,14.8,91.04005630000002,-0.07244449999999958
208.4,897.6610848,19.8980946,0.235611089,1003.515423,20.00004282,0.395616574,14.8,91.05433820000003,-0.10194822000000059
208.5,899.6470401,19.92704548,0.398495272,1005.517684,20.03904609,0.384448891,14.8,91.07064390000001,-0.11200060999999906
208.60000000000002,901.6368544,19.97527531,0.580266987,1007.52379,20.0769326,0.373281207,14.8,91.08693560000002,-0.10165728999999857
208.70000000000002,903.6324557,20.04278409,0.771482467,1009.533629,20.11370234,0.362074164,14.8,91.10117329999999,-0.0709182499999983
208.8,905.6357718,20.12957181,0.964271908,1011.547089,20.1493553,0.350630963,14.8,91.11131719999999,-0.01978348999999824
208.9,907.6487306,20.23563847,1.157061349,1013.564059,20.1838915,0.338715446,14.8,91.11532840000002,0.05174696999999995
209.0,909.67326,20.36098408,1.34985079,1015.584426,20.21728732,0.326091454,14.8,91.11116599999998,0.14369676000000098
209.10000000000002,911.7112879,20.50560863,1.542640231,1017.608079,20.24942467,0.312522831,14.8,91.09679109999998,0.2561839600000013
209.20000000000002,913.7647423,20.66951212,1.735429672,1019.634907,20.28016187,0.297773418,14.8,91.07016470000003,0.3893502499999997
209.3,915.8355509,20.85269456,1.928219114,1021.664798,20.30935721,0.281646417,14.8,91.02924709999998,0.543337349999998
209.4,917.9256417,21.05515595,2.119275451,1023.69762,20.336869,0.264102467,14.8,90.9719783,0.7182869499999995
209.5,920.0369426,21.27689627,2.299933167,1025.733169,20.36255555,0.24518093,14.8,90.89622640000012,0.914340720000002
209.60000000000002,922.1713815,21.51791555,2.459793639,1027.771219,20.38627517,0.225078602,14.8,90.79983749999992,1.1316403800000003
209.70000000000002,924.3308862,21.7771739,2.588458245,1029.811544,20.40788615,0.204031642,14.8,90.6806577999999,1.3692877500000016
209.8,926.5173848,22.04947202,2.675528365,1031.853921,20.42727042,0.182276209,14.8,90.53653619999996,1.6222016000000004
209.9,928.732805,22.32857075,2.710605375,1033.898124,20.44440437,0.160048459,14.8,90.36531900000007,1.88416638
210.0,930.9790747,22.60823089,2.685023758,1035.943927,20.45928799,0.137584552,14.8,90.16485230000008,2.1489429000000015
210.10000000000002,933.25729,22.88221329,2.597050411,1037.991106,20.47192128,0.115081284,14.8,89.93381599999994,2.410292009999999
210.20000000000002,935.5652193,23.14427877,2.448418436,1040.039437,20.48230425,0.092578017,14.8,89.67421769999994,2.661974520000001
210.3,937.8997992,23.38818815,2.247793352,1042.088692,20.49043688,0.07007475,14.8,89.38889280000008,2.8977512700000005
210.4,940.2579662,23.60770227,2.005573781,1044.138649,20.4963192,0.047571483,14.8,89.08068279999993,3.1113830700000022
210.5,942.6366569,23.79762181,1.732158344,1046.189081,20.49995118,0.025068215,14.8,88.75242409999994,3.297670629999999
210.60000000000002,945.0328078,23.95690691,1.437945664,1048.239764,20.50133284,0.002564948,14.8,88.40695619999993,3.455574070000001
210.70000000000002,947.4433555,24.08555756,1.133334362,1050.290473,20.50046417,-0.019938319,14.8,88.04711749999997,3.585093390000001
210.8,949.8652365,24.18357378,0.826989957,1052.340982,20.49734517,-0.042366386,14.8,87.6757454999999,3.6862286100000006
210.9,952.2953875,24.25095555,0.520645551,1054.391067,20.49197585,-0.064343251,14.8,87.29567950000008,3.758979700000001
211.0,954.7307449,24.28770289,0.214301146,1056.440503,20.4843562,-0.085417713,14.8,86.90975810000005,3.803346689999998
211.10000000000002,957.1682453,24.29381578,-0.09204326,1058.489064,20.47453135,-0.105138569,14.8,86.52081870000013,3.8192844299999997
211.20000000000002,959.6048252,24.26929424,-0.398387666,1060.536525,20.46272689,-0.123054617,14.8,86.13169979999994,3.8065673500000017
211.3,962.0374213,24.21413825,-0.704732071,1062.582662,20.44921354,-0.138714657,14.8,85.74524070000002,3.7649247100000025
211.4,964.4629701,24.12834782,-1.011076477,1064.627249,20.43426203,-0.151742686,14.8,85.36427889999989,3.694085789999999
211.5,966.8784081,24.01192295,-1.315739821,1066.670098,20.41814308,-0.162063504,14.8,84.99168990000005,3.5937798699999988
211.60000000000002,969.2806719,23.86486365,-1.610316797,1068.711164,20.40112741,-0.169752312,14.8,84.63049210000004,3.4637362399999994
211.70000000000002,971.6666981,23.6871699,-1.884721039,1070.750438,20.38348574,-0.175185111,14.8,84.28373990000007,3.3036841599999995
211.8,974.0334231,23.47985034,-2.128866176,1072.787912,20.36548879,-0.178813102,14.8,83.95448889999996,3.114361549999998
211.9,976.3777836,23.24794817,-2.332665843,1074.823578,20.34736216,-0.181087488,14.8,83.64579439999996,2.9005860100000014
212.0,978.6967161,22.9975152,-2.486033672,1076.857427,20.32915097,-0.18245947,14.8,83.36071089999992,2.668364229999998
212.10000000000002,980.9871572,22.73460325,-2.580564355,1078.889451,20.31085522,-0.18338025,14.8,83.10229380000006,2.4237480299999987
212.20000000000002,983.2468504,22.46526414,-2.614576832,1080.91964,20.29247492,-0.184225831,14.8,82.8727896000001,2.1727892199999985
212.3,985.4767666,22.19554969,-2.589752164,1082.947988,20.27401005,-0.185071411,14.8,82.67122139999988,1.9215396399999989
212.4,987.6786841,21.93151173,-2.514495657,1084.974485,20.25546063,-0.185916991,14.8,82.4958008999999,1.6760510999999987
212.5,989.8543807,21.67920207,-2.39889368,1086.999122,20.23682666,-0.186762571,14.8,82.34474129999997,1.4423754100000004
212.60000000000002,992.0056344,21.4436639,-2.253032599,1089.021892,20.21810812,-0.187608151,14.8,82.21625760000002,1.2255557800000005
212.70000000000002,994.1342234,21.22590585,-2.086998783,1091.042786,20.19930503,-0.188289313,14.8,82.10856259999998,1.0266008199999987
212.8,996.2419255,21.02592793,-1.910878599,1093.061796,20.18041737,-0.189017451,14.8,82.01987049999998,0.845510560000001
212.9,998.3305189,20.84373013,-1.733077353,1095.078912,20.16144516,-0.18953562,14.8,81.94839309999993,0.6822849700000013
213.0,1000.401781,20.67931246,-1.555276108,1097.094127,20.14248705,-0.188934183,14.8,81.89234600000005,0.5368254099999987
213.10000000000002,1002.457491,20.53267491,-1.377474863,1099.107432,20.12341619,-0.186961886,14.8,81.84994100000002,0.4092587200000004
213.20000000000002,1004.499426,20.40381749,-1.199673618,1101.118819,20.10438675,-0.183161777,14.8,81.81939300000006,0.2994307400000018
213.3,1006.529365,20.29274019,-1.021872373,1103.128279,20.08594452,-0.177241321,14.8,81.79891400000004,0.2067956699999982
213.4,1008.549084,20.19944301,-0.844071127,1105.135803,20.06824024,-0.16853217,14.8,81.7867189999999,0.13120276999999803
213.5,1010.560363,20.12392596,-0.666990908,1107.14142,20.0515481,-0.156834318,14.8,81.78105699999988,0.07237785999999957
213.60000000000002,1012.56498,20.06618904,-0.494236844,1109.145305,20.03614225,-0.142676607,14.8,81.78032500000002,0.0300467900000001
213.70000000000002,1014.564711,20.02623224,-0.33013509,1111.147668,20.02229688,-0.126234131,14.8,81.78295700000008,0.003935359999999832
213.8,1016.561336,20.00362294,-0.179011803,1113.148719,20.01028616,-0.107963843,14.8,81.78738300000005,-0.006663220000000081
213.9,1018.556632,19.99619808,-0.045193136,1115.14867,20.00033855,-0.088322696,14.8,81.792038,-0.004140469999999397
214.0,1020.552378,20.00136196,0.07117795,1117.147732,19.99249976,-0.067767642,14.8,81.79535399999993,0.008862199999999376
214.10000000000002,1022.550351,20.01651888,0.153946738,1119.146116,19.98676979,-0.046755636,14.8,81.79576499999992,0.029749089999999256
214.20000000000002,1024.551983,20.03907316,0.21494179,1121.144032,19.98314864,-0.025667471,14.8,81.79204899999986,0.055924520000001365
214.3,1026.557322,20.06893901,0.250700937,1123.141691,19.9816363,-0.004579306,14.8,81.78436899999993,0.08730270999999945
214.4,1028.566069,20.09599099,0.264829307,1125.139305,19.98223278,0.016508859,14.8,81.77323599999995,0.1137582100000003
214.5,1030.577926,20.12516316,0.261653056,1127.137083,19.98493807,0.037597024,14.8,81.75915700000014,0.14022509000000127
214.60000000000002,1032.592594,20.15178252,0.241315143,1129.135238,19.98975218,0.058685189,14.8,81.74264400000011,0.16203034000000116
214.70000000000002,1034.609775,20.17541647,0.220691311,1131.13398,19.99667511,0.079773354,14.8,81.72420500000017,0.17874135999999652
214.8,1036.62917,20.19606499,0.191558128,1133.133519,20.00570685,0.100678739,14.8,81.70434900000005,0.19035814000000073
214.9,1038.650481,20.21372809,0.16170392,1135.134066,20.01684741,0.120487439,14.8,81.68358500000018,0.19688067999999959
215.0,1040.673409,20.22840577,0.131849711,1137.135834,20.03009679,0.138102769,14.8,81.66242499999994,0.19830897999999664
215.10000000000002,1042.697655,20.24009803,0.101995502,1139.139031,20.04534531,0.152428046,14.8,81.641376,0.19475272000000032
215.20000000000002,1044.722921,20.24880487,0.072141294,1141.14387,20.06204464,0.162366584,14.8,81.62094900000007,0.18676023000000086
215.3,1046.748909,20.25452629,0.042287085,1143.150561,20.07953677,0.166821699,14.8,81.60165200000002,0.17498952000000045
215.4,1048.775319,20.25726229,0.012432876,1145.159316,20.09716368,0.164879487,14.8,81.58399699999991,0.1600986099999986
215.5,1050.801854,20.25701287,-0.017301556,1147.170256,20.11426736,0.156357167,14.8,81.56840200000006,0.14274551000000102
215.60000000000002,1052.828214,20.25377802,-0.046317329,1149.183154,20.13018981,0.141437521,14.8,81.55494000000017,0.12358820999999764
215.70000000000002,1054.854102,20.24755776,-0.073895784,1151.197696,20.14427301,0.121034451,14.8,81.54359399999994,0.10328475000000026
215.8,1056.879219,20.23842394,-0.099318262,1153.213565,20.15585894,0.096244643,14.8,81.5343460000001,0.08256499999999889
215.9,1058.903265,20.22673589,-0.121866103,1155.230445,20.16439928,0.068164781,14.8,81.52718,0.062336609999999126
216.0,1060.925943,20.21292482,-0.141409579,1157.248022,20.16978435,0.037891549,14.8,81.52207900000003,0.043140470000000875
216.10000000000002,1062.946955,20.19742191,-0.155588997,1159.26598,20.17201415,0.006521633,14.8,81.51902500000001,0.025407760000000223
216.20000000000002,1064.966058,20.18065836,-0.16603343,1161.284003,20.17108868,-0.025031063,14.8,81.51794500000001,0.00956967999999847
216.3,1066.983243,20.16271201,-0.172291666,1163.301775,20.16700794,-0.05658376,14.8,81.51853200000001,-0.004295930000001391
216.4,1068.998554,20.14507054,-0.174956606,1165.318982,20.15977192,-0.088136457,14.8,81.520428,-0.014701380000001762
216.5,1071.01204,20.12711584,-0.17474691,1167.335307,20.14938064,-0.119689153,14.8,81.52326699999999,-0.022264800000002083
216.60000000000002,1073.023745,20.10954982,-0.171792306,1169.350436,20.13583409,-0.15124185,14.8,81.52669099999999,-0.02628426999999789
216.70000000000002,1075.033718,20.09244795,-0.168572264,1171.364052,20.11913227,-0.182794547,14.8,81.530334,-0.026684320000001094
216.8,1077.042003,20.07581022,-0.164056593,1173.37584,20.09927518,-0.214347243,14.8,81.5338369999999,-0.023464959999998314
216.9,1079.048648,20.05963663,-0.159415166,1175.385484,20.07626283,-0.245376549,14.8,81.53683599999995,-0.016626200000001035
217.0,1081.053698,20.04392718,-0.154773739,1177.39267,20.0500952,-0.270619535,14.8,81.53897200000002,-0.006168020000000496
217.10000000000002,1083.057201,20.02868188,-0.150132311,1179.397081,20.0207723,-0.29487377,14.8,81.53988,0.00790957999999975
217.20000000000002,1085.059202,20.01390072,-0.145490884,1181.398402,19.98860816,-0.307060992,14.8,81.53920000000012,0.025292560000000464
217.3,1087.059749,19.9995837,-0.140849457,1183.396317,19.95676055,-0.306686824,14.8,81.53656799999995,0.042823150000000254
217.4,1089.058887,19.98573083,-0.136208029,1185.390512,19.92235092,-0.290610919,14.8,81.53162500000003,0.06337991000000187
217.5,1091.056663,19.9723421,-0.131216297,1187.38067,19.89202623,-0.256216321,14.8,81.52400699999994,0.08031586999999973
217.60000000000002,1093.053123,19.95941751,-0.124122738,1189.366726,19.8660831,-0.205625611,14.8,81.51360300000006,0.09333441000000064
217.70000000000002,1095.048314,19.94695706,-0.112825523,1191.349623,19.84640575,-0.131424265,14.8,81.50130900000018,0.10055131000000017
217.8,1097.042283,19.93517094,-0.095222825,1193.330551,19.83487837,-0.044167153,14.8,81.48826800000002,0.10029257000000058
217.9,1099.035075,19.92511006,-0.069212816,1195.310702,19.83338519,0.055651347,14.8,81.47562699999999,0.09172487000000018
218.0,1101.026736,19.91803552,-0.032693669,1197.291269,19.84349636,0.16489089,14.8,81.46453300000003,0.07453916000000049
218.10000000000002,1103.017315,19.9152084,0.016086139,1199.273442,19.86552594,0.280411128,14.8,81.45612699999988,0.04968245999999965
218.20000000000002,1105.007024,19.91788982,0.077476913,1201.258414,19.89947391,0.399071713,14.8,81.4513899999999,0.018415909999998092
218.3,1106.996751,19.92734086,0.151128348,1203.247378,19.94534028,0.518255689,14.8,81.45062700000013,-0.017999419999998878
218.4,1108.987552,19.94482263,0.235288921,1205.241523,20.00312505,0.637439665,14.8,81.45397099999987,-0.05830242000000041
218.5,1110.980481,19.97159621,0.327856806,1207.242043,20.07282821,0.756623641,14.8,81.46156199999992,-0.10123199999999954
218.60000000000002,1112.976595,20.00871252,0.426730173,1209.25013,20.15444978,0.875807617,14.8,81.47353499999981,-0.14573726000000065
218.70000000000002,1114.976947,20.05638176,0.529807195,1211.266974,20.24798974,0.994991593,14.8,81.49002699999978,-0.19160798000000057
218.8,1116.982594,20.1146039,0.634986045,1213.293769,20.3534481,1.114175569,14.8,81.51117500000005,-0.23884420000000262
218.9,1118.994592,20.18337896,0.7405152,1215.331705,20.47082485,1.232604534,14.8,81.53711300000005,-0.28744589000000076
219.0,1121.013994,20.26270694,0.846044355,1217.381974,20.60012,1.346503428,14.8,81.56797999999999,-0.3374130599999994
219.10000000000002,1123.041856,20.35258784,0.951573509,1219.445769,20.74133356,1.451342183,14.8,81.60391299999988,-0.3887457199999993
219.20000000000002,1125.079235,20.45302164,1.057102664,1221.524282,20.8940125,1.542590729,14.8,81.64504700000016,-0.44099085999999943
219.3,1127.127184,20.56400837,1.162631819,1223.618703,21.05589179,1.615718995,14.8,81.69151900000016,-0.4918834200000006
219.4,1129.18676,20.68554801,1.268160973,1225.730226,21.22425341,1.666196913,14.8,81.74346599999986,-0.5387053999999978
219.5,1131.259018,20.81764056,1.373690128,1227.860041,21.39637929,1.690249423,14.8,81.80102299999994,-0.5787387299999978
219.60000000000002,1133.345012,20.96028603,1.478299388,1230.008979,21.5695514,1.687121515,14.8,81.86396699999996,-0.6092653700000028
219.70000000000002,1135.445798,21.11348442,1.57738928,1232.176418,21.7410517,1.657568199,14.8,81.93062000000005,-0.627567280000001
219.8,1137.562432,21.27723572,1.665440435,1234.361377,21.90816215,1.605364534,14.8,81.998945,-0.6309264299999988
219.9,1139.695969,21.450988,1.736933486,1236.562873,22.0681647,1.53504059,14.8,82.06690399999998,-0.6171767000000017
220.0,1141.847464,21.63198158,1.786349064,1238.779923,22.21879432,1.451126437,14.8,82.13245900000011,-0.5868127399999992
220.10000000000002,1144.017972,21.81690482,1.808167801,1241.011545,22.35959801,1.358152144,14.8,82.19357299999997,-0.5426931899999978
220.20000000000002,1146.208549,22.00244613,1.797790224,1243.256756,22.49057576,1.260647781,14.8,82.24820700000005,-0.48812962999999954
220.3,1148.419808,22.18529386,1.754296438,1245.514573,22.61172757,1.162388407,14.8,82.29476499999983,-0.42643370999999775
220.4,1150.650597,22.3621364,1.678606338,1247.784014,22.72305344,1.064129033,14.8,82.33341700000001,-0.36091704000000036
220.5,1152.899322,22.52966214,1.575319396,1250.064096,22.82455337,0.965869658,14.8,82.36477400000008,-0.29489123000000106
220.60000000000002,1155.164389,22.68455944,1.449954982,1252.353838,22.91622737,0.867610284,14.8,82.38944899999997,-0.2316679300000004
220.70000000000002,1157.444204,22.82406863,1.308032463,1254.652255,22.99807543,0.769350909,14.8,82.40805100000007,-0.1740068000000008
220.8,1159.737173,22.94763776,1.155071208,1256.958366,23.07009755,0.671091535,14.8,82.42119300000009,-0.12245979000000062
220.9,1162.041702,23.05526685,0.996590584,1259.271187,23.13229374,0.573034915,14.8,82.42948500000007,-0.07702689000000262
221.0,1164.356196,23.14695588,0.837190067,1261.589737,23.18466398,0.476194823,14.8,82.43354100000006,-0.03770809999999969
221.10000000000002,1166.679063,23.22270486,0.677789549,1263.913033,23.22720829,0.381787784,14.8,82.43397,-0.004503429999999753
221.20000000000002,1169.008707,23.28251379,0.518389031,1266.240092,23.26004832,0.291030327,14.8,82.43138500000005,0.02246547000000021
221.3,1171.343536,23.32638267,0.358988513,1268.569931,23.28379232,0.205138979,14.8,82.42639499999991,0.04259035000000111
221.4,1173.681954,23.35431149,0.199587995,1270.901569,23.29917022,0.125330267,14.8,82.4196150000002,0.05514127000000002
221.5,1176.022368,23.36630027,0.040187477,1273.234022,23.30691193,0.052617963,14.8,82.41165400000018,0.059388340000001705
221.60000000000002,1178.363184,23.36234899,-0.118356552,1275.566404,23.30774737,-0.012795178,14.8,82.40321999999988,0.054601619999999684
221.70000000000002,1180.702808,23.34245766,-0.271761642,1277.898221,23.30240645,-0.07111191,14.8,82.39541299999992,0.04005121000000145
221.8,1183.039645,23.30662628,-0.414888856,1280.229074,23.2916191,-0.123346006,14.8,82.38942900000002,0.015007180000001341
221.9,1185.372103,23.25536874,-0.542599256,1282.558563,23.27611522,-0.170713994,14.8,82.38646000000013,-0.02074647999999968
222.0,1187.698586,23.19125451,-0.652347847,1284.88629,23.25650308,-0.2144324,14.8,82.38770399999994,-0.0652485700000014
222.10000000000002,1190.017502,23.11736695,-0.731213862,1287.211857,23.23290433,-0.255717752,14.8,82.39435500000009,-0.11553737999999925
222.20000000000002,1192.327255,23.03678943,-0.782696681,1289.534864,23.20531897,-0.295786577,14.8,82.40760900000005,-0.16852954000000153
222.3,1194.626663,22.95104895,-0.803345871,1291.854914,23.17374701,-0.335652647,14.8,82.428251,-0.22269805999999903
222.4,1196.916187,22.86789796,-0.794017923,1294.171607,23.13818844,-0.375518718,14.8,82.45541999999996,-0.2702904799999999
222.5,1199.196701,22.78575073,-0.758995285,1296.484545,23.09864327,-0.415384788,14.8,82.48784399999995,-0.31289254
222.60000000000002,1201.469077,22.70924698,-0.700822951,1298.793329,23.05511149,-0.455250858,14.8,82.52425200000012,-0.34586451000000196
222.70000000000002,1203.734187,22.6409562,-0.63242169,1301.09756,23.0075931,-0.495116929,14.8,82.56337299999991,-0.3666368999999996
222.8,1205.992905,22.58139226,-0.551148609,1303.396841,22.9560881,-0.534982999,14.8,82.60393599999993,-0.37469583999999756
222.9,1208.246102,22.53055518,-0.46473659,1305.690771,22.9005965,-0.574849069,14.8,82.64466899999998,-0.37004131999999856
223.0,1210.494652,22.48844494,-0.377468082,1307.978953,22.84111829,-0.614357249,14.8,82.68430099999996,-0.3526733499999999
223.10000000000002,1212.739428,22.45506156,-0.290199573,1310.260988,22.77765347,-0.651718091,14.8,82.72155999999991,-0.32259190999999987
223.20000000000002,1214.981301,22.43040503,-0.202931065,1312.536477,22.71020205,-0.684784254,14.8,82.75517600000008,-0.2797970200000002
223.3,1217.221145,22.41447535,-0.115662556,1314.805022,22.63897875,-0.7114084,14.8,82.78387700000003,-0.2245033999999997
223.4,1219.459833,22.40727252,-0.028394048,1317.066223,22.56505725,-0.729443191,14.8,82.80639000000015,-0.15778472999999948
223.5,1221.698237,22.40879654,0.058874461,1319.319683,22.48972595,-0.736741286,14.8,82.82144599999988,-0.08092940999999954
223.60000000000002,1223.937229,22.41904741,0.145588079,1321.565002,22.41427325,-0.731513236,14.8,82.82777300000016,0.004774160000000194
223.70000000000002,1226.177683,22.43802513,0.228972356,1323.801954,22.33998756,-0.713401153,14.8,82.82427100000014,0.09803756999999891
223.8,1228.42047,22.46572971,0.30569795,1326.030999,22.26815727,-0.682762925,14.8,82.81052900000005,0.19757244000000185
223.9,1230.666465,22.5018282,0.372435519,1328.252769,22.20007081,-0.641388002,14.8,82.78630399999993,0.3017573899999988
224.0,1232.916539,22.54465593,0.425855723,1330.467896,22.13701655,-0.591423723,14.8,82.75135700000006,0.40763938000000266
224.10000000000002,1235.171566,22.59221531,0.46262922,1332.677012,22.08006819,-0.535017427,14.8,82.70544600000012,0.5121471200000016
224.20000000000002,1237.432417,22.64250872,0.479981558,1334.880749,22.02944045,-0.474316453,14.8,82.64833199999994,0.6130682699999994
224.3,1239.699699,22.69353857,0.477357848,1337.07974,21.98513332,-0.41146814,14.8,82.5800409999999,0.708405250000002
224.4,1241.972954,22.74330724,0.455312979,1339.274616,21.94714682,-0.348261937,14.8,82.50166199999985,0.7961604199999996
224.5,1244.251455,22.78981713,0.416621404,1341.466009,21.91548093,-0.285055734,14.8,82.41455399999991,0.8743361999999983
224.60000000000002,1246.534477,22.83107064,0.364612462,1343.654551,21.89013567,-0.221849531,14.8,82.32007400000016,0.9409349700000007
224.70000000000002,1248.821296,22.8654031,0.302615496,1345.840876,21.87111103,-0.158643328,14.8,82.21957999999991,0.9942920700000002
224.8,1251.111185,22.89248156,0.233959847,1348.025613,21.85840701,-0.095437125,14.8,82.11442800000005,1.0340745499999997
224.9,1253.403419,22.91230604,0.161974857,1350.209397,21.8520236,-0.032230922,14.8,82.0059780000001,1.0602824400000017
225.0,1255.697273,22.92487654,0.089434977,1352.392858,21.85196082,0.030598723,14.8,81.89558499999994,1.072915720000001
225.10000000000002,1257.992022,22.93019304,0.016895096,1354.576629,21.85821866,0.091169021,14.8,81.78460700000001,1.0719743800000003
225.20000000000002,1260.286939,22.92825556,-0.055644784,1356.761341,21.87079712,0.147220625,14.8,81.67440199999983,1.0574584400000013
225.3,1262.5813,22.91906408,-0.128184664,1358.947628,21.88947026,0.196494187,14.8,81.56632799999984,1.0295938199999988
225.4,1264.874379,22.90261862,-0.200724545,1361.13612,21.91310842,0.236730362,14.8,81.4617409999998,0.989510199999998
225.5,1267.16545,22.87891917,-0.273264425,1363.327451,21.94035598,0.265669801,14.8,81.36200100000015,0.93856319
225.60000000000002,1269.453789,22.84796574,-0.345804306,1365.522251,21.96985733,0.281429716,14.8,81.26846200000018,0.8781084099999994
225.70000000000002,1271.738671,22.80975831,-0.418290334,1367.720973,22.00025688,0.283633548,14.8,81.1823019999999,0.809501430000001
225.8,1274.019368,22.7642969,-0.490453252,1369.923344,22.030199,0.272657856,14.8,81.10397600000006,0.7340979000000019
225.9,1276.295157,22.7115815,-0.561969949,1372.128913,22.05832809,0.250385428,14.8,81.033756,0.6532534100000014
226.0,1278.565311,22.65164442,-0.632517314,1374.337227,22.08328855,0.219075612,14.8,80.97191599999992,0.5683558700000013
226.10000000000002,1280.829106,22.58464722,-0.701772237,1376.547833,22.10395069,0.180987755,14.8,80.91872700000017,0.48069652999999946
226.20000000000002,1283.085816,22.51078377,-0.769411607,1378.760279,22.12008859,0.138381204,14.8,80.87446300000006,0.39069517999999803
226.3,1285.334716,22.43024792,-0.835166165,1380.974113,22.13170224,0.093515306,14.8,80.83939699999992,0.29854568000000015
226.4,1287.575105,22.34323356,-0.89898206,1383.188882,22.13879165,0.04827285,14.8,80.81377700000003,0.2044419099999999
226.5,1289.806388,22.24993454,-0.960913142,1385.404133,22.14135681,0.003030394,14.8,80.79774500000003,0.10857773000000037
226.60000000000002,1292.027995,22.15054472,-1.021228672,1387.619415,22.13939773,-0.042212062,14.8,80.79141999999997,0.0111469900000003
226.70000000000002,1294.239355,22.04525799,-1.08025176,1389.834275,22.1329144,-0.087454519,14.8,80.79492,-0.08765641000000102
226.8,1296.439898,21.93423588,-1.138305515,1392.04826,22.12190683,-0.132696975,14.8,80.80836199999995,-0.1876709500000011
226.9,1298.629054,21.81751072,-1.19571305,1394.260919,22.10637501,-0.177939431,14.8,80.83186500000006,-0.28886428999999936
227.0,1300.806252,21.6950825,-1.252797474,1396.471797,22.08631894,-0.222704981,14.8,80.86554499999984,-0.39123644000000013
227.10000000000002,1302.970922,21.56695123,-1.309828046,1398.680445,22.06173863,-0.264609096,14.8,80.909523,-0.4947873999999999
227.20000000000002,1305.122494,21.43311689,-1.366858618,1400.886407,22.03263407,-0.299059339,14.8,80.963913,-0.5995171799999994
227.3,1307.260397,21.2935795,-1.42388919,1403.089233,21.99929141,-0.328387278,14.8,81.02883599999991,-0.7057119100000016
227.4,1309.384061,21.14833905,-1.480919762,1405.288471,21.96314137,-0.344538475,14.8,81.1044100000001,-0.8148023199999983
227.5,1311.492916,20.99739555,-1.537950334,1407.483666,21.9269394,-0.346382495,14.8,81.19075000000016,-0.9295438499999982
227.60000000000002,1313.586392,20.84074899,-1.594980906,1409.674368,21.88928657,-0.331534808,14.8,81.28797600000003,-1.0485375799999979
227.70000000000002,1315.663918,20.67839937,-1.651314356,1411.860352,21.85501554,-0.29951851,14.8,81.39643399999996,-1.176616169999999
227.8,1317.724923,20.51034669,-1.703465069,1414.042311,21.82480457,-0.252541506,14.8,81.51738799999994,-1.3144578800000026
227.9,1319.768838,20.33659096,-1.744637583,1416.221165,21.80037053,-0.187795324,14.8,81.65232699999997,-1.4637795699999998
228.0,1321.795093,20.15755044,-1.778487342,1418.397837,21.78343026,-0.113334402,14.8,81.80274400000003,-1.625879819999998
228.10000000000002,1323.803116,19.97531651,-1.792993428,1420.573246,21.7754145,-0.030289173,14.8,81.97012999999988,-1.8000979900000011
228.20000000000002,1325.792338,19.79396644,-1.786585834,1422.748314,21.77660938,0.058478927,14.8,82.15597599999997,-1.9826429400000016
228.3,1327.762189,19.61130696,-1.755778945,1424.923962,21.7870149,0.150108461,14.8,82.36177300000004,-2.175707939999999
228.4,1329.712432,19.43455064,-1.699875638,1427.101112,21.80663107,0.242214902,14.8,82.58868000000002,-2.3720804300000005
228.5,1331.644171,19.26463946,-1.622185763,1429.280683,21.83545788,0.334321343,14.8,82.83651200000004,-2.5708184199999984
228.60000000000002,1333.558842,19.10408307,-1.518356754,1431.463598,21.87349534,0.426427783,14.8,83.10475600000014,-2.76941227
228.70000000000002,1335.457884,18.95539113,-1.400409526,1433.650777,21.92074344,0.518534224,14.8,83.39289300000014,-2.96535231
228.8,1337.342733,18.82065498,-1.26991409,1435.843141,21.97720218,0.610640665,14.8,83.70040800000011,-3.1565471999999986
228.9,1339.214828,18.70029291,-1.131053181,1438.041612,22.04287157,0.702747105,14.8,84.02678400000009,-3.3425786599999974
229.0,1341.075605,18.59430492,-0.988009535,1440.24711,22.11775161,0.794853546,14.8,84.37150500000003,-3.52344669
229.10000000000002,1342.926502,18.502691,-0.844268767,1442.460557,22.20184228,0.885426742,14.8,84.73405500000008,-3.6991512800000024
229.20000000000002,1344.768956,18.42545117,-0.700527999,1444.682874,22.2951436,0.959112515,14.8,85.1139180000002,-3.8696924300000006
229.3,1346.604405,18.3625854,-0.556787231,1446.914981,22.39765557,1.029775263,14.8,85.51057599999986,-4.035070170000001
229.4,1348.434286,18.31409372,-0.413046464,1449.157799,22.50845823,1.065151652,14.8,85.92351300000014,-4.19436451
229.5,1350.260037,18.27997611,-0.269305696,1451.412251,22.61833908,1.063730171,14.8,86.35221399999996,-4.338362969999999
229.60000000000002,1352.083094,18.26023258,-0.125564928,1453.679256,22.73561676,1.01631135,14.8,86.79616199999982,-4.475384179999999
229.70000000000002,1353.904896,18.25486313,0.01771122,1455.959737,22.84093327,0.915228968,14.8,87.2548409999999,-4.58607014
229.8,1355.72688,18.26386775,0.158199644,1458.253877,22.9333817,0.766637734,14.8,87.72699700000017,-4.6695139500000025
229.9,1357.550483,18.28724645,0.293112623,1460.558919,23.00744238,0.549007028,14.8,88.20843600000008,-4.720195929999999
230.0,1359.377142,18.32472045,0.419662432,1462.871367,23.05759561,0.293066938,14.8,88.69422499999992,-4.732875159999999
230.10000000000002,1361.208296,18.3748959,0.535061349,1465.187727,23.07832172,0.000328977,14.8,89.17943099999998,-4.703425820000003
230.20000000000002,1363.04538,18.43610015,0.636521651,1467.504505,23.06502098,-0.320007387,14.8,89.65912500000009,-4.628920829999998
230.3,1364.889834,18.50666059,0.721720235,1469.818205,23.01677344,-0.658742686,14.8,90.12837099999997,-4.510112850000002
230.4,1366.742871,18.58490456,0.790192481,1472.125333,22.93357909,-1.006677454,14.8,90.58246200000004,-4.34867453
230.5,1368.604813,18.66915944,0.842403009,1474.422394,22.81543795,-1.356145466,14.8,91.01758100000002,-4.146278509999998
230.60000000000002,1370.47576,18.75775259,0.880674922,1476.705894,22.66235,-1.705613478,14.8,91.43013399999991,-3.904597410000001
230.70000000000002,1372.355811,18.84901139,0.907795943,1478.972337,22.47431525,-2.05508149,14.8,91.81652600000002,-3.625303859999999
230.8,1374.245066,18.94154196,0.926553795,1481.21823,22.2513337,-2.404549502,14.8,92.173164,-3.3097917400000014
230.9,1376.143623,19.03506554,0.939736201,1483.440078,21.99340535,-2.754017514,14.8,92.49645500000015,-2.9583398099999982
231.0,1378.051582,19.12958212,0.950130883,1485.634385,21.7005302,-3.103485526,14.8,92.78280300000002,-2.570948080000001
231.10000000000002,1379.969043,19.22509172,0.960060946,1487.797657,21.37270824,-3.449292832,14.8,93.02861400000002,-2.1476165199999997
231.20000000000002,1381.896104,19.32159431,0.969991008,1489.9264,21.00993949,-3.773135909,14.8,93.23029600000014,-1.6883451800000024
231.3,1383.832865,19.41908992,0.97992107,1492.017118,20.61222393,-4.040979698,14.8,93.3842529999999,-1.1931340099999979
231.4,1385.779426,19.51757853,0.989851132,1494.066318,20.181758,-4.267072447,14.8,93.48689199999986,-0.664179469999997
231.5,1387.735885,19.61706014,0.999781194,1496.070504,19.7295238,-4.393237447,14.8,93.53461899999998,-0.11246365999999952
231.60000000000002,1389.702341,19.71753477,1.009711256,1498.026182,19.27594238,-4.409581295,14.8,93.52384100000013,0.4415923900000003
231.70000000000002,1391.678895,19.81900239,1.019641319,1499.929857,18.81246478,-4.297800463,14.8,93.45096200000008,1.0065376100000023
231.8,1393.665645,19.92146303,1.029608021,1501.779791,18.37399702,-4.054234248,14.8,93.3141459999999,1.5474660100000008
231.9,1395.662691,20.02491667,1.039794561,1503.581276,17.96647516,-3.69461418,14.8,93.1185849999999,2.058441509999998
232.0,1397.670132,20.12936332,1.05042078,1505.34136,17.60307772,-3.201031307,14.8,92.87122799999993,2.526285599999998
232.10000000000002,1399.688067,20.23482496,1.061706515,1507.06709,17.29698326,-2.631662338,14.8,92.57902299999996,2.9378417
232.20000000000002,1401.716596,20.3414115,1.073871605,1508.765516,17.05917387,-1.996400677,14.8,92.24891999999996,3.282237630000001
232.3,1403.755818,20.44925486,1.08713589,1510.443684,16.89184599,-1.317210554,14.8,91.88786599999999,3.5574088699999997
232.4,1405.805832,20.55848694,1.101682568,1512.108644,16.79499962,-0.616056201,14.8,91.5028119999999,3.763487320000003
232.5,1407.866755,20.66923963,1.117548278,1513.767443,16.76863475,0.088758858,14.8,91.10068799999995,3.9006048799999995
232.60000000000002,1409.938774,20.78164485,1.134696382,1515.42713,16.81275139,0.793573916,14.8,90.68835600000007,3.9688934600000003
232.70000000000002,1412.022095,20.8958345,1.15294368,1517.094753,16.92734954,1.498388975,14.8,90.27265800000005,3.968484959999998
232.8,1414.116922,21.01194047,1.172070334,1518.777359,17.11242919,2.203204033,14.8,89.860437,3.8995112799999987
232.9,1416.223459,21.13007269,1.191856504,1520.481998,17.36799034,2.908019091,14.8,89.45853899999993,3.76208235
233.0,1418.341912,21.25025315,1.212082352,1522.215717,17.694033,3.61283415,14.8,89.07380499999995,3.556220149999998
233.10000000000002,1420.472486,21.37248183,1.232528038,1523.985564,18.09055717,4.313576997,14.8,88.71307800000018,3.2819246600000014
233.20000000000002,1422.615384,21.49675875,1.253010365,1525.798587,18.55756285,4.989886577,14.8,88.38320300000005,2.9391959000000014
233.3,1424.770813,21.62308391,1.273492691,1527.661836,19.09505002,5.617329621,14.8,88.09102299999991,2.5280338899999997
233.4,1426.938977,21.75145729,1.293975017,1529.582357,19.70057538,6.171472863,14.8,87.84337999999998,2.050881910000001
233.5,1429.120081,21.88187891,1.314457344,1531.567199,20.36192229,6.627883035,14.8,87.64711800000005,1.519956620000002
233.60000000000002,1431.314329,22.01434876,1.33493967,1533.62341,21.06443078,6.962126869,14.8,87.50908099999988,0.9499179800000022
233.70000000000002,1433.521926,22.14886684,1.355421996,1535.758038,21.79344089,7.153843308,14.8,87.43611200000005,0.35542595000000077
233.8,1435.743078,22.28543316,1.371921648,1537.976177,22.53429267,7.198960143,14.8,87.43309900000004,-0.24885950999999906
233.9,1437.977989,22.42404771,1.387852346,1540.275102,23.27232615,7.101549584,14.8,87.49711300000008,-0.8482784400000014
234.0,1440.226863,22.56471049,1.393874396,1542.650132,23.99288137,6.881972687,14.8,87.6232689999999,-1.4281708799999997
234.10000000000002,1442.489907,22.7050319,1.382845632,1545.096588,24.68129837,6.564662719,14.8,87.80668100000021,-1.9762664699999988
234.20000000000002,1444.767324,22.84706017,1.351377242,1547.609791,25.32536053,6.174052949,14.8,88.04246700000017,-2.478300360000002
234.3,1447.059319,22.98519148,1.294359319,1550.18506,25.9226245,5.734576644,14.8,88.32574100000006,-2.9374330200000003
234.4,1449.366097,23.11514054,1.210664631,1552.817715,26.4730903,5.270667072,14.8,88.65161799999983,-3.3579497600000003
234.5,1451.687455,23.23487405,1.09176955,1555.503077,26.97675792,4.802685288,14.8,89.01562200000008,-3.7418838700000023
234.60000000000002,1454.021552,23.34132608,0.942755518,1558.236465,27.43362736,4.334703504,14.8,89.41491300000003,-4.092301279999997
234.70000000000002,1456.366142,23.43143068,0.769913046,1561.013201,27.84369862,3.86672172,14.8,89.8470589999999,-4.412267940000003
234.8,1458.718976,23.5021219,0.576630948,1563.828604,28.2069717,3.398739936,14.8,90.30962799999993,-4.704849800000002
234.9,1461.077806,23.55084479,0.368019131,1566.677995,28.5234466,2.930758152,14.8,90.800189,-4.9726018100000005
235.0,1463.440384,23.57708837,0.1491875,1569.556693,28.79312333,2.462776368,14.8,91.316309,-5.216034960000002
235.10000000000002,1465.804463,23.58085262,-0.074754037,1572.460018,29.01600188,1.994794584,14.8,91.85555500000005,-5.435149259999999
235.20000000000002,1468.167795,23.56213756,-0.299547225,1575.383292,29.19208225,1.5268128,14.8,92.41549699999992,-5.6299446899999985
235.3,1470.52813,23.52094318,-0.524340414,1578.321834,29.32136444,1.058831017,14.8,92.99370400000016,-5.80042126
235.4,1472.883223,23.45726948,-0.749133602,1581.270964,29.40384845,0.590849233,14.8,93.58774100000001,-5.946578970000001
235.5,1475.230824,23.37111646,-0.97392679,1584.226003,29.43953428,0.122867449,14.8,94.19517900000001,-6.0684178200000005
235.60000000000002,1477.568686,23.26248412,-1.198719979,1587.18227,29.42842194,-0.345114335,14.8,94.81358399999995,-6.16593782
235.70000000000002,1479.89456,23.13137246,-1.423513167,1590.135086,29.37051142,-0.813096119,14.8,95.44052600000005,-6.239138959999998
235.8,1482.2062,22.97778149,-1.646447972,1593.079771,29.26580272,-1.281077903,14.8,96.07357099999986,-6.288021229999998
235.9,1484.501356,22.80171119,-1.858232478,1596.011646,29.11429584,-1.749059687,14.8,96.71028999999994,-6.312584650000002
236.0,1486.777782,22.60316158,-2.047716386,1598.92603,28.91599078,-2.217041471,14.8,97.3482480000002,-6.312829200000003
236.10000000000002,1489.033228,22.38324767,-2.203749397,1601.818243,28.67088754,-2.685023254,14.8,97.98501499999993,-6.28763987
236.20000000000002,1491.265448,22.14754463,-2.315181212,1604.683606,28.37898613,-3.153005038,14.8,98.61815799999995,-6.2314415000000025
236.3,1493.472193,21.90274263,-2.370861532,1607.517439,28.04028653,-3.620986822,14.8,99.24524599999991,-6.137543900000001
236.4,1495.651215,21.65553185,-2.361498441,1610.315063,27.65478876,-4.088968606,14.8,99.86384799999992,-5.99925691
236.5,1497.801159,21.41260246,-2.285233555,1613.071796,27.22249281,-4.55695039,14.8,100.47063699999985,-5.80989035
236.60000000000002,1499.924236,21.18064466,-2.143925259,1615.78296,26.74339869,-5.024932174,14.8,101.05872399999994,-5.562754030000001
236.70000000000002,1502.023551,20.96634861,-1.946865468,1618.443875,26.21750638,-5.492913958,14.8,101.62032399999994,-5.251157769999999
236.8,1504.102207,20.7764045,-1.70520448,1621.049861,25.64481589,-5.960895742,14.8,102.14765400000006,-4.868411389999999
236.9,1506.16331,20.61638747,-1.430092596,1623.596237,25.02532723,-6.337881067,14.8,102.63292700000007,-4.408939759999999
237.0,1508.209964,20.48741257,-1.132680113,1626.078325,24.35904039,-6.750615002,14.8,103.06836100000005,-3.8716278200000005
237.10000000000002,1510.245272,20.38947978,-0.824117332,1628.491445,23.64595537,-7.091851719,14.8,103.446173,-3.256475590000001
237.20000000000002,1512.272339,20.3225891,-0.513696167,1630.830915,22.94067004,-7.024093709,14.8,103.7585759999999,-2.6180809400000022
237.3,1514.294269,20.28674054,-0.203275003,1633.092058,22.17298715,-6.63134835,14.8,103.99778899999997,-1.8862466100000006
237.4,1516.314166,20.2819341,0.107146162,1635.270193,21.34290668,-6.186605014,14.8,104.15602700000018,-1.0609725799999978
237.5,1518.335134,20.30816977,0.417567327,1637.360639,20.810871,-5.78086016,14.8,104.22550500000007,-0.5027012299999996
237.60000000000002,1520.360279,20.36544757,0.727988492,1639.358718,20.38023138,-5.401666402,14.8,104.19843899999996,-0.014783810000000841
237.70000000000002,1522.392703,20.45376747,1.038409656,1641.25975,19.93399236,-4.676881837,14.8,104.06704699999996,0.5197751099999977
237.8,1524.435511,20.5731295,1.347359486,1643.059054,19.47215395,-4.618384114,14.8,103.82354300000016,1.1009755500000011
