t,x_follower,v_follower,a_follower,x_leader,v_leader,a_leader,leader_length,spacing,dv
146.3,33.64513643,12.04980884,0.272394128,106.3665709,14.63047824,0.4158944,14.3,58.421434469999994,-2.5806693999999997
146.4,34.84265406,12.07626095,0.276330602,107.8311919,14.67290524,0.438848672,14.3,58.688537839999995,-2.5966442900000004
146.5,36.04498973,12.10350037,0.333958607,109.3001277,14.71769265,0.463575254,14.3,58.95513797000001,-2.6141922799999993
146.6,37.25237964,12.13152708,0.37631375,110.7735715,14.76505315,0.49036953,14.3,59.221191860000005,-2.6335260700000003
146.70000000000002,38.46505997,12.16034108,0.434178272,112.2517454,14.81519942,0.519290578,14.3,59.48668543000001,-2.6548583400000005
146.8,39.68326691,12.21678814,0.494667109,113.7349846,14.86834413,0.550279319,14.3,59.75171769000001,-2.6515559900000003
146.9,40.90723665,12.27559709,0.557780262,115.2236527,14.92469996,0.583040371,14.3,60.016416050000004,-2.64910287
147.0,42.13720539,12.33676792,0.623517732,116.7181134,14.98447958,0.61721927,14.3,60.280908010000005,-2.6477116600000006
147.1,43.3734093,12.40030063,0.647136574,118.2187304,15.04786024,0.652461554,14.3,60.54532110000001,-2.64755961
147.20000000000002,44.61608457,12.46619523,0.670755417,119.7258672,15.11487737,0.688412762,14.3,60.80978263,-2.64868214
147.3,45.8654674,12.53445172,0.69437426,121.2398876,15.18553098,0.724718433,14.3,61.074420200000006,-2.6510792599999995
147.4,47.12179397,12.60507008,0.717993102,122.7611552,15.25982106,0.76108318,14.3,61.33936123000001,-2.6547509799999993
147.5,48.38530048,12.67805034,0.741611945,124.2900336,15.33774761,0.797447927,14.3,61.604733120000006,-2.659697269999999
147.6,49.6562231,12.75339247,0.765230787,125.8268865,15.41931064,0.833812674,14.3,61.8706634,-2.665918170000001
147.70000000000002,50.93479803,12.83109649,0.78884963,127.3720775,15.50451015,0.870177421,14.3,62.137279469999996,-2.6734136599999996
147.8,52.22126145,12.9111624,0.812468473,128.9259703,15.59334613,0.906542168,14.3,62.40470884999999,-2.68218373
147.9,53.51584957,12.99359019,0.836087315,130.4889285,15.68581858,0.942906916,14.3,62.67307892999999,-2.6922283899999986
148.0,54.81879855,13.07837986,0.859706158,132.0613157,15.78192751,0.979068044,14.3,62.94251715,-2.703547649999999
148.1,56.1303446,13.16553142,0.883325001,133.6434957,15.88167291,1.014007463,14.3,63.21315109999999,-2.71614149
148.20000000000002,57.45072389,13.25504486,0.906943843,135.2358321,15.98505479,1.046503459,14.3,63.48510821000001,-2.7300099299999996
148.3,58.78017263,13.34692019,0.930562686,136.8386885,16.09195098,1.075334325,14.3,63.75851586999998,-2.7450307899999995
148.4,60.11892699,13.4411574,0.954181528,138.4524285,16.20175061,1.099278347,14.3,64.03350151,-2.7605932100000015
148.5,61.46722316,13.53775649,0.977800371,140.0774158,16.31372066,1.117113817,14.3,64.31019264000001,-2.7759641700000017
148.6,62.82529734,13.63671747,1.001419214,141.7140141,16.42712811,1.127822641,14.3,64.58871676000003,-2.790410640000001
148.70000000000002,64.19338572,13.73804034,1.025038056,143.3624893,16.54123992,1.131201202,14.3,64.86910358,-2.8031995799999994
148.8,65.57172447,13.84172509,1.048656899,145.0227162,16.65532308,1.127453118,14.3,65.15099172999999,-2.813597989999998
148.9,66.96054979,13.94777172,1.072275742,146.6944723,16.76864456,1.11759648,14.3,65.43392251,-2.820872839999998
149.0,68.36009787,14.05618023,1.095894584,148.3775346,16.88047133,1.102853,14.3,65.71743672999999,-2.824291099999998
149.1,69.7706049,14.16695063,1.119513427,150.0716804,16.99019253,1.084444388,14.3,66.0010755,-2.823241900000001
149.20000000000002,71.19230706,14.28008292,1.14313227,151.776687,17.09768599,1.063592355,14.3,66.28437994000001,-2.8176030699999988
149.3,72.62544054,14.39557709,1.166751112,153.4923315,17.20295172,1.041518612,14.3,66.56689096000001,-2.8073746300000018
149.4,74.07024153,14.51343314,1.190369955,155.2183912,17.30598972,1.01924125,14.3,66.84814967000001,-2.7925565799999994
149.5,75.52694622,14.63365108,1.213988797,156.9546433,17.40679997,0.996963888,14.3,67.12769707999999,-2.7731488900000016
149.6,76.99579081,14.7562309,1.23760764,158.700865,17.50538249,0.974686526,14.3,67.40507419,-2.7491515899999985
149.70000000000002,78.47701146,14.88117261,1.261226483,160.4568336,17.60173728,0.952409164,14.3,67.67982214000001,-2.720564669999998
149.8,79.97084438,15.0084762,1.284655823,162.2223264,17.69586433,0.930131802,14.3,67.95148201999999,-2.6873881299999987
149.9,81.47752576,15.13814167,1.306948152,163.9971204,17.78776364,0.90785444,14.3,68.21959464,-2.649621970000002
150.0,82.99729178,15.27016903,1.326966458,165.7809929,17.87743521,0.885577078,14.3,68.48370112,-2.6072661800000017
150.1,84.53037862,15.40444457,1.343573729,167.5737213,17.96487905,0.86307675,14.3,68.74334268,-2.5604344799999996
150.20000000000002,86.07702249,15.54039979,1.355632953,169.3750826,18.05009516,0.839238631,14.3,68.99806011000001,-2.509695370000001
150.3,87.63745956,15.67735248,1.36200712,171.1848542,18.13308352,0.812724928,14.3,69.24739464,-2.45573104
150.4,89.21192603,15.81462044,1.361748718,173.0028132,18.21371038,0.782197848,14.3,69.49088717,-2.399089939999998
150.5,90.80056712,15.95152144,1.354668247,174.8287369,18.29130682,0.7463196,14.3,69.72816978,-2.3397853799999986
150.6,92.40316422,16.0873733,1.340955207,176.6624025,18.36507017,0.703752392,14.3,69.95923828000002,-2.2776968699999998
150.70000000000002,94.01940775,16.2214938,1.32155711,178.5035872,18.43419776,0.653381397,14.3,70.18417945,-2.212703959999999
150.8,95.64898813,16.35320074,1.297610966,180.3519612,18.49788692,0.594983649,14.3,70.40297307,-2.1446861800000008
150.9,97.29159578,16.48192561,1.270253787,182.2067667,18.55533496,0.528782115,14.3,70.61517092000001,-2.0734093499999986
151.0,98.94692113,16.6075547,1.240622584,184.0671388,18.60573921,0.455891621,14.3,70.82021767,-1.998184509999998
151.1,100.6146546,16.73008802,1.209854371,185.9322124,18.64829701,0.377649958,14.3,71.0175578,-1.9182089900000001
151.20000000000002,102.2944866,16.84952557,1.178896655,187.8011227,18.68233944,0.295394919,14.3,71.20663610000001,-1.832813869999999
151.3,103.9861076,16.96586735,1.147938939,189.6730049,18.70773274,0.210464296,14.3,71.3868973,-1.741865390000001
151.4,105.689208,17.07911336,1.116981223,191.5469938,18.72447689,0.124195881,14.3,71.5577858,-1.6453635299999974
151.5,107.4034782,17.1892636,1.086023508,193.4222248,18.73257191,0.0377045,14.3,71.71874660000002,-1.5433083100000005
151.6,109.1286086,17.29631806,1.055065792,195.2978328,18.73201779,-0.04878688,14.3,71.8692242,-1.4356997299999996
151.70000000000002,110.8642897,17.40027676,1.024108076,197.1729529,18.72281454,-0.135278261,14.3,72.00866320000002,-1.322537780000001
151.8,112.6102118,17.50113968,0.99315036,199.0467203,18.70496214,-0.221769641,14.3,72.1365085,-1.2038224599999978
151.9,114.3660655,17.59890683,0.962202083,200.9182699,18.67846061,-0.308261022,14.3,72.25220440000001,-1.0795537799999977
152.0,116.1315411,17.69357821,0.931310441,202.786737,18.64330994,-0.394752402,14.3,72.35519589999998,-0.9497317300000034
152.1,117.906329,17.78515382,0.900532066,204.6512565,18.59951013,-0.480918583,14.3,72.44492749999999,-0.8143563099999973
152.20000000000002,119.6901197,17.87363931,0.869923594,206.5109636,18.54706118,-0.565133566,14.3,72.5208439,-0.6734218699999985
152.3,121.4826036,17.95906302,0.839541658,208.3649933,18.48596309,-0.645446152,14.3,72.58238970000001,-0.5269000699999999
152.4,123.2834712,18.04145892,0.809442893,210.2124807,18.41641099,-0.719905144,14.3,72.6290095,-0.3749520699999991
152.5,125.0924127,18.12086099,0.779674494,212.052561,18.33938047,-0.786559344,14.3,72.6601483,-0.21851947999999766
152.6,126.9091233,18.1973032,0.750245899,213.8843692,18.25604224,-0.843841843,14.3,72.67524590000001,-0.058739039999998965
152.70000000000002,128.7333159,18.27081955,0.72114767,215.7070404,18.16756704,-0.890520988,14.3,72.6737245,0.10325250999999724
152.8,130.5647082,18.34144401,0.692332611,217.5198658,18.07512557,-0.922782807,14.3,72.65515759999998,0.26631843999999916
152.9,132.4030178,18.40921056,0.663744089,219.3227609,17.97965799,-0.945209851,14.3,72.61974310000001,0.42955256999999847
153.0,134.2479623,18.47414752,0.635325469,221.1157974,17.8820984,-0.957880904,14.3,72.56783509999998,0.5920491199999987
153.1,136.0992593,18.53626055,0.607020117,222.8990469,17.78571078,-0.962747165,14.3,72.4997876,0.7505497700000028
153.20000000000002,137.9566264,18.59554966,0.578771399,224.6725812,17.68891633,-0.961375543,14.3,72.4159548,0.9066333299999982
153.3,139.8197812,18.65201483,0.550532121,226.4364719,17.5928385,-0.95532289,14.3,72.3166907,1.0591763299999997
153.4,141.6884413,18.70565608,0.522292842,228.1907906,17.49747727,-0.950029175,14.3,72.20234930000002,1.2081788099999997
153.5,143.5623243,18.7564734,0.494053563,229.935609,17.40283266,-0.942863048,14.3,72.0732847,1.3536407399999995
153.60000000000002,145.4411479,18.80446679,0.465814285,231.6709988,17.30890466,-0.935696921,14.3,71.9298509,1.4955621299999997
153.70000000000002,147.3246297,18.84963626,0.437575006,233.3970317,17.21569328,-0.928530794,14.3,71.77240200000001,1.6339429800000005
153.8,149.2124872,18.89198179,0.409335727,235.1137792,17.1231985,-0.921364667,14.3,71.60129200000002,1.7687832899999982
153.9,151.104438,18.9315034,0.381096449,236.821313,17.03142034,-0.91419854,14.3,71.41687500000002,1.90008306
154.0,153.0001998,18.96820108,0.352982503,238.5197049,16.9403588,-0.907032413,14.3,71.2195051,2.0278422800000016
154.10000000000002,154.8994902,19.00207484,0.325620551,240.2090265,16.85001386,-0.899866286,14.3,71.0095363,2.152060979999998
154.20000000000002,156.8020267,19.03312466,0.299762587,241.8893494,16.76038554,-0.895031102,14.3,70.78732269999999,2.272739119999997
154.3,158.7075271,19.06142576,0.276160607,243.5607453,16.67147383,-0.889117095,14.3,70.55321820000002,2.3899519299999987
154.4,160.6157088,19.08735413,0.255566604,245.2232859,16.58327873,-0.888857149,14.3,70.30757710000002,2.5040754000000014
154.5,162.5262895,19.11136096,0.238040479,246.8770427,16.49436702,-0.896065172,14.3,70.05075320000002,2.6169939400000004
154.60000000000002,164.4389869,19.13389745,0.226285174,248.5220876,16.40717362,-0.912596967,14.3,69.78310069999999,2.726723830000001
154.70000000000002,166.3535786,19.1554148,0.218349741,250.1584921,16.31669957,-0.940783479,14.3,69.5049135,2.8387152299999983
154.8,168.2700831,19.17594895,0.214800943,251.7863279,16.22274644,-0.980566942,14.3,69.21624480000001,2.953202509999997
154.9,170.1885789,19.19719686,0.215012115,253.4054802,16.12391565,-1.038336501,14.3,68.91690129999999,3.0732812099999975
155.0,172.1091447,19.21836397,0.218231265,255.0150883,16.01880865,-1.10770301,14.3,68.6059436,3.199555319999998
155.10000000000002,174.0318589,19.24024152,0.224398491,256.614105,15.90602686,-1.188724236,14.3,68.2822461,3.3342146600000007
155.20000000000002,175.9568002,19.26290472,0.230685519,258.201483,15.78417172,-1.279069234,14.3,67.9446828,3.478733000000002
155.3,177.884047,19.28635356,0.238416635,259.7761753,15.65207777,-1.376407062,14.3,67.59212829999997,3.6342757899999985
155.4,179.8136781,19.31058804,0.246273083,261.3371345,15.5095119,-1.478406777,14.3,67.22345639999999,3.8010761399999993
155.5,181.7457718,19.33560818,0.254129531,262.8833136,15.35647411,-1.582737435,14.3,66.83754180000001,3.9791340700000006
155.60000000000002,183.6804069,19.36141395,0.261985979,264.4136653,15.19296441,-1.687456583,14.3,66.43325839999999,4.168449539999999
155.70000000000002,185.6176618,19.38800537,0.269842427,265.9271424,15.01898279,-1.792175732,14.3,66.00948059999997,4.3690225799999975
155.8,187.5576151,19.41538244,0.277698875,267.4226978,14.83452926,-1.89689488,14.3,65.56508269999999,4.580853179999998
155.9,189.5003454,19.44354515,0.285555323,268.8992843,14.63960382,-2.001614029,14.3,65.0989389,4.803941329999999
156.0,191.4459313,19.4724935,0.292301853,270.3558545,14.43420646,-2.106333177,14.3,64.60992320000001,5.038287039999998
156.10000000000002,193.3944513,19.5022275,0.298323256,271.7913615,14.21833718,-2.211052326,14.3,64.09691020000001,5.283890319999999
156.20000000000002,195.345984,19.53274714,0.302988323,273.2047579,13.99199599,-2.313764242,14.3,63.55877390000002,5.540751150000002
156.3,197.3006079,19.56338648,0.302435706,274.5949967,13.75518289,-2.393026013,14.3,62.99438880000004,5.808203589999998
156.4,199.2584017,19.59437639,0.29642856,275.9610305,13.50789787,-2.471014497,14.3,62.40262879999999,6.08647852
156.5,201.2194438,19.62533814,0.283603253,277.3018122,13.25134527,-2.501466047,14.3,61.78236839999998,6.37399287
156.60000000000002,203.1838128,19.65395492,0.263706072,278.6162946,12.99839085,-2.483744021,14.3,61.13248180000001,6.6555640700000005
156.70000000000002,205.1514783,19.68008464,0.234988593,279.9034306,12.73572848,-2.405805023,14.3,60.451952299999974,6.94435616
156.8,207.1219733,19.7029091,0.196945663,281.1621728,12.49111636,-2.257612892,14.3,59.7401995,7.21179274
156.9,209.0947218,19.72161013,0.153211361,282.3924377,12.26493647,-2.048567147,14.3,58.99771590000002,7.456673659999998
157.0,211.0691479,19.73536955,0.10402253,283.5979954,12.06441485,-1.746454766,14.3,58.228847500000015,7.670954700000001
157.10000000000002,213.0446756,19.74350554,0.050742802,284.7835794,11.89677754,-1.395532165,14.3,57.438903800000006,7.846728000000001
157.20000000000002,215.0207289,19.74588174,-0.00526419,285.9539236,11.76925056,-0.996435987,14.3,56.633194700000004,7.976631180000002
157.3,216.9967319,19.74249815,-0.062634815,287.1137614,11.68785562,-0.561209626,14.3,55.817029500000004,8.054642529999999
157.4,218.9721085,19.73335478,-0.120232711,288.2678265,11.65379706,-0.101896477,14.3,54.995718000000025,8.079557719999999
157.5,220.9462827,19.71845161,-0.177830607,289.4208526,11.66707488,0.369460066,14.3,54.17456989999998,8.05137673
157.60000000000002,222.9186787,19.69778866,-0.235428504,290.5775733,11.72768908,0.842823842,14.3,53.3588946,7.970099580000001
157.70000000000002,224.8887204,19.67136591,-0.2930264,291.7427222,11.83563965,1.316187618,14.3,52.554001799999995,7.8357262599999995
157.8,226.8558318,19.63918338,-0.350624296,292.921033,11.9909266,1.789551394,14.3,51.76520120000002,7.648256779999999
157.9,228.8194369,19.60124105,-0.408222193,294.1172393,12.19354993,2.26291517,14.3,50.9978024,7.407691119999999
158.0,230.7789599,19.55753894,-0.465820089,295.3360748,12.44350963,2.736278946,14.3,50.25711490000002,7.114029310000001
158.10000000000002,232.7338246,19.50807703,-0.523351258,296.5822731,12.74080572,3.209642722,14.3,49.54844850000002,6.76727131
158.20000000000002,234.6834552,19.45285534,-0.580482062,297.8605678,13.08543818,3.683006498,14.3,48.87711260000002,6.367417159999999
158.3,236.6272756,19.39187386,-0.636812138,299.1756925,13.47740702,4.15216705,14.3,48.24841690000004,5.914466840000001
158.4,238.5647098,19.32517262,-0.69194112,300.532381,13.91671223,4.59610826,14.3,47.66767119999999,5.40846039
158.5,240.495182,19.25295181,-0.745468645,301.9353668,14.40335383,4.989610785,14.3,47.1401848,4.849597979999999
158.60000000000002,242.418116,19.17545166,-0.796994348,303.3893836,14.93480986,5.307455282,14.3,46.67126759999998,4.240641800000001
158.70000000000002,244.332936,19.09291236,-0.846184591,304.899165,15.49847067,5.52442241,14.3,46.266228999999996,3.59444169
158.8,246.239098,19.00557415,-0.892972648,306.4694446,16.07920465,5.615292826,14.3,45.930346599999964,2.9263695
158.9,248.1361861,18.91367725,-0.937425246,308.1049561,16.66188019,5.55905041,14.3,45.66876999999998,2.2517970599999977
159.0,250.0238165,18.81746187,-0.979876022,309.8084157,17.23136568,5.35149194,14.3,45.484599200000005,1.5860961899999992
159.10000000000002,251.9016055,18.71716823,-1.02072534,311.5744691,17.77252952,4.99682064,14.3,45.3728636,0.9446387099999995
159.20000000000002,253.7691692,18.61299651,-1.060373565,313.3957447,18.27024011,4.516052627,14.3,45.32657550000003,0.34275639999999896
159.3,255.6261238,18.50498675,-1.099221061,315.2648709,18.70936584,3.934407244,14.3,45.33874710000002,-0.20437908999999976
159.4,257.4720855,18.39313895,-1.137668192,317.1744761,19.07729703,3.277103834,14.3,45.402390600000004,-0.6841580799999996
159.5,259.3066706,18.27745311,-1.176048596,319.1171886,19.37151176,2.569361739,14.3,45.510518000000005,-1.094058650000001
159.60000000000002,261.1294952,18.15792923,-1.214429001,321.0856367,19.59201003,1.836400302,14.3,45.656141500000004,-1.4340808000000003
159.70000000000002,262.9401755,18.03456731,-1.252809405,323.0724488,19.73879182,1.099235641,14.3,45.83227330000001,-1.7042245099999995
159.8,264.7383277,17.90736735,-1.291189809,325.0702533,19.81185715,0.36207098,14.3,46.03192559999998,-1.9044898000000003
159.9,266.523568,17.77632935,-1.329570213,327.0716785,19.81120602,-0.375093681,14.3,46.24811050000001,-2.034876669999999
160.0,268.2955125,17.64145331,-1.367950617,329.0693527,19.73683842,-1.112258342,14.3,46.473840200000055,-2.0953851100000023
160.10000000000002,270.0537776,17.50273923,-1.405670507,331.0559044,19.58875435,-1.849423003,14.3,46.70212679999999,-2.086015119999999
160.20000000000002,271.7979794,17.3601871,-1.436367884,333.0239618,19.36695382,-2.586587664,14.3,46.925982400000024,-2.006766719999998
160.3,273.5277341,17.21379694,-1.465257946,334.9661534,19.07143682,-3.319583307,14.3,47.138419300000024,-1.8576398799999971
160.4,275.2426578,17.06396505,-1.479199325,336.8751074,18.70220335,-4.027564841,14.3,47.332449599999975,-1.6382383000000011
160.5,276.9423668,16.91450862,-1.477288362,338.7434523,18.25925342,-4.685518157,14.3,47.5010855,-1.3447448000000009
160.60000000000002,278.6264773,16.76229854,-1.455561973,340.5638163,17.74508843,-5.268429147,14.3,47.63733900000001,-0.9827898899999994
160.70000000000002,280.2946055,16.61521963,-1.410717587,342.3288279,17.17221545,-5.751283702,14.3,47.734222400000036,-0.5569958200000009
160.8,281.9466846,16.47381409,-1.345154118,344.0311154,16.55564292,-6.109067712,14.3,47.78443079999995,-0.08182882999999919
160.9,283.583916,16.34045976,-1.250353795,345.6633071,15.91037933,-6.320936088,14.3,47.77939110000001,0.43008043000000207
161.0,285.2078182,16.21753449,-1.138797474,347.2200326,15.25143313,-6.38271981,14.3,47.71221440000001,0.9661013599999979
161.10000000000002,286.8199098,16.10741615,-1.011388811,348.7039258,14.59381279,-6.298587898,14.3,47.58401599999998,1.5136033599999994
161.20000000000002,288.4217091,16.01208626,-0.872090894,350.1196218,13.95252678,-6.089385441,14.3,47.39791270000002,2.0595594800000008
161.3,290.0147346,15.93194115,-0.724866805,351.4717558,13.34258356,-5.780126549,14.3,47.15702119999999,2.5893575900000005
161.4,291.6005049,15.8669808,-0.573679631,352.7649629,12.77649018,-5.395825331,14.3,46.86445800000003,3.0904906200000006
161.5,293.1805384,15.81720522,-0.421831944,354.0038782,12.25674807,-4.961495895,14.3,46.52333979999999,3.5604571499999995
161.60000000000002,294.7563536,15.78261441,-0.269984256,355.1931368,11.7833572,-4.50215235,14.3,46.13678319999998,3.9992572100000015
161.70000000000002,296.3294689,15.76320837,-0.118136568,356.337374,11.3563176,-4.038639787,14.3,45.70790510000002,4.406890769999999
161.8,297.9014029,15.7589871,0.03371112,357.4412247,10.97562924,-3.575127224,14.3,45.23982180000003,4.783357860000001
161.9,299.473674,15.76995059,0.185558808,358.5093242,10.64129215,-3.111614661,14.3,44.73565019999997,5.128658440000001
162.0,301.0478006,15.79609886,0.337406496,359.5463075,10.35330631,-2.648102098,14.3,44.1985069,5.44279255
162.10000000000002,302.6253013,15.83743189,0.489254183,360.5568098,10.11167173,-2.184589535,14.3,43.63150850000001,5.72576016
162.20000000000002,304.2076946,15.89394969,0.639491634,361.5454662,9.916388405,-1.721076972,14.3,43.0377716,5.977561285
162.3,305.7964989,15.96565227,0.780067659,362.5169119,9.767456336,-1.259555714,14.3,42.42041300000001,6.198195933999999
162.4,307.3932327,16.05253961,0.894970608,363.4757819,9.664875524,-0.809982281,14.3,41.78254920000002,6.387664086000001
162.5,308.9994144,16.15364557,0.99358973,364.4267114,9.608645967,-0.384304499,14.3,41.12729700000001,6.544999602999999
162.60000000000002,310.6165626,16.26413945,1.047212925,365.3743355,9.597572884,0.005529805,14.3,40.457772899999966,6.666566565999998
162.70000000000002,312.2461958,16.37441426,1.052528993,366.3232893,9.625682362,0.347572807,14.3,39.77709349999999,6.748731898000003
162.8,313.8898323,16.49010353,1.001486745,367.278208,9.685805706,0.637986915,14.3,39.088375699999986,6.804297823999999
162.9,315.5482178,16.59398002,0.892475945,368.2437266,9.77077422,0.842484903,14.3,38.39550880000003,6.8232058
163.0,317.2190062,16.684057,0.733457053,369.2235246,9.873419208,0.983406171,14.3,37.7045184,6.810637792
163.10000000000002,318.8990784,16.75453762,0.513430585,370.2174578,9.991438116,1.05463179,14.3,37.01837939999997,6.763099504000001
163.20000000000002,320.5853155,16.79962502,0.26110864,371.2244265,10.10306383,1.06611828,14.3,36.33911100000002,6.696561190000001
163.3,322.2745985,16.81448849,-0.020197582,372.2433307,10.21572607,1.029813467,14.3,35.66873219999998,6.598762419999998
163.4,323.9638082,16.79816188,-0.320826655,373.2730708,10.31858478,0.949554941,14.3,35.009262600000014,6.479577099999998
163.5,325.6498259,16.75064521,-0.631117153,374.3125469,10.41044519,0.861621235,14.3,34.36272099999998,6.3402000199999975
163.60000000000002,327.3295323,16.67193845,-0.943017889,375.360659,10.49130729,0.753629467,14.3,33.73112670000002,6.180631159999999
163.70000000000002,328.9998086,16.56204163,-1.254918625,376.4163075,10.56117108,0.643646396,14.3,33.116498900000025,6.00087055
163.8,330.6575357,16.42095473,-1.566819361,377.4783924,10.62003657,0.533663324,14.3,32.52085670000004,5.800918159999998
163.9,332.2995946,16.24867776,-1.878720097,378.5458139,10.66790375,0.423680253,14.3,31.946219300000006,5.580774009999999
164.0,333.9228663,16.04521071,-2.190620833,379.6174723,10.70477262,0.313697181,14.3,31.394605999999964,5.340438089999999
164.10000000000002,335.5242318,15.81055359,-2.502521569,380.6922676,10.73064318,0.203714109,14.3,30.868035799999983,5.07991041
164.20000000000002,337.100572,15.54470639,-2.814422305,381.7691001,10.74551544,0.093731038,14.3,30.368528100000002,4.79919095
164.3,338.6487681,15.24766913,-3.124314506,382.8468698,10.74938939,-0.016252034,14.3,29.898101699999994,4.498279740000001
164.4,340.1657009,14.91944179,-3.422155499,383.9244771,10.74226503,-0.125734794,14.3,29.4587762,4.17717676
164.5,341.6482515,14.56002437,-3.695894074,385.000822,10.72414237,-0.232215686,14.3,29.052570500000012,3.8358820000000016
164.60000000000002,343.0933008,14.170622,-3.933479023,386.0748047,10.6950214,-0.33269284,14.3,28.681503900000006,3.4756006
164.70000000000002,344.4977299,13.75726029,-4.122859138,387.1453254,10.65520231,-0.424164388,14.3,28.347595499999965,3.1020579799999997
164.8,345.8584197,13.32716995,-4.251983209,388.2112843,10.60618603,-0.504331146,14.3,28.052864599999975,2.72098392
164.9,347.1722513,12.88758171,-4.310808563,389.2715815,10.54977369,-0.568552827,14.3,27.799330199999996,2.337808019999999
165.0,348.4370696,12.4457263,-4.297326665,390.3251172,10.4877664,-0.615027022,14.3,27.58804760000005,1.9579599000000005
165.10000000000002,349.6545763,12.00883445,-4.21354605,391.3710317,10.42154368,-0.64395964,14.3,27.41645540000003,1.587290770000001
165.20000000000002,350.8274368,11.58413687,-4.069509392,392.4094259,10.3538897,-0.655381357,14.3,27.281989099999986,1.2302471700000002
165.3,351.9583168,11.17886429,-3.877267899,393.440641,10.28618609,-0.651793732,14.3,27.18232420000005,0.8926782000000006
165.4,353.0498818,10.79904232,-3.648872781,394.4650179,10.21981024,-0.635495947,14.3,27.11513610000004,0.5792320800000006
165.5,354.1047974,10.44587608,-3.396375245,395.4828977,10.15654487,-0.61112829,14.3,27.078100300000028,0.2893312100000003
165.60000000000002,355.1257292,10.11936556,-3.1318265,396.4946215,10.09669016,-0.580993481,14.3,27.06889229999997,0.02267540000000068
165.70000000000002,356.1153427,9.819510778,-2.86526922,397.5005304,10.04024611,-0.547387169,14.3,27.085187700000017,-0.22073533200000028
165.8,357.0763035,9.54631172,-2.598711941,398.5009654,9.987212727,-0.513280545,14.3,27.12466189999999,-0.440901006999999
165.9,358.0112772,9.29976839,-2.332154661,399.4962676,9.937590004,-0.479173921,14.3,27.184990400000014,-0.6378216139999999
166.0,358.9229293,9.079880788,-2.065597382,400.4867781,9.891377943,-0.445067297,14.3,27.26384879999996,-0.8114971549999996
166.10000000000002,359.8139255,8.886648914,-1.799040102,401.4728378,9.848576544,-0.410960673,14.3,27.358912299999997,-0.9619276299999999
166.20000000000002,360.6869312,8.720072768,-1.532482822,402.454788,9.809185808,-0.376854049,14.3,27.467856800000003,-1.0891130400000009
166.3,361.5446121,8.580152349,-1.26681866,403.4329697,9.773205734,-0.342747426,14.3,27.588357600000005,-1.193053384999999
166.4,362.3896338,8.466887659,-1.006513197,404.4077238,9.740636323,-0.308702964,14.3,27.71808999999997,-1.273748664000001
166.5,363.2246618,8.380278697,-0.756925134,405.3793916,9.711477574,-0.275031477,14.3,27.85472980000004,-1.3311988770000003
166.60000000000002,364.0523617,8.319789592,-0.523413171,406.348314,9.685729487,-0.24210594,14.3,27.99595230000001,-1.3659398950000003
166.70000000000002,364.875399,8.282740996,-0.311336009,407.3148322,9.663354766,-0.210299326,14.3,28.139433199999996,-1.38061377
166.8,365.6964394,8.265917687,-0.126052347,408.2792871,9.644166922,-0.179984612,14.3,28.2828477,-1.3782492350000002
166.9,366.5181484,8.266104447,0.027972232,409.2420199,9.62794217,-0.15153477,14.3,28.42387150000003,-1.3618377230000007
167.0,367.3427629,8.280086054,0.14984461,410.2033716,9.614456727,-0.125260614,14.3,28.5606087,-1.3343706730000005
167.10000000000002,368.1708049,8.304647289,0.240457904,411.1636535,9.603486807,-0.101224305,14.3,28.6928486,-1.2988395179999994
167.20000000000002,369.002368,8.336572931,0.304277699,412.1230574,9.594808625,-0.079363682,14.3,28.820689400000003,-1.2582356940000015
167.3,369.8375454,8.372647762,0.346662693,413.0817453,9.588198397,-0.059367932,14.3,28.94419990000001,-1.2155506349999996
167.4,370.6764305,8.41019243,0.372971587,414.0398794,9.583432338,-0.040864081,14.3,29.063448900000036,-1.1732399079999993
167.5,371.5191169,8.448671066,0.38856308,414.9976216,9.580323961,-0.023479154,14.3,29.17850470000003,-1.1316528950000002
167.60000000000002,372.3656978,8.488083669,0.398795874,415.955134,9.578835967,-0.006840176,14.3,29.289436199999965,-1.090752298
167.70000000000002,373.2162666,8.528430241,0.408135551,416.9125786,9.578968358,0.009425827,14.3,29.396312000000034,-1.0505381169999986
167.8,374.0709168,8.56971078,0.417475228,417.8701175,9.580721133,0.025629668,14.3,29.49920069999997,-1.0110103530000014
167.9,374.9297418,8.611925286,0.426814906,418.8279127,9.584094292,0.041833509,14.3,29.598170900000024,-0.9721690059999997
168.0,375.7928349,8.655073761,0.436154583,419.7861262,9.589087835,0.05803735,14.3,29.69329130000001,-0.9340140740000002
168.10000000000002,376.6602896,8.699156203,0.44549426,420.74492,9.595701762,0.074241191,14.3,29.78463039999998,-0.8965455589999998
168.20000000000002,377.5321992,8.744172613,0.454833937,421.7044563,9.603936073,0.090445031,14.3,29.872257100000024,-0.8597634599999999
168.3,378.4086571,8.79012299,0.464173614,422.6648971,9.613790768,0.106648872,14.3,29.95623999999999,-0.823667777999999
168.4,379.2897568,8.837007335,0.473613209,423.6264043,9.625265847,0.122852713,14.3,30.03664749999997,-0.7882585120000005
168.5,380.1755916,8.884825648,0.483652314,424.58914,9.638361311,0.139208991,14.3,30.113548399999967,-0.753535663000001
168.60000000000002,381.0662549,8.933577929,0.494890436,425.5532664,9.653077158,0.15647989,14.3,30.187011499999993,-0.7194992290000002
168.70000000000002,381.9618402,8.983324128,0.507927086,426.5189453,9.66941339,0.17558003,14.3,30.2571051,-0.6860892620000012
168.8,382.8624408,9.034364001,0.523361772,427.4863388,9.687461467,0.197424034,14.3,30.323897999999996,-0.6530974660000002
168.9,383.7681501,9.087057252,0.541794003,428.4556091,9.707678702,0.222926522,14.3,30.38745899999999,-0.6206214500000016
169.0,384.6790615,9.141763587,0.56372337,429.426918,9.730613866,0.253002115,14.3,30.44785650000001,-0.5888502790000008
169.10000000000002,385.5953164,9.198842711,0.589249792,430.4004278,9.756815731,0.288412997,14.3,30.505111399999986,-0.5579730200000004
169.20000000000002,386.517248,9.258654331,0.61827335,431.3763735,9.786833071,0.329311606,14.3,30.559125500000004,-0.5281787399999995
169.3,387.4452374,9.321558151,0.650294454,432.355283,9.821214659,0.375545504,14.3,30.61004559999999,-0.49965650800000105
169.4,388.3796658,9.387913876,0.684713593,433.3377574,9.860509266,0.426352507,14.3,30.658091599999988,-0.4725953899999986
169.5,389.3209144,9.458021262,0.72093126,434.3243979,9.905265665,0.480817994,14.3,30.703483500000015,-0.4472444029999991
169.60000000000002,390.2693642,9.531940259,0.758347945,435.3158053,9.955941168,0.538027344,14.3,30.746441100000037,-0.4240009090000001
169.70000000000002,391.2253966,9.609670867,0.796364139,436.3125808,10.01262724,0.597065936,14.3,30.787184199999967,-0.4029563730000003
169.8,392.1893926,9.691213087,0.834480252,437.3153255,10.07532387,0.657019149,14.3,30.825932899999952,-0.38411078300000057
169.9,393.1617334,9.776566918,0.872596364,438.3246403,10.14403106,0.717124799,14.3,30.862906899999995,-0.3674641419999993
170.0,394.1428002,9.86573236,0.910712476,439.3411264,10.21874883,0.777230449,14.3,30.898326199999996,-0.35301646999999825
170.10000000000002,395.1329741,9.958709413,0.948828588,440.3653848,10.29947715,0.837336099,14.3,30.932410700000002,-0.3407677370000002
170.20000000000002,396.1326363,10.05549808,0.9869447,441.3980165,10.38621605,0.897441749,14.3,30.96538019999998,-0.33071797000000025
170.3,397.1421679,10.15609835,1.025060813,442.4396227,10.4789655,0.957547399,14.3,30.997454799999968,-0.32286714999999866
170.4,398.1619501,10.26051024,1.063176925,443.4908044,10.57772553,1.017653048,14.3,31.02885429999999,-0.31721529000000004
170.5,399.1923641,10.36873374,1.101055863,444.5521625,10.68249611,1.077492381,14.3,31.059798399999988,-0.31376237000000096
170.60000000000002,400.2337911,10.48076885,1.137511757,445.6242983,10.79327727,1.135733806,14.3,31.0905072,-0.31250842000000034
170.70000000000002,401.2866121,10.59661557,1.171121563,446.7078127,10.91006898,1.190779417,14.3,31.121200599999963,-0.31345340999999927
170.8,402.3512084,10.7161316,1.200462236,447.8033068,11.03271148,1.241031307,14.3,31.152098399999954,-0.31657987999999904
170.9,403.4279611,10.83860541,1.224110733,448.9113817,11.16040579,1.284891569,14.3,31.183420599999987,-0.3218003800000009
171.0,404.5172513,10.96318318,1.240644009,450.0326384,11.29219318,1.322213433,14.3,31.215387099999997,-0.32901000000000025
171.10000000000002,405.6194603,11.08901108,1.248876194,451.1676779,11.4271149,1.3473119,14.3,31.248217599999986,-0.33810381999999883
171.20000000000002,406.7348554,11.21523529,1.248570115,452.3169735,11.56421221,1.364274061,14.3,31.2821181,-0.34897692000000013
171.3,407.8632485,11.34100197,1.239962944,453.4804872,11.70339704,1.371915098,14.3,31.31723870000003,-0.3623950699999998
171.4,409.0043376,11.46545731,1.224240553,454.6580528,11.84109862,1.3715666,14.3,31.35371520000002,-0.37564131000000067
171.5,410.157821,11.58774748,1.202825985,455.8495046,11.97897022,1.364826475,14.3,31.391683599999975,-0.3912227399999999
171.60000000000002,411.3233966,11.70716094,1.177142285,457.0546766,12.11534224,1.351841491,14.3,31.43127999999997,-0.40818130000000075
171.70000000000002,412.5007627,11.82355541,1.148612497,458.2734028,12.25005486,1.338562967,14.3,31.47264009999999,-0.42649944999999967
171.8,413.6896172,11.93693088,1.118659664,459.5055172,12.38310809,1.3222354,14.3,31.5159,-0.4461772100000001
171.9,414.8896583,12.04728734,1.088469657,460.7508541,12.51450194,1.305641514,14.3,31.561195800000018,-0.46721460000000015
172.0,416.1005842,12.15462481,1.058279651,462.0092473,12.6442364,1.289047629,14.3,31.608663100000012,-0.4896115900000009
172.10000000000002,417.3220928,12.25894327,1.028089644,463.2805311,12.77231146,1.272453743,14.3,31.65843830000001,-0.5133681899999996
172.20000000000002,418.5538823,12.36024274,0.997899638,464.5645393,12.89872714,1.255859858,14.3,31.71065699999998,-0.5384843999999998
172.3,419.7956508,12.4585232,0.967709631,465.8611062,13.02348344,1.239265972,14.3,31.765455400000018,-0.5649602399999996
172.4,421.0470965,12.55378466,0.937519624,467.1700657,13.14658034,1.222672087,14.3,31.8229692,-0.59279568
172.5,422.3079173,12.64602713,0.907466971,468.4912519,13.26801785,1.206078201,14.3,31.883334600000023,-0.6219907199999994
172.60000000000002,423.5778114,12.73525059,0.87823844,469.824499,13.38779598,1.189570288,14.3,31.94668760000003,-0.6525453900000002
172.70000000000002,424.8564769,12.82145505,0.850658151,471.1696408,13.50591472,1.173578207,14.3,32.01316390000001,-0.684459669999999
172.8,426.1436119,12.90472292,0.825550227,472.5265116,13.62237407,1.158617792,14.3,32.0828997,-0.71765115
172.9,427.4389145,12.98546627,0.803544075,473.8949453,13.73722561,1.145204876,14.3,32.15603080000001,-0.7517593399999996
173.0,428.7420828,13.06417956,0.785922988,475.2747761,13.85072726,1.133548909,14.3,32.23269330000001,-0.7865476999999998
173.10000000000002,430.0528149,13.14135726,0.773164501,476.6658379,13.96318853,1.125084868,14.3,32.313023,-0.8218312700000006
173.20000000000002,431.3708748,13.21737703,0.765225774,478.0679649,14.0749189,1.119323471,14.3,32.39709009999997,-0.8575418700000004
173.3,432.6962903,13.29300884,0.762094422,479.4810324,14.18604406,1.11665707,14.3,32.48474210000002,-0.8930352199999998
173.4,434.029155,13.36862162,0.763083678,480.9050808,14.29742499,1.116999694,14.3,32.57592580000001,-0.9288033699999989
173.5,435.3695627,13.44460173,0.767564132,482.3401916,14.40881969,1.119921481,14.3,32.67062890000001,-0.9642179599999992
173.60000000000002,436.717607,13.52143621,0.774252494,483.7864467,14.52072151,1.125212981,14.3,32.768839700000015,-0.9992853000000004
173.70000000000002,438.0733816,13.59920747,0.782533873,485.2439276,14.63338835,1.131439217,14.3,32.870546000000004,-1.034180880000001
173.8,439.4369801,13.67791551,0.791764343,486.7127161,14.74687179,1.139003499,14.3,32.975736,-1.06895628
173.9,440.8084963,13.75756034,0.801132167,488.1928937,14.86117185,1.147083615,14.3,33.084397400000014,-1.1036115100000004
174.0,442.1880238,13.83814195,0.81049999,489.6845422,14.97628852,1.155249702,14.3,33.196518400000016,-1.13814657
174.10000000000002,443.5756563,13.91966034,0.819867814,491.1877431,15.09222179,1.163415789,14.3,33.31208679999999,-1.17256145
174.20000000000002,444.9714874,14.00211551,0.829235637,492.7025782,15.20897167,1.171581877,14.3,33.43109080000001,-1.206856160000001
174.3,446.375611,14.08550746,0.838603461,494.2291291,15.32653817,1.179747964,14.3,33.55351810000003,-1.2410307099999986
174.4,447.7881205,14.1698362,0.847971285,495.7674775,15.44492127,1.187914051,14.3,33.679356999999996,-1.2750850699999994
174.5,449.2091098,14.25510172,0.857339108,497.3177051,15.56412098,1.196080139,14.3,33.80859529999999,-1.3090192599999995
174.60000000000002,450.6386725,14.34130402,0.866577816,498.8798934,15.68413729,1.204087765,14.3,33.94122090000003,-1.3428332699999999
174.70000000000002,452.0769022,14.42844311,0.875041824,500.4541242,15.80497022,1.210188015,14.3,34.07722200000002,-1.3765271099999996
174.8,453.5238927,14.51651897,0.881539319,502.0404792,15.92661976,1.216299947,14.3,34.21658650000002,-1.4101007899999995
174.9,454.9797376,14.60545415,0.886546954,503.6390399,16.04899083,1.218602968,14.3,34.35930229999998,-1.4435366800000011
175.0,456.4445307,14.6948613,0.888038679,505.249888,16.17103408,1.217102919,14.3,34.50535730000003,-1.4761727799999989
175.10000000000002,457.9183655,14.78402531,0.885656912,506.8731053,16.29390094,1.210849032,14.3,34.65473980000003,-1.5098756299999998
175.20000000000002,459.4013357,14.8732322,0.878756072,508.5087733,16.41529908,1.199049002,14.3,34.80743759999997,-1.5420668800000001
175.3,460.8934731,14.96126631,0.867207042,510.1568977,16.53523197,1.182500974,14.3,34.96342460000001,-1.5739656600000025
175.4,462.3945615,15.04791312,0.851556056,511.8171799,16.65312918,1.158493586,14.3,35.12261839999998,-1.60521606
175.5,463.9043227,15.1327078,0.831197344,513.489245,16.76842023,1.130688969,14.3,35.28492229999996,-1.6357124299999999
175.60000000000002,465.4224785,15.21518552,0.808156957,515.1727184,16.88053466,1.099081282,14.3,35.4502399,-1.6653491399999982
175.70000000000002,466.9487507,15.29495895,0.782792474,516.8672255,16.9889971,1.064621292,14.3,35.618474800000016,-1.694038149999999
175.8,468.4828612,15.3719506,0.755878595,518.5723914,17.09371246,1.028259767,14.3,35.789530200000016,-1.721761859999999
175.9,470.0245317,15.44616049,0.728190018,520.2878415,17.19468074,0.990947475,14.3,35.963309800000005,-1.7485202499999986
176.0,471.5734841,15.51758861,0.700372324,522.0132011,17.29190195,0.953476721,14.3,36.139716999999976,-1.774313339999999
176.10000000000002,473.1294403,15.58623495,0.672554631,523.7480954,17.38537609,0.916005968,14.3,36.318655100000015,-1.7991411400000015
176.20000000000002,474.692122,15.65209953,0.644736937,525.4921498,17.47510315,0.878535214,14.3,36.50002780000001,-1.8230036199999997
176.3,476.2612511,15.71518234,0.616919243,527.2449896,17.56108313,0.84106446,14.3,36.683738500000075,-1.84590079
176.4,477.8365494,15.77548338,0.58910155,529.00624,17.64331604,0.803593707,14.3,36.86969060000003,-1.8678326599999977
176.5,479.4177387,15.83300265,0.561283856,530.7755263,17.72180187,0.766122953,14.3,37.057787600000054,-1.888799220000001
176.60000000000002,481.0045408,15.88774015,0.533544212,532.5524739,17.79654063,0.728652199,14.3,37.247933100000026,-1.9088004799999982
176.70000000000002,482.5966776,15.93969588,0.506272863,534.336708,17.86753231,0.691190973,14.3,37.440030400000026,-1.927836430000001
176.8,484.1938708,15.98886985,0.479938105,536.1278539,17.93477692,0.653786912,14.3,37.63398309999998,-1.9459070700000005
176.9,485.7958424,16.03530887,0.455008233,537.9255369,17.99827445,0.616497179,14.3,37.829694499999974,-1.9629655799999988
177.0,487.4023141,16.0792471,0.431951544,539.7293823,18.05803062,0.57937894,14.3,38.02706819999999,-1.9787835200000004
177.10000000000002,489.0130078,16.12096551,0.411236333,541.5390154,18.11407402,0.54248936,14.3,38.22600760000002,-1.993108509999999
177.20000000000002,490.6276452,16.16074509,0.393252845,543.3540615,18.16643894,0.505885602,14.3,38.42641629999993,-2.00569385
177.3,492.2459857,16.19886681,0.37807913,545.1741459,18.21515967,0.469615305,14.3,38.62816019999998,-2.01629286
177.4,493.8679385,16.23561164,0.365637139,546.9988984,18.26027053,0.433687995,14.3,38.83095990000005,-2.0246588900000013
177.5,495.49345,16.27126057,0.355536626,548.8279672,18.30180581,0.398094145,14.3,39.034517199999996,-2.030545240000002
177.60000000000002,497.1224669,16.30609458,0.347309295,550.661005,18.3397998,0.362786117,14.3,39.23853810000004,-2.0337052200000016
177.70000000000002,498.7549359,16.3403478,0.34048685,552.4976647,18.37428681,0.327706748,14.3,39.442728799999955,-2.033939010000001
177.8,500.3908034,16.37406707,0.334600997,554.3375988,18.40529542,0.292798873,14.3,39.646795400000045,-2.031228350000003
177.9,502.0300163,16.40725239,0.329183439,556.1804601,18.43283134,0.258005327,14.3,39.85044380000001,-2.02557895
178.0,503.6725209,16.43990376,0.32384393,558.0259014,18.45689458,0.223268946,14.3,40.05338049999996,-2.01699082
178.10000000000002,505.318264,16.47202117,0.318504421,559.8735753,18.47748513,0.188542092,14.3,40.255311299999974,-2.00546396
178.20000000000002,506.9671921,16.50360464,0.313164912,561.7231347,18.494603,0.153815237,14.3,40.45594259999997,-1.9909983600000025
178.3,508.6192519,16.53465416,0.307825404,563.5742323,18.50824818,0.119088383,14.3,40.65498039999996,-1.9735940200000002
178.4,510.2743899,16.56516972,0.302485895,565.4265207,18.51842068,0.084361529,14.3,40.852130799999955,-1.9532509599999983
178.5,511.9325528,16.59515133,0.297146386,567.2796528,18.52512049,0.049634675,14.3,41.047100000000015,-1.9299691599999989
178.60000000000002,513.5936872,16.624599,0.291806877,569.1332812,18.52834761,0.014907821,14.3,41.23959400000008,-1.903748610000001
178.70000000000002,515.2577396,16.65351271,0.286445098,570.9870586,18.52810205,-0.019754847,14.3,41.42931899999992,-1.87458934
178.8,516.9246567,16.68189247,0.280949695,572.8406379,18.52438381,-0.054032403,14.3,41.615981200000036,-1.8424913399999987
178.9,518.594385,16.70973828,0.275187045,574.6936717,18.51719287,-0.087539733,14.3,41.799286699999996,-1.807454589999999
179.0,520.2668713,16.73703678,0.269023523,576.5458128,18.50656777,-0.119891724,14.3,41.978941499999976,-1.7695309899999998
179.10000000000002,521.9420621,16.76372115,0.262325507,578.3967139,18.49270105,-0.150703263,14.3,42.15465179999997,-1.7289799000000023
179.20000000000002,523.6199039,16.78971122,0.254959373,580.2460278,18.47582377,-0.179589237,14.3,42.32612389999993,-1.6861125500000007
179.3,525.3003434,16.81492682,0.246813768,582.0934071,18.45616702,-0.206228719,14.3,42.493063700000064,-1.6412401999999986
179.4,526.9833166,16.83928778,0.23786642,583.9385354,18.43396185,-0.230557523,14.3,42.655218800000014,-1.59467407
179.5,528.6687165,16.86271391,0.228139601,585.7812195,18.40943933,-0.252639836,14.3,42.81250300000006,-1.5467254200000013
179.60000000000002,530.3564257,16.88512504,0.217744664,587.6212969,18.38283054,-0.272796583,14.3,42.964871199999905,-1.4977055000000021
179.70000000000002,532.0463265,16.906441,0.206815233,589.4586053,18.35436653,-0.291412878,14.3,43.112278800000084,-1.4479255299999991
179.8,533.7383015,16.92659498,0.19548493,591.2929823,18.32423987,-0.308873835,14.3,43.25468079999992,-1.3976448899999987
179.9,535.4322332,16.94557362,0.18388738,593.1242654,18.29248907,-0.325564566,14.3,43.392032199999974,-1.3469154499999973
180.0,537.1280039,16.96337692,0.172156207,594.9522922,18.25911412,-0.341870184,14.3,43.52428830000004,-1.2957371999999978
180.10000000000002,538.8254962,16.98000486,0.160402763,596.7769003,18.22411503,-0.358111616,14.3,43.65140409999999,-1.244110169999999
180.20000000000002,540.5245926,16.99545747,0.148649318,598.5979273,18.1874918,-0.374353049,14.3,43.773334700000035,-1.1920343299999985
180.3,542.2251754,17.00973473,0.136895874,600.4152107,18.14924442,-0.390594481,14.3,43.89003529999998,-1.139509689999997
180.4,543.9271272,17.02283664,0.12514243,602.2285882,18.1093729,-0.406835913,14.3,44.00146100000002,-1.086536259999999
180.5,545.6303304,17.03476321,0.113388986,604.0378974,18.06787724,-0.423077346,14.3,44.107566999999975,-1.0331140300000001
180.60000000000002,547.3346675,17.04551444,0.101635542,605.8429757,18.02475743,-0.439318778,14.3,44.20830819999999,-0.9792429899999995
180.70000000000002,549.040021,17.05509032,0.089882098,607.6436609,17.98001348,-0.455342431,14.3,44.303639899999965,-0.9249231599999987
180.8,550.7462732,17.06349086,0.078225173,609.4397905,17.93364539,-0.470059408,14.3,44.39351729999994,-0.8701545299999971
180.9,552.4533068,17.07071605,0.067147368,611.2312021,17.88565315,-0.481275812,14.3,44.47789530000007,-0.8149370999999981
181.0,554.1610041,17.0767659,0.057227802,613.0177332,17.83616744,-0.490346633,14.3,44.55672909999994,-0.7594015399999989
181.10000000000002,555.8692477,17.08169832,0.049045593,614.7992215,17.78584159,-0.493303528,14.3,44.62997380000009,-0.7041432699999994
181.20000000000002,557.5779199,17.08580286,0.043179862,616.5755045,17.73599195,-0.489727045,14.3,44.697584599999985,-0.6501890899999978
181.3,559.2869032,17.089427,0.040209727,618.3464199,17.6858055,-0.478528286,14.3,44.75951670000002,-0.5963785000000001
181.4,560.9960802,17.09291822,0.040617788,620.1119097,17.63766327,-0.459489473,14.3,44.81582949999991,-0.5447450499999995
181.5,562.7053796,17.09662397,0.044500565,621.8723342,17.59181693,-0.433715607,14.3,44.86695459999994,-0.4951929600000007
181.60000000000002,564.4149155,17.10089174,0.051761538,623.6281582,17.54905047,-0.399633918,14.3,44.913242700000026,-0.4481587299999994
181.70000000000002,566.1248484,17.10606899,0.061918107,625.3798465,17.51014791,-0.361212747,14.3,44.95499809999997,-0.4040789199999999
181.8,567.8353387,17.1125032,0.074391153,627.1278638,17.47576258,-0.31887155,14.3,44.99252510000004,-0.36325938000000235
181.9,569.5465468,17.12048393,0.088601557,628.872675,17.44602515,-0.273917001,14.3,45.026128199999974,-0.32554122000000163
182.0,571.2586333,17.13006908,0.1039702,630.6147449,17.42093562,-0.227655776,14.3,45.056111599999966,-0.2908665400000032
182.10000000000002,572.9717584,17.14125866,0.119917962,632.3545382,17.400494,-0.181176772,14.3,45.08277979999998,-0.25923534000000004
182.20000000000002,574.6860828,17.15405267,0.135962244,634.0925198,17.38470027,-0.134697768,14.3,45.106436999999985,-0.23064760000000106
182.3,576.4017668,17.16845111,0.152006526,635.8291543,17.37355444,-0.088218764,14.3,45.12738750000001,-0.20510333000000003
182.4,578.1189708,17.18445398,0.168050808,637.5649067,17.36705652,-0.04173976,14.3,45.1459359,-0.18260253999999776
182.5,579.8378553,17.20206127,0.18409509,639.3002417,17.36520649,0.004739244,14.3,45.16238640000002,-0.16314521999999698
182.60000000000002,581.5585808,17.221273,0.200139372,641.035624,17.36800437,0.051218249,14.3,45.17704320000003,-0.14673137000000125
182.70000000000002,583.2813077,17.24208915,0.216183654,642.7715186,17.37545014,0.097697253,14.3,45.19021090000008,-0.1333609899999999
182.8,585.0061964,17.26450973,0.232146913,644.5083901,17.38754382,0.144053532,14.3,45.202193700000024,-0.12303409000000087
182.9,586.7334075,17.28853473,0.247624036,646.2467034,17.40428539,0.189673462,14.3,45.213295900000006,-0.11575065999999978
183.0,588.4631012,17.31416417,0.262128886,647.9869233,17.42567487,0.233820693,14.3,45.223822099999964,-0.11151070000000018
183.10000000000002,590.1954381,17.34134942,0.275175326,649.7295144,17.45163861,0.275758875,14.3,45.23407629999993,-0.11028918999999959
183.20000000000002,591.9305786,17.36984742,0.286681741,651.4749418,17.48180844,0.31475166,14.3,45.24436320000002,-0.11196101999999897
183.3,593.6686831,17.39936648,0.294948431,653.22367,17.51574256,0.350062698,14.3,45.25498690000002,-0.11637607999999844
183.4,595.4099122,17.42961492,0.300783846,654.9761639,17.55299914,0.381078365,14.3,45.266251699999955,-0.12338422000000193
183.5,597.1543873,17.46054378,0.303702442,656.7328295,17.59313639,0.407675935,14.3,45.27844219999993,-0.13259261000000322
183.60000000000002,598.9020744,17.49113323,0.303785241,658.4938369,17.63571249,0.429978133,14.3,45.291762500000075,-0.14457926000000043
183.70000000000002,600.6529006,17.52181973,0.301437358,660.2592975,17.68028563,0.448598584,14.3,45.30639690000005,-0.1584658999999995
183.8,602.4067931,17.55206888,0.296740407,662.0293226,17.726414,0.464273638,14.3,45.322529500000044,-0.17434511999999813
183.9,604.1636789,17.58163762,0.291394089,663.8040235,17.77372944,0.477739644,14.3,45.34034459999994,-0.1920918200000017
184.0,605.9234852,17.61047734,0.284670977,665.5835117,17.82215829,0.48973295,14.3,45.360026500000075,-0.21168095000000164
184.10000000000002,607.6861389,17.63858802,0.277461729,667.3678985,17.87170057,0.500989907,14.3,45.38175960000008,-0.2331125500000013
184.20000000000002,609.4515673,17.66596968,0.270171457,669.1572951,17.92235627,0.51212414,14.3,45.40572780000009,-0.25638659000000175
184.3,611.2196974,17.69262231,0.262881186,670.951813,17.9741254,0.523258372,14.3,45.432115600000046,-0.2815030899999975
184.4,612.9904562,17.71854592,0.255590915,672.7515635,18.02700795,0.534392604,14.3,45.46110729999994,-0.30846203000000116
184.5,614.7637711,17.7437405,0.248300643,674.5566579,18.08100392,0.545526837,14.3,45.49288680000002,-0.3372634199999993
184.60000000000002,616.5395689,17.76820605,0.241010372,676.3672076,18.13611332,0.556661069,14.3,45.52763870000008,-0.3679072699999999
184.70000000000002,618.3177768,17.79194257,0.2337201,678.1833239,18.19233613,0.567795301,14.3,45.56554709999996,-0.40039356000000126
184.8,620.0983219,17.81495007,0.226429829,680.0051181,18.24967238,0.578757112,14.3,45.60679620000003,-0.4347223100000015
184.9,621.8811313,17.83722854,0.21921477,681.8327016,18.30812204,0.587954319,14.3,45.65157029999996,-0.47089349999999897
185.0,623.6661321,17.85877798,0.212450988,683.6661858,18.36768513,0.596542615,14.3,45.70005369999997,-0.5089071500000024
185.10000000000002,625.4532514,17.87959839,0.206778836,685.5056819,18.42825819,0.601297249,14.3,45.75243050000002,-0.5486597999999994
185.20000000000002,627.2424163,17.89973491,0.202082355,687.3513014,18.48888591,0.601913766,14.3,45.80888510000007,-0.5891510000000011
185.3,629.0335539,17.91941316,0.199380058,689.2031555,18.5502617,0.597357635,14.3,45.86960159999997,-0.6308485399999988
185.4,630.8265912,17.93901737,0.198934141,691.0613557,18.61045073,0.586766748,14.3,45.934764499999986,-0.6714333600000018
185.5,632.6214555,17.95847795,0.201120668,692.9259304,18.6692703,0.57069876,14.3,46.00447489999995,-0.710792350000002
185.60000000000002,634.4181098,17.97840601,0.206014851,694.7965773,18.72609971,0.547135867,14.3,46.078467499999945,-0.7476936999999992
185.70000000000002,636.2166618,17.99895888,0.2133524,696.672911,18.78031824,0.519130402,14.3,46.156249200000005,-0.7813593599999997
185.8,638.0172552,18.02040731,0.223324487,698.5545464,18.83130516,0.486986819,14.3,46.23729120000003,-0.8108978499999999
185.9,639.8200338,18.04302207,0.234912599,700.4410982,18.87854322,0.451739647,14.3,46.321064400000026,-0.8355211500000017
186.0,641.6251411,18.06702881,0.24785454,702.3321812,18.92192897,0.414423417,14.3,46.40704010000009,-0.8549001599999997
186.10000000000002,643.432721,18.09247264,0.261699033,704.2274101,18.96146239,0.376072657,14.3,46.49468910000003,-0.8689897500000008
186.20000000000002,645.2429171,18.11935357,0.275994802,706.1263998,18.9971435,0.337549476,14.3,46.58348269999995,-0.8777899299999987
186.3,647.0558731,18.1476716,0.290365784,708.028765,19.02897229,0.299026294,14.3,46.67289190000004,-0.8813006899999998
186.4,648.8717329,18.17742673,0.304736766,709.9341204,19.05694876,0.260503113,14.3,46.7623875,-0.8795220300000004
186.5,650.6906399,18.20861896,0.319107748,711.8420809,19.08107291,0.221979931,14.3,46.851441000000094,-0.8724539500000006
186.60000000000002,652.5127381,18.24124828,0.33347873,713.7522612,19.10134474,0.18345675,14.3,46.939523100000045,-0.8600964599999976
186.70000000000002,654.3381711,18.2753147,0.347849712,715.664276,19.11776426,0.144933568,14.3,47.02610490000002,-0.8424495600000022
186.8,656.1670825,18.31081822,0.362220693,717.5777402,19.13033146,0.106410387,14.3,47.110657700000004,-0.8195132399999991
186.9,657.9996161,18.34775884,0.376591675,719.4922685,19.13904634,0.068105767,14.3,47.1926524,-0.7912874999999993
187.0,659.8359157,18.38613656,0.390908577,721.4074756,19.1439089,0.031112515,14.3,47.271559900000014,-0.7577723399999989
187.10000000000002,661.6761249,18.42595137,0.404900996,723.3229764,19.14491914,-0.003258,14.3,47.34685150000003,-0.718967769999999
187.20000000000002,663.5203874,18.46720329,0.418244452,725.2383856,19.1422082,-0.03369441,14.3,47.417998200000014,-0.6750049099999984
187.3,665.368847,18.50985985,0.430614462,727.153318,19.13643177,-0.058885346,14.3,47.484471000000056,-0.62657192
187.4,667.2216474,18.55375882,0.441686545,729.0673883,19.12837666,-0.077519441,14.3,47.5457408999999,-0.5746178400000019
187.5,669.0789322,18.59870551,0.451205305,730.9802113,19.11882969,-0.088503887,14.3,47.6012790999999,-0.5201241799999998
187.60000000000002,670.9408451,18.64450523,0.458943475,732.8915068,19.10857769,-0.091620123,14.3,47.65066169999996,-0.4640724600000006
187.70000000000002,672.807504,18.6909633,0.464303052,734.8014139,19.09840748,-0.08708671,14.3,47.69390989999995,-0.4074441799999988
187.8,674.6789228,18.73792647,0.468020212,736.7101769,19.08910587,-0.075996455,14.3,47.73125409999996,-0.3511793999999995
187.9,676.5550893,18.78522593,0.470114962,738.6180402,19.0814597,-0.059660726,14.3,47.762950900000035,-0.2962337700000006
188.0,678.4359916,18.83234065,0.470911785,740.5252478,19.07612463,-0.039390893,14.3,47.789256200000025,-0.2437839799999999
188.10000000000002,680.3216177,18.87951764,0.470666077,742.432044,19.07323182,-0.016498323,14.3,47.810426299999975,-0.19371418000000062
188.20000000000002,682.2119554,18.92657421,0.469659183,744.338673,19.07278125,0.007705615,14.3,47.82671760000001,-0.14620704000000018
188.3,684.1069927,18.97351037,0.468759508,746.2453791,19.07477294,0.032128115,14.3,47.83838640000006,-0.10126256999999939
188.4,686.0067176,19.02032611,0.46755536,748.1524065,19.07920688,0.056550615,14.3,47.845688899999985,-0.0588807700000018
188.5,687.9111181,19.06702144,0.466351211,750.0599993,19.08608306,0.080973115,14.3,47.84888120000001,-0.01906161999999867
188.60000000000002,689.8201821,19.11359636,0.465147063,751.9684019,19.0954015,0.105395615,14.3,47.848219799999995,0.018194859999997703
188.70000000000002,691.7338976,19.16005085,0.463942914,753.8778585,19.10716219,0.129818115,14.3,47.84396090000003,0.0528886600000007
188.8,693.6522525,19.20638494,0.462738765,755.7886133,19.12136512,0.154240615,14.3,47.83636079999992,0.08501981999999941
188.9,695.5752348,19.25259861,0.461534617,757.7009104,19.13801031,0.178482514,14.3,47.825675600000025,0.1145883000000012
189.0,697.5028324,19.29869186,0.460197291,759.6149942,19.15709775,0.20164081,14.3,47.81216179999997,0.14159411000000333
189.10000000000002,699.4350334,19.3446647,0.458060898,761.5311088,19.17862743,0.222631899,14.3,47.79607540000002,0.16603727000000035
189.20000000000002,701.3718256,19.39051713,0.454326372,763.4494986,19.20249101,0.240372177,14.3,47.77767300000001,0.18802611999999996
189.3,703.313197,19.43616923,0.448194646,765.3704076,19.22814667,0.253778042,14.3,47.75721060000008,0.20802255999999986
189.4,705.2591356,19.48122148,0.438866654,767.2940801,19.25494426,0.261765889,14.3,47.73494449999994,0.22627722000000006
189.5,707.2096294,19.52519443,0.425543329,769.2207605,19.28223362,0.263432716,14.3,47.711131099999946,0.24296080999999958
189.60000000000002,709.1646662,19.56760865,0.407558782,771.1506061,19.30936457,0.258597923,14.3,47.68593989999995,0.25824408000000076
189.70000000000002,711.1241702,19.60798469,0.384779835,773.0834277,19.33568697,0.247442109,14.3,47.65925750000004,0.2722977199999974
189.8,713.0878096,19.64584312,0.357339667,775.0189496,19.36055064,0.230868278,14.3,47.63114000000003,0.28529247999999896
189.9,715.0551889,19.6807045,0.325904166,776.9568957,19.38330543,0.209960033,14.3,47.60170680000006,0.2973990700000009
190.0,717.0259125,19.71208938,0.291272399,778.8969902,19.40340953,0.185800978,14.3,47.571077700000004,0.3086798499999972
190.10000000000002,718.9995848,19.73959823,0.254243432,780.8389572,19.42075458,0.159474716,14.3,47.539372400000005,0.31884364999999804
190.20000000000002,720.9758101,19.76315115,0.215616332,782.7825207,19.43534059,0.13206485,14.3,47.50671059999998,0.32781055999999964
190.3,722.954193,19.78274813,0.176190165,784.7274048,19.44716755,0.104474384,14.3,47.473211800000016,0.335580580000002
190.4,724.9343377,19.79838918,0.13663082,786.6733337,19.45623547,0.076883918,14.3,47.43899599999993,0.3421537100000016
190.5,726.9158488,19.8100743,0.097071476,788.6200314,19.46254434,0.049293452,14.3,47.40418259999997,0.34752995999999925
190.60000000000002,728.8983306,19.81780348,0.057512131,790.5672221,19.46609416,0.021702985,14.3,47.368891499999975,0.35170931999999766
190.70000000000002,730.8813874,19.82157672,0.017952787,792.5146298,19.46688493,-0.005887481,14.3,47.333242399999975,0.3546917900000004
190.8,732.8646239,19.82139404,-0.021606558,794.4619786,19.46491666,-0.033477947,14.3,47.297354699999985,0.3564773800000012
190.9,734.8476442,19.81725541,-0.061165902,796.4089926,19.46018934,-0.061068413,14.3,47.261348400000045,0.3570660700000019
191.0,736.8300529,19.80916085,-0.100725247,798.355396,19.45270298,-0.088657299,14.3,47.22534309999999,0.35645786999999984
191.10000000000002,738.8114544,19.79711036,-0.140020157,800.3009127,19.44245757,-0.116236699,14.3,47.18945830000003,0.35465279000000294
191.20000000000002,740.791453,19.78110394,-0.177728462,802.245267,19.42945311,-0.143797129,14.3,47.15381399999997,0.3516508300000005
191.3,742.7696531,19.76114158,-0.212263557,804.1881829,19.41369055,-0.171329105,14.3,47.11852979999999,0.347451030000002
191.4,744.7456592,19.73738194,-0.242038835,806.1293845,19.39517464,-0.19882314,14.3,47.08372530000004,0.3422072999999983
191.5,746.7190757,19.71061833,-0.265467692,808.0685958,19.37391107,-0.22626975,14.3,47.049520100000066,0.33670726000000073
191.60000000000002,748.689507,19.68180272,-0.280963522,810.0055411,19.34990552,-0.253661031,14.3,47.016034099999914,0.3318972000000002
191.70000000000002,750.6565575,19.65188706,-0.287204154,811.9399451,19.32316368,-0.280995403,14.3,46.983387600000086,0.32872337999999957
191.8,752.6199585,19.62182332,-0.283925155,813.8715357,19.29369126,-0.308274444,14.3,46.95157719999993,0.3281320600000015
191.9,754.579949,19.59256346,-0.271390957,815.8000416,19.26149394,-0.335506061,14.3,46.92009259999993,0.3310695199999998
192.0,756.5368951,19.56505945,-0.250923733,817.7251914,19.2265774,-0.362699738,14.3,46.888296299999936,0.33848204999999965
192.10000000000002,758.4911628,19.54026324,-0.224110087,819.6467138,19.1889464,-0.38986496,14.3,46.85555100000006,0.35131684000000263
192.20000000000002,760.4431179,19.51896815,-0.192536625,821.5643375,19.14860188,-0.417011212,14.3,46.82121960000002,0.3703662699999981
192.3,762.3931265,19.50133282,-0.157789953,823.477791,19.10554384,-0.444147978,14.3,46.784664500000034,0.39578897999999896
192.4,764.3415546,19.48735727,-0.121456675,825.386803,19.05977228,-0.471283164,14.3,46.745248399999994,0.4275849899999997
192.5,766.2887681,19.47704149,-0.084858963,827.2911022,19.01128721,-0.49841835,14.3,46.70233409999999,0.4657542800000023
192.60000000000002,768.235133,19.47038548,-0.048261251,829.1904172,18.96008861,-0.525553536,14.3,46.65528419999994,0.5102968700000012
192.70000000000002,770.1810153,19.46738924,-0.011663539,831.0844767,18.9061765,-0.552688722,14.3,46.60346139999997,0.5612127399999984
192.8,772.1267809,19.46805277,0.024934173,832.9730093,18.84955087,-0.579823908,14.3,46.546228399999976,0.6185018999999983
192.9,774.0727959,19.47237607,0.061531885,834.8557436,18.79021172,-0.606959094,14.3,46.482947700000025,0.6821643500000008
193.0,776.0194263,19.48035915,0.098129597,836.7324084,18.72815905,-0.633565501,14.3,46.41298210000009,0.7522001000000031
193.10000000000002,777.9670379,19.49200199,0.133595678,838.6027322,18.66339286,-0.653743307,14.3,46.33569429999996,0.8286091300000002
193.20000000000002,779.9159968,19.50730461,0.159125783,840.4664437,18.59591316,-0.674087603,14.3,46.2504469,0.91139145
193.3,781.8666689,19.52626699,0.182319483,842.3232716,18.5260372,-0.681657944,14.3,46.156602699999965,1.0002297899999988
193.4,783.8194203,19.54821018,0.183831261,844.1729444,18.45730489,-0.676537576,14.3,46.05352409999996,1.090905290000002
193.5,785.7746169,19.56785154,0.162584595,846.015191,18.38575916,-0.655553819,14.3,45.940574100000006,1.1820923800000003
193.60000000000002,787.7326246,19.58975084,0.112889875,847.8497398,18.31916428,-0.616062777,14.3,45.81711519999995,1.2705865600000017
193.70000000000002,789.6938095,19.60230075,0.030189119,849.6765734,18.25747032,-0.560791592,14.3,45.68276390000001,1.3448304300000018
193.8,791.6580824,19.60485536,-0.082402937,851.4966894,18.20258087,-0.480501277,14.3,45.53860700000003,1.40227449
193.9,793.6235334,19.59400092,-0.237227207,853.3113395,18.15639954,-0.387603497,14.3,45.38780609999999,1.4376013800000003
194.0,795.5877975,19.56632365,-0.415886442,855.1217751,18.12082993,-0.282015007,14.3,45.233977600000074,1.4454937200000018
194.10000000000002,797.5485095,19.51840978,-0.617304121,856.9292478,18.09745839,-0.166908484,14.3,45.080738299999965,1.420951389999999
194.20000000000002,799.5033046,19.44741451,-0.835790633,858.7350091,18.08660219,-0.045456606,14.3,44.93170449999998,1.3608123200000009
194.3,801.4498176,19.35276888,-1.065656366,860.5403106,18.08826131,0.079167949,14.3,44.79049300000004,1.2645075699999992
194.4,803.3856835,19.23447289,-1.301211711,862.3464037,18.10243578,0.204321284,14.3,44.66072019999997,1.1320371099999988
194.5,805.3085374,19.09252654,-1.537715324,864.1545401,18.12912557,0.329474619,14.3,44.54600269999999,0.9634009700000021
194.60000000000002,807.216014,18.92692983,-1.774218937,865.9659712,18.1683307,0.454627954,14.3,44.44995720000004,0.7585991300000003
194.70000000000002,809.1057485,18.73768275,-2.01072255,867.7819486,18.22005116,0.57978129,14.3,44.37620009999996,0.5176315900000006
194.8,810.9753758,18.52478532,-2.247226163,869.6037237,18.28428696,0.704934625,14.3,44.3283479,0.24049836000000013
194.9,812.8225308,18.28823752,-2.483729776,871.4325483,18.36103809,0.83008796,14.3,44.31001750000003,-0.07280057000000184
195.0,814.6448485,18.02803936,-2.720233389,873.2696737,18.45030455,0.954159739,14.3,44.324825200000035,-0.4222651899999974
195.10000000000002,816.4399638,17.74419084,-2.956737002,875.1163515,18.55208635,1.071742185,14.3,44.37638769999997,-0.807895509999998
195.20000000000002,818.2055118,17.43669196,-3.191000335,876.9738333,18.66638348,1.176345965,14.3,44.46832150000007,-1.2296915199999994
195.3,819.9391274,17.10554272,-3.411821988,878.8433706,18.79254701,1.261481744,14.3,44.6042432,-1.6870042900000009
195.4,821.6384455,16.75074312,-3.605760282,880.7262148,18.92733227,1.32066019,14.3,44.787769299999994,-2.1765891500000016
195.5,823.3011012,16.37363732,-3.759373537,882.6236176,19.06684567,1.34739197,14.3,45.02251640000004,-2.693208349999999
195.60000000000002,824.9247293,15.98094617,-3.859220073,884.5368305,19.2071936,1.336269305,14.3,45.31210119999999,-3.226247430000001
195.70000000000002,826.5069649,15.58073467,-3.891858211,886.4665859,19.34448246,1.28621064,14.3,45.65962100000009,-3.7637477899999983
195.8,828.0454429,15.18106784,-3.84608655,888.4115395,19.47481866,1.198297531,14.3,46.066096599999995,-4.29375082
195.9,829.5388737,14.79001068,-3.719664811,890.3698281,19.59430859,1.077937756,14.3,46.5309544,-4.804297910000001
196.0,830.9902687,14.41562819,-3.514833274,892.3395882,19.69905865,0.931620646,14.3,47.04931949999998,-5.283430460000002
196.10000000000002,832.4037151,14.06598539,-3.242793338,894.3189565,19.78582418,0.765835537,14.3,47.615241400000016,-5.719838789999999
196.20000000000002,833.7832998,13.74914728,-2.916986684,896.3060697,19.85395625,0.587071762,14.3,48.22276989999996,-6.104808969999999
196.3,835.1331097,13.47183471,-2.550854991,898.2990645,19.90345485,0.401818653,14.3,48.86595480000001,-6.43162014
196.4,836.4572319,13.23539184,-2.157839938,900.2960774,19.93431998,0.215483988,14.3,49.53884549999994,-6.698928140000001
196.5,837.7597532,13.03981867,-1.751383205,902.2952452,19.94655165,0.029149324,14.3,50.23549199999998,-6.906732979999999
196.60000000000002,839.0447608,12.8851152,-1.342686192,904.2947045,19.94014985,-0.157185341,14.3,50.94994370000002,-7.055034650000001
196.70000000000002,840.3163414,12.77128143,-0.93398918,906.2925919,19.91511458,-0.343520006,14.3,51.676250499999995,-7.143833150000001
196.8,841.5785822,12.69831736,-0.525292167,908.2870442,19.87144584,-0.52985467,14.3,52.40846199999994,-7.173128479999999
196.9,842.8355701,12.66622299,-0.116595155,910.2761978,19.80914364,-0.716189335,14.3,53.14062769999994,-7.142920649999999
197.0,844.091392,12.67499833,0.292101858,912.2581896,19.72820798,-0.902523999,14.3,53.8667976,-7.053209650000001
197.10000000000002,845.3501349,12.72464336,0.70079887,914.2311562,19.62863884,-1.087648681,14.3,54.581021300000046,-6.903995480000001
197.20000000000002,846.6158858,12.8151581,1.109495883,916.1932341,19.51043624,-1.265513463,14.3,55.27734830000004,-6.695278140000001
197.3,847.8927316,12.94654254,1.515943989,918.1425601,19.37360018,-1.428858446,14.3,55.949828499999924,-6.427057640000001
197.4,849.1847594,13.11879668,1.908898657,920.0772709,19.21885664,-1.57042373,14.3,56.59251150000007,-6.100059959999998
197.5,850.4960561,13.33192052,2.274866447,921.995503,19.04983557,-1.682949417,14.3,57.199446899999955,-5.7179150499999984
197.60000000000002,851.8307087,13.58456472,2.600353922,923.8953932,18.87089291,-1.759175607,14.3,57.7646845,-5.286328189999999
197.70000000000002,853.1928041,13.86998256,2.871867643,925.775078,18.68638461,-1.793052383,14.3,58.28227390000002,-4.816402050000001
197.8,854.5864293,14.18007797,3.075914171,927.6332749,18.50066659,-1.783369763,14.3,58.746845599999986,-4.320588620000002
197.9,856.0156713,14.50675489,3.201248974,929.4710246,18.31809481,-1.73133773,14.3,59.15535329999996,-3.8113399200000018
198.0,857.4835376,14.84191727,3.245623147,931.2899484,18.14302521,-1.643006199,14.3,59.50641079999998,-3.3011079400000014
198.10000000000002,858.9887177,15.17746903,3.211285594,933.0916678,17.97981371,-1.52563507,14.3,59.80295009999993,-2.802344679999999
198.20000000000002,860.5288218,15.50531411,3.109480849,934.8778042,17.83209027,-1.386484243,14.3,60.04898240000007,-2.326776159999998
198.3,862.10146,15.81735645,2.953702349,936.6499789,17.70058089,-1.232813617,14.3,60.24851889999998,-1.883224440000001
198.4,863.7042425,16.10684933,2.757443534,938.4098133,17.58528555,-1.071883092,14.3,60.405570800000035,-1.478436219999999
198.5,865.3347793,16.3724434,2.534197842,940.1589289,17.48620427,-0.909742584,14.3,60.524149599999944,-1.1137608700000001
198.60000000000002,866.9906806,16.61413868,2.297458712,941.8989471,17.40333703,-0.747602075,14.3,60.60826649999997,-0.7891983499999995
198.70000000000002,868.6695564,16.83193515,2.058470675,943.6314893,17.33668385,-0.585461567,14.3,60.66193289999997,-0.5047487000000004
198.8,870.369017,17.02583281,1.819482638,945.3581769,17.28624472,-0.423321058,14.3,60.68915990000001,-0.2604119099999984
198.9,872.0866724,17.19583167,1.580494601,947.0806312,17.25201964,-0.26118055,14.3,60.693958799999976,-0.056187969999999865
199.0,873.8201328,17.34193173,1.341506564,948.8004738,17.23400861,-0.099040041,14.3,60.680340999999956,0.10792311999999882
199.10000000000002,875.5670082,17.46413299,1.102518527,950.5193259,17.23221163,0.062486146,14.3,60.65231769999998,0.2319213600000012
199.20000000000002,877.3249088,17.56243544,0.86353049,952.2388091,17.2466287,0.220326407,14.3,60.613900300000026,0.31580674000000286
199.3,879.0914446,17.63683908,0.625690305,953.9605447,17.27725983,0.370794815,14.3,60.56910009999997,0.359579250000003
199.4,880.864226,17.68734393,0.394737234,955.686154,17.32373641,0.510205445,14.3,60.52192799999996,0.3636075200000022
199.5,882.6408628,17.71394997,0.177558391,957.4172586,17.38421549,0.634872369,14.3,60.476395799999935,0.3297344800000026
199.60000000000002,884.4189654,17.71734591,-0.01895911,959.1554799,17.4564855,0.742355074,14.3,60.4365145,0.2608604099999994
199.70000000000002,886.1961437,17.70097533,-0.192807823,960.9024391,17.5383349,0.828106053,14.3,60.40629540000005,0.16264042999999972
199.8,887.9700079,17.66897047,-0.322461631,962.6594629,17.62755213,0.888466213,14.3,60.389454999999955,0.04141833999999989
199.9,889.7381681,17.62546362,-0.416820275,964.4266983,17.72267287,0.929585474,14.3,60.38853019999995,-0.0972092499999988
200.0,891.4987855,17.57165923,-0.469856235,966.2039975,17.82060004,0.952275102,14.3,60.40521199999996,-0.24894080999999701
200.10000000000002,893.2522249,17.52047299,-0.482717364,967.9912126,17.91729521,0.960221025,14.3,60.438987700000055,-0.39682222000000067
200.20000000000002,894.9994023,17.46725375,-0.461142924,969.7881957,18.01423678,0.955863756,14.3,60.48879339999992,-0.5469830299999998
200.3,896.7412337,17.41906159,-0.40714036,971.5947991,18.10969996,0.944365124,14.3,60.553565400000096,-0.690638370000002
200.4,898.478635,17.37934005,-0.34223579,973.4108749,18.20368474,0.932455826,14.3,60.6322398999999,-0.8243446900000002
200.5,900.2125221,17.34877786,-0.258677324,975.2362753,18.29619113,0.91767187,14.3,60.72375319999999,-0.947413270000002
200.60000000000002,901.9438109,17.32737502,-0.168231744,977.0708523,18.38721912,0.902887914,14.3,60.82704139999994,-1.0598440999999994
200.70000000000002,903.6734174,17.31513152,-0.076638311,978.9144583,18.47676871,0.888103958,14.3,60.94104090000003,-1.1616371900000004
200.8,905.4022575,17.31204736,0.014955121,980.7669453,18.56483991,0.873320002,14.3,61.06468779999996,-1.2527925499999988
200.9,907.1312472,17.31812254,0.106548553,982.6281655,18.65143271,0.858536046,14.3,61.196918300000064,-1.3333101700000007
201.0,908.8613024,17.33335707,0.198141985,984.497971,18.73654712,0.843752089,14.3,61.33666860000001,-1.4031900499999992
201.10000000000002,910.5933389,17.35775094,0.289735418,986.3762141,18.82018313,0.828968133,14.3,61.482875199999924,-1.4624321900000012
201.20000000000002,912.3282729,17.39130415,0.38132885,988.2627469,18.90234074,0.814220366,14.3,61.634474000000026,-1.5110365899999998
201.3,914.0670201,17.43401671,0.472922282,990.1574214,18.98301996,0.799689726,14.3,61.79040129999994,-1.5490032499999984
201.4,915.8104965,17.48588861,0.563968639,992.06009,19.06222079,0.785593344,14.3,61.94959349999995,-1.5763321800000014
201.5,917.5596181,17.54691985,0.651732548,993.9706048,19.13996493,0.772148347,14.3,62.11098670000008,-1.593045080000003
201.60000000000002,919.3153008,17.61711044,0.732931557,995.8888179,19.21636095,0.759571865,14.3,62.27351710000001,-1.5992505099999974
201.70000000000002,921.0784606,17.69613212,0.804283219,997.8145814,19.29153913,0.748081026,14.3,62.43612079999998,-1.5954070099999988
201.8,922.8500132,17.78234368,0.862505083,999.7477477,19.36562975,0.73785677,14.3,62.59773449999996,-1.5832860699999998
201.9,924.6308748,17.87377564,0.904314701,1001.688186,19.43876308,0.728935285,14.3,62.75731119999996,-1.5649874399999995
202.0,926.4219612,17.96845854,0.926976698,1003.635836,19.5110694,0.721280384,14.3,62.91387479999999,-1.54261086
202.10000000000002,928.2239258,18.0644229,0.929943999,1005.590653,19.58267899,0.714711125,14.3,63.06672720000002,-1.5182560900000013
202.20000000000002,930.0363715,18.15969926,0.91376368,1007.552594,19.65372212,0.709010381,14.3,63.21622250000003,-1.4940228600000012
202.3,931.8586387,18.25231814,0.881171113,1009.521615,19.72430736,0.703961023,14.3,63.36297629999997,-1.471989220000001
202.4,933.6900677,18.34031008,0.83544875,1011.497673,19.79445643,0.699345921,14.3,63.50760529999998,-1.454146350000002
202.5,935.5299989,18.42203385,0.779879039,1013.480725,19.86416931,0.694947948,14.3,63.6507261,-1.442135460000003
202.60000000000002,937.3777727,18.49716121,0.717744429,1015.470725,19.93344602,0.690586164,14.3,63.79295229999998,-1.43628481
202.70000000000002,939.2327293,18.56569215,0.65232737,1017.467632,20.00228654,0.686224379,14.3,63.93490270000002,-1.4365943899999998
202.8,941.0942093,18.62762668,0.586363236,1019.471401,20.07069089,0.681862594,14.3,64.07719170000003,-1.4430642100000028
202.9,942.9615529,18.6829648,0.520399102,1021.481988,20.13865906,0.67750081,14.3,64.22043509999999,-1.4556942599999978
203.0,944.8341005,18.7317065,0.454434968,1023.499351,20.20619105,0.673139025,14.3,64.36525050000007,-1.4744845499999997
203.10000000000002,946.7111924,18.77385179,0.388470834,1025.523444,20.27328687,0.66877724,14.3,64.51225159999997,-1.4994350800000014
203.20000000000002,948.592169,18.80940067,0.3225067,1027.554226,20.3399465,0.664247882,14.3,64.66205699999996,-1.5305458300000012
203.3,950.4763707,18.83835313,0.256542566,1029.591652,20.40616996,0.658713085,14.3,64.81528130000011,-1.5678168299999982
203.4,952.3631379,18.86070918,0.190578432,1031.635678,20.47195724,0.65116741,14.3,64.97254010000013,-1.6112480599999977
203.5,954.2518108,18.87646882,0.125392885,1033.686261,20.53720779,0.640605417,14.3,65.13445020000002,-1.6607389700000006
203.60000000000002,956.1417298,18.88563204,0.064878854,1035.743358,20.6014189,0.626021667,14.3,65.30162819999994,-1.715786859999998
203.70000000000002,958.0322354,18.88819885,0.016231247,1037.806924,20.66398731,0.606410721,14.3,65.4746886,-1.7757884600000011
203.8,959.9226678,18.8846364,-0.02344859,1039.876916,20.72430975,0.580934713,14.3,65.65424819999994,-1.8396733499999982
203.9,961.8123674,18.87728044,-0.041918969,1041.953211,20.78178296,0.54942607,14.3,65.84084360000004,-1.9045025200000012
204.0,963.7006747,18.87044793,-0.037031764,1044.035361,20.83580367,0.512052365,14.3,66.03468629999993,-1.9653557399999997
204.10000000000002,965.5869298,18.86239966,-0.004894044,1046.122842,20.88576862,0.469651464,14.3,66.23591219999999,-2.023368959999999
204.20000000000002,967.470847,18.86048066,0.055272778,1048.215126,20.93107455,0.423228806,14.3,66.44427900000001,-2.0705938900000014
204.3,969.3536351,18.86597979,0.140166723,1050.311688,20.97121873,0.37378983,14.3,66.65805289999999,-2.1052389399999996
204.4,971.2368769,18.88169997,0.253465035,1052.412001,21.00610063,0.322339976,14.3,66.87512409999995,-2.124400659999999
204.5,973.1221551,18.91044411,0.382926023,1054.515539,21.03572024,0.269884683,14.3,67.0933839,-2.1252761299999996
204.60000000000002,975.0110523,18.95454796,0.526401562,1056.621776,21.06007757,0.217261817,14.3,67.3107237,-2.1055296100000014
204.70000000000002,976.9051513,19.01447868,0.679220135,1058.730186,21.0791726,0.164638951,14.3,67.52503469999995,-2.06469392
204.8,978.8060346,19.09023627,0.836710224,1060.840242,21.09300536,0.112016084,14.3,67.73420740000002,-2.002769090000001
204.9,980.7152851,19.18182073,0.9949789,1062.951418,21.10157582,0.059393218,14.3,67.93613290000015,-1.9197550900000024
205.0,982.6344853,19.28923205,1.153247576,1065.063188,21.104884,0.006770352,14.3,68.12870270000003,-1.8156519499999995
205.10000000000002,984.5652181,19.41247024,1.311516251,1067.175026,21.10292989,-0.045852515,14.3,68.30980789999985,-1.6904596499999975
205.20000000000002,986.509066,19.5515353,1.469784927,1069.286405,21.0957135,-0.098475381,14.3,68.4773390000001,-1.5441781999999975
205.3,988.4676117,19.70642723,1.628053602,1071.3968,21.08323482,-0.150837969,14.3,68.62918829999997,-1.376807590000002
205.4,990.442438,19.87714602,1.786322278,1073.505683,21.06549385,-0.201638891,14.3,68.76324500000005,-1.1883478299999979
205.5,992.4351275,20.06369168,1.943170684,1075.61253,21.04249059,-0.24931648,14.3,68.87740250000009,-0.9787989099999983
205.60000000000002,994.4472629,20.26606421,2.091497475,1077.716813,21.01438122,-0.292309068,14.3,68.96955009999995,-0.748317010000001
205.70000000000002,996.4804269,20.48426361,2.222781034,1079.818006,20.98194656,-0.329993756,14.3,69.03757909999997,-0.4976829500000015
205.8,998.5362022,20.71743771,2.328499746,1081.915583,20.94612361,-0.357992576,14.3,69.07938079999992,-0.2286859000000021
205.9,1000.616171,20.96132571,2.400131994,1084.009018,20.90784938,-0.377820441,14.3,69.09284699999996,0.05347633000000229
206.0,1002.721917,21.21081464,2.429156164,1086.09791,20.86749759,-0.388278306,14.3,69.075993,0.34331704999999957
206.10000000000002,1004.855023,21.46079153,2.408470908,1088.182357,20.82769505,-0.389626448,14.3,69.02733399999995,0.6330964800000025
206.20000000000002,1007.016388,21.70614341,2.336655958,1090.262582,20.78768895,-0.383166256,14.3,68.94619400000006,0.9184544599999995
206.3,1009.204188,21.94175731,2.215131582,1092.338809,20.74897957,-0.36952063,14.3,68.83462100000004,1.1927777400000004
206.4,1011.415915,22.16252026,2.050999127,1094.411261,20.71234774,-0.353067539,14.3,68.69534599999993,1.4501725200000024
206.5,1013.64906,22.36331929,1.852780209,1096.480162,20.67794962,-0.332552347,14.3,68.5311020000001,1.68536967
206.60000000000002,1015.901117,22.53989359,1.628996444,1098.545734,20.64578522,-0.310475488,14.3,68.34461700000004,1.8941083699999979
206.70000000000002,1018.169577,22.69139101,1.388169447,1100.608202,20.61585452,-0.288138351,14.3,68.13862499999989,2.075536490000001
206.8,1020.451934,22.81781154,1.138820834,1102.667788,20.58815755,-0.265801215,14.3,67.91585399999992,2.2296539900000028
206.9,1022.745678,22.91915517,0.888051952,1104.724717,20.56269428,-0.243464078,14.3,67.67903900000006,2.356460890000001
207.0,1025.048303,22.99542193,0.63728307,1106.77921,20.53946473,-0.221126941,14.3,67.43090699999989,2.4559572000000003
207.10000000000002,1027.357301,23.04661179,0.386514188,1108.831493,20.51846889,-0.198789804,14.3,67.1741919999999,2.528142899999999
207.20000000000002,1029.670164,23.07272476,0.135745307,1110.881787,20.49970677,-0.176452668,14.3,66.91162299999992,2.5730179900000003
207.3,1031.984384,23.07376085,-0.115023575,1112.930317,20.48317836,-0.154252358,14.3,66.64593299999997,2.590582489999999
207.4,1034.297454,23.04972005,-0.365792457,1114.977306,20.46888366,-0.132873011,14.3,66.37985199999999,2.5808363900000018
207.5,1036.606867,23.00060236,-0.616561339,1117.022977,20.45682268,-0.113135589,14.3,66.11611000000012,2.54377968
207.60000000000002,1038.910113,22.92640778,-0.86619657,1119.067554,20.44691332,-0.095861055,14.3,65.85744100000007,2.4794944600000015
207.70000000000002,1041.204687,22.82713631,-1.109029891,1121.111259,20.43874509,-0.081870371,14.3,65.6065720000001,2.388391219999999
207.8,1043.488079,22.70278796,-1.338259395,1123.154317,20.43182542,-0.0719845,14.3,65.36623800000002,2.2709625399999993
207.9,1045.757783,22.55404291,-1.547083171,1125.196951,20.42566173,-0.066887578,14.3,65.13916799999988,2.128381179999998
208.0,1048.01129,22.38430211,-1.729641867,1127.239318,20.41976144,-0.066716431,14.3,64.928028,1.9645406700000017
208.10000000000002,1050.246093,22.19764672,-1.878799283,1129.281313,20.41363198,-0.071334232,14.3,64.73521999999998,1.78401474
208.20000000000002,1052.459685,21.99815788,-1.984234701,1131.322766,20.40678077,-0.080056846,14.3,64.56308099999997,1.5913771099999998
208.3,1054.650101,21.78935119,-2.051352041,1133.363507,20.39871523,-0.092063311,14.3,64.41340600000008,1.390635960000001
208.4,1056.817555,21.57550839,-2.078791578,1135.403363,20.38902488,-0.106532663,14.3,64.28580799999982,1.1864835099999986
208.5,1058.962804,21.36350209,-2.072221571,1137.442165,20.37762762,-0.122643941,14.3,64.17936099999993,0.9858744700000024
208.60000000000002,1061.086605,21.15349089,-2.037501373,1139.479742,20.36452345,-0.139576181,14.3,64.09313700000003,0.7889674400000004
208.70000000000002,1063.189716,20.95037177,-1.981767182,1141.515923,20.34971238,-0.156645248,14.3,64.02620699999984,0.6006593900000006
208.8,1065.272894,20.75482494,-1.916473369,1143.550538,20.3331944,-0.173714316,14.3,63.97764400000001,0.4216305399999989
208.9,1067.336895,20.56685037,-1.841884272,1145.583415,20.31496952,-0.190783383,14.3,63.94652000000015,0.2518808500000027
209.0,1069.382478,20.38644808,-1.766161523,1147.614385,20.29503773,-0.20785245,14.3,63.931907000000095,0.0914103500000003
209.10000000000002,1071.410398,20.21361807,-1.690438775,1149.643276,20.27339903,-0.224921517,14.3,63.93287800000003,-0.059780960000001215
209.20000000000002,1073.421415,20.04836033,-1.614716026,1151.669918,20.25005342,-0.241990584,14.3,63.94850300000003,-0.20169308999999913
209.3,1075.416284,19.89067486,-1.538993277,1153.694141,20.22500091,-0.259059652,14.3,63.97785700000004,-0.3343260499999978
209.4,1077.395764,19.74056167,-1.463270529,1155.715772,20.19824149,-0.272809734,14.3,64.02000799999992,-0.4576798199999992
209.5,1079.360611,19.59802076,-1.38754778,1157.734642,20.16977517,-0.286085675,14.3,64.07403099999983,-0.5717544100000005
209.60000000000002,1081.311582,19.46305211,-1.311885717,1159.750581,20.13960194,-0.29443499,14.3,64.13899899999997,-0.676549829999999
209.70000000000002,1083.249435,19.33565575,-1.236587765,1161.763416,20.10971319,-0.289808541,14.3,64.21398100000006,-0.77405744
209.8,1085.174927,19.21583166,-1.162018036,1163.772978,20.07840202,-0.271109325,14.3,64.29805099999994,-0.8625703599999994
209.9,1087.088815,19.10354343,-1.088540643,1165.779097,20.04833992,-0.23481915,14.3,64.39028200000003,-0.9447964900000017
210.0,1088.991857,18.99860901,-1.016519695,1167.7816,20.02435637,-0.180738809,14.3,64.48974300000005,-1.0257473600000004
210.10000000000002,1090.884809,18.90080993,-0.946319305,1169.780599,20.00710957,-0.102505267,14.3,64.59579000000004,-1.1062996399999996
210.20000000000002,1092.768429,18.80992773,-0.8782429,1171.777332,19.99871045,-0.001639181,14.3,64.70890299999992,-1.1887827200000025
210.3,1094.643445,18.72574393,-0.812351164,1173.773314,20.0012699,0.114396676,14.3,64.8298690000001,-1.2755259700000003
210.4,1096.510469,18.64804007,-0.748583413,1175.770066,20.01689886,0.244505299,14.3,64.95959699999999,-1.3688587900000009
210.5,1098.370083,18.57659769,-0.686636219,1177.769104,20.04735641,0.385168498,14.3,65.09902099999995,-1.4707587199999992
210.60000000000002,1100.222869,18.51119831,-0.626145472,1179.771947,20.09299437,0.53286808,14.3,65.24907800000001,-1.5817960599999985
210.70000000000002,1102.06941,18.45165989,-0.56674706,1181.780112,20.15381275,0.684085854,14.3,65.41070199999986,-1.7021528600000018
210.8,1103.910289,18.397946,-0.50807687,1183.795119,20.22981154,0.835889994,14.3,65.5848300000002,-1.831865539999999
210.9,1105.746087,18.35005665,-0.449770793,1185.818485,20.32099075,0.987694133,14.3,65.77239800000002,-1.970934100000001
211.0,1107.577388,18.30799184,-0.3915254,1187.851727,20.42735037,1.139498273,14.3,65.97433900000006,-2.1193585299999995
211.10000000000002,1109.404773,18.27175157,-0.333280008,1189.896364,20.54889041,1.291302412,14.3,66.19159099999997,-2.277138839999999
211.20000000000002,1111.228826,18.24133584,-0.275034615,1191.953915,20.68561085,1.443106552,14.3,66.42508900000003,-2.4442750099999984
211.3,1113.050128,18.21674465,-0.216789223,1194.025896,20.83751172,1.594910691,14.3,66.67576800000002,-2.6207670699999994
211.4,1114.869262,18.19797799,-0.15854383,1196.113827,21.00459299,1.746016088,14.3,66.94456499999997,-2.8066150000000007
211.5,1116.686811,18.18503588,-0.100298438,1198.219225,21.18685468,1.89292903,14.3,67.23241400000002,-3.001818799999999
211.60000000000002,1118.503357,18.17791831,-0.042053045,1200.343608,21.38429679,2.031457063,14.3,67.54025099999986,-3.2063784800000015
211.70000000000002,1120.319483,18.17662527,0.016102639,1202.488494,21.59650006,2.15740773,14.3,67.86901099999996,-3.4198747900000015
211.8,1122.13577,18.18115677,0.073720076,1204.655401,21.82136827,2.268319904,14.3,68.2196309999999,-3.6402114999999995
211.9,1123.952802,18.19151282,0.130261017,1206.845848,22.05638595,2.354807151,14.3,68.59304599999992,-3.8648731299999994
212.0,1125.77116,18.20763958,0.185187214,1209.061352,22.29903763,2.418569737,14.3,68.99019199999994,-4.091398050000002
212.10000000000002,1127.591428,18.22926792,0.23796042,1211.303096,22.54784663,2.457177593,14.3,69.41166800000015,-4.318578709999997
212.20000000000002,1129.414188,18.25607492,0.288042387,1213.570922,22.79718108,2.471329463,14.3,69.85673400000015,-4.541106160000002
212.3,1131.240022,18.2877376,0.334984575,1215.864334,23.0476419,2.464519057,14.3,70.32431200000015,-4.759904299999999
212.4,1133.069469,18.32393303,0.378697276,1218.182838,23.29567483,2.439207506,14.3,70.81336899999992,-4.9717418
212.5,1134.902897,18.36433825,0.419270198,1220.52594,23.53918363,2.404781243,14.3,71.32304300000006,-5.174845380000001
212.60000000000002,1136.74063,18.40863032,0.457151881,1222.893146,23.77774906,2.360238743,14.3,71.85251599999988,-5.369118740000001
212.70000000000002,1138.582992,18.45648629,0.492880572,1225.283962,24.01137113,2.311503788,14.3,72.40096999999987,-5.55488484
212.8,1140.430307,18.50763703,0.52699452,1227.697892,24.24004982,2.262070091,14.3,72.96758499999983,-5.732412789999998
212.9,1142.282899,18.56202873,0.560031973,1230.134443,24.46378515,2.212636394,14.3,73.55154399999988,-5.901756419999998
213.0,1144.141092,18.61966137,0.592531177,1232.593121,24.6825771,2.163202697,14.3,74.15202900000004,-6.06291573
213.10000000000002,1146.005211,18.68053496,0.624940673,1235.07343,24.89642569,2.113769,14.3,74.768219,-6.215890730000002
213.20000000000002,1147.875579,18.74464951,0.65735017,1237.574878,25.1053309,2.064335303,14.3,75.39929899999989,-6.36068139
213.3,1149.75252,18.812005,0.689759666,1240.096968,25.30929275,2.014901606,14.3,76.04444800000006,-6.497287750000002
213.4,1151.636359,18.88260144,0.722169163,1242.639208,25.50831122,1.964814437,14.3,76.70284899999997,-6.625709780000001
213.5,1153.52742,18.95643883,0.754578659,1245.201102,25.70238633,1.910806437,14.3,77.3736820000001,-6.7459475
213.60000000000002,1155.426027,19.03351717,0.786988156,1247.782157,25.89151806,1.848956774,14.3,78.05613000000012,-6.85800089
213.70000000000002,1157.332503,19.11383646,0.819397652,1250.381878,26.07531435,1.775344618,14.3,78.74937499999983,-6.961477889999998
213.8,1159.247173,19.1973967,0.851686039,1252.99977,26.25181476,1.686049137,14.3,79.45259699999993,-7.05441806
213.9,1161.170362,19.28419789,0.883247766,1255.63534,26.41866681,1.577149501,14.3,80.16497799999998,-7.13446892
214.0,1163.102392,19.37424003,0.913356175,1258.288092,26.57351799,1.445378349,14.3,80.8857,-7.19927796
214.10000000000002,1165.043589,19.46745045,0.941284607,1260.95722,26.71401581,1.29008221,14.3,81.6136309999999,-7.246565359999998
214.20000000000002,1166.994277,19.56346583,0.966306402,1263.64066,26.83780777,1.111914556,14.3,82.34638300000002,-7.274341940000003
214.3,1168.954778,19.66185017,0.987755249,1266.336036,26.94254136,0.914142746,14.3,83.08125799999989,-7.280691189999999
214.4,1170.925419,19.76216746,1.005531122,1269.040971,27.02586409,0.700687611,14.3,83.81555199999998,-7.263696629999998
214.5,1172.906463,19.86398173,1.017634255,1271.75309,27.08581554,0.475469983,14.3,84.5466269999999,-7.22183381
214.60000000000002,1174.897946,19.96689318,1.02618511,1274.470016,27.12200364,0.242410692,14.3,85.27206999999994,-7.1551104599999995
214.70000000000002,1176.899842,20.07076913,1.031102668,1277.189373,27.13442838,0.005430571,14.3,85.9895309999999,-7.063659250000001
214.8,1178.912126,20.17404638,1.033113591,1279.908783,27.12308975,-0.232203023,14.3,86.69665700000014,-6.949043369999998
214.9,1180.934775,20.27756123,1.0327019,1282.625872,27.08798777,-0.469836616,14.3,87.39109700000013,-6.810426540000002
215.0,1182.967762,20.38082907,1.030671352,1285.338263,27.02912243,-0.70747021,14.3,88.0705010000001,-6.64829336
215.10000000000002,1185.011064,20.48384989,1.028973129,1288.043578,26.94649373,-0.945103804,14.3,88.732514,-6.462643840000002
215.20000000000002,1187.064656,20.58662369,1.026502986,1290.739443,26.84010167,-1.182737397,14.3,89.37478699999993,-6.2534779799999995
215.3,1189.128512,20.68915048,1.024032844,1293.42348,26.70994625,-1.420370991,14.3,89.99496799999993,-6.020795770000003
215.4,1191.202609,20.79143026,1.021562701,1296.093314,26.55602747,-1.658004584,14.3,90.59070500000003,-5.764597210000002
215.5,1193.286922,20.89346302,1.019092558,1298.746568,26.37834533,-1.89424106,14.3,91.15964600000002,-5.48488231
215.60000000000002,1195.381425,20.99524877,1.016622416,1301.380865,26.17689984,-2.122094827,14.3,91.69944000000005,-5.181651070000001
215.70000000000002,1197.486095,21.09678751,1.014152273,1303.993829,25.95169098,-2.333183178,14.3,92.20773400000003,-4.85490347
215.8,1199.600906,21.19807923,1.011734765,1306.583085,25.70355703,-2.519123403,14.3,92.68217900000009,-4.505477799999998
215.9,1201.725834,21.29912393,1.010035369,1309.146255,25.43668936,-2.671532795,14.3,93.12042100000004,-4.137565429999999
216.0,1203.860855,21.39992162,1.008162967,1311.680963,25.15611757,-2.782028644,14.3,93.52010800000012,-3.7561959499999986
216.10000000000002,1206.005942,21.50050388,1.007640288,1314.184833,24.86687129,-2.843625362,14.3,93.87889100000002,-3.3663674099999987
216.20000000000002,1208.161073,21.60126999,1.008380828,1316.65616,24.57398016,-2.854925829,14.3,94.19508700000002,-2.9727101700000027
216.3,1210.326221,21.70168529,1.010700393,1319.095919,24.28247379,-2.817327164,14.3,94.46969800000007,-2.5807885000000006
216.4,1212.501363,21.8026634,1.014862153,1321.505759,23.99738182,-2.737814958,14.3,94.70439599999982,-2.194718420000001
216.5,1214.686498,21.90415243,1.020516435,1323.887326,23.72373386,-2.624771917,14.3,94.900828,-1.8195814299999995
216.60000000000002,1216.881729,22.00634186,1.028817527,1326.242269,23.46572127,-2.486580752,14.3,95.06054000000013,-1.4593794100000004
216.70000000000002,1219.087183,22.10942117,1.038295337,1328.572234,23.22418232,-2.33162417,14.3,95.18505099999989,-1.1147611499999996
216.8,1221.302985,22.21357985,1.049036365,1330.878868,22.99911701,-2.168284879,14.3,95.27588299999998,-0.7855371600000005
216.9,1223.529264,22.3189758,1.060724808,1333.16382,22.79052534,-2.00354847,14.3,95.33455599999998,-0.47154953999999805
217.0,1225.766146,22.4256406,1.073044862,1335.428737,22.59840732,-1.838812062,14.3,95.36259100000002,-0.17276671999999849
217.10000000000002,1228.013758,22.53357425,1.08568072,1337.675265,22.42276293,-1.674075653,14.3,95.36150700000003,0.11081131999999982
217.20000000000002,1230.272227,22.64277675,1.098369212,1339.905052,22.26359219,-1.509339245,14.3,95.33282500000014,0.3791845599999988
217.3,1232.541679,22.75324809,1.111057704,1342.119747,22.12089508,-1.344602836,14.3,95.27806800000003,0.6323530099999992
217.4,1234.822242,22.86498829,1.123746196,1344.320995,21.99467162,-1.179866427,14.3,95.19875300000008,0.8703166700000011
217.5,1237.114042,22.97799733,1.136434688,1346.510444,21.8849218,-1.015452099,14.3,95.09640200000008,1.0930755300000001
217.60000000000002,1239.417207,23.09227522,1.14912318,1348.689742,21.79164561,-0.852970251,14.3,94.97253500000006,1.3006296100000014
217.70000000000002,1241.731863,23.20782197,1.161811672,1350.860536,21.71484307,-0.694353365,14.3,94.82867299999994,1.4929789000000007
217.8,1244.058137,23.32463756,1.174500165,1353.024474,21.65432093,-0.54153392,14.3,94.66633700000007,1.6703166299999985
217.9,1246.396156,23.442722,1.18472145,1355.183202,21.60911293,-0.396444399,14.3,94.48704599999992,1.8336090700000014
218.0,1248.746047,23.56207529,1.194590277,1357.338369,21.5780596,-0.261017282,14.3,94.29232199999997,1.9840156899999997
218.10000000000002,1251.107936,23.68269743,1.199458313,1359.491621,21.56000144,-0.136862969,14.3,94.08368499999979,2.1226959900000004
218.20000000000002,1253.481952,23.80310809,1.194184911,1361.644451,21.55377897,-0.02430354,14.3,93.8624989999998,2.2493291199999987
218.3,1255.86822,23.92457613,1.17726055,1363.797734,21.5582327,0.076983085,14.3,93.62951399999993,2.366343429999997
218.4,1258.266867,24.04431255,1.145772491,1365.95219,21.57220314,0.168607306,14.3,93.38532299999993,2.4721094100000016
218.5,1260.678021,24.15923295,1.099275202,1368.108538,21.59453081,0.252501604,14.3,93.13051700000001,2.5647021400000014
218.60000000000002,1263.101574,24.26843162,1.032741194,1370.267497,21.62424945,0.330598459,14.3,92.86592300000002,2.6441821700000006
218.70000000000002,1265.53649,24.37016092,0.948391516,1372.429789,21.66116583,0.404830354,14.3,92.59329900000007,2.7089950899999984
218.8,1267.981497,24.46267321,0.85088136,1374.596131,21.70527994,0.477129767,14.3,92.31463400000003,2.757393269999998
218.9,1270.435323,24.54422085,0.741720245,1376.767246,21.75659178,0.5491071,14.3,92.03192299999996,2.7876290699999977
219.0,1272.896697,24.61334746,0.623820912,1378.943851,21.81510136,0.621084434,14.3,91.7471540000001,2.7982461
219.10000000000002,1275.364348,24.66976176,0.500096099,1381.126667,21.88080867,0.693061767,14.3,91.46231899999994,2.7889530899999997
219.20000000000002,1277.837006,24.71346377,0.373458547,1383.316414,21.95371371,0.765039101,14.3,91.17940799999992,2.759750060000002
219.3,1280.313397,24.74445347,0.246335538,1385.513811,22.03381649,0.837016434,14.3,90.90041400000014,2.7106369800000003
219.4,1282.792252,24.76273087,0.119212529,1387.719578,22.121117,0.908993767,14.3,90.627326,2.641613869999997
219.5,1285.2723,24.76829598,-0.00791048,1389.934435,22.21561524,0.980971101,14.3,90.36213499999981,2.5526807399999996
219.60000000000002,1287.752268,24.76114878,-0.135033489,1392.159102,22.31731122,1.052581862,14.3,90.10683400000012,2.4438375599999986
219.70000000000002,1290.230886,24.74128928,-0.262156498,1394.394299,22.42620493,1.121993192,14.3,89.863413,2.3150843499999993
219.8,1292.706882,24.70871748,-0.389279507,1396.640745,22.54229637,1.187005657,14.3,89.63386299999998,2.1664211100000017
219.9,1295.178985,24.66343338,-0.516402516,1398.899159,22.6653656,1.245419827,14.3,89.42017400000005,1.9980677799999995
220.0,1297.645925,24.60543698,-0.642933441,1401.170263,22.79431291,1.297022378,14.3,89.22433799999995,1.8111240700000018
220.10000000000002,1300.106429,24.53472827,-0.765911859,1403.454775,22.92781864,1.33365555,14.3,89.048346,1.606909629999997
220.20000000000002,1302.559226,24.45130727,-0.881785264,1405.753415,23.06456311,1.359444811,14.3,88.89418899999983,1.3867441599999992
220.3,1305.003046,24.35552921,-0.987001151,1408.066728,23.20441835,1.372037481,14.3,88.76368199999997,1.1511108599999993
220.4,1307.436617,24.24917036,-1.08010294,1410.394553,23.3424897,1.37180013,14.3,88.65793600000002,0.9066806599999992
220.5,1309.858668,24.13436222,-1.15125034,1412.736554,23.48103249,1.36056562,14.3,88.57788599999999,0.6533297299999994
220.60000000000002,1312.267928,24.01323629,-1.203770715,1415.092395,23.6175354,1.338547271,14.3,88.52446699999992,0.395700889999997
220.70000000000002,1314.663409,23.88666651,-1.234976052,1417.461741,23.75089871,1.313902847,14.3,88.49833200000008,0.1357678
220.8,1317.045261,23.76055706,-1.245458435,1419.844255,23.88090249,1.282873449,14.3,88.498994,-0.12034543000000042
220.9,1319.413919,23.63326679,-1.238178286,1422.239601,24.00754672,1.249644619,14.3,88.52568199999992,-0.37427993000000015
221.0,1321.769815,23.50818473,-1.214592183,1424.647444,24.13083141,1.216049217,14.3,88.57762899999985,-0.622646679999999
221.10000000000002,1324.113386,23.38708716,-1.184540418,1427.067447,24.25075656,1.182453814,14.3,88.65406099999991,-0.8636693999999991
221.20000000000002,1326.445063,23.27032931,-1.145287712,1429.499275,24.36732217,1.148858412,14.3,88.75421200000001,-1.0969928600000003
221.3,1328.765282,23.1579112,-1.102482499,1431.942591,24.48052824,1.11526301,14.3,88.87730899999993,-1.3226170400000008
221.4,1331.074475,23.04983281,-1.059085202,1434.39706,24.59037477,1.081667607,14.3,89.02258500000012,-1.5405419599999988
221.5,1333.373078,22.94609416,-1.015687905,1436.862346,24.69686176,1.048072205,14.3,89.18926799999981,-1.7507675999999996
221.60000000000002,1335.661524,22.84669523,-0.972290608,1439.338112,24.79998922,1.014426402,14.3,89.37658799999981,-1.9532939899999988
221.70000000000002,1337.940247,22.75163604,-0.928893311,1441.824023,24.89975713,0.980478191,14.3,89.5837759999999,-2.14812109
221.8,1340.209682,22.66091657,-0.885496014,1444.319743,24.9961655,0.945925165,14.3,89.81006100000009,-2.335248929999999
221.9,1342.470261,22.57453683,-0.842098717,1446.824936,25.08918408,0.910464917,14.3,90.05467500000005,-2.5146472499999994
222.0,1344.722419,22.49249683,-0.798687218,1449.339266,25.17866169,0.87379504,14.3,90.31684700000001,-2.686164859999998
222.10000000000002,1346.96659,22.41479655,-0.755190508,1451.862397,25.26441686,0.835613125,14.3,90.59580700000011,-2.8496203100000024
222.20000000000002,1349.203209,22.341436,-0.711523375,1454.393993,25.34626817,0.795667167,14.3,90.8907839999999,-3.0048321699999967
222.3,1351.432708,22.27242371,-0.667600609,1456.933693,25.42403415,0.753906765,14.3,91.2009849999999,-3.151610439999999
222.4,1353.655522,22.20780227,-0.623336998,1459.481042,25.49753337,0.71038232,14.3,91.52551999999987,-3.289731100000001
222.5,1355.872085,22.14762281,-0.578647331,1462.035557,25.56658438,0.665345837,14.3,91.86347199999996,-3.418961569999997
222.60000000000002,1358.08283,22.09193646,-0.533460599,1464.596758,25.63100575,0.619099725,14.3,92.21392799999985,-3.5390692900000005
222.70000000000002,1360.2882,22.04079435,-0.4877626,1467.164164,25.69064626,0.571946391,14.3,92.57596400000007,-3.6498519100000024
222.8,1362.488661,21.9942476,-0.441567536,1469.737293,25.74547567,0.524188242,14.3,92.94863199999982,-3.75122807
222.9,1364.684689,21.95234735,-0.394946416,1472.315664,25.79549398,0.476127685,14.3,93.33097500000004,-3.8431466299999997
223.0,1366.876758,21.91514471,-0.347984451,1474.898797,25.8407012,0.428016727,14.3,93.72203899999995,-3.9255564900000017
223.10000000000002,1369.065343,21.88268229,-0.300766852,1477.48621,25.88109733,0.37990577,14.3,94.12086700000005,-3.9984150399999976
223.20000000000002,1371.25092,21.85496861,-0.253378831,1480.077422,25.91668236,0.331794812,14.3,94.52650200000012,-4.061713749999999
223.3,1373.433963,21.83200368,-0.205905599,1482.671952,25.94745629,0.283683854,14.3,94.93798899999997,-4.115452610000002
223.4,1375.614946,21.81378749,-0.158418165,1485.269319,25.97341913,0.235572897,14.3,95.35437300000008,-4.159631640000001
223.5,1377.794346,21.80032005,-0.110930731,1487.869042,25.99457087,0.187461939,14.3,95.77469600000013,-4.194250820000001
223.60000000000002,1379.972636,21.79160135,-0.063443297,1490.470639,26.01091152,0.139350981,14.3,96.19800299999993,-4.21931017
223.70000000000002,1382.150292,21.78763139,-0.015955863,1493.073629,26.02244107,0.091391237,14.3,96.62333699999995,-4.234809679999998
223.8,1384.327788,21.78841017,0.031531571,1495.677532,26.02915952,0.044338772,14.3,97.04974399999988,-4.2407493500000015
223.9,1386.505599,21.7939377,0.079019005,1498.281867,26.03106688,-0.000899134,14.3,97.47626799999985,-4.23712918
224.0,1388.684201,21.80421397,0.126506439,1500.886151,26.02825387,-0.043415201,14.3,97.9019499999999,-4.224039900000001
224.10000000000002,1390.864068,21.81923899,0.173868556,1503.489905,26.02117413,-0.08230215,14.3,98.32583699999982,-4.20193514
224.20000000000002,1393.045674,21.83901275,0.220478767,1506.092647,26.01037204,-0.116652701,14.3,98.74697299999998,-4.171359290000002
224.3,1395.229496,21.86353525,0.265585168,1508.693895,25.99639195,-0.145710788,14.3,99.16439900000019,-4.132856699999998
224.4,1397.416007,21.89273131,0.308435853,1511.293242,25.97977823,-0.169325198,14.3,99.57723499999993,-4.087046920000002
224.5,1399.605683,21.92622496,0.348278918,1513.890569,25.96107526,-0.187647143,14.3,99.98488599999992,-4.034850300000002
224.60000000000002,1401.798998,21.96356508,0.384362456,1516.48583,25.9408274,-0.201432691,14.3,100.3868320000001,-3.9772623200000012
224.70000000000002,1403.996427,22.0043005,0.416059881,1519.07898,25.91957902,-0.211589121,14.3,100.78255299999996,-3.915278520000001
224.8,1406.198386,22.0479801,0.443245874,1521.669974,25.89778375,-0.219023711,14.3,101.17158799999989,-3.8498036499999984
224.9,1408.405048,22.09415273,0.466045754,1524.258765,25.87553233,-0.224643743,14.3,101.55371699999996,-3.7813795999999975
225.0,1410.616526,22.14236724,0.485086108,1526.845308,25.85282476,-0.229356495,14.3,101.92878199999991,-3.710457520000002
225.10000000000002,1412.832936,22.19217249,0.50111884,1529.429558,25.82966103,-0.233918034,14.3,102.29662200000003,-3.6374885399999997
225.20000000000002,1415.054391,22.24319253,0.514895858,1532.011469,25.80604115,-0.238479573,14.3,102.65707800000014,-3.562848619999997
225.3,1417.281005,22.29535217,0.527169064,1534.590995,25.78196512,-0.243041112,14.3,103.00998999999997,-3.486612949999998
225.4,1419.512892,22.3486514,0.538690366,1537.16809,25.75743293,-0.247602651,14.3,103.35519799999993,-3.408781529999999
225.5,1421.750165,22.40309024,0.55008635,1539.742709,25.73244459,-0.25216419,14.3,103.69254400000018,-3.329354349999999
225.60000000000002,1423.99294,22.45866867,0.561482334,1542.314807,25.70700009,-0.256725729,14.3,104.02186699999989,-3.2483314199999995
225.70000000000002,1426.241329,22.51538671,0.572878318,1544.884337,25.68109944,-0.261180427,14.3,104.34300800000001,-3.165712729999999
225.8,1428.495448,22.57324434,0.584274302,1547.451255,25.65474264,-0.264328294,14.3,104.65580700000005,-3.0814983
225.9,1430.755408,22.63224157,0.595670286,1550.015514,25.62792968,-0.26752565,14.3,104.96010599999995,-2.9956881099999997
226.0,1433.021326,22.6923784,0.60706627,1552.577069,25.60072467,-0.268134087,14.3,105.2557429999999,-2.9083462700000027
226.10000000000002,1435.293314,22.75365482,0.618315805,1555.135874,25.57384761,-0.266178351,14.3,105.54256000000005,-2.82019279
226.20000000000002,1437.571487,22.81607085,0.628686645,1557.691884,25.5464847,-0.261017397,14.3,105.82039700000014,-2.7304138500000015
226.3,1439.855959,22.87962647,0.63660502,1560.245053,25.52021899,-0.252117022,14.3,106.08909400000012,-2.6405925199999984
226.4,1442.146843,22.94423382,0.643277458,1562.795387,25.49503563,-0.240036175,14.3,106.3485439999999,-2.5508018099999994
226.5,1444.444253,23.00945355,0.645740041,1565.343096,25.47131924,-0.222884331,14.3,106.59884300000017,-2.4618656899999998
226.60000000000002,1446.748304,23.07434141,0.643809148,1567.888443,25.44945446,-0.203193058,14.3,106.8401390000001,-2.3751130499999995
226.70000000000002,1449.05911,23.1396213,0.636752534,1570.431689,25.42982591,-0.180937611,14.3,107.07257900000009,-2.29020461
226.8,1451.376713,23.20351487,0.624423749,1572.973097,25.4127541,-0.156759034,14.3,107.29638399999995,-2.2092392300000014
226.9,1453.700877,23.26591196,0.607664316,1575.512929,25.39830316,-0.131298369,14.3,107.512052,-2.1323912000000007
227.0,1456.031294,23.32628534,0.585121258,1578.051448,25.38647306,-0.105196661,14.3,107.72015400000005,-2.060187720000002
227.10000000000002,1458.367656,23.3841078,0.559758494,1580.588914,25.37726382,-0.078988112,14.3,107.92125800000004,-1.9931560200000007
227.20000000000002,1460.709655,23.43894,0.531759645,1583.12559,25.37067544,-0.052779564,14.3,108.115935,-1.9317354400000006
227.3,1463.056983,23.49069405,0.502003405,1585.661738,25.36670791,-0.026571015,14.3,108.30475500000007,-1.8760138600000005
227.4,1465.409333,23.53936997,0.47136847,1588.197621,25.36536124,-0.000362467,14.3,108.48828799999997,-1.8259912699999994
227.5,1467.766396,23.58496775,0.440587086,1590.7335,25.36663542,0.025846082,14.3,108.66710400000007,-1.781667670000001
227.60000000000002,1470.127865,23.62748738,0.409805702,1593.269638,25.37053045,0.052054631,14.3,108.84177300000006,-1.7430430699999988
227.70000000000002,1472.493432,23.66692889,0.379024318,1595.806296,25.37704634,0.078263179,14.3,109.012864,-1.7101174499999985
227.8,1474.86279,23.70329225,0.348242934,1598.343737,25.38618309,0.104471728,14.3,109.18094700000002,-1.6828908399999989
227.9,1477.23563,23.73657747,0.31746155,1600.882222,25.39794069,0.130680276,14.3,109.34659200000006,-1.6613632199999984
228.0,1479.611645,23.76678456,0.286680166,1603.422014,25.41231914,0.156888825,14.3,109.51036900000004,-1.6455345799999996
228.10000000000002,1481.990526,23.79391351,0.255898782,1605.963375,25.42931845,0.183097374,14.3,109.672849,-1.6354049400000008
228.20000000000002,1484.371966,23.81796431,0.225220161,1608.506568,25.44893862,0.209305922,14.3,109.83460200000009,-1.6309743099999992
228.3,1486.755658,23.83893699,0.195158117,1611.051853,25.47117964,0.235514471,14.3,109.9961949999999,-1.6322426499999985
228.4,1489.141293,23.85683152,0.166329227,1613.599493,25.49604151,0.261723019,14.3,110.15820000000004,-1.6392099900000012
228.5,1491.528563,23.87170957,0.139350068,1616.149751,25.52352424,0.287931568,14.3,110.32118799999985,-1.6518146700000003
228.60000000000002,1493.917161,23.88387943,0.114837217,1618.702887,25.55362783,0.314140116,14.3,110.48572599999984,-1.6697483999999996
228.70000000000002,1496.30678,23.89371104,0.093407251,1621.259166,25.58635227,0.340348665,14.3,110.65238600000016,-1.6926412299999996
228.8,1498.69711,23.90157436,0.075573984,1623.818847,25.62169756,0.366557214,14.3,110.82173699999994,-1.7201231999999997
228.9,1501.087894,23.90783932,0.06144018,1626.382195,25.65966371,0.392765762,14.3,110.99430099999991,-1.7518243899999995
229.0,1503.47907,23.91287587,0.050903075,1628.94947,25.70025071,0.418974311,14.3,111.17039999999993,-1.7873748399999982
229.10000000000002,1505.870627,23.91705396,0.043448855,1631.520935,25.74345857,0.445182859,14.3,111.350308,-1.8264046100000009
229.20000000000002,1508.262552,23.92074354,0.038460943,1634.096851,25.78928728,0.471391408,14.3,111.5342990000001,-1.8685437399999998
229.3,1510.654835,23.92425289,0.035322762,1636.677482,25.83773685,0.497599957,14.3,111.72264700000001,-1.913483959999997
229.4,1513.047462,23.92764367,0.033417735,1639.263088,25.88880727,0.523808505,14.3,111.91562599999993,-1.9611636000000026
229.5,1515.440423,23.93091588,0.032129286,1641.853933,25.94249855,0.544920947,14.3,112.11351000000009,-2.0115826699999992
229.60000000000002,1517.833705,23.93406953,0.030943599,1644.450277,25.99881069,0.568035431,14.3,112.31657199999991,-2.0647411600000005
229.70000000000002,1520.227296,23.9371046,0.029757912,1647.052384,26.05774367,0.587145831,14.3,112.52508800000005,-2.1206390699999993
229.8,1522.621185,23.94002111,0.028572225,1649.660516,26.11623985,0.567519625,14.3,112.73933099999995,-2.1762187399999995
229.9,1525.015359,23.94281905,0.027386538,1652.274933,26.1782305,0.529693038,14.3,112.95957399999993,-2.235411450000001
230.0,1527.409808,23.94549842,0.026200851,1654.8959,26.24371563,0.493312413,14.3,113.18609199999987,-2.2982172100000007
230.10000000000002,1529.804518,23.94805922,0.025015164,1657.523676,26.28301033,0.450399788,14.3,113.41915800000011,-2.3349511099999987
230.20000000000002,1532.199479,23.95050145,0.023829477,1660.158526,26.31662651,0.416498443,14.3,113.65904699999983,-2.366125059999998
230.3,1534.594678,23.95282511,0.022624539,1662.80071,26.35111631,0.356910241,14.3,113.90603200000005,-2.398291199999999
230.4,1536.990103,23.95503021,0.021304097,1665.450492,26.38647972,0.353634172,14.3,114.16038899999985,-2.43144951
