t,x_follower,v_follower,a_follower,x_leader,v_leader,a_leader,leader_length,spacing,dv
254.4,63.99245823,23.6237274,-0.719914458,135.1224607,18.88970723,0.565338279,15.3,55.83000247000001,4.734020170000001
254.5,66.37753323,23.55173596,-0.726819666,137.0139073,18.94683327,0.578472361,15.3,55.336374070000005,4.604902689999999
254.60000000000002,68.74710512,23.4815859,-0.847324848,138.9111356,19.00534274,0.592048649,15.3,54.86403048,4.476243159999999
254.70000000000002,71.1017263,23.41327723,-0.91538571,140.8142841,19.06523563,0.605846041,15.3,54.412557800000016,4.348041599999998
254.8,73.44194919,23.33299954,-1.00017665,142.723491,19.12651195,0.619680283,15.3,53.981541809999996,4.206487589999998
254.9,75.76832621,23.20006498,-1.074029182,144.6388948,19.18917169,0.633514525,15.3,53.57056859000001,4.010893290000002
255.0,78.08140977,23.07449598,-1.149514692,146.5606337,19.25321485,0.647348768,15.3,53.17922393000002,3.821281129999999
255.10000000000002,80.38175229,22.95629253,-1.18663793,148.488846,19.31864144,0.66118301,15.3,52.807093710000004,3.6376510899999985
255.20000000000002,82.66990619,22.83716839,-1.146357546,150.4236702,19.38545146,0.675017252,15.3,52.45376401,3.45171693
255.3,84.94642389,22.72356842,-1.097637463,152.3652446,19.45364489,0.688851495,15.3,52.11882071000001,3.26992353
255.4,87.21185779,22.61549261,-1.053137229,154.3137075,19.52322176,0.702595253,15.3,51.80184971,3.092270850000002
255.5,89.46676032,22.51294097,-0.997895559,156.2691973,19.59418204,0.71579611,15.3,51.50243698,2.918758929999999
255.60000000000002,91.7116839,22.4159135,-0.94265389,158.2318522,19.66652575,0.727911163,15.3,51.2201683,2.749387749999997
255.70000000000002,93.94718094,22.32441019,-0.88741222,160.2018107,19.7401986,0.738397509,15.3,50.95462976000002,2.584211589999999
255.8,96.17380386,22.23843106,-0.832170551,162.1792111,19.81492912,0.746712247,15.3,50.70540724,2.4235019400000013
255.9,98.39210507,22.15797608,-0.776928881,164.1641917,19.89039159,0.752312476,15.3,50.47208663000001,2.267584490000001
256.0,100.602637,22.08304528,-0.721687212,166.1568908,19.96626026,0.754745775,15.3,50.254253800000015,2.116785020000002
256.1,102.805952,22.01363864,-0.666445542,168.1574035,20.04220939,0.753921663,15.3,50.051451499999985,1.97142925
256.2,105.0026026,21.94975617,-0.611203873,170.1656508,20.11791324,0.749930621,15.3,49.86304820000001,1.8318429300000005
256.3,107.1931412,21.89139787,-0.555962203,172.1815105,20.19304606,0.74322507,15.3,49.688369300000005,1.6983518099999984
256.40000000000003,109.3781201,21.83856373,-0.500720534,174.2048604,20.26728212,0.734347911,15.3,49.5267403,1.5712816099999998
256.5,111.5580919,21.79125376,-0.445478864,176.2355782,20.34034996,0.723842045,15.3,49.3774863,1.450903799999999
256.6,113.7336088,21.74946796,-0.390237194,178.2735417,20.4121953,0.712250375,15.3,49.239932900000014,1.33727266
256.7,115.9052234,21.71320632,-0.334995525,180.3186285,20.48281814,0.700115804,15.3,49.113405099999994,1.230388180000002
256.8,118.073488,21.68246885,-0.279753855,182.3707165,20.55221846,0.687890748,15.3,48.99722849999999,1.1302503900000005
256.90000000000003,120.238955,21.65725555,-0.224512186,184.4296835,20.62039629,0.675665693,15.3,48.89072850000001,1.03685926
257.0,122.402177,21.63756642,-0.169270516,186.495407,20.6873516,0.663440638,15.3,48.79323000000001,0.9502148199999993
257.1,124.5637062,21.62340145,-0.114028847,188.567765,20.75308441,0.651215582,15.3,48.70405880000001,0.8703170399999998
257.2,126.7240952,21.61476065,-0.058787177,190.6466352,20.81759472,0.638990527,15.3,48.62254,0.797165930000002
257.3,128.8838963,21.61164401,-0.003545508,192.7318952,20.88088252,0.626765472,15.3,48.547998899999996,0.730761489999999
257.40000000000003,131.0436619,21.61405154,0.051696162,194.8234229,20.94294781,0.614540416,15.3,48.47976100000001,0.6711037299999987
257.5,133.2039445,21.62198324,0.106937831,196.9210961,21.0037906,0.601983865,15.3,48.4171516,0.6181926400000002
257.6,135.3652965,21.63543911,0.162179501,199.0247923,21.06341089,0.587438341,15.3,48.359495800000005,0.57202822
257.7,137.5282703,21.65441914,0.21742117,201.1343895,21.12180866,0.568914868,15.3,48.3061192,0.5326104800000024
257.8,139.6934182,21.67892334,0.27266284,203.2497653,21.17878504,0.544424474,15.3,48.25634710000001,0.5001382999999997
257.90000000000003,141.8612928,21.70895171,0.327790799,205.3707975,21.23334552,0.511978184,15.3,48.20950470000001,0.4756061900000006
258.0,144.0324465,21.74450425,0.382236495,207.4973639,21.28429673,0.469587025,15.3,48.16491740000002,0.4602075199999973
258.1,146.2074316,21.78558095,0.435317665,209.6293422,21.33044529,0.415593518,15.3,48.12191059999999,0.45513565999999983
258.2,148.3868006,21.83211359,0.486352046,211.766451,21.3705978,0.349666168,15.3,48.079650400000006,0.46151579
258.3,150.5711059,21.88376104,0.534657376,213.9077725,21.40356088,0.27213647,15.3,48.036666600000004,0.480200159999999
258.40000000000003,152.7608999,21.94011394,0.57955139,216.0522297,21.42814115,0.184661903,15.3,47.9913298,0.5119727900000015
258.5,154.956735,22.00076294,0.620465537,218.1987457,21.44314522,0.089231441,15.3,47.94201069999998,0.5576177199999997
258.6,157.1591091,22.06529867,0.657286107,220.3462435,21.44757862,-0.012165943,15.3,47.88713440000002,0.6177200499999991
258.7,159.3683017,22.13331178,0.690126809,222.4936462,21.44124243,-0.117541275,15.3,47.825344500000014,0.6920693500000006
258.8,161.5845377,22.20439291,0.719556196,224.6398768,21.42413666,-0.224905581,15.3,47.7553391,0.7802562500000008
258.90000000000003,163.808042,22.27813271,0.746256531,226.7838583,21.39626131,-0.332601383,15.3,47.675816299999994,0.8818714000000014
259.0,166.0390395,22.35419003,0.770910078,228.9245139,21.35761638,-0.440297184,15.3,47.585474399999995,0.996573650000002
259.1,168.2777553,22.43249666,0.794199098,231.0607664,21.30820187,-0.547992986,15.3,47.48301110000001,1.1242947900000004
259.2,170.5244142,22.51305259,0.816805856,233.191539,21.24801779,-0.655688787,15.3,47.36712480000001,1.2650348000000022
259.3,172.7792412,22.59585783,0.839298903,235.3157548,21.17706412,-0.763384589,15.3,47.23651360000001,1.4187937099999992
259.40000000000003,175.0424611,22.68091237,0.86179195,237.4323366,21.09534087,-0.87108039,15.3,47.08987550000002,1.5855715000000004
259.5,177.314299,22.76821622,0.884284997,239.5402077,21.00284804,-0.977286049,15.3,46.925908699999994,1.7653681799999994
259.6,179.5949797,22.85776937,0.906778044,241.638291,20.89958563,-1.074550857,15.3,46.7433113,1.958183739999999
259.7,181.8847282,22.94957183,0.929271091,243.7255096,20.78555364,-1.149294544,15.3,46.5407814,2.16401819
259.8,184.1837694,23.04362359,0.951764137,245.8007866,20.66164616,-1.206494507,15.3,46.31701720000002,2.381977429999999
259.90000000000003,186.4923283,23.13992465,0.969883536,247.8630448,20.5323336,-1.223291646,15.3,46.07071650000002,2.60759105
260.0,188.8106297,23.23847503,0.987378129,249.9112075,20.40576414,-1.195384525,15.3,45.8005778,2.8327108900000013
260.1,191.1388986,23.3392747,0.997900025,251.9441977,20.27895134,-1.115322433,15.3,45.50529909999999,3.0603233600000017
260.2,193.47736,23.43969949,0.991144911,253.9616536,20.16561064,-0.981615228,15.3,45.184293600000004,3.2740888499999983
260.3,195.8262387,23.5419987,0.965418016,255.9660746,20.06832293,-0.80039247,15.3,44.83983590000001,3.47367577
260.40000000000003,198.1857597,23.6423636,0.915976395,257.9606754,19.9924527,-0.565186619,15.3,44.47491570000001,3.6499108999999983
260.5,200.556148,23.7346116,0.842450752,259.9486707,19.94336447,-0.298856776,15.3,44.092522699999975,3.791247130000002
260.6,202.9372489,23.81772584,0.7363493,261.9332751,19.92552866,-0.005704376,15.3,43.69602620000002,3.89219718
260.7,205.3273904,23.88886054,0.600067473,263.9177032,19.93983936,0.305329727,15.3,43.290312799999995,3.949021179999999
260.8,207.7245206,23.94516994,0.443119096,265.9051697,19.98629658,0.625304683,15.3,42.880649099999985,3.9588733599999983
260.90000000000003,210.1265879,23.98380828,0.267198939,267.8988892,20.0649003,0.94676978,15.3,42.472301299999984,3.91890798
261.0,212.5315407,24.00240409,0.077049947,269.9020765,20.17565053,1.268234878,15.3,42.07053580000003,3.82675356
261.1,214.9373272,24.00048306,-0.122584935,271.9179461,20.31854728,1.589699975,15.3,41.6806189,3.68193578
261.2,217.3418957,23.9780452,-0.326962763,273.9497127,20.49359053,1.911165073,15.3,41.307817000000014,3.4844546700000016
261.3,219.7431946,23.93509051,-0.532131082,276.0005909,20.70078029,2.23263017,15.3,40.95739630000001,3.2343102199999976
261.40000000000003,222.1391722,23.87161898,-0.7372994,278.0737955,20.94011656,2.554095268,15.3,40.63462330000003,2.931502420000001
261.5,224.5277768,23.78763063,-0.942467719,280.172541,21.21159934,2.875560365,15.3,40.34476420000003,2.5760312899999995
261.6,226.9069568,23.68312544,-1.147636037,282.3000421,21.51522864,3.194544545,15.3,40.0930853,2.167896800000001
261.7,229.2746603,23.55810342,-1.352804356,284.4595135,21.85100444,3.498643216,15.3,39.88485320000002,1.7070989799999978
261.8,231.6288359,23.41256457,-1.557972674,286.6541697,22.21892675,3.772970871,15.3,39.7253338,1.1936378199999993
261.90000000000003,233.9674317,23.24650888,-1.763140993,288.8872256,22.61750702,4.002642002,15.3,39.61979390000003,0.6290018599999989
262.0,236.288396,23.05993637,-1.965697577,291.1618956,23.03930249,4.172771099,15.3,39.57349959999998,0.020633879999998328
262.1,238.5896773,22.85284702,-2.152583757,293.4813945,23.47538187,4.268472656,15.3,39.59171720000002,-0.622534850000001
262.2,240.8692239,22.62524084,-2.29621724,295.8489369,23.91681384,4.277342082,15.3,39.67971300000001,-1.2915729999999996
262.3,243.1249839,22.37868487,-2.416663282,298.2665466,24.3546671,4.196898459,15.3,39.84156270000004,-1.9759822299999996
262.40000000000003,245.3549059,22.12101431,-2.462515819,300.7314841,24.78001034,4.029622705,15.3,40.076578199999986,-2.658996030000001
262.5,247.5569379,21.86877854,-2.430016332,303.239819,25.18391227,3.78791941,15.3,40.382881100000006,-3.3151337299999994
262.6,249.7290285,21.6099384,-2.30610615,305.7876208,25.55744157,3.486674082,15.3,40.75859230000002,-3.947503170000001
262.7,251.8703796,21.37533753,-2.088173539,308.3709592,25.89315549,3.14077223,15.3,41.20057960000001,-4.517817960000002
262.8,253.9852075,21.16723104,-1.790742121,310.9859039,26.18956548,2.765099361,15.3,41.700696399999984,-5.022334439999998
262.90000000000003,256.0789825,20.99502118,-1.391134905,313.6285243,26.44667155,2.374540984,15.3,42.24954179999999,-5.451650370000003
263.0,258.1571746,20.86811019,-0.940757957,316.2948902,26.66447368,1.981501689,15.3,42.83771559999998,-5.796363490000001
263.1,260.225254,20.79433327,-0.443369795,318.981071,26.84297188,1.588462395,15.3,43.45581699999998,-6.048638610000001
263.2,262.2886907,20.77525746,0.085359177,321.6831365,26.98216616,1.1954231,15.3,44.094445799999974,-6.2069087
263.3,264.3529549,20.81088276,0.629758554,324.3971562,27.0820565,0.802383805,15.3,44.7442013,-6.271173740000002
263.40000000000003,266.4235167,20.90120917,1.176769664,327.1191998,27.14264292,0.40934451,15.3,45.3956831,-6.241433749999999
263.5,268.5058462,21.04623669,1.723780775,329.8453368,27.16392541,0.016305215,15.3,46.03949059999998,-6.11768872
263.6,270.6054135,21.24596532,2.270791886,332.5716368,27.14590396,-0.374375209,15.3,46.66622330000003,-5.8999386399999985
263.7,272.7276887,21.50039507,2.817802997,335.2941695,27.08857859,-0.750902412,15.3,47.266480800000025,-5.588183520000001
263.8,274.8781419,21.80952592,3.364814108,338.0090045,26.99194929,-1.099123172,15.3,47.8308626,-5.182423370000002
263.90000000000003,277.0622433,22.17335789,3.911825219,340.7122113,26.85743138,-1.404884267,15.3,48.349968000000004,-4.684073490000003
264.0,279.2854629,22.59189097,4.454702707,343.3998597,26.69210147,-1.654032475,15.3,48.814396799999955,-4.100210499999999
264.1,281.5532709,23.06512515,4.972778459,346.0680191,26.5044515,-1.832414576,15.3,49.214748200000045,-3.439326349999998
264.2,283.8711374,23.59306045,5.441250737,348.7127592,26.3029734,-1.928236217,15.3,49.54162179999999,-2.7099129499999997
264.3,286.2445325,24.17321669,5.835317807,351.3312819,26.0961591,-1.939138528,15.3,49.78674940000003,-1.922942410000001
264.40000000000003,288.6789262,24.793193,6.130177931,353.925318,25.89250054,-1.867480379,15.3,49.94639180000003,-1.0993075400000016
264.5,291.1797888,25.43810833,6.301029373,356.4977307,25.70048965,-1.725056123,15.3,50.0179419,-0.2623813200000029
264.6,293.7525903,26.09308165,6.32720402,359.0513832,25.52861835,-1.52601898,15.3,49.99879289999997,0.5644632999999999
264.7,296.4008167,26.74323191,6.204568248,361.5891386,25.38396327,-1.284522172,15.3,49.88832190000001,1.3592686399999998
264.8,299.1200173,27.37367808,5.93725568,364.1138601,25.26793973,-1.014718921,15.3,49.69384280000004,2.105738350000003
264.90000000000003,301.9037576,27.9695391,5.54593443,366.6284108,25.18054772,-0.730762449,15.3,49.42465319999998,2.788991379999999
265.0,304.7456027,28.51593395,5.055406235,369.1356539,25.12178724,-0.444447106,15.3,49.09005120000002,3.394146710000001
265.1,307.639118,29.00046174,4.490472831,371.6384525,25.09165829,-0.158131763,15.3,48.699334500000035,3.908803449999997
265.2,310.5778687,29.42064231,3.875935953,374.1396698,25.09016089,0.12818358,15.3,48.26180109999997,4.330481420000002
265.3,313.5554201,29.77647565,3.23659734,376.6421689,25.11729501,0.414498923,15.3,47.78674880000001,4.659180639999999
265.40000000000003,316.5653374,30.06796178,2.593125103,379.148813,25.17306067,0.700814265,15.3,47.283475600000045,4.894901109999999
265.5,319.6011861,30.29510067,1.949652867,381.6624653,25.25745786,0.987129608,15.3,46.761279200000004,5.037642810000001
265.6,322.6565312,30.45789235,1.30618063,384.1859888,25.37048659,1.271954249,15.3,46.2294576,5.087405760000003
265.7,325.7249381,30.5563368,0.662708394,386.7222468,25.51214685,1.547834675,15.3,45.69730870000002,5.04418995
265.8,328.7999722,30.59043403,0.019236157,389.2741024,25.68243865,1.805826674,15.3,45.17413019999999,4.907995379999999
265.90000000000003,331.8751985,30.56018403,-0.624236079,391.8444188,25.88046756,2.036986031,15.3,44.66922030000002,4.679716469999999
266.0,334.9441826,30.46558681,-1.26396929,394.436059,26.10176148,2.23689647,15.3,44.19187640000003,4.363825330000001
266.1,338.0004895,30.30664237,-1.881268351,397.0518864,26.34095387,2.383029963,15.3,43.75139689999999,3.965688499999999
266.2,341.0376847,30.0833507,-2.453699112,399.6947639,26.59267821,2.481516813,15.3,43.3570792,3.4906724900000015
266.3,344.0493333,29.79795523,-2.958827422,402.3668393,26.85428474,2.526338379,15.3,43.01750599999998,2.943670489999999
266.40000000000003,347.0290006,29.46167302,-3.37421913,405.067398,27.11225663,2.518985364,15.3,42.73839740000001,2.3494163899999982
266.5,349.970252,29.08796456,-3.677440087,407.7950099,27.36937765,2.466911279,15.3,42.52475790000001,1.718586909999999
266.6,352.8666527,28.69029036,-3.849795168,410.548245,27.6175645,2.3745324,15.3,42.38159230000004,1.0727258599999985
266.7,355.7135627,28.28211089,-3.887545347,413.3256731,27.85234509,2.264376756,15.3,42.31211040000001,0.4297657999999984
266.8,358.513521,27.87688665,-3.794429649,416.1258643,28.07282498,2.131804746,15.3,42.31234329999997,-0.1959383300000006
266.90000000000003,361.2708612,27.48807813,-3.5891432,418.9473885,28.27900418,1.990288521,15.3,42.37652729999998,-0.7909260499999995
267.0,363.989917,27.12914581,-3.294120149,421.7888155,28.47088268,1.847281594,15.3,42.49889850000001,-1.3417368699999983
267.1,366.675022,26.81130678,-2.931794648,424.6487154,28.6484605,1.704274668,15.3,42.673693400000005,-1.8371537199999999
267.2,369.33051,26.53680444,-2.524600846,427.525658,28.81173762,1.561267741,15.3,42.89514800000002,-2.274933179999998
267.3,371.9607145,26.3056388,-2.094972894,430.4182132,28.96071404,1.418260814,15.3,43.15749870000003,-2.6550752399999986
267.40000000000003,374.5699694,26.11780986,-1.661605917,433.3249511,29.09538978,1.275253887,15.3,43.45498170000003,-2.97757992
267.5,377.1626081,25.97331762,-1.22823894,436.2444415,29.21576482,1.132246961,15.3,43.7818334,-3.242447200000001
267.6,379.7429645,25.87216207,-0.794871963,439.1752544,29.32183917,0.989240034,15.3,44.13228989999995,-3.449677099999999
267.7,382.3153722,25.81434322,-0.361504986,442.1159597,29.41361283,0.846806502,15.3,44.50058750000001,-3.5992696100000003
267.8,384.8841648,25.79986108,0.071861991,445.0651273,29.49108579,0.707813343,15.3,44.88096249999997,-3.69122471
267.90000000000003,387.4536761,25.82871562,0.505228968,448.0213272,29.55425806,0.575700928,15.3,45.26765109999998,-3.725542439999998
268.0,390.0282396,25.90090687,0.938595946,450.9831293,29.60347368,0.453909629,15.3,45.65488969999997,-3.7025668100000004
268.1,392.6121891,26.01643481,1.369665084,453.9491035,29.64045283,0.345879817,15.3,46.03691439999996,-3.624018020000001
268.2,395.2098582,26.17529945,1.78694719,456.9178198,29.66725973,0.252262052,15.3,46.407961600000036,-3.4919602800000007
268.3,397.8255806,26.37750079,2.176655233,459.887848,29.6859586,0.184182947,15.3,46.7622674,-3.30845781
268.40000000000003,400.46369,26.62166013,2.52500218,462.8580334,29.69861368,0.13417587,15.3,47.09434340000003,-3.0769535500000025
268.5,403.1285201,26.90088394,2.825082798,465.828322,29.7056153,0.104127825,15.3,47.399801900000014,-2.8047313600000017
268.6,405.8244044,27.20690001,3.042464657,468.7989351,29.71398345,0.09128164,15.3,47.674530700000005,-2.5070834400000024
268.7,408.5556767,27.53143612,3.186303963,471.7700941,29.72095835,0.092196943,15.3,47.914417400000005,-2.1895222300000015
268.8,411.3255677,27.87034913,3.247421077,474.7420202,29.72973642,0.106223177,15.3,48.116452499999994,-1.8593872899999973
268.90000000000003,414.1328963,28.20297959,3.228113838,477.7149348,29.74072759,0.121660331,15.3,48.282038499999956,-1.537747999999997
269.0,416.9753782,28.5334425,3.139871439,480.6890592,29.75393185,0.143108061,15.3,48.413680999999954,-1.2204893500000011
269.1,419.8507295,28.84933658,2.989599113,483.6646147,29.7693492,0.165238992,15.3,48.51388520000002,-0.9200126200000014
269.2,422.7566661,29.14376831,2.811729289,486.6418225,29.78697965,0.187369922,15.3,48.585156399999974,-0.6432113400000006
269.3,425.6909037,29.41535898,2.599403603,489.6209041,29.80682319,0.209500853,15.3,48.63000040000004,-0.39146420999999876
269.40000000000003,428.6511584,29.6641086,2.373290884,492.6020806,29.82887982,0.231631784,15.3,48.65092220000004,-0.16477122000000222
269.5,431.635146,29.89001716,2.144880327,495.5855735,29.85314954,0.253762714,15.3,48.65042749999999,0.03686761999999888
269.6,434.6405824,30.09308467,1.916469769,498.571604,29.87963236,0.275893645,15.3,48.631021599999954,0.21345231000000098
269.7,437.6651834,30.27331111,1.688059212,501.5603934,29.90832827,0.297775887,15.3,48.59521000000002,0.36498284000000325
269.8,440.7066651,30.43069651,1.459648655,504.5521631,29.93923728,0.318166001,15.3,48.54549799999997,0.49145923000000025
269.90000000000003,443.7627433,30.56524085,1.231238097,507.5471343,29.97235937,0.334412084,15.3,48.484390999999974,0.5928814799999991
270.0,446.8311338,30.67694413,1.00282754,510.5455284,30.00754535,0.348501323,15.3,48.41439460000005,0.6693987799999981
270.1,449.9095526,30.76580635,0.775305744,513.5475667,30.04404914,0.355462273,15.3,48.33801409999997,0.7217572099999998
270.2,452.9957156,30.83182752,0.553116516,516.5534704,30.08027961,0.354962578,15.3,48.25775480000006,0.7515479099999993
270.3,456.0873387,30.87500764,0.341592425,519.563461,30.11742906,0.345758795,15.3,48.17612229999999,0.7575785800000006
270.40000000000003,459.1821377,30.89587995,0.146066038,522.5776402,30.15251464,0.327602237,15.3,48.09550250000002,0.7433653100000015
270.5,462.2778285,30.89711075,-0.028130077,525.5956327,30.18533692,0.301901364,15.3,48.017804200000015,0.7117738299999985
270.6,465.3721271,30.88189958,-0.180033557,528.6169435,30.21500063,0.266420302,15.3,47.94481640000005,0.6668989500000002
270.7,468.4627494,30.85344598,-0.296558689,531.6410776,30.24061049,0.226130494,15.3,47.87832820000001,0.6128354899999984
270.8,471.5478378,30.81494948,-0.376521196,534.6675401,30.26142043,0.181364299,15.3,47.819702299999975,0.5535290499999981
270.90000000000003,474.6272412,30.7669875,-0.429845767,537.6958362,30.27728125,0.133613846,15.3,47.76859500000002,0.48970624999999757
271.0,477.7012353,30.71794474,-0.456507497,540.7254709,30.28819294,0.084371263,15.3,47.7242356,0.4297518000000018
271.1,480.7700954,30.67119804,-0.461838954,543.7559494,30.2941555,0.034879992,15.3,47.68585399999996,0.3770425400000015
271.2,483.8340972,30.62399212,-0.446802501,546.7867766,30.29516893,-0.014611279,15.3,47.65267940000008,0.3288231900000014
271.3,486.8935162,30.57954148,-0.425372614,549.8174577,30.29123324,-0.06410255,15.3,47.62394149999996,0.2883082399999992
271.40000000000003,489.9486279,30.5378461,-0.403177373,552.8474978,30.28234842,-0.113593821,15.3,47.598869900000025,0.25549767999999773
271.5,492.9997078,30.498906,-0.375624661,555.876402,30.26851448,-0.163085092,15.3,47.57669419999998,0.2303915200000013
271.6,496.0470315,30.46272117,-0.348071948,558.9036753,30.24973141,-0.212576363,15.3,47.55664380000003,0.21298975999999925
271.7,499.0908744,30.42929161,-0.320519236,561.9288228,30.22599921,-0.262067634,15.3,47.53794840000002,0.2032923999999987
271.8,502.1315122,30.39861733,-0.292966523,564.9513497,30.19731788,-0.310768523,15.3,47.519837500000065,0.2012994500000005
271.90000000000003,505.1692202,30.37069831,-0.265413811,567.9707609,30.16368743,-0.350373031,15.3,47.50154069999998,0.20701088000000212
272.0,508.2042742,30.34553456,-0.237861098,570.9865617,30.12510784,-0.389201152,15.3,47.482287500000055,0.22042672000000252
272.1,511.2369495,30.32312609,-0.210765845,573.9982571,30.08205336,-0.409448317,15.3,47.46130760000007,0.24107272999999907
272.2,514.2675218,30.30347289,-0.188723091,577.0053521,30.03950759,-0.41072633,15.3,47.43783029999993,0.26396529999999885
272.3,517.2962665,30.28657495,-0.16755437,580.0073519,29.99247851,-0.388292906,15.3,47.411085400000005,0.294096439999997
272.40000000000003,520.3234591,30.27215782,-0.156927664,583.0037615,29.95164889,-0.338196138,15.3,47.38030239999996,0.320508929999999
272.5,523.3493753,30.25746445,-0.157279989,585.9944655,29.91725163,-0.263999738,15.3,47.34509020000003,0.3402128200000014
272.6,526.3742905,30.24500194,-0.171356102,588.9808658,29.8921321,-0.153431806,15.3,47.30657529999992,0.3528698400000003
272.7,529.3984802,30.22896949,-0.201443303,591.9647438,29.87913568,-0.02350653,15.3,47.26626359999996,0.3498338099999998
272.8,532.4220004,30.20910489,-0.245691309,594.9478808,29.88110774,0.125387897,15.3,47.22588040000001,0.32799714999999807
272.90000000000003,535.4440288,30.18376129,-0.310565884,597.9320584,29.90041943,0.288509186,15.3,47.18802960000001,0.28334186000000017
273.0,538.4635233,30.15129184,-0.386856507,600.9190578,29.93754497,0.461115051,15.3,47.1555345,0.2137468699999978
273.1,541.4794421,30.11004967,-0.474126161,603.9106604,29.99248437,0.638463203,15.3,47.13121829999996,0.11756529999999898
273.2,544.490743,30.05866241,-0.569630088,606.9086477,30.06523761,0.816601736,15.3,47.11790470000001,-0.006575200000000336
273.3,547.4963843,29.99685559,-0.670623531,609.914801,30.15580471,0.994740269,15.3,47.11841669999997,-0.1589491200000026
273.40000000000003,550.4953239,29.9246292,-0.774361731,612.9309017,30.26418567,1.172878803,15.3,47.135577800000036,-0.33955647000000155
273.5,553.4865199,29.84198324,-0.878557391,615.9587312,30.39038047,1.351017336,15.3,47.17221130000003,-0.5483972299999991
273.6,556.4689304,29.74891772,-0.982753051,619.0000709,30.53438913,1.529155869,15.3,47.231140499999995,-0.7854714099999995
273.7,559.4415133,29.64543263,-1.086948711,622.0567021,30.69621165,1.707294402,15.3,47.31518880000006,-1.0507790200000002
273.8,562.4032267,29.53152798,-1.191144372,625.1304063,30.87584801,1.883568857,15.3,47.4271796,-1.3443200299999987
273.90000000000003,565.3530286,29.40720376,-1.295340032,628.2229648,31.07329823,2.048658836,15.3,47.56993619999999,-1.6660944699999973
274.0,568.2898772,29.27245997,-1.399535692,631.336159,31.28856231,2.185335926,15.3,47.74628179999998,-2.0161023399999998
274.1,571.2127304,29.12729662,-1.503731352,634.4717704,31.52052179,2.300547471,15.3,47.959039999999916,-2.393225170000001
274.2,574.1205463,28.9717137,-1.606320215,637.6315802,31.76358443,2.364977177,15.3,48.21103390000003,-2.791870730000003
274.3,577.0122829,28.80571122,-1.692864159,640.8173698,32.0074132,2.373484509,15.3,48.50508690000011,-3.201701980000003
274.40000000000003,579.8868983,28.62928916,-1.772903474,644.0309208,32.2561765,2.316749071,15.3,48.84402250000001,-3.6268873400000032
274.5,582.7433506,28.44341163,-1.817678996,647.2731196,32.49228454,2.192906785,15.3,49.22976899999999,-4.04887291
274.6,585.5805976,28.25674147,-1.82386005,650.5412739,32.71265301,2.009865668,15.3,49.660676299999935,-4.455911539999995
274.7,588.3975976,28.06355453,-1.7818372,653.8317965,32.91057123,1.758814298,15.3,50.13419889999996,-4.847016700000001
274.8,591.1933085,27.8811063,-1.683576461,657.1411002,33.07932851,1.469068968,15.3,50.64779170000004,-5.198222210000004
274.90000000000003,593.9674597,27.71139518,-1.533875175,660.465598,33.2133326,1.145770214,15.3,51.19813830000005,-5.501937420000001
275.0,596.7228655,27.56018684,-1.315159069,663.8017026,33.31146507,0.80010251,15.3,51.77883709999999,-5.751278229999997
275.1,599.4631115,27.43326575,-1.054580507,667.1458268,33.37372592,0.443250332,15.3,52.382715300000044,-5.940460169999998
275.2,602.1917834,27.33641637,-0.755470166,670.4943836,33.40011514,0.084534074,15.3,53.00260020000003,-6.0636987699999985
275.3,604.9124667,27.27445909,-0.427437483,673.8437857,33.39063274,-0.274182183,15.3,53.63131900000003,-6.11617365
275.40000000000003,607.6287471,27.248358,-0.080123237,677.1904459,33.3452787,-0.632898441,15.3,54.261698799999934,-6.096920700000002
275.5,610.3442102,27.25811309,0.276831789,680.5307772,33.26405305,-0.991614699,15.3,54.88656699999997,-6.005939960000003
275.6,613.0624416,27.30372436,0.635393612,683.8611923,33.14695576,-1.350330956,15.3,55.49875069999992,-5.843231399999997
275.7,615.787027,27.38519181,0.993955435,687.1781042,32.99398686,-1.709047214,15.3,56.09107720000004,-5.608795050000001
275.8,618.5215519,27.50251544,1.352517258,690.4779255,32.80514632,-2.067763471,15.3,56.65637360000001,-5.302630879999999
275.90000000000003,621.269602,27.65569526,1.711079081,693.7570693,32.58043416,-2.424493481,15.3,57.18746730000005,-4.924738900000001
276.0,624.0347629,27.84473126,2.069640905,697.0119482,32.31985038,-2.769306001,15.3,57.67718529999998,-4.475119119999999
276.1,626.8206202,28.06962344,2.428202728,700.2389751,32.02339496,-3.090283541,15.3,58.11835489999994,-3.9537715199999965
276.2,629.6307595,28.3303718,2.783489164,703.434563,31.69225968,-3.375508613,15.3,58.503803500000075,-3.3618878799999976
276.3,632.4687664,28.62697635,3.119123277,706.5951245,31.33240326,-3.613063726,15.3,58.82635809999995,-2.70542691
276.40000000000003,635.3382266,28.95943708,3.415452744,709.7170726,30.9509762,-3.791031391,15.3,59.07884600000007,-1.9915391199999988
276.5,638.2427257,29.32578876,3.652825242,712.7968201,30.55512899,-3.899480366,15.3,59.25409439999994,-1.2293402300000018
276.6,641.1858494,29.71620522,3.811588449,715.8317333,30.15201214,-3.936424404,15.3,59.34588389999995,-0.435806920000001
276.7,644.1711831,30.11889509,3.872090041,718.8229919,29.74877613,-3.903849752,15.3,59.35180880000003,0.3701189599999992
276.8,647.2023125,30.52206695,3.817953083,721.7727291,29.35257146,-3.811687652,15.3,59.27041660000005,1.1694954899999992
276.90000000000003,650.2812512,30.91392942,3.645902187,724.6830783,28.97054861,-3.671855594,15.3,59.101827099999994,1.9433808099999972
277.0,653.4037236,31.2826911,3.359212741,727.5561727,28.60866635,-3.496271067,15.3,58.852449100000015,2.674024750000001
277.1,656.5638825,31.61656061,2.974261681,730.3941454,28.2681164,-3.29685156,15.3,58.53026289999998,3.3484442100000003
277.2,659.7558802,31.90374654,2.510701328,733.1991298,27.94889878,-3.085514564,15.3,58.14324960000006,3.95484776
277.3,662.9738693,32.13442273,1.988184007,735.973259,27.65101349,-2.87219132,15.3,57.69938969999994,4.483409239999997
277.40000000000003,666.2120022,32.30662396,1.426362041,738.7186664,27.37446052,-2.658868075,15.3,57.206664199999935,4.932163440000004
277.5,669.4644316,32.42035022,0.844887751,741.437485,27.11923988,-2.445544831,15.3,56.67305340000003,5.301110340000005
277.6,672.7253098,32.47560151,0.260138074,744.1318482,26.88535155,-2.232221587,15.3,56.10653840000005,5.590249959999998
277.7,675.9887893,32.47237783,-0.324611603,746.8038891,26.67279556,-2.018898342,15.3,55.51509979999999,5.799582269999998
277.8,679.2490228,32.41067919,-0.90936128,749.4557411,26.48157189,-1.805575098,15.3,54.90671829999992,5.929107300000002
277.90000000000003,682.5001627,32.29050558,-1.494110957,752.0895373,26.31168054,-1.593716549,15.3,54.28937459999993,5.97882504
278.0,685.7363614,32.111857,-2.078860634,754.7074111,26.16312151,-1.390646168,15.3,53.67104969999998,5.948735490000001
278.1,688.9517715,31.87473345,-2.663610311,757.3114955,26.03589482,-1.205152127,15.3,53.05972400000003,5.8388386300000015
278.2,692.1405456,31.57913493,-3.248359988,759.9039239,25.92912163,-1.046022593,15.3,52.4633783,5.650013299999998
278.3,695.296836,31.22506145,-3.829817156,762.4868294,25.83840786,-0.922045737,15.3,51.88999340000005,5.386653589999998
278.40000000000003,698.4147954,30.812513,-4.391519275,765.0623454,25.75848061,-0.842009728,15.3,51.34755000000003,5.05403239
278.5,701.4885761,30.34148958,-4.913711295,767.632605,25.68406698,-0.813238039,15.3,50.84402889999997,4.6574226
278.6,704.5123308,29.8139667,-5.376638165,770.1990384,25.60989407,-0.837195367,15.3,50.38670759999998,4.204072630000002
278.7,707.4802118,29.23982188,-5.760544837,772.7602636,25.53068898,-0.912417016,15.3,49.98005180000003,3.7091329
278.8,710.3863718,28.63090816,-6.04567626,775.3141955,25.4411788,-1.031579511,15.3,49.62782369999998,3.189729360000001
278.90000000000003,713.2249632,27.99907855,-6.215569894,777.8587491,25.33609064,-1.185894684,15.3,49.33378589999991,2.662987910000002
279.0,715.9917189,27.3561861,-6.266933229,780.3918391,25.2110304,-1.366574364,15.3,49.10012019999995,2.1451557
279.1,718.6886935,26.71408383,-6.203058774,782.9113806,25.06511928,-1.564830384,15.3,48.92268710000003,1.6489645499999988
279.2,721.3195219,26.08462477,-6.04040907,785.4152884,24.89835726,-1.771874573,15.3,48.79576649999997,1.1862675100000004
279.3,723.8878389,25.47966195,-5.798739168,787.9014775,24.71074436,-1.980383456,15.3,48.71363860000004,0.7689175900000009
279.40000000000003,726.3972796,24.90907289,-5.497804117,790.3678627,24.50228057,-2.18889234,15.3,48.6705831,0.406792320000001
279.5,728.8514789,24.37483311,-5.157358966,792.8123591,24.27296589,-2.397401223,15.3,48.66088020000002,0.10186722000000259
279.6,731.2540716,23.8769426,-4.797158766,795.2328814,24.02280033,-2.605910107,15.3,48.678809800000025,-0.14585772999999946
279.7,733.6086928,23.41540136,-4.433666057,797.6273446,23.75178387,-2.81441899,15.3,48.718651800000046,-0.33638250999999997
279.8,735.9189773,22.99020939,-4.070173349,799.9936636,23.45991653,-3.022927874,15.3,48.77468629999994,-0.4697071400000006
279.90000000000003,738.18856,22.60136669,-3.70668064,802.3297533,23.1471983,-3.231436758,15.3,48.841193299999944,-0.5458316100000005
280.0,740.421076,22.24887326,-3.343187931,804.6335287,22.81362918,-3.438553999,15.3,48.91245270000009,-0.5647559199999996
280.1,742.62016,21.9327291,-2.979695223,806.9029046,22.45920917,-3.637321388,15.3,48.982744600000004,-0.5264800700000016
280.2,744.7894471,21.65293421,-2.616202514,809.135796,22.08393827,-3.81938907,15.3,49.04634890000007,-0.43100405999999936
280.3,746.9325722,21.4094886,-2.253836317,811.3301177,21.68865147,-3.976407193,15.3,49.09754549999998,-0.2791628700000004
280.40000000000003,749.0531702,21.20239225,-1.898229186,813.4837847,21.2775237,-4.100025905,15.3,49.13061450000005,-0.07513145000000065
280.5,751.1548761,21.03164518,-1.556140189,815.5947119,20.85556485,-4.181895351,15.3,49.13983579999997,0.17608033000000134
280.6,753.2413246,20.89657147,-1.234328394,817.6608142,20.42778486,-4.215057321,15.3,49.11948960000002,0.4687866100000022
280.7,755.3161509,20.79379159,-0.939552866,819.6806745,19.99919363,-4.198120174,15.3,49.06452359999999,0.7945979600000008
280.8,757.3829898,20.7192501,-0.678572672,821.6555476,19.57480106,-4.13247555,15.3,48.97255779999996,1.1444490400000014
280.90000000000003,759.4454762,20.66889156,-0.457020369,823.5873565,19.15961708,-4.025081662,15.3,48.84188030000003,1.5092744799999984
281.0,761.5067043,20.63866053,-0.276022468,825.4780238,18.75865159,-3.884288361,15.3,48.67131949999994,1.8800089399999997
281.1,763.5676055,20.62450158,-0.134452458,827.3294726,18.37607952,-3.718445502,15.3,48.46186710000002,2.2484220599999993
281.2,765.6285703,20.62235925,-0.026677782,829.1436255,18.01273586,-3.535902936,15.3,48.21505520000001,2.6096233899999994
281.3,767.6899893,20.62817811,0.054060626,830.9224056,17.66862061,-3.345010518,15.3,47.93241630000007,2.959557499999999
281.40000000000003,769.7522531,20.63857863,0.114521833,832.6677355,17.34373376,-3.152726457,15.3,47.61548240000009,3.294844870000002
281.5,771.8157522,20.65288489,0.161464907,834.3815381,17.03807532,-2.960442396,15.3,47.265785899999926,3.6148095699999985
281.6,773.8808772,20.67109691,0.201648913,836.0657363,16.75164528,-2.768158336,15.3,46.88485910000004,3.9194516299999975
281.7,775.9480187,20.69321468,0.240706408,837.722253,16.48444365,-2.575874275,15.3,46.47423429999999,4.208771030000001
281.8,778.0175672,20.71923819,0.279763903,839.3530109,16.23647043,-2.383590214,15.3,46.03544369999993,4.482767759999998
281.90000000000003,780.0899134,20.74916746,0.318821398,840.9599328,16.00772561,-2.191306153,15.3,45.57001940000005,4.7414418499999975
282.0,782.1654478,20.78300247,0.357878894,842.5449418,15.7982092,-1.999631837,15.3,45.07949399999991,4.984793269999999
282.1,784.244561,20.82074323,0.396936389,844.1099605,15.60792119,-1.811615989,15.3,44.56539950000008,5.212822040000001
282.2,786.3276436,20.86238975,0.435993884,845.6569118,15.43686159,-1.630917076,15.3,44.029268200000004,5.425528159999999
282.3,788.4150861,20.90794201,0.474222961,847.1877186,15.28466455,-1.461193565,15.3,43.47263249999999,5.623277459999999
282.40000000000003,790.5072791,20.95740002,0.501089709,848.7043037,15.14950083,-1.306103925,15.3,42.897024599999966,5.807899190000002
282.5,792.6046132,21.01076379,0.530799084,850.2085899,15.02917536,-1.169306623,15.3,42.30397669999998,5.981588429999999
282.6,794.707479,21.06753625,0.539205114,851.7025001,14.92149306,-1.053850383,15.3,41.69502109999992,6.14604319
282.7,796.816267,21.12139706,0.527729111,853.1876645,14.82425883,-0.960344948,15.3,41.07139749999995,6.29713823
282.8,798.9313679,21.1808692,0.491400569,854.6645424,14.73527761,-0.888180574,15.3,40.43317449999991,6.445591589999999
282.90000000000003,801.0531721,21.23146508,0.426077398,856.1333008,14.65235432,-0.834308538,15.3,39.78012870000005,6.579110759999999
283.0,803.1816726,21.27403749,0.337323,857.5941063,14.57329386,-0.795070373,15.3,39.11243370000007,6.700743630000002
283.1,805.3152718,21.30560413,0.20679033,859.0471257,14.49626702,-0.76680761,15.3,38.431853900000036,6.8093371099999995
283.2,807.4519745,21.32318269,0.057796942,860.4925258,14.42090793,-0.745861783,15.3,37.74055129999995,6.902274759999999
283.3,809.5897853,21.32379086,-0.111078479,861.9304734,14.34721661,-0.728574424,15.3,37.04068809999997,6.976574249999999
283.40000000000003,811.726709,21.3049434,-0.294865423,863.3611352,14.27519305,-0.711896809,15.3,36.33442620000001,7.029750349999999
283.5,813.8607503,21.26614324,-0.488593383,864.7846781,14.20483725,-0.695219194,15.3,35.623927800000004,7.061305990000001
283.6,815.989914,21.2073904,-0.68729185,866.2012688,14.13614921,-0.678541579,15.3,34.911354799999984,7.071241190000002
283.7,818.1122048,21.12868487,-0.886818736,867.6110741,14.06912893,-0.661863964,15.3,34.19886930000003,7.059555940000001
283.8,820.2256273,21.03002666,-1.086345622,869.0142607,14.00377642,-0.645186349,15.3,33.48863339999998,7.026250240000001
283.90000000000003,822.3281864,20.91141575,-1.285872508,870.4109955,13.94009166,-0.628508734,15.3,32.782809099999966,6.9713240899999995
284.0,824.4178868,20.77285215,-1.485399394,871.8014451,13.87807467,-0.611863288,15.3,32.08355830000001,6.894777479999998
284.1,826.4927332,20.61433587,-1.68492628,873.1857765,13.81772544,-0.595410857,15.3,31.3930433,6.796610430000001
284.2,828.5507303,20.4358669,-1.884453165,874.5641563,13.75904397,-0.579344454,15.3,30.71342599999998,6.67682293
284.3,830.5898829,20.23744524,-2.083980051,875.9367514,13.70201096,-0.563857095,15.3,30.046868500000027,6.535434279999999
284.40000000000003,832.6081957,20.01907089,-2.282217054,877.3037285,13.6465299,-0.549141795,15.3,29.395532800000023,6.372540989999997
284.5,834.6036735,19.78074385,-2.472714756,878.6652544,13.59248499,-0.535391566,15.3,28.761580899999966,6.1882588599999995
284.6,836.5743208,19.52246412,-2.647733858,880.0214959,13.53976041,-0.522767256,15.3,28.14717509999998,5.982703709999999
284.7,838.5181426,19.24500564,-2.799535061,881.3726042,13.48824036,-0.511301033,15.3,27.55446159999992,5.756765279999998
284.8,840.4331435,18.95223805,-2.920379063,882.7186691,13.43780903,-0.500960728,15.3,26.985525600000027,5.514429019999998
284.90000000000003,842.3173283,18.64880492,-3.002526564,884.0597645,13.38835061,-0.491585495,15.3,26.442436200000042,5.26045431
285.0,844.1687016,18.33934985,-3.039528149,885.3959647,13.33974928,-0.482982321,15.3,25.927263100000072,4.999600570000002
285.1,845.9858874,18.02851641,-3.030093933,886.7273437,13.29190855,-0.474958189,15.3,25.44145629999998,4.736607860000001
285.2,847.7699862,17.72094819,-2.975513801,888.0539757,13.24480912,-0.467320087,15.3,24.983989500000074,4.476139070000002
285.3,849.5227174,17.42128875,-2.882237168,889.3759349,13.19845097,-0.459875,15.3,24.553217499999914,4.222837779999999
285.40000000000003,851.2458007,17.13418169,-2.758003335,890.6932953,13.15283412,-0.452462081,15.3,24.147494600000027,3.9813475699999987
285.5,852.9409558,16.86349664,-2.610551602,892.0061311,13.10795855,-0.445049163,15.3,23.765175299999964,3.7555380900000017
285.6,854.6099021,16.61000755,-2.447621269,893.3145164,13.06382428,-0.437636245,15.3,23.404614300000002,3.5461832699999984
285.7,856.2543593,16.37371441,-2.276951635,894.6185253,13.0204313,-0.430223326,15.3,23.064165999999954,3.3532831100000013
285.8,857.876047,16.15461722,-2.104992119,895.918232,12.97777962,-0.422810408,15.3,22.742185000000017,3.176837599999999
285.90000000000003,859.4766848,15.95271599,-1.933032602,897.2137106,12.93586922,-0.415397489,15.3,22.43702579999997,3.016846769999999
286.0,861.0579922,15.7680107,-1.761073085,898.5050352,12.89470012,-0.407984571,15.3,22.147043000000007,2.87331058
286.1,862.6216889,15.60050137,-1.589113569,899.7922799,12.85427231,-0.400330139,15.3,21.870591000000058,2.7462290599999992
286.2,864.1694945,15.45018799,-1.417154052,901.075519,12.81458579,-0.391226628,15.3,21.606024499999943,2.6356021999999992
286.3,865.7031285,15.31707056,-1.245194535,902.3548264,12.77564056,-0.379224958,15.3,21.35169789999993,2.54143
286.40000000000003,867.2243106,15.20114908,-1.073955992,903.6302765,12.73758153,-0.362876049,15.3,21.10596590000007,2.4635675500000005
286.5,868.7347604,15.10242356,-0.907043289,904.9019431,12.70113325,-0.340730822,15.3,20.86718270000001,2.4012903100000003
286.6,870.2361974,15.02089398,-0.748782267,906.1699006,12.66716515,-0.311340198,15.3,20.633703199999967,2.3537288299999997
286.7,871.7303412,14.95612778,-0.603498766,907.434223,12.63654668,-0.27349661,15.3,20.403881799999976,2.319581099999999
286.8,873.2189115,14.90596202,-0.475518626,908.6951004,12.6101473,-0.226958545,15.3,20.17618890000001,2.295814720000001
286.90000000000003,874.7036278,14.8678012,-0.363996622,909.9531865,12.58883644,-0.171967517,15.3,19.949558699999965,2.278964760000001
287.0,876.1862097,14.83904982,-0.288050819,911.2092511,12.57348357,-0.10973109,15.3,19.72304140000001,2.265566249999999
287.1,877.6680308,14.81711238,-0.232888993,912.4640638,12.56495812,-0.041698346,15.3,19.496032999999965,2.2521542599999993
287.2,879.1490803,14.80249601,-0.202961235,913.7183943,12.56398464,0.030681636,15.3,19.269313999999962,2.238511370000001
287.3,880.6290013,14.78329728,-0.194662678,914.9730123,12.57070803,0.105959778,15.3,19.044011000000022,2.212589249999999
287.40000000000003,882.1074372,14.76622862,-0.203667484,916.2286875,12.58512829,0.182686999,15.3,18.821250299999928,2.1811003299999996
287.5,883.5840311,14.74602446,-0.230820876,917.4861895,12.60724543,0.259655733,15.3,18.602158400000075,2.1387790299999985
287.6,885.0584262,14.72225222,-0.256283817,918.7462881,12.63705944,0.336624468,15.3,18.38786190000003,2.08519278
287.7,886.5302656,14.69491189,-0.291243664,920.009753,12.67457032,0.413593202,15.3,18.17948740000004,2.0203415699999994
287.8,887.9991926,14.66400348,-0.326924485,921.2773537,12.71977808,0.490561936,15.3,17.978161100000033,1.9442254000000005
287.90000000000003,889.4648503,14.62952699,-0.362605306,922.5498601,12.77268271,0.567530671,15.3,17.78500980000008,1.8568442800000007
288.0,890.926882,14.59148242,-0.398286127,923.8280418,12.83328421,0.644499405,15.3,17.601159800000072,1.7581982099999998
288.1,892.3849309,14.54986977,-0.433966948,925.1126685,12.90158259,0.72123752,15.3,17.427737600000068,1.6482871800000005
288.2,893.83864,14.50468903,-0.469647768,926.4045099,12.97757784,0.79659192,15.3,17.265869899999938,1.5271111899999994
288.3,895.2876527,14.45594021,-0.505328589,927.7043357,13.06126996,0.869178888,15.3,17.116683000000034,1.394670249999999
288.40000000000003,896.7316121,14.40362331,-0.54072331,929.0129155,13.15252059,0.93761471,15.3,16.981303399999955,1.2511027200000004
288.5,898.1701614,14.34773833,-0.57440143,930.331019,13.25063786,1.000515669,15.3,16.860857599999985,1.0971004700000009
288.6,899.6029438,14.28828527,-0.604646349,931.659416,13.35479154,1.05649805,15.3,16.756472199999916,0.9334937299999986
288.7,901.0296025,14.22543578,-0.629741467,932.9988761,13.46415141,1.104408757,15.3,16.66927359999995,0.7612843700000003
288.8,902.4497807,14.16004817,-0.647970182,934.3500583,13.57788724,1.144017171,15.3,16.60027759999998,0.5821609299999988
288.90000000000003,903.8631215,14.09315241,-0.657615895,935.7131788,13.69516879,1.17555391,15.3,16.550057300000002,0.39798361999999976
289.0,905.2692682,14.02577843,-0.657248105,937.0883432,13.81516584,1.200172072,15.3,16.519074999999997,0.2106125900000002
289.1,906.6680013,13.95895622,-0.646580712,938.4756568,13.93704816,1.219255371,15.3,16.50765550000001,0.021908059999999452
289.2,908.0596506,13.89371573,-0.625899816,939.8752253,14.06012389,1.234187523,15.3,16.515574699999956,-0.16640815999999958
289.3,909.4446833,13.83108692,-0.596635917,941.2871541,14.18425466,1.246352244,15.3,16.5424708,-0.35316773999999995
289.40000000000003,910.8235666,13.77209975,-0.560505616,942.7115487,14.30944046,1.25713325,15.3,16.58798209999993,-0.5373407099999987
289.5,912.1967675,13.71761252,-0.519225513,944.1485146,14.43568131,1.267683636,15.3,16.651747100000033,-0.7180687900000002
289.6,913.5647533,13.66779688,-0.474512209,945.5981574,14.56297719,1.278234022,15.3,16.733404099999984,-0.8951803100000006
289.7,914.9279911,13.62265285,-0.428082305,947.0605825,14.69132811,1.288784409,15.3,16.832591400000023,-1.068675260000001
289.8,916.286948,13.58218042,-0.381366301,948.5358955,14.82073407,1.299334795,15.3,16.948947499999985,-1.23855365
289.90000000000003,917.6420913,13.54637959,-0.334650297,950.0242018,14.95119507,1.309885181,15.3,17.082110500000066,-1.40481548
290.0,918.9938882,13.51525036,-0.287934293,951.525607,15.08271111,1.320435567,15.3,17.23171880000002,-1.5674607500000004
290.1,920.3428056,13.48879274,-0.241218288,953.0402165,15.21528218,1.330985954,15.3,17.397410900000022,-1.7264894400000017
290.2,921.6893109,13.46700671,-0.194502284,954.5681359,15.3489083,1.338541281,15.3,17.578825000000005,-1.88190159
290.3,923.0338712,13.44989228,-0.14778628,956.1094707,15.48358945,1.347594137,15.3,17.775599499999952,-2.03369717
290.40000000000003,924.3769536,13.43744945,-0.101070276,957.6643263,15.61932564,1.349352535,15.3,17.98737269999999,-2.1818761899999988
290.5,925.7190253,13.42967822,-0.054535656,959.2328083,15.75431984,1.34169813,15.3,18.21378299999999,-2.3246416200000013
290.6,927.0605534,13.4265786,-0.009089342,960.8150222,15.89132555,1.322235211,15.3,18.45446880000004,-2.4647469500000003
290.7,928.4020052,13.42815057,0.034180359,962.4110734,16.0248937,1.28801165,15.3,18.7090682,-2.59674313
290.8,929.7438477,13.43428531,0.074185142,964.0210675,16.15392718,1.239070378,15.3,18.97721980000001,-2.7196418700000002
290.90000000000003,931.0865482,13.44443867,0.1098367,965.6448739,16.27693058,1.167870084,15.3,19.258325699999954,-2.832491909999998
291.0,932.4305738,13.45795767,0.140896774,967.2814171,16.39213263,1.081032432,15.3,19.55084329999995,-2.9341749599999982
291.1,933.7763916,13.47418931,0.164800775,968.9293856,16.49776206,0.979893961,15.3,19.852994000000034,-3.0235727499999996
291.2,935.1243818,13.49248062,0.18124004,970.587468,16.5920476,0.866946977,15.3,20.163086199999906,-3.0995669800000005
291.3,936.4745762,13.51268863,0.192223325,972.2543528,16.67351316,0.745143608,15.3,20.47977659999999,-3.1608245299999993
291.40000000000003,937.8269195,13.53316578,0.197765079,973.9287283,16.74186355,0.617435982,15.3,20.801808799999957,-3.2086977700000023
291.5,939.1813566,13.5531827,0.198953608,975.6092831,16.79709876,0.486776227,15.3,21.12792650000001,-3.24391606
291.6,940.5378322,13.57329166,0.196027172,977.2947056,16.8392188,0.355624452,15.3,21.456873400000017,-3.2659271400000005
291.7,941.8962911,13.59284836,0.191731745,978.9836844,16.86822365,0.224472676,15.3,21.78739330000003,-3.2753752900000013
291.8,943.256678,13.61185278,0.187282909,980.6749079,16.88411333,0.0933209,15.3,22.118229900000028,-3.272260550000002
291.90000000000003,944.6189378,13.63030494,0.181760217,982.3670647,16.88688783,-0.037830876,15.3,22.448126899999988,-3.256582889999999
292.0,945.9830151,13.64820482,0.176237525,984.0588431,16.87654716,-0.168982652,15.3,22.775828,-3.228342340000001
292.1,947.3488549,13.66555244,0.170714833,985.7489317,16.8530913,-0.300134427,15.3,23.100076799999965,-3.1875388599999983
292.2,948.7164018,13.68234779,0.165192141,987.4360189,16.81652027,-0.430720995,15.3,23.41961710000005,-3.134172480000002
292.3,950.0856006,13.69859087,0.159669449,989.1187933,16.76683406,-0.557916312,15.3,23.73319269999997,-3.0682431900000005
292.40000000000003,951.4563961,13.71428168,0.154146757,990.7959433,16.70403268,-0.678329129,15.3,24.03954719999997,-2.989751000000002
292.5,952.828733,13.72942022,0.148597761,992.4661574,16.62845524,-0.788568196,15.3,24.337424399999986,-2.8990350200000012
292.6,954.2025562,13.74400649,0.142890948,994.1281241,16.54179737,-0.885242262,15.3,24.625567900000032,-2.797790880000001
292.7,955.5778105,13.7580405,0.136868498,995.7805319,16.44609383,-0.967341956,15.3,24.902721399999972,-2.688053329999999
292.8,956.9544405,13.77150645,0.130372592,997.4220692,16.34337935,-1.024895601,15.3,25.167628699999977,-2.571872899999999
292.90000000000003,958.3323911,13.78432544,0.123245413,999.0516959,16.23568871,-1.064483624,15.3,25.41930480000003,-2.4513632700000016
293.0,959.711607,13.79640278,0.115329143,1000.669457,16.1236275,-1.084289354,15.3,25.657850000000007,-2.327224720000002
293.1,961.092033,13.80764378,0.106492265,1002.275668,16.01351788,-1.087138833,15.3,25.88363499999998,-2.205874099999999
293.2,962.4736012,13.81795374,0.096708477,1003.870647,15.9031072,-1.076423313,15.3,26.0970458,-2.085153460000001
293.3,963.8561934,13.82723798,0.086004082,1005.454708,15.79552021,-1.053152164,15.3,26.29851459999993,-1.9682822299999998
293.40000000000003,965.2396785,13.83540181,0.074510595,1007.028169,15.69109605,-1.02786227,15.3,26.48849050000008,-1.85569424
293.5,966.6239255,13.84235053,0.062385834,1008.591346,15.58983472,-0.996799248,15.3,26.667420500000002,-1.7474841900000015
293.6,968.0088035,13.84800523,0.049787619,1010.144555,15.4917362,-0.965171019,15.3,26.83575149999997,-1.64373097
293.7,969.3941814,13.85235013,0.036873766,1011.688112,15.39680051,-0.933542789,15.3,26.993930600000066,-1.5444503800000007
293.8,970.7799284,13.85538524,0.023802096,1013.222334,15.30502765,-0.901914559,15.3,27.14240560000003,-1.4496424099999992
293.90000000000003,972.1659134,13.85711055,0.010704122,1014.747536,15.2164176,-0.870286329,15.3,27.281622599999945,-1.35930705
294.0,973.5520054,13.85752607,-0.002393852,1016.264036,15.13097038,-0.838658099,15.3,27.412030600000048,-1.2734443100000004
294.1,974.9380735,13.85663178,-0.015491825,1017.772149,15.04868598,-0.807029869,15.3,27.53407550000004,-1.1920541999999994
294.2,976.3239867,13.8544277,-0.028589799,1019.272192,14.96956441,-0.775401639,15.3,27.64820530000004,-1.1151367099999998
294.3,977.7096139,13.85091382,-0.041687773,1020.76448,14.89360565,-0.743948161,15.3,27.754866100000026,-1.042691829999999
294.40000000000003,979.0948243,13.84609015,-0.054785747,1022.249331,14.82080973,-0.713543194,15.3,27.854506699999956,-0.9747195800000004
294.5,980.4794869,13.83995667,-0.06788372,1023.727061,14.75117662,-0.685235248,15.3,27.947574100000065,-0.9112199500000013
294.6,981.8634706,13.8325134,-0.080754527,1025.197985,14.68460148,-0.660072834,15.3,28.03451439999999,-0.8520880799999997
294.7,983.2466444,13.82376034,-0.09122995,1026.662421,14.62056007,-0.639104462,15.3,28.115776599999958,-0.79679973
294.8,984.6288775,13.81369747,-0.101044127,1028.120684,14.55842326,-0.623378645,15.3,28.191806499999938,-0.7447257900000004
294.90000000000003,986.0100388,13.80246111,-0.105736915,1029.57309,14.49756195,-0.61376914,15.3,28.26305120000013,-0.6951008400000003
295.0,987.3899974,13.79135218,-0.104977691,1031.019873,14.43734705,-0.610450698,15.3,28.32987559999999,-0.6459948699999991
295.1,988.7686222,13.7793302,-0.09740345,1032.460928,14.37714943,-0.61324857,15.3,28.392305799999985,-0.5978192299999989
295.2,990.1457823,13.76907125,-0.081878359,1033.89607,14.31634,-0.621288994,15.3,28.450287700000057,-0.5472687500000006
295.3,991.5214558,13.76077372,-0.059207629,1035.32511,14.25428965,-0.633523462,15.3,28.503654199999982,-0.49351593000000094
295.40000000000003,992.8960568,13.7552554,-0.026521287,1036.747863,14.19047412,-0.648903462,15.3,28.551806200000055,-0.43521871999999995
295.5,994.2701086,13.75333409,0.011947691,1038.16414,14.12478856,-0.666380483,15.3,28.59403140000013,-0.37145447000000154
295.6,995.6441345,13.7558276,0.05586868,1039.573756,14.05723297,-0.684906014,15.3,28.629621500000052,-0.30140536999999945
295.7,997.0186578,13.76341743,0.10387868,1040.976522,13.98780736,-0.703606298,15.3,28.657864199999903,-0.22438992999999918
295.8,998.3942017,13.77623987,0.154614685,1042.372252,13.91651171,-0.722306581,15.3,28.678050299999835,-0.14027184000000048
295.90000000000003,999.7712895,13.79429493,0.206713693,1043.760759,13.84334604,-0.741006865,15.3,28.68946950000004,-0.04905111000000062
296.0,1001.150444,13.81758261,0.259039869,1045.141856,13.76831034,-0.759707148,15.3,28.691411999999968,0.04927227000000123
296.1,1002.53219,13.8461029,0.311366045,1046.515356,13.69140461,-0.778407432,15.3,28.683166000000096,0.15469829000000068
296.2,1003.917049,13.87985582,0.36369222,1047.881072,13.61262885,-0.797107715,15.3,28.664022999999883,0.2672269699999994
296.3,1005.305545,13.91884135,0.416018396,1049.238817,13.53198307,-0.815338317,15.3,28.633271999999874,0.38685827999999844
296.40000000000003,1006.698201,13.9630595,0.468344572,1050.588404,13.44946725,-0.828274855,15.3,28.59020300000004,0.5135922500000003
296.5,1008.09554,14.01251026,0.520670747,1051.929646,13.36508141,-0.840527155,15.3,28.53410600000002,0.6474288500000007
296.6,1009.498086,14.06719364,0.572470918,1053.262355,13.27910735,-0.841849209,15.3,28.464269000000126,0.788086289999999
296.7,1010.906363,14.12710965,0.621115056,1054.586346,13.1944397,-0.831898898,15.3,28.379982999999992,0.9326699499999993
296.8,1012.320892,14.19225826,0.661864017,1055.90143,13.10831256,-0.80785813,15.3,28.280537999999932,1.0839456999999992
296.90000000000003,1013.742198,14.2623239,0.696311108,1057.207421,13.02687354,-0.767378496,15.3,28.165223000000037,1.2354503599999997
297.0,1015.170804,14.33572853,0.716550959,1058.504358,12.95032791,-0.712466288,15.3,28.033553999999935,1.3854006200000004
297.1,1016.607232,14.40962867,0.721010649,1059.79318,12.88036653,-0.636163268,15.3,27.88594799999994,1.5292621400000002
297.2,1018.052007,14.48498031,0.707060152,1061.075054,12.81868025,-0.548245764,15.3,27.723046999999905,1.6663000599999993
297.3,1019.505399,14.55704022,0.674173463,1062.351144,12.76695992,-0.449055895,15.3,27.545744999999965,1.7900802999999996
297.40000000000003,1020.966669,14.62486465,0.624459701,1063.622617,12.7266146,-0.341411753,15.3,27.355947999999966,1.8982500499999997
297.5,1022.434825,14.68655999,0.555799551,1064.890639,12.69792608,-0.228131428,15.3,27.155813999999918,1.988633909999999
297.6,1023.908876,14.74023261,0.476098387,1066.156374,12.68089438,-0.112033011,15.3,26.94749799999995,2.05933823
297.7,1025.38783,14.78430449,0.386929127,1067.420989,12.67551948,0.004535087,15.3,26.733159000000068,2.10878501
297.8,1026.870695,14.81846004,0.291447803,1068.68565,12.68180139,0.121103186,15.3,26.514954999999826,2.1366586499999993
297.90000000000003,1028.35648,14.84269925,0.192810447,1069.951521,12.69974012,0.237671284,15.3,26.295041000000037,2.1429591300000013
298.0,1029.844193,14.85702213,0.093647086,1071.219769,12.72933565,0.354239382,15.3,26.075576000000137,2.1276864800000013
298.1,1031.332843,14.86142867,-0.005516276,1072.49156,12.77058799,0.470807481,15.3,25.858717000000023,2.0908406800000012
298.2,1032.821437,14.85591887,-0.104679637,1073.768059,12.82349715,0.587375579,15.3,25.646621999999933,2.0324217200000003
298.3,1034.308985,14.84049274,-0.203842999,1075.050431,12.88806311,0.703448859,15.3,25.441445999999996,1.952429630000001
298.40000000000003,1035.794494,14.81515028,-0.30300636,1076.339843,12.96428588,0.816553226,15.3,25.245348999999987,1.850864399999999
298.5,1037.276973,14.77989147,-0.402169721,1077.63746,13.05216546,0.92371977,15.3,25.06048699999992,1.7277260100000014
298.6,1038.75543,14.73471633,-0.500528177,1078.944447,13.15140497,1.021979578,15.3,24.88901700000015,1.5833113599999997
298.7,1040.228874,14.67962485,-0.594057196,1080.261972,13.26051993,1.108363737,15.3,24.73309800000011,1.4191049200000005
298.8,1041.696314,14.61461704,-0.677927342,1081.591198,13.37772901,1.182646118,15.3,24.594884000000047,1.2368880300000011
298.90000000000003,1043.156756,14.54017584,-0.747309179,1082.933292,13.50125086,1.234124283,15.3,24.47653599999985,1.038924979999999
299.0,1044.60921,14.45871596,-0.79737327,1084.289183,13.62930412,1.270531756,15.3,24.379973000000017,0.8294118399999988
299.1,1046.052685,14.37313507,-0.823290179,1085.658847,13.76175314,1.289620577,15.3,24.306161999999812,0.6113819300000003
299.2,1047.486188,14.28633082,-0.821035375,1087.042026,13.89187954,1.293864837,15.3,24.255837999999994,0.3944512800000002
299.3,1048.909114,14.20120089,-0.789803953,1088.43846,14.02283898,1.286233449,15.3,24.22934600000003,0.17836191000000134
299.40000000000003,1050.322403,14.12064293,-0.730400819,1089.847891,14.15150135,1.266952544,15.3,24.225487999999995,-0.030858419999999498
299.5,1051.727382,14.04755461,-0.646850503,1091.270058,14.27756976,1.247219378,15.3,24.242676000000028,-0.23001514999999984
299.6,1053.125378,13.98483359,-0.54398244,1092.704702,14.40104419,1.221774518,15.3,24.27932400000004,-0.4162106000000012
299.7,1054.517717,13.93489457,-0.426626069,1094.151563,14.52192466,1.195834839,15.3,24.333845999999948,-0.587030089999999
299.8,1055.905725,13.89822052,-0.299610825,1095.610384,14.64021116,1.169895161,15.3,24.40465899999999,-0.7419906399999991
299.90000000000003,1057.290728,13.87481143,-0.167766144,1097.080903,14.75590369,1.143955482,15.3,24.49017500000009,-0.8810922600000008
300.0,1058.674054,13.86466729,-0.035116558,1098.562861,14.86900226,1.118015804,15.3,24.588807000000042,-1.0043349700000004
300.1,1060.057029,13.86778812,0.097533029,1100.056,14.97950685,1.092076125,15.3,24.698970999999982,-1.1117187299999998
300.2,1061.44098,13.8841739,0.230182616,1101.56006,15.08741748,1.066136447,15.3,24.81907999999994,-1.2032435799999988
300.3,1062.827232,13.91382464,0.362832203,1103.074781,15.19273414,1.040196768,15.3,24.947548999999935,-1.278909500000001
300.40000000000003,1064.217112,13.95674034,0.495481789,1104.599904,15.29545684,1.014280788,15.3,25.08279199999988,-1.3387165000000003
300.5,1065.611947,14.012921,0.628131376,1106.135169,15.39558556,0.988506998,15.3,25.223221999999804,-1.3826645600000003
300.6,1067.013064,14.08236661,0.760780963,1107.680318,15.49312032,0.96301759,15.3,25.367253999999956,-1.4107537099999998
300.7,1068.421788,14.16507719,0.892698857,1109.23509,15.58807533,0.937954753,15.3,25.513301999999793,-1.4229981400000007
300.8,1069.839447,14.26105272,1.020226597,1110.799227,15.68052168,0.913460678,15.3,25.65977999999991,-1.4194689599999997
300.90000000000003,1071.267366,14.37029322,1.138974028,1112.372469,15.7705447,0.889677555,15.3,25.80510299999987,-1.4002514799999997
301.0,1072.706873,14.49235965,1.244550997,1113.954556,15.85822969,0.866723878,15.3,25.947682999999824,-1.3658700400000008
301.1,1074.159293,14.62505696,1.332567348,1115.545241,15.94366197,0.844623343,15.3,26.085948000000098,-1.3186050100000006
301.2,1075.625954,14.76575103,1.398632928,1117.144321,16.02692685,0.823352253,15.3,26.218366999999898,-1.2611758199999983
301.3,1077.108182,14.91180779,1.439089274,1118.751605,16.10810965,0.802792116,15.3,26.343422999999984,-1.1963018600000002
301.40000000000003,1078.606951,15.06059313,1.453204694,1120.366901,16.18729569,0.782800741,15.3,26.459950000000116,-1.1267025599999982
301.5,1080.121834,15.20947297,1.44171088,1121.99002,16.26455605,0.763235937,15.3,26.568185999999923,-1.0550830799999993
301.6,1081.652048,15.35581322,1.408266295,1123.620768,16.33990496,0.743955515,15.3,26.668720000000075,-0.9840917399999984
301.7,1083.196812,15.49697977,1.357261093,1125.258956,16.41334241,0.724817283,15.3,26.76214399999999,-0.9163626399999991
301.8,1084.755347,15.63077756,1.293085428,1126.904393,16.48486841,0.705702749,15.3,26.849045999999998,-0.8540908500000004
301.90000000000003,1086.326872,15.75676757,1.220129454,1128.556886,16.55448296,0.686588215,15.3,26.930013999999982,-0.7977153900000022
302.0,1087.910605,15.87494979,1.142783325,1130.216245,16.62218606,0.667473682,15.3,27.00564000000004,-0.7472362700000001
302.1,1089.505766,15.98532423,1.064705505,1131.882279,16.6879777,0.648359148,15.3,27.07651299999993,-0.7026534700000013
302.2,1091.111574,16.08789089,0.986627684,1133.554796,16.75185789,0.629244614,15.3,27.143221999999877,-0.6639669999999995
302.3,1092.727248,16.18264977,0.908549864,1135.233606,16.81382662,0.610130081,15.3,27.20635800000009,-0.6311768499999992
302.40000000000003,1094.352007,16.26960086,0.830472043,1136.918517,16.8738839,0.590809927,15.3,27.266510000000107,-0.6042830399999986
302.5,1095.985072,16.34874418,0.752394222,1138.609338,16.93202973,0.570256051,15.3,27.324266000000033,-0.5832855499999994
302.6,1097.62566,16.42007971,0.674316402,1140.305879,16.98826411,0.547234732,15.3,27.38021900000008,-0.5681843999999998
302.7,1099.272992,16.48360746,0.596527624,1142.007947,17.04246366,0.520512248,15.3,27.434955000000127,-0.5588561999999975
302.8,1100.926285,16.53932742,0.520473102,1143.715352,17.09401152,0.488854877,15.3,27.48906699999993,-0.5546840999999993
302.90000000000003,1102.584761,16.58723961,0.447887094,1145.427902,17.14216746,0.451028898,15.3,27.54314099999983,-0.5549278499999986
303.0,1104.247637,16.62751744,0.380503855,1147.145407,17.18619125,0.406006209,15.3,27.597770000000036,-0.5586738100000019
303.1,1105.914134,16.66102804,0.320057642,1148.867577,17.22534266,0.35358119,15.3,27.65344299999988,-0.5643146199999975
303.2,1107.583469,16.68881196,0.268282712,1150.593726,17.25888144,0.293959461,15.3,27.710257000000137,-0.5700694800000008
303.3,1109.254863,16.71190977,0.225191157,1152.323072,17.28606738,0.228169123,15.3,27.768209000000024,-0.5741576100000003
303.40000000000003,1110.927674,16.73136201,0.195371383,1154.054832,17.30616023,0.157443899,15.3,27.827158000000008,-0.5747982199999981
303.5,1112.601814,16.74820924,0.174234984,1155.788221,17.31854314,0.08301751,15.3,27.886406999999917,-0.5703338999999978
303.6,1114.277335,16.76263213,0.161769867,1157.522457,17.32309273,0.006123678,15.3,27.945122000000037,-0.560460599999999
303.7,1115.954289,16.77825087,0.156241777,1159.256756,17.319809,-0.072003877,15.3,28.002466999999978,-0.5415581299999985
303.8,1117.632727,16.79335295,0.15618736,1160.990336,17.30869195,-0.150337051,15.3,28.057609000000138,-0.5153390000000009
303.90000000000003,1119.312701,16.80897169,0.160492769,1162.722411,17.28974159,-0.228670226,15.3,28.109709999999904,-0.48076989999999853
304.0,1120.994263,16.82510708,0.163937097,1164.452201,17.26295791,-0.3070034,15.3,28.157938000000012,-0.43785083000000213
304.1,1122.677464,16.84175911,0.169103588,1166.17892,17.22834091,-0.385336575,15.3,28.20145599999996,-0.3865817999999983
304.2,1124.362356,16.85892779,0.174270079,1167.901785,17.18589059,-0.463669749,15.3,28.239428999999927,-0.32696280000000044
304.3,1126.048991,16.87661313,0.179436571,1169.620014,17.13560696,-0.542002924,15.3,28.271023000000195,-0.2589938300000014
304.40000000000003,1127.737421,16.89481511,0.184603062,1171.332823,17.07749001,-0.620336098,15.3,28.29540199999992,-0.18267490000000208
304.5,1129.427696,16.91353374,0.189769553,1173.039429,17.01153974,-0.698165277,15.3,28.311732999999958,-0.09800600000000159
304.6,1131.119869,16.93276902,0.194936045,1174.739048,16.93775615,-0.772970477,15.3,28.319178999999803,-0.004987129999999951
304.7,1132.813992,16.95252095,0.200015761,1176.430897,16.85613925,-0.841727721,15.3,28.31690499999986,0.09638170000000201
304.8,1134.510115,16.97278952,0.204148731,1178.114193,16.76699142,-0.901413032,15.3,28.304077999999844,0.2057980999999991
304.90000000000003,1136.208291,16.99357475,0.208092584,1179.788151,16.67182467,-0.949002431,15.3,28.279860000000053,0.32175008000000105
305.0,1137.908572,17.01482456,0.210048386,1181.45199,16.57245337,-0.981471941,15.3,28.243417999999973,0.44237118999999936
305.1,1139.611008,17.03602298,0.209921579,1183.104926,16.47069192,-0.99630158,15.3,28.193917999999893,0.5653310599999983
305.2,1141.315652,17.05762457,0.207191511,1184.746417,16.36835469,-0.992987351,15.3,28.130765000000064,0.6892698800000012
305.3,1143.022556,17.07854998,0.201424304,1186.376889,16.26725608,-0.972033252,15.3,28.054332999999996,0.811293899999999
305.40000000000003,1144.731729,17.09874247,0.192959276,1187.997011,16.16921048,-0.935959262,15.3,27.965281999999842,0.929531990000001
305.5,1146.443014,17.11788966,0.180604925,1189.607451,16.07603226,-0.887789362,15.3,27.864437000000134,1.0418573999999978
305.6,1148.156215,17.13567915,0.166073405,1191.208876,15.98923342,-0.830547527,15.3,27.752660999999943,1.1464457300000017
305.7,1149.871131,17.15179854,0.149459275,1192.801956,15.90911636,-0.767257737,15.3,27.630824999999913,1.242682180000001
305.8,1151.587566,17.16598752,0.131283189,1194.387359,15.83568108,-0.700943969,15.3,27.499793000000135,1.330306440000001
305.90000000000003,1153.30532,17.17819402,0.112065798,1195.965752,15.76892757,-0.634126204,15.3,27.360432000000127,1.4092664499999987
306.0,1155.024196,17.18841804,0.092327755,1197.537803,15.70885583,-0.56730844,15.3,27.213606999999865,1.4795622099999992
306.1,1156.743995,17.19665957,0.072502937,1199.104182,15.65546588,-0.500490675,15.3,27.060186999999996,1.5411936900000018
306.2,1158.464519,17.20291862,0.052678119,1200.665556,15.6087577,-0.433672911,15.3,26.901036999999814,1.5941609199999984
306.3,1160.18557,17.2071952,0.0328533,1202.222593,15.5687313,-0.366855146,15.3,26.737022999999862,1.6384639000000014
306.40000000000003,1161.906949,17.20948929,0.013028482,1203.775961,15.53538667,-0.300037382,15.3,26.56901200000011,1.674102620000001
306.5,1163.628459,17.20980089,-0.006796336,1205.326329,15.50872382,-0.233700272,15.3,26.397869999999966,1.7010770700000002
306.6,1165.3499,17.20813002,-0.026621155,1206.874365,15.48874275,-0.170247094,15.3,26.224464999999963,1.7193872699999986
306.7,1167.071076,17.20447666,-0.046445973,1208.420737,15.47544345,-0.112561778,15.3,26.04966099999997,1.7290332100000008
306.8,1168.791787,17.19884082,-0.066474606,1209.966113,15.46853754,-0.063528254,15.3,25.874325999999837,1.730303280000001
306.90000000000003,1170.511835,17.1912225,-0.087726122,1211.511161,15.46658304,-0.026030454,15.3,25.699325999999882,1.7246394599999988
307.0,1172.231023,17.1816217,-0.111423405,1213.05655,15.4678496,-0.002952309,15.3,25.525526999999965,1.7137721000000017
307.1,1173.949151,17.16991613,-0.138789339,1214.602947,15.47060687,0.003302906,15.3,25.353796000000056,1.6993092600000015
307.20000000000005,1175.666022,17.15549434,-0.171046809,1216.150791,15.47312447,-0.007745465,15.3,25.184768999999914,1.6823698700000005
307.3,1177.381437,17.13762262,-0.209418696,1217.699595,15.47367206,-0.035616767,15.3,25.01815800000004,1.6639505599999982
307.40000000000003,1179.095198,17.11556722,-0.254924072,1219.248645,15.47051928,-0.077907723,15.3,24.853446999999914,1.6450479399999995
307.5,1180.807009,17.08859442,-0.30776675,1220.797222,15.46193576,-0.131734403,15.3,24.69021299999981,1.6266586600000004
307.6,1182.516183,17.05597048,-0.367742916,1222.344612,15.44647954,-0.194212876,15.3,24.52842900000014,1.6094909399999988
307.70000000000005,1184.221934,17.01696169,-0.4338335,1223.890099,15.42386223,-0.26245921,15.3,24.368165000000044,1.5930994599999995
307.8,1185.923477,16.97083429,-0.504815619,1225.432965,15.39408383,-0.333589476,15.3,24.20948799999992,1.5767504599999995
307.90000000000003,1187.620027,16.91697687,-0.579466389,1226.972496,15.35714434,-0.405200397,15.3,24.052469000000155,1.5598325299999996
308.0,1189.310798,16.85526712,-0.656562927,1228.507975,15.31304375,-0.476811317,15.3,23.89717700000001,1.5422233700000003
308.1,1190.995006,16.78570505,-0.734882348,1230.038685,15.26178208,-0.548422238,15.3,23.743678999999883,1.523922970000001
308.20000000000005,1192.671865,16.70829065,-0.813405583,1231.563912,15.20335931,-0.620033159,15.3,23.592047000000047,1.5049313399999988
308.3,1194.34059,16.62302393,-0.891928818,1233.082938,15.13777544,-0.69164408,15.3,23.442347999999992,1.4852484899999983
308.40000000000003,1196.000396,16.52990489,-0.970452053,1234.595047,15.06503049,-0.763255001,15.3,23.294651000000112,1.4648744000000011
308.5,1197.650498,16.42893352,-1.048975288,1236.099524,14.98512444,-0.834865921,15.3,23.149026000000003,1.4438090800000012
308.6,1199.290109,16.32010983,-1.127498523,1237.595653,14.89805731,-0.906590049,15.3,23.005544000000054,1.4220525199999994
308.70000000000005,1200.918446,16.20343381,-1.206021758,1239.082716,14.80382908,-0.978993419,15.3,22.864269999999987,1.39960473
308.8,1202.534722,16.07890548,-1.284454684,1240.559999,14.70243975,-1.052755272,15.3,22.72527699999996,1.3764657299999996
308.90000000000003,1204.138153,15.94652482,-1.362345751,1242.026785,14.59382141,-1.128554852,15.3,22.588631999999915,1.3527034100000002
309.0,1205.727953,15.80629183,-1.439153103,1243.482357,14.47763444,-1.207071399,15.3,22.45440400000002,1.32865739
309.1,1207.303337,15.65826071,-1.51433488,1244.926001,14.35347128,-1.288984156,15.3,22.322663999999985,1.3047894299999996
309.20000000000005,1208.863521,15.50270238,-1.587349226,1246.356999,14.22092439,-1.374859157,15.3,22.193478000000095,1.2817779900000001
309.3,1210.407717,15.33994195,-1.657654281,1247.774581,14.07958624,-1.46480961,15.3,22.06686399999985,1.2603557100000007
309.40000000000003,1211.935143,15.17030455,-1.724798499,1249.17776,13.92904926,-1.558722307,15.3,21.94261700000011,1.2412552900000016
309.5,1213.445054,14.99411528,-1.788691568,1250.565493,13.76890592,-1.656031214,15.3,21.820439000000032,1.225209360000001
309.6,1214.936884,14.81169926,-1.8494238,1251.936739,13.59874867,-1.756057089,15.3,21.699855000000024,1.2129505899999984
309.70000000000005,1216.410106,14.62338161,-1.907446741,1253.290454,13.4182379,-1.858120689,15.3,21.580347999999912,1.2051437099999998
309.8,1217.864197,14.42948744,-1.96330225,1254.625597,13.22730567,-1.961542773,15.3,21.461399999999866,1.202181770000001
309.90000000000003,1219.29863,14.23028767,-2.017532186,1255.941126,13.02595198,-2.0656441,15.3,21.342495999999937,1.2043356899999988
310.0,1220.71288,14.0258365,-2.070678405,1257.235998,12.81417685,-2.169858633,15.3,21.223118000000067,1.2116596499999996
310.1,1222.106423,13.81613393,-2.123282767,1258.509172,12.59198026,-2.274073166,15.3,21.102749000000085,1.2241536699999997
310.20000000000005,1223.478733,13.60117995,-2.175796819,1259.759605,12.35936221,-2.378287699,15.3,20.980872000000044,1.2418177400000001
310.3,1224.829284,13.38097457,-2.228310871,1260.986255,12.11632272,-2.482502233,15.3,20.85697100000011,1.26465185
310.40000000000003,1226.157553,13.15551778,-2.280824922,1262.18808,11.86286177,-2.586716766,15.3,20.730526999999892,1.29265601
310.5,1227.463014,12.92480958,-2.333338974,1263.364038,11.59897936,-2.690931299,15.3,20.601024000000006,1.3258302200000003
310.6,1228.745141,12.68884998,-2.385853026,1264.513087,11.32467551,-2.794722554,15.3,20.467945999999937,1.36417447
310.70000000000005,1230.003409,12.44763898,-2.438367078,1265.634184,11.0399502,-2.895974135,15.3,20.330775000000084,1.4076887800000009
310.8,1231.237294,12.20117657,-2.49088113,1266.726287,10.74480343,-2.992146371,15.3,20.188992999999936,1.4563731400000002
310.90000000000003,1232.44627,11.94946275,-2.543160643,1267.788355,10.43948918,-3.080699589,15.3,20.042084999999997,1.5099735699999997
311.0,1233.629813,11.69249753,-2.594032924,1268.819345,10.12527729,-3.159094116,15.3,19.8895320000001,1.567220240000001
311.1,1234.787396,11.4302809,-2.642090739,1269.818215,9.803691541,-3.227300635,15.3,19.730819000000064,1.6265893590000005
311.20000000000005,1235.918494,11.1629536,-2.685926857,1270.783923,9.476255753,-3.275671683,15.3,19.56542899999995,1.6866978469999996
311.3,1237.022584,10.89121922,-2.724134046,1271.715629,9.144493728,-3.311315051,15.3,19.393044999999983,1.7467254919999995
311.40000000000003,1238.099139,10.61592212,-2.75640118,1272.613308,8.808423053,-3.332143661,15.3,19.214169000000037,1.8074990670000002
311.5,1239.147634,10.33790664,-2.778267241,1273.477137,8.474086175,-3.340273907,15.3,19.029503000000158,1.8638204649999999
311.6,1240.167657,10.0580171,-2.792786016,1274.307292,8.138488255,-3.338245462,15.3,18.839634999999998,1.9195288450000003
311.70000000000005,1241.159246,9.776440196,-2.799095934,1275.10395,7.804405344,-3.326087642,15.3,18.644704,1.9720348519999993
311.8,1242.12255,9.495993252,-2.79836969,1275.867289,7.472091409,-3.313871189,15.3,18.44473899999998,2.023901843
311.90000000000003,1243.057721,9.215547613,-2.792014516,1276.597484,7.14154645,-3.296604707,15.3,18.239762999999993,2.074001163
312.0,1243.964908,8.936464563,-2.780341535,1277.294713,6.812770468,-3.278914947,15.3,18.029805000000078,2.1236940949999994
312.1,1244.844262,8.658884822,-2.768046308,1277.959154,6.485763461,-3.261225186,15.3,17.814891999999826,2.173121360999999
312.20000000000005,1245.695933,8.382808393,-2.753247739,1278.590982,6.160525431,-3.243535425,15.3,17.59504899999997,2.2222829619999995
312.3,1246.520072,8.108235275,-2.738214632,1279.190374,5.837056376,-3.225845665,15.3,17.37030199999999,2.2711788990000006
312.40000000000003,1247.316829,7.835165467,-2.723181524,1279.757508,5.515356298,-3.208155904,15.3,17.140678999999817,2.319809169
312.5,1248.086354,7.56359897,-2.708148416,1280.292561,5.195425195,-3.190466143,15.3,16.90620699999995,2.368173775
312.6,1248.828797,7.293535784,-2.693115309,1280.795709,4.877263069,-3.172288332,15.3,16.666912000000092,2.4162727150000007
312.70000000000005,1249.544309,7.024975908,-2.678082201,1281.267129,4.560869919,-3.151182212,15.3,16.422819999999955,2.464105989
312.8,1250.23304,6.757919343,-2.663049093,1281.706998,4.246245744,-3.124219478,15.3,16.173958000000038,2.511673599
312.90000000000003,1250.895141,6.49236609,-2.647815506,1282.115494,3.933683377,-3.088471822,15.3,15.920352999999931,2.558682713
313.0,1251.530762,6.228316146,-2.631379042,1282.492792,3.62464697,-3.041010937,15.3,15.662029999999913,2.603669176
313.1,1252.140053,5.965769514,-2.612536824,1282.83907,3.320893508,-2.978908515,15.3,15.399016999999912,2.6448760059999996
313.20000000000005,1252.723164,5.70484648,-2.590085974,1283.154505,3.024179975,-2.8997243,15.3,15.131340999999974,2.6806665049999996
313.3,1253.280246,5.446148483,-2.562823617,1283.439508,2.736263356,-2.802970241,15.3,14.859261999999898,2.709885127
313.40000000000003,1253.81145,5.190397249,-2.529546875,1283.695426,2.458900636,-2.689134388,15.3,14.583976000000074,2.731496613
313.5,1254.316925,4.938314505,-2.48925335,1283.923844,2.193848797,-2.560657,15.3,14.306918999999834,2.7444657080000003
313.6,1254.796918,4.690621976,-2.441742564,1284.126342,1.942864826,-2.420466381,15.3,14.029424000000017,2.74775715
313.70000000000005,1255.25206,4.448041389,-2.387214994,1284.304504,1.707412875,-2.271490841,15.3,13.752443999999922,2.740628514
313.8,1255.68308,4.21129447,-2.32667304,1284.459913,1.487785776,-2.116658686,15.3,13.476832999999896,2.7235086940000004
313.90000000000003,1256.090704,3.981102945,-2.261319578,1284.594149,1.283983528,-1.958898224,15.3,13.203445000000055,2.6971194169999997
314.0,1256.475662,3.758068253,-2.192357484,1284.708797,1.096006131,-1.80064971,15.3,12.933134999999947,2.662062122
314.1,1256.83868,3.542310681,-2.120989637,1284.805438,0.923853586,-1.642401196,15.3,12.666758000000026,2.618457095
314.20000000000005,1257.180485,3.333830229,-2.048418912,1284.885655,0.767525892,-1.484152683,15.3,12.405169999999952,2.566304337
314.3,1257.501807,3.132626898,-1.975647709,1284.951031,0.627023049,-1.325904169,15.3,12.149223999999958,2.505603849
314.40000000000003,1257.803372,2.938700688,-1.902876505,1285.003147,0.502345058,-1.167655655,15.3,11.899774999999817,2.43635563
314.5,1258.085909,2.752051597,-1.830105301,1285.043587,0.393491918,-1.009407142,15.3,11.657677999999986,2.358559679
314.6,1258.350144,2.572679628,-1.757334097,1285.073933,0.30046363,-0.851158628,15.3,11.423788999999896,2.272215998
314.70000000000005,1258.596806,2.400584778,-1.684562893,1285.095768,0.223260192,-0.693601366,15.3,11.198961999999892,2.1773245859999997
314.8,1258.826622,2.235767049,-1.611791689,1285.110673,0.161881607,-0.540191611,15.3,10.984050999999862,2.073885442
314.90000000000003,1259.040321,2.07822644,-1.539074876,1285.120232,0.116327872,-0.395076869,15.3,10.779911000000038,1.9618985679999998
315.0,1259.238629,1.927962952,-1.466684403,1285.126026,0.086184238,-0.26240465,15.3,10.587396999999964,1.841778714
315.1,1259.422275,1.784976584,-1.394946611,1285.129639,0.069376952,-0.146322459,15.3,10.407364000000097,1.715599632
315.20000000000005,1259.591986,1.649234702,-1.324187841,1285.132653,0.063417508,-0.047646622,15.3,10.240666999999984,1.585817194
315.3,1259.74849,1.520574137,-1.254734434,1285.13665,0.065817403,0.020173061,15.3,10.08815999999997,1.454756734
315.40000000000003,1259.892514,1.398799083,-1.18691273,1285.142881,0.074088131,0.066438882,15.3,9.950367000000096,1.3247109520000002
315.5,1260.024787,1.283713736,-1.120994679,1285.151269,0.087739899,0.088510912,15.3,9.826481999999896,1.195973837
315.6,1260.14601,1.175122292,-1.057034673,1285.161407,0.098288075,0.089845406,15.3,9.71539700000012,1.076834217
315.70000000000005,1260.25678,1.072828946,-0.99497832,1285.172885,0.109240281,0.074589872,15.3,9.616105000000015,0.9635886650000001
315.8,1260.357668,0.976637895,-0.934553671,1285.185297,0.116524055,0.043560635,15.3,9.527628999999887,0.86011384
315.90000000000003,1260.449246,0.886353333,-0.875434384,1285.198232,0.119724646,0.010898746,15.3,9.448986000000058,0.766628687
316.0,1260.532084,0.80181209,-0.817294119,1285.211283,0.118842055,-0.029241831,15.3,9.379199000000153,0.682970035
316.1,1260.606753,0.722981533,-0.759806536,1285.224042,0.11387628,-0.063008881,15.3,9.317289000000027,0.6091052530000001
316.20000000000005,1260.673825,0.649861661,-0.702645293,1285.2361,0.104827323,-0.089361422,15.3,9.262274999999999,0.545034338
316.3,1260.73387,0.582452475,-0.64553844,1285.247049,0.091695183,-0.10744879,15.3,9.213179000000036,0.49075729199999996
316.40000000000003,1260.78746,0.520753973,-0.588431587,1285.256481,0.078718726,-0.116420323,15.3,9.169020999999884,0.442035247
316.5,1260.835165,0.464766157,-0.531324734,1285.263986,0.066107793,-0.115425357,15.3,9.12882099999997,0.398658364
316.6,1260.877558,0.414489026,-0.474217882,1285.269158,0.05437278,-0.103613229,15.3,9.091600000000152,0.360116246
316.70000000000005,1260.915208,0.369922581,-0.417111029,1285.271588,0.044024086,-0.086697122,15.3,9.056380000000171,0.32589849499999995
316.8,1260.948687,0.331066821,-0.360004176,1285.274258,0.035572109,-0.0656789,15.3,9.025570999999854,0.295494712
316.90000000000003,1260.978566,0.297921746,-0.302897323,1285.276928,0.029527246,-0.046120545,15.3,8.998361999999997,0.2683945
317.0,1261.005416,0.270487356,-0.245706036,1285.279598,0.026700453,-0.028872722,15.3,8.97418200000011,0.243786903
317.1,1261.029808,0.248763652,-0.18800814,1285.282268,0.026700453,-0.014786093,15.3,8.952459999999927,0.222063199
317.20000000000005,1261.052313,0.232750632,-0.129297029,1285.284938,0.026700453,-0.00471132,15.3,8.932625000000098,0.206050179
317.3,1261.073503,0.222498959,-0.069066093,1285.287608,0.026700453,-1.58e-13,15.3,8.914105000000017,0.19579850599999998
317.40000000000003,1261.093948,0.218261936,-0.006808725,1285.290278,0.026700453,4.74e-13,15.3,8.896329999999988,0.19156148299999998
317.5,1261.114219,0.220343528,0.057981683,1285.292948,0.026700453,2.84e-13,15.3,8.878728999999975,0.193643075
317.6,1261.134887,0.2290477,0.125727304,1285.295618,0.026700453,2.37e-13,15.3,8.860731000000168,0.202347247
317.70000000000005,1261.156565,0.244678416,0.196512574,1285.298288,0.026700453,-6.32e-14,15.3,8.841722999999956,0.217977963
317.8,1261.180025,0.267539642,0.270253057,1285.300958,0.026700453,-2.84e-13,15.3,8.82093300000015,0.240839189
317.90000000000003,1261.206083,0.297935342,0.34652658,1285.303629,0.026700453,-1.9e-13,15.3,8.797545999999965,0.271234889
318.0,1261.235551,0.336169481,0.424826536,1285.306299,0.026700453,-1.58e-13,15.3,8.770748000000093,0.309469028
318.1,1261.269246,0.382495363,0.504646315,1285.308969,0.026700453,-6.32e-14,15.3,8.739722999999866,0.35579490999999996
318.20000000000005,1261.307979,0.436963648,0.585479311,1285.311639,0.026700453,6.32e-14,15.3,8.703660000000081,0.41026319499999997
318.3,1261.352567,0.499574338,0.666818915,1285.314309,0.026700453,1.58e-13,15.3,8.661742000000185,0.472873885
318.40000000000003,1261.403823,0.570327431,0.748242953,1285.316979,0.026700453,1.9e-13,15.3,8.613155999999844,0.543626978
318.5,1261.462561,0.649222928,0.829666991,1285.319649,0.026700453,3.55e-13,15.3,8.557087999999975,0.622522475
318.6,1261.529596,0.736260829,0.91109103,1285.322319,0.026700453,2.84e-13,15.3,8.492723000000023,0.709560376
318.70000000000005,1261.605742,0.831441134,0.992515068,1285.324989,0.026700453,1.58e-13,15.3,8.419246999999995,0.804740681
318.8,1261.691813,0.934763843,1.073939106,1285.327659,0.026700453,0.284968146,15.3,8.335846000000128,0.90806339
318.90000000000003,1261.788624,1.046228956,1.155363145,1285.330329,0.026700453,0.613744825,15.3,8.241704999999865,1.019528503
319.0,1261.896988,1.165836472,1.23660741,1285.332999,0.026700453,0.987814114,15.3,8.136011000000007,1.1391360190000002
319.1,1262.01772,1.293586392,1.316773037,1285.335669,0.197681341,1.481721171,15.3,8.017948999999998,1.095905051
319.20000000000005,1262.151634,1.429478716,1.394781389,1285.338339,0.394947348,1.975628228,15.3,7.886704999999846,1.0345313680000001
319.3,1262.299544,1.57340558,1.469553827,1285.341009,0.619388922,2.384745783,15.3,7.741465000000016,0.954016658
319.40000000000003,1262.462266,1.724827665,1.540011713,1285.343679,0.871896505,2.681730708,15.3,7.581413000000065,0.85293116
319.5,1262.640611,1.883097789,1.605076409,1285.483134,1.21207739,2.946065988,15.3,7.542523000000028,0.6710203990000001
319.6,1262.835396,2.047568768,1.663849051,1285.643617,1.489494564,2.969955366,15.3,7.5082210000000025,0.5580742040000002
319.70000000000005,1263.047348,2.21759342,1.716149865,1285.82584,1.806719766,2.962898191,15.3,7.478491999999914,0.410873654
319.8,1263.27685,2.392524562,1.762158625,1286.030516,2.162586941,2.865117962,15.3,7.453666000000066,0.22993762100000037
319.90000000000003,1263.524198,2.571715011,1.802774195,1286.258357,2.401362141,2.769526426,15.3,7.4341589999998625,0.17035287000000032
320.0,1263.789689,2.754517585,1.839075214,1286.510076,2.64963542,2.701631275,15.3,7.420387000000073,0.1048821649999998
320.1,1264.073619,2.940392964,1.872140318,1286.786385,2.907406777,2.571777273,15.3,7.412766000000101,0.03298618700000011
320.20000000000005,1264.376285,3.129233285,1.903048147,1287.087996,3.163990874,2.62371989,15.3,7.411710999999922,-0.03475758899999981
320.3,1264.697983,3.321038548,1.932877338,1287.415621,3.427698531,2.686545723,15.3,7.417638000000078,-0.10665998299999968
320.40000000000003,1265.03901,3.515808753,1.962526756,1287.769974,3.698529746,2.743929948,15.3,7.430964000000085,-0.18272099300000022
320.5,1265.399663,3.713543899,1.992176174,1288.151766,3.97648452,2.815165537,15.3,7.452103000000033,-0.26294062100000026
320.6,1265.780237,3.914243987,2.021825592,1288.561709,4.261562854,2.886401127,15.3,7.481472000000121,-0.34731886700000025
320.70000000000005,1266.181029,4.117909017,2.05147501,1289.000516,4.553764746,2.957636717,15.3,7.51948699999998,-0.435855729
320.8,1266.602336,4.324538989,2.081124427,1289.4689,4.853090197,3.028421615,15.3,7.566564000000152,-0.5285512080000005
320.90000000000003,1267.044454,4.534133903,2.110773845,1289.967573,5.159539207,3.096502368,15.3,7.623118999999814,-0.625405304
321.0,1267.50768,4.746693758,2.140262959,1290.497246,5.473111776,3.15917483,15.3,7.689565999999967,-0.7264180179999995
321.1,1267.992311,4.962218556,2.16879025,1291.058633,5.79353749,3.213734855,15.3,7.766322000000127,-0.8313189340000005
321.20000000000005,1268.498642,5.180708295,2.195393895,1291.652446,6.119464275,3.257478297,15.3,7.853804000000036,-0.9387559800000007
321.3,1269.02697,5.402066793,2.219112069,1292.279397,6.449269644,3.287701011,15.3,7.9524270000001245,-1.0472028509999998
321.40000000000003,1269.577592,5.625813139,2.239299236,1292.940198,6.78133111,3.302149542,15.3,8.062605999999914,-1.155517971
321.5,1270.150804,5.85137024,2.254044717,1293.635346,7.114026185,3.300373199,15.3,8.184541999999919,-1.2626559450000006
321.6,1270.746903,6.078161,2.263495848,1294.364472,7.445732383,3.282822674,15.3,8.317569000000002,-1.3675713830000005
321.70000000000005,1271.366108,6.305798097,2.267176039,1295.126988,7.774827215,3.25175142,15.3,8.460880000000042,-1.469029118
321.8,1272.008331,6.533135125,2.265245595,1295.922311,8.099688194,3.209863583,15.3,8.613980000000037,-1.5665530690000002
321.90000000000003,1272.673407,6.760164302,2.258506035,1296.749854,8.418963248,3.15986331,15.3,8.776446999999916,-1.658798946000001
322.0,1273.36117,6.986118763,2.247602897,1297.609032,8.732381962,3.104454745,15.3,8.947862000000168,-1.7462631989999995
322.1,1274.071456,7.210517597,2.234446859,1298.499259,9.039944335,3.046342034,15.3,9.12780300000004,-1.8294267379999996
322.20000000000005,1274.8041,7.433264621,2.21905089,1299.419949,9.341650369,2.987778633,15.3,9.315849000000025,-1.9083857479999997
322.3,1275.558935,7.654359836,2.202693098,1300.370517,9.637500062,2.929215232,15.3,9.511582000000043,-1.9831402260000006
322.40000000000003,1276.335798,7.873803241,2.186175002,1301.350377,9.927493415,2.87065183,15.3,9.714578999999912,-2.0536901740000006
322.5,1277.134522,8.091594836,2.169656906,1302.358944,10.21163043,2.812088429,15.3,9.924422000000003,-2.120035593999999
322.6,1277.954943,8.307734622,2.15313881,1303.395631,10.4899111,2.753525028,15.3,10.140688000000136,-2.1821764780000006
322.70000000000005,1278.796895,8.522222598,2.136620714,1304.459854,10.76233543,2.694961626,15.3,10.362959,-2.2401128319999994
322.8,1279.660213,8.735058765,2.120102618,1305.551027,11.02890343,2.636398225,15.3,10.590813999999863,-2.293844665
322.90000000000003,1280.544732,8.946243122,2.103584522,1306.668563,11.28961508,2.57770739,15.3,10.823830999999881,-2.3433719580000005
323.0,1281.450288,9.155775669,2.087066426,1307.811878,11.54447039,2.518251957,15.3,11.061589999999978,-2.3886947210000002
323.1,1282.376713,9.363656407,2.070447293,1308.980385,11.79346936,2.457267325,15.3,11.30367199999996,-2.429812952999999
323.20000000000005,1283.323845,9.569885335,2.053221937,1310.1735,12.03653553,2.393988896,15.3,11.549655000000211,-2.4666501949999997
323.3,1284.291516,9.774462454,2.034784136,1311.390636,12.27328661,2.327652071,15.3,11.799120000000084,-2.4988241559999995
323.40000000000003,1285.279563,9.97732714,2.014527668,1312.631208,12.50326382,2.257492251,15.3,12.051644999999962,-2.525936680000001
323.5,1286.28782,10.17817628,1.991846309,1313.89463,12.72600842,2.18287227,15.3,12.306809999999995,-2.547832139999999
323.6,1287.316121,10.37664615,1.966133838,1315.180255,12.94106163,2.103664694,15.3,12.564133999999921,-2.564415480000001
323.70000000000005,1288.364302,10.57237301,1.936885068,1316.487192,13.14796471,2.019996957,15.3,12.822890000000097,-2.5755917000000004
323.8,1289.432149,10.76499312,1.903998963,1317.814489,13.3462589,1.932506226,15.3,13.082340000000112,-2.5812657800000007
323.90000000000003,1290.519254,10.95414276,1.86757656,1319.161192,13.53548542,1.841957098,15.3,13.341937999999981,-2.5813426600000007
324.0,1291.625162,11.13945818,1.828123044,1320.526349,13.715262,1.749114173,15.3,13.601186999999936,-2.575803819999999
324.1,1292.749415,11.32057566,1.786244637,1321.909008,13.88551215,1.654742049,15.3,13.859593000000086,-2.564936490000001
324.20000000000005,1293.891558,11.49719209,1.742547564,1323.308215,14.04623589,1.559605327,15.3,14.116656999999986,-2.5490437999999997
324.3,1295.051134,11.66924683,1.697638045,1324.723018,14.19743322,1.464341172,15.3,14.371883999999863,-2.52818639
324.40000000000003,1296.227688,11.8367399,1.652122303,1326.152465,14.33910413,1.369077016,15.3,14.624776999999948,-2.5023642300000013
324.5,1297.420763,11.99967129,1.606505524,1327.595602,14.47124862,1.273812861,15.3,14.87483900000002,-2.4715773300000006
324.6,1298.629903,12.15804101,1.560888746,1329.051478,14.5938667,1.178548705,15.3,15.121575000000075,-2.4358256899999997
324.70000000000005,1299.854652,12.31184904,1.515271967,1330.519139,14.70695836,1.08328455,15.3,15.364487000000008,-2.3951093199999995
324.8,1301.094554,12.4610954,1.469655189,1331.997632,14.81052361,0.988020395,15.3,15.60307800000005,-2.349428210000001
324.90000000000003,1302.349152,12.60578008,1.42403841,1333.486006,14.90456244,0.893192665,15.3,15.836854000000084,-2.298782359999999
325.0,1303.61799,12.74590308,1.378421631,1334.983308,14.98907486,0.800983494,15.3,16.065318000000115,-2.243171780000001
325.1,1304.900613,12.88146441,1.332791543,1336.488585,15.06406086,0.714011438,15.3,16.287972000000035,-2.18259645
325.20000000000005,1306.196564,13.01246405,1.287081597,1338.000884,15.1297823,0.634895056,15.3,16.50431999999996,-2.1173182500000003
325.3,1307.505387,13.13890202,1.241211935,1339.519252,15.18754846,0.565358657,15.3,16.713865000000123,-2.0486464400000006
325.40000000000003,1308.826625,13.26077033,1.195102699,1341.042737,15.23893047,0.510703544,15.3,16.916112000000066,-1.97816014
325.5,1310.159823,13.37802904,1.148674031,1342.570387,15.28549947,0.470429103,15.3,17.11056400000002,-1.90747043
325.6,1311.504525,13.49063024,1.101846073,1344.101458,15.32829005,0.44586601,15.3,17.296933000000035,-1.83765981
325.70000000000005,1312.860273,13.59852603,1.054552277,1345.636045,15.37048298,0.436577836,15.3,17.47577199999996,-1.7719569499999999
325.8,1314.226607,13.70166847,1.006779333,1347.174453,15.41203976,0.440382453,15.3,17.647846000000026,-1.7103712900000012
325.90000000000003,1315.603036,13.80000967,0.958540552,1348.716984,15.45506806,0.455555548,15.3,17.813947999999936,-1.6550583900000007
326.0,1316.989068,13.89350169,0.90990248,1350.263945,15.50087717,0.476795821,15.3,17.974876999999832,-1.60737548
326.1,1318.384208,13.98209664,0.860944977,1351.815638,15.54972895,0.504167458,15.3,18.13143000000009,-1.5676323100000005
326.20000000000005,1319.78796,14.06575457,0.811747899,1353.372369,15.60162338,0.534157652,15.3,18.284408999999822,-1.5358688100000002
326.3,1321.199831,14.14446751,0.762391106,1354.934442,15.65656048,0.564584273,15.3,18.434611000000086,-1.5120929699999994
326.40000000000003,1322.619326,14.21823546,0.712954455,1356.50216,15.71454023,0.595010894,15.3,18.582834000000002,-1.49630477
326.5,1324.045951,14.28705841,0.663504494,1358.075828,15.77556265,0.625437515,15.3,18.72987699999994,-1.4885042399999993
326.6,1325.47921,14.35093636,0.614054533,1359.655751,15.83962774,0.655864135,15.3,18.876541000000042,-1.4886913799999988
326.70000000000005,1326.91861,14.40986931,0.564604572,1361.242233,15.90673548,0.686290756,15.3,19.023622999999997,-1.4968661700000006
326.8,1328.363657,14.46385727,0.515154611,1362.835577,15.97688589,0.716717377,15.3,19.171919999999954,-1.51302862
326.90000000000003,1329.813854,14.51290023,0.46570465,1364.436088,16.05007896,0.747143998,15.3,19.322233999999934,-1.5371787300000008
327.0,1331.268709,14.5569982,0.41625469,1366.044071,16.12631469,0.777151866,15.3,19.475362000000086,-1.5693164900000003
327.1,1332.727727,14.59615117,0.366804729,1367.65983,16.20559308,0.804647217,15.3,19.632103000000097,-1.6094419099999993
327.20000000000005,1334.190412,14.63035915,0.317488312,1369.283669,16.28791414,0.825746102,15.3,19.793256999999993,-1.6575549900000013
327.3,1335.656271,14.65962213,0.26897316,1370.915892,16.3730266,0.842050298,15.3,19.959620999999924,-1.7134044699999986
327.40000000000003,1337.124809,14.68394011,0.222060536,1372.556803,16.45967422,0.846932994,15.3,20.13199400000003,-1.7757341100000001
327.5,1338.595531,14.70339322,0.177551707,1374.206707,16.54552662,0.839253105,15.3,20.311176000000113,-1.8421333999999998
327.6,1340.067944,14.7183821,0.136247935,1375.865908,16.63154487,0.816916865,15.3,20.497964000000092,-1.9131627699999996
327.70000000000005,1341.541552,14.72938749,0.098950487,1377.53451,16.71375288,0.779505522,15.3,20.692958000000043,-1.9843653900000007
327.8,1343.015861,14.73689017,0.066327081,1379.211811,16.791466,0.728809261,15.3,20.89594999999981,-2.054575829999999
327.90000000000003,1344.490441,14.74137089,0.038511263,1380.89691,16.86317672,0.662807551,15.3,21.106469000000015,-2.121805829999998
328.0,1345.965118,14.7433104,0.015369487,1382.588905,16.92737753,0.588127204,15.3,21.323786999999992,-2.1840671300000007
328.1,1347.439781,14.74318947,-0.003765965,1384.286894,16.98281217,0.505909305,15.3,21.547113000000035,-2.239622699999998
328.20000000000005,1348.914321,14.74148885,-0.019696359,1385.989976,17.0292294,0.418666372,15.3,21.775655000000096,-2.2877405499999988
328.3,1350.388628,14.73860919,-0.03322296,1387.697248,17.0666292,0.328910921,15.3,22.00862000000002,-2.3280200100000012
328.40000000000003,1351.862592,14.73463059,-0.045147032,1389.40781,17.09501158,0.238736718,15.3,22.245217999999976,-2.3603809900000012
328.5,1353.336104,14.72955307,-0.056269839,1391.12076,17.11437654,0.148562515,15.3,22.48465600000004,-2.384823469999999
328.6,1354.809052,14.72337662,-0.067259102,1392.835194,17.12472408,0.058388312,15.3,22.726141999999935,-2.40134746
328.70000000000005,1356.281329,14.71610125,-0.078248365,1394.550213,17.12605421,-0.031785891,15.3,22.96888400000007,-2.40995296
328.8,1357.752822,14.70772695,-0.089237629,1396.264914,17.11836691,-0.121960094,15.3,23.212092000000165,-2.4106399599999992
328.90000000000003,1359.223423,14.69825373,-0.100226892,1397.978395,17.10166219,-0.212134298,15.3,23.45497200000018,-2.4034084599999996
329.0,1360.693022,14.68768157,-0.111216155,1399.689755,17.07594005,-0.302056683,15.3,23.696733000000176,-2.3882584799999993
329.1,1362.161509,14.67601049,-0.122205418,1401.398092,17.04120049,-0.390468164,15.3,23.93658299999988,-2.365190000000002
329.20000000000005,1363.628774,14.66324049,-0.133164577,1403.102504,16.99744351,-0.475857834,15.3,24.17372999999993,-2.3342030200000004
329.3,1365.094707,14.64937156,-0.143943109,1404.802089,16.9448202,-0.556714788,15.3,24.40738200000005,-2.2954486399999983
329.40000000000003,1366.559198,14.6344037,-0.154360387,1406.495946,16.88408601,-0.631528122,15.3,24.63674800000008,-2.2496823100000007
329.5,1368.022137,14.61835498,-0.164235786,1408.183173,16.81614749,-0.698786929,15.3,24.861035999999967,-2.1977925099999993
329.6,1369.483415,14.60131571,-0.173388679,1409.862869,16.74191117,-0.757232124,15.3,25.079454000000123,-2.140595460000002
329.70000000000005,1370.942921,14.58339426,-0.181638438,1411.534251,16.66228361,-0.806611886,15.3,25.29132999999997,-2.078889349999999
329.8,1372.400545,14.56469902,-0.188834541,1413.197024,16.57817135,-0.847178036,15.3,25.49647900000009,-2.013472330000001
329.90000000000003,1373.856193,14.54533835,-0.194946885,1414.85101,16.49048092,-0.880189659,15.3,25.69481700000001,-1.9451425699999998
330.0,1375.309826,14.52542064,-0.200005574,1416.496033,16.40011888,-0.907157662,15.3,25.886206999999967,-1.8746982400000007
330.1,1376.761422,14.50505425,-0.204161129,1418.131916,16.30784067,-0.929592948,15.3,26.070494000000007,-1.8027864200000003
330.20000000000005,1378.210957,14.48434758,-0.207594178,1419.758483,16.21379738,-0.949006425,15.3,26.24752600000006,-1.7294497999999994
330.3,1379.658408,14.46339092,-0.210485347,1421.375558,16.11798902,-0.966908996,15.3,26.417149999999946,-1.6545980999999994
330.40000000000003,1381.103751,14.44220234,-0.213015263,1422.982964,16.02041558,-0.98455975,15.3,26.579212999999935,-1.578213240000002
330.5,1382.546964,14.42078184,-0.215364552,1424.580524,15.92107707,-1.002210504,15.3,26.73356000000008,-1.5002952300000008
330.6,1383.988023,14.39912943,-0.217683737,1426.168062,15.81997348,-1.019861258,15.3,26.88003899999985,-1.4208440499999995
330.70000000000005,1385.426906,14.3772451,-0.220002921,1427.745401,15.71710482,-1.037512012,15.3,27.018494999999984,-1.3398597199999998
330.8,1386.863588,14.35512885,-0.222322106,1429.312365,15.61247108,-1.055162765,15.3,27.148777000000063,-1.2573422300000008
330.90000000000003,1388.298048,14.33278068,-0.224641291,1430.868778,15.50607226,-1.072813519,15.3,27.27072999999991,-1.173291579999999
331.0,1389.73026,14.31020059,-0.226960475,1432.414462,15.39790837,-1.090068851,15.3,27.384201999999913,-1.0877077799999988
331.1,1391.160204,14.28738858,-0.22927966,1433.949242,15.28797941,-1.102231442,15.3,27.48903799999989,-1.0005908300000002
331.20000000000005,1392.587854,14.26434466,-0.231556289,1435.472941,15.17628537,-1.115089389,15.3,27.585086999999884,-0.9119407099999997
331.3,1394.013189,14.24106881,-0.23339077,1436.985382,15.0630635,-1.118109533,15.3,27.67219300000006,-0.8219946900000004
331.40000000000003,1395.436184,14.21756105,-0.235088219,1438.486388,14.95113221,-1.111639551,15.3,27.75020400000012,-0.7335711600000003
331.5,1396.856817,14.1938469,-0.235832855,1439.975785,14.83701863,-1.093306912,15.3,27.818967999999995,-0.6431717299999988
331.6,1398.275064,14.17016613,-0.235556163,1441.453394,14.72704265,-1.061134506,15.3,27.87832999999996,-0.5568765199999994
331.70000000000005,1399.690903,14.14633565,-0.23400281,1442.919229,14.62099568,-1.017447121,15.3,27.92832600000015,-0.4746600300000008
331.8,1401.104309,14.12284494,-0.230960019,1444.374062,14.52030122,-0.954479551,15.3,27.969753000000036,-0.3974562800000001
331.90000000000003,1402.515281,14.09973511,-0.226572052,1445.818857,14.4263828,-0.882369534,15.3,28.00357600000002,-0.3266476900000015
332.0,1403.923897,14.07715936,-0.220321014,1447.254575,14.34066394,-0.80076939,15.3,28.030678000000034,-0.2635045800000011
332.1,1405.330257,14.05527089,-0.212980132,1448.682178,14.2643309,-0.712051653,15.3,28.051920999999947,-0.20906000999999996
332.20000000000005,1406.73446,14.03422289,-0.204617922,1450.102629,14.19762093,-0.618588853,15.3,28.06816900000008,-0.1633980399999988
332.3,1408.136605,14.01414304,-0.195489715,1451.516891,14.14053404,-0.522753521,15.3,28.08028600000007,-0.12639099999999992
332.40000000000003,1409.536792,13.99505686,-0.185850843,1452.925925,14.09307023,-0.426522767,15.3,28.0891329999999,-0.09801337000000032
332.5,1410.935119,13.97696436,-0.175956639,1454.330693,14.05522949,-0.330292014,15.3,28.095574000000124,-0.07826513000000013
332.6,1412.331688,13.95986553,-0.16601988,1455.732159,14.02701183,-0.23406126,15.3,28.100470999999924,-0.06714629999999921
332.70000000000005,1413.726596,13.94376038,-0.156083121,1457.131284,14.00841724,-0.137830506,15.3,28.104688000000078,-0.06465685999999948
332.8,1415.119943,13.92864891,-0.146146363,1458.529031,13.99944572,-0.041599753,15.3,28.10908800000011,-0.07079681000000093
332.90000000000003,1416.511829,13.91453111,-0.136209604,1459.926362,14.00009729,0.054631001,15.3,28.11453299999989,-0.08556617999999894
333.0,1417.902352,13.90140699,-0.126272845,1461.324239,14.01037192,0.150861754,15.3,28.12188699999997,-0.10896493000000085
333.1,1419.291613,13.88927654,-0.116336086,1462.723625,14.03026964,0.246318147,15.3,28.132011999999985,-0.1409931000000011
333.20000000000005,1420.679711,13.87813977,-0.106399327,1464.125481,14.05979043,0.337128373,15.3,28.145770000000038,-0.18165065999999896
333.3,1422.066744,13.86799668,-0.096531904,1465.530771,14.09893429,0.418646267,15.3,28.164026999999987,-0.23093761000000157
333.40000000000003,1423.452813,13.85884726,-0.087080497,1466.940457,14.14723661,0.486225662,15.3,28.187643999999818,-0.288389350000001
333.5,1424.838017,13.85069152,-0.078461122,1468.3555,14.20237431,0.535220392,15.3,28.217482999999856,-0.3516827899999999
333.6,1426.222455,13.84348785,-0.071089795,1469.776863,14.26155968,0.560984291,15.3,28.254407999999966,-0.4180718299999988
333.70000000000005,1427.606226,13.83702825,-0.065382533,1471.205509,14.32200503,0.559645553,15.3,28.299282999999786,-0.4849767800000002
333.8,1428.98943,13.8310631,-0.061755351,1472.642028,14.38092266,0.530429818,15.3,28.352597999999897,-0.5498595599999998
333.90000000000003,1430.372166,13.8253428,-0.060554929,1474.085524,14.43552486,0.474111447,15.3,28.41335799999997,-0.6101820599999996
334.0,1431.754501,13.81961774,-0.061850603,1475.534729,14.48302394,0.394562244,15.3,28.48022800000008,-0.6634062000000007
334.1,1433.136367,13.81363831,-0.065573038,1476.988375,14.5206322,0.296428376,15.3,28.55200799999984,-0.7069938899999997
334.20000000000005,1434.517664,13.80715489,-0.071375553,1478.445195,14.54602655,0.184356009,15.3,28.627531000000044,-0.7388716600000009
334.3,1435.898291,13.79991788,-0.078842132,1479.90392,14.55874238,0.06299131,15.3,28.705629,-0.7588244999999993
334.40000000000003,1437.278149,13.79171928,-0.08755676,1481.363282,14.55877969,-0.063019555,15.3,28.78513300000004,-0.7670604099999991
334.5,1438.657137,13.78251747,-0.097103419,1482.822015,14.54613847,-0.189804781,15.3,28.864878000000044,-0.7636210000000005
334.6,1440.035154,13.77231246,-0.107066095,1484.278849,14.52081873,-0.316590008,15.3,28.943695000000115,-0.74850627
334.70000000000005,1441.412101,13.76110425,-0.117098107,1485.732518,14.48282047,-0.443375234,15.3,29.020417000000133,-0.7217162199999994
334.8,1442.787876,13.74889284,-0.127130118,1487.181753,14.43214368,-0.570160461,15.3,29.093876999999974,-0.6832508399999995
334.90000000000003,1444.162381,13.73567823,-0.13716213,1488.625286,14.36878838,-0.696945687,15.3,29.162904999999864,-0.6331101500000003
335.0,1445.535514,13.72146041,-0.147194141,1490.06185,14.29275455,-0.823730913,15.3,29.226336000000128,-0.5712941399999991
335.1,1446.907174,13.7062394,-0.157226153,1491.490176,14.20404219,-0.949280105,15.3,29.283002000000078,-0.4978027899999997
335.20000000000005,1448.277263,13.69001518,-0.167258164,1492.908997,14.10265132,-1.067413092,15.3,29.33173400000005,-0.41263614000000004
335.3,1449.645679,13.67278777,-0.177172712,1494.317046,13.98858192,-1.167744445,15.3,29.371366999999918,-0.31579415000000033
335.40000000000003,1451.012322,13.65455715,-0.186382474,1495.713053,13.86257562,-1.251765628,15.3,29.400730999999904,-0.20801846999999896
335.5,1452.377092,13.63532333,-0.193775267,1497.095752,13.72834052,-1.303152767,15.3,29.41866,-0.09301718999999942
335.6,1453.739889,13.61515679,-0.199868501,1498.463874,13.59210788,-1.317458879,15.3,29.423985000000084,0.023048909999999978
335.70000000000005,1455.100611,13.59440991,-0.202735195,1499.816151,13.45298282,-1.288503793,15.3,29.41553999999992,0.14142708999999876
335.8,1456.459159,13.57375002,-0.202077962,1501.15191,13.32075966,-1.215051475,15.3,29.392751000000043,0.2529903600000001
335.90000000000003,1457.815433,13.55286666,-0.197309482,1502.472849,13.19810659,-1.101307182,15.3,29.35741600000001,0.3547600699999993
336.0,1459.169389,13.53291603,-0.188312289,1503.781258,13.08947334,-0.944543416,15.3,29.31186900000007,0.44344269000000125
336.1,1460.521207,13.51407655,-0.175611247,1505.079432,12.99930964,-0.761084052,15.3,29.258224999999992,0.5147669100000005
336.20000000000005,1461.871127,13.4967711,-0.158571482,1506.369661,12.93132357,-0.555376072,15.3,29.198534000000063,0.5654475300000001
336.3,1463.219385,13.48142254,-0.139119974,1507.654237,12.88625677,-0.334835681,15.3,29.134851999999864,0.5951657700000013
336.40000000000003,1464.566221,13.46838327,-0.11755411,1508.935452,12.86410923,-0.106879085,15.3,29.0692309999999,0.60427404
336.5,1465.911872,13.45772378,-0.094578675,1510.215599,12.86488095,0.122313546,15.3,29.003727000000207,0.5928428300000004
336.6,1467.256576,13.44944405,-0.070898454,1511.496969,12.88857194,0.351506176,15.3,28.94039300000004,0.56087211
336.70000000000005,1468.600571,13.44354408,-0.04710077,1512.781854,12.93518219,0.580698807,15.3,28.88128300000012,0.5083618899999998
336.8,1469.944095,13.44002389,-0.023303085,1514.072546,13.0047117,0.809891437,15.3,28.82845100000004,0.4353121900000012
336.90000000000003,1471.287386,13.43888347,0.000494599,1515.371337,13.09716047,1.039084068,15.3,28.78395100000007,0.341723
337.0,1472.630682,13.44012281,0.024292284,1516.680518,13.21252851,1.268276698,15.3,28.749835999999913,0.2275942999999998
337.1,1473.974221,13.44374192,0.048089968,1518.002383,13.35081581,1.497469329,15.3,28.728162000000065,0.0929261100000005
337.20000000000005,1475.31824,13.44974081,0.071887653,1519.339222,13.51202238,1.725411385,15.3,28.720982000000003,-0.062281569999999675
337.3,1476.662979,13.45811945,0.096069231,1520.693328,13.6961482,1.945849999,15.3,28.730349000000114,-0.2380287499999998
337.40000000000003,1478.008674,13.46887787,0.122554175,1522.066992,13.9031933,2.151281726,15.3,28.7583180000001,-0.43431542999999984
337.5,1479.355565,13.48201606,0.153645849,1523.462507,14.1324073,2.334203124,15.3,28.80694199999989,-0.6503912400000011
337.6,1480.703888,13.49776435,0.191647619,1524.882164,14.38003851,2.487643545,15.3,28.878276000000096,-0.8822741599999997
337.70000000000005,1482.053882,13.51727443,0.238862849,1526.328255,14.64158485,2.602501158,15.3,28.974372999999968,-1.1243104199999987
337.8,1483.405784,13.54192831,0.297594906,1527.803073,14.91254425,2.674121482,15.3,29.097289,-1.3706159400000004
337.90000000000003,1484.759834,13.57310803,0.369763259,1529.308309,15.18873433,2.700721148,15.3,29.248475000000052,-1.6156263000000006
338.0,1486.116452,13.61219558,0.455751803,1530.843253,15.46469399,2.683550728,15.3,29.426801000000022,-1.8524984100000008
338.1,1487.476799,13.660573,0.555176644,1532.406595,15.73688019,2.628863092,15.3,29.629795999999896,-2.0763071900000014
338.20000000000005,1488.842217,13.71962231,0.666118311,1533.997027,16.0004712,2.543628888,15.3,29.854809999999997,-2.2808488899999997
338.3,1490.214051,13.79072551,0.786273439,1535.613238,16.25171529,2.436949947,15.3,30.099186999999983,-2.4609897800000002
338.40000000000003,1491.593644,13.8750343,0.913338663,1537.253919,16.48986211,2.314731323,15.3,30.360274999999955,-2.6148278100000013
338.5,1492.98234,13.97277901,1.045010616,1538.917759,16.71491166,2.185009256,15.3,30.63541899999991,-2.7421326499999985
338.6,1494.381482,14.08395965,1.178985935,1540.60345,16.92686396,2.054036615,15.3,30.92196800000006,-2.842904309999998
338.70000000000005,1495.792414,14.2085762,1.313345148,1542.309681,17.12571899,1.923063974,15.3,31.217266999999946,-2.9171427899999998
338.8,1497.216479,14.34662868,1.447704361,1544.035142,17.31147675,1.792091333,15.3,31.518663000000014,-2.9648480700000004
338.90000000000003,1498.655022,14.49811707,1.582063574,1545.778525,17.48413725,1.661118692,15.3,31.823503000000027,-2.9860201800000006
339.0,1500.109385,14.66304139,1.716422787,1547.538518,17.64370049,1.530146051,15.3,32.129133000000095,-2.9806591000000004
339.1,1501.580912,14.84140163,1.850782,1549.313814,17.79016646,1.399173411,15.3,32.4329020000002,-2.9487648299999982
339.20000000000005,1503.070947,15.03319779,1.985141213,1551.1031,17.92353517,1.26856831,15.3,32.73215300000011,-2.890337380000002
339.3,1504.580834,15.23842987,2.119500426,1552.905069,18.04380662,1.140168451,15.3,33.02423499999982,-2.8053767500000024
339.40000000000003,1506.111915,15.45709788,2.252863578,1554.71841,18.1509808,1.016179077,15.3,33.306495,-2.69388292
339.5,1507.665535,15.6892018,2.380250362,1556.541814,18.24527824,0.898805427,15.3,33.57627899999984,-2.556076440000002
339.6,1509.243038,15.93474165,2.495684412,1558.37397,18.32780156,0.790252746,15.3,33.83093200000003,-2.3930599100000016
339.70000000000005,1510.845766,16.19311978,2.59318936,1560.21357,18.39987391,0.692726274,15.3,34.06780399999998,-2.20675413
339.8,1512.475063,16.46134801,2.666788839,1562.059303,18.46281843,0.608063713,15.3,34.28423999999991,-2.0014704200000004
339.90000000000003,1514.132274,16.73584052,2.710506481,1563.910036,18.51795827,0.536632604,15.3,34.47776199999994,-1.7821177500000012
340.0,1515.818741,17.01301149,2.719361981,1565.765342,18.56661656,0.478065405,15.3,34.646600999999876,-1.5536050699999997
340.1,1517.53533,17.2892751,2.692359277,1567.624968,18.61011647,0.430524417,15.3,34.78963800000015,-1.3208413700000001
340.20000000000005,1519.280994,17.56104553,2.63049443,1569.488665,18.64978112,0.391804395,15.3,34.90767100000012,-1.0887355899999989
340.3,1521.054208,17.82473697,2.538747747,1571.356181,18.68671315,0.3597001,15.3,35.00197300000009,-0.8619761799999992
340.40000000000003,1522.853447,18.07676357,2.423095594,1573.227264,18.72113308,0.332006288,15.3,35.07381700000015,-0.6443695100000006
340.5,1524.677186,18.31413718,2.28951434,1575.101663,18.7530409,0.306517719,15.3,35.12447700000003,-0.438903719999999
340.6,1526.5239,18.53626014,2.143980351,1576.979128,18.78243662,0.281396689,15.3,35.15522800000004,-0.24617647999999903
340.70000000000005,1528.392063,18.74313246,1.992469994,1578.859407,18.80932024,0.25627566,15.3,35.167343999999915,-0.06618777999999992
340.8,1530.280151,18.93475414,1.839963577,1580.742248,18.83369176,0.23115463,15.3,35.16209700000009,0.10106237999999834
340.90000000000003,1532.186639,19.11112518,1.687457159,1582.627401,18.85555117,0.206033601,15.3,35.14076199999995,0.25557401000000013
341.0,1534.110002,19.27224557,1.534950742,1584.514614,18.87489848,0.180912571,15.3,35.104612000000046,0.39734709000000024
341.1,1536.048714,19.41811532,1.382444324,1586.403637,18.89173368,0.155791542,15.3,35.054922999999874,0.5263816399999968
341.20000000000005,1538.00125,19.54873444,1.229937907,1588.294217,18.90605678,0.130670513,15.3,34.992966999999865,0.6426776600000004
341.3,1539.966086,19.66410291,1.077431489,1590.186104,18.91786778,0.105549483,15.3,34.920017999999985,0.7462351299999987
341.40000000000003,1541.941696,19.76422073,0.925538583,1592.079047,18.92716668,0.080428454,15.3,34.837350999999856,0.8370540500000025
341.5,1543.926555,19.84908792,0.777326742,1593.972794,18.93395347,0.055307424,15.3,34.74623900000002,0.91513445
341.6,1545.919139,19.91870446,0.636477034,1595.867093,18.93822817,0.030186395,15.3,34.647953999999984,0.9804762900000021
341.70000000000005,1547.917922,19.97343847,0.506670524,1597.761695,18.93999075,0.005065366,15.3,34.54377299999983,1.0334477200000016
341.8,1549.921378,20.01513048,0.391588279,1599.656348,18.93924124,-0.020055664,15.3,34.43496999999998,1.0758892399999986
341.90000000000003,1551.927984,20.04598913,0.291757867,1601.5508,18.93597962,-0.045176693,15.3,34.32281600000006,1.1100095099999976
342.0,1553.936214,20.06822305,0.219707336,1603.4448,18.9302059,-0.070297723,15.3,34.208585999999926,1.1380171499999996
342.1,1555.944837,20.08404089,0.166589703,1605.338097,18.92192008,-0.095418752,15.3,34.09326000000006,1.1621208100000011
342.20000000000005,1557.9538,20.09375918,0.134944957,1607.23044,18.91112215,-0.120539782,15.3,33.976640000000046,1.1826370299999986
342.3,1559.963347,20.10526287,0.121705541,1609.121577,18.89781212,-0.145660811,15.3,33.85822999999978,1.2074507499999996
342.40000000000003,1561.973717,20.1150843,0.12319039,1611.011258,18.88198999,-0.17078184,15.3,33.73754099999992,1.2330943099999985
342.5,1563.985154,20.1269561,0.138871935,1612.899231,18.86365575,-0.19590287,15.3,33.61407700000014,1.2633003500000015
342.6,1565.997899,20.14124637,0.155608617,1614.785245,18.84280941,-0.221023899,15.3,33.48734600000007,1.29843696
342.70000000000005,1568.012194,20.15795512,0.179179862,1616.669049,18.81945097,-0.246144929,15.3,33.35685500000018,1.3385041500000021
342.8,1570.028281,20.17708235,0.203364619,1618.550392,18.79358043,-0.271265958,15.3,33.222111,1.3835019200000005
342.90000000000003,1572.046402,20.19862804,0.227549375,1620.429021,18.76519778,-0.296386987,15.3,33.08261899999998,1.433430259999998
343.0,1574.066798,20.22259222,0.251734132,1622.304687,18.73430303,-0.316623372,15.3,32.937889,1.4882891899999997
343.1,1576.089711,20.24897487,0.275918888,1624.177138,18.70089618,-0.338778725,15.3,32.78742699999994,1.5480786900000005
343.20000000000005,1578.115383,20.277776,0.300103645,1626.046123,18.66497722,-0.357096142,15.3,32.63074000000002,1.6127987799999985
343.3,1580.144057,20.3089956,0.324288402,1627.91139,18.62947695,-0.355424837,15.3,32.46733300000001,1.6795186499999986
343.40000000000003,1582.175973,20.34263368,0.348473158,1629.772688,18.59062721,-0.336308372,15.3,32.29671499999991,1.7520064699999978
343.5,1584.211374,20.37869023,0.372657915,1631.629766,18.54842799,-0.314400682,15.3,32.11839200000004,1.8302622399999997
343.6,1586.250502,20.41716526,0.396842671,1633.482373,18.52104813,-0.294586411,15.3,31.931870999999955,1.8961171300000004
343.70000000000005,1588.293598,20.45805877,0.421027428,1635.330258,18.49911115,-0.275804207,15.3,31.736659999999983,1.95894762
343.8,1590.340904,20.50137075,0.445212184,1637.17317,18.47633681,-0.239257225,15.3,31.532266000000117,2.02503394
343.90000000000003,1592.392663,20.5471012,0.469396941,1639.010856,18.4527251,-0.236117097,15.3,31.31819300000002,2.0943761000000016
