t,x_follower,v_follower,a_follower,x_leader,v_leader,a_leader,leader_length,spacing,dv
568.2,645.6910767,25.09128514,-1.285339432,702.8409951,21.28370762,1.359674616,15.8,41.349918399999936,3.807577519999999
568.3000000000001,648.1976424,24.9545393,-1.433438544,704.9789558,21.41409196,1.248012142,15.8,40.98131340000005,3.54044734
568.4,650.689743,24.80296313,-1.576634757,707.1293966,21.53331005,1.136349669,15.8,40.63965359999993,3.2696530799999977
568.5,653.1658218,24.63729205,-1.713702347,709.2912009,21.64136189,1.024687195,15.8,40.325379100000035,2.9959301600000003
568.6,655.6243224,24.4582615,-1.843619876,711.4632521,21.73824749,0.913024722,15.8,40.0389297,2.72001401
568.7,658.0637861,24.26660691,-1.966183056,713.6444336,21.82396683,0.801362248,15.8,39.780647499999944,2.4426400800000003
568.8000000000001,660.4831468,24.06306373,-2.081596176,715.8336286,21.89851994,0.688744396,15.8,39.550481800000014,2.1645437899999997
568.9,662.8814361,23.84836738,-2.190880672,718.0297207,21.96190679,0.570394271,15.8,39.348284600000014,1.8864605899999987
569.0,665.2576859,23.62325329,-2.295262269,720.2315931,22.0141274,0.440579599,15.8,39.1739072000001,1.6091258900000014
569.1,667.6109279,23.38833434,-2.395966691,722.4381293,22.05460853,0.293568109,15.8,39.02720140000004,1.3337258100000007
569.2,669.9401939,23.1437331,-2.494219665,724.6482126,22.08048405,0.123627528,15.8,38.908018699999914,1.0632490499999996
569.3000000000001,672.2445157,22.88944955,-2.591246913,726.8607264,22.08831459,-0.074974419,15.8,38.81621070000001,0.8011349599999988
569.4,674.522925,22.62548371,-2.688069874,729.074554,22.0746608,-0.307014624,15.8,38.75162900000005,0.5508229100000008
569.5,676.7744536,22.35183558,-2.784892835,731.2881204,22.03608331,-0.573448466,15.8,38.71366680000001,0.31575227000000083
569.6,678.9981333,22.06850515,-2.881715796,733.4980159,21.96914274,-0.873320568,15.8,38.699882600000095,0.09936241000000123
569.7,681.1929958,21.77549242,-2.978538757,735.7003724,21.87039975,-1.201854034,15.8,38.707376600000046,-0.09490733000000162
569.8000000000001,683.3580729,21.47279739,-3.075361718,737.8913217,21.73641497,-1.553316592,15.8,38.73324880000003,-0.26361757999999824
569.9,685.4923964,21.16042007,-3.172184679,740.0669959,21.56432225,-1.921975969,15.8,38.77459950000009,-0.40390217999999933
570.0,687.5949981,20.83836046,-3.268541593,742.2235268,21.35354838,-2.302099891,15.8,38.82852869999995,-0.5151879199999989
570.1,689.6649096,20.50661855,-3.362102221,744.3570462,21.10409335,-2.687956087,15.8,38.89213660000003,-0.5974748000000005
570.2,691.7011629,20.16519434,-3.450070277,746.463686,20.81595716,-3.074767661,15.8,38.96252310000007,-0.6507628200000006
570.3000000000001,693.7027896,19.81436746,-3.529649477,748.5395782,20.48913982,-3.461579236,15.8,39.036788600000094,-0.6747723599999986
570.4,695.6688216,19.45553606,-3.599972198,750.5808546,20.12364132,-3.84839081,15.8,39.112032999999954,-0.6681052600000008
570.5,697.5982906,19.09037791,-3.652456162,752.583647,19.71946166,-4.235202385,15.8,39.1853564,-0.6290837499999995
570.6,699.4902284,18.72057077,-3.690557123,754.5440875,19.27660084,-4.622013959,15.8,39.25385910000007,-0.556030070000002
570.7,701.3438904,18.34663523,-3.711880371,756.4583078,18.79505886,-5.008825533,15.8,39.31441739999998,-0.44842363000000063
570.8000000000001,703.1594269,17.97372064,-3.716891952,758.3224398,18.27483573,-5.395637108,15.8,39.363012900000015,-0.3011150899999997
570.9,704.937212,17.60003319,-3.707922105,760.1326155,17.71593144,-5.779938578,15.8,39.3954035,-0.1158982499999972
571.0,706.6776195,17.22840784,-3.685838451,761.8849667,17.118346,-6.149179422,15.8,39.40734719999996,0.11006184000000019
571.1,708.3810236,16.86024274,-3.659223269,763.5756253,16.48207939,-6.488299014,15.8,39.39460169999991,0.37816335000000123
571.2,710.0477981,16.49581751,-3.62508685,765.2007232,15.80863769,-6.782236729,15.8,39.35292509999995,0.687179819999999
571.3000000000001,711.6783172,16.13513216,-3.588154147,766.7563922,15.10555121,-7.01593194,15.8,39.278075000000015,1.0295809500000015
571.4,713.2729546,15.77818668,-3.550755395,768.2387643,14.38185632,-7.174324022,15.8,39.16580969999991,1.3963303599999985
571.5,714.8320846,15.42498108,-3.513356644,769.6439713,13.64658941,-7.244862452,15.8,39.01188669999995,1.7783916699999995
571.6,716.3560809,15.07551535,-3.475957892,770.96935,12.90878683,-7.225037127,15.8,38.813269099999914,2.1667285199999995
571.7,717.8453177,14.7297895,-3.438559141,772.2170565,12.17748498,-7.117358152,15.8,38.571738800000006,2.5523045200000016
571.8000000000001,719.3001689,14.38780352,-3.401160389,773.3904518,11.46172022,-6.934376046,15.8,38.29028290000004,2.9260833
571.9,720.7210085,14.04955742,-3.363761638,774.4928968,10.77052894,-6.691151437,15.8,37.9718883,3.279028479999999
572.0,722.1082104,13.7150512,-3.326362886,775.5277526,10.11144143,-6.402744951,15.8,37.619542200000026,3.6036097700000003
572.1,723.4621488,13.38428484,-3.288801248,776.4983802,9.485963778,-6.084217212,15.8,37.23623140000002,3.898321061999999
572.2,724.7831974,13.05725837,-3.250262289,777.4081404,8.89409597,-5.750628848,15.8,36.82494300000003,4.163162399999999
572.3000000000001,726.0717305,12.73397177,-3.20976869,778.2603944,8.335838009,-5.414530379,15.8,36.388663900000054,4.398133761
572.4,727.3281219,12.41452277,-3.166343129,779.0585031,7.811189894,-5.078431911,15.8,35.930381200000014,4.603332876
572.5,728.5527456,12.09940005,-3.119008287,779.8058275,7.320151626,-4.742333442,15.8,35.45308189999999,4.7792484239999995
572.6,729.7459756,11.78918998,-3.066786843,780.5057285,6.862723206,-4.406234973,15.8,34.95975290000008,4.926466774
572.7,730.9081859,11.48447897,-3.008864363,781.1615672,6.438904632,-4.070136505,15.8,34.453381300000004,5.045574338
572.8000000000001,732.0398286,11.1858534,-2.945077961,781.7767045,6.048695905,-3.734038036,15.8,33.93687590000009,5.137157494999999
572.9,733.1416688,10.89389966,-2.875590523,782.3545015,5.692097025,-3.398322534,15.8,33.412832699999925,5.201802635000001
573.0,734.2145494,10.60920416,-2.801216483,782.898319,5.369107991,-3.064904829,15.8,32.88376960000001,5.240096169000001
573.1,735.2593137,10.33235327,-2.722933162,783.4115181,5.079728805,-2.73608272,15.8,32.35220439999996,5.252624465
573.2,736.2768046,10.06383567,-2.641717879,783.8974599,4.823729685,-2.414154004,15.8,31.820655299999952,5.240105985
573.3000000000001,737.2678653,9.803749077,-2.558547956,784.3595051,4.599961734,-2.101416478,15.8,31.29163979999994,5.203787343000001
573.4,738.2333389,9.552093499,-2.474400712,784.8010149,4.407046273,-1.800167941,15.8,30.767676000000005,5.145047226
573.5,739.1740685,9.308868935,-2.390090581,785.2253503,4.243604622,-1.512323224,15.8,30.25128179999997,5.065264312999999
573.6,740.0908972,9.074075383,-2.305780451,785.6356883,4.108258104,-1.238265292,15.8,29.744791099999997,4.965817279
573.7,740.9846681,8.847712845,-2.22147032,786.0344709,3.99962804,-0.977611181,15.8,29.24980279999995,4.848084805
573.8000000000001,741.8562242,8.629781319,-2.13716019,786.423956,3.916335751,-0.728446058,15.8,28.767731799999932,4.713445567999999
573.9,742.7064088,8.420280807,-2.052850059,786.8064018,3.857002559,-0.488472126,15.8,28.29999300000004,4.563278248
574.0,743.5360649,8.219211307,-1.968539929,787.1840663,3.820479564,-0.255391587,15.8,27.848001399999998,4.398731743
574.1,744.3460356,8.026572821,-1.884098641,787.5592075,3.806536988,-0.026906643,15.8,27.413171899999906,4.220035833000001
574.2,745.1371639,7.842365348,-1.798870409,787.9340835,3.815174829,0.199280503,15.8,26.996919600000023,4.027190519
574.3000000000001,745.9102931,7.666588887,-1.712068288,788.3109523,3.846393088,0.425084683,15.8,26.600659200000063,3.8201957989999995
574.4,746.6662662,7.499322135,-1.622905335,788.6920719,3.900191766,0.650888863,15.8,26.225805699999977,3.599130369
574.5,747.4059263,7.340958562,-1.530594605,789.0797004,3.976570861,0.876693043,15.8,25.873774099999945,3.364387701
574.6,748.1301165,7.191970334,-1.434349154,789.4760959,4.075530374,1.102497223,15.8,25.545979400000032,3.1164399599999992
574.7,748.8396799,7.05282962,-1.333513196,789.8835163,4.197070305,1.328301403,15.8,25.24383640000003,2.8557593150000002
574.8000000000001,749.5355226,6.924008585,-1.227955572,790.3042197,4.341190655,1.554105583,15.8,24.96869709999994,2.58281793
574.9,750.2188024,6.805979395,-1.117807441,790.7404642,4.507891422,1.779909763,15.8,24.72166180000006,2.2980879729999995
575.0,750.8907402,6.699214217,-1.003724589,791.1945078,4.697172607,2.004371418,15.8,24.503767600000014,2.00204161
575.1,751.5525568,6.604185218,-0.88649396,791.6686085,4.90903421,2.220777929,15.8,24.316051699999957,1.6951510079999998
575.2,752.2054731,6.52128587,-0.766902498,792.1650245,5.143476232,2.42107415,15.8,24.15955140000001,1.3778096379999996
575.3000000000001,752.8507098,6.450594867,-0.645737148,792.6860136,5.399693156,2.597204935,15.8,24.03530380000002,1.0509017110000007
575.4,753.4894879,6.392112209,-0.523784854,793.233834,5.673657412,2.74111514,15.8,23.94434610000003,0.7184547970000006
575.5,754.1230281,6.345837896,-0.401701402,793.8107437,5.960535912,2.84474962,15.8,23.887715599999932,0.3853019839999998
575.6,754.7525513,6.311771928,-0.279617951,794.4190007,6.255495568,2.901395754,15.8,23.86644939999992,0.056276360000000025
575.7,755.3792783,6.289914306,-0.157534499,795.0602188,6.553703295,2.909711017,15.8,23.88094050000002,-0.26378898900000003
575.8000000000001,756.00443,6.280265029,-0.035451048,795.7334338,6.850326004,2.871037934,15.8,23.929003799999986,-0.5700609750000005
575.9,756.6292271,6.282824096,0.086632404,796.4370373,7.140530609,2.792089127,15.8,24.007810200000062,-0.8577065130000001
576.0,757.2548906,6.297591509,0.208715855,797.1694209,7.419484022,2.680919738,15.8,24.114530300000023,-1.1218925129999997
576.1,757.8826413,6.324567267,0.330411373,797.9289762,7.683158672,2.545584915,15.8,24.24633489999992,-1.3585914050000003
576.2,758.5136999,6.363751371,0.449779285,798.7140948,7.930749044,2.394139802,15.8,24.40039489999999,-1.5669976729999995
576.3000000000001,759.1492874,6.415143819,0.564491985,799.5231682,8.162255138,2.234639543,15.8,24.573880799999937,-1.747111319000001
576.4,759.7906245,6.478511852,0.67222187,800.354588,8.377676953,2.07379676,15.8,24.7639635,-1.8991651010000004
576.5,760.4389321,6.552691667,0.770641332,801.2067457,8.57701449,1.912953978,15.8,24.967813600000067,-2.0243228229999994
576.6,761.0954311,6.636286701,0.857422766,802.078033,8.760267748,1.752111195,15.8,25.182601899999963,-2.123981047
576.7,761.7613422,6.727900389,0.930626502,802.9668414,8.927436729,1.591268412,15.8,25.405499200000076,-2.19953634
576.8000000000001,762.4377001,6.82613617,0.989864605,803.8715625,9.078521431,1.43042563,15.8,25.633862399999952,-2.2523852610000006
576.9,763.1247946,6.929597479,1.035525009,804.7905878,9.213521854,1.269582847,15.8,25.865793200000052,-2.283924375
577.0,763.8227293,7.036887753,1.069547385,805.722309,9.332438,1.109232829,15.8,26.099579700000003,-2.2955502469999995
577.1,764.5316077,7.14661043,1.094259339,806.6651176,9.435269867,0.9518394,15.8,26.333509900000035,-2.2886594370000006
577.2,765.2515334,7.257601706,1.111988477,807.6174051,9.522017456,0.800359148,15.8,26.56587170000007,-2.2644157500000004
577.3000000000001,765.9826101,7.36962882,1.125062404,808.5775632,9.592976426,0.657748662,15.8,26.794953099999997,-2.223347606
577.4,766.7249413,7.482691773,1.135808725,809.5439834,9.649625071,0.52696453,15.8,27.019042100000046,-2.166933298000001
577.5,767.4786305,7.596790565,1.146167112,810.5150573,9.693737343,0.410963342,15.8,27.236426799999958,-2.0969467780000004
577.6,768.2437815,7.711925196,1.156525499,811.4891764,9.727087197,0.312208921,15.8,27.445394900000064,-2.0151620009999993
577.7,769.0204977,7.828095665,1.166883886,812.464969,9.751448586,0.231194032,15.8,27.64447130000003,-1.9233529210000002
577.8000000000001,769.8088827,7.945301973,1.177242273,813.442009,9.768595462,0.16742591,15.8,27.833126299999957,-1.823293489
577.9,770.6090401,8.063544119,1.187600659,814.4201074,9.780301779,0.118440731,15.8,28.01106729999999,-1.7167576600000007
578.0,771.4210736,8.182822105,1.197959046,815.3990749,9.78834149,0.081281907,15.8,28.17800129999996,-1.605519385000001
578.1,772.2450866,8.303135929,1.208192426,816.3787221,9.794192889,0.052992849,15.8,28.333635499999968,-1.4910569599999999
578.2,773.0811829,8.424485591,1.217675763,817.3588598,9.798151636,0.030616968,15.8,28.47767689999996,-1.3736660450000002
578.3000000000001,773.9294658,8.546871093,1.225223434,818.3392987,9.80021773,0.011197675,15.8,28.60983289999997,-1.253346637
578.4,774.7900392,8.670217428,1.231392132,819.3198496,9.800391171,-0.007728852,15.8,28.729810399999973,-1.1301737429999985
578.5,775.6630064,8.794149577,1.234125079,820.3003233,9.798671959,-0.02665538,15.8,28.837316899999973,-1.0045223819999993
578.6,776.5484712,8.917956165,1.233107809,821.2805303,9.795060095,-0.045581907,15.8,28.932059100000014,-0.8771039300000005
578.7,777.446537,9.041971208,1.227715286,822.2602816,9.789555578,-0.064508435,15.8,29.01374459999995,-0.7475843700000002
578.8000000000001,778.3572475,9.164960639,1.217822503,823.2393878,9.782158408,-0.083434962,15.8,29.08214030000006,-0.6171977690000006
578.9,779.2804063,9.286735778,1.203990046,824.2176596,9.772868585,-0.10236149,15.8,29.137253300000065,-0.48613280699999883
579.0,780.2157569,9.4068466,1.185536216,825.1949078,9.76168611,-0.121288017,15.8,29.179150900000035,-0.3548395099999997
579.1,781.1630428,9.524843079,1.164517791,826.1709432,9.748610982,-0.139978782,15.8,29.20790040000004,-0.2237679030000006
579.2,782.1220077,9.640350193,1.141249236,827.1455764,9.733643201,-0.157254972,15.8,29.22356869999994,-0.09329300799999984
579.3000000000001,783.092395,9.753292938,1.116480594,828.1186181,9.716782767,-0.170728191,15.8,29.226223100000038,0.03651017099999976
579.4,784.0739484,9.863671313,1.090961909,829.0898792,9.698171139,-0.181905326,15.8,29.21593080000009,0.16550017399999994
579.5,785.0664115,9.971485319,1.065318217,830.0591704,9.678515602,-0.18645034,15.8,29.192758900000012,0.2929697170000001
579.6,786.0695277,10.07673496,1.039674525,831.0263024,9.659249196,-0.183922478,15.8,29.156774699999982,0.41748576400000026
579.7,787.0830406,10.17942022,1.014030832,831.9910858,9.639467786,-0.173142927,15.8,29.108045199999946,0.5399524339999999
579.8000000000001,788.1066939,10.27954112,0.98838714,832.9534447,9.621772997,-0.153875926,15.8,29.046750799999995,0.6577681229999985
579.9,789.1402311,10.37709765,0.962743448,833.9137556,9.606429281,-0.127331058,15.8,28.973524499999893,0.7706683689999991
580.0,790.1833956,10.47208981,0.937099756,834.8725083,9.594285382,-0.091765672,15.8,28.88911270000001,0.8778044279999992
580.1,791.2359312,10.5645176,0.911456063,835.8301924,9.586190046,-0.051515806,15.8,28.794261200000005,0.9783275539999998
580.2,792.2975813,10.65438103,0.885485212,836.7872976,9.582850561,-0.007022215,15.8,28.68971629999994,1.071530468999999
580.3000000000001,793.3680896,10.74168008,0.857551408,837.7443138,9.584408383,0.040300527,15.8,28.576224200000024,1.1572716970000005
580.4,794.4471995,10.82641476,0.825691697,838.7017307,9.590863514,0.089037843,15.8,28.454531199999973,1.235551246
580.5,795.5346547,10.90838878,0.787943127,839.6600379,9.602215952,0.138010922,15.8,28.325383199999987,1.3061728279999993
580.6,796.6301987,10.98662066,0.742342744,840.6197252,9.618465698,0.186984001,15.8,28.189526499999896,1.3681549620000002
580.7,797.7335751,11.05993262,0.686927594,841.5812824,9.639612752,0.23595708,15.8,28.04770729999991,1.420319868
580.8000000000001,798.8445274,11.1271469,0.620061885,842.5451991,9.665657114,0.284930159,15.8,27.900671700000043,1.4614897859999996
580.9,799.9626422,11.18708572,0.541418456,843.5119651,9.696598784,0.333903238,15.8,27.749322899999992,1.490486936
581.0,801.0868779,11.23857132,0.451324467,844.4820702,9.732437762,0.382876317,15.8,27.59519229999996,1.5061335580000001
581.1,802.2160357,11.28042591,0.351415712,845.456004,9.773174048,0.431535739,15.8,27.439968299999986,1.5072518620000004
581.2,803.3489171,11.31147173,0.243655145,846.4342563,9.818807641,0.478313221,15.8,27.28533920000002,1.4926640889999998
581.3000000000001,804.4843233,11.3307273,0.130005717,847.4173169,9.869338543,0.521326822,15.8,27.132993599999917,1.461388757
581.4,805.6210558,11.33799633,0.012430384,848.4056754,9.924578558,0.558694601,15.8,26.984619599999927,1.413417771999999
581.5,806.7579158,11.33327881,-0.107107903,849.3998216,9.983586717,0.588534617,15.8,26.841905800000017,1.3496920929999998
581.6,807.8937048,11.31657475,-0.226973349,850.4002452,10.04523385,0.608964931,15.8,26.706540399999948,1.2713408999999984
581.7,809.0272241,11.28788414,-0.346838795,851.407436,10.10839081,0.618417259,15.8,26.58021189999995,1.1794933299999997
581.8000000000001,810.1572749,11.24720699,-0.466704241,852.421733,10.17192841,0.616577943,15.8,26.46445810000007,1.0752785800000009
581.9,811.2826587,11.19454329,-0.586569687,853.4428734,10.2347175,0.603760641,15.8,26.360214700000096,0.95982579
582.0,812.4021769,11.12989305,-0.706435132,854.4704434,10.29562891,0.581533635,15.8,26.26826650000005,0.8342641400000002
582.1,813.5146306,11.05325627,-0.826300578,855.5040295,10.35353348,0.551778868,15.8,26.18939889999997,0.6997227900000009
582.2,814.6188214,10.96463294,-0.945337228,856.5432181,10.40749024,0.516378279,15.8,26.124396699999988,0.5571427
582.3000000000001,815.7135505,10.86402306,-1.059401098,857.5875956,10.45731099,0.477213809,15.8,26.07404509999999,0.4067120699999993
582.4,816.7976193,10.75142664,-1.163519409,858.6367483,10.50299573,0.436167398,15.8,26.03912900000007,0.24843090999999973
582.5,817.8698291,10.62734096,-1.252719383,859.6902627,10.54454447,0.394807331,15.8,26.0204336,0.08279648999999978
582.6,818.9289813,10.49425239,-1.32202824,860.7477252,10.5819572,0.353447263,15.8,26.018743899999958,-0.08770480999999997
582.7,819.9738772,10.35514462,-1.366473201,861.8087222,10.61523392,0.312087196,15.8,26.034845000000086,-0.26008929999999886
582.8000000000001,821.0033182,10.21300131,-1.381910282,862.87284,10.64437464,0.270727129,15.8,26.06952180000003,-0.43137333000000133
582.9,822.0165034,10.07080612,-1.367510689,863.9396651,10.66937935,0.229367061,15.8,26.123161699999923,-0.5985732299999995
583.0,823.0142233,9.931542722,-1.324103216,865.0087839,10.69024805,0.188006994,15.8,26.1945606,-0.7587053279999996
583.1,823.9976662,9.798194787,-1.255831847,866.0797827,10.70698075,0.146646926,15.8,26.282116499999983,-0.9087859629999997
583.2,824.9680203,9.67374598,-1.167669362,867.152248,10.71957744,0.105473051,15.8,26.38422769999995,-1.0458314600000005
583.3000000000001,825.926474,9.560682691,-1.064588538,868.2257662,10.72803812,0.065416332,15.8,26.499292199999967,-1.1673554290000006
583.4,826.8742155,9.459502198,-0.951562156,869.2999237,10.73236279,0.027593925,15.8,26.62570820000003,-1.2728605920000007
583.5,827.812433,9.370204501,-0.833562995,870.3743068,10.73266318,-0.006877016,15.8,26.761873799999943,-1.3624586789999995
583.6,828.742315,9.292789599,-0.714735037,871.448502,10.72949785,-0.036961885,15.8,26.906187,-1.4367082509999989
583.7,829.6650495,9.227257493,-0.59590708,872.5220956,10.7235371,-0.061864346,15.8,27.057046099999933,-1.496279607
583.8000000000001,830.5818251,9.173608183,-0.477079122,873.5946741,10.71545123,-0.079195668,15.8,27.212849000000073,-1.5418430469999986
583.9,831.4938298,9.131841669,-0.358251164,874.6659133,10.70586099,-0.090392531,15.8,27.372083500000098,-1.5740193209999997
584.0,832.402252,9.10195795,-0.239423207,875.7358463,10.69524419,-0.095072651,15.8,27.533594300000072,-1.5932862400000012
584.1,833.30828,9.083957027,-0.120595249,876.8045959,10.68514578,-0.094166993,15.8,27.696315900000013,-1.6011887529999989
584.2,834.213102,9.0778389,-0.002256052,877.8722847,10.67526233,-0.088710159,15.8,27.859182699999973,-1.597423430000001
584.3000000000001,835.1179064,9.083603569,0.113150582,878.9390352,10.66649351,-0.079498489,15.8,28.021128799999996,-1.5828899410000012
584.4,836.0238813,9.101251034,0.222692088,880.0049702,10.65895103,-0.069106903,15.8,28.18108890000003,-1.5576999960000002
584.5,836.9322152,9.130488038,0.323435904,881.0702122,10.65263489,-0.057029688,15.8,28.33799700000004,-1.5221468520000005
584.6,837.8440962,9.169848299,0.412449466,882.134884,10.64754509,-0.044766279,15.8,28.49078780000009,-1.4776967909999996
584.7,838.7607126,9.21757228,0.490201822,883.1991081,10.64368164,-0.032502871,15.8,28.638395499999955,-1.4261093599999999
584.8000000000001,839.6832528,9.271900443,0.544044332,884.2630071,10.64104452,-0.020239463,15.8,28.77975429999999,-1.3691440769999996
584.9,840.6126704,9.331073249,0.583693074,885.3267038,10.63963374,-0.007976055,15.8,28.91403340000006,-1.3085604910000015
585.0,841.5489806,9.395372127,0.606235195,886.3903207,10.63944931,0.004287354,15.8,29.04134009999991,-1.244077183
585.1,842.4919642,9.456914637,0.614114498,887.4539805,10.64049121,0.016550762,15.8,29.16201629999996,-1.1835765729999999
585.2,843.4414017,9.520064144,0.610263547,888.5178058,10.64275946,0.028736945,15.8,29.27640409999999,-1.1226953160000015
585.3000000000001,844.3970738,9.581313397,0.594213292,889.5819192,10.64625405,0.040459777,15.8,29.38484539999997,-1.064940652999999
585.4,845.3587611,9.640369142,0.579101136,890.6464434,10.65097498,0.051255907,15.8,29.487682299999914,-1.010605838
585.5,846.3262443,9.697231377,0.557654804,891.7115011,10.65687591,0.060661985,15.8,29.58525679999998,-0.9596445330000005
585.6,847.2993041,9.751900102,0.535719711,892.7772147,10.66372517,0.068214659,15.8,29.677910599999972,-0.9118250679999989
585.7,848.2777211,9.804375319,0.513784618,893.8437071,10.67124476,0.073450577,15.8,29.765985999999952,-0.8668694410000004
585.8000000000001,849.261276,9.854657026,0.491849524,894.9111007,10.67915665,0.075983616,15.8,29.849824700000067,-0.8244996239999995
585.9,850.2497493,9.902745224,0.469914431,895.9794812,10.68718284,0.075736548,15.8,29.929731900000046,-0.784437616
586.0,851.2429218,9.948639912,0.447979338,897.0487859,10.69504532,0.072786601,15.8,30.005864100000007,-0.7464054079999993
586.1,852.240574,9.992341091,0.426044245,898.118915,10.70246608,0.067519898,15.8,30.078340999999977,-0.7101249890000005
586.2,853.2424867,10.03384876,0.404190462,899.1897688,10.7091671,0.060399792,15.8,30.14728210000005,-0.6753183400000005
586.3000000000001,854.2484405,10.07316292,0.382824534,900.2612473,10.71491672,0.051889632,15.8,30.21280680000002,-0.6417538
586.4,855.2582161,10.11028357,0.36243432,901.333251,10.71966859,0.042452771,15.8,30.27503489999999,-0.6093850199999995
586.5,856.271594,10.1452595,0.343507675,902.4056799,10.72342272,0.032552559,15.8,30.334085899999945,-0.5781632200000004
586.6,857.288355,10.17833463,0.326532455,903.4784344,10.7261791,0.022575122,15.8,30.390079399999944,-0.5478444699999994
586.7,858.3082796,10.20980168,0.311996518,904.5514146,10.72793774,0.012597685,15.8,30.44313500000005,-0.5181360599999998
586.8000000000001,859.3311486,10.23995337,0.299893714,905.6245208,10.72869864,0.002620247,15.8,30.49337220000002,-0.488745269999999
586.9,860.3567816,10.26908239,0.29154344,906.6976532,10.72846179,-0.00735719,15.8,30.540871600000013,-0.4593794000000013
587.0,861.3851544,10.29748148,0.285626299,907.770712,10.7272272,-0.017334627,15.8,30.58555759999997,-0.42974571999999966
587.1,862.4162819,10.32519573,0.28214844,908.8435975,10.72499487,-0.027312064,15.8,30.627315600000042,-0.39979913999999894
587.2,863.4501788,10.3532607,0.280622007,909.9162099,10.72176479,-0.037145265,15.8,30.66603110000001,-0.36850409000000006
587.3000000000001,864.4868599,10.38117746,0.280649676,910.9884494,10.71753697,-0.046110322,15.8,30.701589500000022,-0.3363595099999994
587.4,865.5263401,10.40924243,0.281878539,912.0602161,10.7123114,-0.053087111,15.8,30.733876000000077,-0.30306897
587.5,866.5686343,10.4374556,0.282872698,913.1314105,10.70617463,-0.057990683,15.8,30.76277620000003,-0.26871902999999975
587.6,867.6137572,10.46581697,0.284354713,914.2019326,10.69956101,-0.059169698,15.8,30.788175399999954,-0.2337440399999995
587.7,868.6617236,10.49432654,0.285836727,915.2716828,10.6931426,-0.056021622,15.8,30.809959200000048,-0.1988160600000004
587.8000000000001,869.7125484,10.52298432,0.287318742,916.3405612,10.68697038,-0.04782527,15.8,30.828012800000078,-0.16398605999999916
587.9,870.7662464,10.55179029,0.288800757,917.4085372,10.68203515,-0.034439133,15.8,30.842290799999954,-0.13024486000000124
588.0,871.8228323,10.58074447,0.290282772,918.4758574,10.67869843,-0.016262153,15.8,30.853025100000036,-0.0979539599999999
588.1,872.8823211,10.60984684,0.291764787,919.5428372,10.67747947,0.006764959,15.8,30.860516099999995,-0.0676326300000003
588.2,873.9447276,10.63909742,0.293246802,920.6097925,10.67889753,0.032990863,15.8,30.86506490000006,-0.03980010999999983
588.3000000000001,875.0100665,10.6684962,0.294763116,921.6770386,10.68338531,0.061813022,15.8,30.866972099999952,-0.014889110000000372
588.4,876.0783527,10.69804319,0.296485229,922.7448914,10.69102935,0.092366019,15.8,30.866538700000046,0.00701383999999905
588.5,877.1496011,10.72773837,0.298618936,923.8136664,10.70182966,0.123784434,15.8,30.864065299999947,0.025908710000001278
588.6,878.2238263,10.75760234,0.301370038,924.8836792,10.71578624,0.155347085,15.8,30.859852899999918,0.041816100000000134
588.7,879.3010433,10.78773798,0.304944331,925.9552455,10.73289908,0.186909736,15.8,30.8542022000001,0.054838900000000024
588.8000000000001,880.3812669,10.81826879,0.309547613,927.0286809,10.75316819,0.218472387,15.8,30.847414000000025,0.06510059999999918
588.9,881.4645118,10.84931823,0.315351382,928.104301,10.77659356,0.250035039,15.8,30.839789199999995,0.07272466999999949
589.0,882.5508095,10.88100979,0.322389938,929.1824214,10.8031752,0.28159769,15.8,30.83161189999994,0.07783459000000015
589.1,883.6402569,10.91346694,0.330628982,930.2633579,10.8329131,0.313160341,15.8,30.823100999999905,0.08055383999999854
589.2,884.7329678,10.94681317,0.339897014,931.3474259,10.86580726,0.344722992,15.8,30.814458099999978,0.08100591000000001
589.3000000000001,885.8290556,10.98117194,0.349988238,932.4349412,10.9018577,0.376252507,15.8,30.805885600000078,0.07931423999999865
589.4,886.9286341,11.01664617,0.360696856,933.5262193,10.94106439,0.407583198,15.8,30.797585200000025,0.07558178000000026
589.5,888.0318169,11.05325644,0.371817069,934.6215759,10.98342735,0.438516243,15.8,30.78975900000007,0.0698290900000007
589.6,889.1387174,11.09100273,0.38314308,935.7213267,11.0289267,0.46885282,15.8,30.782609299999944,0.06207603000000006
589.7,890.2494494,11.12988505,0.39450339,936.8257871,11.07746302,0.498394105,15.8,30.776337699999953,0.052422030000000674
589.8000000000001,891.3641264,11.16990341,0.405863701,937.935273,11.12891701,0.526941276,15.8,30.77114660000002,0.040986399999999534
589.9,892.4828621,11.21105779,0.417224012,939.0500998,11.18316939,0.554328646,15.8,30.767237699999963,0.027888400000000146
590.0,893.60577,11.25334821,0.428584322,940.1705673,11.24010086,0.580523079,15.8,30.76479730000001,0.013247350000000324
590.1,894.7329637,11.29677466,0.439944633,941.2969116,11.29959212,0.605557712,15.8,30.763947900000016,-0.002817459999999272
590.2,895.8645569,11.34133714,0.451304943,942.4293529,11.36152389,0.62959823,15.8,30.764796,-0.020186750000000586
590.3000000000001,897.0006631,11.38703565,0.462632998,943.5681115,11.42577686,0.652843457,15.8,30.76744839999999,-0.038741209999999526
590.4,898.141396,11.43387019,0.473767514,944.7134074,11.49225164,0.675492215,15.8,30.772011400000064,-0.058381449999998836
590.5,899.2868691,11.48184076,0.484514956,945.8654608,11.56092833,0.697743327,15.8,30.77859170000006,-0.07908756999999866
590.6,900.4371961,11.53092801,0.494681784,947.0244921,11.63180693,0.719795617,15.8,30.787295999999923,-0.10087891999999954
590.7,901.5924906,11.58103517,0.504074462,948.1907213,11.70488745,0.741814769,15.8,30.79823069999993,-0.12385227999999948
590.8000000000001,902.7528661,11.63204611,0.512499452,949.3643686,11.78016988,0.763833921,15.8,30.811502500000028,-0.14812377000000154
590.9,903.9184363,11.68384472,0.519795472,950.5456543,11.85765423,0.785853073,15.8,30.82721799999997,-0.1738095099999999
591.0,905.0892993,11.73631486,0.525930266,951.7347985,11.9373405,0.807872226,15.8,30.845499200000017,-0.20102563999999923
591.1,906.2654912,11.78934043,0.530936091,952.9320214,12.01922868,0.829891378,15.8,30.86653020000001,-0.22988825000000013
591.2,907.4470329,11.84280529,0.534974228,954.1375433,12.10331877,0.85191053,15.8,30.890510399999993,-0.2605134800000002
591.3000000000001,908.6339449,11.89659333,0.538238214,955.3515842,12.18961078,0.873692845,15.8,30.917639300000086,-0.2930174500000007
591.4,909.826248,11.95060776,0.540921587,956.5743645,12.27810471,0.894054137,15.8,30.948116500000037,-0.3274969499999987
591.5,911.0239629,12.00482925,0.543217885,957.8061042,12.36880055,0.910464418,15.8,30.982141300000034,-0.36397129999999933
591.6,912.2271103,12.05925779,0.545320645,959.0470236,12.4615562,0.92482956,15.8,31.01991329999994,-0.4022984100000002
591.7,913.435711,12.11389338,0.547391149,960.2973429,12.55566116,0.932401644,15.8,31.06163190000002,-0.4417677799999993
591.8000000000001,914.6497855,12.16873602,0.549461653,961.5572823,12.64959742,0.932868613,15.8,31.10749679999999,-0.48086139999999844
591.9,915.8693546,12.22378571,0.551532157,962.8270619,12.74450852,0.925046281,15.8,31.157707300000038,-0.5207228100000005
592.0,917.0944391,12.27904245,0.553602661,964.1067882,12.8375457,0.90869781,15.8,31.212349099999937,-0.5585032499999993
592.1,918.3250596,12.33450624,0.555673164,965.3961131,12.92852172,0.885169004,15.8,31.271053499999947,-0.5940154800000013
592.2,919.5612368,12.39017709,0.557743668,966.6945747,13.01658397,0.852317152,15.8,31.333337900000014,-0.6264068799999993
592.3000000000001,920.8029915,12.44605498,0.559780081,968.001711,13.10087985,0.814890172,15.8,31.398719500000038,-0.6548248700000006
592.4,922.0503443,12.50213992,0.561436623,969.3170602,13.18069883,0.773200124,15.8,31.466715900000008,-0.6785589100000013
592.5,923.303316,12.55843191,0.563034712,970.6401603,13.25589881,0.728668029,15.8,31.536844300000052,-0.6974669000000002
592.6,924.5619272,12.6149105,0.563843834,971.9705494,13.3264798,0.682714912,15.8,31.608622199999967,-0.711569299999999
592.7,925.8261986,12.67136822,0.563834762,973.3077657,13.39244179,0.636524957,15.8,31.681567100000006,-0.7210735699999997
592.8000000000001,927.096151,12.72799791,0.562802948,974.6513473,13.45378479,0.590335002,15.8,31.755196300000033,-0.7257868800000011
592.9,928.3718051,12.78436128,0.560577934,976.0008322,13.51050879,0.544145047,15.8,31.82902710000003,-0.7261475099999988
593.0,929.6531652,12.84044078,0.557300952,977.3557585,13.5626138,0.497955092,15.8,31.90259329999999,-0.7221730199999996
593.1,930.9401702,12.89611368,0.552480126,978.7156644,13.61009981,0.451765137,15.8,31.975494200000025,-0.7139861300000003
593.2,932.2327426,12.95125726,0.54681188,980.080088,13.65296683,0.405575182,15.8,32.0473454,-0.7017095700000002
593.3000000000001,933.530805,13.00574879,0.540325441,981.4485673,13.69121485,0.359385228,15.8,32.11776230000005,-0.6854660599999995
593.4,934.8342798,13.05948599,0.533225355,982.8206405,13.72484387,0.313745098,15.8,32.18636069999998,-0.6653578800000002
593.5,936.1430896,13.11244841,0.525716174,984.1958456,13.7538539,0.271403923,15.8,32.252755999999934,-0.6414054899999986
593.6,937.4571568,13.16463604,0.518002443,985.5737208,13.77824494,0.237418951,15.8,32.31656400000004,-0.6136089000000009
593.7,938.7764042,13.2160489,0.510254621,986.9538041,13.79834687,0.209814254,15.8,32.37739989999996,-0.582297969999999
593.8000000000001,940.100754,13.26668697,0.502506799,988.3356336,13.81580918,0.197163667,15.8,32.4348796,-0.5491222100000002
593.9,941.4301289,13.31655025,0.494758978,989.7187476,13.83366622,0.201007852,15.8,32.48861870000003,-0.517115969999999
594.0,942.7644515,13.36563876,0.487011156,991.102684,13.85073243,0.224095936,15.8,32.53823250000001,-0.48509367000000125
594.1,944.1036441,13.41395249,0.479263334,992.4872448,13.8721521,0.266977746,15.8,32.58360069999999,-0.4581996099999994
594.2,945.4476294,13.46149143,0.471515512,993.8732878,13.89884965,0.327345163,15.8,32.62565839999998,-0.43735822000000013
594.3000000000001,946.7963298,13.50825559,0.463801126,995.2619346,13.93280443,0.407723938,15.8,32.665604800000054,-0.4245488399999999
594.4,948.1496679,13.55424497,0.456287356,996.6543067,13.97599583,0.499540236,15.8,32.704638799999955,-0.4217508600000013
594.5,949.5075662,13.59945956,0.449174817,998.0515258,14.03007332,0.601253397,15.8,32.7439596,-0.43061375999999996
594.6,950.8699472,13.64391944,0.442664124,999.4547134,14.09536679,0.709564467,15.8,32.78476619999999,-0.45144735000000047
594.7,952.2367334,13.6877249,0.436955893,1000.864991,14.17187624,0.821174491,15.8,32.828257599999986,-0.4841513400000004
594.8000000000001,953.6078474,13.73099632,0.432107755,1002.283481,14.25960169,0.93333434,15.8,32.875633600000086,-0.5286053700000011
594.9,954.9832117,13.77385406,0.428715843,1003.711303,14.35854311,1.04549419,15.8,32.92809130000008,-0.5846890499999997
595.0,956.3627649,13.8164185,0.42638464,1005.149581,14.46870052,1.15765404,15.8,32.98681610000001,-0.6522820200000012
595.1,957.7465097,13.85872422,0.425223694,1006.599436,14.59007392,1.269813889,15.8,33.052926299999925,-0.7313497000000009
595.2,959.1344649,13.90114894,0.425065825,1008.061988,14.7226633,1.381973739,15.8,33.12752310000003,-0.8215143600000001
595.3000000000001,960.5266494,13.94355568,0.425710419,1009.53836,14.86646867,1.494133588,15.8,33.21171060000002,-0.9229129900000004
595.4,961.923082,13.98613053,0.427099843,1011.029674,15.02149002,1.605229859,15.8,33.30659199999998,-1.0353594899999994
595.5,963.3237814,14.02889356,0.42860453,1012.53705,15.18772736,1.709944658,15.8,33.413268599999995,-1.1588338
595.6,964.7287666,14.07184475,0.430452816,1014.061611,15.36518068,1.801896514,15.8,33.5328444,-1.2933359299999996
595.7,966.1380563,14.11498412,0.432334538,1015.604478,15.55321184,1.874703954,15.8,33.66642169999996,-1.4382277199999987
595.8000000000001,967.5516693,14.15831166,0.434216261,1017.166773,15.7486301,1.921985506,15.8,33.81510370000008,-1.590318439999999
595.9,968.9696245,14.20182737,0.436097983,1018.749617,15.94760658,1.937359699,15.8,33.97999249999994,-1.7457792100000002
596.0,970.3919407,14.24553126,0.437979705,1020.354133,16.14631239,1.915508639,15.8,34.162192300000086,-1.9007811299999986
596.1,971.8186367,14.28942331,0.439861428,1021.98093,16.34091866,1.855368748,15.8,34.36229329999999,-2.0514953499999997
596.2,973.2497313,14.33350354,0.44174315,1023.628578,16.5275965,1.758003605,15.8,34.57884669999994,-2.1940929600000008
596.3000000000001,974.6852433,14.37777194,0.443624872,1025.295136,16.70251702,1.628731102,15.8,34.809892699999935,-2.324745079999998
596.4,976.1251916,14.42222852,0.445513241,1026.978661,16.86185135,1.473932712,15.8,35.05346940000011,-2.4396228299999976
596.5,977.5695949,14.46687326,0.447441487,1028.677213,17.00240874,1.299989906,15.8,35.30761809999997,-2.53553548
596.6,979.0184722,14.51170618,0.449449488,1030.38885,17.12355105,1.113284157,15.8,35.57037780000003,-2.6118448700000005
596.7,980.4718421,14.55673126,0.451577122,1032.111631,17.22527829,0.920196935,15.8,35.83978889999999,-2.668547029999999
596.8000000000001,981.9297235,14.60196844,0.453864267,1033.843614,17.30759044,0.726046135,15.8,36.11389049999987,-2.705621999999998
596.9,983.3921353,14.64744164,0.456350799,1035.582857,17.37048751,0.531895335,15.8,36.39072170000016,-2.72304587
597.0,984.8590962,14.69317479,0.45906995,1037.327419,17.41396951,0.337744535,15.8,36.66832280000001,-2.7207947200000007
597.1,986.3306283,14.73919182,0.462028367,1039.075358,17.43803642,0.143593735,15.8,36.94472970000011,-2.6988445999999993
597.2,987.8067663,14.78551666,0.465219402,1040.824734,17.44268825,-0.050557065,15.8,37.21796769999999,-2.657171589999999
597.3000000000001,989.2875482,14.83217323,0.468609826,1042.573603,17.42792501,-0.244707865,15.8,37.486054800000105,-2.5957517799999987
597.4,990.773012,14.87918546,0.47215976,1044.320026,17.39374668,-0.438858665,15.8,37.74701400000011,-2.514561219999999
597.5,992.2631955,14.92657328,0.475829326,1046.06206,17.34015327,-0.631925829,15.8,37.998864499999925,-2.413579989999999
597.6,993.7581369,14.97434069,0.479578648,1047.797764,17.26714479,-0.818491174,15.8,38.239627099999964,-2.2928040999999997
597.7,995.2578739,15.02248768,0.483367847,1049.525197,17.17472122,-0.992052882,15.8,38.46732309999989,-2.1522335399999992
597.8000000000001,996.7624446,15.07101426,0.487163693,1051.242416,17.06353276,-1.146109134,15.8,38.67997140000007,-1.992518500000001
597.9,998.271887,15.11992042,0.490959538,1052.947481,16.9368303,-1.274158112,15.8,38.875593999999936,-1.8169098800000008
598.0,999.7862389,15.16920616,0.494755384,1054.638449,16.79851495,-1.369697997,15.8,39.052210100000096,-1.6293087900000014
598.1,1001.305538,15.21887149,0.498551229,1056.31338,16.65248779,-1.427310606,15.8,39.2078420000001,-1.4336162999999988
598.2,1002.829823,15.26891641,0.502347075,1057.970852,16.50264992,-1.445912305,15.8,39.34102899999989,-1.2337335100000004
598.3000000000001,1004.359132,15.31934091,0.50614292,1059.611524,16.35290242,-1.426586728,15.8,39.452391999999875,-1.0335615100000002
598.4,1005.893502,15.37014499,0.509926061,1061.236576,16.20714639,-1.374752058,15.8,39.543074000000004,-0.8370013999999983
598.5,1007.432971,15.42132866,0.513632977,1062.847187,16.06928292,-1.296910113,15.8,39.61421600000013,-0.6479542599999988
598.6,1008.977578,15.47289192,0.517187441,1064.444536,15.94256292,-1.199562713,15.8,39.66695799999998,-0.46967099999999995
598.7,1010.52736,15.52482713,0.520513229,1066.029803,15.82763656,-1.089211676,15.8,39.70244299999986,-0.30280942999999994
598.8000000000001,1012.082355,15.5770962,0.523534113,1067.604166,15.72450385,-0.97235882,15.8,39.72181100000007,-0.1474076499999999
598.9,1013.642601,15.62965337,0.52617387,1069.168807,15.6331648,-0.854422328,15.8,39.726206000000005,-0.003511429999999649
599.0,1015.208137,15.68245293,0.528368977,1070.724903,15.55361939,-0.736485836,15.8,39.71676600000008,0.12883354000000047
599.1,1016.778994,15.73544913,0.53010673,1072.273634,15.48586763,-0.618549344,15.8,39.69463999999989,0.24958149999999968
599.2,1018.355179,15.78859624,0.531399834,1073.816179,15.42990952,-0.500612852,15.8,39.6609999999999,0.3586867199999997
599.3000000000001,1019.936694,15.84184852,0.532311809,1075.353719,15.38574506,-0.382676359,15.8,39.61702499999997,0.45610345999999957
599.4,1021.52354,15.89516023,0.532918882,1076.887431,15.35337425,-0.264739867,15.8,39.56389100000008,0.5417859800000002
599.5,1023.115719,15.94849327,0.533297278,1078.418497,15.33279708,-0.147303846,15.8,39.50277799999988,0.6156961899999995
599.6,1024.713232,16.00184002,0.533523223,1079.948094,15.32401357,-0.032870655,15.8,39.434862000000024,0.6778264499999995
599.7,1026.31608,16.05520046,0.533672942,1081.477403,15.32702371,0.075556877,15.8,39.36132300000004,0.7281767499999976
599.8000000000001,1027.924265,16.1085746,0.533809957,1083.007602,15.34152721,0.17497592,15.8,39.283336999999804,0.7670473900000001
599.9,1029.537788,16.16196245,0.533946971,1084.539871,15.36602266,0.262383646,15.8,39.20208299999986,0.7959397900000003
600.0,1031.156651,16.215364,0.534083986,1086.07539,15.39870837,0.337571725,15.8,39.11873899999996,0.8166556300000014
600.1,1032.780854,16.26877925,0.534221001,1087.615338,15.43778264,0.389654296,15.8,39.03448399999998,0.8309966100000015
600.2,1034.4104,16.3222082,0.534358016,1089.160653,15.48144376,0.426514391,15.8,38.95025299999993,0.8407644399999992
600.3000000000001,1036.045289,16.37565085,0.534468389,1090.711315,15.52956674,0.445857981,15.8,38.866026000000105,0.8460841099999996
600.4,1037.685523,16.42910721,0.534586374,1092.267061,15.57531979,0.450187423,15.8,38.78153799999991,0.8537874200000015
600.5,1039.331104,16.48257726,0.534669288,1093.827629,15.6219313,0.442505547,15.8,38.696524999999795,0.8606459599999994
600.6,1040.982032,16.53604503,0.534569346,1095.392757,15.66622316,0.423020681,15.8,38.61072500000019,0.8698218700000009
600.7,1042.638309,16.58953107,0.534244917,1096.962183,15.70789509,0.403119159,15.8,38.52387400000016,0.8816359800000004
600.8000000000001,1044.299937,16.64300977,0.533621174,1098.535646,15.74694709,0.377420306,15.8,38.435709000000045,0.8960626799999982
600.9,1045.966916,16.69639246,0.532649929,1100.112883,15.78337915,0.351220981,15.8,38.34596699999993,0.9130133099999984
601.0,1047.639249,16.74965416,0.5312221,1101.693632,15.81719128,0.325021656,15.8,38.25438299999992,0.9324628799999992
601.1,1049.31693,16.80274996,0.52930554,1103.277631,15.84838348,0.298822332,15.8,38.160700999999975,0.9543664799999991
601.2,1050.999931,16.85563499,0.52698568,1104.864618,15.87695575,0.272623007,15.8,38.064687000000006,0.9786792399999982
601.3000000000001,1052.688218,16.90826433,0.524291677,1106.454332,15.90290808,0.246423682,15.8,37.96611400000002,1.005356250000002
601.4,1054.381755,16.9605931,0.521298359,1108.04651,15.92624049,0.220224358,15.8,37.86475499999979,1.034352610000001
601.5,1056.080509,17.01258387,0.518080555,1109.64089,15.94695296,0.194158361,15.8,37.76038100000001,1.0656309099999994
601.6,1057.784445,17.06422916,0.514713093,1111.237211,15.96504549,0.168892328,15.8,37.652765999999886,1.0991836700000004
601.7,1059.493527,17.11552898,0.511270803,1112.835209,15.9805181,0.145226224,15.8,37.541681999999994,1.1350108800000012
601.8000000000001,1061.207723,17.16648332,0.507816042,1114.434624,15.99345077,0.123960015,15.8,37.426901,1.1730325500000003
601.9,1062.926997,17.21709219,0.50436128,1116.035193,16.00424348,0.105160524,15.8,37.30819599999991,1.2128487099999994
602.0,1064.651314,17.26735558,0.500906518,1117.636655,16.01337622,0.091827135,15.8,37.185341000000065,1.2539793599999989
602.1,1066.380641,17.31727349,0.497451757,1119.238747,16.02132896,0.082427068,15.8,37.05810600000014,1.2959445299999999
602.2,1068.114942,17.36684593,0.493996995,1120.841271,16.02814181,0.077826787,15.8,36.92632900000008,1.3387041199999992
602.3000000000001,1069.854183,17.41607289,0.490542234,1122.444285,16.03561438,0.077892967,15.8,36.79010200000012,1.3804585100000004
602.4,1071.598329,17.46495438,0.486891496,1124.047912,16.04290701,0.08195897,15.8,36.64958300000008,1.4220473699999978
602.5,1073.347346,17.51349039,0.482064901,1125.652272,16.05093955,0.089957971,15.8,36.504926000000026,1.4625508400000022
602.6,1075.1012,17.56168092,0.474886591,1127.25749,16.060112,0.098890586,15.8,36.3562899999999,1.5015689200000004
602.7,1076.859855,17.60940839,0.464180708,1128.863685,16.07050435,0.11015627,15.8,36.20383000000011,1.5389040399999985
602.8000000000001,1078.623278,17.65608487,0.448771396,1130.47098,16.08211659,0.122221919,15.8,36.04770200000003,1.5739682800000026
602.9,1080.391433,17.70100485,0.427482796,1132.079498,16.09494873,0.134420896,15.8,35.888065000000054,1.6060561200000016
603.0,1082.164286,17.7434628,0.399335028,1133.68936,16.10900077,0.146619872,15.8,35.725074000000134,1.6344620299999981
603.1,1083.941709,17.78275322,0.364132116,1135.300688,16.1242727,0.158818848,15.8,35.55897900000009,1.6584805200000012
603.2,1085.723197,17.8181706,0.322070034,1136.913605,16.14076454,0.171017824,15.8,35.39040799999994,1.6774060599999991
603.3000000000001,1087.50815,17.84900941,0.274128666,1138.528231,16.15847627,0.183216801,15.8,35.22008100000012,1.6905331399999994
603.4,1089.29597,17.87456414,0.221483868,1140.14469,16.1774079,0.195415777,15.8,35.04872000000019,1.6971562400000018
603.5,1091.086058,17.89424687,0.165311497,1141.763103,16.19755942,0.207614753,15.8,34.87704499999991,1.6966874499999989
603.6,1092.877814,17.90794,0.106787411,1143.383592,16.21893085,0.219597383,15.8,34.70577799999997,1.6890091500000004
603.7,1094.670641,17.91564354,0.047087468,1145.006279,16.24152217,0.229352221,15.8,34.53563800000002,1.6741213700000017
603.8000000000001,1096.463938,17.91735749,-0.012808451,1146.631287,16.26533339,0.238370321,15.8,34.367348999999834,1.652024100000002
603.9,1098.257107,17.91308185,-0.07270437,1148.258736,16.2902347,0.242564468,15.8,34.201629000000096,1.622847150000002
604.0,1100.049549,17.90281662,-0.132600289,1149.88875,16.31501923,0.241566293,15.8,34.039201000000006,1.5877973899999986
604.1,1101.840665,17.8865618,-0.192496209,1151.521449,16.34058162,0.234077717,15.8,33.88078400000013,1.5459801800000008
604.2,1103.629856,17.86431738,-0.252392128,1153.156957,16.36446953,0.219017005,15.8,33.727100999999905,1.4998478499999983
604.3000000000001,1105.416523,17.83608337,-0.312288047,1154.795291,16.38646195,0.197097523,15.8,33.57876799999981,1.4496214199999997
604.4,1107.200067,17.80185977,-0.371894603,1156.436054,16.40578002,0.165746481,15.8,33.435987000000026,1.3960797499999984
604.5,1108.97989,17.76164658,-0.429764977,1158.078745,16.4216449,0.12883475,15.8,33.29885499999996,1.3400016800000003
604.6,1110.755392,17.71544379,-0.484162987,1159.722862,16.43327774,0.086730696,15.8,33.16747000000005,1.2821660499999972
604.7,1112.525974,17.66342503,-0.533352451,1161.367906,16.44002951,0.040732402,15.8,33.041932000000045,1.2233955200000004
604.8000000000001,1114.291037,17.60645839,-0.576739587,1163.013374,16.44177038,-0.007862054,15.8,32.922337000000155,1.164688009999999
604.9,1116.049982,17.54558558,-0.609161018,1164.658765,16.43850036,-0.057754589,15.8,32.808782999999906,1.1070852200000019
605.0,1117.802211,17.4818483,-0.632597119,1166.303579,16.43021946,-0.107863472,15.8,32.70136799999996,1.0516288399999993
605.1,1119.547263,17.41560282,-0.645616129,1167.947314,16.41692767,-0.157972354,15.8,32.60005100000008,0.9986751500000004
605.2,1121.285234,17.34994718,-0.648507413,1169.58947,16.39862499,-0.208081236,15.8,32.50423599999995,0.9513221900000026
605.3000000000001,1123.016358,17.28386676,-0.642717787,1171.229545,16.37531142,-0.258190119,15.8,32.41318699999984,0.9085553399999995
605.4,1124.74087,17.21908872,-0.628841036,1172.867038,16.34698697,-0.308299001,15.8,32.32616800000001,0.8721017499999988
605.5,1126.459004,17.15648113,-0.612040535,1174.501448,16.31365162,-0.358407884,15.8,32.242443999999935,0.8428295099999978
605.6,1128.170994,17.09621763,-0.590625273,1176.132274,16.27530539,-0.408258102,15.8,32.16127999999999,0.820912240000002
605.7,1129.877076,17.0382982,-0.567473829,1177.759014,16.23194827,-0.45655634,15.8,32.081937999999994,0.8063499299999997
605.8000000000001,1131.577482,16.98272286,-0.544033022,1179.381169,16.18358026,-0.501750615,15.8,32.003687000000085,0.7991425999999997
605.9,1133.272448,16.9294916,-0.520592214,1180.998236,16.13035656,-0.542288946,15.8,31.925787999999965,0.7991350399999995
606.0,1134.962208,16.87860442,-0.497151407,1182.609714,16.07305316,-0.577642833,15.8,31.84750600000002,0.8055512599999979
606.1,1136.646997,16.83006132,-0.473710599,1184.215103,16.01260125,-0.603189852,15.8,31.768105999999943,0.8174600699999992
606.2,1138.327049,16.7838623,-0.450269792,1185.813902,15.94993202,-0.620707128,15.8,31.68685300000011,0.8339302799999988
606.3000000000001,1140.002597,16.74000736,-0.426828984,1187.405733,15.88536257,-0.628912516,15.8,31.60313600000013,0.85464479
606.4,1141.673878,16.6984965,-0.403388177,1188.990716,15.82166635,-0.62806468,15.8,31.51683799999996,0.8768301500000018
606.5,1143.341125,16.65932972,-0.380069899,1190.569095,15.75793228,-0.619456938,15.8,31.42797000000014,0.9013974399999984
606.6,1145.004572,16.62250703,-0.357486797,1192.141114,15.69570565,-0.60361779,15.8,31.336541999999962,0.9268013800000006
606.7,1146.664454,16.58802841,-0.336374047,1193.707017,15.63576245,-0.58516966,15.8,31.242562999999972,0.9522659600000001
606.8000000000001,1148.321006,16.55582036,-0.317466826,1195.267047,15.57825786,-0.562594086,15.8,31.14604100000015,0.9775624999999977
606.9,1149.974461,16.52551528,-0.301179849,1196.821449,15.5231919,-0.538466531,15.8,31.04698800000001,1.00232338
607.0,1151.625054,16.49667207,-0.289209673,1198.370466,15.47056455,-0.514080313,15.8,30.945411999999987,1.0261075199999983
607.1,1153.27302,16.46884963,-0.281207565,1199.914343,15.42037583,-0.489694094,15.8,30.84132299999983,1.0484738000000018
607.2,1154.918534,16.44179912,-0.277616514,1201.453322,15.37262573,-0.465307876,15.8,30.73478800000016,1.0691733899999996
607.3000000000001,1156.561537,16.41450261,-0.27831399,1202.987649,15.32731426,-0.440921657,15.8,30.626111999999875,1.08718835
607.4,1158.20191,16.38709582,-0.282687347,1204.517566,15.2844414,-0.416535439,15.8,30.51565599999999,1.1026544199999986
607.5,1159.839534,16.35894537,-0.290321869,1206.043318,15.24400717,-0.39214922,15.8,30.40378400000004,1.114938200000001
607.6,1161.474291,16.32968368,-0.299520998,1207.565148,15.20601156,-0.367763002,15.8,30.290856999999914,1.1236721199999984
607.7,1163.106063,16.29923722,-0.310510941,1209.083301,15.17045457,-0.343488962,15.8,30.177237999999942,1.128782649999998
607.8000000000001,1164.734731,16.267606,-0.322236059,1210.59802,15.1373362,-0.319887994,15.8,30.063288999999894,1.1302698000000007
607.9,1166.360176,16.23479001,-0.334083707,1212.109549,15.10665646,-0.297633169,15.8,29.949373000000104,1.1281335500000012
608.0,1167.982281,16.20078925,-0.345931355,1213.618132,15.07834803,-0.277397558,15.8,29.835851,1.122441219999999
608.1,1169.600927,16.16560374,-0.357779003,1215.124012,15.05207437,-0.259582549,15.8,29.723085000000037,1.113529370000002
608.2,1171.215994,16.12923345,-0.36962665,1216.627435,15.02743166,-0.245676268,15.8,29.611441000000195,1.1018017900000014
608.3000000000001,1172.827366,16.09167841,-0.381474298,1218.128643,15.00401603,-0.235424553,15.8,29.501277000000027,1.0876623799999994
608.4,1174.434922,16.05293859,-0.393321946,1219.627826,14.98158667,-0.229211267,15.8,29.392903999999998,1.0713519199999997
608.5,1176.038546,16.01301402,-0.405125449,1221.12496,14.9592507,-0.226924232,15.8,29.286414000000104,1.0537633199999998
608.6,1177.638118,15.97190468,-0.416664083,1222.619965,14.93709329,-0.228002556,15.8,29.181847000000015,1.0348113899999998
608.7,1179.233519,15.92961057,-0.42767298,1224.112761,14.91454761,-0.23204485,15.8,29.079242000000203,1.0150629599999998
608.8000000000001,1180.824632,15.88615819,-0.437887271,1225.603271,14.89127712,-0.237562989,15.8,28.978638999999884,0.9948810699999999
608.9,1182.411338,15.84167996,-0.447042087,1227.091413,14.8672145,-0.244698957,15.8,28.880075000000215,0.9744654600000011
609.0,1183.993518,15.79633481,-0.454880256,1228.577109,14.84235976,-0.252507996,15.8,28.78359100000007,0.9539750499999986
609.1,1185.571054,15.75028166,-0.461402503,1230.060281,14.8167129,-0.260429213,15.8,28.689227000000027,0.93356876
609.2,1187.143849,15.70367942,-0.465854158,1231.540848,14.79027392,-0.268350431,15.8,28.59699900000005,0.9134054999999996
609.3000000000001,1188.71189,15.65668242,-0.469005284,1233.018732,14.76304282,-0.276271649,15.8,28.50684199999996,0.8936395999999984
609.4,1190.275185,15.60931668,-0.470832066,1234.493853,14.73501959,-0.284192866,15.8,28.41866799999998,0.8742970899999989
609.5,1191.833744,15.56216746,-0.471599374,1235.966132,14.70620424,-0.292114084,15.8,28.33238799999999,0.8559632199999996
609.6,1193.387576,15.51493164,-0.471492209,1237.43549,14.67659677,-0.300035301,15.8,28.24791399999999,0.8383348700000006
609.7,1194.936687,15.46778242,-0.470788544,1238.901847,14.64619718,-0.307980239,15.8,28.165160000000196,0.821585240000001
609.8000000000001,1196.481089,15.4207198,-0.470193135,1240.365125,14.61500547,-0.316067494,15.8,28.084035999999923,0.8057143300000007
609.9,1198.020788,15.37374379,-0.469327085,1241.825244,14.58302164,-0.324439385,15.8,28.004456000000072,0.7907221500000006
610.0,1199.555794,15.32685438,-0.468461036,1243.282126,14.55023145,-0.33323823,15.8,27.926331999999956,0.7766229300000003
610.1,1201.086116,15.28005158,-0.467594987,1244.73569,14.51656375,-0.342606347,15.8,27.84957400000003,0.7634878300000008
610.2,1202.611761,15.23333538,-0.466728937,1246.185857,14.48193314,-0.352686055,15.8,27.774096000000053,0.7514022399999991
610.3000000000001,1204.13274,15.18670579,-0.465862888,1247.632549,14.44625424,-0.36359595,15.8,27.699808999999913,0.7404515499999995
610.4,1205.649059,15.14016281,-0.464996839,1249.075675,14.40944166,-0.375359753,15.8,27.626615999999967,0.730721149999999
610.5,1207.160729,15.09370643,-0.464133447,1250.515098,14.37141,-0.387953745,15.8,27.554369000000133,0.7222964300000001
610.6,1208.667757,15.04733665,-0.463286006,1251.950672,14.33207388,-0.401259326,15.8,27.482915000000002,0.7152627700000007
610.7,1210.170153,15.00105348,-0.462470463,1253.382248,14.29134789,-0.41513418,15.8,27.412094999999862,0.7097055899999987
610.8000000000001,1211.667924,14.95485532,-0.461702768,1254.809679,14.2491609,-0.429435987,15.8,27.341754999999875,0.7056944200000004
610.9,1213.161081,14.90873419,-0.460998871,1256.232818,14.20549865,-0.44402243,15.8,27.271736999999984,0.7032355400000014
611.0,1214.649631,14.86268053,-0.460374721,1257.651516,14.16036115,-0.458751192,15.8,27.2018849999999,0.7023193800000005
611.1,1216.133582,14.81668477,-0.459843609,1259.065627,14.11374841,-0.473503672,15.8,27.132045000000016,0.7029363600000007
611.2,1217.612943,14.77073733,-0.459408194,1260.475004,14.06566042,-0.488256153,15.8,27.06206099999981,0.705076909999999
611.3000000000001,1219.087716,14.72482865,-0.459065817,1261.879497,14.01609718,-0.503008634,15.8,26.9917809999999,0.70873147
611.4,1220.557902,14.67894915,-0.458803187,1263.278961,13.96505869,-0.517761115,15.8,26.921058999999968,0.71389046
611.5,1222.023501,14.63308927,-0.458604354,1264.673246,13.91254496,-0.532513596,15.8,26.849745000000166,0.7205443099999993
611.6,1223.484514,14.58724104,-0.45845337,1266.062207,13.85855597,-0.547266077,15.8,26.777692999999953,0.7286850700000009
611.7,1224.940944,14.54140285,-0.458334285,1267.445695,13.80309174,-0.562018558,15.8,26.70475099999994,0.7383111100000015
611.8000000000001,1226.39279,14.49557471,-0.458231149,1268.823563,13.74615226,-0.576569941,15.8,26.630772999999817,0.7494224499999991
611.9,1227.840054,14.44975662,-0.458130671,1270.195663,13.68773753,-0.589914731,15.8,26.555608999999958,0.7620190900000008
612.0,1229.282736,14.40394858,-0.458030194,1271.561848,13.62784756,-0.600129134,15.8,26.47911199999994,0.7761010200000005
612.1,1230.720838,14.35815058,-0.457929716,1272.921971,13.56660299,-0.60815817,15.8,26.401133000000026,0.7915475900000004
612.2,1232.154361,14.31236264,-0.457829238,1274.275882,13.50460713,-0.610643635,15.8,26.3215209999998,0.8077555099999998
612.3000000000001,1233.583306,14.26658474,-0.457728761,1275.623436,13.44301426,-0.607096141,15.8,26.24013000000009,0.8235704800000008
612.4,1235.007673,14.22081688,-0.457628283,1276.964485,13.38125736,-0.596510195,15.8,26.1568119999999,0.8395595199999999
612.5,1236.427464,14.17505908,-0.457373148,1278.298978,13.32135135,-0.578684698,15.8,26.071513999999933,0.85370773
612.6,1237.84268,14.12931132,-0.456190065,1279.627249,13.26358987,-0.554537954,15.8,25.98456899999992,0.8657214499999988
612.7,1239.253321,14.08357361,-0.45315109,1280.949731,13.20869688,-0.522923842,15.8,25.896410000000014,0.8748767300000004
612.8000000000001,1240.65939,14.03793875,-0.447328275,1282.266854,13.15739632,-0.487200568,15.8,25.807463999999936,0.8805424300000002
612.9,1242.060886,13.9928707,-0.437793673,1283.579052,13.11029149,-0.447857518,15.8,25.718166000000064,0.8825792099999994
613.0,1243.45781,13.94892623,-0.423619338,1284.886754,13.06750305,-0.406101285,15.8,25.628944,0.8814231800000005
613.1,1244.850165,13.90666212,-0.404031981,1286.190394,13.02903101,-0.36313846,15.8,25.540228999999908,0.8776311099999994
613.2,1246.238024,13.86663512,-0.378876944,1287.490402,12.99487536,-0.319974537,15.8,25.452377999999907,0.8717597599999998
613.3000000000001,1247.621761,13.82940201,-0.348308885,1288.787211,12.9650361,-0.276810613,15.8,25.365449999999964,0.8643659100000001
613.4,1249.001821,13.79551956,-0.313101093,1290.081251,12.93951324,-0.233646689,15.8,25.27943,0.8560063200000005
613.5,1250.378651,13.76554453,-0.274181514,1291.372955,12.91830677,-0.190482766,15.8,25.194304000000056,0.8472377600000005
613.6,1251.752698,13.7399409,-0.232478095,1292.662754,12.90141669,-0.147318842,15.8,25.11005599999994,0.838524210000001
613.7,1253.124407,13.71880146,-0.188918783,1293.95108,12.888843,-0.104154919,15.8,25.026673000000027,0.8299584600000003
613.8000000000001,1254.494226,13.70212621,-0.144431524,1295.238365,12.8805857,-0.06093338,15.8,24.944138999999904,0.8215405100000002
613.9,1255.8626,13.68991515,-0.099789608,1296.525039,12.8766448,-0.017366152,15.8,24.862439000000176,0.8132703499999998
614.0,1257.229977,13.68216829,-0.055147692,1297.811536,12.87702029,0.026892456,15.8,24.78155899999997,0.8051479999999991
614.1,1258.596802,13.67888562,-0.010505775,1299.098285,12.88174674,0.072188134,15.8,24.701483000000007,0.7971388800000003
614.2,1259.963522,13.68006713,0.034136141,1300.38572,12.89099699,0.118866571,15.8,24.62219799999998,0.7890701399999998
614.3000000000001,1261.330583,13.68571284,0.078778058,1301.674271,12.90497847,0.167273457,15.8,24.543688000000156,0.7807343700000011
614.4000000000001,1262.698432,13.69582275,0.123419974,1302.964371,12.92389858,0.217696868,15.8,24.465939000000116,0.7719241700000001
614.5,1264.067516,13.71039684,0.168061891,1304.256478,12.94796474,0.270194417,15.8,24.388961999999946,0.7624320999999998
614.6,1265.43828,13.72943512,0.212563413,1305.551162,12.97738436,0.324708491,15.8,24.3128819999999,0.7520507599999995
614.7,1266.811171,13.7529376,0.256222574,1306.849022,13.01236486,0.380951014,15.8,24.237851000000045,0.7405727399999993
614.8000000000001,1268.186635,13.78090427,0.298197011,1308.150655,13.05311365,0.438576296,15.8,24.16401999999989,0.7277906200000004
614.9000000000001,1269.565119,13.81325089,0.337644363,1309.456657,13.09980357,0.497238648,15.8,24.091537999999854,0.7134473200000002
615.0,1270.94707,13.84955629,0.373722267,1310.767627,13.15246919,0.55659238,15.8,24.020557000000007,0.697087100000001
615.1,1272.332933,13.88931505,0.405588362,1312.084163,13.21111052,0.616291801,15.8,23.951230000000077,0.6782045300000004
615.2,1273.723156,13.93202174,0.432540679,1313.406862,13.27572755,0.676048838,15.8,23.88370600000003,0.6562941900000006
615.3000000000001,1275.118116,13.97717096,0.454438824,1314.736321,13.34632029,0.735805874,15.8,23.81820499999999,0.630850670000001
615.4000000000001,1276.517925,14.02425729,0.471423192,1316.073138,13.42288873,0.795562911,15.8,23.755212999999866,0.6013685599999992
615.5,1277.922623,14.0727753,0.484195751,1317.417911,13.50543287,0.855319947,15.8,23.695288000000073,0.5673424300000001
615.6,1279.332253,14.12221959,0.493598862,1318.771237,13.59395272,0.915076984,15.8,23.63898399999989,0.5282668699999995
615.7,1280.746856,14.17216896,0.500474888,1320.133713,13.68844827,0.97483402,15.8,23.586856999999963,0.4837206900000002
615.8000000000001,1282.166476,14.22253919,0.50566619,1321.505938,13.78891952,1.034591056,15.8,23.53946199999991,0.43361967000000057
615.9000000000001,1283.591154,14.27333028,0.510015129,1322.888509,13.89536648,1.094175702,15.8,23.49735500000015,0.37796379999999985
616.0,1285.020932,14.32454222,0.514223676,1324.282024,14.00778914,1.152726005,15.8,23.46109200000019,0.3167530799999998
616.1,1286.455852,14.37617501,0.518432222,1325.687079,14.1261875,1.209207622,15.8,23.43122699999999,0.2499875100000004
616.2,1287.895956,14.42822866,0.522640768,1327.104273,14.25045814,1.262586208,15.8,23.40831699999985,0.17777052000000104
616.3000000000001,1289.341287,14.48070317,0.526849315,1328.534204,14.38008387,1.311827423,15.8,23.39291700000008,0.10061929999999997
616.4000000000001,1290.791886,14.53359853,0.531057861,1329.977468,14.51444409,1.355896921,15.8,23.385582000000067,0.019154440000001216
616.5,1292.247796,14.58691474,0.535266407,1331.434663,14.6529182,1.393932752,15.8,23.386866999999892,-0.06600346000000101
616.6,1293.709059,14.64065181,0.539702692,1332.906305,14.79488559,1.425762523,15.8,23.39724599999995,-0.1542337800000002
616.7,1295.175716,14.69480973,0.545505412,1334.392576,14.93972566,1.451558626,15.8,23.416859999999996,-0.24491593000000123
616.8000000000001,1296.64781,14.74938851,0.554041,1335.893579,15.08681779,1.472183013,15.8,23.44576900000011,-0.3374292800000003
616.9000000000001,1298.125383,14.80452478,0.566675892,1337.409414,15.23554138,1.488670027,15.8,23.484030999999913,-0.4310166000000013
617.0,1299.608478,14.86090177,0.58477652,1338.940182,15.38537927,1.502054012,15.8,23.531703999999944,-0.5244774999999997
617.1,1301.097135,14.91933934,0.60970932,1340.485984,15.53622801,1.513369311,15.8,23.588848999999936,-0.6168886699999998
617.2,1302.591397,14.98065734,0.642612987,1342.046922,15.68808761,1.523650266,15.8,23.65552500000008,-0.7074302699999997
617.3000000000001,1304.091416,15.04567564,0.68371526,1343.623096,15.84095806,1.533758831,15.8,23.73168000000005,-0.7952824199999995
617.4000000000001,1305.59778,15.1152141,0.732788399,1345.214608,15.99483937,1.543867396,15.8,23.81682799999994,-0.87962527
617.5,1307.111188,15.19009258,0.788693711,1346.821559,16.14973154,1.553975961,15.8,23.910370999999895,-0.9596389600000013
617.6,1308.632336,15.27113093,0.850064759,1348.444049,16.30563457,1.564084526,15.8,24.011713000000054,-1.0345036399999987
617.7,1310.161924,15.35901238,0.91553511,1350.08218,16.46254845,1.574193091,15.8,24.120256000000108,-1.1035360700000005
617.8000000000001,1311.700649,15.45387357,0.98373833,1351.736053,16.62047318,1.584301656,15.8,24.23540399999997,-1.1665996100000005
617.9000000000001,1313.249209,15.5557145,1.053307985,1353.40577,16.77940878,1.594171014,15.8,24.35656100000001,-1.2236942800000001
618.0,1314.808302,15.66453517,1.123105378,1355.09143,16.93935523,1.601149264,15.8,24.483128000000033,-1.2748200599999997
618.1,1316.378626,15.78033557,1.192902772,1356.793135,17.10031254,1.608168759,15.8,24.614508999999952,-1.3199769700000008
618.2,1317.960879,15.90311572,1.262700165,1358.510987,17.26213717,1.609426661,15.8,24.75010799999991,-1.3590214499999984
618.3000000000001,1319.555759,16.03287561,1.332497558,1360.245086,17.42323801,1.604943592,15.8,24.88932699999982,-1.3903623999999972
618.4000000000001,1321.163964,16.16961523,1.402294952,1361.995533,17.58537444,1.59328431,15.8,25.031568999999944,-1.4157592099999974
618.5,1322.786192,16.3133346,1.472092345,1363.76243,17.74506478,1.573252779,15.8,25.176237999999966,-1.4317301799999989
618.6,1324.423141,16.4640337,1.541293009,1365.545763,17.90232138,1.546065658,15.8,25.32262200000009,-1.4382876799999984
618.7,1326.075509,16.62171254,1.606913296,1367.345059,18.05628312,1.507594557,15.8,25.46954999999998,-1.434570579999999
618.8000000000001,1327.743994,16.78637113,1.66537283,1369.159729,18.20608884,1.463403109,15.8,25.61573500000004,-1.4197177100000005
618.9000000000001,1329.429294,16.95765141,1.713091234,1370.989187,18.3508774,1.413470689,15.8,25.759892999999874,-1.3932259900000012
619.0,1331.132106,17.13376321,1.746488131,1372.832844,18.48993117,1.359232542,15.8,25.900738,-1.356167959999997
619.1,1332.853129,17.31255829,1.761983145,1374.690112,18.62310664,1.302123909,15.8,26.036982999999918,-1.3105483500000012
619.2,1334.593061,17.49188844,1.756592628,1376.560404,18.7504038,1.243580034,15.8,26.167343000000027,-1.2585153600000005
619.3000000000001,1336.352314,17.66960542,1.729719851,1378.443132,18.87182265,1.184796952,15.8,26.290818000000126,-1.2022172299999987
619.4000000000001,1338.130152,17.84356101,1.681961544,1380.337708,18.98736319,1.126013869,15.8,26.407556000000067,-1.1438021800000016
619.5,1339.925556,18.01160699,1.616301353,1382.243544,19.09702542,1.067230787,15.8,26.517988000000013,-1.0854184300000007
619.6,1341.737505,18.17159512,1.536319655,1384.160052,19.20080935,1.008447704,15.8,26.622546999999894,-1.029214230000001
619.7,1343.564978,18.32173522,1.445596827,1386.086645,19.29871496,0.949664622,15.8,26.72166699999998,-0.9769797400000009
619.8000000000001,1345.406955,18.46166925,1.347713246,1388.022734,19.39074227,0.89088154,15.8,26.815778999999974,-0.9290730200000006
619.9000000000001,1347.262415,18.59139722,1.246249288,1389.967733,19.47689127,0.832066753,15.8,26.905318000000033,-0.8854940499999984
620.0,1349.130337,18.71091911,1.144188601,1391.921052,19.55716196,0.773061741,15.8,26.990714999999863,-0.8462428499999994
620.1,1351.009702,18.82023494,1.042127914,1393.882104,19.63155434,0.713676279,15.8,27.072401999999965,-0.8113194000000021
620.2,1352.899487,18.91934469,0.940067226,1395.850302,19.7000494,0.653720142,15.8,27.150815000000147,-0.780704710000002
620.3000000000001,1354.798674,19.00824838,0.838006539,1397.825057,19.76255201,0.593003104,15.8,27.226383000000123,-0.754303629999999
620.4000000000001,1356.70624,19.086946,0.735945852,1399.805782,19.81894804,0.531334941,15.8,27.299541999999928,-0.7320020399999976
620.5,1358.621166,19.15543755,0.633885165,1401.791889,19.86912335,0.468557131,15.8,27.37072300000018,-0.7136858000000004
620.6,1360.542431,19.21372303,0.531949271,1403.782774,19.91296382,0.40463797,15.8,27.440342999999938,-0.6992407900000011
620.7,1362.469014,19.26180245,0.430762135,1405.777774,19.95035531,0.339609163,15.8,27.508759999999892,-0.6885528599999979
620.8000000000001,1364.399894,19.29967579,0.331072518,1407.77621,19.98118368,0.27362923,15.8,27.576316000000087,-0.6815078900000024
620.9000000000001,1366.334052,19.32741794,0.233629176,1409.777403,20.00533479,0.206888397,15.8,27.64335100000012,-0.677916849999999
621.0,1368.270466,19.34540328,0.139180871,1411.780673,20.02271354,0.139576888,15.8,27.710207000000036,-0.6773102600000023
621.1,1370.208116,19.35408106,0.048476359,1413.785341,20.03330089,0.071884929,15.8,27.777224999999998,-0.679219830000001
621.2,1372.145981,19.35390054,-0.037860393,1415.790729,20.03709686,0.004002745,15.8,27.844748000000163,-0.6831963199999969
621.3000000000001,1374.0831,19.34531097,-0.119704593,1417.796156,20.03410144,-0.063911143,15.8,27.91305600000005,-0.6887904700000007
621.4000000000001,1376.018753,19.32876161,-0.197181032,1419.800945,20.02431463,-0.131825032,15.8,27.982191999999895,-0.6955530199999984
621.5,1377.952278,19.30470171,-0.270913677,1421.804415,20.00773644,-0.19973892,15.8,28.052137000000084,-0.7030347299999988
621.6,1379.883015,19.27358053,-0.341651287,1423.805888,19.98436685,-0.267652808,15.8,28.122873000000208,-0.7107863200000004
621.7,1381.810301,19.23577244,-0.410142621,1425.804684,19.95420587,-0.335566696,15.8,28.19438299999997,-0.7184334299999975
621.8000000000001,1383.733475,19.19135233,-0.477136437,1427.800125,19.91725351,-0.403480585,15.8,28.26664999999998,-0.7259011799999975
621.9000000000001,1385.651877,19.1403202,-0.543381494,1429.79153,19.87350976,-0.471394473,15.8,28.339652999999952,-0.7331895599999996
622.0,1387.564845,19.08267603,-0.609501758,1431.778222,19.82297462,-0.539511298,15.8,28.41337699999981,-0.7402985900000019
622.1,1389.471718,19.01841985,-0.675622022,1433.759521,19.76564808,-0.608845741,15.8,28.48780299999994,-0.7472282299999975
622.2,1391.371835,18.94755163,-0.741742286,1435.734748,19.70153017,-0.680615422,15.8,28.56291300000016,-0.7539785400000021
622.3000000000001,1393.264535,18.87007139,-0.80786255,1437.703223,19.6304991,-0.756037959,15.8,28.638687999999956,-0.7604277100000019
622.4000000000001,1395.149155,18.78597912,-0.873982814,1439.664268,19.55194607,-0.836330971,15.8,28.715112999999928,-0.7659669499999993
622.5,1397.025036,18.69527483,-0.940103078,1441.617203,19.4651405,-0.922712076,15.8,28.792167000000017,-0.7698656700000015
622.6,1398.891516,18.59795851,-1.006223342,1443.561349,19.36935184,-1.016195958,15.8,28.869833000000153,-0.7713933299999987
622.7,1400.747934,18.49403016,-1.072054057,1445.49593,19.2638495,-1.116985552,15.8,28.947996000000057,-0.769819339999998
622.8000000000001,1402.593628,18.38348978,-1.136147477,1447.419779,19.14790292,-1.224877921,15.8,29.02615099999998,-0.7644131399999985
622.9000000000001,1404.427938,18.26633738,-1.196766307,1449.331634,19.02078152,-1.338858385,15.8,29.103695999999854,-0.7544441400000004
623.0,1406.250202,18.14274669,-1.252173253,1451.230229,18.88175473,-1.457709323,15.8,29.180027000000063,-0.7390080400000016
623.1,1408.059759,18.01358634,-1.300631019,1453.114302,18.73021375,-1.580213117,15.8,29.254542999999966,-0.716627410000001
623.2,1409.855947,17.87989872,-1.341830017,1454.98259,18.56603681,-1.705152149,15.8,29.326643000000058,-0.68613809
623.3000000000001,1411.638106,17.74272621,-1.370039383,1456.833828,18.38922391,-1.831308799,15.8,29.39572199999993,-0.6464976999999976
623.4000000000001,1413.405714,17.60311117,-1.389252686,1458.666753,18.19977505,-1.957668386,15.8,29.46103899999998,-0.5966638800000013
623.5,1415.158803,17.46123937,-1.398331769,1460.480101,17.99769023,-2.084027973,15.8,29.52129800000007,-0.5364508599999986
623.6,1416.897547,17.32072306,-1.398724377,1462.272609,17.78296945,-2.21038756,15.8,29.57506200000007,-0.4622463900000007
623.7,1418.622119,17.18003473,-1.392167806,1464.043013,17.55561272,-2.336747147,15.8,29.62089399999986,-0.37557799000000003
623.8000000000001,1420.332691,17.04089966,-1.378971644,1465.790049,17.31562003,-2.463106734,15.8,29.657357999999885,-0.2747203700000007
623.9000000000001,1422.029436,16.90349158,-1.365156306,1467.512455,17.06299137,-2.589466321,15.8,29.683019000000012,-0.15949978999999814
624.0,1423.712526,16.76781049,-1.348175966,1469.208965,16.79772676,-2.71406736,15.8,29.69643900000001,-0.029916270000001077
624.1,1425.382134,16.63385639,-1.330906077,1470.878318,16.51982619,-2.82811711,15.8,29.696184000000084,0.11403019999999842
624.2,1427.038433,16.50162927,-1.313636187,1472.519249,16.22928966,-2.915895254,15.8,29.680816000000004,0.2723396099999995
624.3000000000001,1428.681596,16.37112915,-1.296366298,1474.130494,15.9271723,-2.982357589,15.8,29.6488980000001,0.44395685000000107
624.4000000000001,1430.311796,16.24235601,-1.279096409,1475.71079,15.61874976,-3.001445741,15.8,29.59899400000013,0.6236062500000017
624.5,1431.929204,16.11530987,-1.26182652,1477.258874,15.31345422,-2.96777745,15.8,29.529670000000078,0.8018556500000003
624.6,1433.533994,15.98999071,-1.244556631,1478.773481,15.00831221,-2.872559975,15.8,29.439487000000053,0.981678500000001
624.7,1435.126339,15.86639854,-1.227109469,1480.254192,14.71895875,-2.714034767,15.8,29.327853000000186,1.14743979
624.8000000000001,1436.70641,15.74453336,-1.208598672,1481.703965,14.44862319,-2.499129405,15.8,29.19755499999992,1.2959101700000009
624.9000000000001,1438.274382,15.62439517,-1.187960605,1483.1266,14.20363632,-2.221129541,15.8,29.052217999999993,1.4207588500000004
625.0,1439.830426,15.50609033,-1.164131632,1484.525898,13.9903289,-1.906093551,15.8,28.895472000000108,1.5157614299999995
625.1,1441.374715,15.39015066,-1.136048119,1485.905661,13.81397658,-1.559403696,15.8,28.730946000000085,1.5761740799999995
625.2,1442.907422,15.27721435,-1.102646429,1487.269689,13.67563448,-1.191611263,15.8,28.562266999999974,1.6015798700000001
625.3000000000001,1444.42872,15.16791956,-1.063040201,1488.621783,13.57530262,-0.813267541,15.8,28.393062999999938,1.5926169399999992
625.4000000000001,1445.938867,15.06290449,-1.017052162,1489.965744,13.51298097,-0.433165272,15.8,28.226877000000012,1.54992352
625.5,1447.438459,14.96280731,-0.964859585,1491.305374,13.48866956,-0.053063002,15.8,28.066915000000062,1.4741377500000006
625.6,1448.928182,14.86826621,-0.907348831,1492.644473,13.50236837,0.327039268,15.8,27.916290999999955,1.3658978400000006
625.7,1450.408718,14.77991937,-0.845583537,1493.986842,13.55407741,0.707141538,15.8,27.778124000000116,1.2258419600000003
625.8000000000001,1451.88075,14.6982986,-0.780627337,1495.336283,13.64379668,1.087243807,15.8,27.65553300000006,1.0545019199999999
625.9000000000001,1453.344961,14.62351026,-0.713543867,1496.696597,13.77152618,1.467346077,15.8,27.551636000000098,0.8519840799999994
626.0,1454.802035,14.55555437,-0.645396762,1498.071583,13.9372659,1.847448347,15.8,27.469547999999985,0.6182884699999995
626.1,1456.252656,14.49443091,-0.577072384,1499.465045,14.14101585,2.224762229,15.8,27.41238900000003,0.35341505999999967
626.2,1457.697505,14.44013989,-0.508748006,1500.880781,14.38277602,2.585345791,15.8,27.383275999999977,0.05736386999999965
626.3000000000001,1459.137268,14.39268131,-0.440423628,1502.322595,14.66254642,2.912468709,15.8,27.385327000000142,-0.2698651099999996
626.4000000000001,1460.572625,14.35205517,-0.37209925,1503.794286,14.97865402,3.189400663,15.8,27.42166100000004,-0.6265988500000006
626.5,1462.004262,14.31826146,-0.303774872,1505.299655,15.32273365,3.399411331,15.8,27.495393000000103,-1.0044721899999995
626.6,1463.432862,14.29130019,-0.235450494,1506.842504,15.68474712,3.525770391,15.8,27.609642000000076,-1.3934469300000014
626.7,1464.859106,14.27117136,-0.167449455,1508.426634,16.05465624,3.554535909,15.8,27.76752799999981,-1.7834848799999996
626.8000000000001,1466.28368,14.25787497,-0.10138845,1510.054507,16.42242282,3.482919498,15.8,27.970827000000053,-2.1645478500000017
626.9000000000001,1467.707265,14.25141101,-0.039207512,1511.723231,16.77800866,3.313709545,15.8,28.215965999999934,-2.526597650000001
627.0,1469.130546,14.25158549,0.017153324,1513.428579,17.11137557,3.060847984,15.8,28.498032999999804,-2.85979008
627.1,1470.554205,14.25742839,0.067356058,1515.16632,17.41248535,2.741065138,15.8,28.81211500000013,-3.1550569600000014
627.2,1471.978925,14.26777568,0.104654559,1516.932224,17.67297285,2.371091327,15.8,29.153299000000015,-3.405197170000001
627.3000000000001,1473.405391,14.28146336,0.132238228,1518.722062,17.89116503,1.967656873,15.8,29.51667100000004,-3.6097016699999998
627.4000000000001,1474.83413,14.2982886,0.148181696,1520.531604,18.0670619,1.547492097,15.8,29.897474000000056,-3.7687732999999994
627.5,1476.265049,14.31420375,0.152808299,1522.356622,18.20066345,1.124538934,15.8,30.291572999999925,-3.8864596999999996
627.6,1477.6979,14.33092843,0.147734734,1524.192885,18.29196969,0.701585772,15.8,30.69498500000004,-3.9610412599999982
627.7,1479.132436,14.34633741,0.133299003,1526.036164,18.34098061,0.278632609,15.8,31.103728,-3.9946431999999987
627.8000000000001,1480.568407,14.35946066,0.116247234,1527.882229,18.34769621,-0.144320553,15.8,31.513822000000072,-3.988235549999999
627.9000000000001,1482.005568,14.3701042,0.093713365,1529.72685,18.3121165,-0.567273716,15.8,31.921281999999973,-3.9420122999999982
628.0,1483.443668,14.378268,0.069239463,1531.5658,18.23424147,-0.990226878,15.8,32.322132000000195,-3.8559734700000003
628.1,1484.882461,14.38395209,0.044442222,1533.394846,18.11407112,-1.411680746,15.8,32.712385,-3.730119029999999
628.2,1486.321698,14.38715645,0.019644981,1535.209761,17.95160546,-1.82413884,15.8,33.088063000000105,-3.564449009999999
628.3000000000001,1487.761132,14.38788108,-0.00515226,1537.006315,17.74684448,-2.21860539,15.8,33.445183,-3.3589634000000004
628.4000000000001,1489.200515,14.386126,-0.029949501,1538.780278,17.50068776,-2.586084623,15.8,33.77976299999996,-3.114561760000001
628.5,1490.639597,14.38189118,-0.054746742,1540.52742,17.21763319,-2.917580767,15.8,34.0878229999998,-2.8357420100000006
628.6,1492.078133,14.37517665,-0.079543983,1542.243513,16.90307823,-3.204098048,15.8,34.36537999999992,-2.527901579999998
628.7,1493.515873,14.36598239,-0.104530862,1543.924326,16.56242035,-3.440325659,15.8,34.60845300000001,-2.196437960000001
628.8000000000001,1494.952569,14.3543084,-0.130655569,1545.56635,16.201057,-3.62115527,15.8,34.81378100000002,-1.846748599999998
628.9000000000001,1496.387974,14.34015469,-0.159055931,1547.168953,15.82438565,-3.74579927,15.8,34.98097900000012,-1.4842309599999997
629.0,1497.82184,14.32340748,-0.190869777,1548.732224,15.43649237,-3.828412378,15.8,35.110384000000025,-1.1130848899999997
629.1,1499.253918,14.30349784,-0.227234933,1550.256251,15.04494003,-3.875042396,15.8,35.20233299999991,-0.741442189999999
629.2,1500.683961,14.27974309,-0.269289227,1551.741124,14.65559867,-3.894685097,15.8,35.25716299999995,-0.37585557999999963
629.3000000000001,1502.111721,14.25146052,-0.31798085,1553.186929,14.26537292,-3.893413594,15.8,35.27520799999998,-0.013912400000000602
629.4000000000001,1503.536859,14.21796744,-0.373499439,1554.593756,13.87603156,-3.886227916,15.8,35.25689699999994,0.3419358800000012
629.5,1504.958671,14.17858116,-0.435655356,1555.961693,13.48757459,-3.880147727,15.8,35.203021999999876,0.6910065700000008
629.6,1506.376363,14.13261897,-0.503500412,1557.290829,13.10000202,-3.871303816,15.8,35.11446599999995,1.0326169499999995
629.7,1507.789142,14.07939818,-0.575896779,1558.581251,12.71331383,-3.862459905,15.8,34.992108999999985,1.3660843499999995
629.8000000000001,1509.196214,14.01834988,-0.651706628,1559.833049,12.32751003,-3.853615994,15.8,34.83683500000002,1.6908398500000015
629.9000000000001,1510.596783,13.94936027,-0.729792133,1561.046311,11.94259063,-3.844772083,15.8,34.6495280000001,2.00676964
630.0,1511.990056,13.87242938,-0.809015466,1562.221125,11.55855562,-3.835928172,15.8,34.43106899999994,2.31387376
630.1,1513.37524,13.78755718,-0.888428437,1563.35758,11.175405,-3.82708426,15.8,34.182340000000025,2.6121521800000007
630.2,1514.751539,13.69474369,-0.967841408,1564.455764,10.79313877,-3.817925355,15.8,33.904224999999954,2.9016049199999987
630.3000000000001,1516.118159,13.5939889,-1.047254378,1565.515766,10.41175693,-3.806876482,15.8,33.59760699999988,3.18223197
630.4000000000001,1517.474307,13.48529281,-1.126667349,1566.537673,10.03125948,-3.792047674,15.8,33.26336600000009,3.4540333300000015
630.5,1518.819188,13.36865543,-1.20608032,1567.521575,9.651835418,-3.771548964,15.8,32.90238700000005,3.7168200120000012
630.6,1520.152009,13.24407675,-1.285493291,1568.46756,9.274429729,-3.743490385,15.8,32.515551000000144,3.969647021
630.7,1521.471974,13.11155677,-1.364661349,1569.375717,8.900176393,-3.705981968,15.8,32.10374299999985,4.211380376999999
630.8000000000001,1522.778291,12.9710955,-1.442359931,1570.246133,8.530209388,-3.657448743,15.8,31.667842000000018,4.440886112000001
630.9000000000001,1524.070164,12.82269293,-1.517119562,1571.079048,8.165662696,-3.597575713,15.8,31.20888400000008,4.6570302340000005
631.0,1525.3468,12.666496,-1.587470767,1571.875308,7.807670298,-3.526677873,15.8,30.728507999999874,4.858825702000001
631.1,1526.607404,12.50323947,-1.651944068,1572.635907,7.457366173,-3.446330196,15.8,30.228503,5.045873297000001
631.2,1527.851183,12.33380501,-1.709069991,1573.361841,7.115884302,-3.358422651,15.8,29.71065799999992,5.217920708
631.3000000000001,1529.077343,12.15907431,-1.757623973,1574.054105,6.784169669,-3.264845203,15.8,29.176762000000007,5.374904641
631.4000000000001,1530.285205,11.97992906,-1.7973611,1574.713697,6.46241127,-3.16748782,15.8,28.628492000000005,5.51751779
631.5,1531.474566,11.79725093,-1.828526287,1575.34161,6.150609106,-3.06824047,15.8,28.06704399999985,5.6466418240000005
631.6,1532.645335,11.61192162,-1.852344095,1575.93884,5.848763176,-2.968678125,15.8,27.493505000000095,5.763158444
631.7,1533.797423,11.42482281,-1.870284,1576.506384,5.556873481,-2.86911578,15.8,26.908961000000044,5.867949329
631.8000000000001,1534.930743,11.23668924,-1.883815478,1577.045237,5.27494002,-2.769553436,15.8,26.31449400000015,5.961749220000001
631.9000000000001,1536.045205,11.04766786,-1.894408005,1577.556394,5.002962794,-2.669991091,15.8,25.711189000000058,6.044705066000001
632.0,1537.140721,10.85775866,-1.903531056,1578.040851,4.740941802,-2.570428746,15.8,25.10012999999999,6.116816858
632.1,1538.217201,10.66696164,-1.912409195,1578.499604,4.488877045,-2.470866401,15.8,24.482403000000158,6.1780845950000005
632.2,1539.274557,10.47527682,-1.921287333,1578.933649,4.246768522,-2.371343775,15.8,23.8590920000001,6.2285082979999995
632.3000000000001,1540.3127,10.28270418,-1.930165472,1579.34398,4.014616233,-2.272059457,15.8,23.23128000000015,6.268087947
632.4000000000001,1541.331542,10.08924372,-1.93904361,1579.731594,3.792420179,-2.173251757,15.8,22.600052000000186,6.296823541
632.5,1542.330993,9.894895455,-1.947921749,1580.097486,3.580156529,-2.075158982,15.8,21.966492999999854,6.314738926
632.6,1543.310965,9.699659374,-1.956799887,1580.442652,3.377706128,-1.978019443,15.8,21.331687000000056,6.321953246
632.7,1544.271369,9.503535478,-1.965678026,1580.768087,3.184925991,-1.882071447,15.8,20.696717999999873,6.318609487
632.8000000000001,1545.212116,9.306523768,-1.9746053,1581.074787,3.001673132,-1.787513586,15.8,20.06267100000009,6.304850635999999
632.9000000000001,1546.133117,9.108624245,-1.983827384,1581.363729,2.827804567,-1.694385577,15.8,19.430611999999837,6.280819678
633.0,1547.034284,8.909836908,-1.993639089,1581.635813,2.663177311,-1.602647702,15.8,18.801529000000027,6.246659597000001
633.1,1547.915528,8.710132276,-2.004335226,1581.891921,2.507648377,-1.512101371,15.8,18.176392999999916,6.202483898999999
633.2,1548.776761,8.509362943,-2.016210606,1582.132932,2.361074782,-1.422508275,15.8,17.556170999999903,6.148288160999999
633.3000000000001,1549.617892,8.307352024,-2.029560038,1582.359729,2.223337369,-1.333630105,15.8,16.94183700000003,6.084014655000001
633.4000000000001,1550.438834,8.103922633,-2.044629198,1582.573193,2.094412309,-1.245228553,15.8,16.334358999999903,6.009510324
633.5,1551.239474,7.898897882,-2.061467222,1582.774206,1.974299602,-1.157065309,15.8,15.734732000000076,5.92459828
633.6,1552.019606,7.692100885,-2.080024974,1582.963647,1.862999248,-1.068941783,15.8,15.14404099999997,5.829101637000001
633.7,1552.778999,7.483354757,-2.10005678,1583.142399,1.760511246,-0.980818258,15.8,14.563399999999955,5.722843511
633.8000000000001,1553.517422,7.27248261,-2.121267827,1583.311343,1.666835596,-0.892694732,15.8,13.993921000000181,5.605647014
633.9000000000001,1554.234647,7.05933704,-2.143363306,1583.47136,1.581972299,-0.804571206,15.8,13.436713000000008,5.477364741
634.0,1554.930441,6.843888565,-2.166048406,1583.623332,1.505921355,-0.716447681,15.8,12.892890999999917,5.33796721
634.1,1555.604576,6.626137185,-2.189028317,1583.768138,1.438682763,-0.628324155,15.8,12.363561999999956,5.187454422
634.2,1556.25682,6.406082901,-2.212057363,1583.906662,1.380256524,-0.540546586,15.8,11.849842000000034,5.0258263770000005
634.3000000000001,1556.886944,6.183725713,-2.235086408,1584.039783,1.330642637,-0.454844757,15.8,11.352838999999857,4.853083076000001
634.4000000000001,1557.494717,5.95906562,-2.258115454,1584.168384,1.289841103,-0.373294409,15.8,10.873667000000022,4.669224517
634.5,1558.079909,5.732102622,-2.2811445,1584.293346,1.257644347,-0.29797128,15.8,10.413436999999885,4.474458275
634.6,1558.642289,5.50283672,-2.304173546,1584.415548,1.2330145,-0.230951112,15.8,9.973259000000052,4.26982222
634.7,1559.181627,5.271267913,-2.327202592,1584.535874,1.214706118,-0.172482634,15.8,9.554246999999986,4.056561795
634.8000000000001,1559.697694,5.037396201,-2.349845235,1584.655204,1.201473756,-0.128023154,15.8,9.157509999999956,3.835922445
634.9000000000001,1560.190258,4.801221585,-2.36826761,1584.774254,1.19207197,-0.097698119,15.8,8.783995999999842,3.6091496150000006
635.0,1560.65909,4.562744065,-2.385856856,1584.893074,1.186351523,-0.07772806,15.8,8.433983999999963,3.3763925420000005
635.1,1561.103958,4.322195481,-2.394589002,1585.011548,1.180830455,-0.068136702,15.8,8.107590000000027,3.141365026
635.2,1561.524634,4.081876154,-2.394047484,1585.129563,1.174395629,-0.066848304,15.8,7.804928999999856,2.9074805249999995
635.3000000000001,1561.920886,3.839753799,-2.381913884,1585.247003,1.168069282,-0.073614137,15.8,7.526116999999839,2.671684517
635.4000000000001,1562.292484,3.6006428,-2.356256191,1585.363753,1.160591735,-0.082630936,15.8,7.271269000000029,2.4400510650000005
635.5,1562.639384,3.364793095,-2.318589852,1585.479697,1.151962987,-0.092043472,15.8,7.040312999999923,2.212830108
635.6,1562.962282,3.133595734,-2.263595715,1585.594721,1.14218304,-0.103555471,15.8,6.832438999999976,1.991412694
635.7,1563.262061,2.908441767,-2.198911349,1585.708709,1.131251893,-0.11506747,15.8,6.646648000000095,1.7771898739999998
635.8000000000001,1563.539604,2.690722243,-2.124953318,1585.821547,1.119169546,-0.12657947,15.8,6.481942999999955,1.5715526970000002
635.9000000000001,1563.795793,2.48159637,-2.044040039,1585.933119,1.105935999,-0.138091469,15.8,6.337326000000029,1.3756603710000002
636.0,1564.03151,2.281295991,-1.958489927,1586.04331,1.091551252,-0.149603469,15.8,6.211799999999993,1.189744739
636.1,1564.247639,2.089821104,-1.870621399,1586.152005,1.076015306,-0.161115468,15.8,6.104365999999981,1.013805798
636.2,1564.445062,1.907171711,-1.782366469,1586.259088,1.059328159,-0.172627467,15.8,6.014026000000012,0.8478435519999998
636.3000000000001,1564.624661,1.733347811,-1.694111538,1586.364446,1.041489812,-0.184055639,15.8,5.939784999999983,0.691857999
636.4000000000001,1564.787319,1.568349403,-1.605856608,1586.467962,1.022500265,-0.194980847,15.8,5.8806429999999175,0.5458491380000001
636.5,1564.933918,1.412176489,-1.517601678,1586.569522,1.002359519,-0.204900127,15.8,5.835604000000057,0.40981696999999984
636.6,1565.065341,1.264829068,-1.429346747,1586.669009,0.981117869,-0.213310514,15.8,5.80366799999997,0.2837111990000001
636.7,1565.182471,1.12630714,-1.341091817,1586.766311,0.959026797,-0.219709044,15.8,5.7838400000000085,0.16728034299999994
636.8000000000001,1565.28619,0.996610704,-1.25296217,1586.86131,0.936388083,-0.223592754,15.8,5.775119999999969,0.060222620999999976
636.9000000000001,1565.37738,0.875739762,-1.165584222,1586.953892,0.913503504,-0.224542506,15.8,5.776512000000093,-0.03776374199999999
637.0,1565.456925,0.763694313,-1.079709674,1587.043983,0.890674839,-0.222474473,15.8,5.787058000000069,-0.12698052599999998
637.1,1565.525707,0.660399187,-0.996090225,1587.131667,0.868203866,-0.217472482,15.8,5.805960000000095,-0.207804679
637.2,1565.584607,0.565478535,-0.915477574,1587.217072,0.846392365,-0.209955671,15.8,5.83246499999991,-0.28091383000000003
637.3000000000001,1565.63451,0.478481335,-0.838623422,1587.300324,0.825542113,-0.200427003,15.8,5.865813999999954,-0.347060778
637.4000000000001,1565.676297,0.39895657,-0.766154185,1587.381549,0.805904593,-0.189389442,15.8,5.905251999999972,-0.40694802299999994
637.5,1565.71079,0.326453218,-0.692870483,1587.460874,0.787530101,-0.177345953,15.8,5.950084000000015,-0.461076883
637.6,1565.738573,0.26052026,-0.620630891,1587.538424,0.770418637,-0.1647995,15.8,5.999850999999989,-0.5098983770000001
637.7,1565.760165,0.200706676,-0.545347127,1587.614326,0.754570201,-0.15216922,15.8,6.054160999999976,-0.553863525
637.8000000000001,1565.77609,0.148846483,-0.468870708,1587.688706,0.739984793,-0.139538939,15.8,6.112615999999843,-0.59113831
637.9000000000001,1565.786869,0.106102801,-0.391536877,1587.761691,0.726662413,-0.126908659,15.8,6.174821999999903,-0.620559612
638.0,1565.793023,0.071748293,-0.31368088,1587.833407,0.714603061,-0.114278378,15.8,6.24038400000013,-0.6428547680000001
638.1,1565.795075,0.045130793,-0.239446354,1587.90398,0.703806738,-0.101648098,15.8,6.308905000000049,-0.658675945
638.2,1565.795374,0.025598134,-0.17185878,1587.973537,0.694273442,-0.089017818,15.8,6.37816300000004,-0.668675308
638.3000000000001,1565.795673,0.012498149,-0.114601267,1588.042204,0.686003174,-0.076390688,15.8,6.446531000000004,-0.673505025
638.4000000000001,1565.795971,0.005178671,-0.070238767,1588.110106,0.678995934,-0.063782461,15.8,6.514135000000078,-0.673817263
638.5,1565.79627,0.002987533,-0.037684335,1588.177371,0.673251723,-0.051212042,15.8,6.5811009999999435,-0.67026419
638.6,1565.796569,0.002987533,-0.015851026,1588.244125,0.668768649,-0.038698334,15.8,6.647555999999849,-0.665781116
638.7,1565.796868,0.002987533,-0.003651896,1588.310494,0.665537261,-0.026260239,15.8,6.713626000000158,-0.662549728
638.8000000000001,1565.797166,0.002987533,-1.06e-11,1588.376604,0.663546217,-0.013916663,15.8,6.779437999999981,-0.6605586840000001
638.9000000000001,1565.797465,0.002987533,0.0,1588.442582,0.662784174,-0.001683357,15.8,6.845116999999799,-0.659796641
639.0,1565.797764,0.002987533,0.0,1588.508552,0.663239791,0.010436528,15.8,6.9107880000000925,-0.660252258
639.1,1565.798063,0.002987533,0.0,1588.574633,0.664901725,0.022446142,15.8,6.976569999999992,-0.661914192
639.2,1565.798361,0.002987533,0.0,1588.640943,0.667758635,0.034361238,15.8,7.042581999999992,-0.664771102
639.3000000000001,1565.79866,0.002987533,-2.65e-12,1588.707599,0.671799178,0.04620072,15.8,7.108939000000145,-0.668811645
639.4000000000001,1565.798959,0.002987533,-3.98e-12,1588.774717,0.677013902,0.057983492,15.8,7.175758000000041,-0.674026369
639.5,1565.799258,0.002987533,-4.82e-12,1588.842415,0.683400917,0.069728456,15.8,7.243157000000064,-0.6804133840000001
639.6,1565.799556,0.002987533,-1.99e-12,1588.910811,0.690960223,0.081454517,15.8,7.311255000000028,-0.68797269
639.7,1565.799855,0.002987533,-1.99e-12,1588.980021,0.69969182,0.093177427,15.8,7.380166000000099,-0.696704287
639.8000000000001,1565.800154,0.002987533,0.0,1589.050163,0.709595709,0.104900338,15.8,7.45000900000009,-0.706608176
639.9000000000001,1565.800453,0.002987533,1.18e-12,1589.121354,0.720671888,0.116623248,15.8,7.520901000000048,-0.717684355
640.0,1565.800751,0.002987533,1.99e-12,1589.193711,0.732920358,0.128346158,15.8,7.592959999999902,-0.729932825
640.1,1565.80105,0.002987533,1.59e-12,1589.267352,0.746341119,0.140069068,15.8,7.666302000000041,-0.743353586
640.2,1565.801349,0.002987533,2.89e-12,1589.342393,0.760934172,0.151791978,15.8,7.741043999999828,-0.757946639
640.3000000000001,1565.801648,0.002987533,2.89e-12,1589.418953,0.776699515,0.163514889,15.8,7.817305000000214,-0.773711982
640.4000000000001,1565.801946,0.002987533,3.98e-12,1589.497147,0.793637149,0.175160001,15.8,7.895200999999997,-0.790649616
640.5,1565.802245,0.002987533,3.98e-12,1589.577094,0.811747075,0.186338325,15.8,7.974848999999903,-0.808759542
640.6,1565.802544,0.002987533,3.98e-12,1589.658911,0.831029291,0.196583072,15.8,8.05636700000009,-0.828041758
640.7,1565.802843,0.002987533,4.45e-12,1589.742714,0.85143712,0.205427454,15.8,8.139871000000038,-0.8484495870000001
640.8000000000001,1565.803141,0.002987533,4.17e-12,1589.828621,0.872737167,0.212404684,15.8,8.225480000000015,-0.869749634
640.9000000000001,1565.80344,0.002987533,4.45e-12,1589.91675,0.894649358,0.217047972,15.8,8.313310000000182,-0.891661825
641.0,1565.803739,0.002987533,2.98e-12,1590.007217,0.916893622,0.218968328,15.8,8.403478000000131,-0.913906089
641.1,1565.804038,0.002987533,0.0,1590.100102,0.939189885,0.218087954,15.8,8.496064000000114,-0.936202352
641.2,1565.804336,0.002987533,0.0,1590.195337,0.961258074,0.214484649,15.8,8.591001000000187,-0.958270541
641.3000000000001,1565.804635,0.002987533,-3.98e-12,1590.292814,0.982818117,0.208547402,15.8,8.688178999999945,-0.979830584
641.4000000000001,1565.804934,0.002987533,-6.68e-12,1590.392425,1.003589939,0.200743003,15.8,8.787491,-1.000602406
641.5,1565.805233,0.002987533,-7.42e-12,1590.494066,1.023340148,0.191538238,15.8,8.88883299999993,-1.020352615
641.6,1565.805531,0.002987533,-6.95e-12,1590.597628,1.042022064,0.181399897,15.8,8.992097000000012,-1.039034531
641.7,1565.80583,0.002987533,-6.6e-12,1590.703004,1.059635687,0.170794767,15.8,9.09717399999995,-1.0566481540000001
641.8000000000001,1565.806129,0.002987533,-5.28e-12,1590.810089,1.076181017,0.16011184,15.8,9.203960000000006,-1.073193484
641.9000000000001,1565.806428,0.002987533,-3.98e-12,1590.918775,1.091658055,0.149428912,15.8,9.312346999999999,-1.088670522
642.0,1565.806726,0.002987533,-1.99e-12,1591.028955,1.106066799,0.138745985,15.8,9.42222899999997,-1.103079266
642.1,1565.807025,0.002987533,0.0,1591.140522,1.119407252,0.128063057,15.8,9.533496999999851,-1.116419719
642.2,1565.807324,0.002987533,0.0,1591.25337,1.131679411,0.11738013,15.8,9.646045999999796,-1.128691878
642.3000000000001,1565.807623,0.002987533,1.99e-12,1591.367392,1.142883277,0.106697202,15.8,9.759769000000187,-1.139895744
642.4000000000001,1565.807921,0.002987533,3.98e-12,1591.482481,1.153018851,0.098091511,15.8,9.874559999999928,-1.150031318
642.5,1565.80822,0.002987533,6.6e-12,1591.59853,1.162086132,0.089782567,15.8,9.99031000000009,-1.159098599
642.6,1565.808519,0.002987533,8.8e-12,1591.715432,1.170085121,0.083985051,15.8,10.10691300000003,-1.167097588
642.7,1565.808818,0.002987533,1.2e-11,1591.833081,1.178262158,0.086096766,15.8,10.224263000000018,-1.175274625
642.8000000000001,1565.809117,0.002987533,2.06e-11,1591.95137,1.185548951,0.096507708,15.8,10.342252999999982,-1.182561418
642.9000000000001,1565.809415,0.002987533,3.37e-11,1592.070191,1.193274308,0.117292685,15.8,10.460776000000077,-1.190286775
643.0,1565.809714,0.002987533,0.30410948,1592.189438,1.204676911,0.148449268,15.8,10.579724000000123,-1.201689378
643.1,1565.810013,0.002987533,0.651775206,1592.309171,1.219990757,0.19383275,15.8,10.699158000000079,-1.217003224
643.2,1565.810312,0.002987533,1.043726241,1592.430111,1.240460732,0.25295746,15.8,10.81979899999983,-1.237473199
643.3000000000001,1565.81061,0.185453221,1.534482361,1592.55315,1.267331718,0.320771393,15.8,10.942539999999962,-1.0818784970000002
643.4000000000001,1565.810909,0.394052656,2.045976481,1592.679174,1.301848601,0.396884554,15.8,11.068265000000064,-0.9077959450000002
643.5,1565.811208,0.629223277,2.486749324,1592.809074,1.345048784,0.479222135,15.8,11.19786599999993,-0.715825507
643.6,1565.811507,0.891402521,2.764838429,1592.943738,1.397139746,0.56570933,15.8,11.332231000000046,-0.505737225
643.7,1565.957778,1.230573422,3.026921781,1593.084056,1.458121489,0.654271332,15.8,11.326277999999956,-0.22754806700000008
643.8000000000001,1566.124956,1.499988028,3.006750721,1593.230917,1.527994013,0.743179136,15.8,11.305960999999979,-0.028005985000000067
643.9000000000001,1566.313391,1.844366366,2.949341958,1593.38521,1.606757317,0.832086939,15.8,11.271819000000004,0.23760904900000002
644.0,1566.523434,2.210205725,2.792277373,1593.547823,1.694411401,0.920994742,15.8,11.224389000000155,0.5157943239999998
644.1,1566.755433,2.43327371,2.662459044,1593.719647,1.790956265,1.009902546,15.8,11.164213999999856,0.642317445
644.2,1567.009738,2.661007696,2.526957152,1593.901569,1.89639191,1.098810349,15.8,11.091831000000138,0.764615786
644.3000000000001,1567.286701,2.893407683,2.321083618,1594.09448,2.010718335,1.187718152,15.8,11.007778999999982,0.882689348
644.4000000000001,1567.58667,3.125224419,2.346600812,1594.299267,2.13393554,1.276625955,15.8,10.912597000000186,0.9912888789999998
644.5,1567.909996,3.360540657,2.377464465,1594.516821,2.266043526,1.365099726,15.8,10.806824999999844,1.0944971310000002
644.6,1568.257028,3.599356395,2.405654888,1594.748031,2.407042292,1.4509693,15.8,10.69100300000009,1.1923141030000002
644.7,1568.628118,3.841671635,2.440649896,1594.993784,2.556931838,1.531630482,15.8,10.565665999999919,1.2847397969999999
644.8000000000001,1569.023613,4.087486375,2.475644905,1595.254972,2.715451745,1.604479076,15.8,10.431358999999883,1.37203463
644.9000000000001,1569.443865,4.336800616,2.510007104,1595.532482,2.881299915,1.668391072,15.8,10.288617000000112,1.4555007009999996
645.0,1569.889223,4.589614357,2.537986591,1595.827203,3.05291383,1.716321712,15.8,10.137980000000152,1.5367005270000003
645.1,1570.360038,4.8459276,2.563544091,1596.140025,3.228730971,1.750541396,15.8,9.979986999999891,1.6171966289999995
645.2,1570.856659,5.105360658,2.575125172,1596.471629,3.408076935,1.769135902,15.8,9.814969999999857,1.6972837230000004
645.3000000000001,1571.379437,5.364463589,2.57151884,1596.821861,3.586724866,1.772539264,15.8,9.642423999999846,1.7777387229999997
645.4000000000001,1571.92872,5.625612829,2.548928244,1597.190362,3.765776583,1.762921644,15.8,9.461641999999937,1.8598362459999995
645.5,1572.50486,5.881875719,2.504189338,1597.576769,3.942781456,1.741407053,15.8,9.271909000000004,1.9390942629999999
645.6,1573.107902,6.132525662,2.439255172,1597.980723,4.116437388,1.715040248,15.8,9.07282099999993,2.0160882740000003
645.7,1573.736677,6.375284546,2.347000979,1598.401861,4.286483958,1.681984863,15.8,8.865183999999953,2.088800588
645.8000000000001,1574.389714,6.60787426,2.23834838,1598.839824,4.452921167,1.646325282,15.8,8.650109999999994,2.1549530929999996
645.9000000000001,1575.065539,6.828016693,2.114508368,1599.29425,4.615749014,1.610231668,15.8,8.428710999999975,2.212267679
646.0,1575.76268,7.033813417,1.979277797,1599.764779,4.7749675,1.574138054,15.8,8.202099000000043,2.2588459170000004
646.1,1576.479664,7.224884746,1.83645352,1600.251049,4.930576625,1.538044441,15.8,7.971385000000009,2.2943081210000003
646.2,1577.215019,7.401230682,1.68983239,1600.752699,5.082576389,1.501950827,15.8,7.737679999999909,2.318654293
646.3000000000001,1577.967273,7.562851224,1.542578451,1601.269368,5.230966791,1.465857213,15.8,7.502095000000008,2.331884433
646.4000000000001,1578.734952,7.709746373,1.395324512,1601.800697,5.375747831,1.429763599,15.8,7.265744999999878,2.333998542
646.5,1579.516585,7.841916127,1.248070573,1602.346323,5.51691951,1.393760231,15.8,7.029737999999906,2.324996617
646.6,1580.310698,7.959360487,1.100816635,1602.905885,5.654481828,1.358298332,15.8,6.7951869999998955,2.304878659
646.7,1581.11582,8.062079454,0.953562696,1603.479024,5.788434785,1.323919374,15.8,6.563203999999995,2.2736446689999994
646.8000000000001,1581.930477,8.150073026,0.806308757,1604.065377,5.918832527,1.291164827,15.8,6.334899999999788,2.231240498999999
646.9000000000001,1582.753197,8.223341205,0.659644232,1604.664584,6.04594579,1.260576162,15.8,6.111387000000104,2.1773954150000003
647.0,1583.582508,8.28188399,0.516516191,1605.276284,6.170099456,1.232694847,15.8,5.89377600000007,2.1117845340000008
647.1,1584.416937,8.325701381,0.380461118,1605.900116,6.291618407,1.20797211,15.8,5.683179000000063,2.0340829740000004
647.2,1585.255011,8.355147026,0.255015497,1606.535763,6.410827525,1.186498194,15.8,5.48075200000012,1.944319500999999
647.3000000000001,1586.095258,8.371989168,0.143715813,1607.183079,6.528051693,1.168182856,15.8,5.287820999999848,1.8439374750000006
647.4000000000001,1586.936205,8.378349697,0.047314762,1607.841965,6.643615793,1.152574868,15.8,5.1057600000000996,1.7347339040000005
647.5,1587.776381,8.376350504,-0.023233004,1608.512318,6.757844707,1.139132762,15.8,4.935937000000148,1.6185057969999992
647.6,1588.614594,8.368113478,-0.074658096,1609.194039,6.871009169,1.127315067,15.8,4.779445000000077,1.497104309
647.7,1589.450788,8.354090238,-0.105797476,1609.887025,6.983163328,1.116580312,15.8,4.636236999999891,1.3709269099999997
647.8000000000001,1590.285188,8.341207224,-0.119254436,1610.591177,7.094307183,1.106387028,15.8,4.505988999999953,1.246900041
647.9000000000001,1591.118017,8.327194311,-0.118565459,1611.306392,7.204440733,1.096283989,15.8,4.38837499999995,1.1227535779999993
648.0,1591.949502,8.314871212,-0.104483245,1612.03257,7.31356398,1.086180949,15.8,4.283068000000139,1.0013072320000003
648.1,1592.779866,8.304797842,-0.088551856,1612.76961,7.421676923,1.07607791,15.8,4.189743999999973,0.8831209189999996
648.2,1593.609336,8.296974202,-0.066987754,1613.517411,7.528779562,1.065974871,15.8,4.108075000000053,0.768194639999999
648.3000000000001,1594.438136,8.291400291,-0.044490459,1614.275871,7.634871897,1.055871831,15.8,4.037735000000065,0.6565283940000004
648.4000000000001,1595.266491,8.28807611,-0.021993165,1615.04489,7.739953929,1.045768792,15.8,3.9783989999998077,0.5481221810000001
648.5,1596.094627,8.287001658,0.00050413,1615.824367,7.844025656,1.035665753,15.8,3.929739999999992,0.4429760019999991
648.6,1596.922767,8.288176936,0.023001424,1616.6142,7.947087079,1.025562714,15.8,3.89143299999996,0.34108985699999916
648.7,1597.751137,8.291601943,0.045498719,1617.41429,8.049138199,1.015459674,15.8,3.863152999999965,0.24246374400000015
648.8000000000001,1598.579962,8.29727668,0.067996013,1618.224533,8.150179014,1.005356635,15.8,3.844571000000041,0.14709766599999874
648.9000000000001,1599.409468,8.305201146,0.090493308,1619.044831,8.250209526,0.995253596,15.8,3.8353629999998695,0.05499161999999913
649.0,1600.239878,8.315375342,0.112889981,1619.87508,8.349229733,0.985150556,15.8,3.835201999999935,-0.033854391000000206
649.1,1601.071418,8.327799267,0.134682921,1620.715182,8.447239637,0.975047517,15.8,3.8437639999999185,-0.11944036999999952
649.2,1601.904313,8.342472921,0.155268396,1621.565033,8.544239237,0.964944478,15.8,3.8607200000000823,-0.20176631599999872
649.3000000000001,1602.738788,8.359335932,0.174042675,1622.424535,8.640228532,0.954841439,15.8,3.8857469999999914,-0.2808925999999996
649.4000000000001,1603.575067,8.378086432,0.190402025,1623.293584,8.735207524,0.944738399,15.8,3.918517000000019,-0.35712109199999986
649.5,1604.413377,8.398362184,0.204183324,1624.172081,8.829176212,0.93463536,15.8,3.9587039999998517,-0.43081402800000035
649.6,1605.253941,8.419800947,0.213561629,1625.059925,8.922134596,0.924532321,15.8,4.00598400000008,-0.5023336489999988
649.7,1606.096936,8.442040481,0.219758151,1625.957013,9.014082676,0.914429282,15.8,4.060077000000046,-0.5720421949999999
649.8000000000001,1606.942347,8.464982916,0.222432902,1626.863246,9.105020453,0.904326242,15.8,4.120898999999962,-0.6400375369999995
649.9000000000001,1607.790108,8.487472909,0.222088992,1627.778523,9.194947925,0.894223203,15.8,4.188415000000031,-0.7074750160000001
650.0,1608.640154,8.509941323,0.219330152,1628.702741,9.283865093,0.884120164,15.8,4.262587000000121,-0.7739237699999997
650.1,1609.49242,8.531821925,0.214319503,1629.635801,9.371771958,0.874017124,15.8,4.343380999999862,-0.8399500330000009
650.2,1610.346842,8.553054342,0.208982614,1630.577601,9.458668518,0.863914085,15.8,4.430759000000034,-0.9056141760000003
650.3000000000001,1611.203355,8.573638572,0.20260138,1631.52804,9.544554775,0.853811046,15.8,4.524684999999817,-0.9709162029999998
650.4000000000001,1612.061894,8.593574618,0.196119524,1632.487017,9.629430727,0.843708007,15.8,4.625122999999984,-1.035856109000001
650.5,1612.922394,8.612862477,0.189637669,1633.454431,9.713296376,0.833604967,15.8,4.732037000000172,-1.1004338990000004
650.6,1613.78479,8.631502151,0.183155813,1634.430181,9.796151721,0.758244447,15.8,4.845391000000017,-1.16464957
650.7,1614.649018,8.64949364,0.176673957,1635.414166,9.877996762,0.684006487,15.8,4.965147999999953,-1.2285031220000011
650.8000000000001,1615.515013,8.666836943,0.170192101,1636.406286,9.958831499,0.610891086,15.8,5.091272999999955,-1.2919945560000006
650.9000000000001,1616.38271,8.68353206,0.163710246,1637.406438,9.999501443,0.538898246,15.8,5.223727999999891,-1.3159693830000005
651.0,1617.252044,8.699578992,0.15722839,1638.414522,10.03983462,0.482987814,15.8,5.362477999999964,-1.3402556280000013
651.1,1618.12295,8.714977738,0.150746534,1639.430437,10.07983103,0.401647925,15.8,5.507487000000037,-1.3648532919999994
651.2,1618.995363,8.729728299,0.144264679,1640.454082,10.11949067,0.399964085,15.8,5.658718999999973,-1.3897623709999998
