t,x_follower,v_follower,a_follower,x_leader,v_leader,a_leader,leader_length,spacing,dv
15.3,31.60578533,17.50006463,-0.592407122,63.17951484,18.9755375,-0.577343891,13.3,18.273729510000003,-1.4754728700000008
15.4,33.37362928,17.44082391,-0.592815126,65.07798387,18.93109261,-0.670486976,13.3,18.404354589999993,-1.4902687000000014
15.5,35.12955982,17.381692,-0.709909337,66.96802155,18.84449102,-0.768714934,13.3,18.538461730000005,-1.4627990199999985
15.600000000000001,36.87360957,17.32266889,-0.787246804,68.84917026,18.75331306,-0.872027764,13.3,18.675560689999994,-1.4306441700000008
15.700000000000001,38.60581118,17.26293858,-0.884938648,70.72097236,18.6575587,-0.980425467,13.3,18.81516118,-1.394620119999999
15.8,40.32619728,17.14510996,-0.979910466,72.5829702,18.55722796,-1.02618932,13.3,18.956772920000002,-1.4121179999999995
15.9,42.03480053,17.02771654,-1.076015627,74.43470614,18.45232084,-1.071953173,13.3,19.099905610000004,-1.4246042999999986
16.0,43.73165355,16.91075833,-1.169854101,76.27572256,18.34283733,-1.117717025,13.3,19.244069010000008,-1.432078999999998
16.1,45.41678899,16.79374572,-1.167474078,78.1055618,18.22877743,-1.163480878,13.3,19.388772810000003,-1.4350317100000005
16.2,47.0902395,16.67705952,-1.164595384,79.92376624,18.11014115,-1.20924473,13.3,19.533526740000003,-1.4330816300000002
16.3,48.7520377,16.56069971,-1.161966025,81.72987822,17.98692849,-1.255008583,13.3,19.67784052,-1.4262287799999989
16.400000000000002,50.40221624,16.44466631,-1.158701994,83.52344013,17.85913944,-1.300772435,13.3,19.821223889999995,-1.414473130000001
16.5,52.04080776,16.32895931,-1.155437962,85.3039943,17.726774,-1.346536288,13.3,19.96318654,-1.3978146900000006
16.6,53.6678449,16.21357872,-1.152173931,87.07108312,17.58983218,-1.392300141,13.3,20.103238219999998,-1.3762534599999974
16.7,55.2833603,16.09852453,-1.1489099,88.82424893,17.44831397,-1.438063993,13.3,20.240888629999997,-1.3497894400000021
16.8,56.8873866,15.98379674,-1.145645868,90.56303411,17.30221938,-1.483827846,13.3,20.375647510000004,-1.3184226399999996
16.900000000000002,58.47995645,15.86939535,-1.142381837,92.286981,17.1515484,-1.529591698,13.3,20.507024549999993,-1.2821530499999998
17.0,60.06110247,15.75532037,-1.139117806,93.99563198,16.99630104,-1.575355551,13.3,20.634529509999997,-1.240980669999999
17.1,61.63085732,15.64157179,-1.135853774,95.6885294,16.83647729,-1.621119403,13.3,20.757672079999995,-1.1949055000000008
17.2,63.18925363,15.52814962,-1.132589743,97.36521563,16.67207716,-1.666883256,13.3,20.87596199999999,-1.14392754
17.3,64.73632404,15.41505384,-1.129325712,99.02523303,16.50310064,-1.712647108,13.3,20.988908989999995,-1.088046799999999
17.400000000000002,66.2721012,15.30228447,-1.126061681,100.668124,16.32954774,-1.758410961,13.3,21.09602280000001,-1.0272632699999988
17.5,67.79661773,15.18984151,-1.122797649,102.2934308,16.15141845,-1.804174814,13.3,21.19681307,-0.9615769400000005
17.6,69.3099063,15.07772494,-1.119533618,103.9006958,15.96871277,-1.849938666,13.3,21.2907895,-0.8909878300000003
17.7,70.81199952,14.96593478,-1.116269587,105.4894615,15.78143072,-1.895702519,13.3,21.377461980000003,-0.8154959399999999
17.8,72.30293005,14.85447103,-1.113005555,107.0592702,15.58957227,-1.941466371,13.3,21.45634015,-0.7351012400000005
17.900000000000002,73.78273052,14.74333367,-1.109741524,108.6096642,15.39313744,-1.987230224,13.3,21.526933679999996,-0.6498037700000001
18.0,75.25143358,14.63252272,-1.106477493,110.1401858,15.19212623,-2.032994076,13.3,21.58875222,-0.5596035099999987
18.1,76.70907187,14.52203817,-1.103213461,111.6503776,14.98653863,-2.078757929,13.3,21.641305729999996,-0.46450046
18.2,78.15567802,14.41188003,-1.09994943,113.1397818,14.77637464,-2.124521782,13.3,21.684103779999997,-0.3644946099999995
18.3,79.59128467,14.30204829,-1.096685399,114.6079407,14.56163427,-2.170285634,13.3,21.716656030000006,-0.25958598000000066
18.400000000000002,81.01592447,14.19254295,-1.093421367,116.0543968,14.34231751,-2.216049487,13.3,21.738472330000004,-0.1497745600000009
18.5,82.42963006,14.08336402,-1.090157336,117.4786924,14.11842437,-2.2615245,13.3,21.749062340000005,-0.035060350000000184
18.6,83.83243407,13.97451148,-1.086893305,118.8803699,13.88995485,-2.305266481,13.3,21.74793583,0.0845566299999998
18.7,85.22436916,13.86598535,-1.084195461,120.2589716,13.65690893,-2.345542394,13.3,21.73460244,0.2090764200000006
18.8,86.60546794,13.75778563,-1.081453253,121.6140399,13.41945994,-2.380619207,13.3,21.708571959999997,0.33832569000000134
18.900000000000002,87.97576308,13.64991231,-1.078946212,122.9451171,13.17847438,-2.408763886,13.3,21.66935402000001,0.4714379299999987
19.0,89.3352872,13.54202567,-1.080064057,124.2517456,12.93499208,-2.428243399,13.3,21.61645840000001,0.6070335899999986
19.1,90.68407296,13.43449206,-1.085333155,125.5334679,12.69005285,-2.437613549,13.3,21.54939494000001,0.7444392099999995
19.200000000000003,92.02215298,13.32714376,-1.096137255,126.7899648,12.44469651,-2.436585499,13.3,21.467811820000005,0.8824472500000002
19.3,93.34955991,13.21794692,-1.113293921,128.0214719,12.19996289,-2.425448087,13.3,21.371911989999997,1.0179840299999992
19.400000000000002,94.66632638,13.10658574,-1.138797455,129.2283635,11.95689181,-2.405645508,13.3,21.26203712,1.1496939299999998
19.5,95.97237435,12.99222995,-1.173752075,130.4110139,11.71652308,-2.378910795,13.3,21.138639550000004,1.2757068700000005
19.6,97.26718295,12.87404932,-1.21592119,131.5697971,11.47972322,-2.346976982,13.3,21.00261414999998,1.394326099999999
19.700000000000003,98.55012062,12.75121359,-1.265009057,132.7050874,11.24666554,-2.311577103,13.3,20.854966779999994,1.5045480500000004
19.8,99.82055579,12.62289251,-1.319631927,133.8172591,11.01735004,-2.274444189,13.3,20.69670331,1.6055424699999996
19.900000000000002,101.0778569,12.48839421,-1.378406049,134.9066863,10.79177671,-2.237022437,13.3,20.52882939999999,1.6966174999999986
20.0,102.3213924,12.3475803,-1.439947672,135.9737433,10.56994555,-2.199600685,13.3,20.3523509,1.7776347500000007
20.1,103.5505308,12.2004508,-1.502873045,137.0188044,10.35185657,-2.162178933,13.3,20.16827359999999,1.8485942299999998
20.200000000000003,104.7646404,12.04700569,-1.566029044,138.0422436,10.13750976,-2.12475718,13.3,19.9776032,1.9094959300000003
20.3,105.9630897,11.88724499,-1.629185043,139.0444352,9.926905132,-2.087335428,13.3,19.78134550000001,1.9603398579999993
20.400000000000002,107.1452472,11.72116868,-1.692341041,140.0257535,9.720042677,-2.049913676,13.3,19.580506300000007,2.0011260029999995
20.5,108.3104813,11.54877678,-1.75549704,140.9865727,9.516922397,-2.011928106,13.3,19.376091400000004,2.0318543830000007
20.6,109.4581603,11.37006928,-1.818653039,141.9272669,9.317544292,-1.97055963,13.3,19.169106600000003,2.052524988
20.700000000000003,110.5876529,11.18504617,-1.881809037,142.8482104,9.121908363,-1.922425342,13.3,18.960557500000004,2.0631378070000004
20.8,111.6983274,10.99370747,-1.944965036,143.7497775,8.930352899,-1.864142337,13.3,18.751450099999996,2.0633545709999996
20.900000000000002,112.7895522,10.79605316,-2.00730304,144.6323423,8.744569354,-1.792327707,13.3,18.5427901,2.0514838060000002
21.0,113.8606958,10.59208326,-2.064733079,145.496279,8.566587472,-1.703598547,13.3,18.335583199999984,2.0254957880000006
21.1,114.9111267,10.38179776,-2.108340726,146.3419619,8.398436995,-1.595135769,13.3,18.130835200000003,1.9833607649999987
21.200000000000003,115.9402132,10.16568745,-2.145237399,147.1700358,8.242147668,-1.466375555,13.3,17.92982259999999,1.9235397820000006
21.3,116.9473238,9.946206325,-2.158495748,147.9822281,8.099749234,-1.317881723,13.3,17.73490429999998,1.8464570909999996
21.400000000000002,117.931827,9.728703033,-2.147214269,148.7805369,7.973271437,-1.152473361,13.3,17.548709899999988,1.7554315960000002
21.5,118.8930911,9.508910726,-2.107302992,149.56696,7.864744021,-0.973533375,13.3,17.373868899999987,1.644166705
21.6,119.8308773,9.296985813,-2.037943922,150.3434956,7.775858438,-0.784444671,13.3,17.212618300000013,1.521127374999999
21.700000000000003,120.7465173,9.093469197,-1.943961514,151.1121417,7.706952978,-0.588590155,13.3,17.0656244,1.3865162189999989
21.8,121.6417351,8.901305656,-1.817426356,151.8748962,7.658027643,-0.389352733,13.3,16.93316109999999,1.2432780130000003
21.900000000000002,122.5182552,8.723439971,-1.675265797,152.6337571,7.629082432,-0.189551493,13.3,16.815501899999997,1.0943575389999998
22.0,123.3778018,8.562326125,-1.518381341,153.3907226,7.620117345,0.010249746,13.3,16.712920800000003,0.9422087800000005
22.1,124.2220991,8.418454912,-1.351680955,154.1477905,7.631132381,0.210050986,13.3,16.62569140000002,0.787322531
22.200000000000003,125.0528715,8.291826335,-1.180072603,154.906959,7.662127542,0.409852226,13.3,16.554087500000005,0.6296987929999993
22.3,125.8718431,8.182440392,-1.007646257,155.670226,7.713102826,0.609653465,13.3,16.498382900000006,0.4693375660000001
22.400000000000002,126.6807382,8.090297083,-0.83521991,156.4395895,7.784058235,0.809454705,13.3,16.458851300000017,0.30623884799999956
22.5,127.4812812,8.01539641,-0.662793564,157.2170476,7.874993767,1.008363392,13.3,16.435766400000002,0.14040264299999894
22.6,128.2751962,7.957738371,-0.490367218,158.0045982,7.985909424,1.20191676,13.3,16.429401999999993,-0.028171053000000335
22.700000000000003,129.0642075,7.917322966,-0.317940871,158.8042394,8.116805204,1.384759493,13.3,16.44003189999999,-0.19948223799999987
22.8,129.8500395,7.894150196,-0.145514525,159.6179692,8.267145577,1.551536271,13.3,16.467929699999996,-0.37299538100000085
22.900000000000002,130.6344163,7.888220061,0.02627494,160.4477855,8.434252883,1.696891777,13.3,16.51336920000001,-0.546032821999999
23.0,131.4190622,7.899532561,0.194243117,161.2956865,8.614913931,1.819601198,13.3,16.576624299999974,-0.7153813700000002
23.1,132.2057015,7.928087695,0.354568719,162.1636701,8.80591553,1.902810254,13.3,16.657968599999986,-0.8778278349999997
23.200000000000003,132.9960584,7.973503335,0.503430458,163.053306,9.00404449,1.958017907,13.3,16.75724759999998,-1.0305411549999999
23.3,133.7918572,8.033868837,0.637007045,163.9644499,9.208565923,1.981986204,13.3,16.872592699999995,-1.1746970860000001
23.400000000000002,134.5948223,8.106891428,0.751477194,164.8965293,9.408831729,1.979177911,13.3,17.001706999999993,-1.3019403009999984
23.5,135.4066777,8.190278336,0.846684772,165.8489718,9.609063627,1.954948346,13.3,17.142294099999997,-1.418785290999999
23.6,136.2288422,8.281736788,0.912908076,166.8212048,9.804105653,1.910522322,13.3,17.2923626,-1.5223688650000007
23.700000000000003,137.0615113,8.378974011,0.959868808,167.8126556,9.993422277,1.863646671,13.3,17.451144299999992,-1.6144482660000001
23.8,137.9045753,8.481514198,0.987723102,168.8227519,10.1770135,1.807285198,13.3,17.61817659999998,-1.695499302
23.900000000000002,138.7579241,8.581613682,1.000292245,169.850921,10.35487932,1.750031171,13.3,17.792996900000002,-1.7732656379999998
24.0,139.6214478,8.682812713,1.000994843,170.8965905,10.52701973,1.692777145,13.3,17.975142700000003,-1.8442070169999987
24.1,140.4950364,8.782912197,0.991831955,171.9591877,10.69343475,1.635523118,13.3,18.164151299999997,-1.9105225529999998
24.200000000000003,141.37858,8.881912135,0.984501645,173.0381401,10.85412436,1.578269092,13.3,18.359560099999992,-1.9722122249999998
24.3,142.2719687,8.979812526,0.973506181,174.1328753,11.00908856,1.521015065,13.3,18.560906599999992,-2.0292760340000005
24.400000000000002,143.1750923,9.076613371,0.962510716,175.2428205,11.15832737,1.463761039,13.3,18.767728200000004,-2.0817139989999998
24.5,144.0878411,9.172314669,0.951515251,176.3674034,11.30184077,1.406507012,13.3,18.97956230000001,-2.1295261009999997
24.6,145.010105,9.266916421,0.940519786,177.5060514,11.43962877,1.349096922,13.3,19.19594639999998,-2.172712349000001
24.700000000000003,145.9417742,9.360418626,0.929524321,178.6581919,11.57169137,1.290750447,13.3,19.416417699999993,-2.2112727440000004
24.8,146.8827385,9.452821285,0.918528857,179.8232524,11.69802856,1.230531205,13.3,19.640513900000013,-2.2452072749999985
24.900000000000002,147.8328882,9.544124398,0.907533392,181.0006603,11.81854672,1.16750281,13.3,19.86777209999998,-2.2744223220000013
25.0,148.7921132,9.634327964,0.896474906,182.1898431,11.93277764,1.100728879,13.3,20.0977299,-2.298449675999999
25.1,149.7603036,9.723431983,0.885038297,183.3902284,12.04015949,1.029273028,13.3,20.329924800000025,-2.3167275070000013
25.200000000000003,150.7373493,9.811436456,0.87284544,184.6012434,12.14013046,0.952354937,13.3,20.56389409999998,-2.328694004000001
25.3,151.7231406,9.89830357,0.859518211,185.8222408,12.2321287,0.869818541,13.3,20.79910020000001,-2.333825130000001
25.400000000000002,152.7175674,9.983844263,0.844678487,187.0522735,12.31559238,0.781819905,13.3,21.034706100000005,-2.331748117
25.5,153.7205197,10.06783166,0.827948143,188.2903195,12.38995968,0.689139349,13.3,21.269799799999998,-2.322128020000001
25.6,154.7318877,10.15003889,0.809012077,189.5353567,12.45466876,0.592713257,13.3,21.503469000000006,-2.304629870000001
25.700000000000003,155.751531,10.23023908,0.787807267,190.7863633,12.50925144,0.493478013,13.3,21.734832300000004,-2.2790123599999994
25.8,156.7791886,10.30820534,0.764396735,192.0423171,12.55361407,0.39237,13.3,21.963128499999993,-2.2454087299999994
25.900000000000002,157.8145689,10.38371082,0.739095584,193.3021961,12.58775665,0.290325604,13.3,22.18762719999999,-2.20404583
26.0,158.8573805,10.45652862,0.712281937,194.5649784,12.61167919,0.188125143,13.3,22.407597899999995,-2.15515057
26.1,159.9073319,10.5264697,0.684333918,195.829642,12.62538168,0.085924682,13.3,22.622310100000004,-2.0989119800000005
26.200000000000003,160.9641317,10.59349624,0.655629651,197.0951648,12.62886412,-0.016275778,13.3,22.831033099999996,-2.035367879999999
26.3,162.0274884,10.65760824,0.626547261,198.3605248,12.62212652,-0.118476239,13.3,23.033036399999997,-1.96451828
26.400000000000002,163.0971106,10.71880569,0.59740185,199.6247001,12.60516888,-0.220676699,13.3,23.227589500000004,-1.8863631900000009
26.5,164.1727068,10.77708861,0.568256439,200.8866686,12.57799118,-0.32287716,13.3,23.41396180000002,-1.8009025699999999
26.6,165.2539856,10.83245698,0.539111028,202.1454084,12.54059344,-0.424910128,13.3,23.591422800000014,-1.7081364600000004
26.700000000000003,166.3406555,10.88491081,0.509965617,203.3998973,12.49297566,-0.525938142,13.3,23.759241799999995,-1.6080648500000017
26.8,167.432425,10.9344501,0.480820206,204.6491135,12.43513783,-0.624956249,13.3,23.916688500000003,-1.500687730000001
26.900000000000002,168.5290028,10.98107485,0.451674795,205.8920349,12.36718045,-0.720959495,13.3,24.063032099999997,-1.3861055999999987
27.0,169.6300973,11.02478506,0.422529384,207.1276395,12.28960599,-0.812942926,13.3,24.197542199999997,-1.2648209300000008
27.1,170.735417,11.06558073,0.393312405,208.3549053,12.20301743,-0.899901588,13.3,24.3194883,-1.1374366999999985
27.200000000000003,171.8446707,11.10346186,0.363666018,209.5728104,12.10801775,-0.980998019,13.3,24.428139700000013,-1.0045558900000007
27.3,172.9575667,11.13842844,0.333160816,210.780413,12.0052099,-1.056064728,13.3,24.52284630000001,-0.8667814600000003
27.400000000000002,174.0738136,11.17043755,0.301367391,211.9770931,11.89519688,-1.125269207,13.3,24.603279499999996,-0.7247593299999995
27.5,175.1931201,11.19927446,0.267856334,213.1623113,11.77858163,-1.189448917,13.3,24.66919120000001,-0.5793071699999999
27.6,176.3151945,11.22468155,0.23219824,214.3355277,11.65596715,-1.249608812,13.3,24.72033320000001,-0.4312856000000007
27.700000000000003,177.4397455,11.24640116,0.194035266,215.4962028,11.52785591,-1.306753845,13.3,24.756457300000005,-0.28145475
27.8,178.5664473,11.26417566,0.153295847,216.643797,11.3943484,-1.361888971,13.3,24.777349700000013,-0.1301727400000008
27.900000000000002,179.6948366,11.27774739,0.110051549,217.7777706,11.25544462,-1.416019143,13.3,24.782933999999994,0.022302769999999583
28.0,180.8244159,11.28685871,0.064660213,218.8975841,11.11114457,-1.469981823,13.3,24.773168199999997,0.17571414000000019
28.1,181.9546876,11.29125197,0.017551245,220.0026977,10.96144825,-1.523944503,13.3,24.7480101,0.32980371999999925
28.200000000000003,183.0851542,11.29071248,-0.030845945,221.0925719,10.80635567,-1.577907183,13.3,24.70741769999999,0.4843568099999995
28.3,184.215318,11.28519729,-0.080101951,222.166667,10.64586682,-1.631869863,13.3,24.651348999999993,0.6393304699999991
28.400000000000002,185.3446815,11.27470641,-0.129787365,223.2244434,10.4799817,-1.685832543,13.3,24.579761900000005,0.7947247100000006
28.5,186.4727471,11.25923982,-0.179544346,224.2653614,10.30870031,-1.739795223,13.3,24.492614299999996,0.9505395099999987
28.6,187.5990173,11.23879754,-0.229301328,225.2888816,10.13202265,-1.793452503,13.3,24.38986429999998,1.1067748900000005
28.700000000000003,188.7229945,11.21337955,-0.279058309,226.2944641,9.949948726,-1.845277384,13.3,24.2714696,1.2634308240000003
28.8,189.844181,11.18298587,-0.328815291,227.2815694,9.762478534,-1.893437466,13.3,24.137388400000003,1.420507336
28.900000000000002,190.9620795,11.1476165,-0.378572273,228.2496579,9.569795313,-1.93610035,13.3,23.9875784,1.5778211869999996
29.0,192.0761922,11.10727142,-0.428329254,229.19819,9.372815265,-1.971433635,13.3,23.821997800000002,1.7344561550000002
29.1,193.1860216,11.06195064,-0.47801256,230.1266259,9.172637827,-1.997604924,13.3,23.64060429999999,1.8893128129999983
29.200000000000003,194.2910702,11.01165417,-0.527253813,231.0344262,8.970362441,-2.013087217,13.3,23.443356000000005,2.0412917289999992
29.3,195.3908403,10.956382,-0.575610958,231.9211977,8.767088545,-2.017575112,13.3,23.230357399999985,2.1892934549999996
29.400000000000002,196.4848344,10.89617834,-0.622641944,232.7871338,8.563915579,-2.011374011,13.3,23.00229939999998,2.332262761000001
29.5,197.572555,10.83126421,-0.667904715,233.6325744,8.361942983,-1.996010914,13.3,22.760019400000015,2.469321227
29.6,198.6535044,10.76190484,-0.710957219,234.4578594,8.162270197,-1.973318218,13.3,22.504354999999986,2.599634643
29.700000000000003,199.7271851,10.68836548,-0.751431078,235.2633288,7.96581342,-1.945128324,13.3,22.236143699999996,2.72255206
29.8,200.7931349,10.61091134,-0.789252616,236.0493224,7.772755893,-1.913273632,13.3,21.95618749999998,2.838155446999999
29.900000000000002,201.851033,10.52980767,-0.824495509,236.8161803,7.583097614,-1.879586539,13.3,21.66514730000001,2.9467100560000006
30.0,202.900594,10.44531969,-0.857528135,237.5642423,7.396838585,-1.845594047,13.3,21.363648299999976,3.0484811049999996
30.1,203.9415327,10.35771264,-0.888792546,238.2938484,7.213978805,-1.811601556,13.3,21.05231569999999,3.143733835000001
30.200000000000003,204.9735635,10.26720754,-0.918730798,239.0053385,7.034518274,-1.777609064,13.3,20.73177499999998,3.2326892659999995
30.3,205.9964011,10.1738486,-0.947784942,239.6990524,6.858456992,-1.743616572,13.3,20.402651299999985,3.3153916079999997
30.400000000000002,207.0097601,10.07763582,-0.976397033,240.3753303,6.685794959,-1.70962408,13.3,20.065570200000007,3.3918408609999995
30.5,208.0133552,9.978569191,-1.004935449,241.0345118,6.516532176,-1.675631588,13.3,19.721156599999983,3.462037015
30.6,209.0069009,9.876648726,-1.033473864,241.6769371,6.350668642,-1.641639096,13.3,19.370036199999998,3.5259800840000013
30.700000000000003,209.9901119,9.771874419,-1.06201228,242.3029459,6.188204357,-1.607467335,13.3,19.01283400000001,3.5836700619999995
30.8,210.9627027,9.66424627,-1.090550695,242.9128783,6.029139321,-1.572219966,13.3,18.650175599999994,3.635106949
30.900000000000002,211.924388,9.55376428,-1.11908911,243.5070742,5.873473534,-1.534821378,13.3,18.28268620000001,3.680290745999999
31.0,212.8748825,9.440428448,-1.147627526,244.0858734,5.721314558,-1.494195962,13.3,17.910990899999984,3.71911389
31.1,213.8139006,9.324238775,-1.176165941,244.6496159,5.573200196,-1.449268109,13.3,17.535715299999975,3.7510385789999994
31.200000000000003,214.7411571,9.20519526,-1.204462172,245.1986417,5.429775815,-1.39896221,13.3,17.157484599999986,3.775419445
31.3,215.6563666,9.083297903,-1.231305293,245.7332906,5.29168678,-1.342381923,13.3,16.77692399999999,3.791611123
31.400000000000002,216.5592436,8.958546705,-1.255242195,246.2539887,5.159578456,-1.27934798,13.3,16.394745100000005,3.7989682489999996
31.5,217.4495029,8.831086977,-1.27481977,246.7615061,5.034096209,-1.21003965,13.3,16.01200319999999,3.7969907679999997
31.6,218.3268589,8.701645272,-1.288584907,247.256699,4.915885404,-1.135353274,13.3,15.629840100000006,3.7857598680000004
31.700000000000003,219.1910263,8.571093457,-1.295084497,247.7404236,4.805591408,-1.056364461,13.3,15.249397300000009,3.765502049
31.8,220.0417198,8.440303398,-1.293107616,248.2135362,4.703752025,-0.974148819,13.3,14.871816399999982,3.7365513729999993
31.900000000000002,220.8787702,8.310146959,-1.282412078,248.6768929,4.610474815,-0.889781959,13.3,14.498122700000021,3.699672144000001
32.0,221.7024734,8.181496007,-1.26324007,249.13135,4.525759779,-0.80433949,13.3,14.128876599999995,3.6557362279999994
32.1,222.5132414,8.055222407,-1.236802514,249.5777638,4.449606917,-0.718717753,13.3,13.764522400000015,3.605615490000001
32.2,223.3114864,7.932198025,-1.204552522,250.0169903,4.382016229,-0.633096015,13.3,13.405503899999996,3.5501817959999995
32.300000000000004,224.0976204,7.813149415,-1.167943201,250.4498859,4.322987714,-0.547474278,13.3,13.052265499999987,3.490161701
32.4,224.8720557,7.698221889,-1.128427661,250.8773068,4.272521373,-0.461852541,13.3,12.705251100000009,3.425700516
32.5,225.6352043,7.587415446,-1.087459012,251.3001091,4.230617206,-0.376230803,13.3,12.364904799999987,3.35679824
32.6,226.3874783,7.480730087,-1.046248178,251.7191491,4.197275212,-0.290609066,13.3,12.031670800000011,3.2834548750000003
32.7,227.1292898,7.378165811,-1.005037344,252.1352831,4.172495393,-0.205068912,13.3,11.7059933,3.2056704179999995
32.800000000000004,227.8610509,7.279722618,-0.96382651,252.5493671,4.156277747,-0.120018257,13.3,11.388316200000002,3.1234448710000002
32.9,228.5831737,7.185400509,-0.922615676,252.9622575,4.148622275,-0.0359466,13.3,11.079083799999989,3.036778234
33.0,229.2960704,7.095199483,-0.881404842,253.3748105,4.149480026,0.04665656,13.3,10.778740100000004,2.945719457
33.1,230.0001531,7.00911954,-0.840194009,253.7878822,4.158606252,0.127301724,13.3,10.487729100000006,2.850513288
33.2,230.6958338,6.927160681,-0.798989709,254.202329,4.175707253,0.205499392,13.3,10.206495199999988,2.7514534280000005
33.300000000000004,231.3835247,6.849322905,-0.757824619,254.6190069,4.200489329,0.280841648,13.3,9.935482199999978,2.6488335760000004
33.4,232.0636378,6.775606213,-0.716737947,255.0387332,4.232658781,0.353246911,13.3,9.675095399999986,2.542947432
33.5,232.7365854,6.706006683,-0.675768902,255.4621681,4.27192191,0.422796762,13.3,9.425582700000017,2.4340847730000004
33.6,233.4027794,6.640504711,-0.634956693,255.8899329,4.317985015,0.489899117,13.3,9.187153500000004,2.3225196960000005
33.7,234.0626321,6.579076772,-0.594340529,256.322649,4.370554398,0.555043476,13.3,8.96001690000001,2.2085223739999993
33.800000000000004,234.7165554,6.52169934,-0.553953084,256.7609375,4.42938531,0.618719338,13.3,8.744382100000006,2.09231403
33.9,235.3649584,6.468348889,-0.513800893,257.2054198,4.494428799,0.681416202,13.3,8.540461400000009,1.97392009
34.0,236.0082376,6.419001895,-0.473877421,257.656717,4.565684867,0.743623567,13.3,8.348479400000013,1.8533170280000002
34.1,236.6467861,6.373634832,-0.434149994,258.1154505,4.643153513,0.805749349,13.3,8.168664399999994,1.730481319
34.2,237.2809973,6.332224175,-0.394579404,258.5822414,4.726834737,0.86787513,13.3,8.00124409999999,1.6053894380000004
34.300000000000004,237.9112645,6.294750319,-0.35512644,259.0577111,4.816728539,0.930000912,13.3,7.846446600000018,1.4780217800000006
34.4,238.5379809,6.261209343,-0.315751894,259.5424808,4.912834919,0.992126694,13.3,7.7044999000000125,1.3483744240000002
34.5,239.1615399,6.231601247,-0.276416557,260.0371718,5.015153877,1.054252475,13.3,7.575631900000001,1.21644737
34.6,239.7823347,6.205926031,-0.237087755,260.5424053,5.123685414,1.116378257,13.3,7.460070599999977,1.082240617
34.7,240.4007587,6.184183696,-0.197758953,261.0588026,5.238429529,1.177872064,13.3,7.358043899999966,0.9457541669999996
34.800000000000004,241.017205,6.166374241,-0.158430151,261.5869849,5.359386222,1.235574024,13.3,7.269779900000014,0.8069880189999994
34.9,241.6320671,6.152497666,-0.119101349,262.1275736,5.486555493,1.283934528,13.3,7.195506500000004,0.6659421730000004
35.0,242.2457381,6.142553971,-0.079772547,262.6811897,5.619558157,1.324435017,13.3,7.135451599999993,0.5229958139999997
35.1,242.8586115,6.136543156,-0.040443745,263.2484547,5.756498292,1.348010356,13.3,7.089843200000029,0.38004486400000026
35.2,243.4710803,6.134465222,-0.001114943,263.8299898,5.894046131,1.35262646,13.3,7.058909500000009,0.24041909100000058
35.300000000000004,244.0835381,6.136320168,0.038199868,264.4264162,6.033090539,1.335123458,13.3,7.0428781000000065,0.10322962900000032
35.4,244.6963779,6.142107994,0.077430732,265.0380518,6.168192435,1.294869375,13.3,7.041673900000017,-0.02608444100000007
35.5,245.3099932,6.1518287,0.116493701,265.6640012,6.298131369,1.234253949,13.3,7.054007999999964,-0.14630266899999977
35.6,245.9247772,6.165473892,0.15530483,266.3030656,6.420632232,1.151163761,13.3,7.07828840000003,-0.25515834000000037
35.7,246.5411232,6.183001595,0.19378017,266.954046,6.533419917,1.05466395,13.3,7.1129228000000175,-0.35041832199999945
35.800000000000004,247.1594245,6.204361443,0.231835776,267.6157437,6.6345985,0.946788598,13.3,7.156319199999995,-0.43023705700000026
35.9,247.7800744,6.229503066,0.26940169,268.2869598,6.723788796,0.831329553,13.3,7.206885399999987,-0.49428572999999965
36.0,248.4034594,6.258376096,0.306463922,268.9664956,6.800990805,0.712078661,13.3,7.26303619999997,-0.5426147089999995
36.1,249.0299393,6.290930165,0.343036463,269.6531521,6.866204528,0.592195794,13.3,7.323212800000004,-0.5752743630000001
36.2,249.6598671,6.327114906,0.379189269,270.3457306,6.919429964,0.472312927,13.3,7.38586350000001,-0.5923150579999996
36.300000000000004,250.2935957,6.366879949,0.415006287,271.0430323,6.960667113,0.35243006,13.3,7.449436599999995,-0.5937871640000001
36.4,250.9314781,6.410183321,0.450571464,271.7438582,6.989915976,0.232547193,13.3,7.512380099999984,-0.5797326549999999
36.5,251.5738674,6.457016627,0.485968746,272.4470096,7.007176552,0.112664326,13.3,7.573142199999989,-0.550159925
36.6,252.2211165,6.507379868,0.521282082,273.1512877,7.012448841,-0.00721854,13.3,7.630171200000017,-0.5050689730000002
36.7,252.8735784,6.561273043,0.556581426,273.8554935,7.005732844,-0.127101407,13.3,7.681915100000008,-0.4444598009999998
36.800000000000004,253.5316061,6.618696153,0.591880771,274.5584284,6.98702856,-0.245422173,13.3,7.72682230000002,-0.3683324069999996
36.9,254.1955526,6.679649198,0.627180115,275.2588934,6.956335989,-0.354370337,13.3,7.763340799999963,-0.2766867910000004
37.0,254.865771,6.744132176,0.662479459,275.9556897,6.913655132,-0.436798813,13.3,7.789918699999998,-0.16952295599999978
37.1,255.5426141,6.812145089,0.697778804,276.6476185,6.859923248,-0.506658447,13.3,7.805004400000012,-0.04777815899999993
37.2,256.226435,6.883687937,0.733078148,277.3334811,6.799826639,-0.531253187,13.3,7.80704609999999,0.08386129800000042
37.300000000000004,256.9175867,6.958760719,0.768377493,278.0120784,6.743653556,-0.508984914,13.3,7.794491699999991,0.21510716299999988
37.4,257.6164222,7.037363436,0.803218149,278.6822118,6.683033492,-0.432043126,13.3,7.765789600000016,0.35432994399999984
37.5,258.3232944,7.119496086,0.835306677,279.3434321,6.637584077,-0.298865722,13.3,7.720137699999963,0.4819120090000002
37.6,259.0385564,7.205158672,0.859615534,279.9982897,6.608264183,-0.118789286,13.3,7.659733299999981,0.5968944889999994
37.7,259.7625612,7.294075979,0.880218835,280.6500845,6.600697372,0.123699128,13.3,7.587523299999997,0.6933786069999996
37.800000000000004,260.4956617,7.384871943,0.887538208,281.3021165,6.620507205,0.395903471,13.3,7.506454799999982,0.7643647380000003
37.9,261.238211,7.474530039,0.88109694,281.9576858,6.672379984,0.696225621,13.3,7.4194748,0.8021500550000003
38.0,261.990562,7.565494737,0.858601591,282.6200924,6.757252969,1.015292976,13.3,7.329530399999964,0.8082417680000002
38.1,262.7528475,7.652019012,0.819593471,283.2926363,6.875126159,1.343732934,13.3,7.239788800000053,0.7768928530000005
38.2,263.5243198,7.733816836,0.766806684,283.9786175,7.025999556,1.673734992,13.3,7.154297699999983,0.7078172799999995
38.300000000000004,264.3040107,7.809236933,0.695708427,284.6813361,7.209873158,2.003737051,13.3,7.077325400000017,0.5993637750000005
38.400000000000006,265.0909522,7.876628026,0.615877071,285.4040921,7.426746966,2.333739109,13.3,7.013139900000009,0.44988106000000005
38.5,265.8841764,7.93461405,0.52778933,286.1501854,7.67662098,2.663741168,13.3,6.966008999999996,0.2579930700000004
38.6,266.6827152,7.982919793,0.434197333,286.9229162,7.959495199,2.993743226,13.3,6.940200999999956,0.023424593999999743
38.7,267.4856005,8.021545254,0.337853207,287.7255843,8.275369625,3.323745284,13.3,6.939983800000004,-0.2538243710000003
38.800000000000004,268.2918644,8.050490434,0.241050393,288.56149,8.624244256,3.651193586,13.3,6.969625599999983,-0.5737538220000005
38.900000000000006,269.1005387,8.069755333,0.144247579,289.4339331,9.006119093,3.963319345,13.3,7.033394399999974,-0.9363637600000008
39.0,269.9106556,8.07933995,0.047444766,290.3462137,9.420994137,4.244800019,13.3,7.135558100000036,-1.3416541869999996
39.1,270.7212469,8.079244286,-0.049358048,291.3016318,9.867337131,4.480313066,13.3,7.280384900000012,-1.7880928449999995
39.2,271.5313446,8.06946834,-0.146160862,292.3034875,10.33748681,4.654535943,13.3,7.472142900000005,-2.2680184699999995
39.300000000000004,272.3399807,8.050012113,-0.242963676,293.3550807,10.82224964,4.752146109,13.3,7.7150999999999605,-2.7722375270000015
39.400000000000006,273.1461871,8.020875605,-0.338470722,294.4597115,11.3124321,4.760374777,13.3,8.013524400000005,-3.291556495
39.5,273.9489959,7.982058815,-0.426203161,295.619454,11.79884066,4.676668191,13.3,8.370458100000018,-3.8167818449999995
39.6,274.7474391,7.933561744,-0.493037611,296.8314794,12.2722818,4.503580108,13.3,8.784040299999969,-4.338720056
39.7,275.5405484,7.876161853,-0.547245793,298.0917328,12.723562,4.253879313,13.3,9.25118440000001,-4.847400146999999
39.800000000000004,276.3273561,7.813746444,-0.565006772,299.3961594,13.14348772,3.942888348,13.3,9.768803300000013,-5.329741275999999
39.900000000000006,277.1068939,7.754189547,-0.543894718,300.7407043,13.5243977,3.585929756,13.3,10.333810400000015,-5.770208153
40.0,277.878194,7.692528129,-0.477430791,302.1213129,13.86475968,3.198326079,13.3,10.943118900000012,-6.172231551
40.1,278.6409102,7.643054752,-0.364319225,303.5339303,14.16457367,2.79539986,13.3,11.5930201,-6.521518917999999
40.2,279.3971843,7.607224914,-0.211204562,304.9745016,14.42383966,2.389919884,13.3,12.277317300000004,-6.816614746000001
40.300000000000004,280.1497802,7.589703378,-0.008519314,306.4389722,14.64255765,1.984439908,13.3,12.989192000000013,-7.052854272
40.400000000000006,280.9014616,7.595154909,0.219915585,307.9232872,14.82072764,1.578959932,13.3,13.721825599999999,-7.225572731
40.5,281.6549922,7.62746681,0.471674305,309.4233917,14.95834963,1.173479955,13.3,14.468399500000043,-7.330882820000001
40.6,282.413136,7.687416541,0.738982237,310.9352311,15.05542363,0.767999979,13.3,15.2220951,-7.368007089
40.7,283.1786566,7.775004103,1.014064776,312.4547505,15.11194963,0.362520003,13.3,15.976093899999977,-7.336945527
40.800000000000004,283.9543179,7.890229496,1.290443083,313.977895,15.12792763,-0.040873208,13.3,16.72357710000001,-7.237698134
40.900000000000006,284.7428836,8.03309272,1.56682139,315.50061,15.10335763,-0.431745826,13.3,17.457726399999967,-7.070264909999999
41.0,285.5471175,8.203593774,1.843199697,317.0188405,15.03823964,-0.797577261,13.3,18.171722999999997,-6.834645866000001
41.1,286.3697835,8.401732659,2.119578004,318.5285319,14.93382571,-1.125846918,13.3,18.858748400000035,-6.532093051
41.2,287.2136452,8.627509375,2.395956311,320.0256293,14.79637613,-1.412972851,13.3,19.511984100000017,-6.168866755
41.300000000000004,288.0814664,8.880923922,2.672334618,321.5060778,14.63340327,-1.619618535,13.3,20.124611400000003,-5.752479348000001
41.400000000000006,288.976011,9.161976299,2.948712925,322.9658228,14.45241948,-1.762166076,13.3,20.689811799999983,-5.290443180999999
41.5,289.9000428,9.470666506,3.222799491,324.401811,14.25557392,-1.829590063,13.3,21.201768200000014,-4.784907413999999
41.6,290.8563254,9.806994545,3.483135617,325.8149959,14.06646852,-1.823977263,13.3,21.65867049999998,-4.259473975000001
41.7,291.8476228,10.17096041,3.715970862,327.2073326,13.87652606,-1.755761501,13.3,22.05970979999996,-3.7055656500000005
41.800000000000004,292.8766986,10.56118907,3.907554784,328.5807761,13.69862209,-1.628524727,13.3,22.404077499999982,-3.1374330200000013
41.900000000000006,293.9463167,10.97080529,4.044136943,329.9372816,13.53901691,-1.481603465,13.3,22.690964899999994,-2.5682116200000014
42.0,295.0592408,11.39155882,4.111966898,331.2788041,13.39896258,-1.300702374,13.3,22.919563300000004,-2.007403759999999
42.1,296.2182347,11.81519938,4.099585948,332.6072987,13.27845909,-1.107280691,13.3,23.08906400000002,-1.4632597100000009
42.2,297.4249623,12.23347671,4.004702354,333.9247205,13.17750644,-0.911772242,13.3,23.199758199999973,-0.9440297300000005
42.300000000000004,298.676687,12.63814055,3.829607855,335.2330245,13.09610464,-0.716263794,13.3,23.256337499999983,-0.4579640900000008
42.400000000000006,299.9695725,13.02094064,3.585761153,336.534166,13.03425368,-0.520755345,13.3,23.2645935,-0.013313040000001664
42.5,301.2997823,13.3736267,3.286912687,337.8300999,12.99195357,-0.325246897,13.3,23.23031759999999,0.38167313000000114
42.6,302.6634799,13.68932353,2.946812899,339.1227813,12.9692043,-0.129738448,13.3,23.159301399999958,0.7201192299999999
42.7,304.0568291,13.96665607,2.579212229,340.4141653,12.96600588,0.06577,13.3,23.057336199999963,1.00065019
42.800000000000004,305.4759933,14.20562432,2.197861119,341.706207,12.9823583,0.261278449,13.3,22.930213699999978,1.2232660200000005
42.900000000000006,306.9171361,14.40622829,1.814218268,343.0008615,13.01826157,0.455822895,13.3,22.78372539999999,1.3879667199999997
43.0,308.3764211,14.56846798,1.430575417,344.3000839,13.07371568,0.644583327,13.3,22.623662799999988,1.4947523
43.1,309.8500118,14.69234338,1.046932567,345.6058293,13.14872064,0.821775732,13.3,22.455817499999977,1.54362274
43.2,311.3340719,14.77785449,0.663289716,346.9200526,13.24269804,0.981616094,13.3,22.285980699999993,1.5351564499999988
43.300000000000004,312.8247649,14.82500132,0.279646865,348.2447091,13.35275587,1.121595083,13.3,22.11994420000003,1.4722454500000008
43.400000000000006,314.3182543,14.83378386,-0.103995985,349.5817538,13.47542374,1.226104638,13.3,21.963499500000022,1.3583601200000004
43.5,315.8107038,14.80420212,-0.487638836,350.9331418,13.60723122,1.300148794,13.3,21.822437999999988,1.1969709000000002
43.6,317.2982769,14.7362561,-0.869005911,352.3003655,13.74667273,1.339488866,13.3,21.70208859999998,0.9895833700000001
43.7,318.7771372,14.62994578,-1.236718335,353.6830662,13.88438342,1.345088857,13.3,21.605928999999957,0.7455623599999992
43.800000000000004,320.2434482,14.48527119,-1.577121456,355.0804229,14.02278731,1.321768778,13.3,21.536974699999984,0.4624838800000006
43.900000000000006,321.6933735,14.30359777,-1.876560622,356.4916142,14.15644919,1.272037962,13.3,21.498240700000007,0.14714857999999964
44.0,323.1230768,14.09175286,-2.121381182,357.915819,14.28247705,1.211504468,13.3,21.49274220000002,-0.19072419000000096
44.1,324.5287215,13.85792925,-2.297928484,359.3522159,14.40029249,1.136128264,13.3,21.523494399999958,-0.5423632400000002
44.2,325.9064713,13.61031972,-2.394823653,360.7999837,14.50989551,1.054968046,13.3,21.593512399999963,-0.8995757900000001
44.300000000000004,327.253582,13.35711708,-2.409790912,362.2583012,14.6112861,0.972843825,13.3,21.70471920000001,-1.254169019999999
44.400000000000006,328.5716792,13.1065141,-2.345106037,363.7263471,14.70446427,0.890719605,13.3,21.854667899999992,-1.5979501700000007
44.5,329.8634806,12.86670358,-2.212147905,365.2033002,14.78943002,0.808595384,13.3,22.039819599999998,-1.92272644
44.6,331.131704,12.64587831,-2.024571166,366.6883393,14.86618335,0.726471164,13.3,22.25663529999998,-2.2203050399999995
44.7,332.3790672,12.45086563,-1.796030473,368.1806431,14.93472425,0.644346944,13.3,22.501575899999988,-2.4838586200000012
44.800000000000004,333.6082881,12.28303098,-1.540180477,369.6793904,14.99505274,0.562222723,13.3,22.771102300000006,-2.7120217600000007
44.900000000000006,334.8220844,12.14237438,-1.270675829,371.1837599,15.0471688,0.480648389,13.3,23.06167549999999,-2.90479442
45.0,336.0231739,12.02889581,-0.998895407,372.6929303,15.09107244,0.402373374,13.3,23.369756399999982,-3.0621766299999997
45.1,337.2142745,11.94259529,-0.727114984,374.2060806,15.12676366,0.330696995,13.3,23.69180610000002,-3.18416837
45.2,338.398104,11.88347282,-0.455334561,375.7223893,15.15457238,0.268918571,13.3,24.024285299999985,-3.2710995599999997
45.300000000000004,339.5773801,11.85152838,-0.183554138,377.2410353,15.17614828,0.22033742,13.3,24.363655199999993,-3.3246199
45.400000000000006,340.7548206,11.84676199,0.088226285,378.7611973,15.19347093,0.188252861,13.3,24.706376699999975,-3.346708940000001
45.5,341.9331434,11.86917364,0.360006708,380.282054,15.20851994,0.175414326,13.3,25.04891060000001,-3.3393463000000008
45.6,343.1150663,11.91876333,0.630673914,381.8030483,15.22327489,0.182371701,13.3,25.387981999999976,-3.30451156
45.7,344.3033071,11.99553107,0.894661813,383.3246785,15.23971537,0.208575099,13.3,25.72137140000002,-3.2441843000000006
45.800000000000004,345.5005835,12.09947684,1.145291101,384.8477071,15.25982098,0.251275089,13.3,26.047123599999974,-3.160344140000001
45.900000000000006,346.7096134,12.22993273,1.375882471,386.3728965,15.2855713,0.307172353,13.3,26.3632831,-3.055638570000001
46.0,347.9331146,12.38355908,1.579756618,387.9010092,15.31861599,0.372967571,13.3,26.667894599999965,-2.93505691
46.1,349.1738049,12.5563483,1.757603914,389.4328076,15.359285,0.445361427,13.3,26.959002699999996,-2.8029367
46.2,350.4344021,12.74429281,1.881749237,390.969054,15.4075783,0.5210546,13.3,27.234651900000028,-2.6632854900000016
46.300000000000004,351.7170896,12.94338504,1.973188403,392.5105111,15.46349592,0.59729766,13.3,27.493421499999965,-2.520110879999999
46.400000000000006,353.0219136,13.15403919,2.025664952,394.0579411,15.52703783,0.67354072,13.3,27.736027499999988,-2.3729986399999987
46.5,354.3483857,13.35898227,2.044744971,395.6121065,15.59820406,0.74978378,13.3,27.963720799999987,-2.23922179
46.6,355.6960178,13.56747212,2.037107768,397.1737697,15.67699459,0.82602684,13.3,28.177751899999986,-2.10952247
46.7,357.0643215,13.77174727,2.002062969,398.7436933,15.76340943,0.9022699,13.3,28.379371800000012,-1.9916621599999988
46.800000000000004,358.4528085,13.9711398,1.968398914,400.3226395,15.85744857,0.97851296,13.3,28.569830999999976,-1.8863087700000012
46.900000000000006,359.8609907,14.1656497,1.920685875,401.9113708,15.95911202,1.054502946,13.3,28.750380099999983,-1.7934623199999997
47.0,361.2883798,14.35527697,1.871859619,403.5106497,16.06839977,1.128974486,13.3,28.922269900000014,-1.713122799999999
47.1,362.7344874,14.54002162,1.823033362,405.1212386,16.18531184,1.200409136,13.3,29.086751200000048,-1.6452902200000015
47.2,364.1988254,14.71988364,1.774207106,406.7438999,16.30969636,1.267288449,13.3,29.245074499999998,-1.5898127199999994
47.300000000000004,365.6809055,14.89486304,1.72538085,408.3793961,16.44079412,1.328093981,13.3,29.398490600000013,-1.545931079999999
47.400000000000006,367.1802393,15.06495981,1.676554594,410.0284896,16.57769405,1.381307286,13.3,29.548250300000017,-1.5127342400000021
47.5,368.6963388,15.23017396,1.627728337,411.6919427,16.71948509,1.425662992,13.3,29.695603900000048,-1.489311129999999
47.6,370.2287155,15.39050548,1.578902081,413.3703966,16.86525616,1.460908027,13.3,29.84168109999997,-1.4747506800000014
47.7,371.7768812,15.54595438,1.530229958,415.0640061,17.01409621,1.487295463,13.3,29.98712489999998,-1.4681418300000022
47.800000000000004,373.3403476,15.69652065,1.482482638,416.772805,17.16509415,1.506090673,13.3,30.132457400000032,-1.4685735000000015
47.900000000000006,374.9186266,15.84220429,1.436584922,418.4968267,17.31733894,1.5188121,13.3,30.278200100000003,-1.4751346499999993
48.0,376.5112298,15.98309779,1.393461612,420.2361049,17.47007133,1.526978192,13.3,30.424875099999962,-1.4869735399999993
48.1,378.117669,16.11966354,1.35403751,421.9906731,17.62313949,1.532107393,13.3,30.573004100000002,-1.5034759499999986
48.2,379.7374559,16.25245643,1.31923742,423.7605649,17.77654342,1.535718148,13.3,30.723109000000033,-1.5240869900000007
48.300000000000004,381.3701022,16.38203134,1.289832008,425.5458139,17.93028312,1.539075829,13.3,30.875711699999965,-1.5482517799999975
48.400000000000006,383.0151937,16.50894315,1.265975409,427.3464536,18.08435859,1.542433511,13.3,31.03125990000002,-1.5754154400000004
48.5,384.672612,16.63374674,1.247513489,429.1625177,18.23876982,1.545791192,13.3,31.189905700000008,-1.6050230800000023
48.6,386.3423128,16.75699699,1.233675579,430.9940397,18.39351683,1.549148873,13.3,31.35172689999997,-1.6365198399999983
48.7,388.0242517,16.87924879,1.223536878,432.8410532,18.5485996,1.552506554,13.3,31.516801499999996,-1.669350810000001
48.800000000000004,389.7183843,17.00096453,1.216172584,434.7035917,18.70401814,1.555864236,13.3,31.685207399999978,-1.7030536099999978
48.900000000000006,391.4246664,17.12223669,1.210657893,436.5816889,18.85977245,1.559221917,13.3,31.85702250000004,-1.73753576
49.0,393.1430535,17.24306528,1.206068005,438.4753783,19.01586252,1.562503455,13.3,32.032324799999984,-1.7727972399999992
49.1,394.8735012,17.36345029,1.201632251,440.3846935,19.17228837,1.564818052,13.3,32.21119230000001,-1.808838080000001
49.2,396.6159653,17.48339173,1.197196496,442.3096681,19.32904998,1.567239113,13.3,32.393702799999986,-1.8456582499999996
49.300000000000004,398.3704014,17.60288959,1.192760742,444.2503357,19.48610167,1.567779522,13.3,32.579934300000005,-1.8832120799999998
49.400000000000006,400.136765,17.72194388,1.188324987,446.2067297,19.64290897,1.566492512,13.3,32.76996469999996,-1.9209650899999993
49.5,401.9150119,17.84055459,1.183889233,448.1788839,19.80011591,1.562921227,13.3,32.963871999999995,-1.9595613199999988
49.6,403.7050977,17.95872172,1.179453478,450.1668317,19.95653024,1.556684954,13.3,33.16173399999998,-1.9978085199999995
49.7,405.506978,18.07644528,1.175038355,452.1705703,20.11218387,1.54821764,13.3,33.36359230000001,-2.0357385899999976
49.800000000000004,407.3206086,18.19372527,1.170747024,454.1899504,20.26680271,1.536065164,13.3,33.569341799999975,-2.0730774399999987
49.900000000000006,409.1459449,18.31056168,1.166703277,456.2247863,20.42011264,1.5221385,13.3,33.77884139999999,-2.10955096
50.0,410.9829427,18.42696689,1.163030904,458.2748923,20.57183955,1.506384417,13.3,33.991949599999955,-2.1448726600000008
50.1,412.8315576,18.5430028,1.159783158,460.3400828,20.72175501,1.489259769,13.3,34.20852520000001,-2.178752209999999
50.2,414.6917452,18.65874369,1.157295448,462.4201719,20.86981334,1.471221411,13.3,34.4284267,-2.211069649999999
50.300000000000004,416.5634613,18.77426383,1.155459317,464.514974,21.01601452,1.452726198,13.3,34.651512700000026,-2.24175069
50.400000000000006,418.4466712,18.88959516,1.154365936,466.6243034,21.16035857,1.434154843,13.3,34.87763219999995,-2.2707634100000007
50.5,420.3413803,19.00493895,1.153994672,468.7479743,21.30284549,1.415583488,13.3,35.10659399999999,-2.2979065399999996
50.6,422.2476035,19.12024248,1.154242367,470.885801,21.44347527,1.397012133,13.3,35.33819749999999,-2.3232327899999987
50.7,424.165356,19.23562237,1.155055766,473.0375979,21.58224792,1.378440777,13.3,35.57224190000001,-2.346625549999999
50.800000000000004,426.0946527,19.35114049,1.156099463,475.2031792,21.71916343,1.359869422,13.3,35.80852650000004,-2.3680229399999995
50.900000000000006,428.0355087,19.46680925,1.157461281,477.3823592,21.8542218,1.341298067,13.3,36.04685050000002,-2.3874125500000005
51.0,429.9879392,19.58262862,1.158946892,479.5749521,21.98742304,1.322531614,13.3,36.28701289999999,-2.404794419999998
51.1,431.9519592,19.69859863,1.160453134,481.7807723,22.11876714,1.302594574,13.3,36.52881310000005,-2.42016851
51.2,433.9275836,19.81471925,1.161959376,483.9996341,22.24825411,1.280316359,13.3,36.77205049999999,-2.4335348600000017
51.300000000000004,435.9148277,19.9309905,1.163465618,486.2313517,22.37576689,1.254526384,13.3,37.01652400000002,-2.4447763900000012
51.400000000000006,437.9137064,20.04741237,1.164971861,488.4757395,22.50072017,1.22405406,13.3,37.262033099999954,-2.453307800000001
51.5,439.9242349,20.16398487,1.166478103,490.7326116,22.62241162,1.187728801,13.3,37.5083767,-2.458426750000001
51.6,441.9464281,20.28070799,1.167984345,493.0017825,22.74013887,1.144575118,13.3,37.7553544,-2.4594308799999993
51.7,443.9803011,20.39758174,1.169019886,495.2829727,22.85319958,1.094397912,13.3,38.0026716,-2.4556178399999986
51.800000000000004,446.0258691,20.51460611,1.170243708,497.5755282,22.96089139,1.037392282,13.3,38.24965909999999,-2.4462852800000014
51.900000000000006,448.083147,20.63178111,1.170233774,499.8787016,23.06251196,0.974533717,13.3,38.495554600000006,-2.4307308499999998
52.0,450.15215,20.74880548,1.166350434,502.1917452,23.15735892,0.906992803,13.3,38.73959520000001,-2.4085534399999986
52.1,452.2328931,20.86620641,1.157361175,504.5139114,23.24484699,0.835940129,13.3,38.981018299999974,-2.378640579999999
52.2,454.3253913,20.98284826,1.141564022,506.8444526,23.3248591,0.76254628,13.3,39.219061300000035,-2.3420108400000004
52.300000000000004,456.4296597,21.097392,1.117759085,509.1826212,23.39739526,0.687981844,13.3,39.45296150000003,-2.3000032600000004
52.400000000000006,458.5457135,21.20902282,1.083365747,511.5276696,23.46245547,0.61322231,13.3,39.68195610000005,-2.253432649999997
52.5,460.6734314,21.31671952,1.038574773,513.8788503,23.52003972,0.538462777,13.3,39.90541889999993,-2.2033202000000003
52.6,462.8121477,21.41946093,0.98419956,516.2354155,23.57014803,0.463703243,13.3,40.12326780000002,-2.150687099999999
52.7,464.9610607,21.51622586,0.921314482,518.5966178,23.61278037,0.388943709,13.3,40.335557099999974,-2.0965545100000007
52.800000000000004,467.1193683,21.60599312,0.85162151,520.9617096,23.64793677,0.314184176,13.3,40.54234129999993,-2.0419436500000003
52.900000000000006,469.2862687,21.68791174,0.776822619,523.3299432,23.67561721,0.239424642,13.3,40.74367450000001,-1.987705469999998
53.0,471.46096,21.76181151,0.698619781,525.700571,23.6958217,0.164959218,13.3,40.93961099999997,-1.9340101899999986
53.1,473.6426404,21.82769243,0.61871497,528.0728455,23.70855023,0.092258449,13.3,41.13020509999997,-1.8808578000000011
53.2,475.830508,21.8855545,0.538526497,530.446019,23.71380281,0.023086991,13.3,41.31551099999997,-1.8282483099999993
53.300000000000004,478.0237607,21.93539773,0.458338024,532.819344,23.7117559,-0.0407905,13.3,41.49558329999998,-1.7763581700000017
53.400000000000006,480.2215969,21.9772221,0.37814955,535.1920729,23.70329184,-0.097609369,13.3,41.670475999999965,-1.7260697399999998
53.5,482.4232146,22.01102764,0.297961077,537.563458,23.6894694,-0.147118864,13.3,41.84024339999998,-1.678441760000002
53.6,484.6278119,22.03681432,0.217772604,539.9327518,23.6713474,-0.184653344,13.3,42.004939900000025,-1.634533079999997
53.7,486.8345869,22.05458216,0.137584131,542.2993479,23.64998461,-0.210420563,13.3,42.16476100000007,-1.5954024500000017
53.800000000000004,489.0427377,22.06433115,0.057395658,544.6632045,23.62553149,-0.227240573,13.3,42.320466800000034,-1.5612003399999992
53.900000000000006,491.2514625,22.06606129,-0.022329052,547.024421,23.6009639,-0.235237306,13.3,42.47295849999996,-1.5349026099999996
54.0,493.4599594,22.05977258,-0.099271181,549.3830969,23.5770395,-0.236175416,13.3,42.623137500000055,-1.5172669200000009
54.1,495.6674265,22.04546503,-0.170648147,551.7393317,23.55312506,-0.230305657,13.3,42.771905200000006,-1.5076600300000003
54.2,497.8730618,22.02341689,-0.233677371,554.0932248,23.53020501,-0.222587777,13.3,42.92016300000002,-1.5067881199999995
54.300000000000004,500.0760636,21.99501945,-0.28557627,556.4448755,23.50827936,-0.21428457,13.3,43.06881189999997,-1.5132599099999986
54.400000000000006,502.2756299,21.96194226,-0.323562264,558.7943834,23.4873481,-0.204340638,13.3,43.218753500000005,-1.5254058399999977
54.5,504.4709589,21.92585487,-0.345316535,561.1418479,23.46741123,-0.194396706,13.3,43.37088899999999,-1.5415563600000013
54.6,506.6614712,21.88842682,-0.350375319,563.4873685,23.44846876,-0.184452774,13.3,43.52589730000001,-1.5600419400000014
54.7,508.8474781,21.85132767,-0.339202381,565.8310445,23.43052068,-0.174508842,13.3,43.683566399999975,-1.579193010000001
54.800000000000004,511.0295132,21.81622697,-0.314116538,568.1729754,23.41356699,-0.16456491,13.3,43.84346220000005,-1.5973400200000007
54.900000000000006,513.2081104,21.78479426,-0.27790037,570.5132607,23.39760769,-0.154620978,13.3,44.00515030000004,-1.6128134299999992
55.0,515.3838033,21.75842083,-0.233336459,572.8519998,23.38264279,-0.144677046,13.3,44.16819650000009,-1.6242219599999999
55.1,517.5571258,21.73738494,-0.183207386,575.1892921,23.36867229,-0.134874898,13.3,44.3321663,-1.631287350000001
55.2,519.7286115,21.7216866,-0.130295732,577.525237,23.35569617,-0.125923451,13.3,44.496625499999894,-1.63400957
55.300000000000004,521.8987943,21.7113258,-0.076920315,579.8599341,23.34371445,-0.118988555,13.3,44.66113980000007,-1.6323886499999993
55.400000000000006,524.0682079,21.70630254,-0.023544897,582.1934827,23.33264205,-0.113975463,13.3,44.82527480000006,-1.626339510000001
55.5,526.237386,21.70661682,0.02983052,584.5259823,23.32205362,-0.112680325,13.3,44.9885963,-1.6154367999999977
55.6,528.4068625,21.71226864,0.083205938,586.8575324,23.31124966,-0.115638692,13.3,45.15066989999998,-1.59898102
55.7,530.577171,21.72325801,0.136581355,589.1882322,23.30028701,-0.123559482,13.3,45.3110612,-1.5770290000000031
55.800000000000004,532.7488453,21.73958491,0.189956773,591.5181134,23.28808798,-0.136584478,13.3,45.46926809999998,-1.5485030699999989
55.900000000000006,534.9224192,21.76124936,0.243211412,593.846935,23.27433123,-0.154256746,13.3,45.6245158,-1.5130818700000006
56.0,537.0984264,21.78825135,0.295741385,596.174388,23.25850636,-0.176812821,13.3,45.77596160000003,-1.470255009999999
56.1,539.2774007,21.82059088,0.346822024,598.5001637,23.24010294,-0.202456549,13.3,45.92276299999999,-1.4195120599999989
56.2,541.4598758,21.85819549,0.395728661,600.8239531,23.21869561,-0.23065238,13.3,46.06407730000008,-1.360500120000001
56.300000000000004,543.6463855,21.90070284,0.441736631,603.1454473,23.19419932,-0.260549613,13.3,46.19906180000005,-1.2934964799999982
56.400000000000006,545.8374636,21.94767813,0.484121266,605.4643374,23.16661405,-0.291297548,13.3,46.3268738,-1.2189359199999998
56.5,548.0336437,21.99868656,0.522278677,607.7803146,23.13593981,-0.322187265,13.3,46.44667090000003,-1.1372532500000005
56.6,550.2354017,22.05329333,0.556088086,610.0930699,23.10217659,-0.353076983,13.3,46.55766820000004,-1.0488832600000002
56.7,552.4429815,22.11106364,0.585670271,612.4022944,23.06532441,-0.383966701,13.3,46.65931289999999,-0.9542607699999976
56.800000000000004,554.6565689,22.17156269,0.61162912,614.7076793,23.02538325,-0.414856419,13.3,46.75111039999997,-0.8538205600000026
56.900000000000006,556.87635,22.23435569,0.634689302,617.0089155,22.98235313,-0.445746137,13.3,46.832565499999944,-0.7479974399999989
57.0,559.1025105,22.29908029,0.655575483,619.3056944,22.93623403,-0.476635855,13.3,46.9031839,-0.6371537400000022
57.1,561.3352364,22.36566403,0.67501233,621.5977068,22.88702595,-0.506815745,13.3,46.96247039999999,-0.5213619200000004
57.2,563.5747137,22.43410691,0.69372451,623.884644,22.83472891,-0.528118718,13.3,47.00993030000002,-0.4006219999999985
57.300000000000004,565.8211283,22.50440893,0.712315913,626.1661971,22.7793429,-0.550139658,13.3,47.045068799999925,-0.2749339699999993
57.400000000000006,568.0746659,22.57657009,0.730907315,628.4420571,22.72129381,-0.554765749,13.3,47.067391200000046,-0.14472371999999822
57.5,570.3355127,22.65059039,0.749498717,630.7119152,22.66548189,-0.542355972,13.3,47.07640250000004,-0.014891499999997393
57.6,572.6038545,22.72646984,0.768090119,632.9754624,22.60615023,-0.508651363,13.3,47.07160789999996,0.12031960999999924
57.7,574.8798771,22.80420842,0.786681521,635.2323899,22.55416651,-0.450102782,13.3,47.0525128,0.25004190999999665
57.800000000000004,577.1637666,22.88380614,0.805272924,637.4827294,22.50931533,-0.370618351,13.3,47.01896280000001,0.37449081000000106
57.900000000000006,579.4557088,22.965263,0.823864326,639.7278757,22.47415208,-0.257054048,13.3,46.972166900000005,0.49111092000000056
58.0,581.7558896,23.048579,0.840272725,641.9695642,22.45123214,-0.126812862,13.3,46.91367459999999,0.5973468600000018
58.1,584.064495,23.13375415,0.854340143,644.2095303,22.44311088,0.020464191,13.3,46.84503530000002,0.6906432700000025
58.2,586.3817109,23.22078843,0.865444985,646.4495094,22.4519178,0.180518143,13.3,46.767798499999984,0.7688706299999986
58.300000000000004,588.7077231,23.30837205,0.864585971,648.6912368,22.47807879,0.349090029,13.3,46.683513700000006,0.8302932599999977
58.400000000000006,591.0427177,23.39641023,0.851110471,650.9364481,22.52159384,0.521920881,13.3,46.593730399999984,0.8748163899999994
58.5,593.3868804,23.48452999,0.821864363,653.1868786,22.58246296,0.695461562,13.3,46.49999820000001,0.9020670299999978
58.6,595.7403973,23.56733059,0.775876529,655.4442637,22.66068615,0.869002242,13.3,46.40386639999993,0.9066444400000009
58.7,598.1032019,23.64442043,0.710150824,657.7103388,22.75626341,1.042542922,13.3,46.3071369,0.8881570200000013
58.800000000000004,600.4742185,23.71390705,0.62268041,659.9868393,22.86919474,1.216083602,13.3,46.21262080000004,0.8447123099999985
58.900000000000006,602.852119,23.77389797,0.52194088,662.2755007,22.99948013,1.389624282,13.3,46.12338169999994,0.7744178400000017
59.0,605.2355753,23.82250072,0.408584864,664.5780583,23.1471196,1.563164962,13.3,46.042482999999905,0.6753811200000008
59.1,607.6232595,23.85813824,0.285766483,666.8962476,23.31211313,1.734832763,13.3,45.97298810000002,0.5460251099999986
59.2,610.0138433,23.88049512,0.156639859,669.2318039,23.49446072,1.89526329,13.3,45.917960600000086,0.3860343999999998
59.300000000000004,612.4059988,23.88957135,0.024359114,671.5864627,23.69416239,2.024125237,13.3,45.88046389999995,0.19540896000000174
59.400000000000006,614.7983979,23.88536694,-0.108447319,673.9619593,23.9100944,2.137463423,13.3,45.86356139999994,-0.024727459999997592
59.5,617.1897125,23.86788189,-0.241253751,676.3600293,24.13663811,2.196758481,13.3,45.87031679999991,-0.2687562200000002
59.6,619.5786146,23.83711619,-0.374060184,678.7824079,24.36159474,2.199867168,13.3,45.90379329999992,-0.5244785500000013
59.7,621.9637761,23.79306985,-0.506866616,681.2308306,24.59459118,2.137425088,13.3,45.967054499999975,-0.8015213299999999
59.800000000000004,624.3438689,23.73574287,-0.639673049,683.7061338,24.81251581,2.007559362,13.3,46.06226490000002,-1.0767729400000015
59.900000000000006,626.717565,23.66513524,-0.772479481,686.205558,25.01408269,1.8212369,13.3,46.18799299999996,-1.3489474499999972
60.0,629.0835362,23.58124697,-0.904465912,688.7254448,25.19254945,1.560540005,13.3,46.34190859999997,-1.6113024800000026
60.1,631.4404547,23.48407806,-1.031532328,691.2621356,25.34117372,1.263988043,13.3,46.521680899999936,-1.8570956599999988
60.2,633.7869922,23.3736285,-1.148758717,693.811972,25.45433688,0.933724259,13.3,46.724979799999986,-2.080708380000001
60.300000000000004,636.1218207,23.2503903,-1.251225065,696.3712954,25.53091518,0.580985926,13.3,46.94947470000007,-2.2805248800000015
60.400000000000006,638.4436122,23.11682347,-1.334011358,698.9364474,25.57090864,0.217010319,13.3,47.19283520000006,-2.454085169999999
60.5,640.7510385,22.97588001,-1.392197583,701.5037696,25.57431725,-0.148838168,13.3,47.45273110000001,-2.598437239999999
60.6,643.0427717,22.83051193,-1.421683727,704.0696033,25.54114101,-0.514686654,13.3,47.72683160000004,-2.7106290800000004
60.7,645.3178772,22.68367124,-1.421649789,706.6302902,25.47137992,-0.88053514,13.3,48.012412999999995,-2.7877086800000015
60.800000000000004,647.576995,22.53830995,-1.392915771,709.1821717,25.36503398,-1.246383627,13.3,48.30517670000002,-2.826724030000001
60.900000000000006,649.8211587,22.39738007,-1.339581685,711.7215894,25.22210319,-1.612232113,13.3,48.60043070000002,-2.824723119999998
61.0,652.0514017,22.26383359,-1.266567544,714.2448848,25.04258755,-1.978080599,13.3,48.89348309999998,-2.7787539599999995
61.1,654.2687577,22.14013055,-1.178793362,716.7483993,24.82648707,-2.343929086,13.3,49.179641599999925,-2.6863565200000004
61.2,656.4742601,22.02676292,-1.081179152,719.2284746,24.57380174,-2.707739805,13.3,49.45421449999999,-2.547038820000001
61.300000000000004,658.6689426,21.92373071,-0.978644928,721.6814521,24.28453156,-3.05932392,13.3,49.71250949999997,-2.3608008500000004
61.400000000000006,660.8538386,21.83103393,-0.875290702,724.1036734,23.95867653,-3.386454827,13.3,49.94983480000003,-2.1276426000000015
61.5,663.0299816,21.74867257,-0.771936477,726.4914798,23.59745931,-3.676905921,13.3,50.16149819999994,-1.8487867400000013
61.6,665.1984054,21.67664664,-0.668582251,728.8412131,23.2069932,-3.918450599,13.3,50.34280770000005,-1.5303465599999981
61.7,667.3601433,21.61495612,-0.565228025,731.1492147,22.79461417,-4.098862257,13.3,50.489071400000014,-1.1796580500000005
61.800000000000004,669.5162289,21.56360103,-0.461873799,733.411826,22.36765818,-4.207952058,13.3,50.595597100000035,-0.8040571499999984
61.900000000000006,671.6676957,21.52258136,-0.358519573,735.6263668,21.9334612,-4.243682234,13.3,50.65867110000006,-0.4108798399999998
62.0,673.8155774,21.49189712,-0.255165348,737.7940692,21.49935917,-4.208090554,13.3,50.67849179999992,-0.007462050000000886
62.1,675.9609075,21.47154829,-0.152432568,739.9171435,21.07268807,-4.111365852,13.3,50.65623599999999,0.39886021999999954
62.2,678.1047194,21.46153489,-0.053428465,741.9977999,20.66078386,-3.965734735,13.3,50.5930805,0.8007510300000007
62.300000000000004,680.2480467,21.46185692,0.038118283,744.0382488,20.26975984,-3.783423805,13.3,50.49020209999999,1.19209708
62.400000000000006,682.3919231,21.47214149,0.118479001,746.0407004,19.90083867,-3.576659668,13.3,50.34877730000001,1.5713028199999997
62.5,684.5373819,21.49052428,0.18392501,748.0073651,19.55402035,-3.357668926,13.3,50.169983200000004,1.9365039300000007
62.6,686.6854568,21.51476809,0.230727634,749.9404531,19.22930489,-3.136640416,13.3,49.95499630000002,2.285463199999999
62.7,688.8371813,21.5426357,0.255779642,751.8421747,18.92669227,-2.915611907,13.3,49.70499339999999,2.6159434300000015
62.800000000000004,690.9932906,21.5718899,0.258459588,753.7147401,18.64618251,-2.694583398,13.3,49.42144949999995,2.9257073899999995
62.900000000000006,693.1533269,21.6002935,0.239388918,755.5603597,18.38777559,-2.473554889,13.3,49.10703280000003,3.212517909999999
63.0,695.3165339,21.62560928,0.201674863,757.3812438,18.15147153,-2.25252638,13.3,48.76470990000003,3.4741377500000006
63.1,697.4821553,21.64560004,0.149046099,759.1796026,17.93727032,-2.03149787,13.3,48.39744729999991,3.708329720000002
63.2,699.649435,21.65840144,0.085231305,760.9576465,17.74517195,-1.811420062,13.3,48.00821149999997,3.913229489999999
63.300000000000004,701.8176167,21.66364061,0.013959156,762.7175856,17.57517644,-1.59704646,13.3,47.59996889999998,4.088464170000002
63.400000000000006,703.9859442,21.66131756,-0.061041669,764.4616303,17.42728378,-1.394081271,13.3,47.17568610000008,4.234033780000001
63.5,706.1536613,21.65143228,-0.136663941,766.1919909,17.30092355,-1.2082287,13.3,46.7383296,4.350508730000001
63.6,708.3200118,21.63398477,-0.212286213,767.9108777,17.19324365,-1.045192954,13.3,46.29086590000004,4.440741120000002
63.7,710.4842394,21.60897504,-0.287908485,769.6205009,17.10082155,-0.906754754,13.3,45.83626150000005,4.5081534900000015
63.800000000000004,712.6455879,21.57640307,-0.363530757,771.3230708,17.02023473,-0.809438061,13.3,45.377482899999976,4.556168340000003
63.900000000000006,714.8033011,21.53626888,-0.439153028,773.0203415,16.94806067,-0.74242312,13.3,44.917040399999976,4.588208210000001
64.0,716.9566228,21.48857247,-0.5147753,774.7122414,16.88323093,-0.708682716,13.3,44.45561860000005,4.605341540000001
64.10000000000001,719.1047967,21.43331382,-0.590397572,776.3982428,16.81526072,-0.703463342,13.3,43.9934461000001,4.618053099999997
64.2,721.2470667,21.37049295,-0.665760869,778.0778181,16.74778978,-0.721060794,13.3,43.53075139999994,4.622703169999998
64.3,723.3826764,21.30010986,-0.739570315,779.7504395,16.67561192,-0.75969435,13.3,43.06776309999994,4.624497939999998
64.4,725.5108698,21.22216453,-0.810272062,781.4155792,16.59815673,-0.801889347,13.3,42.604709400000004,4.624007800000001
64.5,727.6308904,21.13681236,-0.876312259,783.0727095,16.5154242,-0.853712036,13.3,42.14181909999998,4.621388159999999
64.60000000000001,729.7419823,21.04483028,-0.936137055,784.7213027,16.42741432,-0.906485426,13.3,41.67932040000001,4.617415959999999
64.7,731.843389,20.94715059,-0.988192601,786.360831,16.33412711,-0.959258816,13.3,41.21744199999996,4.613023479999999
64.8,733.9343544,20.8447056,-1.031184022,787.9907668,16.23556256,-1.012032206,13.3,40.7564124,4.609143039999999
64.9,736.0142466,20.73842762,-1.064852343,789.6105822,16.13172067,-1.064805596,13.3,40.29633559999998,4.6067069499999995
65.0,738.0829309,20.62924897,-1.089456538,791.2197496,16.02260144,-1.117578986,13.3,39.83681870000005,4.60664753
65.10000000000001,740.1403969,20.51810195,-1.106291483,792.8177411,15.90820487,-1.170352376,13.3,39.377344199999996,4.609897079999998
65.2,742.1866342,20.40591887,-1.116911028,794.4040292,15.78853096,-1.222816652,13.3,38.91739500000001,4.6173879100000015
65.3,744.2216325,20.29347666,-1.122869023,795.978086,15.66357972,-1.273426249,13.3,38.45645349999991,4.62989694
65.4,746.2453814,20.18093071,-1.125719318,797.5393838,15.53335113,-1.320326484,13.3,37.99400239999996,4.647579579999999
65.5,748.2578706,20.06828101,-1.127015763,799.0873949,15.39803068,-1.361662678,13.3,37.529524300000006,4.67025033
65.60000000000001,750.2590895,19.95552756,-1.128053233,800.6215915,15.25854569,-1.39558015,13.3,37.062502000000066,4.69698187
65.7,752.2490279,19.84267036,-1.129090703,802.141446,15.11600898,-1.420224221,13.3,36.59241809999999,4.7266613799999995
65.8,754.2276755,19.72970942,-1.130128173,803.6464305,14.97153336,-1.434049322,13.3,36.11875499999992,4.7581760599999985
65.9,756.1950217,19.61664473,-1.131165642,805.1361657,14.82623163,-1.436746341,13.3,35.64114400000001,4.7904131
66.0,758.1510563,19.50347629,-1.132203112,806.6108658,14.6812166,-1.428624391,13.3,35.15980950000001,4.822259689999997
66.10000000000001,760.0957688,19.3902041,-1.133240582,808.0708932,14.53760108,-1.411229039,13.3,34.67512440000003,4.852603019999998
66.2,762.029149,19.27682817,-1.134372488,809.5166105,14.39649789,-1.386414965,13.3,34.1874615,4.880330280000003
66.3,763.9511863,19.16334849,-1.136071014,810.9483802,14.25883435,-1.35603685,13.3,33.69719389999996,4.90451414
66.4,765.8618705,19.04976507,-1.138902778,812.3665648,14.12479593,-1.321949374,13.3,33.204694299999986,4.92496914
66.5,767.7611912,18.93602123,-1.1434344,813.7715268,13.99438265,-1.286007218,13.3,32.710335599999965,4.941638580000001
66.60000000000001,769.649138,18.82183368,-1.150232499,815.1636288,13.86759449,-1.249755948,13.3,32.21449079999998,4.954239190000001
66.7,771.5257005,18.70686244,-1.159863694,816.5432332,13.74443146,-1.213504678,13.3,31.71753270000006,4.962430979999999
66.8,773.3908683,18.59076753,-1.172800167,817.9107025,13.62489356,-1.177253409,13.3,31.21983419999999,4.9658739700000005
66.9,775.2445858,18.47320899,-1.189136357,819.2663993,13.50898078,-1.141002139,13.3,30.721813500000007,4.96422821
67.0,777.0866159,18.35384685,-1.208777825,820.6106861,13.39669313,-1.104750869,13.3,30.224070199999982,4.957153720000001
67.10000000000001,778.9166763,18.23234113,-1.231252389,821.9439254,13.2880306,-1.068499599,13.3,29.727249100000062,4.944310529999997
67.2,780.7344846,18.10835186,-1.25599343,823.2664797,13.18299321,-1.032321775,13.3,29.231995100000017,4.92535865
67.3,782.5397584,17.98159574,-1.282434329,824.5787115,13.08158094,-0.996584621,13.3,28.73895310000007,4.900014799999999
67.4,784.3322155,17.8520161,-1.310008467,825.8809833,12.9837938,-0.961728808,13.3,28.248767800000063,4.868222299999999
67.5,786.1115734,17.71961293,-1.338149224,827.1736576,12.88958771,-0.928195006,13.3,27.762084199999958,4.83002522
67.60000000000001,787.8775498,17.58438625,-1.366384417,828.4570971,12.79874236,-0.896423887,13.3,27.279547300000058,4.785643890000001
67.7,789.6298624,17.44633605,-1.39461961,829.7316641,12.71099332,-0.86685612,13.3,26.80180170000001,4.735342729999999
67.8,791.3682288,17.30546233,-1.422854803,830.9977211,12.6260762,-0.839858931,13.3,26.329492300000037,4.679386130000001
67.9,793.0923666,17.16176509,-1.451089996,832.2555955,12.54372661,-0.815505765,13.3,25.863228900000035,4.618038479999999
68.0,794.8019936,17.01524433,-1.47932519,833.5054735,12.46368012,-0.793723177,13.3,25.403479900000047,4.551564210000002
68.10000000000001,796.4968273,16.86590005,-1.507560383,834.7475061,12.38567235,-0.774143942,13.3,24.95067880000006,4.4802277
68.2,798.1765853,16.71373225,-1.535795576,835.9818442,12.3094389,-0.756327389,13.3,24.505258899999898,4.40429335
68.3,799.8409855,16.55874094,-1.563735979,837.2086389,12.23475941,-0.739832847,13.3,24.067653399999994,4.323981529999999
68.4,801.4897453,16.4009261,-1.589907643,838.4280412,12.16158984,-0.724219647,13.3,23.63829590000007,4.23933626
68.5,803.1225824,16.24028775,-1.611621541,839.6402019,12.08993017,-0.709047117,13.3,23.21761949999991,4.15035758
68.60000000000001,804.7392146,16.07700274,-1.629869789,840.8452722,12.01978042,-0.693948032,13.3,22.806057599999985,4.057222320000001
68.7,806.3393594,15.91195547,-1.640122793,842.0434031,11.95114057,-0.678848947,13.3,22.404043699999942,3.960814900000001
68.8,807.9227345,15.74675933,-1.641532096,843.2347454,11.88401063,-0.663749862,13.3,22.012010899999904,3.862748699999999
68.9,809.4890575,15.58081906,-1.63262375,844.4194502,11.81839059,-0.648650777,13.3,21.630392700000083,3.7624284699999997
69.0,811.0381875,15.41685243,-1.613102964,845.5976686,11.75428047,-0.633551692,13.3,21.25948109999997,3.662571960000001
69.10000000000001,812.5705498,15.25536849,-1.584184813,846.7695514,11.69168026,-0.618452607,13.3,20.899001599999973,3.5636882300000003
69.2,814.086711,15.09742849,-1.544582392,847.9352497,11.63058995,-0.603353522,13.3,20.54853869999995,3.4668385400000012
69.3,815.5872377,14.94409369,-1.498825296,849.0949144,11.57100955,-0.588327797,13.3,20.207676700000047,3.3730841400000013
69.4,817.0726965,14.79624844,-1.44776198,850.2486966,11.51293906,-0.573742231,13.3,19.87600010000001,3.2833093799999986
69.5,818.5436542,14.65406963,-1.393161185,851.3967473,11.45637848,-0.560036983,13.3,19.553093100000023,3.1976911500000007
69.60000000000001,820.0006772,14.51755725,-1.336791649,852.5392174,11.40128379,-0.547652212,13.3,19.238540199999942,3.1162734599999986
69.7,821.4443324,14.3867113,-1.280127323,853.6762579,11.34743492,-0.536759908,13.3,18.931925499999988,3.0392763800000004
69.8,822.8751863,14.26153178,-1.223462998,854.8080198,11.29456776,-0.52860474,13.3,18.632833500000014,2.9669640200000007
69.9,824.2938055,14.1420187,-1.166798672,855.9346542,11.24241822,-0.522748997,13.3,18.34084869999999,2.89960048
70.0,825.7007568,14.02817205,-1.110134346,857.0562767,11.19088312,-0.519534208,13.3,18.05551989999999,2.8372889299999997
70.10000000000001,827.0966067,13.91999183,-1.053470021,858.1728624,11.13921564,-0.518887015,13.3,17.776255699999933,2.780776190000001
70.2,828.481922,13.81747804,-0.996805695,859.2843508,11.08763439,-0.520440617,13.3,17.502428799999915,2.7298436499999994
70.3,829.8572691,13.72063069,-0.94028471,860.3906819,11.03571439,-0.524023025,13.3,17.23341279999995,2.6849162999999994
70.4,831.2232149,13.62944977,-0.884623772,861.4917951,10.98323555,-0.528389571,13.3,16.968580199999973,2.646214220000001
70.5,832.5803259,13.54393528,-0.830682926,862.5876304,10.93015385,-0.533904605,13.3,16.707304499999918,2.6137814299999995
70.60000000000001,833.9291687,13.46400122,-0.77932222,863.6781273,10.8764693,-0.539859798,13.3,16.448958600000037,2.58753192
70.7,835.2703101,13.38921757,-0.731401699,864.7632257,10.82218189,-0.545888351,13.3,16.19291560000006,2.56703568
70.8,836.6043166,13.31906829,-0.68778141,865.8428651,10.76729163,-0.551916904,13.3,15.938548500000092,2.55177666
70.9,837.931755,13.25303736,-0.649178058,866.9169854,10.71179851,-0.557945457,13.3,15.68523040000009,2.541238850000001
71.0,839.2531229,13.19060875,-0.615734984,867.9855263,10.65570254,-0.56397401,13.3,15.432403399999952,2.534906210000001
71.10000000000001,840.5686432,13.13126644,-0.587308847,869.0484274,10.59900371,-0.570002563,13.3,15.17978420000004,2.5322627299999994
71.2,841.8784695,13.07449439,-0.563182942,870.1056284,10.54170203,-0.576031116,13.3,14.927158899999949,2.53279236
71.3,843.1827558,13.01977658,-0.542497223,871.1570692,10.48379749,-0.58199104,13.3,14.674313400000027,2.5359790899999997
71.4,844.4816557,12.96668298,-0.524391642,872.2026894,10.42529009,-0.587539191,13.3,14.42103370000002,2.541392889999999
71.5,845.7753232,12.91512759,-0.508006155,873.2424287,10.36617984,-0.591969999,13.3,14.167105500000002,2.5489477500000017
71.60000000000001,847.0639121,12.86511042,-0.492480713,874.2762268,10.30650792,-0.595753082,13.3,13.912314699999978,2.558602500000001
71.7,848.3475762,12.81663145,-0.477098613,875.3040234,10.2464802,-0.597595275,13.3,13.656447199999956,2.5701512499999986
71.8,849.6264693,12.76969069,-0.461716513,876.3257584,10.18652003,-0.597378603,13.3,13.399289099999987,2.5831706599999986
71.9,850.9007453,12.72428815,-0.446334413,877.3413712,10.12634564,-0.594759922,13.3,13.140625899999986,2.5979425099999993
72.0,852.1705578,12.68042381,-0.430952313,878.3508348,10.06673293,-0.589670603,13.3,12.880277000000046,2.61369088
72.10000000000001,853.4360609,12.63809769,-0.415570212,879.3542534,10.00775268,-0.58247307,13.3,12.618192499999918,2.630345010000001
72.2,854.6974083,12.59730977,-0.400188112,880.3517644,9.949651963,-0.572629079,13.3,12.354356099999972,2.647657807
72.3,855.9547538,12.55806006,-0.384806012,881.3435052,9.892677836,-0.561431793,13.3,12.088751399999932,2.665382224
72.4,857.2082512,12.52034857,-0.369670924,882.3296131,9.837036186,-0.548999187,13.3,11.82136190000001,2.683312383999999
72.5,858.4580544,12.48417528,-0.357362125,883.3102256,9.782768192,-0.535743035,13.3,11.552171199999929,2.701407088
72.60000000000001,859.7043171,12.44954021,-0.345329041,884.2854799,9.729873854,-0.522075111,13.3,11.281162800000015,2.719666356000001
72.7,860.9471933,12.41629513,-0.339086392,885.2555135,9.67835317,-0.508338557,13.3,11.008320200000025,2.7379419600000006
72.8,862.1868367,12.38289249,-0.338772036,886.2204637,9.628206142,-0.494602003,13.3,10.733627000000023,2.754686348
72.9,863.4234011,12.35086264,-0.345868046,887.1804679,9.579432769,-0.48086545,13.3,10.457066800000074,2.7714298710000005
73.0,864.6570404,12.31689673,-0.361609482,888.1356635,9.532033052,-0.467128896,13.3,10.178623099999935,2.7848636780000007
73.10000000000001,865.8877899,12.28091206,-0.384899142,889.0861877,9.48600699,-0.453392342,13.3,9.898397799999952,2.7949050700000004
73.2,867.1152104,12.24201938,-0.419522661,890.032178,9.441354584,-0.439655788,13.3,9.61696760000002,2.8006647959999995
73.3,868.3387445,12.19932944,-0.46021233,890.9737718,9.398075833,-0.425774634,13.3,9.335027300000046,2.8012536069999996
73.4,869.5578345,12.15195301,-0.506830292,891.9111064,9.356170737,-0.411025877,13.3,9.05327189999998,2.7957822730000004
73.5,870.771923,12.09914904,-0.557894473,892.8443191,9.315639296,-0.394541915,13.3,8.772396099999991,2.783509744
73.60000000000001,871.9804522,12.04076933,-0.611922801,893.7735474,9.276568272,-0.375455145,13.3,8.493095200000038,2.7642010579999994
73.7,873.1828647,11.97681388,-0.667433201,894.6989286,9.239391464,-0.352897964,13.3,8.216063900000062,2.7374224159999994
73.8,874.3786029,11.90728269,-0.723190614,895.6206,9.204629435,-0.326002769,13.3,7.941997099999934,2.7026532550000013
73.9,875.5671091,11.83217576,-0.778948027,896.5386991,9.172802746,-0.294046559,13.3,7.671589999999991,2.659373014
74.0,876.7478259,11.75149309,-0.83470544,897.4534326,9.144431959,-0.256884732,13.3,7.405606700000089,2.607061131
74.10000000000001,877.9201956,11.66523467,-0.890462853,898.365285,9.120037635,-0.21466189,13.3,7.1450893999999145,2.545197035000001
74.2,879.0836607,11.57340052,-0.946220266,899.2748099,9.100140336,-0.168101034,13.3,6.89114920000004,2.473260183999999
74.3,880.2376636,11.47599062,-1.001977679,900.1825613,9.085260624,-0.118069768,13.3,6.644897699999955,2.3907299959999992
74.4,881.3816467,11.37300498,-1.057735092,901.089093,9.075832301,-0.065435693,13.3,6.407446300000014,2.297172678999999
74.5,882.5150524,11.2644436,-1.113098236,901.9949587,9.071942125,-0.011066413,13.3,6.179906300000038,2.1925014750000003
74.60000000000001,883.6373233,11.15030648,-1.166095762,902.9007123,9.073590098,0.044170469,13.3,5.96338899999996,2.076716381999999
74.7,884.7479016,11.03059362,-1.214362053,903.8069076,9.080776219,0.099551953,13.3,5.759006000000067,1.949817400999999
74.8,885.8462299,10.90554158,-1.255531493,904.7140985,9.093500488,0.154933436,13.3,5.567868599999951,1.8120410919999994
74.9,886.9317505,10.77633316,-1.287238463,905.6228387,9.111762906,0.210314919,13.3,5.391088199999967,1.664570254000001
75.0,888.0039059,10.64438775,-1.307117346,906.533682,9.135563472,0.265696402,13.3,5.2297761000000484,1.5088242780000005
75.10000000000001,889.0621385,10.51112471,-1.313196795,907.4471823,9.164902187,0.321077885,13.3,5.0850438000000615,1.3462225230000016
75.2,890.1060799,10.3779634,-1.305082539,908.3638934,9.199779049,0.376459368,13.3,4.957813499999997,1.1781843510000005
75.3,891.136119,10.24632321,-1.283168849,909.284369,9.24019406,0.431840851,13.3,4.848249999999961,1.0061291499999996
75.4,892.1528335,10.1176235,-1.249427073,910.2091631,9.286147219,0.486801313,13.3,4.756329599999912,0.8314762810000005
75.5,893.1568014,9.99328364,-1.206222826,911.1388294,9.337638527,0.539235645,13.3,4.682028000000013,0.6556451130000003
75.60000000000001,894.1486006,9.874486441,-1.155921728,912.0739217,9.394667983,0.586617716,13.3,4.6253211000000185,0.47981845800000045
75.7,895.128809,9.761468463,-1.100889396,913.0149939,9.456982974,0.626421399,13.3,4.586184899999989,0.3044854889999993
75.8,896.0980047,9.654229708,-1.043491445,913.9625998,9.523320436,0.656120561,13.3,4.564595099999973,0.13090927200000024
75.9,897.0567654,9.552770174,-0.985699226,914.9172931,9.59216469,0.673189075,13.3,4.5605277000000335,-0.03939451599999977
76.0,898.0056691,9.457089862,-0.927907006,915.8796277,9.662000059,0.675521831,13.3,4.5739586000000365,-0.20491019700000024
76.10000000000001,898.9452937,9.367188773,-0.870114786,916.8499554,9.731310864,0.662697807,13.3,4.604661700000019,-0.3641220909999987
76.2,899.8762172,9.283066905,-0.812322567,917.8278194,9.798581428,0.635138026,13.3,4.65160219999991,-0.5155145230000002
76.3,900.7990175,9.204724259,-0.754530347,918.8125611,9.862296073,0.594947596,13.3,4.7135436000000475,-0.6575718139999989
76.4,901.7142725,9.132160836,-0.696738127,919.8035218,9.92093912,0.544652646,13.3,4.789249300000005,-0.7887782839999993
76.5,902.6225601,9.065376634,-0.639100856,920.8000426,9.973247506,0.486779307,13.3,4.877482499999996,-0.9078708720000002
76.60000000000001,903.5244582,9.004371654,-0.582393274,921.8014649,10.01896862,0.423853708,13.3,4.977006700000015,-1.014596966000001
76.7,904.4205448,8.949145896,-0.527545072,922.80713,10.05810245,0.358401979,13.3,5.0865852000000125,-1.1089565540000006
76.80000000000001,905.3113978,8.899606392,-0.475485938,923.816379,10.09064901,0.292529228,13.3,5.204981199999974,-1.191042617999999
76.9,906.197595,8.855288295,-0.427145564,924.8285534,10.1166083,0.226656477,13.3,5.330958400000053,-1.261320005
77.0,907.0797146,8.815633793,-0.383453638,925.8429943,10.13598031,0.160783727,13.3,5.4632796999999975,-1.3203465170000008
77.10000000000001,907.9583342,8.780085071,-0.345184902,926.8590431,10.14876504,0.094910976,13.3,5.60070890000004,-1.3686799690000004
77.2,908.8339576,8.748084316,-0.312494304,927.876041,10.1549625,0.029038225,13.3,5.742083400000023,-1.406878184
77.30000000000001,909.7067907,8.719073714,-0.285226896,928.8933292,10.15457269,-0.036834526,13.3,5.886538499999983,-1.4354989759999999
77.4,910.5769652,8.69249545,-0.262607937,929.9102492,10.1475956,-0.102327322,13.3,6.033283999999934,-1.4551001500000016
77.5,911.4446128,8.667791713,-0.243707736,930.926142,10.13403123,-0.165540395,13.3,6.1815292000000674,-1.466239517
77.60000000000001,912.3098652,8.644497655,-0.227596604,931.940349,10.11387959,-0.224194019,13.3,6.330483799999978,-1.4693819349999995
77.7,913.172854,8.622520309,-0.213344852,932.9522116,10.08736865,-0.27600847,13.3,6.479357600000025,-1.4648483409999997
77.80000000000001,914.0337109,8.601859674,-0.200022789,933.9610708,10.05563827,-0.318704024,13.3,6.627359900000055,-1.4537785959999994
77.9,914.8925676,8.582515751,-0.186855675,934.9662681,10.02005628,-0.350000957,13.3,6.773700499999972,-1.4375405289999996
78.0,915.7495557,8.564488539,-0.173688561,935.9671447,9.981990516,-0.367999499,13.3,6.917588999999975,-1.4175019770000006
78.10000000000001,916.6048069,8.547778039,-0.160521447,936.9632242,9.942808818,-0.372319695,13.3,7.058417300000041,-1.395030778999999
78.2,917.458453,8.53238425,-0.147354332,937.9547598,9.903879018,-0.363341501,13.3,7.19630680000007,-1.3714947679999998
78.30000000000001,918.3106254,8.518307172,-0.134187218,938.942187,9.86656895,-0.342964684,13.3,7.33156159999994,-1.3482617779999995
78.4,919.161456,8.505546806,-0.121020104,939.9259414,9.832246449,-0.313468971,13.3,7.464485400000012,-1.3266996429999995
78.5,920.0110764,8.494103152,-0.10785299,940.9064586,9.802051376,-0.277134086,13.3,7.595382199999971,-1.3079482240000004
78.60000000000001,920.8596183,8.483976208,-0.09470757,941.884174,9.776211705,-0.236239751,13.3,7.724555700000064,-1.292235497
78.7,921.7072133,8.475165977,-0.081692321,942.8595232,9.754727435,-0.193065693,13.3,7.852309899999977,-1.2795614579999999
78.80000000000001,922.5539932,8.467672456,-0.068937411,943.8329418,9.737598566,-0.14951168,13.3,7.978948599999921,-1.26992611
78.9,923.4000895,8.46148263,-0.056573011,944.8048653,9.724825099,-0.105957668,13.3,8.104775799999924,-1.2633424689999995
79.0,924.2456339,8.456531414,-0.044729289,945.7757291,9.716407033,-0.062403655,13.3,8.230095200000004,-1.259875618999999
79.10000000000001,925.0907582,8.452740705,-0.033536417,946.745969,9.712344368,-0.018849643,13.3,8.355210799999963,-1.259603663
79.2,925.935594,8.450032402,-0.023102869,947.7160203,9.712637104,0.024704369,13.3,8.48042629999993,-1.2626047020000009
79.30000000000001,926.7802625,8.448328403,-0.01345034,948.6863187,9.717285242,0.068258382,13.3,8.606056199999966,-1.2689568390000012
79.4,927.6248434,8.447550606,-0.004557134,949.6572997,9.726288781,0.111770204,13.3,8.732456299999921,-1.278738174999999
79.5,928.4694059,8.447620909,0.003685222,950.6293987,9.739647721,0.155028881,13.3,8.859992800000054,-1.2920268120000014
79.60000000000001,929.3140191,8.44846121,0.011406899,951.6030515,9.757362062,0.197781269,13.3,8.989032399999996,-1.3089008520000007
79.7,930.1587522,8.450006424,0.018738066,952.5786935,9.77940649,0.239774223,13.3,9.119941300000004,-1.3294000659999998
79.80000000000001,931.0036744,8.452243535,0.025808894,953.5567602,9.805654433,0.280754599,13.3,9.253085799999962,-1.3534108980000017
79.9,931.8488549,8.455172542,0.032749553,954.5376871,9.835954003,0.320469251,13.3,9.388832199999978,-1.3807814609999998
80.0,932.694363,8.458793446,0.039668516,955.52191,9.870153314,0.358707227,13.3,9.527547000000094,-1.411359868
80.10000000000001,933.5402677,8.463106246,0.046587479,956.5098439,9.90810048,0.395426336,13.3,9.669576200000005,-1.4449942339999993
80.2,934.3866383,8.468110942,0.053506442,957.5018232,9.949643613,0.430668767,13.3,9.81518490000003,-1.481532671
80.30000000000001,935.2335439,8.473807534,0.060425405,958.4981619,9.994630826,0.464645476,13.3,9.96461800000004,-1.5208232919999993
80.4,936.0810538,8.480196023,0.067344369,959.4991741,10.04291023,0.497609606,13.3,10.118120300000054,-1.5627142070000009
80.5,936.9292372,8.487276408,0.074263332,960.5051738,10.09435526,0.529814302,13.3,10.275936599999977,-1.6070788520000008
80.60000000000001,937.7781632,8.495048689,0.081188398,961.516475,10.1489406,0.561512709,13.3,10.438311800000019,-1.6538919109999988
80.7,938.627901,8.503512867,0.088150081,962.5333918,10.20666624,0.592957972,13.3,10.605490800000052,-1.703153373000001
80.80000000000001,939.4785198,8.512668941,0.095184998,963.5562381,10.26753219,0.624361044,13.3,10.777718300000014,-1.7548632490000013
80.9,940.3300888,8.522520573,0.102329766,964.5853281,10.33153845,0.655764115,13.3,10.95523929999997,-1.8090178770000005
81.0,941.1826772,8.533086071,0.109621002,965.6209757,10.39868502,0.687167187,13.3,11.138298500000086,-1.8655989490000007
81.10000000000001,942.0363542,8.544387406,0.117095323,966.6634949,10.46897189,0.718570259,13.3,11.32714070000004,-1.9245844840000004
81.2,942.891189,8.556446549,0.124783244,967.7131999,10.54239907,0.749973331,13.3,11.522010899999895,-1.9859525209999997
81.30000000000001,943.7472536,8.569285468,0.132690866,968.7704046,10.61896656,0.781376402,13.3,11.723150999999984,-2.049681092
81.4,944.604632,8.582926135,0.140812088,969.8354231,10.69867435,0.812779474,13.3,11.930791099999919,-2.115748215
81.5,945.4634109,8.597390519,0.149116394,970.9085693,10.78152245,0.844264975,13.3,12.145158399999968,-2.1841319310000014
81.60000000000001,946.323677,8.612700591,0.157567169,971.9901574,10.86751086,0.876245052,13.3,12.366480400000068,-2.254810269
81.7,947.1855172,8.628874659,0.166127795,973.0805013,10.95663957,0.909214281,13.3,12.594984099999987,-2.327764911000001
81.80000000000001,948.0490181,8.645916385,0.174761654,974.1799152,11.04895805,0.943667238,13.3,12.83089709999997,-2.403041665
81.9,948.9142666,8.663825769,0.183432131,975.2887129,11.14471359,0.980098499,13.3,13.07444629999993,-2.4808878209999996
82.0,949.7813495,8.682602811,0.19210871,976.4072086,11.24420292,1.019002639,13.3,13.325859099999956,-2.5616001089999987
82.10000000000001,950.6503534,8.702247511,0.20078529,977.5357163,11.34772279,1.060791805,13.3,13.585362900000018,-2.645475279000001
82.2,951.5213651,8.722759869,0.20946187,978.6745895,11.45556996,1.105548427,13.3,13.853224399999998,-2.7328100909999993
82.30000000000001,952.3944715,8.744139885,0.218138449,979.8243402,11.56804116,1.153190076,13.3,14.129868700000042,-2.8239012750000008
82.4,953.2697593,8.766387559,0.226815029,980.9855197,11.68543314,1.203304604,13.3,14.415760400000021,-2.9190455810000007
82.5,954.1473152,8.789502891,0.235491608,982.1586796,11.80804264,1.255397436,13.3,14.711364400000047,-3.0185397490000003
82.60000000000001,955.027226,8.813485881,0.244168188,983.3443711,11.93611696,1.308973995,13.3,15.017145099999947,-3.1226310789999996
82.7,955.9095785,8.838336529,0.253176436,984.5431458,12.06970556,1.363539707,13.3,15.333567300000094,-3.231369031
82.80000000000001,956.7944595,8.864054834,0.264174693,985.7555551,12.20880842,1.418599995,13.3,15.66109560000002,-3.3447535860000013
82.9,957.6819557,8.890640798,0.279152968,986.9821504,12.35342555,1.473742711,13.3,16.00019470000002,-3.462784752000001
83.0,958.5721538,8.91829342,0.300101272,988.2234831,12.50355696,1.528885428,13.3,16.35132929999993,-3.5852635399999997
83.10000000000001,959.4651407,8.948007707,0.329009613,989.4801046,12.65920264,1.584028145,13.3,16.714963899999997,-3.711194933
83.2,960.3610031,8.980977662,0.367868,990.7525665,12.82036259,1.639170862,13.3,17.091563399999995,-3.8393849279999994
83.30000000000001,961.2598278,9.018397292,0.418334775,992.04142,12.98703681,1.694313579,13.3,17.481592199999977,-3.968639518
83.4,962.1618608,9.061460602,0.480741606,993.3472167,13.15922531,1.749456296,13.3,17.88535589999999,-4.097764708
83.5,963.0679847,9.111361598,0.554756824,994.6705079,13.33692807,1.803990256,13.3,18.30252319999995,-4.225566472000001
83.60000000000001,963.9792416,9.169294286,0.638722089,996.0118452,13.52014511,1.854871677,13.3,18.732603600000015,-4.350850824
83.7,964.8966735,9.23645267,0.730647392,997.3717798,13.70887642,1.895286027,13.3,19.175106299999992,-4.472423749999999
83.80000000000001,965.8213223,9.313831756,0.828542722,998.7508633,13.90275674,1.931066746,13.3,19.62954099999997,-4.588924983999998
83.9,966.75423,9.401630545,0.930418071,1000.149647,14.09995982,1.949075316,13.3,20.09541699999995,-4.698329275000001
84.0,967.6964386,9.499849037,1.034283429,1001.568683,14.29639692,1.94882119,13.3,20.5722444,-4.796547882999999
84.10000000000001,968.64899,9.608487231,1.138480455,1003.008521,14.49556812,1.927260587,13.3,21.059530999999946,-4.887080889
84.2,969.6129262,9.727545128,1.242677482,1004.469422,14.6895903,1.883784749,13.3,21.55649580000006,-4.962045172000002
84.30000000000001,970.5892891,9.857022727,1.346874508,1005.950476,14.87816913,1.822164426,13.3,22.061186900000006,-5.0211464029999995
84.4,971.5791209,9.99692003,1.451071534,1007.45048,15.0591131,1.735957422,13.3,22.57135909999995,-5.062193069999999
84.5,972.5834633,10.14723703,1.555268561,1008.968234,15.23023067,1.638302254,13.3,23.084770700000103,-5.08299364
84.60000000000001,973.6033584,10.30797374,1.659465587,1010.502536,15.38969558,1.529689469,13.3,23.599177599999916,-5.08172184
84.7,974.6398482,10.47913015,1.763662613,1012.052182,15.53714257,1.413771607,13.3,24.112333800000055,-5.058012420000001
84.80000000000001,975.6939746,10.66070626,1.867454797,1013.615973,15.67257165,1.294201205,13.3,24.621998400000006,-5.0118653900000005
84.9,976.7667796,10.85270208,1.968817924,1015.192706,15.79598281,1.174022046,13.3,25.125926400000093,-4.94328073
85.0,977.8593052,11.0551176,2.065322939,1016.781179,15.90737606,1.053842888,13.3,25.621873799999957,-4.85225846
85.10000000000001,978.9725933,11.26770991,2.154540784,1018.38019,16.00675139,0.93366373,13.3,26.1075967,-4.739041480000001
85.2,980.1076859,11.4892645,2.234042404,1019.988538,16.09410881,0.813484571,13.3,26.58085209999997,-4.604844310000001
85.30000000000001,981.265625,11.71832391,2.3033257,1021.605021,16.16944831,0.693305413,13.3,27.039395999999964,-4.451124399999999
85.4,982.4474525,11.95343073,2.356591402,1023.228436,16.23276989,0.573126255,13.3,27.480983499999933,-4.279339160000001
85.5,983.6540161,12.19312752,2.39319809,1024.857584,16.28407356,0.454231919,13.3,27.903567900000052,-4.090946039999999
85.60000000000001,984.8853862,12.43711302,2.417641099,1026.49126,16.32335931,0.343046524,13.3,28.30587380000004,-3.8862462900000008
85.7,986.1414387,12.68166475,2.429938826,1028.128264,16.35062714,0.252891191,13.3,28.686825299999963,-3.668962390000001
85.80000000000001,987.4220498,12.92518335,2.432520328,1029.767394,16.36664796,0.174638314,13.3,29.0453442,-3.4414646100000024
85.9,988.7270953,13.16890857,2.425887703,1031.407449,16.37527622,0.132833378,13.3,29.380353700000068,-3.2063676500000007
86.0,990.0564514,13.41139403,2.416245064,1033.047225,16.3845046,0.129573143,13.3,29.69077360000001,-2.9731105699999993
86.10000000000001,991.409994,13.65263972,2.406258044,1034.685522,16.38885654,0.171281723,13.3,29.975528000000008,-2.736216819999999
86.2,992.7875992,13.89264564,2.393860365,1036.321755,16.40305933,0.259243944,13.3,30.234155799999893,-2.510413690000002
86.30000000000001,994.189143,14.13141179,2.381462686,1037.957804,16.42837103,0.386562799,13.3,30.46866099999995,-2.2969592400000014
86.4,995.6145014,14.36893818,2.369065007,1039.59617,16.46941699,0.563650717,13.3,30.681668600000034,-2.1004788099999985
86.5,997.0635505,14.60522479,2.356667328,1041.23935,16.53082259,0.765962214,13.3,30.87579950000004,-1.9255978000000002
86.60000000000001,998.5361663,14.84027164,2.344269649,1042.889842,16.61644228,0.99140053,13.3,31.053675700000053,-1.776170640000002
86.7,1000.032225,15.07407872,2.33187197,1044.550146,16.72704697,1.232256726,13.3,31.217921,-1.6529682500000007
86.80000000000001,1001.551602,15.30664604,2.319559768,1046.222759,16.86263666,1.480821862,13.3,31.371156999999993,-1.5559906199999993
86.9,1003.094174,15.53797358,2.307760425,1047.91018,17.02321135,1.730671822,13.3,31.51600600000013,-1.4852377700000012
87.0,1004.659816,15.76806136,2.296986801,1049.614909,17.20877103,1.980521781,13.3,31.65509299999992,-1.4407096700000004
87.10000000000001,1006.248406,15.99696065,2.287751755,1051.339442,17.4193157,2.230371741,13.3,31.791035999999917,-1.4223550499999984
87.2,1007.859818,16.2249279,2.280568148,1053.086279,17.65484538,2.4802217,13.3,31.926461000000085,-1.4299174800000003
87.30000000000001,1009.493929,16.4522708,2.275948838,1054.857919,17.91536004,2.73007166,13.3,32.06399000000006,-1.4630892399999986
87.4,1011.150615,16.67929709,2.274321208,1056.656859,18.20085971,2.979921619,13.3,32.20624399999993,-1.521562620000001
87.5,1012.829793,16.90631447,2.275770735,1058.485598,18.51134437,3.229771579,13.3,32.35580499999999,-1.6050298999999981
87.60000000000001,1014.531544,17.13363066,2.280211942,1060.346635,18.84681402,3.478140515,13.3,32.515091000000055,-1.7131833599999986
87.7,1016.25599,17.36155338,2.287217447,1062.242468,19.20726867,3.717623315,13.3,32.68647799999992,-1.8457152900000011
87.80000000000001,1018.003254,17.59039034,2.29627439,1064.175596,19.59270832,3.939333841,13.3,32.872342000000074,-2.002317980000001
87.9,1019.773458,17.82039797,2.306869911,1066.148518,20.00224435,4.134385957,13.3,33.075059999999965,-2.181846380000003
88.0,1021.566723,18.05162756,2.318491151,1068.16373,20.4314337,4.293893526,13.3,33.297006999999965,-2.3798061399999995
88.10000000000001,1023.383172,18.2840791,2.330625251,1070.223734,20.87494467,4.40897041,13.3,33.54056199999998,-2.590865570000002
88.2,1025.222928,18.51775261,2.342844827,1072.331025,21.3274456,4.472211497,13.3,33.808097000000046,-2.809692990000002
88.30000000000001,1027.086112,18.75264807,2.355064404,1074.487394,21.78360479,4.482135762,13.3,34.10128200000004,-3.030956719999999
88.4,1028.972846,18.98876549,2.36728398,1076.691782,22.23809057,4.440224229,13.3,34.418936000000215,-3.249325080000002
88.5,1030.883254,19.22610487,2.379503556,1078.942424,22.68557125,4.353882012,13.3,34.75917,-3.4594663799999985
88.60000000000001,1032.817456,19.4646662,2.391723132,1081.237553,23.12071515,4.231995248,13.3,35.120096999999944,-3.656048949999999
88.7,1034.775576,19.70444949,2.403942709,1083.575401,23.53907921,4.083450074,13.3,35.49982500000006,-3.8346297200000024
88.80000000000001,1036.757735,19.94545474,2.416162285,1085.954203,23.9397748,3.917132626,13.3,35.8964680000001,-3.9943200599999997
88.9,1038.764056,20.18768195,2.428196441,1088.372191,24.32280194,3.741929041,13.3,36.30813499999995,-4.13511999
89.0,1040.794661,20.43113111,2.438558418,1090.827598,24.68816061,3.565244433,13.3,36.73293700000018,-4.257029500000002
89.10000000000001,1042.849671,20.67580224,2.447729524,1093.318657,25.03585083,3.388559825,13.3,37.16898600000009,-4.360048590000002
89.2,1044.92921,20.92158406,2.453173699,1095.843602,25.36587258,3.211875218,13.3,37.61439199999991,-4.444288520000001
89.30000000000001,1047.033399,21.16758454,2.454082645,1098.400666,25.67822587,3.03519061,13.3,38.067267000000086,-4.510641329999999
89.4,1049.162361,21.41409246,2.449428985,1100.988081,25.9729107,2.858506002,13.3,38.52572000000005,-4.558818240000001
89.5,1051.316218,21.65958617,2.43828562,1103.604082,26.24992707,2.681821394,13.3,38.98786400000013,-4.5903408999999975
89.60000000000001,1053.495002,21.9035807,2.421026787,1106.246901,26.50927498,2.505591115,13.3,39.45189899999987,-4.605694280000002
89.7,1055.698392,22.14545963,2.396244076,1108.914771,26.75095443,2.332086807,13.3,39.916378999999964,-4.605494799999999
89.80000000000001,1057.925975,22.38455544,2.366288128,1111.605926,26.97496541,2.164034442,13.3,40.37995099999985,-4.59040997
89.9,1060.17734,22.62020061,2.331967241,1114.318599,27.18158054,2.00415999,13.3,40.841258999999994,-4.5613799299999975
90.0,1062.452075,22.8518389,2.294308792,1117.051022,27.37216278,1.855189423,13.3,41.29894700000018,-4.520323879999999
90.10000000000001,1064.749767,23.07935905,2.2544253,1119.801429,27.54834773,1.719848713,13.3,41.75166200000008,-4.468988679999999
90.2,1067.070005,23.30276105,2.213429287,1122.568054,27.71177097,1.600409501,13.3,42.19804900000004,-4.409009919999999
90.30000000000001,1069.412378,23.5220449,2.172247853,1125.349346,27.86406808,1.497326117,13.3,42.63696799999998,-4.342023179999998
90.4,1071.776474,23.73721062,2.13106642,1128.144631,28.00687464,1.410144232,13.3,43.068156999999886,-4.2696640200000004
90.5,1074.161879,23.94825819,2.089884987,1130.953449,28.14182624,1.336592203,13.3,43.491570000000095,-4.19356805
90.60000000000001,1076.568184,24.15518761,2.048703554,1133.775343,28.27055845,1.273944059,13.3,43.90715900000005,-4.115370840000001
90.7,1078.994976,24.3579989,2.007522121,1136.609853,28.39443427,1.219473829,13.3,44.31487699999998,-4.036435370000003
90.80000000000001,1081.441843,24.55669204,1.966340687,1139.456522,28.51372629,1.170455541,13.3,44.71467899999989,-3.9570342499999995
90.9,1083.908374,24.75126704,1.925159254,1142.31489,28.62843452,1.124163225,13.3,45.10651600000001,-3.8771674800000007
91.0,1086.394156,24.94172389,1.884050118,1145.1845,28.73855894,1.078325237,13.3,45.49034400000001,-3.796835050000002
91.10000000000001,1088.898777,25.1280626,1.843374766,1148.064894,28.84409956,1.032487249,13.3,45.86611699999999,-3.7160369600000003
91.2,1091.421827,25.31028317,1.803566982,1150.955612,28.94505639,0.986649261,13.3,46.23378500000008,-3.6347732199999996
91.30000000000001,1093.962893,25.48842897,1.765060549,1153.856197,29.04142942,0.940811274,13.3,46.593304000000174,-3.553000449999999
91.4,1096.521563,25.6627169,1.728289251,1156.76619,29.13321864,0.894973286,13.3,46.94462700000004,-3.4705017399999996
91.5,1099.097426,25.83340722,1.693686872,1159.685133,29.22042407,0.849135298,13.3,47.28770699999991,-3.3870168499999984
91.60000000000001,1101.69007,26.00076022,1.661614899,1162.612567,29.3030457,0.803518024,13.3,47.6224969999998,-3.3022854799999983
91.7,1104.299117,26.16503615,1.632145629,1165.548034,29.38108354,0.759225035,13.3,47.948916999999895,-3.21604739
91.80000000000001,1106.924329,26.32649529,1.605206764,1168.491075,29.45453757,0.717580614,13.3,48.26674599999997,-3.128042279999999
91.9,1109.565503,26.48539791,1.580436818,1171.441233,29.52354023,0.679909046,13.3,48.57572999999998,-3.0381423199999986
92.0,1112.222435,26.64200427,1.557402007,1174.398049,29.58875367,0.646625251,13.3,48.875614,-2.946749399999998
92.10000000000001,1114.894922,26.79653128,1.535668548,1177.361064,29.65097244,0.621781608,13.3,49.166141999999994,-2.8544411600000004
92.2,1117.58276,26.94902231,1.514802657,1180.32982,29.71099113,0.603753592,13.3,49.44705999999992,-2.76196882
92.30000000000001,1120.285744,27.09947735,1.494370549,1183.303965,29.76905869,0.593671282,13.3,49.71822100000004,-2.6695813400000006
92.4,1123.003673,27.24789642,1.474010739,1186.28357,29.82760653,0.591313964,13.3,49.97989700000012,-2.5797101100000006
92.5,1125.736342,27.3942795,1.453650928,1189.268812,29.88579239,0.595578068,13.3,50.232470000000106,-2.491512889999999
92.60000000000001,1128.483547,27.5386266,1.433291118,1192.259868,29.94495643,0.606048674,13.3,50.476321000000056,-2.4063298300000007
92.7,1131.245085,27.68093773,1.412931307,1195.256917,30.00576082,0.618673404,13.3,50.711831999999916,-2.324823089999999
92.80000000000001,1134.020752,27.82121287,1.392571497,1198.260134,30.06833797,0.634856067,13.3,50.93938200000021,-2.2471251000000017
92.9,1136.810346,27.95945202,1.372211686,1201.269698,30.13268789,0.652363014,13.3,51.159352000000084,-2.173235869999999
93.0,1139.613661,28.0956552,1.351745752,1204.285785,30.19881058,0.670090676,13.3,51.37212399999994,-2.1031553800000005
93.10000000000001,1142.430495,28.2298224,1.330643074,1207.308574,30.26670603,0.687818338,13.3,51.578078999999846,-2.036883630000002
93.2,1145.260643,28.36195362,1.30826691,1210.33824,30.33637424,0.705545999,13.3,51.77759699999997,-1.97442062
93.30000000000001,1148.103903,28.49198518,1.283980515,1213.374962,30.40781523,0.723273661,13.3,51.97105900000015,-1.9158300500000003
93.4,1150.960071,28.61959871,1.257147147,1216.418917,30.48102897,0.741001323,13.3,52.158846,-1.8614302599999988
93.5,1153.828943,28.74441217,1.227130061,1219.470281,30.55601549,0.758728984,13.3,52.341338000000135,-1.8116033199999997
93.60000000000001,1156.710315,28.86604351,1.193398639,1222.529233,30.63277477,0.776456646,13.3,52.51891799999994,-1.7667312600000002
93.7,1159.603934,28.98411069,1.155846757,1225.59595,30.71130682,0.793785446,13.3,52.692015999999924,-1.7271961299999994
93.80000000000001,1162.50934,29.09823165,1.114580538,1228.670608,30.79161163,0.806002749,13.3,52.86126799999984,-1.6933799799999996
93.9,1165.426024,29.20802436,1.070130601,1231.753386,30.87368921,0.818870373,13.3,53.027362,-1.6656648499999989
94.0,1168.353478,29.31310676,1.023133692,1234.84446,30.95730024,0.821840162,13.3,53.190982000000034,-1.6441934799999984
94.10000000000001,1171.291192,29.41316049,0.974226552,1237.944007,31.03961714,0.815237278,13.3,53.35281500000015,-1.6264566500000015
94.2,1174.238656,29.50812187,0.924045925,1241.052206,31.124097,0.796668551,13.3,53.51355000000008,-1.615975129999999
94.30000000000001,1177.195362,29.5979909,0.873228555,1244.169233,31.20441092,0.764139675,13.3,53.67387100000015,-1.6064200200000016
94.4,1180.160801,29.68276758,0.822305061,1247.295074,31.280754,0.719970117,13.3,53.834273000000124,-1.5979864200000016
94.5,1183.134462,29.76245192,0.771381567,1250.428949,31.35169034,0.656403751,13.3,53.99448700000012,-1.589238420000001
94.60000000000001,1186.115837,29.8370439,0.720458073,1253.569886,31.41578405,0.583589872,13.3,54.154048999999944,-1.578740149999998
94.7,1189.104417,29.90654353,0.669534579,1256.716915,31.47159921,0.50120332,13.3,54.31249799999996,-1.5650556800000004
94.80000000000001,1192.099692,29.97095081,0.618611084,1259.869063,31.51793925,0.411637262,13.3,54.469371000000095,-1.5469884399999998
94.9,1195.101153,30.03026575,0.56768759,1263.02536,31.55456484,0.317284866,13.3,54.62420700000003,-1.5242990899999995
95.0,1198.108292,30.08448833,0.516764096,1266.184833,31.58147599,0.220539303,13.3,54.77654100000014,-1.496987660000002
95.10000000000001,1201.120597,30.13361857,0.465842518,1269.346512,31.5986727,0.123394878,13.3,54.92591499999999,-1.4650541300000022
95.2,1204.137561,30.17765645,0.414932435,1272.509425,31.60615497,0.026250453,13.3,55.07186399999996,-1.428498519999998
95.30000000000001,1207.158675,30.21660199,0.364045341,1275.6726,31.60392279,-0.070893972,13.3,55.2139250000002,-1.3873207999999977
95.4,1210.183428,30.25045632,0.313192732,1278.835067,31.59197617,-0.168038397,13.3,55.351638999999935,-1.3415198499999974
95.5,1213.211312,30.27922521,0.262386102,1281.995853,31.57031511,-0.265182822,13.3,55.48454099999999,-1.2910898999999993
95.60000000000001,1216.241817,30.30291554,0.211636946,1285.153987,31.53893961,-0.362327247,13.3,55.612169999999836,-1.2360240699999991
95.7,1219.274435,30.3215342,0.160954843,1288.308498,31.49784966,-0.459414354,13.3,55.73406300000006,-1.1763154600000014
95.80000000000001,1222.308657,30.33508811,0.110341709,1291.458414,31.44704527,-0.556157554,13.3,55.84975699999991,-1.1119571599999993
95.9,1225.343977,30.34358416,0.059795629,1294.602764,31.38652644,-0.652212941,13.3,55.95878699999999,-1.0429422800000019
96.0,1228.379894,30.34702923,0.009307023,1297.740577,31.31632756,-0.747236606,13.3,56.06068300000011,-0.9692983300000009
96.10000000000001,1231.415902,30.34543023,-0.041135604,1300.87088,31.23662058,-0.840884644,13.3,56.154977999999986,-0.8911903499999987
96.2,1234.451499,30.33879291,-0.091543747,1303.992703,31.14761184,-0.932813147,13.3,56.24120399999988,-0.808818930000001
96.30000000000001,1237.486179,30.32711842,-0.1419289,1307.105074,31.0495077,-1.022735527,13.3,56.31889500000007,-0.722389279999998
96.4,1240.519441,30.31040675,-0.192302558,1310.207049,30.94251449,-1.110594465,13.3,56.387608000000185,-0.6321077400000021
96.5,1243.550779,30.28865791,-0.2426743,1313.297794,30.82683855,-1.196447279,13.3,56.44701500000015,-0.5381806400000002
96.60000000000001,1246.579691,30.26187189,-0.293046042,1316.376504,30.70268624,-1.280580559,13.3,56.49681300000016,-0.44081435000000013
96.7,1249.605672,30.2300487,-0.343417785,1319.44237,30.5702639,-1.363338211,13.3,56.53669800000007,-0.3402151999999994
96.80000000000001,1252.628219,30.19318833,-0.393789527,1322.494588,30.42974348,-1.445064142,13.3,56.56636900000008,-0.23655514999999738
96.9,1255.646828,30.15129079,-0.444161269,1325.532351,30.28115936,-1.526102259,13.3,56.58552300000015,-0.1298685699999993
97.0,1258.660996,30.10435608,-0.494533011,1328.554852,30.12451156,-1.60679647,13.3,56.59385599999992,-0.02015547999999967
97.10000000000001,1261.670218,30.05238419,-0.54488007,1331.561285,29.95980007,-1.687433363,13.3,56.591067000000024,0.09258412000000149
97.2,1264.673991,29.99537513,-0.595079028,1334.550844,29.78702489,-1.768070255,13.3,56.57685300000021,0.2083502399999979
97.30000000000001,1267.671812,29.93332889,-0.644981785,1337.522722,29.60618602,-1.848707148,13.3,56.55090999999989,0.3271428699999994
97.4,1270.663176,29.86626029,-0.69444024,1340.476113,29.41728346,-1.92934404,13.3,56.51293699999992,0.44897682999999944
97.5,1273.64758,29.79424338,-0.743306293,1343.41021,29.22031721,-2.009980933,13.3,56.46262999999995,0.57392617
97.60000000000001,1276.624519,29.71736701,-0.791431842,1346.324208,29.01528727,-2.090617826,13.3,56.39968900000004,0.7020797399999985
97.7,1279.593492,29.63572005,-0.838693472,1349.2173,28.80219365,-2.170303908,13.3,56.32380800000006,0.8335264000000002
97.80000000000001,1282.554004,29.54939135,-0.885066497,1352.088679,28.58103633,-2.24428513,13.3,56.23467499999988,0.9683550200000006
97.9,1285.505613,29.45846979,-0.930575603,1354.937539,28.35181532,-2.303747919,13.3,56.13192599999998,1.1066544699999987
98.0,1288.447885,29.36304421,-0.975344205,1357.763074,28.11510111,-2.352313549,13.3,56.01518899999992,1.2479431000000005
98.10000000000001,1291.380388,29.26320348,-1.019520404,1360.564477,27.87374613,-2.374951024,13.3,55.88408899999986,1.3894573500000007
98.2,1294.302689,29.15902165,-1.063252302,1363.340942,27.63303852,-2.369064196,13.3,55.73825299999994,1.5259831300000002
98.30000000000001,1297.214355,29.05051352,-1.106687999,1366.091663,27.39080552,-2.329899014,13.3,55.57730799999986,1.6597079999999984
98.4,1300.114955,28.93767911,-1.149975595,1368.816289,27.15606571,-2.256504667,13.3,55.40133400000009,1.7816134000000012
98.5,1303.004054,28.8205184,-1.193238508,1371.516297,26.93037681,-2.152940678,13.3,55.2122429999999,1.8901415900000025
98.60000000000001,1305.881222,28.69903141,-1.23650142,1374.193617,26.71716171,-2.014634962,13.3,55.01239499999993,1.9818697000000007
98.7,1308.746024,28.57321812,-1.279764333,1376.850183,26.51984333,-1.856618515,13.3,54.804158999999984,2.0533747899999995
98.80000000000001,1311.598028,28.44307854,-1.323027245,1379.487926,26.34127411,-1.681487486,13.3,54.589897999999906,2.101804429999998
98.9,1314.436803,28.30861267,-1.366290158,1382.108778,26.18202454,-1.494946736,13.3,54.37197499999998,2.1265881299999982
99.0,1317.261914,28.16982051,-1.409553071,1384.714671,26.04209461,-1.302701124,13.3,54.15275700000002,2.1277259000000015
99.10000000000001,1320.07293,28.02670206,-1.452815983,1387.307537,25.92148431,-1.109504703,13.3,53.93460699999987,2.1052177500000013
99.2,1322.869418,27.87925731,-1.495511051,1389.889308,25.82019366,-0.916308282,13.3,53.719890000000035,2.059063649999999
99.30000000000001,1325.650944,27.72748628,-1.534799049,1392.461916,25.73822266,-0.72311186,13.3,53.510971999999995,1.9892636199999991
99.4,1328.417078,27.57138895,-1.564578508,1395.027293,25.67557129,-0.529915439,13.3,53.310215000000156,1.8958176599999987
99.5,1331.167385,27.41130604,-1.58952556,1397.587371,25.63223957,-0.336719017,13.3,53.11998600000011,1.77906647
99.60000000000001,1333.901434,27.24894108,-1.598149934,1400.144081,25.60822749,-0.143522596,13.3,52.94264699999981,1.6407135900000007
99.7,1336.618792,27.08795495,-1.589738961,1402.699356,25.60353505,0.049673825,13.3,52.7805640000001,1.484419899999999
99.80000000000001,1339.319025,26.92554198,-1.561453416,1405.255128,25.61816225,0.24229704,13.3,52.636103000000006,1.3073797299999974
99.9,1342.001975,26.76859632,-1.512725454,1407.813329,25.6521091,0.431481015,13.3,52.51135400000017,1.1164872199999998
100.0,1344.66857,26.61754558,-1.446817323,1410.37589,25.70537559,0.61378651,13.3,52.407319999999984,0.9121699900000024
100.10000000000001,1347.320015,26.47443399,-1.358485042,1412.944744,25.77761779,0.785774286,13.3,52.32472899999989,0.6968162000000007
100.2,1349.957512,26.34130581,-1.259218885,1415.521823,25.8671161,0.944005102,13.3,52.26431100000009,0.474189710000001
100.30000000000001,1352.582262,26.21986456,-1.149731519,1418.109058,25.97180696,1.085039719,13.3,52.22679600000011,0.24805760000000276
100.4,1355.195471,26.11045095,-1.033430015,1420.708382,26.08962683,1.206012104,13.3,52.212911000000034,0.020824120000000335
100.5,1357.798339,26.01306499,-0.913721441,1423.321451,26.21851216,1.306349049,13.3,52.223112000000086,-0.20544716999999935
100.60000000000001,1360.39207,25.92770666,-0.793445023,1425.948821,26.35639942,1.386623762,13.3,52.25675099999985,-0.42869276000000056
100.7,1362.977866,25.85437598,-0.673168604,1428.590775,26.50122506,1.449702276,13.3,52.31290899999995,-0.6468490799999991
100.80000000000001,1365.556931,25.79307294,-0.552892186,1431.247592,26.65092553,1.49902383,13.3,52.39066099999987,-0.8578525900000002
100.9,1368.130467,25.74379755,-0.432615767,1433.919554,26.80378121,1.538027665,13.3,52.48908700000011,-1.0599836600000003
101.0,1370.699677,25.70654979,-0.312339348,1436.606942,26.95944819,1.57015302,13.3,52.60726499999983,-1.2528983999999994
101.10000000000001,1373.265763,25.68132968,-0.19206293,1439.310038,27.11792646,1.598839135,13.3,52.74427499999997,-1.4365967799999986
101.2,1375.829929,25.6681372,-0.071786511,1442.029122,27.27921602,1.626952043,13.3,52.899192999999926,-1.6110788199999995
101.30000000000001,1378.393377,25.66697237,0.048155148,1444.764476,27.44331687,1.655064952,13.3,53.07109899999996,-1.7763445000000004
101.4,1380.95731,25.67783519,0.16608825,1447.51638,27.61022901,1.68317786,13.3,53.25907000000002,-1.9323938200000015
101.5,1383.52293,25.70072564,0.280004237,1450.285116,27.77995244,1.711290769,13.3,53.46218599999993,-2.079226799999997
101.60000000000001,1386.091441,25.73544288,0.387894553,1453.070965,27.95248716,1.739403677,13.3,53.67952399999986,-2.2170442799999996
101.7,1388.664045,25.78098263,0.487750639,1455.874208,28.12783318,1.767516586,13.3,53.91016299999997,-2.346850549999999
101.80000000000001,1391.241945,25.83613975,0.57756394,1458.695126,28.30599048,1.795121736,13.3,54.15318100000009,-2.4698507299999974
101.9,1393.826344,25.89970911,0.655660656,1461.534,28.48695907,1.817598993,13.3,54.407656000000046,-2.587249960000001
102.0,1396.418283,25.97048557,0.721706029,1464.391112,28.67073896,1.838145844,13.3,54.67282900000005,-2.7002533900000003
102.10000000000001,1399.018163,26.047264,0.776034819,1467.266742,28.85702548,1.847471705,13.3,54.948579000000066,-2.8097614800000024
102.2,1401.626221,26.12883927,0.820320822,1470.161172,29.04304656,1.844611373,13.3,55.234951000000095,-2.9142072900000002
102.30000000000001,1404.242697,26.21400624,0.856572596,1473.074683,29.23072068,1.826518299,13.3,55.531986000000146,-3.016714440000001
102.4,1406.867829,26.30176064,0.886798698,1476.007556,29.4144735,1.790653694,13.3,55.839726999999996,-3.1127128599999985
102.5,1409.501856,26.3919016,0.913007686,1478.959828,29.5937259,1.738591145,13.3,56.15797199999993,-3.2018242999999984
102.60000000000001,1412.145016,26.48442913,0.937208116,1481.930562,29.76664994,1.664594373,13.3,56.48554600000007,-3.282220810000002
102.7,1414.797549,26.57934322,0.961073787,1484.918577,29.9314177,1.577446206,13.3,56.82102800000003,-3.3520744800000024
102.80000000000001,1417.459692,26.67664388,0.984939458,1487.922691,30.08620124,1.478111845,13.3,57.162999000000084,-3.409557360000001
102.9,1420.131684,26.77633111,1.008805129,1490.941723,30.22947731,1.36963784,13.3,57.51003899999996,-3.453146199999999
103.0,1422.813765,26.87840491,1.0326708,1493.974492,30.36094123,1.255070738,13.3,57.860726999999955,-3.4825363200000012
103.10000000000001,1425.506172,26.98286527,1.056536472,1497.019817,30.48059301,1.137457088,13.3,58.213645,-3.4977277399999984
103.2,1428.209145,27.0897122,1.080402143,1500.076517,30.58843264,1.01933568,13.3,58.567371999999935,-3.4987204399999996
103.30000000000001,1430.922921,27.1989457,1.10423155,1503.14341,30.68446014,0.901214272,13.3,58.92048899999982,-3.4855144399999993
103.4,1433.64774,27.31056577,1.127843375,1506.219315,30.7686755,0.783092864,13.3,59.27157499999994,-3.4581097300000003
103.5,1436.383841,27.4245724,1.151020036,1509.303051,30.84107871,0.664971455,13.3,59.619210000000024,-3.4165063100000026
103.60000000000001,1439.131462,27.54094384,1.173543949,1512.393437,30.90166979,0.546850047,13.3,59.961974999999896,-3.360725949999999
103.7,1441.890841,27.6595713,1.195197534,1515.489291,30.95044872,0.428728639,13.3,60.29845000000019,-3.290877420000001
103.80000000000001,1444.662217,27.78032423,1.215763208,1518.589433,30.98741552,0.311105298,13.3,60.62721600000005,-3.2070912899999975
103.9,1447.44583,27.90307207,1.235059652,1521.69268,31.01257017,0.196470361,13.3,60.946850000000225,-3.1094980999999997
104.0,1450.2419,28.02768429,1.253050603,1524.797853,31.02591268,0.08781223,13.3,61.25595300000005,-2.9982283900000013
104.10000000000001,1453.050578,28.15403032,1.269772324,1527.903769,31.02774189,-0.011880691,13.3,61.55319099999993,-2.873711570000001
104.2,1455.872,28.28197963,1.285406133,1531.009247,31.01955201,-0.099619998,13.3,61.83724699999989,-2.737572380000003
104.30000000000001,1458.706299,28.41140166,1.300169614,1534.113107,31.00313606,-0.175615868,13.3,62.10680799999996,-2.5917344
104.4,1461.553609,28.54218762,1.314280348,1537.214167,30.9802871,-0.227782226,13.3,62.36055800000004,-2.4380994800000018
104.5,1464.414065,28.67431575,1.327955918,1540.311485,30.95279817,-0.265216744,13.3,62.597420000000014,-2.2784824199999996
104.60000000000001,1467.287801,28.80778606,1.341413905,1543.405074,30.92054316,-0.285218908,13.3,62.81727300000007,-2.1127570999999996
104.7,1470.174951,28.94259853,1.354835629,1546.495189,30.89107256,-0.290279056,13.3,63.02023800000002,-1.9484740299999999
104.80000000000001,1473.07565,29.07875318,1.368257352,1549.582082,30.86042196,-0.28338559,13.3,63.20643199999991,-1.7816687800000004
104.9,1475.990031,29.21625,1.381679076,1552.666007,30.83200472,-0.264328335,13.3,63.375975999999994,-1.6157547200000018
105.0,1478.918229,29.355089,1.3951008,1555.747217,30.80611967,-0.245691431,13.3,63.528987999999984,-1.4510306700000015
105.10000000000001,1481.860377,29.49527016,1.408522523,1558.825965,30.78276682,-0.220867545,13.3,63.66558800000003,-1.2874966599999986
105.2,1484.816612,29.6367935,1.421944247,1561.902504,30.76194616,-0.195545591,13.3,63.78589199999983,-1.1251526600000012
105.30000000000001,1487.787065,29.77965901,1.43536597,1564.977088,30.7436577,-0.170223638,13.3,63.89002300000011,-0.9639986900000004
105.4,1490.771872,29.9238667,1.448547691,1568.04997,30.72790143,-0.144901685,13.3,63.978098,-0.8040347299999979
105.5,1493.771167,30.06941655,1.459279634,1571.121402,30.71467736,-0.119579732,13.3,64.05023499999989,-0.6452608099999999
105.60000000000001,1496.785084,30.21630858,1.469151068,1574.191639,30.70398549,-0.094257778,13.3,64.1065549999998,-0.48767691000000113
105.7,1499.813758,30.36439878,1.473692691,1577.260933,30.69582581,-0.068935825,13.3,64.14717500000002,-0.3314270300000004
105.80000000000001,1502.857322,30.51236128,1.472474249,1580.329538,30.69019832,-0.043613871,13.3,64.17221599999989,-0.17783704
105.9,1505.915911,30.66114965,1.464055726,1583.397707,30.68710303,-0.018291918,13.3,64.18179600000003,-0.025953380000000692
106.0,1508.989658,30.80808231,1.447237107,1586.465693,30.68653994,0.007030035,13.3,64.17603500000014,0.12154237000000023
106.10000000000001,1512.078584,30.9529011,1.422788152,1589.533749,30.68850904,0.032351989,13.3,64.15516499999985,0.2643920599999987
106.2,1515.182246,31.09474201,1.387919579,1592.602129,30.69301033,0.057673942,13.3,64.11988300000003,0.40173168000000103
106.30000000000001,1518.300087,31.23274104,1.346860686,1595.671085,30.70004383,0.082995895,13.3,64.07099799999988,0.532697210000002
106.4,1521.43155,31.36603417,1.300041728,1598.740871,30.70960951,0.108317849,13.3,64.00932099999996,0.656424659999999
106.5,1524.576079,31.4939014,1.248902721,1601.811741,30.7217074,0.133639802,13.3,63.93566200000005,0.7721939999999989
106.60000000000001,1527.733116,31.61619872,1.194883682,1604.883947,30.73633747,0.158961755,13.3,63.85083099999993,0.8798612500000011
106.7,1530.902104,31.73292614,1.139424626,1607.957742,30.75349975,0.184283709,13.3,63.75563800000005,0.9794263900000004
106.80000000000001,1534.082486,31.84408365,1.083725568,1611.03338,30.77319422,0.209605662,13.3,63.650894000000065,1.0708894300000011
106.9,1537.273705,31.94967125,1.028026509,1614.111115,30.79542088,0.234927615,13.3,63.537409999999866,1.1542503699999997
107.0,1540.475205,32.04968895,0.972327451,1617.191199,30.82017974,0.260249569,13.3,63.41599400000014,1.2295092099999962
107.10000000000001,1543.686428,32.14413674,0.916628392,1620.273885,30.84747079,0.285571522,13.3,63.28745700000009,1.2966659500000013
107.2,1546.906817,32.23301463,0.860929334,1623.359427,30.87729404,0.310893475,13.3,63.15261000000005,1.3557205900000007
107.30000000000001,1550.135816,32.31632261,0.805230275,1626.448077,30.90964949,0.336215429,13.3,63.01226100000004,1.4066731200000007
107.4,1553.372867,32.39406068,0.749531217,1629.54009,30.94453713,0.361537382,13.3,62.867222999999925,1.449523550000002
107.5,1556.617413,32.46622885,0.693832158,1632.635719,30.98195696,0.386859335,13.3,62.71830600000017,1.4842718899999987
107.60000000000001,1559.868897,32.53282711,0.6381331,1635.735216,31.021909,0.407257575,13.3,62.56631899999998,1.5109181099999986
107.7,1563.126763,32.59385547,0.582434041,1638.838834,31.06439322,0.429590132,13.3,62.412070999999926,1.5294622500000017
107.80000000000001,1566.390454,32.64931392,0.526734983,1641.946828,31.10940964,0.448054056,13.3,62.25637400000001,1.5399042799999982
107.9,1569.659411,32.69920247,0.471035924,1645.05945,31.15400403,0.439027568,13.3,62.10003899999988,1.5451984400000036
108.0,1572.933079,32.74352111,0.415336866,1648.176954,31.20197468,0.412416391,13.3,61.94387500000012,1.541546430000004
108.10000000000001,1576.2109,32.78226984,0.359637807,1651.299592,31.25332159,0.38389033,13.3,61.78869200000004,1.5289482499999991
108.2,1579.492318,32.81544867,0.303938749,1654.427618,31.28532554,0.355677099,13.3,61.63529999999987,1.5301231300000033
108.30000000000001,1582.776775,32.84305759,0.24823969,1657.561285,31.31184306,0.330871219,13.3,61.48450999999996,1.5312145299999997
108.4,1586.063714,32.86509661,0.192540632,1660.700847,31.33920464,0.285221748,13.3,61.33713300000018,1.5258919700000035
108.5,1589.352579,32.88156572,0.136841573,1663.846556,31.36741029,0.282056504,13.3,61.19397699999986,1.5141554299999989
