t,x_follower,v_follower,a_follower,x_leader,v_leader,a_leader,leader_length,spacing,dv
589.5,732.0437019,17.19440893,1.125654699,810.1732346,12.74824921,-2.060831902,12.8,65.32953270000003,4.446159720000001
589.6,733.7658765,17.31276367,1.241440149,811.4396324,12.53812391,-2.131840746,12.8,64.87375590000006,4.7746397599999995
589.7,735.5004654,17.44269696,1.357225599,812.6845238,12.32104567,-2.199803893,12.8,64.38405839999992,5.121651289999999
589.8000000000001,737.2486266,17.58420879,1.471716673,813.9071614,12.09732774,-2.264634324,12.8,63.85853479999999,5.486881050000001
589.9,739.0115179,17.73729917,1.578441494,815.1069646,11.86728341,-2.326419058,12.8,63.29544670000003,5.870015759999999
590.0,740.7902972,17.90196809,1.663398047,816.2833949,11.63122594,-2.385593195,12.8,62.69309769999991,6.27074215
590.1,742.5861222,18.07743893,1.737527365,817.4359136,11.38946861,-2.442678854,12.8,62.049791400000075,6.68797032
590.2,744.400151,18.25982857,1.774355909,818.5639819,11.14227248,-2.498198154,12.8,61.363830899999996,7.117556089999999
590.3000000000001,746.2335413,18.44073579,1.772353187,819.6670614,10.88968975,-2.552673216,12.8,60.63352010000001,7.551046040000001
590.4,748.087451,18.62672521,1.725047322,820.7446132,10.63172043,-2.606626158,12.8,59.85716220000002,7.99500478
590.5,749.9624166,18.80191271,1.631143939,821.7960987,10.36836452,-2.660492081,12.8,59.033682100000036,8.43354819
590.6,751.8564895,18.96538,1.498173174,822.8209794,10.09962201,-2.714358003,12.8,58.164489900000106,8.86575799
590.7,753.7670997,19.11246732,1.313899621,823.8187164,9.825492918,-2.768223926,12.8,57.25161669999996,9.286974402
590.8000000000001,755.6916773,19.23851493,1.104796817,824.7887713,9.545977229,-2.822089848,12.8,56.29709399999997,9.692537701000001
590.9,757.6276524,19.33963969,0.872395253,825.7306052,9.261074948,-2.87595577,12.8,55.30295280000003,10.078564742
591.0,759.572455,19.41506498,0.624461184,826.6436795,8.970786075,-2.929821693,12.8,54.271224499999974,10.444278905000001
591.1,761.5235151,19.4647908,0.368760861,827.5274557,8.675110609,-2.983687615,12.8,53.20394059999997,10.789680190999999
591.2,763.4782629,19.48881715,0.111766163,828.381395,8.374048552,-3.03693165,12.8,52.103132099999996,11.114768598
591.3000000000001,765.4341283,19.48714403,-0.145228535,829.2049587,8.067599902,-3.086444358,12.8,50.970830400000025,11.419544128
591.4,767.3885414,19.45977145,-0.402223233,829.9976082,7.75576466,-3.1260863,12.8,49.80906679999994,11.704006790000001
591.5,769.3389323,19.40669939,-0.659217931,830.7588049,7.438915958,-3.159350491,12.8,48.619872599999965,11.967783432000001
591.6,771.282731,19.32792786,-0.916212629,831.4880101,7.11891946,-3.175281263,12.8,47.40527909999999,12.209008399999998
591.7,773.2173676,19.22345686,-1.173207327,832.1846851,6.79945883,-3.172555403,12.8,46.16731750000004,12.42399803
591.8000000000001,775.1402722,19.0932864,-1.429833873,832.8482913,6.478438257,-3.148063473,12.8,44.908019100000004,12.614848143
591.9,777.0488747,18.93741646,-1.68425151,833.4785885,6.162431144,-3.101183585,12.8,43.62971379999995,12.774985316000002
592.0,778.9406052,18.75584705,-1.934251328,834.0765305,5.852231418,-3.034945742,12.8,42.33592529999994,12.903615632000001
592.1,780.8128938,18.54879906,-2.177624418,834.6433699,5.550077874,-2.945235038,12.8,41.03047610000006,12.998721186000001
592.2,782.6631706,18.31737695,-2.41216187,835.1803588,5.258209309,-2.843007143,12.8,39.71718820000008,13.059167641
592.3000000000001,784.4888655,18.06290607,-2.635654774,835.6887498,4.978491385,-2.729585269,12.8,38.39988430000001,13.084414685
592.4,786.2874087,17.78671174,-2.846262374,836.1697952,4.711297235,-2.608700743,12.8,37.08238649999994,13.075414505000001
592.5,788.0564069,17.49011934,-3.043616517,836.6247474,4.456626859,-2.484084891,12.8,35.76834050000009,13.033492481
592.6,789.7941737,17.17445419,-3.228085354,837.0548587,4.214480256,-2.358847151,12.8,34.46068499999997,12.959973933999999
592.7,791.4991995,16.84104164,-3.401509645,837.4613816,3.984857428,-2.23360941,12.8,33.16218209999995,12.856184212
592.8000000000001,793.1699746,16.49120704,-3.566098297,837.8455683,3.767758374,-2.10837167,12.8,31.87559369999992,12.723448666
592.9,794.8049893,16.12605485,-3.724060222,838.2086713,3.563183094,-1.98313393,12.8,30.603682000000003,12.562871756
593.0,796.4027339,15.74580596,-3.877604327,838.551943,3.371131588,-1.85789619,12.8,29.349209100000007,12.374674372000001
593.1,797.9616988,15.35046036,-4.028939523,838.8766358,3.191603856,-1.73265845,12.8,28.11493700000001,12.158856504
593.2,799.4803743,14.94001805,-4.179906567,839.1840019,3.024599898,-1.60750947,12.8,26.903627600000004,11.915418152
593.3000000000001,800.9572508,14.51447904,-4.330873611,839.4752939,2.870119715,-1.482893052,12.8,25.7180431,11.644359325
593.4,802.3908185,14.07384333,-4.481840656,839.751764,2.728163305,-1.359341759,12.8,24.560945499999956,11.345680025
593.5,803.7795678,13.61811091,-4.6328077,840.0146646,2.598677413,-1.237388153,12.8,23.43509679999995,11.019433497000001
593.6,805.121989,13.14728179,-4.783774744,840.2652482,2.481395757,-1.117564796,12.8,22.343259199999988,10.665886033
593.7,806.4165725,12.66135596,-4.934741789,840.5047671,2.375998801,-1.00040425,12.8,21.28819459999995,10.285357159
593.8000000000001,807.6618086,12.16033343,-5.084156289,840.7344737,2.282167007,-0.886350317,12.8,20.272665099999994,9.878166423
593.9,808.8561875,11.6442142,-5.224255528,840.9555777,2.199580837,-0.775491757,12.8,19.299390200000015,9.444633363000001
594.0,809.9981998,11.11299826,-5.341727753,841.1691185,2.127920755,-0.667739811,12.8,18.370918700000015,8.985077505
594.1,811.0863355,10.56761714,-5.439247175,841.3760929,2.066867223,-0.562650676,12.8,17.489757399999984,8.500749917
594.2,812.1190852,10.01272847,-5.49550906,841.5774976,2.016100703,-0.45969179,12.8,16.658412400000042,7.9966277670000006
594.3000000000001,813.0949392,9.456319312,-5.505194636,841.7743293,1.975354914,-0.358330591,12.8,15.879390099999977,7.480964397999999
594.4,814.0123876,8.896785128,-5.460541187,841.9675848,1.944576601,-0.258034517,12.8,15.155197200000043,6.952208527
594.5,814.8706662,8.346908762,-5.359996168,842.1582609,1.923765763,-0.158271004,12.8,14.487594699999999,6.4231429989999995
594.6,815.6719913,7.809881476,-5.209108613,842.3473543,1.9129224,-0.058596252,12.8,13.87536300000006,5.896959076
594.7,816.4193247,7.291292427,-5.003651769,842.5358616,1.912046513,0.0410785,12.8,13.316536900000028,5.379245914
594.8000000000001,817.1156279,6.796730773,-4.764930369,842.7247798,1.9211381,0.140753252,12.8,12.809151899999915,4.875592673
594.9,817.7638626,6.330854144,-4.498263185,842.9151055,1.940197163,0.240428004,12.8,12.351242899999942,4.390656981
595.0,818.3669904,5.894594066,-4.212965477,843.1078355,1.969223701,0.340102756,12.8,11.9408451,3.925370365
595.1,818.9279731,5.48795054,-3.918352508,843.3039665,2.008217714,0.439777508,12.8,11.57599339999997,3.479732826
595.2,819.4497722,5.110923565,-3.622186995,843.5044953,2.057179202,0.539010119,12.8,11.254723100000046,3.0537443630000003
595.3000000000001,819.9353495,4.763513141,-3.326021482,843.7104186,2.116108166,0.635589883,12.8,10.975069099999995,2.6474049749999997
595.4,820.3876666,4.445719269,-3.029855969,843.9227332,2.185004605,0.726863954,12.8,10.73506660000005,2.2607146639999995
595.5,820.8096851,4.157541947,-2.733690456,844.1424358,2.263603234,0.810179485,12.8,10.532750700000019,1.8939387130000003
595.6,821.2043667,3.898981177,-2.437524943,844.3705232,2.350577631,0.88288363,12.8,10.366156499999942,1.5484035459999999
595.7,821.5746731,3.670036959,-2.14135943,844.6079921,2.444336086,0.944754635,12.8,10.233319000000005,1.225700873
595.8000000000001,821.9235658,3.470709291,-1.84616094,844.8558392,2.543286894,0.986288516,12.8,10.132273399999985,0.927422397
595.9,822.2540066,3.300998175,-1.55676459,845.1148491,2.645838344,1.014336411,12.8,10.060842499999989,0.6551598310000002
596.0,822.5689572,3.160903611,-1.27897252,845.3849574,2.751857386,1.026909367,12.8,10.016000199999961,0.409046225
596.1,822.8713791,3.049845383,-1.018586868,845.6658875,2.855376344,1.02621809,12.8,9.99450840000004,0.1944690389999999
596.2,823.164234,2.964922423,-0.781409776,845.9573627,2.959179477,1.014915426,12.8,9.99312870000001,0.0057429459999998045
596.3000000000001,823.4504836,2.902653447,-0.573243382,846.2591065,3.060481706,0.993223131,12.8,10.008622900000045,-0.15782825899999997
596.4,823.7330896,2.859557171,-0.398922803,846.5708422,3.159017747,0.971087327,12.8,10.037752600000044,-0.299460576
596.5,824.0145494,2.83215231,-0.259415063,846.8922931,3.2547876,0.943867584,12.8,10.077743699999996,-0.42263528999999966
596.6,824.2955038,2.816957582,-0.153753137,847.2231828,3.347791264,0.916205701,12.8,10.127679000000011,-0.5308336819999999
596.7,824.5761294,2.810491702,-0.07710191,847.5632345,3.43802874,0.888543817,12.8,10.187105100000007,-0.6275370379999998
596.8000000000001,824.8566029,2.809273386,-0.023659242,847.9121716,3.525500028,0.860881933,12.8,10.25556869999998,-0.7162266420000001
596.9,825.1371009,2.810401565,0.012377006,848.2697176,3.610205127,0.833220049,12.8,10.332616700000084,-0.7998035620000001
597.0,825.4178001,2.813296024,0.036808976,848.6355957,3.692144037,0.805558165,12.8,10.41779559999993,-0.8788480129999998
597.1,825.698877,2.817956765,0.055438805,849.0095295,3.77131676,0.777896281,12.8,10.510652499999946,-0.953359995
597.2,825.9805083,2.824383785,0.073101611,849.3912422,3.847723294,0.750234397,12.8,10.610733899999968,-1.023339509
597.3000000000001,826.2628706,2.832577087,0.090764418,849.7804572,3.921363639,0.722728444,12.8,10.717586599999958,-1.0887865519999997
597.4,826.5461406,2.842536669,0.108427224,850.176898,3.992237796,0.696158075,12.8,10.830757400000106,-1.1497011270000002
597.5,826.8304948,2.854262532,0.12609003,850.5802879,4.060345765,0.671458875,12.8,10.949793100000033,-1.2060832330000002
597.6,827.11611,2.867754675,0.143752836,850.9903503,4.125781104,0.649566429,12.8,11.074240299999996,-1.2580264289999996
597.7,827.4031626,2.883013099,0.161415643,851.4068085,4.189011605,0.631416319,12.8,11.203645900000037,-1.3059985060000003
597.8000000000001,827.6918294,2.900037803,0.179078449,851.829386,4.250598619,0.617944132,12.8,11.337556600000038,-1.3505608159999998
597.9,827.982287,2.918828789,0.19661002,852.2578061,4.311103496,0.60992952,12.8,11.475519099999996,-1.3922747070000003
598.0,828.274712,2.939386055,0.213354181,852.6918671,4.371087588,0.607528414,12.8,11.617155099999945,-1.431701533
598.1,828.5692811,2.961709601,0.228523523,853.1316665,4.431112244,0.610584883,12.8,11.762385400000039,-1.4694026430000005
598.2,828.8661708,2.985720687,0.241330634,853.5773769,4.491738816,0.618319275,12.8,11.911206100000026,-1.5060181289999997
598.3000000000001,829.1655579,3.011025608,0.250988106,854.0291707,4.553528653,0.629796004,12.8,12.063612800000055,-1.5425030449999997
598.4,829.4676188,3.037151917,0.256708527,854.4872203,4.616949549,0.644079486,12.8,12.21960150000002,-1.579797632
598.5,829.7725303,3.063627169,0.257835723,854.9516983,4.682095061,0.660234137,12.8,12.379168000000004,-1.618467892
598.6,830.080406,3.089978918,0.25423846,855.422777,4.74896519,0.677324372,12.8,12.542370999999957,-1.658986272
598.7,830.3911075,3.115734717,0.246047972,855.900629,4.817559936,0.694570538,12.8,12.709521500000005,-1.7018252190000003
598.8000000000001,830.7044336,3.140422121,0.233920433,856.3854267,4.887879298,0.711816704,12.8,12.880993100000023,-1.7474571769999998
598.9,831.0201828,3.163568684,0.218643255,856.8773426,4.959923277,0.72906287,12.8,13.057159799999976,-1.7963545929999998
599.0,831.338154,3.1847807,0.201003847,857.3765491,5.033691872,0.746309036,12.8,13.238395100000002,-1.8489111720000002
599.1,831.6581456,3.203979429,0.181789619,857.8832186,5.109185084,0.763555202,12.8,13.425072999999951,-1.905205655
599.2,831.9799565,3.221164871,0.161787981,858.3975238,5.186402912,0.780801368,12.8,13.617567300000086,-1.965238041
599.3000000000001,832.3033852,3.236337025,0.141655107,858.9196369,5.265345357,0.7981069,12.8,13.81625170000002,-2.029008332
599.4,832.6282305,3.249495892,0.121522234,859.4497305,5.346012419,0.81576863,12.8,14.021500000000014,-2.096516527
599.5,832.9542911,3.260641472,0.101389361,859.9879771,5.428404097,0.834142756,12.8,14.233685999999988,-2.1677626249999995
599.6,833.2813655,3.269773765,0.081256488,860.534549,5.512556012,0.853585475,12.8,14.453183499999977,-2.242782247
599.7,833.6092525,3.27689277,0.061123615,861.0896189,5.598646262,0.874452986,12.8,14.68036639999998,-2.321753492
599.8000000000001,833.9377507,3.281998487,0.040990741,861.653359,5.686888566,0.897101486,12.8,14.915608299999985,-2.4048900790000003
599.9,834.2666588,3.285090918,0.021302147,862.2259419,5.777496643,0.921827806,12.8,15.159283099999993,-2.4924057250000002
600.0,834.5957755,3.286170061,0.007435953,862.8075686,5.870684211,0.948691313,12.8,15.411793100000022,-2.5845141500000004
600.1,834.9248995,3.285235917,-0.007412346,863.3985539,5.966664989,0.977632641,12.8,15.673654399999986,-2.681429072
600.2,835.2538293,3.282555053,-0.011106897,863.9992414,6.065652696,1.008354958,12.8,15.945412099999952,-2.783097643
600.3000000000001,835.5823638,3.281354341,-0.004138752,864.6099744,6.16786105,1.040502067,12.8,16.227610600000002,-2.886506709
600.4,835.9103015,3.27755108,0.016157761,865.2310964,6.273468151,1.073717769,12.8,16.52079490000001,-2.9959170710000005
600.5,836.2374412,3.27842678,0.052004039,865.8629508,6.382509618,1.107645866,12.8,16.825509599999986,-3.104082838
600.6,836.5637947,3.28368681,0.100687635,866.5058811,6.494985451,1.141930161,12.8,17.142086399999993,-3.211298641
600.7,836.890227,3.294930574,0.171234446,867.1602307,6.61089565,1.176273823,12.8,17.470003700000074,-3.315965076
600.8000000000001,837.2178164,3.313757477,0.2519529,867.8263431,6.730240215,1.210617485,12.8,17.808526700000083,-3.4164827380000005
600.9,837.5476409,3.341766922,0.343334051,868.5045616,6.853019147,1.244961146,12.8,18.156920699999954,-3.5112522250000002
601.0,837.8807788,3.380291748,0.442712222,869.1952297,6.979232445,1.279304808,12.8,18.514450899999996,-3.598940697
601.1,838.2183083,3.42959852,0.547421742,869.8986909,7.108880108,1.31364847,12.8,18.88038260000003,-3.6792815880000003
601.2,838.5613075,3.48968724,0.654796935,870.6152886,7.241962139,1.347992131,12.8,19.253981099999987,-3.752274899
601.3000000000001,838.9108547,3.560557907,0.762616407,871.3453662,7.378478535,1.382297628,12.8,19.634511499999984,-3.817920628
601.4,839.2680281,3.642210522,0.870435879,872.0892671,7.518429297,1.416374137,12.8,20.02123899999999,-3.876218775
601.5,839.6339059,3.734645083,0.978255352,872.8473348,7.661814426,1.449992669,12.8,20.413428900000053,-3.927169343
601.6,840.0095662,3.837861592,1.086074824,873.6199128,7.808611022,1.482924237,12.8,20.810346599999956,-3.97074943
601.7,840.3960872,3.951860048,1.193894296,874.4073444,7.958704591,1.514939852,12.8,21.211257200000045,-4.006844543
601.8000000000001,840.7945472,4.076640451,1.301713768,875.2099732,8.11195774,1.545810526,12.8,21.615426000000024,-4.035317288999999
601.9,841.2060243,4.212202802,1.40903203,876.0281425,8.268233077,1.575345436,12.8,22.022118199999976,-4.0560302749999995
602.0,841.6315968,4.358547099,1.513343028,876.8621774,8.427393208,1.603506416,12.8,22.43058059999994,-4.068846109
602.1,842.0723428,4.515673344,1.611639497,877.7123298,8.589300741,1.630331632,12.8,22.83998700000002,-4.073627397000001
602.2,842.5293405,4.68328081,1.700914175,878.5788333,8.753818283,1.656011907,12.8,23.249492800000052,-4.070537472999999
602.3000000000001,843.0036681,4.859865864,1.779847608,879.4619213,8.92080844,1.68077623,12.8,23.658253199999944,-4.060942576
602.4,843.4964038,5.043624149,1.840369098,880.3618274,9.09015672,1.704853587,12.8,24.065423599999985,-4.046532570999999
602.5,844.0086259,5.232751306,1.885036026,881.278785,9.261840221,1.728472969,12.8,24.4701591,-4.029088915
602.6,844.5411718,5.426455664,1.911659371,882.2130278,9.435858946,1.751863362,12.8,24.871855999999934,-4.009403282
602.7,845.093917,5.619894803,1.920740342,883.1647892,9.612212894,1.77521559,12.8,25.27087219999994,-3.9923180910000005
602.8000000000001,845.6664961,5.814302426,1.914784993,884.1343028,9.790902064,1.798567819,12.8,25.667806699999982,-3.9765996380000006
602.9,846.2585438,6.006861487,1.895112776,885.121802,9.971926458,1.821920047,12.8,26.063258200000018,-3.9650649710000003
603.0,846.8696949,6.196068354,1.869794391,886.1275204,10.15528607,1.845272276,12.8,26.457825499999966,-3.9592177160000004
603.1,847.4995839,6.381622302,1.836773666,887.1516916,10.34098091,1.868624504,12.8,26.8521077000001,-3.9593586080000005
603.2,848.1478458,6.56352333,1.800745677,888.194549,10.52901097,1.891976733,12.8,27.246703200000024,-3.96548764
603.3000000000001,848.8141151,6.741771437,1.764216477,889.2563262,10.71937626,1.915328961,12.8,27.642211100000008,-3.977604823000001
603.4,849.4980265,6.916366625,1.727687278,890.3372567,10.91207677,1.938236136,12.8,28.039230199999974,-3.9957101450000003
603.5,850.1992149,7.087308893,1.691158078,891.4375739,11.1071125,1.956017917,12.8,28.438358999999945,-4.019803606999999
603.6,850.9173148,7.254598241,1.654628878,892.5575115,11.30448345,1.973369194,12.8,28.840196700000046,-4.049885208999999
603.7,851.651961,7.418234669,1.618099679,893.697303,11.50392259,1.980254433,12.8,29.245342000000004,-4.085687921
603.8000000000001,852.4027882,7.578218176,1.581570479,894.8571819,11.70262172,1.97645838,12.8,29.654393699999968,-4.124403544
603.9,853.1694311,7.734548764,1.545377729,896.0373816,11.90339778,1.959310714,12.8,30.067950500000006,-4.168849016
604.0,853.9515244,7.887226432,1.511203675,897.2381358,12.10022943,1.926586165,12.8,30.48661139999997,-4.213002998
604.1,854.7487028,8.03625118,1.481067013,898.4594643,12.29298753,1.88029475,12.8,30.91076149999999,-4.256736349999999
604.2,855.5606011,8.181824878,1.45698644,899.7005325,12.48006988,1.813516311,12.8,31.339931400000022,-4.298245002
604.3000000000001,856.3868539,8.324956874,1.440980652,900.9602922,12.65987429,1.73584133,12.8,31.77343830000002,-4.334917416
604.4,857.2270959,8.466858384,1.435068344,902.2376951,12.83079857,1.647485057,12.8,32.210599200000004,-4.363940186000001
604.5,858.0809619,8.608740628,1.440931764,903.531693,12.99150756,1.551117816,12.8,32.65073109999999,-4.382766932000001
604.6,858.9482481,8.751814823,1.458907361,904.8412378,13.14173422,1.44940993,12.8,33.09298970000005,-4.389919397
604.7,859.8293966,8.897292187,1.488658686,906.165281,13.28147856,1.345031721,12.8,33.53588440000006,-4.384186373
604.8000000000001,860.7250111,9.046383936,1.528503492,907.5027746,13.41074057,1.240208458,12.8,33.977763499999995,-4.364356634
604.9,861.6356953,9.20030129,1.576423082,908.8526703,13.52952025,1.135385195,12.8,34.41697500000005,-4.329218959999999
605.0,862.5620529,9.360053596,1.630398761,910.2139199,13.63781761,1.030561932,12.8,34.85186699999993,-4.277764014000001
605.1,863.5046876,9.525842723,1.688411832,911.585475,13.73563264,0.925738669,12.8,35.280787399999966,-4.209789917
605.2,864.4642031,9.697668673,1.7484436,912.9662875,13.82296534,0.820915407,12.8,35.70208440000006,-4.125296666999999
605.3000000000001,865.4412029,9.875531443,1.808811816,914.3553092,13.89981572,0.716092144,12.8,36.11410629999996,-4.024284277
605.4,866.4362909,10.05943104,1.869180033,915.7514919,13.96618377,0.611404098,12.8,36.515201000000005,-3.906752730000001
605.5,867.4500707,10.24936745,1.92954825,917.1537872,14.02206949,0.507527358,12.8,36.903716500000044,-3.7727020400000004
605.6,868.483146,10.44534069,1.989916467,918.5611469,14.06747289,0.405273229,12.8,37.27800090000001,-3.6221321999999994
605.7,869.5361205,10.64735074,2.050284684,919.9725229,14.1024751,0.305453015,12.8,37.63640239999991,-3.4551243599999992
605.8000000000001,870.6095978,10.85539762,2.110652901,921.3868669,14.12748176,0.208878021,12.8,37.977269100000015,-3.2720841400000005
605.9,871.7041816,11.06948132,2.170456423,922.8031306,14.14297966,0.116359554,12.8,38.298949000000064,-3.0734983400000004
606.0,872.8204756,11.28960185,2.22687178,924.2202659,14.14945558,0.028573701,12.8,38.59979029999995,-2.8598537299999993
606.1,873.9590835,11.51575919,2.276510807,925.6372893,14.14739631,-0.054344321,12.8,38.8782058,-2.631637119999999
606.2,875.120609,11.74761454,2.315985337,927.0534773,14.13728863,-0.13252973,12.8,39.13286830000011,-2.3896740899999998
606.3000000000001,876.3056558,11.98347381,2.341907206,928.4681709,14.11961932,-0.206658612,12.8,39.36251510000007,-2.1361455100000004
606.4,877.5148275,12.22130411,2.350888248,929.8807114,14.09487516,-0.277542274,12.8,39.565883899999974,-1.8735710500000007
606.5,878.7487278,12.45907253,2.340104993,931.2904399,14.06346182,-0.34599202,12.8,39.74171210000004,-1.6043892900000003
606.6,880.0076894,12.69474617,2.308992745,932.6966978,14.02546041,-0.412819155,12.8,39.88900840000004,-1.3307142400000007
606.7,881.2909606,12.92629214,2.258116199,934.0988261,13.98087094,-0.478834986,12.8,40.00786550000005,-1.0545788000000016
606.8000000000001,882.5975189,13.15167754,2.190298826,935.496166,13.92969341,-0.544715598,12.8,40.098647100000065,-0.7780158700000008
606.9,883.9263416,13.36886946,2.108928792,936.8880588,13.87192782,-0.610596211,12.8,40.161717199999956,-0.5030583599999989
607.0,885.276406,13.57617383,2.017394262,938.2738456,13.80757417,-0.676476824,12.8,40.19743960000001,-0.23140034000000043
607.1,886.6466895,13.77325182,1.919083401,939.6528676,13.73663246,-0.742357437,12.8,40.20617810000006,0.03661936000000132
607.2,888.0361695,13.96010344,1.817384374,941.0244661,13.65910268,-0.80823805,12.8,40.188296600000015,0.3010007599999991
607.3000000000001,889.4438234,14.1367287,1.715120654,942.3879822,13.57498485,-0.874118662,12.8,40.14415879999997,0.5617438500000009
607.4,890.8686284,14.30312758,1.612856933,943.7427571,13.48427895,-0.939951671,12.8,40.07412869999992,0.8188486299999997
607.5,892.3095621,14.45930008,1.510593213,945.088132,13.38698499,-1.005499054,12.8,39.97856989999998,1.07231509
607.6,893.7656017,14.60524622,1.408329492,946.4234481,13.28310297,-1.070475188,12.8,39.85784639999993,1.3221432499999999
607.7,895.2357245,14.74096598,1.306065772,947.7480466,13.17266146,-1.134594445,12.8,39.71232210000001,1.5683045199999999
607.8000000000001,896.718908,14.86645937,1.203802051,949.0612687,13.05580325,-1.197571202,12.8,39.542360699999975,1.810656119999999
607.9,898.2141296,14.98172639,1.101505379,950.3624556,12.93269974,-1.259119834,12.8,39.348326,2.04902665
608.0,899.7203665,15.08676704,0.999011,951.6509485,12.80352229,-1.319002318,12.8,39.130582000000075,2.2832447499999997
608.1,901.2365962,15.18158131,0.896121204,952.9261114,12.66844227,-1.377171052,12.8,38.88951519999996,2.5131390400000004
608.2,902.7617959,15.26614945,0.792638284,954.1873997,12.52763107,-1.433673639,12.8,38.62560379999998,2.7385183800000004
608.3000000000001,904.2949432,15.34037258,0.688364531,955.4342918,12.38126007,-1.4887481,12.8,38.33934859999995,2.9591125100000006
608.4,905.8350153,15.40413209,0.583102239,956.666266,12.22950062,-1.542680061,12.8,38.031250699999944,3.1746314699999996
608.5,907.3809896,15.45730936,0.47668665,957.8828005,12.07249555,-1.595755146,12.8,37.70181090000001,3.3848138100000007
608.6,908.9318276,15.49978576,0.369084813,959.0833736,11.91027342,-1.648258981,12.8,37.35154599999994,3.5895123400000006
608.7,910.4864276,15.53144266,0.260329679,960.2674637,11.74283424,-1.700477191,12.8,36.981036100000054,3.788608419999999
608.8000000000001,912.0436722,15.55216144,0.150586004,961.434549,11.57017799,-1.752647797,12.8,36.590876800000004,3.9819834500000013
608.9,913.6024437,15.56182347,0.040051498,962.5841078,11.39230468,-1.804818402,12.8,36.18166409999999,4.16951879
609.0,915.1616246,15.5603299,-0.071076132,963.7156185,11.20921431,-1.856989008,12.8,35.753993900000026,4.351115589999999
609.1,916.7200973,15.54766096,-0.182599179,964.8285592,11.02090688,-1.909159613,12.8,35.308461899999955,4.52675408
609.2,918.2767444,15.52381666,-0.294319934,965.9224084,10.82738238,-1.961330219,12.8,34.84566400000001,4.69643428
609.3000000000001,919.8304483,15.48879698,-0.406073639,966.9966442,10.62864083,-2.013500825,12.8,34.36619590000005,4.86015615
609.4,921.3800915,15.44260193,-0.517827345,968.0507451,10.42468222,-2.06531331,12.8,33.870653599999926,5.017919710000001
609.5,922.9245564,15.38523151,-0.629581051,969.0841892,10.21550655,-2.114977076,12.8,33.35963279999994,5.16972496
609.6,924.4627255,15.31668572,-0.741334757,970.0964549,10.00111381,-2.160343402,12.8,32.833729399999996,5.315571910000001
609.7,925.9934812,15.23696456,-0.853088463,971.0870205,9.781718889,-2.199263567,12.8,32.29353929999998,5.455245671
609.8000000000001,927.5157061,15.14606803,-0.964842169,972.0553642,9.558396138,-2.229588853,12.8,31.739658099999996,5.5876718919999995
609.9,929.0282825,15.04399612,-1.076595875,973.0009644,9.332434791,-2.24917054,12.8,31.172681899999997,5.7115613289999985
610.0,930.530093,14.93074885,-1.188136303,973.9232994,9.105124078,-2.256218026,12.8,30.593206400000053,5.825624772000001
610.1,932.02002,14.80632621,-1.298397063,974.8220193,8.877753233,-2.250373193,12.8,30.00199929999992,5.928572977
610.2,933.4969459,14.67072819,-1.40609849,975.697462,8.651611488,-2.231994159,12.8,29.400516099999958,6.019116702
610.3000000000001,934.9597533,14.52408278,-1.509960914,976.550137,8.427988074,-2.202871526,12.8,28.79038369999996,6.096094706000001
610.4,936.4073246,14.36702979,-1.60870467,977.3805542,8.208172223,-2.165154014,12.8,28.173229599999967,6.158857567
610.5,937.8385422,14.20033703,-1.701050089,978.1892231,7.993238295,-2.120990341,12.8,27.550680900000042,6.207098735
610.6,939.2522887,14.0247723,-1.785930782,978.9766534,7.783401162,-2.072529228,12.8,26.924364700000023,6.241371138000001
610.7,940.6475488,13.84110341,-1.863133473,979.7433549,7.578660825,-2.021919396,12.8,26.295806100000004,6.2624425850000005
610.8000000000001,942.0237168,13.65009814,-1.932871437,980.4898372,7.379017283,-1.970951443,12.8,25.666120400000022,6.271080857000001
610.9,943.3802896,13.45252431,-1.996211065,981.21661,7.184470537,-1.919983491,12.8,25.036320399999976,6.268053772999999
611.0,944.7167638,13.2491497,-2.054432024,981.9241829,6.995020585,-1.869015538,12.8,24.407419100000038,6.2541291150000005
611.1,946.032636,13.04061417,-2.108813982,982.6130657,6.810667429,-1.818047586,12.8,23.780429699999967,6.229946740999999
611.2,947.3274031,12.82704566,-2.160636605,983.283768,6.631411068,-1.767079633,12.8,23.15636490000004,6.195634591999999
611.3000000000001,948.6005617,12.60844419,-2.211179561,983.9367995,6.457251502,-1.71611168,12.8,22.53623780000005,6.151192688
611.4,949.8516084,12.38480975,-2.261509238,984.5726699,6.288188732,-1.665143728,12.8,21.921061500000018,6.0966210180000004
611.5,951.0800401,12.15614234,-2.311838916,985.1918888,6.124222757,-1.614002739,12.8,21.311848699999995,6.0319195830000005
611.6,952.2853534,11.92244197,-2.362168594,985.794966,5.965353577,-1.561823534,12.8,20.70961260000008,5.957088392999999
611.7,953.467045,11.68370862,-2.412498272,986.3824112,5.811581192,-1.507567894,12.8,20.115366199999993,5.872127428000001
611.8000000000001,954.6246116,11.43994231,-2.46282795,986.9547339,5.663009425,-1.450197604,12.8,19.53012229999997,5.776932884999999
611.9,955.7575499,11.19114303,-2.513157628,987.5124439,5.520157382,-1.388674446,12.8,18.954894000000035,5.670985647999999
612.0,956.8653567,10.93731079,-2.563114833,988.0560508,5.383647995,-1.321960204,12.8,18.390694099999973,5.553662795
612.1,957.9475286,10.67844557,-2.610837206,988.5860644,5.254104194,-1.249189697,12.8,17.8385358,5.424341375999999
612.2,959.0035623,10.41454739,-2.654089913,989.1030774,5.132148909,-1.170189888,12.8,17.29951509999996,5.2823984809999995
612.3000000000001,960.0329545,10.14583972,-2.690638122,989.6080147,5.01840507,-1.085133814,12.8,16.775060200000052,5.12743465
612.4,961.035202,9.87343999,-2.718246999,990.1018844,4.913495607,-0.994886655,12.8,16.26668239999999,4.959944383
612.5,962.0098014,9.598689087,-2.734681712,990.5856945,4.81804345,-0.900486629,12.8,15.77589310000003,4.780645637
612.6,962.9562495,9.322927915,-2.7380799,991.060453,4.732567707,-0.802971952,12.8,15.304203500000039,4.590360207999999
612.7,963.8742217,9.047497374,-2.728069091,991.5271679,4.657172201,-0.703380841,12.8,14.852946199999973,4.390325173000001
612.8000000000001,964.7641087,8.773738364,-2.705021757,991.9868473,4.591856932,-0.602751514,12.8,14.42273860000007,4.181881432
612.9,965.6264798,8.502991784,-2.670800259,992.4404992,4.536621899,-0.50194915,12.8,14.014019400000006,3.9663698850000007
613.0,966.4619046,8.236598535,-2.62763943,992.8891316,4.491467102,-0.401146786,12.8,13.627227000000016,3.745131433000001
613.1,967.2709524,7.975676032,-2.577774102,993.3337525,4.456392541,-0.300344423,12.8,13.26280009999989,3.5192834910000004
613.2,968.0541927,7.720447759,-2.523439108,993.77537,4.431398217,-0.199542059,12.8,12.921177299999908,3.289049542
613.3000000000001,968.8121948,7.470913716,-2.466869281,994.214992,4.416484129,-0.098739695,12.8,12.602797200000008,3.0544295870000004
613.4,969.5455283,7.227073903,-2.409926982,994.6536267,4.411650278,0.002062669,12.8,12.308098400000016,2.815423625
613.5,970.2547625,6.98892832,-2.352984684,995.092282,4.416896663,0.102674793,12.8,12.037519499999984,2.572031657
613.6,970.9404669,6.756476966,-2.296042385,995.5319659,4.432223285,0.202145479,12.8,11.791498999999998,2.324253681
613.7,971.6032108,6.529719843,-2.239100086,995.9736865,4.457630142,0.29933329,12.8,11.570475699999928,2.0720897009999995
613.8000000000001,972.2435637,6.308656949,-2.182157787,996.4184518,4.493003093,0.393096788,12.8,11.374888099999975,1.8156538560000008
613.9,972.8620951,6.093288285,-2.125215489,996.8672698,4.537771417,0.482294536,12.8,11.205174699999997,1.5555168679999998
614.0,973.4593743,5.883613851,-2.068007829,997.3211486,4.591250252,0.565785095,12.8,11.061774299999978,1.2923635989999998
614.1,974.0359707,5.679633647,-2.009208005,997.7810961,4.652754736,0.642617267,12.8,10.945125400000006,1.0268789109999998
614.2,974.5924539,5.481347673,-1.947223853,998.2480292,4.721600006,0.712600813,12.8,10.855575300000009,0.7597476670000001
614.3000000000001,975.1293931,5.288915145,-1.880463209,998.7224991,4.797101199,0.775925973,12.8,10.793106000000034,0.4918139459999997
614.4000000000001,975.6473579,5.103132146,-1.807333907,999.2049661,4.878573453,0.833543945,12.8,10.757608200000004,0.22455869300000053
614.5,976.1469177,4.924953973,-1.726243784,999.6958903,4.965331905,0.886596166,12.8,10.748972599999956,-0.04037793200000017
614.6,976.6286419,4.755335926,-1.635866037,1000.195732,5.056805836,0.936224074,12.8,10.767090099999972,-0.3014699099999998
614.7,977.0932272,4.595233303,-1.535935305,1000.704951,5.152881103,0.983569106,12.8,10.811723800000049,-0.5576478000000007
614.8000000000001,977.54188,4.445601402,-1.426716948,1001.224007,5.253557705,1.029772701,12.8,10.882127000000036,-0.8079563030000001
614.9000000000001,977.9759339,4.307395523,-1.30953777,1001.753362,5.358835643,1.075786056,12.8,10.977428100000065,-1.0514401199999996
615.0,978.3967226,4.181570963,-1.185989935,1002.293474,5.468714917,1.121799411,12.8,11.09675139999997,-1.2871439539999994
615.1,978.8055798,4.068923804,-1.057665608,1002.844804,5.583195526,1.167812766,12.8,11.23922419999992,-1.5142717220000002
615.2,979.2038391,3.969613264,-0.926156952,1003.407812,5.70227747,1.213826121,12.8,11.403972900000053,-1.7326642060000004
615.3000000000001,979.5928341,3.883639342,-0.793056132,1003.982959,5.82596075,1.259839476,12.8,11.590124900000045,-1.9423214080000002
615.4000000000001,979.9738986,3.811002037,-0.659689952,1004.570704,5.954245365,1.305852832,12.8,11.796805399999993,-2.143243328
615.5,980.3483662,3.751701351,-0.526323771,1005.171507,6.087131316,1.351752612,12.8,12.023140800000032,-2.335429965
615.6,980.7175706,3.705737283,-0.39295759,1005.785829,6.224618603,1.396970945,12.8,12.26825839999999,-2.5188813199999998
615.7,981.0828454,3.673109833,-0.25959141,1006.41413,6.366707224,1.440826381,12.8,12.531284600000003,-2.693597391
615.8000000000001,981.4455242,3.653819001,-0.126225229,1007.05687,6.513329037,1.482637473,12.8,12.81134579999998,-2.859510036
615.9000000000001,981.8069409,3.647864788,0.007140952,1007.714509,6.664143316,1.521722773,12.8,13.107568100000048,-3.0162785279999995
616.0,982.1684289,3.655247192,0.140371372,1008.387507,6.818741194,1.557400832,12.8,13.419078100000046,-3.163494002
616.1,982.531322,3.675966214,0.272787227,1009.076325,6.9767138,1.589103778,12.8,13.74500299999995,-3.300747586
616.2,982.8969538,3.710021854,0.403573955,1009.781367,7.137652266,1.616718036,12.8,14.08441320000004,-3.427630412
616.3000000000001,983.2666581,3.757332656,0.531916989,1010.502822,7.301147724,1.64035718,12.8,14.436163900000064,-3.543815068
616.4000000000001,983.6417683,3.817491338,0.657001766,1011.240822,7.466791304,1.660589084,12.8,14.799053700000012,-3.649299966
616.5,984.0236183,3.89000916,0.778013721,1011.995501,7.634174138,1.678095195,12.8,15.171882700000037,-3.7441649779999997
616.6,984.4135417,3.974397385,0.894274051,1012.766992,7.802955502,1.693556963,12.8,15.553450299999962,-3.8285581169999996
616.7,984.812807,4.070167273,1.005646995,1013.555427,7.97306725,1.707655834,12.8,15.942619999999987,-3.9028999769999997
616.8000000000001,985.222422,4.176830087,1.112268315,1014.36094,8.144509383,1.721073257,12.8,16.338517999999976,-3.967679296000001
616.9000000000001,985.6433293,4.293897087,1.214816812,1015.183664,8.317281902,1.734377106,12.8,16.740334700000016,-4.023384814999999
617.0,986.0764717,4.420879535,1.314107053,1016.023731,8.491384805,1.747680954,12.8,17.14725930000004,-4.070505269999999
617.1,986.5227919,4.557370149,1.4109536,1016.881276,8.666818092,1.760984803,12.8,17.55848409999994,-4.109447943
617.2,986.9832324,4.703287472,1.506171019,1017.75643,8.843581765,1.774288651,12.8,17.973197600000002,-4.140294292999999
617.3000000000001,987.458736,4.858631505,1.600573874,1018.649327,9.021675823,1.7875925,12.8,18.390590999999926,-4.163044318000001
617.4000000000001,987.9502454,5.023402247,1.694840967,1019.5601,9.201100265,1.800896348,12.8,18.80985460000006,-4.177698017999999
617.5,988.4587031,5.197599698,1.789108061,1020.488882,9.381855092,1.814200197,12.8,19.23017890000001,-4.184255394
617.6,988.9850519,5.381223859,1.883375155,1021.435806,9.563940304,1.827173064,12.8,19.650754099999926,-4.1827164450000005
617.7,989.5302345,5.57427473,1.977642249,1022.401005,9.747355901,1.836373278,12.8,20.070770500000048,-4.173081171000001
617.8000000000001,990.0951935,5.776752309,2.071909343,1023.384612,9.932101883,1.845175249,12.8,20.489418499999896,-4.155349574
617.9000000000001,990.6808716,5.988656598,2.166176437,1024.38676,10.11797966,1.846232792,12.8,20.905888400000048,-4.129323061999999
618.0,991.2882115,6.209987596,2.259647709,1025.407582,10.30292423,1.839346785,12.8,21.31937050000006,-4.092936634
618.1,991.9181558,6.440745304,2.348344054,1026.447212,10.48896024,1.82253134,12.8,21.729056200000013,-4.048214936000001
618.2,992.5716472,6.680929721,2.427490542,1027.505781,10.67167998,1.794131553,12.8,22.13413380000004,-3.9907502590000004
618.3000000000001,993.2496284,6.930063355,2.492312245,1028.583265,10.85096397,1.755603207,12.8,22.533636599999976,-3.9209006150000008
618.4000000000001,993.953042,7.185758741,2.538034236,1029.679003,11.02562069,1.701916986,12.8,22.925960999999983,-3.8398619490000003
618.5,994.6828308,7.445150923,2.559881586,1030.792173,11.19445859,1.640088093,12.8,23.309342200000014,-3.749307667
618.6,995.4399373,7.705374944,2.553875189,1031.921956,11.35628616,1.570315651,12.8,23.68201869999991,-3.650911216
618.7,996.2249223,7.963565846,2.519219222,1033.067531,11.51011043,1.494585547,12.8,24.042608699999914,-3.5465445839999994
618.8000000000001,997.0368185,8.216858673,2.456709508,1034.228079,11.65573284,1.414883668,12.8,24.391260499999998,-3.438874167
618.9000000000001,997.8742765,8.462388468,2.370325154,1035.402778,11.79315336,1.333195901,12.8,24.728501499999947,-3.3307648919999995
619.0,998.7359472,8.697290275,2.264841086,1036.59081,11.92237202,1.251177153,12.8,25.054862799999864,-3.225081744999999
619.1,999.6204811,8.919176628,2.145032234,1037.791354,12.04338879,1.169158405,12.8,25.37087289999995,-3.124212161999999
619.2,1000.526529,9.127570036,2.015673526,1039.003589,12.1562037,1.087139658,12.8,25.677059999999937,-3.028633664000001
619.3000000000001,1001.452742,9.322470498,1.88153989,1040.226695,12.26081673,1.00512091,12.8,25.97395300000012,-2.9383462320000007
619.4000000000001,1002.39777,9.503878014,1.746610432,1041.459853,12.35722788,0.923102162,12.8,26.26208300000003,-2.8533498660000003
619.5,1003.360264,9.671792584,1.611680975,1042.702242,12.44543716,0.841083414,12.8,26.54197800000004,-2.7736445760000006
619.6,1004.338875,9.826214209,1.476751517,1043.953042,12.52544456,0.759111356,12.8,26.814167000000065,-2.6992303510000006
619.7,1005.332253,9.967142887,1.341822059,1045.211432,12.59725009,0.677419441,12.8,27.07917900000002,-2.6301072029999997
619.8000000000001,1006.33905,10.09457862,1.206892602,1046.476593,12.66085375,0.596287808,12.8,27.33754300000005,-2.5662751299999993
619.9000000000001,1007.357915,10.20852141,1.071963144,1047.747703,12.71628354,0.515996602,12.8,27.589787999999952,-2.5077621299999997
620.0,1008.3875,10.30897125,0.937813863,1049.023945,12.76367954,0.436825962,12.8,27.836444999999866,-2.4547082899999992
620.1,1009.426456,10.39592814,0.808345642,1050.304496,12.80320984,0.359056031,12.8,28.07803999999994,-2.4072816999999986
620.2,1010.473432,10.46939209,0.68823954,1051.588536,12.83504252,0.282920261,12.8,28.315103999999973,-2.3656504300000005
620.3000000000001,1011.527081,10.52983121,0.582176618,1052.875269,12.85934567,0.208465341,12.8,28.548187999999936,-2.3295144600000004
620.4000000000001,1012.586052,10.57958601,0.494837935,1054.163985,12.87628736,0.135644582,12.8,28.777932999999916,-2.2967013499999993
620.5,1013.648995,10.62146513,0.430904552,1055.454,12.8860357,0.064224531,12.8,29.005004999999937,-2.26457057
620.6,1014.714563,10.65827722,0.394277351,1056.744627,12.88875875,-0.006074952,12.8,29.230064000000038,-2.2304815299999987
620.7,1015.78178,10.69283091,0.385736509,1058.03518,12.88459659,-0.07553401,12.8,29.453400000000055,-2.1917656799999996
620.8000000000001,1016.851169,10.72793483,0.404501849,1059.324974,12.87357724,-0.144432784,12.8,29.673805000000083,-2.145642409999999
620.9000000000001,1017.923628,10.76639762,0.446672489,1060.613324,12.8557007,-0.213051416,12.8,29.889695999999912,-2.0893030800000005
621.0,1019.000054,10.81102791,0.507567368,1061.899543,12.83096696,-0.281623359,12.8,30.099489000000016,-2.0199390499999996
621.1,1020.081345,10.86416624,0.582505426,1063.182946,12.79937603,-0.350195301,12.8,30.301600999999845,-1.93520979
621.2,1021.168399,10.92628071,0.666805605,1064.462847,12.7609279,-0.418767243,12.8,30.494447999999988,-1.83464719
621.3000000000001,1022.262114,10.99737133,0.755786843,1065.73856,12.71562258,-0.487339185,12.8,30.67644600000001,-1.7182512499999998
621.4000000000001,1023.363386,11.07743808,0.845548257,1067.0094,12.66346006,-0.555911127,12.8,30.846013999999922,-1.58602198
621.5,1024.473113,11.16648098,0.935309672,1068.274681,12.60444035,-0.62448307,12.8,31.001568000000088,-1.4379593700000015
621.6,1025.592194,11.26450002,1.025071086,1069.533717,12.53856345,-0.692827678,12.8,31.14152299999996,-1.27406343
621.7,1026.721525,11.3714952,1.114832501,1070.785822,12.46582935,-0.75980828,12.8,31.264297000000123,-1.09433415
621.8000000000001,1027.862005,11.48746652,1.204593916,1072.030311,12.38623806,-0.824060872,12.8,31.36830600000003,-0.8987715400000003
621.9000000000001,1029.01453,11.61241398,1.29435533,1073.266498,12.29992597,-0.884221448,12.8,31.451968000000033,-0.6875119900000008
622.0,1030.179999,11.74633758,1.384116745,1074.493698,12.20757509,-0.938926002,12.8,31.51369900000004,-0.46123751000000013
622.1,1031.35931,11.88923733,1.47301851,1075.711224,12.11000383,-0.986810529,12.8,31.55191399999985,-0.22076649999999987
622.2,1032.553359,12.04111321,1.556762375,1076.918391,12.00803058,-1.026738358,12.8,31.565031999999928,0.03308263000000089
622.3000000000001,1033.763044,12.20196524,1.629576921,1078.114622,11.90247375,-1.058482154,12.8,31.551578000000017,0.2994914899999994
622.4000000000001,1034.989264,12.37127762,1.688144807,1079.299777,11.79415174,-1.082269253,12.8,31.5105129999999,0.5771258800000005
622.5,1036.232915,12.5464714,1.725467575,1080.473825,11.68388296,-1.099236325,12.8,31.440909999999985,0.8625884399999997
622.6,1037.494895,12.72408374,1.737000844,1081.636736,11.5724858,-1.110747375,12.8,31.341840999999885,1.1515979399999985
622.7,1038.776102,12.90212421,1.718446366,1082.788477,11.46064228,-1.118166409,12.8,31.21237500000002,1.4414819300000001
622.8000000000001,1040.077021,13.07639376,1.668944489,1083.929019,11.34848878,-1.122857432,12.8,31.051997999999866,1.72790498
622.9000000000001,1041.396487,13.24416575,1.589968384,1085.05833,11.23602532,-1.126184449,12.8,30.86184300000009,2.008140430000001
623.0,1042.73292,13.40234544,1.483975741,1086.176379,11.12325189,-1.129284133,12.8,30.643459000000075,2.279093549999999
623.1,1044.084744,13.5478381,1.35796502,1087.283135,11.0101685,-1.132383816,12.8,30.3983909999999,2.537669599999999
623.2,1045.450379,13.67806477,1.216480599,1088.378568,10.89677513,-1.1354835,12.8,30.128188999999974,2.7812896400000007
623.3000000000001,1046.828247,13.79250966,1.064680379,1089.462645,10.7830718,-1.138583183,12.8,29.834398000000146,3.0094378600000002
623.4000000000001,1048.216772,13.89117277,0.907722259,1090.535337,10.66905849,-1.141682867,12.8,29.518565000000034,3.2221142800000013
623.5,1049.614373,13.97405411,0.749904489,1091.596612,10.55473522,-1.14478255,12.8,29.182239000000163,3.4193188900000013
623.6,1051.019473,14.04115367,0.592086719,1092.646439,10.44010198,-1.147882234,12.8,28.826966000000038,3.6010516900000002
623.7,1052.430495,14.09247145,0.434268949,1093.684788,10.32515878,-1.150367312,12.8,28.45429299999996,3.767312669999999
623.8000000000001,1053.845858,14.12800746,0.27645118,1094.711626,10.2099056,-1.152790066,12.8,28.065768000000116,3.9181018599999984
623.9000000000001,1055.263987,14.14776169,0.11863341,1095.726924,10.09434246,-1.153676307,12.8,27.66293700000001,4.053419229999999
624.0,1056.683302,14.15173414,-0.03918436,1096.730649,9.978838107,-1.151972873,12.8,27.247347000000172,4.172896033000001
624.1,1058.102225,14.13992482,-0.196777215,1097.722772,9.863061183,-1.147153903,12.8,26.820546999999987,4.276863637
624.2,1059.519178,14.11233371,-0.353020584,1098.703262,9.7478962,-1.138440514,12.8,26.384083999999984,4.36443751
624.3000000000001,1060.932582,14.06896084,-0.506564978,1099.672086,9.633975053,-1.125668427,12.8,25.939504000000124,4.4349857870000005
624.4000000000001,1062.340861,14.00994113,-0.656060912,1100.629277,9.521613258,-1.107506477,12.8,25.488416000000097,4.488327871999999
624.5,1063.742434,13.93594934,-0.800158898,1101.575115,9.411278148,-1.084779783,12.8,25.032681000000093,4.524671192000001
624.6,1065.135725,13.84779515,-0.93750945,1102.509943,9.30343705,-1.058411692,12.8,24.574217999999927,4.5443581
624.7,1066.519156,13.74628827,-1.066987994,1103.434104,9.198557297,-1.028928066,12.8,24.114947999999867,4.547730973
624.8000000000001,1067.891255,13.63223838,-1.188369617,1104.34794,9.09702833,-0.997107788,12.8,23.656685000000106,4.53521005
624.9000000000001,1069.250984,13.50645517,-1.301879233,1105.251795,8.998928037,-0.963729742,12.8,23.200810999999884,4.507527133
625.0,1070.597414,13.36974833,-1.408641414,1106.146011,8.904256419,-0.929572812,12.8,22.74859699999997,4.465491911000001
625.1,1071.929613,13.22292757,-1.510005648,1107.030932,8.813013475,-0.895286069,12.8,22.301318999999875,4.4099140949999995
625.2,1073.246651,13.06666761,-1.607321421,1107.9069,8.725199205,-0.860999325,12.8,21.86024900000002,4.3414684050000005
625.3000000000001,1074.547599,12.90110342,-1.70193822,1108.774257,8.64081361,-0.826712581,12.8,21.426658000000042,4.26028981
625.4000000000001,1075.831524,12.72623499,-1.795205532,1109.633348,8.559856689,-0.792425837,12.8,21.001824000000124,4.166378301
625.5,1077.097498,12.54206231,-1.88824793,1110.484514,8.482328442,-0.758139094,12.8,20.587015999999903,4.059733868
625.6,1078.344589,12.3485854,-1.981290327,1111.328099,8.40822887,-0.72385235,12.8,20.183510000000023,3.940356529999999
625.7,1079.571867,12.14580425,-2.074332725,1112.164446,8.337557972,-0.689666332,12.8,19.792578999999886,3.8082462779999986
625.8000000000001,1080.778402,11.93371886,-2.167375122,1112.993897,8.270315749,-0.656084666,12.8,19.415495000000146,3.663403111000001
625.9000000000001,1081.963263,11.71232922,-2.26041752,1113.816795,8.2065022,-0.623711706,12.8,19.05353199999986,3.5058270200000017
626.0,1083.12552,11.48163535,-2.353459918,1114.633483,8.14605689,-0.593151803,12.8,18.707963000000017,3.335578459999999
626.1,1084.264242,11.24163724,-2.445755702,1115.444304,8.088677643,-0.565009311,12.8,18.380062000000134,3.152959596999999
626.2,1085.378499,10.99233489,-2.533571803,1116.249601,8.034001847,-0.539888582,12.8,18.071102000000064,2.9583330429999997
626.3000000000001,1086.467361,10.7337283,-2.61242854,1117.049716,7.98166689,-0.518293244,12.8,17.782355000000006,2.7520614099999996
626.4000000000001,1087.529897,10.46626544,-2.677846229,1117.844945,7.931310162,-0.500324021,12.8,17.51504800000016,2.534955278000001
626.5,1088.565177,10.19218614,-2.725345189,1118.635388,7.88256905,-0.485880188,12.8,17.27021099999997,2.3096170900000006
626.6,1089.57227,9.914178228,-2.750445737,1119.421098,7.835080944,-0.474458119,12.8,17.04882800000014,2.0790972840000004
626.7,1090.550245,9.634929503,-2.749414804,1120.202128,7.78848323,-0.46545346,12.8,16.851882999999997,1.8464462730000006
626.8000000000001,1091.498532,9.357127776,-2.721505776,1120.978531,7.742473734,-0.458261859,12.8,16.679998999999906,1.6146540420000006
626.9000000000001,1092.417991,9.083460856,-2.667465268,1121.750359,7.696992019,-0.452278963,12.8,16.53236799999986,1.3864688370000007
627.0,1093.309842,8.816616553,-2.591026348,1122.517665,7.652038086,-0.44690042,12.8,16.40782300000019,1.1645784669999992
627.1,1094.175305,8.559282676,-2.496668699,1123.280503,7.607611935,-0.441622602,12.8,16.305197999999972,0.951670741
627.2,1095.015599,8.313699067,-2.388872002,1124.038924,7.563713566,-0.436344785,12.8,16.223324999999885,0.7499855010000003
627.3000000000001,1095.831945,8.080313694,-2.27211594,1124.792982,7.520342978,-0.431066967,12.8,16.161037000000032,0.5599707160000005
627.4000000000001,1096.625563,7.859126557,-2.150880196,1125.542729,7.477500172,-0.425789149,12.8,16.11716599999995,0.3816263849999997
627.5,1097.397672,7.650137655,-2.028897838,1126.288218,7.435185148,-0.420511331,12.8,16.090545999999858,0.21495250699999957
627.6,1098.149491,7.453346989,-1.90691548,1127.029502,7.393397906,-0.415233514,12.8,16.080011000000194,0.059949083000000236
627.7,1098.882242,7.268754559,-1.784933122,1127.766633,7.352138446,-0.410056094,12.8,16.08439100000005,-0.0833838870000001
627.8000000000001,1099.597143,7.096360365,-1.662950764,1128.499666,7.311406767,-0.406029391,12.8,16.102522999999973,-0.21504640200000047
627.9000000000001,1100.295415,6.936164406,-1.540968406,1129.228651,7.27120287,-0.402110798,12.8,16.13323599999985,-0.33503846400000015
628.0,1100.978277,6.788166683,-1.418986048,1129.953642,7.231466516,-0.400547694,12.8,16.17536500000001,-0.4432998330000002
628.1,1101.646949,6.652367196,-1.297365629,1130.674692,7.191567514,-0.401394134,12.8,16.2277430000001,-0.5392003179999998
628.2,1102.302651,6.528765945,-1.177916843,1131.391854,7.152131427,-0.405252505,12.8,16.289202999999997,-0.6233654819999996
628.3000000000001,1102.946603,6.41736293,-1.062811322,1132.10518,7.111809829,-0.412624794,12.8,16.358576999999922,-0.6944468989999999
628.4000000000001,1103.580025,6.317940987,-0.954220699,1132.814675,7.070570286,-0.423063068,12.8,16.4346500000001,-0.7526292989999996
628.5,1104.204136,6.2294143,-0.854316606,1133.520151,7.028051367,-0.438111923,12.8,16.51601499999988,-0.7986370669999996
628.6,1104.820156,6.15047989,-0.765270677,1134.221371,6.98389164,-0.455624378,12.8,16.601215000000092,-0.8334117500000007
628.7,1105.429305,6.079834777,-0.688892604,1134.918099,6.937729673,-0.475546376,12.8,16.68879399999987,-0.8578948959999995
628.8000000000001,1106.03263,6.016175982,-0.625544328,1135.610098,6.889264273,-0.497275533,12.8,16.77746800000018,-0.8730882910000002
628.9000000000001,1106.63048,5.958200524,-0.574863909,1136.297133,6.838435203,-0.520209461,12.8,16.866652999999996,-0.880234679
629.0,1107.223035,5.904605424,-0.535041653,1136.978967,6.785242461,-0.543745776,12.8,16.95593200000003,-0.8806370370000005
629.1,1107.810471,5.854087704,-0.503905928,1137.655364,6.729686047,-0.567382488,12.8,17.044892999999956,-0.8755983430000001
629.2,1108.392965,5.805561545,-0.4792851,1138.326086,6.671765963,-0.591019201,12.8,17.133121000000028,-0.8662044180000006
629.3000000000001,1108.970696,5.758809786,-0.459007538,1138.990899,6.611482207,-0.614655913,12.8,17.22020299999981,-0.8526724210000003
629.4000000000001,1109.54384,5.713832425,-0.440901609,1139.649565,6.54883478,-0.638292626,12.8,17.305724999999892,-0.8350023550000003
629.5,1110.112575,5.670629464,-0.423157618,1140.301848,6.483823682,-0.661929338,12.8,17.389272999999957,-0.8131942179999996
629.6,1110.677079,5.629200902,-0.405413627,1140.947511,6.416448913,-0.68556605,12.8,17.470432000000027,-0.787248011
629.7,1111.237528,5.589546738,-0.387669637,1141.586319,6.346710472,-0.709068097,12.8,17.54879099999989,-0.7571637339999997
629.8000000000001,1111.794101,5.551666974,-0.369925646,1142.218035,6.27460836,-0.731762151,12.8,17.623934000000144,-0.7229413860000005
629.9000000000001,1112.346974,5.515561609,-0.352181655,1142.842423,6.200142577,-0.752840219,12.8,17.695449000000007,-0.6845809680000006
630.0,1112.896326,5.481230643,-0.334437665,1143.459246,6.123393922,-0.771494308,12.8,17.76291999999985,-0.642163279
630.1,1113.442333,5.448674076,-0.31673544,1144.068267,6.044766392,-0.786916424,12.8,17.825934000000142,-0.596092316
630.2,1113.985174,5.417891908,-0.299283808,1144.669251,5.964744781,-0.798298576,12.8,17.884077000000115,-0.5468528730000006
630.3000000000001,1114.525025,5.388884139,-0.282333364,1145.261962,5.883813888,-0.804967434,12.8,17.936937000000125,-0.49492974899999975
630.4000000000001,1115.062063,5.36162571,-0.266134701,1145.846226,5.802458506,-0.806788335,12.8,17.984162999999807,-0.4408327959999996
630.5,1115.596468,5.335991324,-0.250938413,1146.422132,5.721163432,-0.803895943,12.8,18.02566399999996,-0.3851721079999999
630.6,1116.128414,5.311830624,-0.236995093,1146.989831,5.640413461,-0.796963585,12.8,18.061417000000073,-0.3285828369999999
630.7,1116.658082,5.288993255,-0.224513569,1147.549474,5.560693391,-0.786799256,12.8,18.091391999999995,-0.27170013599999976
630.8000000000001,1117.185627,5.267328861,-0.213535607,1148.101212,5.482407216,-0.774210947,12.8,18.115584999999964,-0.21507835500000017
630.9000000000001,1117.711126,5.246687084,-0.204019442,1148.645198,5.405635736,-0.760006653,12.8,18.134072000000014,-0.1589486519999994
631.0,1118.234638,5.226917569,-0.195756245,1149.181582,5.330378952,-0.744994365,12.8,18.14694400000003,-0.10346138299999996
631.1,1118.756219,5.20786996,-0.188495422,1149.710516,5.256636863,-0.729847412,12.8,18.154296999999996,-0.04876690299999975
631.2,1119.275926,5.189418959,-0.181986381,1150.232152,5.18440947,-0.714700459,12.8,18.156226000000014,0.005009488999999867
631.3000000000001,1119.793817,5.171539509,-0.175978526,1150.746641,5.113696772,-0.699553506,12.8,18.152823999999963,0.057842736999999644
631.4000000000001,1120.309949,5.154231607,-0.170221266,1151.254134,5.044498769,-0.684406553,12.8,18.14418500000006,0.10973283800000022
631.5,1120.824378,5.137495255,-0.164505771,1151.754783,4.976815461,-0.6692596,12.8,18.130405000000064,0.160679794
631.6,1121.337162,5.121330453,-0.158790276,1152.24874,4.910646849,-0.654112646,12.8,18.111577999999962,0.21068360399999975
631.7,1121.848358,5.1057372,-0.153074781,1152.736155,4.845992932,-0.638965693,12.8,18.08779700000009,0.2597442680000004
631.8000000000001,1122.358023,5.090715497,-0.147359286,1153.217181,4.78285371,-0.623790639,12.8,18.05915799999998,0.30786178699999933
631.9000000000001,1122.866215,5.076265343,-0.141643791,1153.691969,4.721229184,-0.608446978,12.8,18.02575399999996,0.35503615899999996
632.0,1123.372991,5.062386739,-0.135928297,1154.16067,4.661119353,-0.592766105,12.8,17.987679000000025,0.4012673859999998
632.1,1123.878407,5.049079684,-0.130241918,1154.623435,4.602541077,-0.576579412,12.8,17.945028000000047,0.4465386069999999
632.2,1124.382521,5.036344178,-0.124730239,1155.080417,4.545578662,-0.559718292,12.8,17.8978959999999,0.4907655160000006
632.3000000000001,1124.88539,5.024180222,-0.119567957,1155.531767,4.490333269,-0.542014141,12.8,17.84637700000003,0.5338469530000003
632.4000000000001,1125.387071,5.012570346,-0.114929773,1155.977635,4.436906063,-0.523326451,12.8,17.790563999999858,0.575664283
632.5,1125.887622,5.0014272,-0.110833521,1156.418188,4.385398208,-0.503627122,12.8,17.730566000000135,0.6160289920000004
632.6,1126.387099,4.990645964,-0.107924492,1156.853644,4.335910868,-0.482944256,12.8,17.666544999999996,0.6547350959999996
632.7,1126.88556,4.98012182,-0.105877676,1157.284235,4.288545207,-0.461418357,12.8,17.59867500000014,0.6915766129999996
632.8000000000001,1127.383047,4.969844066,-0.104879055,1157.710194,4.243402388,-0.439218032,12.8,17.527146999999967,0.7264416780000005
632.9000000000001,1127.879549,4.959425527,-0.104899511,1158.131754,4.200566715,-0.416511888,12.8,17.452205000000003,0.7588588119999997
633.0,1128.375038,4.94904374,-0.105793462,1158.549146,4.160055049,-0.39346853,12.8,17.37410800000016,0.7889886909999992
633.1,1128.869487,4.938499767,-0.107543074,1158.962603,4.121867389,-0.370256566,12.8,17.29311600000001,0.8166323779999995
633.2,1129.362871,4.927706258,-0.109503054,1159.372357,4.086003736,-0.347016501,12.8,17.209485999999924,0.8417025219999994
633.3000000000001,1129.855162,4.916645743,-0.111969296,1159.778642,4.052464089,-0.323776436,12.8,17.123479999999926,0.8641816540000002
633.4000000000001,1130.346334,4.905318222,-0.114610238,1160.181688,4.021248448,-0.300536371,12.8,17.035353999999824,0.8840697740000003
633.5,1130.836359,4.893723695,-0.117280295,1160.581729,3.992356815,-0.277296306,12.8,16.945370000000093,0.9013668800000003
633.6,1131.325212,4.881862163,-0.119950353,1160.978997,3.965789187,-0.254056241,12.8,16.85378499999997,0.9160729760000001
633.7,1131.812865,4.869733624,-0.122620411,1161.373725,3.941545566,-0.230816176,12.8,16.76085999999982,0.9281880580000004
633.8000000000001,1132.299292,4.85733808,-0.125290469,1161.766145,3.919625952,-0.207675418,12.8,16.666853000000128,0.9377121279999998
633.9000000000001,1132.784466,4.84467553,-0.127960527,1162.156488,3.900030344,-0.185130506,12.8,16.572022000000015,0.9446451859999998
634.0,1133.268361,4.831745975,-0.130630585,1162.544989,3.882758743,-0.163777283,12.8,16.476628000000073,0.9489872319999995
634.1,1133.750949,4.818549413,-0.133300643,1162.931878,3.867751564,-0.144211595,12.8,16.380929000000105,0.9507978490000002
634.2,1134.232204,4.805085846,-0.135968512,1163.317389,3.854710884,-0.127029286,12.8,16.285185000000137,0.9503749619999997
634.3000000000001,1134.7121,4.791355273,-0.138623247,1163.701754,3.843279197,-0.112361593,12.8,16.189653999999972,0.9480760759999995
634.4000000000001,1135.190609,4.777357694,-0.141251715,1164.085204,3.833098995,-0.10209888,12.8,16.09459499999998,0.9442586990000001
634.5,1135.667705,4.763094423,-0.143840781,1164.467926,3.823812773,-0.094946628,12.8,16.000220999999964,0.9392816499999999
634.6,1136.143361,4.748572027,-0.146377312,1164.849913,3.815341787,-0.091270137,12.8,15.9065520000001,0.9332302399999999
634.7,1136.617551,4.733798385,-0.148848174,1165.231112,3.806492236,-0.090572871,12.8,15.81356099999989,0.9273061490000001
634.8000000000001,1137.090247,4.718781378,-0.151242422,1165.611468,3.797742907,-0.092258984,12.8,15.721220999999968,0.9210384710000001
634.9000000000001,1137.561425,4.703528886,-0.153557867,1165.990928,3.788517115,-0.096197242,12.8,15.62950299999984,0.9150117710000001
635.0,1138.031062,4.68804879,-0.155796698,1166.369439,3.778755273,-0.10039797,12.8,15.538377000000036,0.909293517
635.1,1138.499138,4.67234897,-0.157969861,1166.746947,3.768457382,-0.105659153,12.8,15.447809000000188,0.903891588
635.2,1138.965634,4.656437306,-0.160090488,1167.123399,3.757623442,-0.111019644,12.8,15.357765000000153,0.8988138640000001
635.3000000000001,1139.430528,4.640320366,-0.162171713,1167.49874,3.746253453,-0.116380134,12.8,15.268211999999902,0.8940669130000001
635.4000000000001,1139.8938,4.623999461,-0.164226671,1167.872918,3.734347415,-0.121740625,12.8,15.17911799999997,0.8896520460000006
635.5,1140.35543,4.607474594,-0.166268496,1168.245878,3.721905328,-0.127101115,12.8,15.090447999999878,0.8855692660000001
635.6,1140.815397,4.590745762,-0.168308131,1168.617567,3.708927192,-0.132461605,12.8,15.002169999999932,0.8818185700000001
635.7,1141.273681,4.573812967,-0.170347766,1168.987931,3.695413007,-0.137822096,12.8,14.914249999999992,0.8783999600000003
635.8000000000001,1141.730261,4.556676209,-0.172387402,1169.356917,3.681362773,-0.143152688,12.8,14.826656000000138,0.8753134359999999
635.9000000000001,1142.185118,4.539335487,-0.174427037,1169.724472,3.66677649,-0.148303889,12.8,14.739354000000002,0.8725589969999996
636.0,1142.638231,4.521790802,-0.176466672,1170.090541,3.651654158,-0.15309631,12.8,14.652310000000124,0.870136644
636.1,1143.089578,4.504042153,-0.178506308,1170.45507,3.636013716,-0.157350559,12.8,14.565491999999903,0.8680284370000004
636.2,1143.539141,4.48608954,-0.180548967,1170.818008,3.619944859,-0.160887246,12.8,14.47886699999999,0.8661446810000002
636.3000000000001,1143.986898,4.467932964,-0.182609766,1171.179299,3.603555221,-0.163526981,12.8,14.39240099999979,0.8643777429999999
636.4000000000001,1144.43283,4.449572424,-0.184706847,1171.53889,3.586952438,-0.165120272,12.8,14.30606000000007,0.8626199860000003
636.5,1144.876915,4.431006107,-0.186858351,1171.896742,3.570244142,-0.16563722,12.8,14.21982699999985,0.860761965
636.6,1145.319133,4.412224942,-0.189082418,1172.252873,3.553537969,-0.165107723,12.8,14.133739999999943,0.8586869729999997
636.7,1145.759465,4.393218044,-0.191397189,1172.607316,3.536941552,-0.163681274,12.8,14.04785099999999,0.8562764920000001
636.8000000000001,1146.197889,4.373974529,-0.193817781,1172.960103,3.520562527,-0.161537263,12.8,13.962213999999857,0.8534120019999998
636.9000000000001,1146.634383,4.354483513,-0.196347219,1173.311266,3.504490587,-0.158855081,12.8,13.87688299999986,0.8499929260000001
637.0,1147.068921,4.334734111,-0.198982477,1173.660838,3.488743673,-0.155814117,12.8,13.791916999999966,0.8459904380000003
637.1,1147.501473,4.314715438,-0.20170844,1174.008852,3.473321784,-0.152593764,12.8,13.7073789999999,0.8413936540000004
637.2,1147.932009,4.294416611,-0.204506966,1174.35534,3.458224921,-0.149343511,12.8,13.623330999999961,0.8361916900000002
637.3000000000001,1148.360501,4.273828558,-0.207359915,1174.700334,3.443453082,-0.146093259,12.8,13.539832999999998,0.830375476
637.4000000000001,1148.78692,4.252949465,-0.210249145,1175.043868,3.429006269,-0.142843007,12.8,13.456947999999965,0.8239431960000005
637.5,1149.211237,4.231779333,-0.213156515,1175.385973,3.414884481,-0.139592755,12.8,13.374735999999938,0.8168948520000003
637.6,1149.633422,4.210318162,-0.21606691,1175.726682,3.401087718,-0.136342503,12.8,13.293259999999872,0.8092304440000002
637.7,1150.053446,4.188565952,-0.218977304,1176.066028,3.38761598,-0.133092251,12.8,13.212582000000065,0.8009499720000002
637.8000000000001,1150.471281,4.166522701,-0.221887698,1176.404043,3.374469268,-0.129841998,12.8,13.13276199999991,0.792053433
637.9000000000001,1150.886896,4.144188412,-0.224798093,1176.74076,3.36164758,-0.126592005,12.8,13.05386399999993,0.782540832
638.0,1151.300264,4.121563083,-0.227708487,1177.07621,3.349150918,-0.123343564,12.8,12.975945999999976,0.772412165
638.1,1151.711354,4.098646714,-0.230618881,1177.410427,3.336979282,-0.120098228,12.8,12.899072999999998,0.7616674319999999
638.2,1152.120139,4.075439307,-0.233520791,1177.743443,3.325132515,-0.11685755,12.8,12.823303999999961,0.750306792
638.3000000000001,1152.526588,4.051940859,-0.236371789,1178.075291,3.313609842,-0.113623083,12.8,12.748703000000159,0.7383310170000001
638.4000000000001,1152.930672,4.028151373,-0.239120967,1178.406003,3.30241033,-0.110396378,12.8,12.675331000000096,0.7257410430000002
638.5,1153.332363,4.004075937,-0.241717412,1178.735612,3.29153305,-0.107178729,12.8,12.603248999999959,0.7125428869999997
638.6,1153.731632,3.979740009,-0.244110216,1179.064149,3.280977069,-0.103970396,12.8,12.532517000000052,0.6987629399999999
638.7,1154.128449,3.955174134,-0.246248466,1179.391647,3.270741455,-0.10077112,12.8,12.463197999999874,0.6844326789999999
638.8000000000001,1154.522785,3.930408859,-0.248089738,1179.718138,3.260825277,-0.097579607,12.8,12.39535299999984,0.669583582
638.9000000000001,1154.914615,3.90547473,-0.249625546,1180.043654,3.251227604,-0.094394303,12.8,12.329039000000147,0.654247126
639.0,1155.303931,3.880402293,-0.250864376,1180.368225,3.241947658,-0.091213658,12.8,12.264294000000017,0.638454635
639.1,1155.690727,3.855222095,-0.251848653,1180.691884,3.232985286,-0.088036118,12.8,12.201157000000148,0.6222368089999999
639.2,1156.074999,3.829964681,-0.252629288,1181.014663,3.224340487,-0.08486013,12.8,12.139663999999993,0.6056241939999998
639.3000000000001,1156.456743,3.804655509,-0.25325719,1181.336594,3.21601326,-0.081684401,12.8,12.079851000000144,0.5886422489999998
639.4000000000001,1156.835954,3.779299667,-0.253783272,1181.657707,3.208003606,-0.078508672,12.8,12.02175300000017,0.571296061
639.5,1157.212626,3.753897157,-0.254258443,1181.978036,3.200311526,-0.075332942,12.8,11.965409999999974,0.5535856309999998
639.6,1157.586757,3.728447979,-0.254725129,1182.297611,3.192937018,-0.072157213,12.8,11.910853999999926,0.535510961
639.7,1157.958339,3.702952132,-0.255191815,1182.616464,3.185880083,-0.068981484,12.8,11.858124999999927,0.5170720490000003
639.8000000000001,1158.32737,3.677409616,-0.2556585,1182.934628,3.179140721,-0.065805755,12.8,11.807258000000001,0.4982688949999998
639.9000000000001,1158.693845,3.651820431,-0.256125186,1183.252134,3.172718932,-0.062543184,12.8,11.758289000000058,0.479101499
640.0,1159.057758,3.626184579,-0.256591872,1183.569013,3.166614716,-0.058759561,12.8,11.711255000000119,0.4595698629999996
640.1,1159.419105,3.600502057,-0.257019857,1183.885298,3.160828073,-0.053933834,12.8,11.666192999999975,0.43967398400000013
640.2,1159.777881,3.574772867,-0.257369682,1184.20102,3.155411108,-0.04754495,12.8,11.623138999999991,0.41936175900000006
640.3000000000001,1160.134083,3.548997008,-0.257750043,1184.516211,3.150624347,-0.039071858,12.8,11.582128000000193,0.39837266100000024
640.4000000000001,1160.487704,3.523197702,-0.257642247,1184.830903,3.146780421,-0.027993505,12.8,11.54319900000014,0.37641728100000016
640.5,1160.838741,3.497398622,-0.256990204,1185.145127,3.144191962,-0.013875682,12.8,11.506385999999974,0.3532066600000001
640.6,1161.187189,3.471534553,-0.255612501,1185.458957,3.143171601,0.003368453,12.8,11.471768000000065,0.328362952
640.7,1161.533042,3.445916709,-0.253366422,1185.772633,3.144031969,0.023652059,12.8,11.439591000000018,0.3018847400000002
640.8000000000001,1161.876297,3.420578744,-0.25011001,1186.086437,3.147085698,0.046540926,12.8,11.41013999999991,0.273493046
640.9000000000001,1162.216964,3.395629508,-0.245553156,1186.400651,3.152645418,0.071514001,12.8,11.383686999999963,0.24298408999999976
641.0,1162.555109,3.371177849,-0.240063371,1186.715557,3.160971657,0.098050232,12.8,11.360448000000087,0.2102061919999998
641.1,1162.890816,3.347332616,-0.23366651,1187.031436,3.172116518,0.125628568,12.8,11.340619999999898,0.17521609799999993
641.2,1163.224167,3.32420266,-0.226543987,1187.348571,3.186080002,0.153727955,12.8,11.324403999999912,0.1381226579999999
641.3000000000001,1163.555245,3.301878687,-0.218877218,1187.667243,3.202862109,0.181914185,12.8,11.311998000000084,0.09901657800000008
641.4000000000001,1163.884131,3.280378839,-0.210847618,1187.987734,3.222462839,0.210100414,12.8,11.30360300000002,0.05791600000000008
641.5,1164.210908,3.259703116,-0.202636603,1188.310326,3.244882191,0.238286644,12.8,11.299418000000014,0.014820924999999985
641.6,1164.535659,3.239851518,-0.194395352,1188.635301,3.270120167,0.266472873,12.8,11.29964200000013,-0.030268648999999925
641.7,1164.858467,3.220824045,-0.186154102,1188.962941,3.298176766,0.294659103,12.8,11.304473999999981,-0.07735272100000001
641.8000000000001,1165.179412,3.202620698,-0.177912851,1189.293527,3.329051988,0.322845332,12.8,11.314115000000083,-0.12643128999999975
641.9000000000001,1165.498579,3.185241475,-0.1696716,1189.627342,3.362745833,0.350843818,12.8,11.328762999999935,-0.17750435799999975
642.0,1165.816048,3.168686378,-0.161430349,1189.964667,3.3992583,0.377715843,12.8,11.348619000000053,-0.2305719220000002
642.1,1166.131904,3.152955405,-0.153189098,1190.305785,3.438589391,0.402334945,12.8,11.373880999999937,-0.2856339859999997
642.2,1166.446227,3.138048558,-0.144857789,1190.650976,3.480626458,0.423574664,12.8,11.404748999999992,-0.3425779000000002
642.3000000000001,1166.759102,3.123965836,-0.135986127,1191.000523,3.524806272,0.440308537,12.8,11.441420999999945,-0.4008404360000002
642.4000000000001,1167.070609,3.110707239,-0.12603376,1191.354708,3.570452955,0.451410104,12.8,11.484098999999969,-0.459745716
642.5,1167.380831,3.098326802,-0.114460337,1191.713813,3.616890631,0.455940647,12.8,11.532982000000128,-0.5185638290000001
642.6,1167.689851,3.087094701,-0.100725503,1192.078029,3.663443422,0.453712422,12.8,11.588177999999925,-0.576348721
642.7,1167.997751,3.077335149,-0.084288909,1192.447187,3.709435453,0.444913174,12.8,11.649435999999877,-0.6321003040000002
642.8000000000001,1168.304614,3.069372356,-0.064700258,1192.82103,3.754190846,0.430481619,12.8,11.716416000000162,-0.6848184900000001
642.9000000000001,1168.610565,3.063530534,-0.041869494,1193.199297,3.797033725,0.411544219,12.8,11.788731999999936,-0.733503191
643.0,1168.915903,3.060133893,-0.015886674,1193.581731,3.837400859,0.389227435,12.8,11.865827999999919,-0.777266966
643.1,1169.22097,3.059506647,0.012797908,1193.968071,3.875179602,0.364657729,12.8,11.947100999999929,-0.8156729549999997
643.2,1169.526106,3.061973005,0.043643899,1194.358061,3.910369954,0.338961561,12.8,12.03195499999988,-0.8483969490000001
643.3000000000001,1169.831655,3.067803145,0.076110947,1194.75144,3.942971914,0.31307765,12.8,12.119785000000046,-0.8751687690000001
643.4000000000001,1170.137958,3.077051101,0.1096587,1195.147949,3.972985484,0.287193739,12.8,12.2099909999999,-0.8959343830000002
643.5,1170.445357,3.089716873,0.143746806,1195.547331,4.000410662,0.261309828,12.8,12.301973999999927,-0.9106937890000002
643.6,1170.754193,3.105800462,0.17792497,1195.949326,4.025247449,0.235425917,12.8,12.395132999999941,-0.9194469870000002
643.7,1171.064808,3.125301867,0.212103134,1196.353675,4.047495845,0.209542006,12.8,12.488866999999981,-0.9221939780000001
643.8000000000001,1171.377544,3.148221089,0.246281298,1196.760119,4.06715585,0.183658095,12.8,12.582575000000087,-0.9189347609999996
643.9000000000001,1171.692743,3.174558127,0.280459462,1197.1684,4.084227464,0.157774183,12.8,12.675656999999955,-0.9096693369999995
644.0,1172.010747,3.204312981,0.314637626,1197.578259,4.098710687,0.131875994,12.8,12.76751199999985,-0.8943977059999995
644.1,1172.331897,3.237485652,0.34881579,1197.989436,4.110605519,0.105892137,12.8,12.857539000000042,-0.8731198669999998
644.2,1172.656535,3.274076139,0.382993954,1198.401674,4.119911959,0.079736945,12.8,12.94513899999988,-0.8458358200000005
644.3000000000001,1172.985003,3.314084443,0.416893198,1198.814713,4.126621442,0.053324748,12.8,13.029709999999977,-0.8125369990000002
644.4000000000001,1173.317643,3.357510563,0.449118924,1199.228294,4.130691133,0.02656988,12.8,13.110650999999915,-0.7731805700000001
644.5,1173.654796,3.404354499,0.477997613,1199.642159,4.132069631,-0.000613328,12.8,13.187362999999959,-0.7277151320000002
644.6,1173.996805,3.4544489,0.501855747,1200.056049,4.130705536,-0.028296265,12.8,13.259244000000034,-0.6762566359999997
644.7,1174.344011,3.506957006,0.519019806,1200.469697,4.126547447,-0.056493209,12.8,13.325686000000086,-0.6195904410000002
644.8000000000001,1174.696755,3.560874707,0.527816274,1200.882812,4.119543963,-0.085189883,12.8,13.386057000000118,-0.558669256
644.9000000000001,1175.05538,3.615197891,0.52685055,1201.295092,4.109643683,-0.114314897,12.8,13.439712000000053,-0.4944457919999996
645.0,1175.420094,3.668922446,0.515843716,1201.706238,4.096795207,-0.143782582,12.8,13.486143999999921,-0.4278727610000006
645.1,1175.790569,3.721044263,0.495074691,1202.115951,4.080955701,-0.17350727,12.8,13.52538199999999,-0.3599114379999997
645.2,1176.166343,3.77055923,0.465938073,1202.523929,4.062116598,-0.203403295,12.8,13.557585999999855,-0.2915573680000003
645.3000000000001,1176.546955,3.816463236,0.430107381,1202.929874,4.040277898,-0.233384988,12.8,13.582918999999901,-0.2238146620000001
645.4000000000001,1176.931943,3.857919521,0.389256135,1203.333485,4.0154396,-0.263380958,12.8,13.601542000000062,-0.15752007899999976
645.5,1177.320846,3.894760734,0.345057851,1203.734462,3.987601706,-0.293376928,12.8,13.61361599999982,-0.09284097199999986
645.6,1177.713203,3.926986875,0.299186048,1204.132505,3.956764215,-0.323372899,12.8,13.619302000000015,-0.02977734000000032
645.7,1178.108551,3.954597944,0.253035327,1204.527314,3.922927126,-0.353368869,12.8,13.618762999999898,0.03167081800000027
645.8000000000001,1178.50643,3.977593941,0.206884605,1204.91859,3.886090441,-0.38336484,12.8,13.612160000000085,0.09150349999999996
645.9000000000001,1178.906377,3.995974865,0.160733883,1205.306032,3.846254158,-0.41336081,12.8,13.599654999999938,0.14972070700000017
646.0,1179.307932,4.009740717,0.114583161,1205.689341,3.803418279,-0.443359481,12.8,13.581409000000075,0.2063224379999995
646.1,1179.710633,4.018891497,0.068432439,1206.068216,3.757582802,-0.473374356,12.8,13.557582999999976,0.2613086950000003
646.2,1180.114018,4.023427205,0.022281717,1206.442357,3.708747729,-0.503421637,12.8,13.528338999999914,0.3146794759999998
646.3000000000001,1180.517626,4.02334784,-0.023757888,1206.811465,3.656911437,-0.53351753,12.8,13.493838999999934,0.36643640299999936
646.4000000000001,1180.920995,4.018653404,-0.069130794,1207.175239,3.602065827,-0.563678236,12.8,13.45424399999997,0.41658757700000004
646.5,1181.323664,4.009343895,-0.113170299,1207.533381,3.544201176,-0.59391996,12.8,13.409716999999954,0.4651427189999997
646.6,1181.725172,3.995485984,-0.155209704,1207.885588,3.483307761,-0.624256205,12.8,13.360416000000168,0.5121782230000003
646.7,1182.125056,3.977413021,-0.194582309,1208.231561,3.419375861,-0.65468967,12.8,13.30650499999997,0.55803716
646.8000000000001,1182.522855,3.955525026,-0.230621413,1208.570993,3.352395753,-0.685217657,12.8,13.248138000000107,0.603129273
646.9000000000001,1182.918108,3.930222018,-0.262771434,1208.903577,3.282357715,-0.715826661,12.8,13.185468999999966,0.647864303
647.0,1183.310407,3.901904019,-0.290921254,1209.229003,3.209252025,-0.746500479,12.8,13.118595999999979,0.6926519939999998
647.1,1183.699556,3.870971047,-0.315181991,1209.546966,3.133070582,-0.777222907,12.8,13.047410000000081,0.7379004649999996
647.2,1184.085415,3.837823124,-0.336109227,1209.857156,3.053811765,-0.807977743,12.8,12.97174100000002,0.784011359
647.3000000000001,1184.467842,3.802860268,-0.354369663,1210.159267,2.971475573,-0.838748782,12.8,12.89142499999998,0.8313846949999997
647.4000000000001,1184.846695,3.766415831,-0.370629999,1210.45299,2.886062008,-0.869522522,12.8,12.806295000000045,0.8803538230000001
647.5,1185.221832,3.728556482,-0.385556935,1210.738018,2.797571069,-0.900296262,12.8,12.71618600000006,0.9309854130000002
647.6,1185.593113,3.689282221,-0.399817171,1211.014043,2.706002756,-0.931070002,12.8,12.620929999999998,0.9832794649999999
647.7,1185.960396,3.648593048,-0.41396629,1211.280757,2.611357069,-0.961843742,12.8,12.520361000000047,1.037235979
647.8000000000001,1186.32354,3.606488963,-0.428115409,1211.537853,2.513634007,-0.992617482,12.8,12.414312999999947,1.092854956
647.9000000000001,1186.682402,3.562969966,-0.442264529,1211.785022,2.412833572,-1.023391221,12.8,12.302620000000115,1.150136394
648.0,1187.036841,3.518036057,-0.456413648,1212.021958,2.308955763,-1.053845319,12.8,12.185116999999945,1.209080294
648.1,1187.386716,3.471687236,-0.470562767,1212.248352,2.20200058,-1.082381563,12.8,12.061636000000089,1.2696866560000002
648.2,1187.731886,3.423923503,-0.484711886,1212.463897,2.091968023,-1.106172112,12.8,11.932011000000056,1.33195548
648.3000000000001,1188.072208,3.374744859,-0.498898702,1212.668285,1.979049877,-1.126029079,12.8,11.796076999999922,1.3956949820000002
648.4000000000001,1188.407542,3.324151302,-0.513311699,1212.861207,1.864205069,-1.137304644,12.8,11.653665,1.4599462330000001
648.5,1188.737746,3.272142834,-0.528177059,1213.042357,1.749130305,-1.138990942,12.8,11.504611000000022,1.5230125289999998
648.6,1189.062678,3.218696836,-0.543720961,1213.211427,1.633338316,-1.129489763,12.8,11.348748999999952,1.58535852
648.7,1189.382197,3.163700217,-0.560169588,1213.368262,1.519617794,-1.108481464,12.8,11.186065000000053,1.6440824230000002
648.8000000000001,1189.696162,3.107017268,-0.57774912,1213.513322,1.408573457,-1.077195677,12.8,11.017160000000057,1.698443811
648.9000000000001,1190.004431,3.048512282,-0.596648042,1213.64722,1.301356019,-1.034500645,12.8,10.842788999999993,1.747156263
649.0,1190.306843,2.98804955,-0.616904051,1213.770568,1.199116191,-0.985044189,12.8,10.66372499999984,1.7889333589999998
649.1,1190.603169,2.925493362,-0.638479449,1213.883979,1.102812899,-0.929834174,12.8,10.480809999999973,1.8226804630000002
649.2,1190.893156,2.86070801,-0.661185753,1213.988066,1.012637928,-0.870788451,12.8,10.294909999999799,1.8480700820000002
649.3000000000001,1191.176556,2.793557786,-0.684796781,1214.083442,0.92859128,-0.809824876,12.8,10.106886000000213,1.864966506
649.4000000000001,1191.453118,2.723929599,-0.709086352,1214.17072,0.850672953,-0.748541658,12.8,9.91760200000017,1.8732566459999997
649.5,1191.722592,2.651800831,-0.733828286,1214.250513,0.778882948,-0.68725844,12.8,9.727920999999878,1.872917883
649.6,1191.984728,2.577171481,-0.7587964,1214.323433,0.713221265,-0.625975222,12.8,9.538705000000117,1.863950216
649.7,1192.239277,2.50004155,-0.783802212,1214.390093,0.653687904,-0.564692004,12.8,9.350816000000076,1.8463536460000003
649.8000000000001,1192.485987,2.420411039,-0.808808023,1214.451106,0.600282864,-0.503408787,12.8,9.165118999999958,1.8201281750000002
649.9000000000001,1192.724609,2.338279946,-0.833813835,1214.507085,0.553006147,-0.442125569,12.8,8.98247599999986,1.785273799
650.0,1192.954893,2.253648272,-0.858819646,1214.558643,0.511857751,-0.380903816,12.8,8.80374999999999,1.741790521
650.1,1193.176589,2.166516017,-0.883825458,1214.606393,0.476837677,-0.320050852,12.8,8.629804000000103,1.6896783400000002
650.2,1193.389447,2.07688318,-0.908831269,1214.650946,0.447945924,-0.259935468,12.8,8.461498999999957,1.628937256
650.3000000000001,1193.593216,1.984749763,-0.933553931,1214.692918,0.425145615,-0.200926452,12.8,8.299701999999979,1.559604148
650.4000000000001,1193.787647,1.890115764,-0.956577694,1214.732919,0.408252353,-0.143392594,12.8,8.145271999999931,1.481863411
650.5,1193.97249,1.792981184,-0.974947134,1214.771563,0.397044866,-0.087702683,12.8,7.999072999999907,1.395936318
650.6,1194.147494,1.693515913,-0.990732933,1214.809463,0.39130188,-0.034164045,12.8,7.861968999999998,1.3022140329999998
650.7,1194.312409,1.5925694,-0.998466612,1214.847202,0.39080212,0.017161857,12.8,7.734793000000035,1.2017672799999999
650.8000000000001,1194.466986,1.4919149,-0.997705799,1214.885245,0.395324314,0.066336487,12.8,7.618259000000034,1.096590586
650.9000000000001,1194.610974,1.390310003,-0.987034746,1214.924028,0.404647188,0.113667169,12.8,7.513053999999965,0.985662815
651.0,1194.74426,1.291035797,-0.966170303,1214.963988,0.418549467,0.159522694,12.8,7.419728000000031,0.8724863299999999
651.1,1194.867272,1.194357705,-0.936652148,1215.005559,0.436846758,0.20427185,12.8,7.3382869999999905,0.7575109470000001
651.2,1194.980576,1.101295066,-0.896126446,1215.049178,0.459502181,0.248283427,12.8,7.268602000000055,0.6417928850000001
651.3000000000001,1195.084738,1.012867218,-0.850061679,1215.095281,0.486515736,0.291926214,12.8,7.210543000000097,0.526351482
651.4000000000001,1195.180322,0.929923611,-0.798900216,1215.144302,0.517887424,0.335507537,12.8,7.163979999999992,0.412036187
651.5,1195.267895,0.852634135,-0.744340957,1215.196679,0.553617244,0.379088859,12.8,7.12878399999995,0.29901689099999995
651.6,1195.348022,0.78099879,-0.6880828,1215.252847,0.593705196,0.422670182,12.8,7.104825000000073,0.187293594
651.7,1195.421268,0.715017575,-0.631541493,1215.313241,0.63815128,0.466251504,12.8,7.0919730000000065,0.07686629499999997
651.8000000000001,1195.488198,0.654690491,-0.575000186,1215.378298,0.686955497,0.509832827,12.8,7.090100000000074,-0.03226500600000004
651.9000000000001,1195.549379,0.600017538,-0.518458879,1215.448453,0.740117845,0.553414149,12.8,7.099073999999927,-0.14010030699999998
652.0,1195.605375,0.550998715,-0.461917572,1215.524142,0.797638326,0.596995472,12.8,7.118766999999888,-0.24663961099999998
652.1,1195.656752,0.507634024,-0.405376265,1215.605802,0.85951694,0.640299905,12.8,7.149049999999942,-0.351882916
652.2,1195.704075,0.469923463,-0.348834958,1215.693867,0.925753685,0.681943003,12.8,7.189791999999851,-0.455830222
652.3000000000001,1195.747909,0.437867032,-0.292343394,1215.788773,0.996348563,0.720263429,12.8,7.240864000000055,-0.558481531
652.4000000000001,1195.788821,0.411464732,-0.236150292,1215.890957,1.07113544,0.753599848,12.8,7.302135999999972,-0.6596707079999999
652.5,1195.827375,0.390716563,-0.180554112,1216.000855,1.149283647,0.780290924,12.8,7.373479999999926,-0.7585670840000001
652.6,1195.864137,0.375592679,-0.125853316,1216.118901,1.229796384,0.798675322,12.8,7.454764000000022,-0.854203705
652.7,1195.899673,0.365943849,-0.072346365,1216.245532,1.311676849,0.807368595,12.8,7.545859000000018,-0.9457329999999999
652.8000000000001,1195.934547,0.361590995,-0.02033172,1216.381051,1.39392824,0.806093854,12.8,7.646504000000004,-1.032337245
652.9000000000001,1195.969325,0.362355043,0.0299419,1216.525229,1.475553757,0.795127987,12.8,7.755904000000054,-1.113198714
653.0,1196.004549,0.368056913,0.078424753,1216.677704,1.555556597,0.775855443,12.8,7.873154999999951,-1.187499684
653.1,1196.040664,0.378517531,0.125166582,1216.838115,1.632939959,0.749937555,12.8,7.997450999999909,-1.254422428
653.2,1196.078094,0.393557819,0.170416105,1217.0061,1.706873176,0.71903566,12.8,8.128006000000095,-1.313315357
653.3000000000001,1196.117259,0.412998701,0.214471783,1217.181298,1.777190114,0.684811094,12.8,8.264038999999865,-1.364191413
653.4000000000001,1196.158583,0.436690945,0.257632077,1217.363346,1.843890773,0.648925193,12.8,8.404763000000184,-1.407199828
653.5,1196.202487,0.464604706,0.300195448,1217.551884,1.906975153,0.612762401,12.8,8.549396999999953,-1.442370447
653.6,1196.249393,0.496739983,0.342460359,1217.746549,1.966443253,0.57659961,12.8,8.697155999999904,-1.4697032700000001
653.7,1196.299724,0.533096777,0.384675525,1217.946981,2.022295075,0.540436819,12.8,8.84725700000008,-1.4891982980000003
653.8000000000001,1196.353902,0.573675088,0.426890692,1218.152816,2.074530617,0.504274028,12.8,8.998913999999967,-1.5008555290000003
653.9000000000001,1196.412348,0.618474916,0.469105859,1218.363695,2.123149881,0.468111237,12.8,9.15134699999994,-1.5046749649999998
654.0,1196.475486,0.66749626,0.511321025,1218.579255,2.168152865,0.431948446,12.8,9.303769000000056,-1.500656605
654.1,1196.543737,0.720739121,0.553536192,1218.799134,2.20953957,0.395723454,12.8,9.45539700000013,-1.488800449
654.2,1196.617523,0.778203498,0.595751359,1219.022971,2.247309996,0.359125253,12.8,9.605448000000205,-1.469106498
654.3000000000001,1196.697267,0.839889393,0.63766929,1219.250404,2.281464143,0.321780637,12.8,9.753136999999878,-1.44157475
654.4000000000001,1196.78339,0.905796803,0.677803812,1219.481072,2.31196469,0.283316397,12.8,9.897681999999985,-1.406167887
654.5,1196.876315,0.975925731,0.714371514,1219.714612,2.338625033,0.243359326,12.8,10.03829700000001,-1.362699302
654.6,1196.976464,1.050097834,0.745588987,1219.950664,2.361221247,0.201536215,12.8,10.174199999999882,-1.311123413
654.7,1197.08426,1.127421408,0.76967282,1220.188866,2.379529408,0.157536057,12.8,10.304605999999875,-1.2521079999999998
654.8000000000001,1197.200123,1.206826407,0.784839604,1220.428826,2.393325591,0.111296652,12.8,10.428702999999995,-1.1864991839999999
654.9000000000001,1197.324477,1.287242785,0.789603164,1220.670034,2.402385871,0.062880201,12.8,10.545557000000098,-1.115143086
655.0,1197.457601,1.367600496,0.783666265,1220.911948,2.406486324,0.01259771,12.8,10.65434699999987,-1.0388858279999997
655.1,1197.599204,1.446829494,0.767326142,1221.154027,2.405403024,-0.039177612,12.8,10.754822999999941,-0.95857353
655.2,1197.748851,1.523859733,0.74206897,1221.395732,2.398949368,-0.092072559,12.8,10.846880999999893,-0.8750896349999997
655.3000000000001,1197.906109,1.597621167,0.709678158,1221.636521,2.387088034,-0.145713921,12.8,10.930411999999887,-0.789466867
655.4000000000001,1198.070545,1.667222092,0.671937117,1221.875854,2.369819024,-0.199728491,12.8,11.005308999999851,-0.7025969319999998
655.5,1198.241723,1.732484167,0.630629256,1222.113189,2.347142336,-0.253805262,12.8,11.071465999999827,-0.6146581690000001
655.6,1198.419211,1.79340739,0.587537985,1222.347986,2.319057971,-0.307882033,12.8,11.128775000000086,-0.5256505809999998
655.7,1198.602574,1.849991764,0.544149479,1222.579704,2.28556593,-0.361958805,12.8,11.177129999999988,-0.4355741660000001
655.8000000000001,1198.791379,1.902237286,0.500760974,1222.807803,2.246666211,-0.416035576,12.8,11.216423999999915,-0.3444289249999999
655.9000000000001,1198.985191,1.950143958,0.457372468,1223.031741,2.202358814,-0.470112347,12.8,11.246550000000024,-0.25221485600000015
656.0,1199.183577,1.99371178,0.413983962,1223.250978,2.152643741,-0.524189119,12.8,11.267401000000017,-0.15893196099999995
656.1,1199.386103,2.032940751,0.370595456,1223.464974,2.097520991,-0.577919625,12.8,11.278870999999935,-0.06458024000000018
656.2,1199.592335,2.067830871,0.32720695,1223.673187,2.036990563,-0.629572543,12.8,11.28085200000005,0.03084030800000015
656.3000000000001,1199.801838,2.098382141,0.283818445,1223.875076,1.971052458,-0.677070282,12.8,11.273237999999946,0.12732968300000014
656.4000000000001,1200.01418,2.12459456,0.240502862,1224.070101,1.899914435,-0.718335255,12.8,11.255921000000125,0.2246801249999999
656.5,1200.228927,2.146468129,0.197624815,1224.257721,1.824615289,-0.751289872,12.8,11.228793999999834,0.32185284000000003
656.6,1200.445643,2.164002847,0.155621841,1224.437395,1.746401572,-0.773856543,12.8,11.191751999999905,0.417601275
656.7,1200.663897,2.177242468,0.114931477,1224.608583,1.666519838,-0.784303946,12.8,11.144686000000046,0.5107226300000003
656.8000000000001,1200.883253,2.18640576,0.075991258,1224.77091,1.58621664,-0.782285815,12.8,11.08765699999999,0.60018912
656.9000000000001,1201.103277,2.191755246,0.039238722,1224.924666,1.506738532,-0.768148415,12.8,11.021388999999953,0.6850167140000001
657.0,1201.323537,2.193553446,0.005038481,1225.070308,1.429332068,-0.74362307,12.8,10.94677100000008,0.7642213780000002
657.1,1201.543632,2.192062884,-0.02653654,1225.208292,1.3552438,-0.710787368,12.8,10.86466000000014,0.8368190839999998
657.2,1201.763305,2.18754608,-0.055559266,1225.339074,1.285512523,-0.671718901,12.8,10.775769000000036,0.9020335570000002
657.3000000000001,1201.982331,2.180265557,-0.08239431,1225.463112,1.220345996,-0.628495255,12.8,10.680780999999978,0.9599195609999998
657.4000000000001,1202.200486,2.170483836,-0.107479208,1225.580861,1.159744219,-0.58319402,12.8,10.580374999999957,1.0107396169999998
657.5,1202.417547,2.158419686,-0.131251497,1225.692778,1.103707192,-0.53754652,12.8,10.475231000000075,1.054712494
657.6,1202.633289,2.14411686,-0.154148712,1225.79932,1.052234915,-0.49189902,12.8,10.366030999999975,1.091881945
657.7,1202.84749,2.127575359,-0.176608392,1225.900943,1.005327388,-0.44625152,12.8,10.25345299999999,1.1222479710000002
657.8000000000001,1203.059924,2.108795182,-0.198995148,1225.998103,0.962984611,-0.40060402,12.8,10.13817899999999,1.1458105710000002
657.9000000000001,1203.270368,2.087776329,-0.221381905,1226.091257,0.925206584,-0.354956521,12.8,10.020889000000079,1.1625697449999999
658.0,1203.478599,2.064518801,-0.243768662,1226.180862,0.891993307,-0.309309021,12.8,9.902262999999902,1.1725254940000003
658.1,1203.684391,2.039022597,-0.266155418,1226.267374,0.86334478,-0.263661521,12.8,9.782983000000012,1.1756778170000002
658.2,1203.887522,2.011287717,-0.288542175,1226.351249,0.839261003,-0.217945417,12.8,9.663727000000062,1.1720267140000002
658.3000000000001,1204.087768,1.981314162,-0.310928931,1226.432944,0.819741976,-0.171817687,12.8,9.54517599999981,1.1615721860000001
658.4000000000001,1204.284905,1.949101931,-0.333216053,1226.512915,0.804787698,-0.124866704,12.8,9.42801000000004,1.1443142329999998
658.5,1204.478708,1.914651024,-0.354905364,1226.591619,0.794439334,-0.076680842,12.8,9.31291099999994,1.12021169
658.6,1204.668954,1.877961442,-0.375399053,1226.669512,0.788902695,-0.026848475,12.8,9.200557999999955,1.089058747
658.7,1204.855419,1.839092965,-0.394099311,1226.747051,0.788424758,0.025042023,12.8,9.091632000000072,1.0506682070000002
658.8000000000001,1205.03788,1.798344499,-0.410408325,1226.824692,0.793252497,0.079333674,12.8,8.986811999999826,1.005092002
658.9000000000001,1205.216112,1.75607473,-0.424265524,1226.902925,0.80363289,0.136095082,12.8,8.886813000000028,0.9524418399999999
659.0,1205.389892,1.712642344,-0.433561019,1226.982371,0.819812912,0.195257644,12.8,8.792479000000139,0.8928294320000001
659.1,1205.559042,1.668406029,-0.439806888,1227.063683,0.842039538,0.256478337,12.8,8.704640999999992,0.826366491
659.2,1205.72358,1.623402128,-0.442565527,1227.147517,0.870559744,0.319345535,12.8,8.623937000000023,0.7528423839999999
659.3000000000001,1205.883568,1.578956354,-0.442335113,1227.234525,0.905579344,0.383447612,12.8,8.550957000000107,0.67337701
659.4000000000001,1206.039068,1.534460366,-0.439713457,1227.325362,0.9471395,0.448372941,12.8,8.486293999999997,0.587320866
659.5,1206.190144,1.490535414,-0.434761132,1227.420683,0.995240211,0.513709897,12.8,8.430539000000135,0.49529520299999996
659.6,1206.33686,1.447241276,-0.429687658,1227.52114,1.049881479,0.579115457,12.8,8.384280000000171,0.397359797
659.7,1206.479277,1.404577955,-0.423479138,1227.627389,1.111063303,0.644521017,12.8,8.348112000000082,0.29351465200000004
659.8000000000001,1206.61746,1.362545449,-0.417170982,1227.740082,1.178785682,0.709926577,12.8,8.322622000000091,0.18375976699999996
659.9000000000001,1206.751471,1.321143758,-0.410862826,1227.859875,1.253048618,0.775332137,12.8,8.308404000000063,0.06809514000000005
660.0,1206.881373,1.280372884,-0.404554671,1227.987422,1.33385211,0.840737697,12.8,8.306048999999984,-0.0534792260000001
660.1,1207.00723,1.240232824,-0.398246515,1228.123376,1.421196157,0.906143257,12.8,8.31614600000007,-0.180963333
660.2,1207.129104,1.200723581,-0.391938359,1228.268391,1.515080761,0.971274597,12.8,8.339286999999967,-0.31435718
660.3000000000001,1207.247059,1.161845152,-0.385630204,1228.423122,1.615505921,1.034760619,12.8,8.376062999999885,-0.4536607690000001
660.4000000000001,1207.361158,1.12359754,-0.37902067,1228.588222,1.722471636,1.094956004,12.8,8.427064000000154,-0.5988740960000001
660.5,1207.471463,1.085980743,-0.370602872,1228.764346,1.835813376,1.150215434,12.8,8.492882999999846,-0.749832633
660.6,1207.578039,1.048994761,-0.358568543,1228.952147,1.954708481,1.19889359,12.8,8.574107999999978,-0.9057137199999998
660.7,1207.680947,1.012820422,-0.341109418,1229.15228,2.07816976,1.241312704,12.8,8.671332999999958,-1.065349338
660.8000000000001,1207.780251,0.978361857,-0.316417232,1229.365399,2.205210021,1.270199028,12.8,8.785148000000117,-1.2268481640000002
660.9000000000001,1207.876015,0.946704027,-0.282683719,1229.592026,2.334842075,1.291180992,12.8,8.91601099999998,-1.388138048
661.0,1207.9683,0.918931889,-0.238401993,1229.832158,2.467259259,1.302565264,12.8,9.063857999999936,-1.54832737
661.1,1208.057316,0.896130404,-0.183270675,1230.085657,2.597932793,1.305722945,12.8,9.228341000000182,-1.701802389
661.2,1208.143847,0.87938453,-0.117591142,1230.35239,2.729417076,1.302299353,12.8,9.408542999999963,-1.8500325459999998
661.3000000000001,1208.228827,0.869779226,-0.042870283,1230.632219,2.859708918,1.291972256,12.8,9.603392000000166,-1.989929692
661.4000000000001,1208.313184,0.868399453,0.039083637,1230.92501,2.988643789,1.28228962,12.8,9.811825999999837,-2.1202443360000003
661.5,1208.397851,0.876149341,0.126462352,1231.230626,3.116221686,1.268994117,12.8,10.032775000000083,-2.2400723449999997
661.6,1208.483759,0.893209719,0.217457599,1231.548933,3.242442612,1.255424395,12.8,10.26517400000007,-2.349232893
661.7,1208.571838,0.919580586,0.31026111,1231.879793,3.367306565,1.241854672,12.8,10.507954999999992,-2.447725979
661.8000000000001,1208.66302,0.955261941,0.403365999,1232.223073,3.490813546,1.228284949,12.8,10.760053000000152,-2.535551605
661.9000000000001,1208.758235,1.000253785,0.496470889,1232.578635,3.612963555,1.214715227,12.8,11.020400000000063,-2.61270977
662.0,1208.858415,1.054556119,0.589575778,1232.946344,3.733756592,1.201145504,12.8,11.28792900000003,-2.6792004730000003
662.1,1208.964491,1.118168941,0.682680667,1233.326064,3.853192656,1.187575781,12.8,11.561573000000134,-2.735023715
662.2,1209.077394,1.191092252,0.775785556,1233.717661,3.971271748,1.174032249,12.8,11.840266999999994,-2.7801794959999997
662.3000000000001,1209.198054,1.273326052,0.868890445,1234.120997,4.087993868,1.160645857,12.8,12.122943000000031,-2.814667816
662.4000000000001,1209.327404,1.364870341,0.961709207,1234.535938,4.203359015,1.147573749,12.8,12.408534000000099,-2.838488674
662.5,1209.466373,1.465725119,1.052811208,1234.962348,4.317382904,1.134973064,12.8,12.695975000000043,-2.8516577849999996
662.6,1209.615893,1.575890386,1.140479685,1235.40009,4.430144106,1.123000944,12.8,12.984197000000176,-2.85425372
662.7,1209.776896,1.695194465,1.222997876,1235.84903,4.541736905,1.11181453,12.8,13.272134000000005,-2.8465424399999995
662.8000000000001,1209.950311,1.822778977,1.29864902,1236.309031,4.652255586,1.101544773,12.8,13.558719999999948,-2.829476609
662.9000000000001,1210.137071,1.957613863,1.365716355,1236.779971,4.761794434,1.092217864,12.8,13.842899999999826,-2.804180571
663.0,1210.338106,2.098669067,1.422769246,1237.261776,4.870447733,1.083807612,12.8,14.123670000000129,-2.771778666
663.1,1210.55421,2.244914531,1.469521566,1237.754387,4.978309768,1.076183066,12.8,14.400176999999939,-2.733395237
663.2,1210.785627,2.395320199,1.506259443,1238.257743,5.085474825,1.069187085,12.8,14.672115999999914,-2.6901546260000004
663.3000000000001,1211.032464,2.548856013,1.53441351,1238.771783,5.192021472,1.062662528,12.8,14.939319000000022,-2.6431654590000004
663.4000000000001,1211.294829,2.704491917,1.55570053,1239.296448,5.297965426,1.056452254,12.8,15.201619000000118,-2.5934735090000003
663.5,1211.572828,2.861369529,1.571837265,1239.831678,5.403306685,1.05039912,12.8,15.458849999999938,-2.5419371560000004
663.6,1211.866568,3.019317173,1.584540476,1240.377411,5.50804525,1.044372177,12.8,15.710843000000022,-2.488728077
663.7,1212.176156,3.178334849,1.595526925,1240.933588,5.61218112,1.038345234,12.8,15.957432000000107,-2.4338462709999997
663.8000000000001,1212.5017,3.338422558,1.606227247,1241.500148,5.715714297,1.032318291,12.8,16.198448000000052,-2.377291739
663.9000000000001,1212.843305,3.499580299,1.61692757,1242.077032,5.818644779,1.026291348,12.8,16.433726999999816,-2.3190644800000006
664.0,1213.201081,3.661808072,1.627627892,1242.664179,5.920972566,1.020264404,12.8,16.663098000000172,-2.2591644939999997
664.1,1213.575132,3.825105877,1.638328214,1243.261528,6.022697659,1.014237461,12.8,16.886396000000058,-2.1975917820000004
664.2,1213.965567,3.989473715,1.649028537,1243.86902,6.123820058,1.008210518,12.8,17.103453000000126,-2.134346343
664.3000000000001,1214.372492,4.154911584,1.659728859,1244.486593,6.224339763,1.002082869,12.8,17.314101000000118,-2.069428179
664.4000000000001,1214.796014,4.321419486,1.670425339,1245.114189,6.324256773,0.995350984,12.8,17.518174999999882,-2.002837287
664.5,1215.236241,4.488997421,1.681098767,1245.751746,6.423571089,0.987410627,12.8,17.715504999999848,-1.9345736680000005
664.6,1215.693279,4.657645387,1.691726089,1246.399205,6.522222287,0.977657563,12.8,17.905925999999862,-1.8645769000000003
664.7,1216.167235,4.827361081,1.702284254,1247.056504,6.61990825,0.965487555,12.8,18.089269000000012,-1.7925471689999997
664.8000000000001,1216.658216,4.998132975,1.712750208,1247.723584,6.716266435,0.950296368,12.8,18.265368000000034,-1.7181334599999998
664.9000000000001,1217.16633,5.169947238,1.723100899,1248.400385,6.810934301,0.931580471,12.8,18.434054999999898,-1.6409870629999999
665.0,1217.691683,5.342790039,1.733317117,1249.086797,6.903549306,0.909239159,12.8,18.59511399999992,-1.5607592670000008
665.1,1218.234381,5.516647545,1.743395019,1249.78252,6.99374891,0.883373138,12.8,18.74813899999999,-1.4771013650000002
665.2,1218.79452,5.691505926,1.753338447,1250.487202,7.08117057,0.854485938,12.8,18.892682000000104,-1.3896646440000007
665.3000000000001,1219.372198,5.867351351,1.763166613,1251.200494,7.165451745,0.823181794,12.8,19.02829599999991,-1.2981003940000004
665.4000000000001,1219.967511,6.044169986,1.772902568,1251.922044,7.246290318,0.790064943,12.8,19.154532999999855,-1.2021203319999998
665.5,1220.580553,6.221950306,1.782569366,1252.651503,7.323625864,0.755739619,12.8,19.270950000000038,-1.1016755580000002
665.6,1221.211421,6.400690006,1.792190058,1253.388521,7.397458383,0.72081006,12.8,19.37710000000011,-0.9967683770000004
665.7,1221.860211,6.580389086,1.801787698,1254.132746,7.467787876,0.685779795,12.8,19.47253500000006,-0.8873987899999998
665.8000000000001,1222.527019,6.761047546,1.811381495,1254.88383,7.534614342,0.65074953,12.8,19.55681099999988,-0.7735667959999999
665.9000000000001,1223.211941,6.942665385,1.820975293,1255.641421,7.597937782,0.615719265,12.8,19.62948000000001,-0.6552723970000001
666.0,1223.915072,7.125242604,1.83056909,1256.405169,7.657758195,0.580689,12.8,19.690096999999877,-0.5325155910000001
666.1,1224.63651,7.308779203,1.840162888,1257.174724,7.714075582,0.545658735,12.8,19.738213999999925,-0.40529637900000015
666.2,1225.376349,7.493275182,1.849756685,1257.949735,7.766889942,0.51062847,12.8,19.773386000000027,-0.27361476000000007
666.3000000000001,1226.134685,7.67873054,1.858720926,1258.729853,7.816201276,0.475500268,12.8,19.795168000000057,-0.13747073600000004
666.4000000000001,1226.911615,7.865145279,1.865746348,1259.514727,7.862009583,0.439784442,12.8,19.80311200000001,0.0031356960000001877
666.5,1227.707234,8.052519396,1.873651626,1260.304007,7.904314864,0.402893368,12.8,19.796772999999984,0.1482045319999994
666.6,1228.521639,8.24047516,1.8716401,1261.097342,7.943058355,0.364239424,12.8,19.775702999999975,0.297416805000001
666.7,1229.354925,8.428227012,1.858634058,1261.894382,7.977946247,0.323234986,12.8,19.739456999999856,0.45028076500000047
666.8000000000001,1230.207189,8.617466158,1.83096866,1262.694776,8.008625963,0.279292429,12.8,19.687587000000075,0.6088401949999991
666.9000000000001,1231.078525,8.801714601,1.785608625,1263.498176,8.03474493,0.231922068,12.8,19.619651000000157,0.766969671
667.0,1231.969031,8.980325713,1.720198374,1264.304182,8.055950574,0.181025964,12.8,19.535150999999995,0.9243751389999986
667.1,1232.878509,9.151100593,1.628254396,1265.11221,8.071890321,0.126702057,12.8,19.43370100000011,1.079210272000001
667.2,1233.805588,9.311840335,1.517519316,1265.921628,8.082211596,0.069440031,12.8,19.31604000000011,1.229628738999999
667.3000000000001,1234.748606,9.460346037,1.388460042,1266.731803,8.086561825,0.009827511,12.8,19.18319699999979,1.3737842120000003
667.4000000000001,1235.7059,9.594418795,1.244741412,1267.542102,8.084647197,-0.05154788,12.8,19.036202000000184,1.5097715979999986
667.5,1236.675806,9.71222619,1.090028266,1268.351894,8.076408949,-0.114098519,12.8,18.876087999999935,1.6358172410000016
667.6,1237.656661,9.813401739,0.927985442,1269.160546,8.061847081,-0.177236781,12.8,18.70388500000008,1.7515546579999999
667.7,1238.646802,9.89794544,0.762277778,1269.967425,8.040961593,-0.24047298,12.8,18.520623000000068,1.8569838470000004
667.8000000000001,1239.644566,9.965857294,0.595959309,1270.7719,8.013752485,-0.303709179,12.8,18.327334000000018,1.9521048089999997
667.9000000000001,1240.648289,10.0171373,0.429640839,1271.573337,7.980219757,-0.366945379,12.8,18.12504800000006,2.0369175429999995
668.0,1241.656309,10.05178546,0.26332237,1272.371106,7.940363409,-0.430181578,12.8,17.91479700000009,2.111422051
668.1,1242.666962,10.06980178,0.0970039,1273.164572,7.894183441,-0.493417777,12.8,17.697609999999894,2.1756183390000006
668.2,1243.678586,10.07118624,-0.069314569,1273.953104,7.841679853,-0.556653977,12.8,17.474517999999943,2.229506387
668.3000000000001,1244.689516,10.05593886,-0.235633039,1274.73607,7.782852646,-0.619596613,12.8,17.246554000000014,2.273086213999999
668.4000000000001,1245.698089,10.02405963,-0.401951509,1275.512836,7.717701818,-0.68077787,12.8,17.014747000000124,2.306357812
668.5,1246.702643,9.97554856,-0.567566745,1276.282772,7.646227371,-0.738436369,12.8,16.780128999999942,2.329321189
668.6,1247.701515,9.910405639,-0.728962581,1277.045244,7.568605441,-0.790810731,12.8,16.54372899999994,2.3418001980000005
668.7,1248.693041,9.82863087,-0.881919617,1277.79962,7.485716719,-0.837092536,12.8,16.30657900000001,2.3429141509999996
668.8000000000001,1249.675557,9.730646195,-1.022218452,1278.545267,7.398618032,-0.872661528,12.8,16.06970999999994,2.3320281630000004
668.9000000000001,1250.647401,9.618561313,-1.145639686,1279.281554,7.308366207,-0.898908767,12.8,15.834152999999969,2.310195106000001
669.0,1251.60691,9.494907864,-1.252224487,1280.007988,7.215446297,-0.914587733,12.8,15.601078000000097,2.2794615670000002
669.1,1252.55242,9.362217489,-1.325674985,1280.724643,7.122630454,-0.919991988,12.8,15.37222300000003,2.2395870350000004
669.2,1253.482606,9.223021827,-1.378069649,1281.431731,7.029260181,-0.916589347,12.8,15.149124999999867,2.1937616460000005
669.3000000000001,1254.397493,9.077296178,-1.405851145,1282.129465,6.936964079,-0.905188232,12.8,14.93197200000004,2.140332098999999
669.4000000000001,1255.297441,8.935241204,-1.412535641,1282.818058,6.846622839,-0.890408897,12.8,14.720617000000129,2.0886183650000003
669.5,1256.182815,8.791719524,-1.402342535,1283.497724,6.758412599,-0.871153845,12.8,14.51490900000017,2.0333069249999998
669.6,1257.053975,8.651397177,-1.375230662,1284.168675,6.672333358,-0.850137414,12.8,14.314699999999856,1.9790638189999994
669.7,1257.911283,8.514696105,-1.348201123,1284.831125,6.588385116,-0.82882742,12.8,14.119842000000016,1.926310989
669.8000000000001,1258.755103,8.381616306,-1.312691617,1285.485287,6.506567874,-0.807517426,12.8,13.930184000000008,1.8750484319999998
669.9000000000001,1259.585796,8.252157781,-1.276478877,1286.131373,6.426881631,-0.786207432,12.8,13.745576999999866,1.8252761499999997
670.0,1260.403724,8.126320531,-1.240266137,1286.769598,6.349326388,-0.764897438,12.8,13.565874000000075,1.7769941429999996
670.1,1261.209249,8.004104554,-1.204053397,1287.400173,6.273902143,-0.743587444,12.8,13.390923999999995,1.7302024109999996
670.2,1262.002734,7.885509851,-1.167840657,1288.023313,6.200608899,-0.72227745,12.8,13.220578999999997,1.6849009520000005
670.3000000000001,1262.784541,7.770536422,-1.131627917,1288.639229,6.129446654,-0.700969484,12.8,13.054687999999896,1.6410897680000005
670.4000000000001,1263.555031,7.659184268,-1.095415177,1289.248136,6.060415408,-0.679673688,12.8,12.893104999999832,1.5987688599999998
670.5,1264.314567,7.551453387,-1.059348977,1289.850247,5.993515161,-0.658402233,12.8,12.735680000000183,1.5579382259999992
670.6,1265.063511,7.44734378,-1.024162011,1290.445774,5.928744697,-0.637167287,12.8,12.582262999999966,1.5185990829999998
670.7,1265.802225,7.346855448,-0.990733515,1291.034931,5.866097931,-0.615981022,12.8,12.432706000000007,1.4807575170000007
670.8000000000001,1266.531071,7.249900465,-0.959942723,1291.61793,5.805567559,-0.594855607,12.8,12.286858999999776,1.4443329059999996
670.9000000000001,1267.250412,7.156039216,-0.932668871,1292.194985,5.747146281,-0.573801184,12.8,12.14457299999999,1.408892935
671.0,1267.960609,7.064744159,-0.908966662,1292.766308,5.690826795,-0.552819781,12.8,12.005699000000003,1.3739173639999995
671.1,1268.662025,6.975487753,-0.892042386,1293.332108,5.636601797,-0.53190937,12.8,11.870082999999976,1.3388859560000004
671.2,1269.354951,6.887742458,-0.879568987,1293.89259,5.584463987,-0.511059809,12.8,11.737638999999898,1.3032784709999996
671.3000000000001,1270.039398,6.80147545,-0.872224459,1294.447964,5.534406062,-0.490258928,12.8,11.608566000000064,1.2670693879999995
671.4000000000001,1270.715306,6.714675034,-0.869276105,1294.998435,5.486421937,-0.469494558,12.8,11.483128999999916,1.2282530969999996
671.5,1271.382615,6.628297824,-0.869844691,1295.544212,5.440510396,-0.448754527,12.8,11.361597000000028,1.187787428
671.6,1272.041265,6.541409484,-0.873875513,1296.085501,5.396671438,-0.428026667,12.8,11.244235999999955,1.1447380459999996
671.7,1272.691197,6.45392209,-0.878015741,1296.62251,5.354905062,-0.407300835,12.8,11.131312999999817,1.0990170279999996
671.8000000000001,1273.332349,6.365835643,-0.883859736,1297.155446,5.31521127,-0.386575003,12.8,11.02309699999996,1.0506243729999998
671.9000000000001,1273.964663,6.277150143,-0.88985027,1297.684516,5.277590062,-0.365849171,12.8,10.919853000000057,0.9995600810000003
672.0,1274.588079,6.187865589,-0.895840804,1298.209928,5.242041436,-0.345123339,12.8,10.821848999999883,0.9458241530000002
672.1,1275.202536,6.097981982,-0.901831338,1298.731888,5.208565394,-0.324397507,12.8,10.729352000000016,0.8894165880000005
672.2,1275.807975,6.007499321,-0.907821872,1299.250604,5.177161935,-0.303671675,12.8,10.642629000000124,0.8303373860000001
672.3000000000001,1276.404335,5.916417607,-0.913812406,1299.766284,5.147831059,-0.282945843,12.8,10.561949000000094,0.768586548
672.4000000000001,1276.991558,5.82473684,-0.91980294,1300.279134,5.120572766,-0.262284995,12.8,10.487576000000171,0.7041640739999995
672.5,1277.569582,5.732457019,-0.924628648,1300.789362,5.095387057,-0.242014052,12.8,10.4197799999999,0.637069962
672.6,1278.138349,5.639578145,-0.929287952,1301.297175,5.072273931,-0.222522919,12.8,10.358825999999862,0.567304214
672.7,1278.697797,5.546100218,-0.932255651,1301.802781,5.051194397,-0.2042015,12.8,10.304984000000058,0.4949058210000006
672.8000000000001,1279.247868,5.452722132,-0.930683259,1302.306386,5.031953504,-0.187439701,12.8,10.258518000000048,0.42076862800000026
672.9000000000001,1279.788502,5.358844836,-0.924205187,1302.808198,5.014317308,-0.172627426,12.8,10.21969599999984,0.3445275280000004
673.0,1280.319637,5.26538345,-0.911595012,1303.308423,4.998051866,-0.160089596,12.8,10.18878599999989,0.2673315839999999
673.1,1280.841216,5.174047064,-0.892791141,1303.80724,4.982923236,-0.149891195,12.8,10.16602400000006,0.19112382799999938
673.2,1281.353275,5.085055033,-0.865568732,1304.304697,4.968697475,-0.141967239,12.8,10.151422000000093,0.1163575579999998
673.3000000000001,1281.856245,4.999143211,-0.830430969,1304.800816,4.95514064,-0.135992808,12.8,10.144570999999996,0.044002571000000046
673.4000000000001,1282.350656,4.917047448,-0.790021934,1305.295617,4.942018787,-0.131577996,12.8,10.14496099999992,-0.02497133900000037
673.5,1282.837035,4.839503597,-0.744707217,1305.789119,4.929136964,-0.128332899,12.8,10.152084000000013,-0.08963336699999935
673.6,1283.315912,4.767124868,-0.695713238,1306.281344,4.916456182,-0.125867611,12.8,10.165431999999964,-0.14933131400000033
673.7,1283.787816,4.700033904,-0.64426642,1306.77231,4.903976439,-0.123792229,12.8,10.18449400000004,-0.20394253500000037
673.8000000000001,1284.253275,4.638230703,-0.59159318,1307.262039,4.891697736,-0.12178183,12.8,10.208763999999928,-0.2534670330000006
673.9000000000001,1284.712818,4.581715268,-0.538715538,1307.750549,4.879620073,-0.119771431,12.8,10.237731000000121,-0.29790480499999994
674.0,1285.166974,4.530487596,-0.485837895,1308.237862,4.86774345,-0.117761033,12.8,10.270887999999967,-0.33725585399999947
674.1,1285.616272,4.484547689,-0.432960253,1308.723997,4.856067866,-0.115750634,12.8,10.307725000000072,-0.37152017699999984
674.2,1286.06124,4.443895545,-0.38008261,1309.208975,4.844593323,-0.113740236,12.8,10.34773500000001,-0.4006977779999996
674.3000000000001,1286.502407,4.408531167,-0.327204967,1309.692815,4.833319819,-0.111729837,12.8,10.39040800000016,-0.42478865200000016
674.4000000000001,1286.940302,4.378454552,-0.274327325,1310.175539,4.822247355,-0.109690805,12.8,10.435237000000097,-0.443792803
674.5,1287.375454,4.353665702,-0.221649469,1310.657164,4.811375931,-0.107479973,12.8,10.481709999999975,-0.4577102289999999
674.6,1287.808392,4.334164615,-0.170170333,1311.137713,4.800705547,-0.104925542,12.8,10.529321000000163,-0.466540932
674.7,1288.239643,4.319951294,-0.121088638,1311.617205,4.790253383,-0.10185571,12.8,10.577562000000125,-0.4703020889999996
674.8000000000001,1288.669738,4.310905864,-0.075603103,1312.09566,4.780105339,-0.098098679,12.8,10.6259219999999,-0.4691994749999999
674.9000000000001,1289.099205,4.306428967,-0.034912449,1312.573098,4.770364494,-0.093482648,12.8,10.673893000000088,-0.4639355269999994
675.0,1289.528572,4.305801369,0.000128363,1313.04954,4.761133929,-0.08786445,12.8,10.720968000000038,-0.45533255999999955
675.1,1289.958368,4.30830384,0.028296092,1313.525018,4.752516724,-0.081215453,12.8,10.76664999999998,-0.4442128840000006
675.2,1290.389027,4.313217146,0.04800132,1313.999623,4.744615959,-0.07356429,12.8,10.810595999999986,-0.4313988129999995
675.3000000000001,1290.820598,4.320028311,0.061520983,1314.473456,4.737534713,-0.065054127,12.8,10.852857999999923,-0.4175064019999999
675.4000000000001,1291.253033,4.327883519,0.069047045,1314.94662,4.731376067,-0.055856764,12.8,10.893586999999979,-0.403492548
675.5,1291.686286,4.335229758,0.071778226,1315.419218,4.72622592,-0.046144001,12.8,10.93293199999989,-0.3909961620000004
675.6,1292.120312,4.342713959,0.070569487,1315.891353,4.722101453,-0.036087638,12.8,10.971040999999968,-0.3793874939999995
675.7,1292.555062,4.349732066,0.066843857,1316.363126,4.719002666,-0.025859476,12.8,11.008064000000058,-0.3692706000000001
675.8000000000001,1292.990491,4.356284081,0.063189687,1316.83464,4.716929558,-0.01560268,12.8,11.044149000000015,-0.36064547700000027
675.9000000000001,1293.426552,4.362370004,0.05852876,1317.305999,4.71588213,-0.005345884,12.8,11.079447000000027,-0.35351212600000004
676.0,1293.863198,4.367989833,0.053867834,1317.777304,4.715860381,0.004910912,12.8,11.114105999999946,-0.3478705479999995
676.1,1294.300383,4.37314357,0.049206907,1318.248658,4.716864312,0.015167708,12.8,11.148274999999966,-0.34372074200000036
676.2,1294.73806,4.377831215,0.04454598,1318.720164,4.718893923,0.025424504,12.8,11.182104000000162,-0.3410627080000008
676.3000000000001,1295.176182,4.382052767,0.039885054,1319.191924,4.721949213,0.035681299,12.8,11.215742000000045,-0.339896446
676.4000000000001,1295.614704,4.385808226,0.035224127,1319.664041,4.726030183,0.045930944,12.8,11.249336999999922,-0.3402219569999998
676.5,1296.053577,4.389097592,0.030597155,1320.136617,4.731136832,0.056137679,12.8,11.283039999999982,-0.3420392400000001
676.6,1296.492756,4.391920866,0.02617391,1320.609755,4.737269161,0.066258595,12.8,11.31699899999985,-0.34534829499999997
676.7,1296.932194,4.394278047,0.022158118,1321.083558,4.744422879,0.076250783,12.8,11.351364000000057,-0.3501448319999998
676.8000000000001,1297.371845,4.396189508,0.018753507,1321.558128,4.75257653,0.086071334,12.8,11.386283000000002,-0.35638702199999983
676.9000000000001,1297.811661,4.397757113,0.016163804,1322.033568,4.76170437,0.095677337,12.8,11.4219070000001,-0.3639472570000004
677.0,1298.251597,4.399103097,0.014592735,1322.509979,4.771780653,0.105033036,12.8,11.458381999999983,-0.3726775560000002
677.1,1298.691605,4.400349697,0.014210072,1322.987462,4.782779632,0.114131279,12.8,11.495857000000068,-0.38242993499999933
677.2,1299.131655,4.401619148,0.015049771,1323.466102,4.794675563,0.122979217,12.8,11.534447000000181,-0.3930564150000002
677.3000000000001,1299.571783,4.403033688,0.017077877,1323.945981,4.8074427,0.131612609,12.8,11.574197999999978,-0.40440901200000035
677.4000000000001,1300.012039,4.404715551,0.020124617,1324.42718,4.821055298,0.140074362,12.8,11.615140999999948,-0.4163397470000003
677.5,1300.452474,4.406786975,0.023986264,1324.909782,4.8354919,0.148407388,12.8,11.657308000000011,-0.4287049249999999
677.6,1300.89314,4.409349823,0.028459092,1325.393869,4.850748218,0.156654595,12.8,11.700729000000091,-0.44139839499999933
677.7,1301.334088,4.412424467,0.033339374,1325.879522,4.86682425,0.164858892,12.8,11.745433999999886,-0.4543997829999995
677.8000000000001,1301.775369,4.416010907,0.038423382,1326.366824,4.883719996,0.173056038,12.8,11.791454999999996,-0.4677090889999995
677.9000000000001,1302.217034,4.420109143,0.043541345,1326.855856,4.901435457,0.181253184,12.8,11.83882199999989,-0.4813263139999995
678.0,1302.659135,4.424719176,0.048659309,1327.346701,4.919970633,0.18945033,12.8,11.887565999999833,-0.4952514570000002
678.1,1303.101722,4.429841005,0.053777272,1327.83944,4.939325523,0.197647476,12.8,11.937717999999858,-0.5094845179999998
678.2,1303.544847,4.43547463,0.058895235,1328.334156,4.959500128,0.205844621,12.8,11.989309000000002,-0.5240254980000003
678.3000000000001,1303.988561,4.441620052,0.064013198,1328.83093,4.980494447,0.214041767,12.8,12.042369000000189,-0.5388743949999997
678.4000000000001,1304.432916,4.44827727,0.069131161,1329.329845,5.002308481,0.222238913,12.8,12.096929,-0.5540312109999999
678.5,1304.877961,4.455446284,0.074249124,1329.830982,5.02494223,0.230342657,12.8,12.153021000000034,-0.569495946
678.6,1305.323749,4.463127094,0.07934838,1330.334424,5.048395693,0.237885988,12.8,12.210674999999991,-0.585268599
678.7,1305.770331,4.471319701,0.084335396,1330.840251,5.072668871,0.243911165,12.8,12.269920000000138,-0.6013491700000007
678.8000000000001,1306.217757,4.480024104,0.08909793,1331.348548,5.097705722,0.249049762,12.8,12.330791000000044,-0.6176816179999998
678.9000000000001,1306.666079,4.48922908,0.093523743,1331.859394,5.12322604,0.25154938,12.8,12.393314999999983,-0.6339969599999993
679.0,1307.115349,4.498878507,0.097500593,1332.372873,5.14865518,0.251246935,12.8,12.457524000000102,-0.6497766730000007
679.1,1307.565617,4.508905042,0.100916239,1332.889065,5.174372087,0.247675416,12.8,12.523448000000098,-0.6654670449999998
679.2,1308.016935,4.51924134,0.103748305,1333.40801,5.199325321,0.240741421,12.8,12.591075,-0.6800839810000001
679.3000000000001,1308.469344,4.529820057,0.105806113,1333.929563,5.223417032,0.230935683,12.8,12.660218999999824,-0.6935969750000002
679.4000000000001,1308.922852,4.540573848,0.107197344,1334.453538,5.246310972,0.217533222,12.8,12.730686000000059,-0.7057371239999997
679.5,1309.377455,4.551478063,0.10806887,1334.979749,5.267670893,0.202286441,12.8,12.802294000000028,-0.7161928299999998
679.6,1309.83315,4.562362175,0.108491434,1335.508008,5.28721659,0.185358422,12.8,12.874858000000085,-0.7248544150000003
679.7,1310.289935,4.573223448,0.108577275,1336.038128,5.304892021,0.167309577,12.8,12.9481929999999,-0.7316685729999994
679.8000000000001,1310.747808,4.584082662,0.10836748,1336.569921,5.320697186,0.14870032,12.8,13.022112999999944,-0.7366145240000002
679.9000000000001,1311.206766,4.594914917,0.108146258,1337.103202,5.334632085,0.129997661,12.8,13.096435999999994,-0.7397171680000003
680.0,1311.666805,4.605720213,0.107918168,1337.637783,5.346696718,0.111295001,12.8,13.170977999999831,-0.7409765049999999
680.1,1312.127923,4.61649855,0.107648581,1338.173477,5.356891085,0.092592342,12.8,13.245554000000038,-0.7403925349999998
680.2,1312.590118,4.627249929,0.107378994,1338.710096,5.365215186,0.073889683,12.8,13.319977999999946,-0.7379652569999999
680.3000000000001,1313.053386,4.637974349,0.107109406,1339.247455,5.371669022,0.055187024,12.8,13.394068999999899,-0.7336946729999996
680.4000000000001,1313.517726,4.64867181,0.106839819,1339.785365,5.376252591,0.036484365,12.8,13.467638999999917,-0.7275807810000003
680.5,1313.983134,4.659342313,0.106570232,1340.32364,5.378965895,0.017669392,12.8,13.540506000000004,-0.7196235820000005
680.6,1314.449608,4.669985857,0.106289974,1340.862093,5.379808932,-0.001819463,12.8,13.61248500000006,-0.7098230750000001
680.7,1314.917145,4.680602442,0.105945694,1341.400537,5.378781704,-0.022656083,12.8,13.683392000000094,-0.698179262
680.8000000000001,1315.385742,4.691192068,0.105473368,1341.938785,5.375816821,-0.045514348,12.8,13.753043000000115,-0.6846247529999996
680.9000000000001,1315.855397,4.701748334,0.104808974,1342.476649,5.370577344,-0.071068142,12.8,13.821251999999912,-0.6688290099999996
681.0,1316.326107,4.712239227,0.103888488,1343.013943,5.362658942,-0.099991346,12.8,13.887835999999833,-0.650419715
681.1,1316.797868,4.722626334,0.102647889,1343.55048,5.351657286,-0.132845529,12.8,13.952611999999998,-0.6290309519999999
681.2,1317.27068,4.732871241,0.101033824,1344.086019,5.337168047,-0.169743004,12.8,14.015338999999994,-0.6042968059999998
681.3000000000001,1317.744533,4.742935535,0.099035622,1344.620102,5.318786896,-0.210571459,12.8,14.07556900000004,-0.5758513609999998
681.4000000000001,1318.2194,4.752780802,0.096663953,1345.152221,5.296109504,-0.254769323,12.8,14.132821000000103,-0.5433287020000002
681.5,1318.695246,4.762368628,0.093972171,1345.681863,5.268731541,-0.301662717,12.8,14.186617000000023,-0.5063629130000002
681.6,1319.172039,4.7716606,0.091024298,1346.208519,5.236316066,-0.350577756,12.8,14.236479999999982,-0.46465546599999996
681.7,1319.649745,4.780624706,0.087884356,1346.731679,5.198795692,-0.400840559,12.8,14.281934000000046,-0.4181709859999998
681.8000000000001,1320.128331,4.789254544,0.084616369,1347.250831,5.156170417,-0.451777245,12.8,14.322500000000172,-0.36691587299999995
681.9000000000001,1320.607763,4.797550114,0.081284359,1347.765465,5.108440243,-0.502826244,12.8,14.357701999999971,-0.31089012900000057
682.0,1321.088008,4.805511416,0.077941678,1348.275071,5.055605168,-0.553875244,12.8,14.38706300000008,-0.2500937519999997
682.1,1321.569033,4.813138449,0.074598998,1348.779139,4.997665194,-0.604924243,12.8,14.410105999999995,-0.18452674499999944
682.2,1322.050803,4.820431215,0.071256318,1349.277157,4.93462032,-0.655973242,12.8,14.4263539999999,-0.11418910499999946
682.3000000000001,1322.533286,4.827389713,0.067913637,1349.768615,4.866470546,-0.707022242,12.8,14.435328999999864,-0.03908083300000076
682.4000000000001,1323.016448,4.834013943,0.064570957,1350.253004,4.793215871,-0.758071241,12.8,14.436555999999836,0.040798072000000296
682.5,1323.500256,4.840303904,0.061228276,1350.729811,4.714856297,-0.80880381,12.8,14.42955499999989,0.1254476069999999
682.6,1323.984676,4.846259598,0.057804768,1351.198527,4.631391823,-0.857637794,12.8,14.413850999999976,0.2148677749999992
682.7,1324.469675,4.851881023,0.053896295,1351.658642,4.542822449,-0.902674609,12.8,14.388967000000047,0.3090585739999998
682.8000000000001,1324.95522,4.857168181,0.049017891,1352.109644,4.449338034,-0.942015672,12.8,14.354423999999835,0.4078301469999994
682.9000000000001,1325.441276,4.862072574,0.042684591,1352.551024,4.351887869,-0.973762397,12.8,14.30974800000008,0.5101847050000003
683.0,1325.927811,4.86635172,0.034411429,1352.98227,4.251611106,-0.9960162,12.8,14.254458999999951,0.6147406139999996
683.1,1326.414791,4.869714639,0.02371344,1353.402873,4.149646894,-1.007194928,12.8,14.188082000000076,0.7200677449999997
683.2,1326.902183,4.871870352,0.010186487,1353.812474,4.047134385,-1.006982149,12.8,14.110291000000142,0.8247359670000005
683.3000000000001,1327.389914,4.872527881,-0.006250259,1354.211321,3.94521273,-0.995694295,12.8,14.021406999999908,0.9273151509999997
683.4000000000001,1327.877758,4.871396245,-0.025515969,1354.599816,3.845021078,-0.97491352,12.8,13.922057999999833,1.0263751669999999
683.5,1328.365447,4.868184466,-0.047206506,1354.978359,3.74769858,-0.946538406,12.8,13.81291200000005,1.120485886
683.6,1328.852716,4.862601564,-0.070836905,1355.347352,3.654194529,-0.91246754,12.8,13.6946359999999,1.208407035
683.7,1329.339298,4.854405057,-0.095922199,1355.707194,3.564698783,-0.874599505,12.8,13.567895999999973,1.2897062740000003
683.8000000000001,1329.824928,4.843546449,-0.121977425,1356.058287,3.479211342,-0.834832886,12.8,13.433359000000063,1.3643351069999996
683.9000000000001,1330.309339,4.830025738,-0.148517616,1356.401032,3.397732205,-0.794749836,12.8,13.291693000000077,1.4322935329999997
684.0,1330.792264,4.813842925,-0.175138634,1356.73583,3.320261374,-0.754666786,12.8,13.143566000000146,1.4935815510000001
684.1,1331.273438,4.794998011,-0.201759653,1357.06308,3.246798848,-0.714583736,12.8,12.989641999999957,1.5481991629999996
684.2,1331.752595,4.773490995,-0.228380671,1357.383185,3.177344627,-0.674500686,12.8,12.830589999999983,1.5961463680000003
684.3000000000001,1332.229467,4.749321877,-0.25500169,1357.696545,3.111898711,-0.634417636,12.8,12.6670779999999,1.637423166
684.4000000000001,1332.70379,4.722490657,-0.281622708,1358.003561,3.0504611,-0.594334586,12.8,12.499770999999964,1.6720295569999997
684.5,1333.175297,4.692997335,-0.308243727,1358.304633,2.993031794,-0.554251536,12.8,12.329335999999966,1.699965541
684.6,1333.643721,4.660841912,-0.334889535,1358.600163,2.939610793,-0.514199428,12.8,12.156442000000151,1.7212311190000005
684.7,1334.108796,4.626024386,-0.361684087,1358.890551,2.890198097,-0.474332968,12.8,11.981754999999975,1.7358262890000002
684.8000000000001,1334.570257,4.588544759,-0.388776124,1359.176198,2.844793705,-0.434837807,12.8,11.805941000000029,1.7437510540000005
684.9000000000001,1335.027836,4.548388156,-0.416314389,1359.457506,2.803379054,-0.395899594,12.8,11.629669999999987,1.7450091019999996
685.0,1335.481268,4.505480205,-0.444447625,1359.734874,2.765861319,-0.357703977,12.8,11.45360599999999,1.7396188859999997
685.1,1335.930287,4.459731661,-0.473324575,1360.008704,2.732129109,-0.320436605,12.8,11.278417000000172,1.727602552
685.2,1336.374626,4.411053278,-0.50306919,1360.279396,2.702071036,-0.284252187,12.8,11.10476999999987,1.7089822419999998
685.3000000000001,1336.814007,4.359355811,-0.533706262,1360.547336,2.675575711,-0.249181664,12.8,10.933329000000139,1.6837801000000003
685.4000000000001,1337.248105,4.304550014,-0.565210999,1360.812852,2.652531742,-0.215194095,12.8,10.764747000000124,1.6520182720000003
685.5,1337.676581,4.246546641,-0.59745945,1361.076254,2.632827742,-0.182134771,12.8,10.59967300000012,1.6137188990000002
685.6,1338.099099,4.185256448,-0.630302872,1361.337855,2.61635232,-0.149818043,12.8,10.438755999999966,1.5689041279999998
685.7,1338.515321,4.120605061,-0.663592522,1361.597966,2.603012653,-0.118058263,12.8,10.282644999999956,1.517592408
685.8000000000001,1338.924908,4.052577608,-0.697179657,1361.856899,2.592790174,-0.086669781,12.8,10.131991000000152,1.4597874339999999
685.9000000000001,1339.327524,3.981174088,-0.730915535,1362.114966,2.585684885,-0.055466949,12.8,9.987442000000055,1.395489203
686.0,1339.722831,3.906394501,-0.764676204,1362.372478,2.581696784,-0.024295058,12.8,9.849646999999958,1.3246977169999998
686.1,1340.110491,3.828238847,-0.798436872,1362.629747,2.580825873,0.006876833,12.8,9.71925600000004,1.247412974
686.2,1340.490167,3.746707126,-0.832197541,1362.887084,2.583072151,0.038048724,12.8,9.59691700000003,1.163634975
686.3000000000001,1340.861521,3.661799339,-0.865958209,1363.144802,2.588435618,0.069220615,12.8,9.483280999999987,1.0733637209999998
686.4000000000001,1341.224215,3.573515485,-0.899718878,1363.403213,2.596916274,0.100392506,12.8,9.378998000000092,0.9765992110000004
686.5,1341.577912,3.481855563,-0.933479546,1363.662627,2.608514119,0.131564397,12.8,9.28471499999996,0.8733414439999998
686.6,1341.922274,3.386819575,-0.96698942,1363.923357,2.623229153,0.162631726,12.8,9.20108299999988,0.763590422
686.7,1342.256964,3.288407521,-0.998994522,1364.185714,2.641061377,0.193071683,12.8,9.128750000000036,0.6473461439999997
686.8000000000001,1342.581643,3.186619399,-1.027990081,1364.450011,2.662010789,0.222256895,12.8,9.068367999999918,0.52460861
686.9000000000001,1342.895976,3.081605687,-1.052471327,1364.716558,2.686014654,0.24955999,12.8,9.020582000000058,0.3955910330000001
687.0,1343.199623,2.974118772,-1.070933488,1364.985668,2.712759284,0.274353595,12.8,8.986045000000058,0.2613594880000001
687.1,1343.492247,2.865061515,-1.081871793,1365.257651,2.741868256,0.296010339,12.8,8.965403999999989,0.12319325899999978
687.2,1343.77351,2.755336779,-1.084032266,1365.532821,2.772965147,0.31400741,12.8,8.959311000000024,-0.017628368000000005
687.3000000000001,1344.043196,2.645847428,-1.077164112,1365.811439,2.805673534,0.328240248,12.8,8.968242999999983,-0.1598261059999997
687.4000000000001,1344.301569,2.537496323,-1.061518126,1366.093564,2.839616993,0.338813413,12.8,8.991995000000042,-0.30212066999999987
687.5,1344.549013,2.431186327,-1.038348283,1366.379209,2.8744191,0.346249717,12.8,9.030195999999886,-0.4432327730000001
687.6,1344.785913,2.327820305,-1.009159356,1366.668383,2.909703432,0.351176531,12.8,9.082470000000011,-0.5818831270000002
687.7,1345.012654,2.228150639,-0.975456115,1366.961097,2.945156304,0.354221229,12.8,9.148442999999997,-0.7170056650000003
687.8000000000001,1345.22962,2.132327809,-0.938743331,1367.257361,2.980714977,0.356011181,12.8,9.227740999999877,-0.8483871679999999
687.9000000000001,1345.437196,2.040351814,-0.900525776,1367.557187,3.016379453,0.357173761,12.8,9.319991000000027,-0.9760276389999998
688.0,1345.635767,1.952222654,-0.862057426,1367.860584,3.05214973,0.358231779,12.8,9.42481700000003,-1.099927076
688.1,1345.825717,1.867940329,-0.823589076,1368.167564,3.088025809,0.359289797,12.8,9.541847000000143,-1.2200854799999998
688.2,1346.007431,1.787504839,-0.785120727,1368.478136,3.124007689,0.360347816,12.8,9.670704999999952,-1.33650285
688.3000000000001,1346.181294,1.710916184,-0.746652377,1368.792312,3.160095372,0.361405834,12.8,9.811018000000058,-1.4491791879999998
688.4000000000001,1346.347691,1.638174363,-0.708184027,1369.110103,3.196288856,0.362463852,12.8,9.96241200000004,-1.5581144929999997
688.5,1346.507006,1.569279378,-0.669715677,1369.431517,3.232588142,0.36352187,12.8,10.124510999999938,-1.663308764
688.6,1346.659623,1.504231228,-0.631060661,1369.756567,3.26899323,0.364634451,12.8,10.296943999999893,-1.7647620019999999
688.7,1346.805929,1.443029913,-0.591285653,1370.085263,3.30550412,0.366074411,12.8,10.479333999999835,-1.8624742070000002
688.8000000000001,1346.946306,1.385675433,-0.54927066,1370.417615,3.342120811,0.368169128,12.8,10.671309000000019,-1.956445378
688.9000000000001,1347.08114,1.332279787,-0.503895688,1370.753634,3.378876042,0.371245981,12.8,10.872493999999914,-2.046596255
689.0,1347.210816,1.283402971,-0.454040746,1371.093331,3.415933503,0.375632348,12.8,11.082515000000011,-2.1325305320000005
689.1,1347.335718,1.239716982,-0.398585841,1371.436716,3.453489619,0.381655608,12.8,11.30099799999989,-2.213772637
689.2,1347.456231,1.201893815,-0.336597644,1371.783799,3.491740818,0.389588577,12.8,11.527568000000155,-2.2898470029999998
689.3000000000001,1347.57283,1.170605465,-0.267889492,1372.134618,3.530883528,0.399485817,12.8,11.761787999999978,-2.360278063
689.4000000000001,1347.686346,1.146523928,-0.192648049,1372.489314,3.571114176,0.411292765,12.8,12.002967999999964,-2.4245902480000003
689.5,1347.797702,1.1303212,-0.111806642,1372.848055,3.612629188,0.424736607,12.8,12.250352999999858,-2.482307988
689.6,1347.907821,1.122669276,-0.026485265,1373.211008,3.655624992,0.439489963,12.8,12.50318699999998,-2.532955716
689.7,1348.017625,1.124128153,0.06219609,1373.578341,3.700265278,0.455225454,12.8,12.760715999999956,-2.576137125
689.8000000000001,1348.128035,1.13480983,0.153117431,1373.950222,3.746582782,0.471615703,12.8,13.022186999999985,-2.611772952
689.9000000000001,1348.239975,1.154714306,0.245158764,1374.326819,3.794577506,0.488333331,12.8,13.286843999999927,-2.6398631999999997
690.0,1348.354367,1.183841582,0.337386763,1374.708299,3.844249449,0.505105521,12.8,13.553931999999985,-2.660407867
690.1,1348.472132,1.222191659,0.429614762,1375.09483,3.89559861,0.521877712,12.8,13.8226979999999,-2.673406951
690.2,1348.594194,1.269764535,0.521842761,1375.48658,3.948624991,0.538649903,12.8,14.092385999999987,-2.678860456
690.3000000000001,1348.721474,1.326560211,0.61407076,1375.883717,4.003328591,0.555422093,12.8,14.362242999999989,-2.6767683799999995
690.4000000000001,1348.854894,1.392578687,0.706298758,1376.286407,4.05970941,0.572194284,12.8,14.631512999999995,-2.6671307229999996
690.5,1348.995378,1.467819963,0.798526757,1376.69482,4.117767447,0.588966474,12.8,14.899441999999862,-2.649947484
690.6,1349.143847,1.552284038,0.890754756,1377.109122,4.177502704,0.605649047,12.8,15.165275000000019,-2.6252186660000003
690.7,1349.301223,1.645970914,0.982795172,1377.529482,4.23891518,0.621793911,12.8,15.42825899999998,-2.592944266
690.8000000000001,1349.46843,1.748880589,1.073710093,1377.956067,4.302004875,0.636863358,12.8,15.687637000000176,-2.5531242859999996
690.9000000000001,1349.646388,1.861013064,1.162374023,1378.389044,4.366718019,0.65031968,12.8,15.942656000000124,-2.5057049550000006
691.0,1349.836021,1.98225579,1.247661466,1378.828582,4.432785756,0.661918759,12.8,16.192561000000023,-2.4505299660000004
691.1,1350.03825,2.112046018,1.328446927,1379.274849,4.499885462,0.670242114,12.8,16.43659899999984,-2.387839444
691.2,1350.253999,2.249708452,1.40360491,1379.728011,4.567694512,0.675722427,12.8,16.6740119999999,-2.31798606
691.3000000000001,1350.484188,2.394567793,1.472197503,1380.188194,4.636066436,0.67797649,12.8,16.904006000000162,-2.241498643
691.4000000000001,1350.729652,2.545948745,1.534037123,1380.655351,4.704150144,0.67709392,12.8,17.12569900000012,-2.1582013989999997
691.5,1350.99086,2.703176011,1.589311352,1381.12939,4.772151475,0.673522808,12.8,17.338529999999945,-2.068975464
691.6,1351.268197,2.865574292,1.638958104,1381.610222,4.83957165,0.667507271,12.8,17.54202499999992,-1.973997358
691.7,1351.562042,3.032468292,1.684102874,1382.097757,4.906141814,0.660465791,12.8,17.73571499999998,-1.8736735219999998
691.8000000000001,1351.87278,3.203295263,1.725871157,1382.591903,4.971808197,0.652055303,12.8,17.91912300000008,-1.7685129339999999
691.9000000000001,1352.200791,3.377942656,1.765388449,1383.09257,5.036570799,0.643107107,12.8,18.09177900000004,-1.6586281429999996
692.0,1352.546458,3.55641047,1.803780246,1383.599669,5.100429619,0.634069292,12.8,18.25321099999992,-1.544019149
692.1,1352.910163,3.738698705,1.84198446,1384.113108,5.163384657,0.625031478,12.8,18.402945,-1.424685952
692.2,1353.292288,3.924807361,1.880188673,1384.632797,5.225435914,0.615993663,12.8,18.540508999999883,-1.3006285530000001
692.3000000000001,1353.693214,4.114736439,1.918392887,1385.158647,5.28658339,0.606955849,12.8,18.665433000000075,-1.171846951
692.4000000000001,1354.113325,4.308485939,1.956597101,1385.690566,5.346827084,0.597918034,12.8,18.777240999999957,-1.0383411450000004
692.5,1354.553001,4.50605586,1.994801315,1386.228464,5.406166997,0.58888022,12.8,18.875463000000035,-0.9001111369999997
692.6,1355.012626,4.707446202,2.033005529,1386.772251,5.464603128,0.579842405,12.8,18.95962500000014,-0.7571569260000004
692.7,1355.49258,4.912656966,2.070650348,1387.321837,5.522135478,0.570759981,12.8,19.02925699999987,-0.6094785119999999
692.8000000000001,1355.993247,5.121688151,2.10447766,1387.87713,5.578764046,0.5614099,12.8,19.083882999999968,-0.457075895
692.9000000000001,1356.515008,5.334539757,2.131699749,1388.438041,5.634488833,0.551524503,12.8,19.12303300000003,-0.29994907599999987
693.0,1357.058245,5.550876148,2.150021068,1389.00448,5.689283073,0.540836133,12.8,19.146235000000114,-0.13840692499999996
693.1,1357.62334,5.768742456,2.154102152,1389.576355,5.743012936,0.529077133,12.8,19.153014999999822,0.025729519999999617
693.2,1358.210675,5.986466051,2.141401369,1390.153577,5.79551783,0.515979846,12.8,19.142902000000003,0.1909482210000002
693.3000000000001,1358.820633,6.202669607,2.10912174,1390.736055,5.846637158,0.501321222,12.8,19.115422000000034,0.35603244899999975
693.4000000000001,1359.453327,6.414149442,2.057165003,1391.323678,5.896210326,0.485056653,12.8,19.070351000000027,0.517939116
693.5,1360.107796,6.619380578,1.985521898,1391.916247,5.94407674,0.467230748,12.8,19.008451000000104,0.6753038380000005
693.6,1360.782811,6.816349192,1.895928574,1392.513545,5.990075806,0.448066555,12.8,18.930733999999983,0.8262733859999996
693.7,1361.477143,7.003041458,1.793724499,1393.115351,6.034046928,0.427831732,12.8,18.83820799999985,0.9689945299999998
693.8000000000001,1362.189564,7.17777919,1.681451302,1393.721448,6.075856278,0.406793937,12.8,18.73188399999999,1.101922912
693.9000000000001,1362.918844,7.340226751,1.562465359,1394.331617,6.115477091,0.385220826,12.8,18.612773000000015,1.2247496600000005
694.0,1363.663755,7.490384141,1.440123043,1394.945638,6.152909365,0.363380057,12.8,18.48188299999988,1.3374747759999996
694.1,1364.423066,7.62825136,1.317221331,1395.563293,6.188153102,0.341494679,12.8,18.340226999999867,1.440098258
694.2,1365.19555,7.753828407,1.194319619,1396.184363,6.221208301,0.319609301,12.8,18.188813000000163,1.5326201060000004
694.3000000000001,1365.979977,7.867115284,1.071417907,1396.808629,6.252074963,0.297723923,12.8,18.028652000000147,1.6150403209999995
694.4000000000001,1366.775118,7.968111989,0.948516195,1397.435872,6.280753086,0.275838545,12.8,17.860753999999996,1.6873589029999998
694.5,1367.579745,8.056818523,0.825614483,1398.065874,6.307242672,0.253953167,12.8,17.68612899999989,1.7495758510000003
694.6,1368.392627,8.133234885,0.702712771,1398.698415,6.331543719,0.232067789,12.8,17.50578800000012,1.8016911660000003
694.7,1369.212537,8.197361077,0.579959009,1399.333277,6.353656229,0.210220631,12.8,17.32073999999984,1.8437048479999998
694.8000000000001,1370.038244,8.249197097,0.458092946,1399.97024,6.373580201,0.188602792,12.8,17.131996000000026,1.8756168959999995
694.9000000000001,1370.868521,8.288742946,0.338002281,1400.609087,6.391315636,0.167443592,12.8,16.940565999999944,1.8974273099999994
695.0,1371.702138,8.316087394,0.220574714,1401.249598,6.406885464,0.146972351,12.8,16.74746,1.90920193
695.1,1372.537866,8.33167429,0.106697943,1401.891554,6.420404347,0.127418388,12.8,16.553688000000147,1.9112699430000006
695.2,1373.374476,8.336036254,-0.002740332,1402.534736,6.432009875,0.109011023,12.8,16.360260000000107,1.9040263789999994
695.3000000000001,1374.210739,8.329705905,-0.107000362,1403.178926,6.44183964,0.091941354,12.8,16.168186999999943,1.8878662650000004
695.4000000000001,1375.045497,8.313215863,-0.205934196,1403.823923,6.450031234,0.076247602,12.8,15.978425999999853,1.863184629
695.5,1375.877876,8.287098747,-0.299689786,1404.4696,6.456722249,0.061891548,12.8,15.791723999999885,1.8303764979999997
695.6,1376.707073,8.251887177,-0.38900688,1405.115848,6.462050277,0.048682091,12.8,15.608774999999877,1.7898369
695.7,1377.532286,8.208113772,-0.474773178,1405.762559,6.466152908,0.036389912,12.8,15.430272999999897,1.741960864000001
695.8000000000001,1378.352711,8.156222382,-0.557876378,1406.409623,6.469144804,0.024785692,12.8,15.25691200000001,1.6870775779999994
695.9000000000001,1379.167545,8.096301777,-0.639204179,1407.056932,6.471048895,0.01364011,12.8,15.089386999999942,1.6252528820000007
696.0,1379.975986,8.028351956,-0.719644282,1407.704376,6.471865182,0.002723848,12.8,14.92838999999999,1.5564867739999997
696.1,1380.77723,7.95237292,-0.799936434,1408.351849,6.471593664,-0.008154194,12.8,14.774618999999984,1.480779256
696.2,1381.570475,7.868364669,-0.880228587,1408.999239,6.470234343,-0.019032236,12.8,14.628764,1.3981303259999995
696.3000000000001,1382.354917,7.776327203,-0.96052074,1409.646439,6.467787217,-0.029910278,12.8,14.491522000000213,1.3085399860000004
696.4000000000001,1383.129755,7.676260521,-1.040812892,1410.29334,6.464252287,-0.04078832,12.8,14.363585000000011,1.2120082339999998
696.5,1383.894184,7.568164625,-1.121105045,1410.939834,6.459629553,-0.051666362,12.8,14.245650000000023,1.1085350719999996
696.6,1384.647402,7.452039512,-1.201397198,1411.58581,6.453919015,-0.062544404,12.8,14.13840799999998,0.9981204969999995
696.7,1385.388607,7.327885185,-1.28099633,1412.231161,6.447120672,-0.07314654,12.8,14.042553999999836,0.8807645130000008
696.8000000000001,1386.116994,7.195701642,-1.356437345,1412.875778,6.439234526,-0.080674474,12.8,13.958784000000104,0.7564671160000005
696.9000000000001,1386.831762,7.055488884,-1.423562122,1413.519552,6.430260575,-0.087729073,12.8,13.88778999999995,0.6252283089999997
697.0,1387.532106,6.907662723,-1.478212543,1414.162374,6.420364363,-0.088398599,12.8,13.830267999999887,0.4872983599999996
697.1,1388.217226,6.754302218,-1.516230491,1414.804136,6.411224869,-0.082446386,12.8,13.786909999999988,0.34307734900000053
697.2,1388.886316,6.597902239,-1.533457845,1415.444728,6.401281571,-0.068216999,12.8,13.758411999999861,0.19662066799999955
697.3000000000001,1389.538575,6.440957659,-1.526429508,1416.084042,6.394081513,-0.044330907,12.8,13.745466999999916,0.046876146000000674
697.4000000000001,1390.173533,6.285963348,-1.494452459,1416.722102,6.389766694,-0.011930974,12.8,13.748569000000042,-0.1038033460000003
697.5,1390.792048,6.135414177,-1.438219719,1417.35946,6.389330376,0.032963198,12.8,13.767411999999876,-0.25391619899999984
697.6,1391.395316,5.991805018,-1.361196386,1417.996804,6.393765819,0.084715777,12.8,13.801488000000017,-0.4019608010000004
697.7,1391.984528,5.857630742,-1.267540579,1418.634817,6.404066285,0.143090096,12.8,13.850289000000156,-0.5464355430000003
697.8000000000001,1392.560877,5.734970408,-1.161410416,1419.274188,6.42105949,0.20643072,12.8,13.913311000000203,-0.6860890820000005
697.9000000000001,1393.125557,5.624239827,-1.046964015,1419.9156,6.444910979,0.273082213,12.8,13.990042999999968,-0.8206711520000001
698.0,1393.67976,5.525439001,-0.928359497,1420.559741,6.475620752,0.341389142,12.8,14.079981000000043,-0.9501817510000006
698.1,1394.22468,5.438567928,-0.809061958,1421.207295,6.513188808,0.409971976,12.8,14.182614999999895,-1.0746208799999994
698.2,1394.761509,5.363626609,-0.68976442,1421.858949,6.557615147,0.47855481,12.8,14.297440000000005,-1.1939885380000002
698.3000000000001,1395.29144,5.300615044,-0.570466881,1422.515389,6.60889977,0.547137645,12.8,14.423948999999947,-1.3082847260000001
698.4000000000001,1395.815667,5.249533233,-0.451169343,1423.1773,6.667042676,0.615720479,12.8,14.561632999999983,-1.4175094430000001
698.5,1396.335382,5.210381176,-0.331871804,1423.845368,6.732043865,0.684303313,12.8,14.709986000000026,-1.5216626889999993
698.6,1396.851778,5.183158872,-0.212574266,1424.52028,6.803903339,0.752886147,12.8,14.868501999999989,-1.6207444669999997
698.7,1397.366049,5.167866322,-0.09351075,1425.20272,6.882621095,0.821468982,12.8,15.036671000000023,-1.7147547730000001
698.8000000000001,1397.879387,5.164503527,0.024148631,1425.893375,6.968197135,0.88969881,12.8,15.213988000000153,-1.8036936079999997
698.9000000000001,1398.392985,5.173070485,0.138999743,1426.59293,7.060631458,0.955810605,12.8,15.39994500000007,-1.8875609729999994
699.0,1398.908036,5.193426783,0.249638449,1427.302072,7.159924065,1.017686333,12.8,15.594035999999914,-1.9664972820000006
699.1,1399.425733,5.224870354,0.354660616,1428.021486,7.265863152,1.073207959,12.8,15.795753000000058,-2.0409927979999996
699.2,1399.94727,5.266558718,0.452662109,1428.751858,7.377389702,1.12176411,12.8,16.004588000000194,-2.1108309840000006
699.3000000000001,1400.473839,5.317649392,0.542472815,1429.493874,7.493232895,1.156716775,12.8,16.220035000000006,-2.1755835030000004
699.4000000000001,1401.00652,5.377299896,0.623858711,1430.248219,7.612121911,1.180820901,12.8,16.441699000000153,-2.2348220149999998
699.5,1401.545945,5.44466775,0.697053821,1431.01541,7.733689924,1.192216826,12.8,16.6694649999999,-2.2890221740000003
699.6,1402.092634,5.518910472,0.763228256,1431.795287,7.85395413,1.191257554,12.8,16.902652999999827,-2.335043658
699.7,1402.647104,5.599185581,0.823786151,1432.587517,7.974355693,1.179708114,12.8,17.140413000000034,-2.3751701119999993
699.8000000000001,1403.209876,5.68479101,0.880131642,1433.39177,8.092719797,1.15817988,12.8,17.381894000000056,-2.4079287870000012
699.9000000000001,1403.781468,5.775586345,0.933668863,1434.207715,8.207987427,1.133310863,12.8,17.626247000000102,-2.432401082000001
700.0,1404.362398,5.871571587,0.985801949,1435.035021,8.319946779,1.10269912,12.8,17.87262299999993,-2.4483751920000003
700.1,1404.953187,5.972746735,1.037701012,1435.873358,8.428597852,1.069969343,12.8,18.12017099999998,-2.455851116999999
700.2,1405.554353,6.07911179,1.089600076,1436.722395,8.533940648,1.03688656,12.8,18.368042000000013,-2.454828858
700.3000000000001,1406.166414,6.19066675,1.14149914,1437.5818,8.635975165,1.003803778,12.8,18.615385999999898,-2.4453084149999995
700.4000000000001,1406.789891,6.307411618,1.193398203,1438.451244,8.734701403,0.970720995,12.8,18.86135300000019,-2.427289785000001
700.5,1407.425302,6.429346391,1.245297267,1439.330395,8.830119363,0.937638212,12.8,19.10509299999985,-2.4007729719999995
700.6,1408.073165,6.556471071,1.29719633,1440.218922,8.922229046,0.90455543,12.8,19.345757000000003,-2.365757975
700.7,1408.734001,6.688785657,1.348812254,1441.116495,9.011030449,0.871472647,12.8,19.58249399999995,-2.3222447919999993
700.8000000000001,1409.408328,6.82629015,1.398729339,1442.022782,9.096523575,0.838361197,12.8,19.814454000000023,-2.2702334250000007
700.9000000000001,1410.096664,6.968984549,1.445248745,1442.937454,9.178708422,0.805077744,12.8,20.04078999999997,-2.2097238729999997
701.0,1410.79953,7.11669897,1.486671633,1443.860178,9.257584991,0.771450286,12.8,20.2606479999999,-2.140886021
701.1,1411.517443,7.268583994,1.521427154,1444.790625,9.333136082,0.737306819,12.8,20.473182000000133,-2.0645520879999992
701.2,1412.250923,7.423620318,1.5474325,1445.728463,9.405275692,0.702475341,12.8,20.677539999999862,-1.9816553739999998
701.3000000000001,1413.000489,7.580788637,1.563655941,1446.673362,9.473900621,0.666783849,12.8,20.87287299999998,-1.893111984
701.4000000000001,1413.766525,7.739146442,1.569686346,1447.62499,9.538907667,0.630089007,12.8,21.058465000000023,-1.7997612250000001
701.5,1414.548868,7.897444049,1.565806855,1448.583004,9.600193627,0.592362148,12.8,21.23413599999999,-1.7027495779999997
701.6,1415.347224,8.054892534,1.553433168,1449.547003,9.657655301,0.553631939,12.8,21.399778999999807,-1.6027627669999998
701.7,1416.161295,8.210395802,1.534136136,1450.516574,9.711189486,0.514041716,12.8,21.55527899999988,-1.5007936839999996
701.8000000000001,1416.990785,8.363104431,1.509998564,1451.491304,9.760692981,0.473763482,12.8,21.70051899999994,-1.39758855
701.9000000000001,1417.835398,8.512848538,1.482335325,1452.47078,9.806079785,0.43296924,12.8,21.835382000000163,-1.2932312469999996
702.0,1418.694837,8.659628124,1.452973246,1453.454587,9.847332696,0.391830991,12.8,21.95974999999994,-1.1877045720000012
702.1,1419.568806,8.803443187,1.423328027,1454.442313,9.884451716,0.35052074,12.8,22.073507000000017,-1.081008529
702.2,1420.457008,8.944293729,1.393682809,1455.433544,9.917436844,0.309181822,12.8,22.176535999999896,-0.9731431149999992
702.3000000000001,1421.359147,9.082179749,1.36403759,1456.427867,9.946288081,0.267842903,12.8,22.26872000000021,-0.8641083320000007
702.4000000000001,1422.274926,9.217101247,1.334392372,1457.424869,9.971005425,0.226503985,12.8,22.349942999999893,-0.7539041779999991
702.5,1423.20405,9.349058223,1.304747153,1458.424135,9.991588878,0.185165067,12.8,22.420084999999926,-0.6425306549999998
702.6,1424.14622,9.478050678,1.275101935,1459.425254,10.00803844,0.143826148,12.8,22.47903399999991,-0.5299877619999993
702.7,1425.101142,9.60407861,1.245456716,1460.42781,10.02035411,0.10248723,12.8,22.526667999999926,-0.41627549999999935
702.8000000000001,1426.068518,9.727142021,1.215731811,1461.431391,10.02853588,0.061941945,12.8,22.562873000000035,-0.30139385899999915
702.9000000000001,1427.048053,9.84724091,1.185528786,1462.435584,10.03258377,0.030705029,12.8,22.58753100000008,-0.18534286000000044
703.0,1428.039449,9.964375277,1.154369521,1463.439975,10.03249776,-0.000101417,12.8,22.6005259999999,-0.06812248299999979
703.1,1429.04241,10.07849731,1.121775895,1464.444151,10.02875404,-0.012075891,12.8,22.6017409999999,0.049743269999998674
703.2,1430.05664,10.18936795,1.08726979,1465.447698,10.02646146,-0.005003157,12.8,22.59105799999993,0.16290648999999924
703.3000000000001,1431.081842,10.29670032,1.050373085,1466.450203,10.02029326,0.025878585,12.8,22.56836100000005,0.2764070599999986
703.4000000000001,1432.11772,10.40020756,1.010687346,1467.451252,10.02129035,0.084537504,12.8,22.533532000000104,0.3789172100000009
703.5,1433.16394,10.49960278,0.968132887,1468.450813,10.02958188,0.167220668,12.8,22.486873000000013,0.47002089999999974
703.6,1434.220013,10.59459913,0.922789395,1469.450378,10.04802491,0.286774142,12.8,22.43036499999989,0.5465742200000001
703.7,1435.285413,10.68490972,0.875055302,1470.451819,10.07947655,0.425590059,12.8,22.366405999999824,0.6054331699999995
703.8000000000001,1436.359615,10.77024768,0.82540873,1471.457007,10.12679386,0.583453182,12.8,22.2973919999999,0.6434538200000013
703.9000000000001,1437.442092,10.85037396,0.774327798,1472.467816,10.19235774,0.755601711,12.8,22.22572400000008,0.6580162200000004
704.0,1438.532319,10.92524074,0.722290625,1473.486118,10.27664439,0.937273844,12.8,22.153799000000117,0.64859635
704.1,1439.62977,10.99484802,0.669775333,1474.513784,10.37965378,1.123707779,12.8,22.08401399999998,0.6151942399999992
704.2,1440.733919,11.05919581,0.617180354,1475.552687,10.50138594,1.310935347,12.8,22.01876800000009,0.5578098699999998
704.3000000000001,1441.844239,11.11828409,0.564585374,1476.6047,10.64184085,1.498162915,12.8,21.960461000000077,0.47644324000000005
704.4000000000001,1442.960205,11.17211288,0.511990395,1477.671694,10.80101852,1.685390483,12.8,21.9114889999998,0.37109436000000073
704.5,1444.081291,11.22068217,0.459395416,1478.755542,10.97891895,1.872618051,12.8,21.87425100000014,0.24176321999999928
704.6,1445.206971,11.26399196,0.406800437,1479.858116,11.17554213,2.059845619,12.8,21.85114500000004,0.08844983000000006
704.7,1446.336719,11.30204226,0.354205458,1480.981289,11.39088807,2.247073188,12.8,21.844570000000157,-0.08884581000000047
704.8000000000001,1447.47001,11.33483306,0.302426451,1482.126932,11.62495677,2.434300756,12.8,21.856921999999894,-0.29012371000000137
704.9000000000001,1448.606316,11.36236435,0.259087145,1483.296919,11.87774823,2.620336432,12.8,21.890602999999782,-0.5153838799999999
705.0,1449.745112,11.38463616,0.218451763,1484.493121,12.14926244,2.799220756,12.8,21.94800899999991,-0.7646262799999999
705.1,1450.885873,11.40213804,0.196047745,1485.71741,12.4394994,2.963802377,12.8,22.031537000000025,-1.0373613600000002
705.2,1452.028072,11.41944425,0.193227054,1486.971659,12.74774399,3.106929942,12.8,22.14358699999998,-1.3282997400000003
705.3000000000001,1453.171183,11.43311332,0.214885521,1488.25774,13.07042053,3.2214521,12.8,22.286557000000084,-1.6373072099999995
705.4000000000001,1454.31468,11.4524617,0.265103006,1489.577526,13.4032382,3.300217498,12.8,22.46284600000008,-1.9507765
705.5,1455.45843,11.47830059,0.34115161,1490.932888,13.74190619,3.337266678,12.8,22.67445800000014,-2.2636056
705.6,1456.603864,11.51356747,0.452846972,1492.325128,14.0821337,3.331407747,12.8,22.92126400000002,-2.56856623
705.7,1457.752806,11.56119985,0.585477621,1493.753255,14.4196299,3.283832596,12.8,23.200449000000116,-2.858430050000001
705.8000000000001,1458.907082,11.62413522,0.737691598,1495.215711,14.750104,3.200500686,12.8,23.50862900000011,-3.125968780000001
705.9000000000001,1460.068513,11.7048215,0.904593069,1496.710935,15.06926518,3.088563369,12.8,23.842422000000123,-3.364443680000001
706.0,1461.238926,11.80374828,1.081286203,1498.237366,15.37353776,2.955171997,12.8,24.198440000000073,-3.569789479999999
706.1,1462.420143,11.92091555,1.262875169,1499.793444,15.6622066,2.807477921,12.8,24.573300999999855,-3.741291049999999
706.2,1463.613988,12.05632331,1.445280107,1501.377609,15.93527172,2.652632493,12.8,24.96362099999983,-3.8789484099999996
706.3000000000001,1464.822287,12.20997157,1.627685045,1502.988301,16.1927331,2.496595173,12.8,25.36601400000013,-3.982761530000001
706.4000000000001,1466.046863,12.38186032,1.810089983,1504.623958,16.43459075,2.340557853,12.8,25.77709499999987,-4.052730430000002
706.5,1467.289539,12.57198956,1.992494921,1506.283021,16.66084467,2.184520533,12.8,26.193481999999857,-4.088855109999999
706.6,1468.55214,12.7803593,2.174899859,1507.963929,16.87149486,2.028483213,12.8,26.611788999999998,-4.091135559999998
706.7,1469.83649,13.00696954,2.357304796,1509.665121,17.06654131,1.872445893,12.8,27.028631000000086,-4.059571770000002
706.8000000000001,1471.144414,13.25182026,2.538925889,1511.385039,17.24598404,1.716408573,12.8,27.44062499999991,-3.994163779999999
706.9000000000001,1472.477734,13.51491148,2.715843912,1513.12212,17.40982303,1.560378727,12.8,27.84438599999994,-3.894911549999998
707.0,1473.838276,13.7962432,2.883355796,1514.874805,17.55805829,1.404393722,12.8,28.236528999999972,-3.7618150900000025
707.1,1475.227863,14.0953451,3.03675847,1516.641534,17.69068982,1.248498402,12.8,28.61367100000002,-3.59534472
707.2,1476.648319,14.40986565,3.171348865,1518.420745,17.8077221,1.092737607,12.8,28.972425999999995,-3.397856449999999
707.3000000000001,1478.101468,14.73698301,3.28562597,1520.210879,17.90917755,0.937156181,12.8,29.30941099999991,-3.1721945399999996
707.4000000000001,1479.589135,15.07387534,3.366064384,1522.010375,17.99508308,0.781798964,12.8,29.621240000000125,-2.92120774
707.5,1481.112767,15.4177208,3.421486438,1523.817673,18.06546559,0.626703325,12.8,29.904905999999936,-2.647744789999999
707.6,1482.672306,15.76761878,3.449473918,1525.631216,18.120352,0.471876738,12.8,30.15891000000006,-2.352733220000001
707.7,1484.267321,16.11498373,3.453946049,1527.449462,18.15976919,0.31731173,12.8,30.382141,-2.04478546
707.8000000000001,1485.897376,16.46275751,3.439605901,1529.270872,18.18374409,0.162970931,12.8,30.57349600000016,-1.7209865800000017
707.9000000000001,1487.562039,16.80666736,3.407954486,1531.093906,18.19230359,0.0088095,12.8,30.731867000000147,-1.385636230000003
708.0,1489.260877,17.14624297,3.373301047,1532.917027,18.18547012,-0.145217405,12.8,30.856150000000024,-1.039227150000002
708.1,1490.993455,17.48148434,3.330742481,1534.738694,18.16324815,-0.299154626,12.8,30.945238999999855,-0.6817638099999996
708.2,1492.759341,17.81239147,3.287400069,1536.557371,18.1256377,-0.453047005,12.8,30.998030000000153,-0.3132462299999972
708.3000000000001,1494.5581,18.13896436,3.244057658,1538.371516,18.07263875,-0.606931911,12.8,31.01341599999996,0.06632560999999981
708.4000000000001,1496.389301,18.461203,3.200715246,1540.179593,18.00425131,-0.760816816,12.8,30.990292000000135,0.45695169000000035
708.5,1498.252508,18.77910741,3.157372835,1541.980061,17.92047539,-0.914701722,12.8,30.927552999999943,0.8586320200000017
708.6,1500.147289,19.09267757,3.114030423,1543.771382,17.82131097,-1.068586627,12.8,30.824092999999902,1.2713666000000003
708.7,1502.073211,19.40191349,3.070688012,1545.552017,17.70675806,-1.222471533,12.8,30.678806000000076,1.6951554299999998
708.8000000000001,1504.029839,19.70681517,3.026135559,1547.320428,17.57681666,-1.376356438,12.8,30.490588999999954,2.12999851
708.9000000000001,1506.016741,20.00738261,2.974322855,1549.075075,17.43148677,-1.529359647,12.8,30.25833400000006,2.575895840000001
709.0,1508.033483,20.30361581,2.90798965,1550.814419,17.2707684,-1.677072676,12.8,29.98093600000011,3.0328474099999987
709.1,1510.079631,20.59478874,2.819875695,1552.536923,17.09466152,-1.814205344,12.8,29.657291999999824,3.5001272199999995
709.2,1512.154753,20.87727128,2.702720737,1554.241046,16.90369518,-1.935467472,12.8,29.286293000000068,3.973576099999999
709.3000000000001,1514.258414,21.14670728,2.549264528,1555.92525,16.70051446,-2.03556888,12.8,28.866836000000102,4.44619282
709.4000000000001,1516.390182,21.39874059,2.353456858,1557.587997,16.48829346,-2.109219387,12.8,28.39781499999999,4.910447129999998
709.5,1518.549042,21.62901505,2.114087686,1559.227746,16.27020629,-2.152010511,12.8,27.878703999999924,5.358808759999999
709.6,1520.731656,21.83317453,1.832367052,1560.843384,16.04942707,-2.163060554,12.8,27.311728000000084,5.783747460000001
709.7,1522.934107,22.00686286,1.514345167,1562.435486,15.82912989,-2.143251213,12.8,26.701379000000042,6.177732969999997
709.8000000000001,1525.152475,22.14572389,1.16728228,1564.005054,15.61248888,-2.096990972,12.8,26.052578999999877,6.5332350099999985
709.9000000000001,1527.382843,22.24612751,0.798438642,1565.553088,15.40267812,-2.02957001,12.8,25.370244999999795,6.843449390000002
710.0,1529.621293,22.30734769,0.415074503,1567.080588,15.20234273,-1.946278508,12.8,24.65929500000011,7.1050049600000005
710.1,1531.863905,22.32938442,0.024450114,1568.588554,15.01201171,-1.852406646,12.8,23.924649,7.317372710000001
710.2,1534.106761,22.31223771,-0.367384317,1570.077988,14.83168506,-1.753244603,12.8,23.171227,7.480552650000002
710.3000000000001,1536.345944,22.25590756,-0.759218748,1571.549889,14.66136279,-1.653200864,12.8,22.403944999999975,7.594544770000001
710.4000000000001,1538.577534,22.16039396,-1.151053179,1573.005258,14.50104489,-1.553157126,12.8,21.627723999999898,7.659349070000001
710.5,1540.797614,22.02569692,-1.54288761,1574.445096,14.35073136,-1.453113387,12.8,20.847481999999854,7.674965560000002
